frame_index,5Mbps,10Mbps,15Mbps,20Mbps,25Mbps,30Mbps,35Mbps,40Mbps,45Mbps,50Mbps,55Mbps,60Mbps,65Mbps,70Mbps,75Mbps,80Mbps,85Mbps,90Mbps,95Mbps,100Mbps
0,11390,26891,39280,52127,67875,76941,90977,101204,111160,116916,137222,141308,150604,156810,169026,176607,187782,187782,196500,207185
1,297,391,464,525,511,530,554,570,586,584,600,602,651,649,678,694,693,693,533,534
2,3729,5060,7666,8473,9886,10913,11645,12960,14022,13889,14951,14880,16521,16666,18223,20041,19912,19912,8754,8886
3,419,504,593,604,638,617,653,665,678,693,687,691,700,710,742,754,733,733,603,604
4,40054,91229,106213,104729,103264,98174,94057,89955,86330,84070,78874,78055,81386,79498,82270,81123,78144,78144,59325,59366
5,470,616,497,511,485,540,512,526,518,537,552,520,552,508,565,573,556,556,526,511
6,5270,10024,7698,9046,9979,11035,11924,11880,13288,13347,13254,13051,14502,14426,15807,15829,15975,15975,11030,11163
7,572,681,681,709,782,750,877,808,879,806,891,834,894,836,898,882,885,885,800,799
8,90833,103186,93287,95739,98338,104094,107481,106823,106024,105673,102711,101665,106833,105767,109436,109378,107294,107294,90529,89674
9,481,602,552,609,630,687,748,685,729,731,684,711,770,683,710,714,775,839,653,670
10,7735,17882,14747,17639,19254,23070,24982,24528,27127,26722,27149,27214,29608,29608,32040,31986,32423,34851,25091,25221
11,483,833,764,790,770,926,899,841,1043,956,1019,1028,1117,1119,1137,1044,961,970,966,995
12,99901,88271,80929,85765,90498,93160,97348,98044,102795,102373,102921,102658,100717,101392,104423,105355,105236,110184,98372,98388
13,478,849,882,999,1026,1055,1188,1183,1237,1235,1237,1278,1311,1282,1319,1333,1338,1377,1287,1226
14,8430,27350,29348,36103,42171,43574,53178,52428,56671,55754,60346,60262,60039,60267,63001,63620,63213,65546,56061,57107
15,612,1108,1169,1276,1285,1336,1422,1415,1382,1410,1554,1639,1435,1636,1621,1640,1524,1585,1438,1443
16,60884,95232,101237,105325,109804,115420,121706,122018,135382,135531,143801,143329,142312,142854,151664,141987,140598,149086,136446,136135
17,573,807,943,1098,1143,1304,1251,1342,1382,1307,1293,1304,1372,1390,1439,1292,1403,1459,1301,1304
18,10695,27428,46572,59272,64355,66601,75632,75523,83539,83596,90588,91150,91263,91343,97365,91912,99985,105871,84215,84055
19,619,1030,1178,1810,2109,2241,2531,2653,3032,2855,3291,3462,3460,3399,3594,3500,3461,3566,2842,2885
20,62468,81982,103073,132724,142264,147924,177488,177152,189815,187340,206125,206694,206046,208117,205434,210105,211794,230236,191256,188828
21,648,901,1026,1219,1301,1610,1735,1686,1793,1837,1887,1876,1861,1905,1958,1872,1945,2070,1980,1907
22,11640,27107,44290,59820,74142,104733,121989,121752,130192,131190,143712,143761,144221,144088,160806,143373,162087,160922,146026,145926
23,896,1218,1617,1974,2301,2603,3004,3442,4039,4012,4265,4175,4004,4010,4902,4177,5094,4683,4170,4146
24,55408,105771,123665,151193,210075,252849,272634,311997,301160,308467,369847,366722,368348,365729,364006,367076,366388,361639,376708,371860
25,658,790,1136,1177,1301,1304,1463,1470,1531,1583,1594,1700,2247,1956,1964,2007,2216,2208,2083,2177
26,11338,21288,64535,62811,81893,102213,131490,129134,158950,157921,180187,206511,207951,209476,206334,210578,206305,206056,206247,208700
27,811,987,1401,1407,1582,1930,2030,2775,2697,3673,3699,3452,4939,4671,5145,5095,5007,5155,4836,5058
28,78815,106296,156195,159818,208305,217491,238937,294548,355581,352266,407604,398334,481488,478916,481534,480536,481690,480273,477024,479067
29,500,665,1090,1311,1994,2248,2433,2575,2855,3060,3248,3399,3321,3662,3645,4255,4392,5413,5310,5430
30,8370,18688,54475,60268,87128,111516,134062,149155,168585,195768,190029,194404,192017,224168,224787,276647,273359,282758,271055,272979
31,702,1128,1238,1946,2199,2869,2995,3337,3098,3559,4376,5481,5599,6927,6861,4642,8084,7989,8505,7986
32,71893,89549,109613,145766,178939,214258,234701,263361,316021,308510,362261,435515,435582,432551,437600,433528,586745,586469,575029,577276
33,390,441,768,907,1207,1373,1516,1585,1780,2070,2445,2273,2918,4653,4838,8779,3905,7326,7473,13690
34,7798,21722,39261,54718,79686,108602,131698,147652,168992,197401,194047,191674,229313,287628,288231,286779,285911,285622,285856,343783
35,636,972,1538,1863,2415,3041,3007,3525,3974,4125,4833,6450,4694,3785,4537,4481,7632,7898,7669,17075
36,51125,73237,93560,113765,140168,169405,185605,210445,257278,252579,300079,371293,372903,292401,369771,370542,501788,501372,498857,500986
37,551,850,1090,1332,1503,2005,2241,2195,2303,2887,2913,3785,3860,6047,5054,5018,7749,7887,7926,7836
38,6611,28741,50832,71140,99985,127700,157882,179328,206741,208187,245290,303509,303790,306199,304009,303859,367675,367661,368753,368575
39,587,1085,1174,1756,2319,2847,2963,3266,3251,3594,3801,4065,4159,4853,4758,4803,5656,5840,5588,5718
40,41742,81948,96899,119097,155289,168979,208815,241679,282590,287084,339794,332751,332065,432619,429206,427621,553814,420994,553628,419487
41,502,921,1040,1174,1417,1733,1816,2394,2584,2896,2999,3474,3515,4432,4983,9200,6771,7827,6780,8259
42,8566,30450,55019,99808,111583,145415,181182,200937,232476,232087,268766,329436,336002,334780,335052,407325,407537,409683,406457,409530
43,824,1104,1306,2822,2920,4362,4664,5572,5813,6742,6540,5790,5840,7374,7394,7391,7399,6914,7438,7264
44,47679,82845,95899,164060,170718,206777,229038,258262,302880,302403,344558,342099,354647,429919,431581,595456,454409,458629,452523,459161
45,554,796,933,1196,1248,1515,1446,1453,1757,2472,1976,2355,2567,2892,2863,4646,6698,6510,6778,6562
46,9561,30774,45163,92924,135544,140630,178106,201576,235190,275109,266348,330920,332480,323038,321112,372876,387903,390557,390660,396271
47,674,1032,1149,1558,1929,2420,2755,2688,2908,3512,3625,3724,3512,4338,4299,6350,6210,5979,6575,5818
48,42744,105056,118246,166252,219845,232364,260985,295716,353057,412184,403216,404420,400531,465235,462892,393692,421345,425664,425161,440216
49,554,680,908,1372,2000,2353,2855,2687,2881,3686,3503,4276,4627,5999,5944,11393,10835,10665,10733,10659
50,9655,25256,37651,76535,106029,155281,194409,191952,222317,261277,261503,317366,323507,308175,307224,378600,388558,389048,388355,388877
51,680,960,1104,1135,1618,2212,3061,2841,2887,3461,3469,3507,3389,4267,4145,6349,6027,6329,6912,6417
52,64667,105024,124930,130418,174249,248552,303808,295866,344455,405182,406562,397718,407687,456410,456489,429907,447606,448866,448559,448054
53,529,820,1048,1399,1747,1995,2216,3005,2911,3184,3132,4101,4205,5638,5534,11155,11212,11463,11294,11301
54,8906,19566,34329,59427,77724,117721,140940,227487,226214,264306,264614,323053,323612,320023,319158,394741,395124,395985,396210,395489
55,384,523,599,665,926,913,1038,1546,1510,2363,2411,2653,2772,4467,4274,7978,8422,11309,8398,7862
56,60294,82790,104287,122800,143526,174992,184362,327014,322785,381229,379533,462023,377499,453018,450813,605131,602345,426789,425967,424559
57,573,714,971,1124,1297,1397,1675,2077,2134,3083,2753,3755,4019,5188,5187,6810,7170,10635,10727,11783
58,8338,17179,39828,61860,75354,95446,131650,173796,173897,267376,271443,338494,329058,338051,338513,413511,413719,412305,412422,412950
59,577,833,1171,1307,1777,2391,2367,2432,2738,4077,4068,4597,4605,6173,6257,15196,14347,11516,11223,10949
60,58505,72436,107030,121401,137056,182175,196111,206619,233284,398924,402400,497654,391114,482716,497535,708324,705706,473460,474417,473872
61,592,728,955,1105,1203,1584,1700,1948,1969,2387,2526,2730,3119,3497,3458,4102,3832,5085,4958,4953
62,8100,14934,37085,56071,69363,84718,108116,140020,155153,194936,262507,265421,328272,325217,325958,402824,400939,399057,400235,401158
63,655,972,1358,1743,2011,2296,2714,2606,2747,2735,3502,3525,3927,5197,5341,9044,8722,9391,9039,9298
64,47716,62675,104669,114503,143252,175017,213354,229281,230109,220914,362828,366812,455499,449361,448721,676852,674960,456395,456490,458227
65,533,665,1065,1266,1352,1710,1625,1849,2061,2200,2059,2001,2499,2576,2582,2864,3795,5169,5117,5249
66,7875,13199,38404,57768,65560,89062,111345,133117,147585,165977,189352,189109,251877,305394,305243,309259,386536,382270,382317,382249
67,694,896,1145,1673,2531,3571,3687,4003,5139,4811,4857,6141,5585,5017,5209,6552,7658,8297,8199,7676
68,52756,81302,136356,151809,201073,233927,278853,305511,344218,343838,404333,403643,463861,464247,464170,610688,749867,557672,559204,559587
69,516,657,930,1039,1103,1274,1474,1827,2032,2444,2397,2508,3309,3831,3774,4628,6758,8206,7793,8019
70,7426,12603,29611,40452,51185,63202,74823,94964,110867,135564,150058,170262,261505,323591,318730,317261,382388,384691,384599,383871
71,723,972,1262,1378,1633,2075,2700,4154,4757,5871,6610,6934,4725,4651,4858,5691,6178,6913,6302,6761
72,39764,54793,81344,94875,108222,130688,152627,189580,206104,242481,292403,290109,346685,349460,348456,451446,595953,603773,440956,437412
73,548,782,1111,1418,1654,1878,1914,2092,2305,2414,2380,2486,2780,3319,3372,3968,5101,5150,6450,6948
74,6799,13223,36906,63302,77939,96467,121228,145038,156665,176813,198968,230790,272887,338440,332594,334233,408693,408320,406624,405364
75,766,865,1329,1331,1647,1903,1958,2150,2307,2358,2151,2299,2691,2549,2751,2713,5198,5489,5274,5371
76,38078,72500,117228,128007,154828,194750,206716,224548,242124,277546,277105,332512,386918,390321,391790,375606,603884,607941,436640,434096
77,557,673,943,1009,1108,1212,1296,1437,1714,1982,1777,1809,2179,2949,2912,2807,2488,4165,5584,5769
78,5762,10598,29089,40866,53636,63560,83864,109092,119509,149138,149108,168190,231944,286482,287438,287850,285277,345312,348553,346299
79,526,706,1287,1644,1998,2299,3466,3730,4141,4120,4967,5366,3837,4492,4486,4234,5411,9114,9187,9298
80,49507,69055,110571,121526,146756,183152,216236,275516,269682,322128,319964,368066,359159,359905,359520,344514,396440,573275,403840,402738
81,580,739,1000,1115,1265,1651,1702,1909,2095,2202,2100,2230,2292,3469,2948,2916,2709,3872,4849,5092
82,4966,9330,23649,40465,50147,63955,81544,97522,118415,132837,132987,148389,174171,251814,252929,251641,246916,308188,309651,309194
83,511,788,1414,1868,2180,2323,2782,3113,3695,4109,4293,4405,4954,3624,4330,4386,9634,6764,24521,24164
84,43228,59545,82128,110340,131635,168468,202037,233428,284219,324595,272439,317539,388256,310568,385524,346324,527513,509904,515971,499927
85,535,758,1138,1489,1753,1880,1958,1896,2139,2226,2461,2363,2506,4264,3619,3825,2897,4611,4867,9269
86,4949,9730,28865,52554,70691,89545,104597,113277,124469,138687,157800,157040,213235,264973,262575,261972,261288,321193,320543,433877
87,629,786,1283,1903,2043,2132,2253,2662,2645,3948,3060,3991,3743,3235,4083,3875,3762,6700,25963,9556
88,40056,51314,86189,113636,154937,184880,200570,231642,274957,326179,276890,328282,400520,326717,391019,369012,393137,509983,509957,532403
89,472,721,1074,1311,1530,1934,2288,2361,2536,2556,2911,2902,3045,5334,4958,4760,4668,6240,6242,10200
90,40985,67570,103219,132464,149347,175612,195973,206743,220299,220299,257273,257273,283450,362168,362168,362168,362168,422235,422235,422235
91,436,581,781,991,1131,1496,1585,1616,1760,1737,1954,2141,2689,3044,6422,6422,2715,12167,12167,57126
92,4699,9027,22258,48706,62743,69802,89108,94861,113727,113727,138692,156643,212659,251168,311415,311415,251168,420548,420548,420548
93,481,776,1168,1838,2496,2521,2921,3343,4397,4397,6587,7347,6970,8657,12742,12742,17779,8901,13779,13779
94,56233,67816,87405,123436,151363,175576,188501,205073,280138,280138,270386,329145,391050,387132,516787,485666,596072,496504,496504,496504
95,402,611,864,1036,1206,1248,1344,1356,1540,1578,1781,1708,1897,2382,2659,2608,1919,3792,8604,8604
96,5420,10282,23598,46787,63370,72316,93706,101951,106351,118123,149082,149986,176256,258830,253750,253243,204091,311046,413396,413396
97,568,728,1074,1703,2446,3058,2777,2859,4073,4461,7521,6791,8755,5101,7778,7903,10504,11253,15009,15009
98,36721,48121,73062,101848,136148,158675,181107,203124,237819,237819,287375,277497,345093,280211,341439,415202,369178,466687,466687,466687
99,405,614,782,1109,1704,1756,1910,2213,2313,2529,3022,3026,3460,4204,5773,5333,3988,6909,12787,12787
100,5997,13078,29621,55992,73458,85854,99499,108182,116852,145913,186729,188437,219837,268754,267727,267712,268512,325682,438237,438237
101,586,839,1324,1462,2558,3555,4068,5067,5908,5303,5116,6039,6644,5261,6686,6699,6312,8388,8703,8703
102,38065,95283,125140,160810,190635,242628,263578,300637,353540,353540,350337,411515,473512,408280,470662,457012,393359,537096,537096,537096
103,442,688,1045,1335,1519,1695,1961,2070,2137,2269,2426,2527,2630,2760,3826,3770,3799,5376,10851,10851
104,7428,14158,33295,48205,60839,70078,91490,105546,126580,138451,155249,172110,201792,201672,280456,282692,286867,350046,462256,462256
105,591,866,1205,1466,1699,1989,2827,3420,3819,4200,4567,5281,5510,7086,3994,5288,5082,5676,7307,7307
106,65649,81473,117058,130604,157592,177780,228761,252509,290418,343353,341429,333627,388077,396376,389992,420100,478368,553767,553767,553767
107,445,591,844,1025,1318,1407,1467,1582,1593,1684,1837,1842,1916,2114,2627,2745,2188,3688,9383,9383
108,8036,16280,33661,56035,65640,80005,97239,110846,118759,128911,156356,156254,174365,201076,283750,281770,230415,339679,459832,459832
109,574,750,1144,1218,1505,1981,2825,3210,3222,3452,4152,5303,5698,6103,5161,6981,7912,8586,10450,10450
110,63380,71253,99630,118156,144060,164882,207592,228188,258829,255643,306970,302199,356854,356430,357529,403191,455949,571843,571843,571843
111,326,407,427,526,555,555,647,695,661,713,799,837,848,1065,1307,1470,1090,2739,9056,9056
112,8774,16109,33740,62473,74933,86899,98371,112513,119131,141555,172008,191299,190564,250806,305434,306692,306122,377799,494503,494503
113,614,818,1220,1424,1709,2070,2323,2629,2711,2902,3355,3515,3536,3398,3473,4330,3439,6306,8460,8460
114,49635,66008,96920,109748,123235,157082,164486,198332,215251,248604,288290,289744,289348,336511,338414,400886,352524,560846,560846,560846
115,567,731,1020,1310,1497,1470,1571,1621,1652,1799,1959,2012,2042,2645,2811,2623,2899,4370,10626,10626
116,11528,20091,39229,64207,82092,93369,106914,119090,126991,150621,183029,204438,204399,265804,323911,318452,323663,388110,509360,509360
117,910,825,1055,1147,1244,1472,1610,2358,3031,3384,3284,3652,4771,4822,5460,5645,5707,14220,17493,17493
118,44942,61388,85760,97008,105763,125860,145648,187936,203987,238510,230154,276415,277213,324292,324709,370974,334644,518390,518390,518390
119,704,807,923,1339,1469,1542,1905,1998,2201,2358,2617,2735,2774,3446,4037,3296,3985,6809,13905,13905
120,10132,17320,32210,57753,75740,83717,100002,113662,132432,145136,177637,198359,198083,263364,321057,256361,316406,381654,505211,505211
121,618,823,1198,1251,1390,2178,2881,3381,3666,4178,4132,4345,5417,4989,4475,6667,4742,7494,7565,7565
122,46413,88186,114809,135073,155792,193274,223240,243128,303228,298782,296670,348371,346188,400648,391882,451269,345839,552252,552252,552252
123,475,710,945,1160,1452,1565,1881,1992,2027,2203,2448,2556,2567,2682,3446,3018,3478,3182,11095,11095
124,8245,13420,26039,45204,60222,69143,85107,98643,103986,137168,170493,171721,194586,226764,327610,260563,331720,328465,513040,513040
125,609,754,1008,1297,1483,1857,2122,2848,3054,3904,4692,4415,4648,4827,4112,4897,4182,4126,6616,6616
126,44447,83014,112557,139233,166375,182069,211643,249151,242509,303189,359335,359528,356123,415122,483227,455276,346087,373143,585300,585300
127,451,586,756,894,1230,1245,1423,1473,1490,1678,1715,1880,1945,2006,2160,2099,2681,2696,9136,9136
128,8871,14495,25562,47758,63873,73992,89999,103191,121133,145452,157318,175518,200364,236484,268864,272471,330020,336590,527171,527171
129,544,745,1102,1413,1599,2363,2819,3795,3805,4399,4694,5372,5391,4780,4793,5877,5129,5077,7583,7583
130,60476,69805,94020,118192,136030,162085,188189,224767,246127,283023,331371,327484,329750,331033,381673,375039,487850,357418,597705,597705
131,588,624,731,812,982,989,1437,1523,1562,1761,1826,1895,2078,2178,2194,2401,2172,2655,10077,10077
132,8154,13706,25579,52701,68333,83796,92876,107458,125516,149500,164211,184144,210065,242031,241277,282362,279834,344973,536519,536519
133,405,526,774,1036,1481,1711,2410,3351,4127,3898,4761,4780,4329,4826,5569,3989,5385,4175,4506,7396
134,59245,62831,87683,111241,128033,155128,179764,214573,236709,270368,313565,309106,315630,315478,367256,353179,391529,454735,436891,574146
135,442,648,729,909,1146,1244,1249,1325,1462,1539,1575,1664,1767,2119,2383,2268,2252,2348,3111,10302
136,8377,14126,28190,52997,72849,83278,91891,106897,122548,146001,159635,178985,205102,238666,271886,271946,271209,269909,338792,529433
137,583,860,1060,1314,1728,1933,2920,3334,3691,4202,4636,4699,5197,4164,4047,5870,5795,6019,5883,8334
138,62057,66998,93831,120154,137936,162769,187458,223634,247501,277098,325852,325580,326334,325815,374995,367771,405917,529216,454820,596305
139,447,551,729,1026,1227,1571,1779,1911,1991,2228,2270,2478,2725,2930,3125,3526,3419,3338,3757,13311
140,9658,15646,30216,55624,74376,90560,99442,115718,133614,159656,154559,190787,219895,253115,251675,298905,292873,296007,371770,570751
141,666,764,1065,1194,1420,2018,2437,2910,3161,3626,4213,4100,4178,4652,6007,4546,6396,6236,5010,14463
142,51346,62982,88441,102695,114064,141848,159009,184783,203955,257176,244377,244058,300583,295004,359102,345046,364789,380140,455735,578051
143,565,689,876,1115,1473,1774,1916,1973,2084,2088,2247,2493,2606,3072,3248,3102,3692,3772,3085,13236
144,8749,14488,28485,50065,75278,86976,104192,110193,129007,140544,153511,194692,217452,257702,298368,298165,363140,362804,296470,574052
145,720,792,1115,1214,1455,1685,2167,3124,3398,3561,5276,3873,3828,3706,3222,3775,3312,4180,5060,7856
146,51277,67373,91257,116211,134168,160863,182158,218380,240764,267449,318947,270449,312193,313672,308762,427149,382272,382824,543385,600314
147,475,639,722,873,988,1060,1165,1288,1460,1470,1780,1935,1784,1868,2240,1677,2499,2574,2377,12032
148,9339,15537,30798,53443,71652,82242,108326,123528,143552,144006,157464,198179,221350,259292,258338,249722,299918,366429,297615,582076
149,497,673,1079,1199,1431,1912,2605,3113,3553,4223,4757,4913,4799,4844,4786,5763,5089,5153,5941,5227
150,51593,86122,113732,133225,145379,175192,195577,226942,249635,313636,310439,315614,367357,366257,364863,429103,381526,385201,406578,468738
151,635,562,801,931,877,1009,1072,1473,1556,1509,1714,1744,1846,1961,2119,2067,2419,2855,2916,3057
152,9628,14487,31537,54034,68329,82587,96243,116461,134192,132803,159158,197954,195433,220998,257495,256706,302866,367645,372525,374013
153,661,786,1208,1517,1919,2647,3127,3384,4046,4459,4846,4607,4988,4806,4204,5095,4208,3525,4010,3940
154,49161,82386,115946,136655,150021,179833,204435,235687,256955,275948,317738,317213,370479,371442,371158,420117,367616,418827,384670,372828
155,370,451,444,499,580,553,630,711,665,743,755,802,936,856,893,1054,1036,1049,1815,2215
156,9627,13397,26166,47931,67315,76332,87773,98045,122457,122209,156310,193286,192944,212612,248087,251691,291898,290566,357707,343327
157,699,867,1072,1350,1578,2062,2309,2682,3734,3605,4344,3521,3987,4754,5087,4933,5167,5295,3964,5289
158,64155,79583,103334,134372,162165,175946,200578,214073,250976,251808,313197,312500,367028,357483,418106,381421,491503,509559,448902,417998
159,480,574,746,939,1196,1375,1576,1791,1917,1972,2193,2448,2622,2933,2761,3347,3177,3168,3597,4421
160,10198,14283,27904,49224,69341,83872,97381,102235,126160,134548,159883,193979,195390,255789,253276,292857,289732,291267,358215,356361
161,670,745,1068,1285,1344,1713,2456,2878,3674,3839,4274,4457,5052,4284,4868,5316,6592,6868,5579,6395
162,65648,63254,84915,112874,122458,148742,157820,181196,215850,235205,268834,265093,313464,311985,311345,359936,413294,391314,501341,497603
163,493,642,934,1209,1504,1873,2027,2029,2129,2205,2315,2620,2668,2832,3365,3230,3096,3721,3624,3608
164,9799,13377,25955,45459,69231,83562,97164,104204,128424,139753,152993,191608,190183,248074,289817,287687,290268,357660,356883,356503
165,561,723,892,1252,1590,2084,2630,3898,3880,4122,4687,4625,5049,4745,4165,4333,5722,4448,4568,6058
166,60945,57111,76280,103543,113602,139120,174881,206349,223121,254407,247579,302114,296498,296719,351218,345924,392581,349859,414464,486318
167,437,589,660,917,1257,1231,1306,1451,1426,1426,1649,1762,1876,1988,2618,3503,2459,3607,3092,3044
168,9115,13704,26742,46089,70315,84139,102184,116579,125600,136337,150793,185801,186866,246098,285459,351468,284467,351753,349556,348668
169,510,646,944,1277,1828,2768,3324,4813,4678,5781,6121,6512,7780,5518,5285,4517,6518,4978,5070,6213
170,48304,59776,85244,105631,130527,152058,172510,206123,225437,254101,306219,302677,301982,302031,351498,349539,368843,352609,388187,445579
171,428,590,752,777,920,975,1177,1228,1384,1424,1432,1523,1850,1954,2159,2201,2681,2656,2679,3234
172,9834,14675,27688,49719,77565,86406,106485,121763,142607,156479,152921,193836,220077,258871,293967,292492,359679,359330,359822,364092
173,570,792,1181,1473,1822,2804,3601,4293,4719,4711,6741,4709,4328,4748,3932,4638,3341,4090,3946,4055
174,51642,64742,94201,113365,121533,153910,181930,217772,240344,267340,305858,264809,314572,314678,309521,403928,374493,449546,377599,363643
175,451,621,769,887,1036,1096,1191,1303,1211,1283,1446,1442,1651,1911,2057,1762,2125,2190,2235,3796
176,10667,16127,33865,54056,79853,94778,123015,130363,154730,167495,165279,210624,231302,271814,312288,262924,312976,373829,378162,381348
177,647,803,1135,1323,1668,2161,2490,3414,3261,3470,5267,4834,4990,4030,3678,5647,4351,3403,4138,5162
178,54096,82917,118151,136053,150576,180008,201175,232790,256004,275258,309877,316244,366889,371283,366880,443091,384341,362428,385571,461644
179,422,567,694,914,1083,1345,1487,1725,1754,1898,2024,2184,2397,2473,2676,2614,3233,3744,3950,4531
180,48698,67448,101110,129571,155552,172208,192989,214567,237018,251969,265739,282658,307072,328918,362025,362025,401271,461553,461553,461553
181,448,500,629,778,932,1084,1109,1449,1569,1547,1721,1928,1919,2196,2455,2185,2570,2529,3089,3089
182,9595,11708,24400,39363,67667,83370,94180,105214,120747,127366,150269,198801,199825,221516,254863,254863,300544,298018,362571,362571
183,455,488,809,1269,1707,2010,2431,2931,3200,4057,4928,4474,5684,6639,4856,7509,5861,5558,5972,5972
184,68562,128546,161336,179437,205197,242916,268636,289982,335375,358587,407730,462128,530869,514770,528293,569356,468428,503665,466661,570746
185,428,420,586,694,893,1032,1147,1300,1423,1487,1576,1852,1837,2017,1981,2046,2357,2226,2806,2643
186,10098,12613,23249,36998,53203,67330,76306,85242,106681,121389,142922,155307,166926,190209,213230,249191,281728,246744,356665,354415
187,561,669,814,1034,1385,1460,1634,1858,2619,3582,4000,4508,4939,5906,6827,5111,6382,8298,4782,4712
188,92331,76129,100480,125735,142171,163334,180131,205733,220987,263396,334450,391902,384992,388536,471019,437997,562690,584174,486250,499600
189,391,425,605,690,952,1036,1188,1365,1671,1792,1831,2262,2364,2634,2844,2856,3265,3250,3856,3842
190,9422,12766,21531,37117,57263,74884,85578,95188,108569,124530,132298,156858,172207,196003,219333,219589,244893,248613,293221,296399
191,564,631,831,1306,1425,1779,2687,3353,3266,4178,4305,6093,6127,6896,5753,7336,8068,7809,6197,9219
192,87271,56738,79001,109105,129088,148775,180668,191645,204824,228657,245730,339308,339907,422814,341937,399599,540162,503328,463221,516110
193,425,468,731,909,1234,1377,1632,1728,1798,1906,1949,2054,2129,2280,2453,2398,2652,2660,2952,3295
194,9312,12396,21855,38425,64954,81352,92157,101480,120400,136663,148036,160154,177304,197197,224103,221076,261444,263203,299532,372863
195,594,616,813,1048,1319,1455,2604,2996,3878,4122,4129,5293,5991,6277,4819,6723,4599,6954,5405,3895
196,53292,58881,76967,105388,127756,145018,172698,183869,223916,240593,276743,315169,322764,375872,316697,454475,416310,500201,400735,400148
197,504,534,698,796,984,1091,1161,1213,1242,1342,1389,1623,1685,1814,1805,1714,1810,2047,2708,3639
198,10382,11801,23437,41351,69488,80336,96681,110164,123979,133834,144567,155373,171027,188682,253169,212505,253713,252546,358224,362445
199,501,530,795,1010,1278,1768,2572,3310,4099,5117,4879,6394,6756,7708,5636,8375,6991,9069,5958,5995
200,52332,82392,109595,131094,158388,178882,216147,248974,268662,337693,334140,381132,384075,443643,385988,469437,404612,468135,401487,377734
201,458,482,620,793,926,1000,1069,1519,1761,1809,1920,1993,2050,2094,2402,2398,2574,2769,3649,3414
202,10447,12039,23956,43823,71524,83517,94317,113075,129524,139378,151394,164088,179790,202013,225477,225377,265278,256521,377926,371717
203,537,582,837,1217,1443,1704,2135,2396,2928,3658,3859,4002,5103,4651,5266,6682,5462,7333,4582,4442
204,53616,85361,116636,143323,168864,184260,209678,241282,286351,310774,355232,352838,418277,413753,418010,429247,393333,538182,489519,458422
205,502,508,644,764,958,1002,1102,1308,1376,1434,1454,1516,1576,1605,1744,1819,2032,1979,2485,2738
206,10080,11749,22991,37656,62983,76088,87823,101097,115887,134545,134204,157247,154432,170120,214505,218438,261451,250635,368724,361511
207,586,598,939,1009,1480,1805,2431,2692,2914,3611,3594,3819,4457,4638,4739,5951,4765,6509,4235,4481
208,72242,61970,93989,118774,141825,163976,195417,207112,244908,270397,267608,302169,342410,349506,349983,386770,443580,539078,428324,465830
209,450,412,661,839,1162,1193,1367,1691,1756,1836,2224,2264,2264,2475,2868,2718,2977,3051,3268,3742
210,9826,10850,22224,35973,59774,75261,88084,103715,111228,130426,141121,152447,152334,187907,251208,210368,247341,240087,287034,344976
211,448,522,720,866,1079,1782,1828,2376,2981,2978,3235,3334,4128,5055,3727,5581,4544,6486,5283,5587
212,78093,55952,83685,109425,130181,163928,181392,208935,227985,250891,288915,283961,339734,404562,335353,394230,461420,496074,452096,501739
213,417,476,739,847,1126,1341,1685,1746,1788,1854,1857,1990,2045,2121,2713,2438,2649,2527,4048,5971
214,10174,12806,23174,35705,60635,76080,91724,100957,110297,125902,134368,160939,159220,175924,260962,215917,258992,258610,296408,369469
215,609,659,829,1156,1509,1552,2339,2555,3191,3041,3442,3281,3816,4098,3373,5318,4300,6249,5067,3928
216,59148,63756,79247,103461,129673,145471,177245,186038,221979,217168,276837,278013,324473,319905,325649,354241,411106,469518,487598,387166
217,438,511,662,805,999,1122,1211,1306,1405,1555,1547,1873,1905,1879,2136,1965,2404,1939,3196,6203
218,12701,14782,28176,43938,72540,89790,107719,122278,139267,149783,160004,175179,191794,215420,280448,268487,275450,272409,382581,382728
219,508,563,859,1089,1331,1459,1933,2292,3028,3555,3770,4165,4389,4460,4514,5354,5301,5450,5027,7243
220,59854,63567,87595,111289,127045,143330,165973,192519,230730,253175,283995,282333,331592,331947,331909,425392,401317,393796,398068,481722
221,498,537,623,746,815,894,1077,1746,1793,2007,1870,2137,2072,2181,2633,2306,2245,2990,3064,3648
222,13714,16091,32512,50150,75156,91392,110320,131949,141266,164032,177969,195829,192205,214930,276927,270162,272764,274116,386276,381158
223,522,601,866,1186,1309,1659,2146,2465,2563,3092,3283,3424,3951,3951,4094,4167,4757,4634,3996,4146
224,56484,81880,116001,132673,141961,153881,184398,224341,239278,259583,319986,323073,373381,374606,376660,384955,405288,397097,404276,384997
225,538,550,793,907,1028,1155,1111,1291,1406,1234,1220,1461,1470,1600,1726,1773,2121,2088,3256,2679
226,14503,16714,33340,51418,71830,93827,102180,126337,142458,161740,161045,173209,188553,208178,272630,268467,271200,277900,371956,384460
227,476,528,783,917,1015,1064,1250,1900,2108,2665,3490,4075,3977,4223,3936,4120,4642,4598,4310,5379
228,59064,93914,130321,151262,161863,173280,207894,229883,265337,282809,342027,349601,407588,405431,408709,374166,400760,440988,390806,522591
229,549,566,760,949,977,1132,1326,1513,1834,1902,2026,2239,2229,2397,2738,2858,2910,3084,3769,3754
230,14867,15884,31540,47991,68213,88202,95102,113455,133932,150704,162705,178233,178393,214411,241299,276244,278282,271630,387179,378979
231,544,636,1006,1243,1100,1236,1479,1966,2305,2777,2924,3609,4421,3944,3722,4102,5102,4885,4190,4311
232,50339,74541,106057,132852,144583,156570,176565,197001,240535,261771,283408,324289,379760,376402,376108,356915,386501,455162,387879,449495
233,365,535,629,608,747,777,1114,1182,1197,1310,1301,1468,1428,1512,1728,2168,1919,1855,2095,2779
234,13670,14682,27027,45446,63837,85951,97274,112026,126852,143904,154039,167280,164806,198457,222971,258135,251322,252089,289898,348412
235,608,681,847,1127,1282,1410,1505,1776,2084,2342,2712,3138,3612,3175,3803,4233,6217,5828,4432,5137
236,68494,64313,89699,122162,132584,145041,175444,212005,250238,272890,302688,300982,348028,346921,348218,400144,514731,509649,512679,507131
237,610,649,799,951,1076,1213,1385,1417,1464,1623,1683,2012,1967,2276,2381,2825,2606,2652,3766,3902
238,13825,14943,26995,44180,68249,84380,101788,120487,127242,144521,155234,167540,167159,204183,268837,261319,258099,261077,362909,363766
239,590,708,836,1043,1207,1533,2267,2604,3912,4026,4255,5352,5227,5141,4475,5231,5122,7000,4861,4865
240,76528,58240,80129,110386,126243,144410,169472,177194,228424,249917,283819,338332,330760,333486,334444,389222,438274,483275,443242,399102
241,564,620,667,972,1111,1188,1183,1645,1746,1739,1867,1938,2002,2133,2437,2339,2762,2819,2968,3681
242,10908,13746,25733,44289,67964,90536,107719,122735,137885,146041,159738,172755,187284,209596,278409,274903,273530,316712,313240,384219
243,697,784,1052,1281,1590,1828,2097,2424,3047,3731,3955,4245,4675,5055,3970,4399,4790,3909,4495,4001
244,64022,58261,81403,111602,124670,143640,169226,194931,228586,251118,281598,279739,328333,326579,328393,319805,436626,398249,435653,398575
245,738,737,811,888,973,1076,1143,1268,1285,1295,1296,1433,1424,1531,1785,2062,1939,2061,2145,2488
246,11588,12429,23777,37699,58790,84474,96129,114367,121039,139076,137561,163203,161130,197860,255315,258142,262311,259929,301892,372448
247,718,787,992,1287,1373,1661,2046,2554,3009,3345,4169,4390,4497,5785,4309,5179,4934,6804,5214,4469
248,57460,56473,79330,102235,121535,146159,162321,200639,221968,244436,273339,321727,317016,385411,318666,420175,411229,482890,496976,480519
249,643,555,751,935,1094,1265,1755,1827,1892,2267,2275,2395,2441,2691,3326,3250,3333,3492,3913,3824
250,11048,12021,25412,41810,64176,88709,109543,123870,131968,154866,154399,180244,179754,201345,260557,261993,269549,309605,382982,379806
251,640,711,974,1259,1266,1452,2141,2466,3090,3040,3648,3991,4996,5461,4076,4851,4795,4280,4661,4596
252,54166,68855,101644,127549,151253,170023,190553,238046,258958,283445,318093,371142,372260,429155,369123,468181,414180,400419,409163,399206
253,566,736,880,1085,1223,1496,1787,1969,2003,2051,2058,2147,2250,2381,2596,2610,2880,2927,3575,4202
254,11759,14058,27035,43604,70984,87289,100364,128826,138709,160578,159089,172642,189646,209950,276880,275384,279082,311687,388443,381664
255,392,454,534,733,690,908,1123,1223,1478,1766,2444,2991,3199,3797,2995,3403,4109,3445,2774,5981
256,56567,92157,123912,150929,166489,189001,219081,250214,267142,293917,359716,356262,420489,416403,421116,385764,414320,427218,415054,524334
257,569,591,753,864,962,1059,1413,1361,1428,1598,1592,1896,1953,2145,1991,2088,2470,2610,3032,2850
258,12364,13370,26364,40622,62112,71705,87467,95734,114787,140003,151130,164630,178898,200283,223577,259932,257890,291786,372160,367141
259,537,575,854,1061,1249,1470,2200,2446,3637,3972,4093,4659,4909,5178,5600,5533,5997,6741,5313,5353
260,58380,77284,110522,137198,162085,175028,203455,217683,280711,304377,341582,340369,398477,400204,399677,432778,414730,570562,425979,482062
261,543,590,612,856,1061,1199,1180,1606,1672,1707,1688,1804,1891,1983,2343,2755,2827,2762,3242,4782
262,13396,14588,26329,43359,65637,82884,94519,110196,125610,143275,141916,164720,166170,201725,226339,259260,259867,253424,302413,359049
263,607,685,968,1198,1626,1895,2265,2605,2920,3038,3287,4209,4299,4229,4843,4907,4909,7099,5540,4527
264,70369,65750,88741,117601,130965,148164,173412,201321,234134,254577,250932,335131,342715,338778,338864,391087,412090,496545,407066,422077
265,545,515,670,800,987,1242,1446,1560,1561,1605,1613,1847,1753,1897,2360,2510,2690,2356,3069,3250
266,12734,13802,24909,41665,64525,85047,101938,115282,121533,139501,139926,164049,162372,196666,260203,254367,293178,255145,365971,351551
267,514,534,731,979,1159,1561,2151,2534,3144,3697,4223,4768,4907,5877,4204,5142,4075,7602,4610,6272
268,78530,57549,79524,105693,120034,141733,158513,180844,215076,233736,272516,318534,317941,377903,317746,363108,433320,467661,435853,447533
269,428,501,666,822,1064,1154,1678,1828,1808,1855,2203,2272,2384,2538,3248,3297,3048,3463,3478,4975
270,42625,48656,81173,106779,144610,164178,184005,204495,204495,225891,239177,251849,268055,291187,312072,343334,343334,381672,381672,441463
271,421,443,567,698,898,1037,1106,1273,1273,1438,1369,1676,1518,1692,2170,2374,2536,2369,2917,3251
272,7568,8001,16604,28669,49878,73431,86008,94823,94823,117573,125869,133875,145840,177583,225375,226647,265354,225297,321109,322856
273,510,510,832,1021,1364,2554,3548,3949,3949,5773,4711,6030,6305,7856,9163,8723,8318,8200,5780,10685
274,81235,62685,85589,106746,117904,150311,179936,204900,204900,247002,243958,280661,324671,377033,438318,433518,516480,449476,493400,624470
275,442,547,661,782,970,1096,1186,1258,1258,1273,1291,1390,1393,1445,1607,1653,1761,1949,2288,1867
276,8193,9483,19132,32165,55629,78223,94027,111650,111650,126700,137369,150539,163203,180674,230207,227348,263730,268867,328905,341053
277,365,364,354,474,1019,2128,3814,3806,4748,4962,5497,6101,6044,6639,5548,9193,5726,9493,6185,5953
278,52441,89404,111263,134574,166013,207962,236120,287015,287015,354520,357092,420622,406792,456923,442264,528417,464415,421339,464696,441939
279,417,399,569,656,959,1052,1341,1637,1739,1799,2200,2197,2271,2396,2824,2835,3253,3271,4238,4206
280,9072,10003,19861,32958,55989,73564,88014,103326,118372,126601,149882,149537,166028,181939,227648,229327,265377,277336,320686,337089
281,581,622,788,961,1329,2344,3363,4381,4374,4638,4957,6203,6160,7612,6301,8530,6782,6622,7011,6645
282,55733,85117,110995,133694,162454,188591,225323,271039,271039,289190,336712,386765,391346,435758,429506,504047,449403,535429,446647,539187
283,417,418,556,767,1135,1389,1689,1741,1817,1832,1880,1984,1865,2125,2403,2407,2497,2699,3707,3014
284,9912,11011,20998,36585,57198,81168,95912,104258,119947,130534,142161,155637,170806,186439,241054,241031,242053,284300,356767,353656
285,533,609,860,1104,1505,1666,2274,2390,3112,2992,3266,3696,4510,5531,5129,4954,10615,6868,5155,5442
286,86640,61375,83993,110368,131602,148145,186140,181868,217984,247027,280142,273951,337504,385929,385968,396886,518540,498323,438682,425545
287,469,537,674,801,1010,1190,1291,1307,1369,1560,1585,1899,1947,1750,2126,2066,2420,2365,3241,3261
288,10114,12017,25670,40624,68459,90049,106102,114239,129562,139863,161471,159906,180268,199912,255608,261199,257111,257836,368563,369313
289,493,597,715,1096,1210,1404,1932,2527,2816,3023,3467,4134,4309,5033,4078,4650,4562,7105,4557,4431
290,75536,58932,87677,107762,128766,137665,157582,199976,214708,241315,268955,316539,328711,385428,314449,400036,433153,487306,449639,404761
291,481,516,670,890,981,1115,1501,1567,1671,1804,1872,1801,1914,1887,2419,2333,2622,2585,2785,3439
292,11052,12393,26238,45621,68317,88049,106942,113874,137300,148913,159644,158600,194157,193166,249578,244154,238534,249211,282388,349737
293,511,551,822,1217,1455,1603,1960,2209,2412,2853,3006,3694,3437,4387,3299,3928,6183,6030,9526,5419
294,56931,54939,79911,102120,119311,135939,152561,186981,206030,263389,257187,300235,301359,347119,302347,347641,441716,453074,447719,451162
295,473,503,708,888,1007,1109,1259,1304,1322,1393,1529,1577,1641,1584,1844,1814,1994,2177,3409,3419
296,11514,12126,26538,42766,64822,84079,101466,113104,133792,142230,154071,167304,184950,182785,241568,237380,229208,279235,330261,331227
297,566,579,828,1129,1264,1378,1548,2036,2006,2447,2661,3075,3663,3683,3341,3527,5253,3838,4170,4571
298,55863,73246,109724,125294,147535,178943,201657,251914,258712,319585,320600,370726,424499,404952,424252,418830,434500,449320,437808,424535
299,413,423,683,756,1013,1126,1398,1736,1849,2153,2263,2370,2475,2461,2891,2891,3000,3260,5154,5027
300,13719,31121,44420,58013,74726,83925,99209,110579,120596,127229,148274,152201,161899,168557,181186,188277,199832,199832,208440,219098
301,301,384,470,510,520,527,561,578,595,597,583,594,654,649,676,695,694,694,713,733
302,6171,8697,13238,14686,17170,18643,19857,21689,23444,23010,24687,24314,26910,26957,28963,31584,30770,30770,31345,34437
303,323,447,554,571,608,588,620,621,670,680,664,634,703,688,673,712,765,765,747,793
304,43648,99497,116020,115463,116360,112363,110667,107068,104464,102547,98247,97194,101676,100330,98806,102340,99309,99309,99146,98182
305,371,467,514,438,469,474,502,510,510,523,488,486,507,505,525,522,529,529,543,557
306,8525,18545,25006,15439,16840,18233,19932,20053,21619,21645,21447,21402,23176,23270,23145,25029,25030,25030,25088,27046
307,465,699,734,686,713,750,766,764,842,812,829,775,827,830,816,873,847,847,840,898
308,92632,122803,123740,106712,111094,114810,121427,120749,119584,119086,116827,116991,122572,122074,120251,124836,123724,123724,122718,122841
309,390,564,712,564,598,602,671,739,723,733,704,734,707,734,731,794,779,779,780,833
310,11222,22228,37637,24301,28390,30097,32935,35041,38188,37588,37507,38035,41571,40732,40670,44061,43725,43725,44209,47502
311,542,879,1091,847,928,894,1025,1087,1006,1064,1117,966,1078,1054,1039,1170,1132,1132,1108,1129
312,95222,83674,106082,89162,94363,96465,96555,101901,106013,104786,104418,104921,105368,104189,103324,107599,107153,107153,106637,113239
313,451,851,1050,912,1004,1074,1062,1248,1238,1251,1217,1221,1281,1312,1310,1360,1372,1372,1408,1403
314,10335,32518,52920,40409,46261,53006,53662,61922,66014,65802,65854,66400,70230,71240,71080,73043,74375,74375,74499,76436
315,655,1023,1187,1288,1367,1429,1447,1591,1673,1726,1792,1604,1765,1731,1795,2010,1722,1722,1969,1906
316,56717,83156,95791,98082,105018,110227,111833,118342,129226,127302,127670,128532,135297,137055,135551,143855,145362,145362,136611,144259
317,541,801,936,965,1065,1160,1136,1227,1204,1185,1243,1267,1283,1344,1308,1438,1317,1317,1419,1448
318,14386,33684,57512,62040,73071,81832,80377,87893,93250,93099,98331,98315,106441,107023,107132,114280,112873,112873,114331,120152
319,615,813,1082,1399,1782,2190,2346,2582,2566,2817,3070,3238,4005,3868,3785,4101,3886,3886,3935,4300
320,61954,76317,95774,112980,139993,149438,150062,174320,172087,173666,187696,189548,208766,209271,207961,207212,205834,205834,208784,227229
321,553,823,958,1032,1179,1586,1628,1796,1867,1888,1887,1852,1925,1939,1906,2028,1987,1987,1952,2079
322,14057,32345,59032,74567,90180,115179,123789,142545,153876,152542,154518,153119,167826,167854,167917,185202,183593,183593,184416,173832
323,691,868,1090,1546,2247,2624,3891,4077,4614,5492,5434,5440,5674,5988,5647,6531,6790,6790,6740,6816
324,59343,102159,118535,141208,170761,213931,259069,281004,321802,371677,320414,319631,377048,377610,379204,368778,371735,371735,373457,350681
325,587,800,982,1070,1274,1354,1298,1465,1477,1503,1672,1914,1781,1991,1967,1920,1958,1958,1967,1967
326,12475,26259,48397,68787,86562,108630,123445,145537,156945,171812,199487,229622,224286,230960,227609,226899,217704,217704,224173,232494
327,711,1001,1044,1228,1707,2428,3609,3742,4287,3949,4505,4016,5050,8189,7888,8295,8417,8417,8235,7912
328,82830,115001,135078,158341,198197,229254,266129,289011,317212,364135,378619,377770,418773,499551,497425,505188,485551,485551,496242,511539
329,441,619,749,1033,1376,1817,2298,2374,2659,2761,2982,3078,3284,3082,3449,3922,4043,5136,4734,4885
330,11023,20899,36533,64994,86429,111307,141853,154202,170016,187758,217985,220580,210611,213582,250755,303010,299291,299291,300751,304135
331,582,883,972,1137,2083,2627,3354,3754,4361,4675,4785,5887,9761,9579,10684,7726,7774,16323,14121,15786
332,80763,91094,107711,140722,161982,185380,219886,241409,273124,316381,315777,372047,421983,436346,435823,432274,423621,581632,573603,590269
333,293,419,454,638,725,804,983,1066,1135,1210,1319,1469,1699,2214,2105,3926,3715,2972,2985,2951
334,9778,28643,45226,78014,84720,107072,142784,155206,173731,193904,227999,223181,258918,319405,321257,316352,320862,317579,316801,317842
335,529,773,931,1299,1629,2011,2798,3117,3531,4042,4125,5229,4278,4903,4749,7084,6808,6577,14035,13877
336,51898,78619,94733,120958,140944,161782,189897,209978,238490,282895,283578,334967,324594,327089,328147,401796,421072,413901,560263,562762
337,427,704,838,1131,1458,1865,2074,2273,2476,2620,2951,3051,3493,3753,4463,4278,4101,3811,5315,5103
338,9487,28752,50642,89196,97328,128466,147528,180952,202512,232101,233221,267440,322511,328130,329965,329355,330903,330947,413661,414902
339,474,851,967,1567,1608,2319,3413,4037,4313,4572,5137,5179,5677,5716,7633,7286,7471,7345,9359,9414
340,51060,82977,98635,135324,138676,168216,195907,217648,246928,287415,281132,340265,340607,332122,413029,409884,427999,428438,433372,434324
341,477,707,1080,1173,1244,1675,1872,2145,2327,2774,3224,2859,3572,3533,4217,4323,6979,7190,6665,6664
342,9046,23944,46672,79710,87577,122079,141707,165880,193544,219993,256338,260634,317102,317143,313693,321358,385825,385735,385058,386081
343,521,907,1063,1836,2188,2417,3002,3632,3601,4547,4609,4576,4919,4887,6991,6691,9797,9505,9435,9571
344,48250,79605,96234,130017,146898,167027,194340,205890,237080,270247,331521,334975,330350,326053,398157,399993,563994,548471,420464,419061
345,547,734,931,1145,1254,1339,1470,1606,1657,2145,2347,2679,2772,2391,3108,3334,4734,4585,5410,5728
346,9873,24604,47413,81679,93499,128545,151749,179668,208593,235474,268880,332751,329636,330088,329095,329396,414588,413883,411083,412671
347,560,847,971,1171,1497,1961,2789,3226,3144,4416,4465,4348,4209,4527,5810,5992,7379,7296,8193,7785
348,48829,94563,108640,129625,148288,194316,227659,243680,281865,329564,378123,378159,385066,386885,452356,451497,442669,452921,453441,454670
349,425,644,826,1051,1778,1846,2334,2718,2882,3101,3526,4042,3957,4111,5388,5558,7918,7584,7602,7768
350,10969,25519,50000,77841,126441,143529,164471,198718,224094,255328,290795,355706,354527,354498,363216,364573,452749,452831,444791,445471
351,539,822,945,1017,1870,3237,2892,3432,3743,4453,4573,4748,4514,4697,5869,6137,7336,7204,7019,7153
352,64282,114912,132254,150108,226305,285392,275522,302626,333870,379773,431063,435807,430452,436049,517987,515875,475115,475601,476004,475135
353,451,626,857,1167,1716,1944,2258,2382,2526,2754,2799,3064,3092,3107,3486,3472,5818,4698,4370,4419
354,11125,20094,35786,62178,98073,130910,191301,187437,210445,238612,270901,327000,326211,330343,326958,326828,426635,412596,418624,411855
355,297,435,713,735,1038,1559,1936,2187,2859,3358,3393,3918,3924,4180,6663,6888,8049,9311,9020,8382
356,77571,96092,122631,142956,184687,204436,267205,282084,317218,368901,420923,491624,420707,433471,505514,504707,625006,471956,473856,472433
357,448,600,808,939,1160,1324,1615,2108,2051,2719,3025,3888,4701,5149,5865,6094,10831,15059,12443,12644
358,9608,19090,43298,60227,90871,118727,150513,223647,223346,254690,290745,350020,349383,339601,357244,356967,427809,432633,433376,430688
359,454,588,830,1069,1151,1739,2449,3212,4248,4793,4313,4983,5029,5081,6723,6428,8720,8428,8568,8476
360,66345,72587,105486,116201,131016,165447,183281,243012,326294,389175,370359,454440,458893,361640,466797,453078,602489,620090,443227,442293
361,452,573,825,937,1079,1141,1603,1955,2034,2243,3355,3188,3075,3468,3980,3938,5533,5569,8250,7187
362,12687,19373,47707,71828,95014,106602,141889,193880,211882,235473,369828,377676,377307,377350,378267,377649,466720,470365,460426,459218
363,552,700,926,1191,1356,1786,2285,2982,3314,3387,3123,3159,4411,4485,5556,5160,7263,7001,7066,7224
364,58647,74725,108035,115084,129184,150829,177419,229952,246161,246633,321460,332115,487118,392356,486833,486069,661025,667943,481143,479185
365,411,499,716,991,1238,1304,1523,1616,1825,1877,2049,2092,2803,2596,2714,3472,4842,4690,7568,7918
366,13145,18136,40325,65922,90075,101295,125565,152678,176893,215064,211898,238379,373616,309724,373361,372855,475933,474191,459072,460463
367,458,530,749,826,1007,1260,1448,1680,2154,2502,2610,2759,2896,3623,3685,5271,7627,7384,7801,7460
368,59945,75011,104677,113165,127939,143217,166250,190524,204266,227658,243429,242696,385084,388757,384483,476045,649833,647410,478677,470366
369,399,484,674,964,1075,1184,1715,1875,2332,2377,2681,2950,2964,3701,4370,5228,6617,6668,9070,8676
370,12669,17397,38313,63696,86628,97670,121956,145133,171093,185248,204842,228273,258482,297672,361278,358440,443850,444711,442149,441112
371,550,628,1029,1012,1142,1314,1949,1953,2208,2305,2913,2964,3150,3884,4627,6311,8234,7438,8086,8025
372,55562,64193,97108,105933,125021,141665,170190,195789,215462,213226,232747,266245,303332,360306,367483,450197,639378,642644,618106,449855
373,452,551,840,1140,1345,1589,1798,1938,1950,2162,2271,2356,2402,2800,3170,3453,4801,4534,5161,6438
374,11482,15897,35435,63343,83718,90104,117961,146655,154496,189237,186853,206007,236877,275411,337134,334193,401339,402387,416757,412096
375,608,684,1027,1079,1314,1606,1941,2309,2545,2466,3312,3117,3446,3649,4231,6451,4859,9731,9773,9749
376,49017,73834,100592,115655,143384,159032,191700,229064,220198,247267,280760,327813,321381,374439,372918,445874,438231,577441,585143,425946
377,480,567,821,1069,1179,1358,1499,1729,2123,2196,2282,2159,2245,2710,3426,3929,3118,5474,6409,7019
378,10661,15564,34643,61718,80192,96986,120341,146734,174592,193588,194205,214662,242158,282196,340923,339310,341915,417998,419508,420985
379,512,556,888,1022,1220,1404,2221,2854,3030,3151,3540,4163,3698,4937,5711,8170,5516,11833,12271,11953
380,56645,83686,117296,136278,144563,176814,209137,247277,249501,267754,267506,357555,353700,405365,403377,483354,398825,577679,558308,424573
381,504,591,804,1042,1047,1165,1556,1667,1909,1951,1988,2040,2268,2915,3536,4169,2888,5295,5174,7411
382,9827,12386,28568,51590,68693,76901,92440,113922,146991,159781,178785,178222,201045,276587,335912,335057,277068,417245,416514,416074
383,450,534,875,1424,2047,2490,3022,3524,3327,3805,3873,4261,4799,4439,5025,5019,6385,9568,9611,9698
384,65681,72502,97886,120250,144099,165470,199794,215245,238770,270433,273627,318610,316070,374032,373750,368344,445917,563881,534540,401527
385,477,514,696,1059,1256,1574,1808,1884,2205,2306,2430,2405,2532,3071,3930,3949,3614,6139,6402,9622
386,9736,12400,25989,53804,68991,86176,110587,126846,151853,174694,174633,195915,226144,265981,321854,321672,320881,393000,397734,397638
387,631,680,933,1316,1549,2175,2614,3713,3563,3670,4435,4177,4112,3962,4228,4024,3927,7491,7364,7313
388,78785,95145,130894,172731,196328,244521,273356,317931,318316,360590,403261,401397,403377,454542,458993,454153,453776,638486,630556,511819
389,596,665,737,996,1166,1367,1532,1777,1954,2113,2250,2440,2495,3174,3533,3692,2822,2940,5503,7226
390,37220,52284,81421,112431,134570,157232,164171,185358,206099,232546,247978,270773,291706,358231,358231,358231,358231,358231,475203,475203
391,417,463,601,824,940,1138,1363,1379,1845,1940,2001,2033,2049,3943,3943,3943,2697,2971,7347,7347
392,3886,4426,10241,29992,50102,65404,75084,81275,116920,126318,160429,159921,158106,311542,311542,311542,249288,311542,495084,495084
393,456,507,813,1328,1972,2502,2868,3646,3942,4365,5123,5225,5315,4138,4138,5299,7825,5299,4684,4684
394,60770,56796,81930,109776,141746,172750,206069,223935,277106,321612,391873,386612,311272,445422,366809,445422,445422,519384,565338,421408
395,462,471,616,836,1036,1202,1423,1456,1655,1705,1824,2004,2051,2403,2459,3342,2403,2320,3906,5002
396,4244,4955,10040,31004,49346,67513,79310,86714,117163,115374,147631,148061,171246,240168,235585,301798,240168,236340,361092,362467
397,570,629,845,1192,1556,2229,2417,3065,3211,3537,4119,3978,4249,3208,4145,2872,6509,6396,6451,5991
398,40680,47101,71798,103414,133942,182406,199269,221904,299322,293708,362761,354963,357033,355863,427066,355863,425584,472283,568161,425012
399,432,444,697,1063,1278,1673,1754,1829,2279,2262,2319,2461,2889,3112,3255,3669,3526,3271,5864,7373
400,4859,6167,13940,36666,60921,80469,93960,101490,125697,124869,138202,157845,213386,214420,250221,310515,313609,249501,382840,378816
401,552,607,900,1119,1929,2178,2492,2500,2760,3394,3670,4155,3486,4016,4667,4168,4211,6233,6282,6511
402,39440,88549,116608,154310,216922,239331,264166,287745,325546,387712,385145,449259,377144,452029,450321,452029,449280,472721,598408,449887
403,454,512,793,1134,1336,1597,1723,1862,1972,1988,2106,2169,2435,2526,2543,3244,2838,2917,4289,6395
404,4578,5903,13600,35560,44970,56051,68229,89669,108315,106555,119147,132807,173836,204487,205424,298099,239699,247018,376104,376442
405,581,655,927,1399,1634,2141,2868,4154,3671,3730,5461,5368,6947,5001,7237,4415,8722,7867,6808,6895
406,71341,66378,96265,134499,150860,168864,216946,265046,300591,290769,347318,347863,409330,406911,485718,406911,489344,452743,582357,443516
407,529,572,754,977,1139,1329,1389,1471,1515,1559,1855,1899,1957,2348,2300,2986,2497,2870,3820,5810
408,5196,6736,17237,39859,58278,73926,84417,97501,107389,117902,130802,143317,184726,216721,211128,312460,249350,314787,387582,389076
409,535,664,1034,1536,2141,2550,3568,3399,3561,3967,4914,5514,5173,5832,7877,5120,10409,7466,9580,9965
410,54499,57686,86347,121258,148753,187338,218706,212950,240747,270776,327552,327036,319137,380911,438805,380911,438041,415599,589888,434681
411,455,495,661,844,888,1235,1288,1305,1346,1512,1571,1585,1901,2192,2125,2795,2313,2550,3734,5963
412,5695,8330,22122,48952,66950,84481,99808,108915,116156,127095,141638,157875,204088,238619,232977,338232,270084,339647,414501,423614
413,593,736,1112,1865,2254,2866,2958,4183,4407,4439,4549,5892,6045,4928,5821,4606,6173,4650,7619,7413
414,49118,61369,88234,121052,139391,170112,197668,227079,243162,280472,280122,339175,335134,330646,386842,392096,469408,436284,615710,476791
415,541,600,858,1173,1345,1346,1555,1449,1490,1553,1797,1878,1920,2514,2353,4144,2411,2561,2500,6838
416,5897,8035,19749,45987,60743,75198,88337,103767,111794,122387,137581,151131,199544,234578,226969,335445,260575,266721,340328,418818
417,635,726,989,1574,2251,3180,3334,4166,4543,4992,5241,6336,5621,4384,5316,5556,5722,5660,4050,7581
418,49720,63489,90668,124655,152636,188261,183730,222364,246711,272441,276605,326791,327848,329126,370305,464705,434980,418622,420102,479245
419,447,485,743,1142,1221,1318,1684,1788,1822,2208,2278,2356,2856,2945,3281,3726,3409,3460,3887,9219
420,6224,9462,24318,49403,64306,76252,96139,111706,119927,129542,143093,157104,203759,232660,232460,327651,268033,273052,336935,413444
421,546,663,1110,1622,1829,3114,3290,3665,3849,4911,5295,5593,5312,4571,5719,5137,6118,6287,4940,7583
422,50366,84441,122196,148728,169378,200625,221868,263109,287145,315335,384444,370103,371554,371413,423658,411426,500797,409907,371539,474738
423,491,567,830,1037,1278,1563,1726,1803,1866,1928,1971,2109,2355,2612,2539,2739,2638,3461,3668,7226
424,6514,9331,23565,48005,66195,77565,92407,108733,125203,134496,147081,159737,199983,259897,258984,254614,258647,373058,371347,459781
425,606,706,986,1356,1520,1663,2026,2364,2763,2863,2805,4059,3640,2534,3316,3998,3841,2213,2872,4995
426,51242,81303,113139,142723,163442,179896,206153,223386,265235,287874,322935,378384,382173,379972,372840,426454,437590,430090,565062,653981
427,525,595,744,873,991,1094,1177,1243,1253,1417,1414,1497,1883,1739,1870,2154,2092,2433,2256,5361
428,7101,9952,22802,44127,60426,73145,85159,106292,121417,131065,142687,156882,196494,221770,256343,251386,251714,298144,293713,444714
429,579,716,1043,1351,1626,1973,2460,2967,3568,3736,3696,3968,4730,4906,4285,4914,4797,5508,5402,7774
430,71486,73239,105653,127894,153576,171201,196491,213524,251958,275053,311397,310499,369424,366284,367206,420117,416989,417571,450057,678174
431,497,590,769,906,1166,1150,1334,1560,1692,1695,1786,1868,2037,2275,2372,2644,2664,3071,2886,5967
432,8307,11255,26820,47491,68620,80380,94270,109348,125276,134212,146568,159665,197573,219590,257472,253340,255685,296868,292238,435830
433,415,483,720,812,1097,1397,1870,2045,2734,2921,2874,3607,3896,4406,3685,4844,4426,5574,5313,7400
434,73260,70568,100648,120801,131226,151413,185291,202783,237787,263643,300750,356977,350667,351544,353356,416006,416953,403111,435425,676317
435,414,508,670,815,1039,1130,1230,1286,1351,1412,1409,1519,1712,1985,2221,2282,2339,2532,3458,6307
436,12115,17913,35486,57873,84006,95615,110854,127013,144236,154620,165690,180957,221514,247246,287671,286111,286112,328042,397569,470548
437,635,690,904,1110,1200,1385,1694,2009,2289,2975,3248,3787,3611,3744,3424,4260,4260,4162,3022,12344
438,69286,79466,107584,128971,140180,145718,178168,203125,234985,260337,284422,325918,326615,387756,390387,381811,382832,492790,467492,736713
439,407,465,634,936,1092,1211,1342,1749,1771,1894,2205,2333,2517,2829,2850,3240,3404,3223,3588,6058
440,15062,21853,39270,65324,91927,106210,122538,147724,153937,174943,186587,205427,246898,273000,274611,317739,313703,314421,357916,518845
441,548,663,1068,1011,1130,1293,1495,1652,2155,2491,2975,2970,2787,2930,3526,3589,4124,4060,3901,8329
442,63795,83078,115668,133380,143908,157474,178788,187282,206406,258758,281033,310620,312510,350629,353366,416349,411454,439321,478013,735104
443,414,510,766,912,1139,1270,1543,1768,1840,1905,1958,2079,2215,2403,2533,2460,2577,2508,2641,4878
444,15216,20263,36504,56005,78764,95778,109783,119381,142653,161830,174371,202798,218809,243838,270851,271574,309651,308280,311772,517390
445,530,670,884,1017,1054,1366,1670,1798,1922,1969,2342,2771,2798,3013,3182,3545,3920,3922,4685,8419
446,57415,76724,105750,122264,132877,142925,164499,182521,204727,237385,260959,285534,285775,320534,320611,373323,372286,406305,513420,753373
447,456,518,711,760,967,1003,1101,1132,1154,1260,1395,1416,1717,1791,1682,1816,1772,2131,2052,3603
448,12514,16891,30316,43423,68051,83017,91181,104753,127464,142845,151178,164376,192394,217881,241229,276758,277278,274311,271866,462749
449,458,500,949,1059,1211,1503,1844,2351,2109,2882,3070,4031,3784,4368,3893,3836,4612,4604,7120,9480
450,58386,84360,114814,136706,145898,159883,193290,219343,237092,269318,292522,335535,397233,397521,386895,383179,457314,431659,524066,671121
451,479,509,698,799,1088,1162,1210,1564,1565,1656,1848,1948,1877,2031,2265,2821,2614,2886,2564,3518
452,12105,13195,25529,40604,64214,83067,95208,111090,120431,147875,159599,174239,187148,210856,238788,274191,270687,314519,269599,386804
453,557,609,866,1278,1541,1848,2085,2407,3021,2687,3138,3364,3367,3487,3780,3513,4210,3680,6510,4160
454,56829,83137,110799,136466,155398,178435,209890,239948,283441,277586,340936,342807,399006,397560,397952,397786,459986,420536,518569,432879
455,295,300,405,441,547,562,781,889,902,926,895,991,937,1013,1157,1259,1182,1556,1296,2206
456,10476,11136,20917,33464,53023,71327,83148,96961,110861,127216,135674,147935,160739,196489,197078,258981,257175,297104,254055,367870
457,584,619,842,1141,1474,1920,2187,2978,2867,3771,3896,4079,5125,4691,6709,5708,5418,6295,8568,3781
458,66826,60293,83199,107691,128164,160013,179889,208826,221558,243378,264634,304970,353943,359021,359202,428645,418344,410569,511099,381364
459,410,429,599,841,1010,1101,1329,1675,1737,1880,2194,2211,2266,2440,2873,3341,3212,3723,3166,4608
460,8629,9186,16878,30161,49090,69250,81492,89915,104344,121930,131452,131672,144285,178874,204192,232787,232004,273394,229811,329309
461,617,642,955,1392,1780,2774,3190,3894,4442,4549,4460,5656,5845,7591,8179,6676,9883,7854,10024,8345
462,69138,52976,72303,100276,120278,149686,171417,198435,215738,238956,266456,267854,326386,387107,394699,381898,465852,449528,455815,511240
463,439,524,786,918,1273,1552,1780,1881,1939,2063,2094,2142,2153,2348,2676,3326,2752,3693,3109,3696
464,6726,8004,14943,27823,45432,62301,74304,92114,100254,119490,129450,131676,145681,162988,217198,252815,212448,310381,249601,307214
465,562,645,914,1625,1928,2241,2779,3911,4182,4790,4386,5133,5045,6180,5353,5981,7780,6035,9723,5570
466,45600,50137,70920,89498,107787,145792,171659,206717,228392,261481,254794,323279,317011,365664,383857,453655,457387,460015,437875,451519
467,455,563,659,763,907,1072,1204,1362,1366,1425,1663,1657,1461,1733,2358,2380,2113,2856,2642,3506
468,6828,8581,17383,33511,59223,76463,93129,118977,128682,142128,141295,154133,174679,174807,229339,267173,229156,331687,332226,330567
469,520,653,1096,1450,1833,2596,3887,3320,3896,4238,5280,5488,6602,6249,6150,6448,7671,5247,6847,6571
470,45964,53367,76607,98629,136337,162109,213488,205949,266032,264790,322542,317041,375027,312492,382610,467337,465527,394147,434254,465064
471,493,605,788,872,1165,1319,1507,1486,1695,1755,1741,1793,1812,2113,2479,2379,2430,3246,3018,3917
472,6500,8793,18411,31567,53542,71834,90320,106930,115360,128026,126864,142422,158007,184201,212522,214128,208809,306574,305061,304556
473,564,688,1074,1503,1963,2610,3161,3470,3717,4711,4459,5104,5788,6591,7807,7309,8023,6751,6674,14251
474,45472,50996,80849,99037,125224,168071,203324,226994,254287,306577,300849,300243,362074,360315,452518,440355,443678,455969,477409,650663
475,589,675,877,1040,1143,1291,1384,1352,1441,1451,1521,1521,1539,1643,1664,1747,1884,2323,2490,2259
476,6602,8850,19631,35854,54420,72468,85035,99687,109150,119249,135052,151818,152616,201109,196446,195821,230078,286533,285305,283504
477,552,619,1118,1306,1821,2341,2415,3636,3979,4242,4561,4866,4790,7070,7454,7278,8876,6069,5781,12108
478,38919,68046,92619,116158,149280,182815,214269,272167,266950,320564,330409,386934,376750,450306,451183,453062,443348,435181,451491,569822
479,424,504,829,1117,1264,1687,1754,1858,2223,2324,2380,2500,2676,3053,3051,3234,3590,4076,4833,4531
480,42610,55068,94070,126758,151918,170995,189868,210666,223744,235499,249985,271468,271468,321505,321505,321505,357246,357246,411257,411257
481,430,498,695,850,978,1116,1486,1547,1534,1739,1827,1909,1970,2130,2256,2781,3117,7399,4966,4966
482,5930,7277,16746,30169,50847,66440,74178,87102,93157,111918,122862,135345,152550,173495,199347,199347,227606,276670,281857,281857
483,379,484,1008,1300,1956,2543,2774,3163,3590,4284,4340,4494,5489,5294,7613,7613,11862,21098,14154,14154
484,56249,97327,125340,138847,176870,212712,223922,263007,284633,330289,382774,369984,434541,433486,504010,504010,496835,625308,591795,666710
485,455,474,741,957,1285,1322,1475,1529,1623,1801,1819,1911,2189,2318,2364,2887,3196,3750,4176,3631
486,5419,6667,15139,28145,44986,53076,64228,75845,90805,98705,108963,119621,135802,138042,153903,182157,214651,266159,265818,263399
487,579,676,1010,1270,1708,1889,2262,2498,2652,2884,3482,3641,4512,4336,5009,5743,7907,4768,10029,10317
488,76939,52498,72077,87402,112665,138572,152441,182288,200761,233002,293393,292340,343079,285432,331090,413371,413466,378351,618884,585230
489,397,451,675,1036,1179,1366,1663,1821,2212,2265,2251,2460,2526,3123,2935,3233,4864,4475,4456,4327
490,5415,7435,17576,33381,53598,66859,79117,91746,111846,122579,121091,151630,151958,207734,203952,200885,290859,293838,290858,290245
491,600,636,1102,1252,1795,2360,2881,2642,3247,2833,3556,4427,4242,5724,5929,5878,5211,4930,5151,11921
492,47390,57117,78837,102563,136509,171966,210759,205369,272242,268459,331358,396816,389845,480153,457255,454493,462312,493893,440834,640432
493,473,577,838,1207,1490,1755,1820,1913,1911,2062,2042,2229,2288,2400,2488,2684,3786,3502,3467,2839
494,4940,7087,16280,31672,50160,64787,77668,92436,101791,111532,110020,139145,138075,158475,184254,185213,271950,270312,269966,217408
495,552,659,984,1424,1759,2177,2422,2613,3083,3174,3058,3964,3968,4156,5128,5341,4693,4403,10829,6958
496,42584,45414,73636,95902,127909,149549,180801,207243,231162,288801,279326,343774,343897,338183,416684,412380,413781,442006,676283,442796
497,488,640,811,957,1124,1200,1270,1438,1493,1561,1738,1800,1661,1864,1816,2431,3280,3142,2231,3171
498,6218,9691,21714,43432,58459,77721,90172,109552,119745,118598,132637,148992,148272,201613,196362,234797,291410,291956,230714,289819
499,456,591,1175,1725,2482,2800,3366,3495,3802,4303,4521,5051,4939,6984,7278,10264,6938,6813,9289,14486
500,45080,84067,116824,151169,191533,221942,237285,301292,289283,355888,352086,417775,348166,508377,483633,487524,488866,442619,434410,566178
501,484,560,834,1042,1018,1097,1742,1883,2061,2069,2099,2109,2235,2427,2593,2898,3245,3760,3527,3547
502,7285,11160,26256,41085,54409,64532,89561,103450,123505,123324,139769,137056,157365,175419,204694,206487,241765,301790,300601,296377
503,526,761,1401,1757,2209,2463,2781,2858,3373,3312,4169,4263,4768,5554,7479,7705,9761,5816,5751,14875
504,39607,67936,100473,118210,146381,169729,224720,245860,278052,284642,336844,332541,336153,394698,472921,472066,476949,487785,468909,685090
505,550,599,843,1030,1215,1389,1430,1490,1558,1645,1670,1707,1844,1809,1849,2104,2208,2918,2955,2120
506,8218,12563,29485,50119,62909,75112,92987,101082,119448,131508,145447,143884,186669,185196,182889,213324,246927,305382,304595,240972
507,590,751,1112,1697,1826,2602,2732,2633,2895,2979,4023,3941,4036,5439,5426,7402,10275,5547,5665,10246
508,62201,58900,90691,126415,147897,176043,209057,203119,265496,261957,317355,318282,318234,377029,371337,457875,450283,446344,460176,436176
509,439,575,949,1178,1299,1734,1810,1864,2214,2376,2387,2396,3255,2796,2749,3230,3733,4525,4718,4639
510,6679,10394,24778,43217,55046,71355,83927,90877,108612,118856,133475,133268,207334,170734,169660,198300,231491,281121,287108,283033
511,487,602,1021,1530,2217,2592,2787,2810,3157,3493,4980,5048,4857,5577,5814,7212,8819,5296,4940,11636
512,44645,55092,84838,113403,136436,160431,192661,191530,243298,242191,300008,296347,366922,352473,351887,420066,424000,451907,419135,614850
513,503,655,935,1269,1427,1802,1865,1962,1962,2130,2167,2246,2466,2491,2558,2788,2996,3524,3405,2856
514,6324,10291,23369,41414,54935,69406,81374,96316,104560,127751,127473,141060,183002,181338,213654,210508,245988,301783,296364,241041
515,590,809,1341,1581,1769,2081,1961,2957,2876,3370,3249,3612,4751,4708,6269,6459,8676,5332,5186,8141
516,40729,53592,83765,98549,124466,160454,170243,224075,249908,311597,307315,305442,361263,359274,450187,429819,433220,431885,380613,418379
517,470,622,825,1021,1036,1171,1234,1417,1371,1500,1498,1573,1745,1754,1949,2052,2288,3057,4556,3121
518,6719,11823,29181,51507,64259,82143,97182,113149,122573,135309,135622,171098,192907,195060,226352,221328,260155,320177,324805,323928
519,478,661,1371,1789,2203,2406,3010,3131,3356,3885,3874,4682,3824,4945,4090,6830,4955,4347,6381,6250
520,39718,51092,76795,107118,128575,151201,184633,204540,230964,269898,271177,339737,270776,327647,326931,405459,405081,348195,466772,437066
521,441,587,868,981,1047,1817,1811,1959,2167,1895,2196,2395,2818,2731,3077,3209,3170,4452,4115,5156
522,4989,9548,24356,43349,54231,73618,77697,92208,113715,112197,125055,140413,192494,190545,192531,219875,221109,276367,274858,275866
523,519,812,1382,2099,2272,2520,3119,3398,3307,3769,4072,4520,3887,5575,5357,7508,7781,4761,11729,11760
524,36298,71510,100168,135121,165577,195185,215277,278019,275392,324321,324580,322246,396729,471715,462562,456054,457794,430036,606081,601433
525,510,628,906,1057,1135,1266,1269,1346,1427,1409,1512,1553,1591,1703,1676,2115,2093,2713,2380,2160
526,4234,7507,19747,33089,41689,55164,66670,78456,98004,96046,122058,122194,142212,166719,164725,193653,194464,246390,240897,235675
527,530,713,1213,1697,1936,2215,2535,3169,2653,3179,3980,4187,4479,5669,5930,7981,8145,12749,10478,11115
528,31435,46991,67819,87431,104219,138402,155355,195439,199853,235880,289743,239845,290603,355933,348457,344291,345853,531375,510059,532786
529,404,585,982,1083,1332,1767,1817,2197,2362,2318,2845,3666,4515,3576,3963,7148,11261,6401,9860,9004
530,3969,8499,23894,39872,51291,70818,85401,93621,103642,102085,128139,177480,175618,173780,170996,251794,253311,250154,250673,247089
531,529,827,1194,2076,2728,2956,3053,3962,4356,4510,5505,7300,7365,7294,6981,6370,14291,14637,13393,13340
532,22519,46452,72113,95219,118724,160828,179289,205178,258281,249676,298957,390568,366725,377237,358778,357880,543855,549526,524057,509063
533,225,449,662,754,1060,1230,1248,1408,1416,1494,1658,2299,2576,2984,3489,10056,4839,4688,7800,8046
534,3431,7894,21904,35705,48974,64753,69718,86351,85644,97518,109028,148025,148428,148373,175773,220192,217303,215105,215998,214976
535,426,756,1307,1902,2647,3191,3753,3474,4135,4028,5038,6377,6059,6278,8352,13065,11859,11863,11379,11423
536,39939,54778,75738,100866,142938,152393,201147,198503,247258,243687,235239,364113,354202,364035,355358,533294,518831,471544,533549,515661
537,458,681,939,1086,1213,1387,1363,1734,1730,1714,1876,2092,3014,2741,4173,3978,3993,5713,5088,10608
538,4251,10558,25726,42903,61647,72815,79907,88254,98895,113980,129889,150468,176369,149934,223182,215664,218311,212102,217871,266388
539,464,925,1651,2676,3642,3659,4296,4432,4841,4784,5746,6809,9066,6840,13774,13249,11556,13592,12458,29925
540,32371,49793,77284,117517,152345,168320,192501,246033,230713,229067,286085,348409,343259,347992,514965,493967,504529,506612,518508,445492
541,455,811,1084,1110,1559,1626,1824,1876,1962,2341,2459,2513,3508,3754,3359,3450,4121,5755,5725,10393
542,4236,13182,36784,52794,71515,85161,104864,104118,134018,150639,178465,176361,207695,207547,205958,203872,260780,253563,260271,317678
543,479,1031,1952,2345,2540,3250,3265,4150,3784,4160,4414,4268,5284,8892,8031,8650,5107,12293,11962,8657
544,32752,63865,99452,127706,147649,191339,221476,272855,270236,265693,330191,323945,408782,408522,403654,402170,386916,543473,561673,551741
545,485,828,1034,1162,1248,1297,1331,1407,1503,1735,1629,1639,1921,1906,2117,2162,2703,2298,2339,3110
546,4934,13135,30445,45609,60695,70617,85914,94232,105728,138935,137117,136676,153415,157428,184582,185631,232998,226943,227470,226125
547,546,1038,1399,2547,3572,3568,3879,3340,4230,5138,4704,5271,5910,5546,7640,7740,9687,9037,8972,9591
548,40235,70677,94293,142943,190132,186174,242243,235568,286256,349919,343497,352838,428843,440752,427752,424077,597641,622949,630497,626243
549,389,723,1190,1184,1301,1807,1882,2334,2366,2515,2777,2733,2890,2960,3179,3715,3143,3185,3501,4920
550,4795,13977,30781,37118,44935,67159,78332,94248,105400,121153,136991,136935,155678,158483,186615,232693,182459,180843,230511,231528
551,533,1082,1599,2054,2712,3626,3499,3622,4414,4757,5389,5432,7157,6699,8892,16481,9184,8358,11954,12248
552,31978,75727,99431,109095,119746,188291,243314,245373,294591,286363,340699,344877,420015,435191,420719,587100,410923,389781,588668,583054
553,473,829,1261,1506,1766,1918,1902,2107,2138,2418,2531,2463,2565,2883,3289,3030,3887,3973,3657,4382
554,4236,13825,30897,44728,57326,75260,80626,100437,99272,128321,146457,146313,170173,173362,205693,202616,256847,258928,253821,254920
555,222,496,1028,1556,1727,2407,2518,3256,4023,5007,5607,5997,6736,7025,8690,8298,5534,14812,13712,13317
556,29053,66265,88385,123326,146165,173385,186373,223810,266614,329150,314872,318239,389005,400045,388458,378650,386161,545263,518468,530691
557,417,585,804,919,944,1018,1120,1209,1217,1359,1529,1525,1489,2282,2498,2431,3585,3076,2965,5584
558,3390,11213,28386,37902,49075,64337,70283,87036,86559,115729,130981,131255,130093,155095,182560,181633,233635,230498,226585,229303
559,381,886,1975,2851,4153,4502,4690,5644,6606,6696,7731,7785,7845,8815,10988,11102,14642,14634,13711,14595
560,25858,51395,82696,95635,127168,138345,153663,179404,216812,265394,254780,251665,247933,323230,321858,320250,481486,483594,450571,464428
561,471,837,1212,1272,1838,1921,1983,2136,2227,2509,2555,3716,3822,3875,9276,5451,5249,5005,7479,12398
562,4486,15842,37383,55806,76863,91704,100430,109346,122875,137051,159271,188103,182787,217398,274972,273769,271557,266330,272247,338571
563,550,1283,2248,2165,2769,3359,3914,4926,5143,5670,6516,5182,7772,5941,5140,6661,6590,16040,13968,9438
564,43909,67965,99342,120630,157863,177832,234972,281279,284358,350370,344033,344270,409914,417730,334203,412521,404165,556838,591925,545115
565,390,735,1188,1321,1432,1588,1621,1780,1850,1886,2225,2288,2280,3468,5358,5289,5043,3267,4430,14956
566,4191,14948,34166,43268,55164,74408,80676,97804,110349,124534,144940,173923,167070,206916,263285,263858,261425,205595,256591,320785
567,490,885,1492,1719,2078,2616,2842,2878,4026,4842,5206,4532,6823,4669,4449,4798,4779,6690,12213,7193
568,39408,59481,87365,106740,137786,155602,170627,196510,253733,297178,303735,305893,371000,375134,380185,372988,370788,394508,538943,495119
569,389,756,1165,1430,1779,1922,2203,2290,2387,2500,2920,3437,2990,3881,5557,5291,8732,5673,4855,13604
570,46581,101849,147676,176091,204034,226000,239828,251959,267980,290187,312116,343900,343900,380711,438539,438539,438539,438539,438539,510660
571,430,665,841,1191,1201,1399,1484,1557,1730,1640,1818,2076,2076,2463,2570,2570,2931,2570,2570,4424
572,3941,10967,21336,39230,52023,59142,72713,86342,107735,105803,135352,153521,153521,182707,212840,212840,270762,212840,212840,321507
573,496,913,1464,2020,2972,3682,3874,5072,5063,6217,7348,8003,8003,9268,12799,12799,20603,12799,12799,36381
574,70133,82468,89887,120156,149959,157438,199474,272766,260015,320439,380215,370740,370740,441104,427332,427332,676373,467146,387088,560360
575,506,702,920,1043,1175,1252,1269,1290,1382,1388,1538,1617,1617,1671,2114,2114,1854,3190,2717,3057
576,3429,8425,19631,32683,42610,56285,59407,70743,87852,86776,110674,127832,127832,152314,175967,175967,147450,221434,223757,218938
577,510,750,1232,1691,1894,1994,2675,2750,2921,3626,5556,6476,6476,9254,14016,14016,9056,22580,21976,21155
578,34747,88068,108876,132569,159809,193394,212620,220732,262105,311773,389369,393111,393111,446686,434510,434510,423379,568231,630816,476845
579,396,623,999,1141,1379,1637,1786,1829,2262,2253,2353,2641,2924,3203,4101,4101,3695,4786,4877,10562
580,3560,7705,19566,33731,44490,57084,67701,74256,90480,90006,101464,116016,134509,157835,189009,189009,156035,240135,239415,299425
581,512,762,1268,1880,2477,2315,3040,3707,5041,5183,5807,8531,11392,15764,22292,22292,16187,32387,29135,48969
582,31877,54682,74977,94108,119403,140366,158722,213854,265672,253998,242286,244012,315522,379796,370274,370274,373057,559240,550714,451527
583,360,573,992,1299,1507,1809,1873,1907,2053,2053,2259,2948,2789,2751,3415,4499,5181,3181,4281,10371
584,3539,8691,20034,35662,48072,63505,75704,83122,91980,92270,118083,165264,163305,156689,197226,244532,241220,185910,241633,300494
585,486,930,1513,2187,2493,2878,3145,4105,4305,4592,5821,10164,10311,9295,13969,9081,24066,14007,22375,39901
586,56859,53051,70056,99089,131389,162219,185360,211146,267541,262237,322619,401997,417022,389884,384453,384453,585836,342289,521132,475805
587,468,707,928,1143,1180,1252,1396,1492,1505,1751,1581,1863,1845,1908,2722,5177,2372,4964,3359,8320
588,3849,10423,24322,43093,54318,75137,93521,103372,101665,116399,132841,181310,184429,180438,212114,274158,211558,274683,272027,327416
589,488,938,1331,2483,3714,4596,4873,5035,6094,6400,7712,6898,10240,10192,14033,8970,13739,21015,19388,16183
590,35112,49756,74960,114184,129703,168252,226313,223365,277289,274691,335585,330108,407428,415992,398173,398173,403465,664075,626577,531286
591,455,799,1150,1128,1437,1717,1904,1946,1980,1982,1986,2279,2314,2532,3010,3591,4031,2996,3038,4673
592,3585,10540,25164,42215,59712,68929,84671,94163,93617,108460,122411,143159,141391,168015,199641,256165,253733,197824,192069,252207
593,543,1074,1793,3051,3737,4856,4933,5578,6793,7341,8410,9929,10064,11443,14053,8896,9268,13442,14350,20748
594,25748,45493,67401,103937,129580,142515,192571,191136,234738,233957,284508,283529,284546,372463,362023,362023,372101,388097,341318,503579
595,389,722,1024,1114,1285,1524,1609,1740,1739,1884,1944,2125,2156,2194,3370,4690,3947,3718,5053,4137
596,3709,12117,32151,47177,61013,80722,88192,97453,94918,125784,123470,167785,166383,163492,256568,256568,253304,255745,250144,254087
597,488,987,1603,1904,2901,2824,3304,4231,4003,5550,5445,9111,10481,9937,7817,7817,23562,22802,23353,20348
598,23335,68227,107868,136630,192784,214631,244546,300614,291896,369844,358015,447640,434200,437069,452593,452593,638256,577533,562124,505472
599,392,758,1124,1209,1358,1762,1801,2246,2249,2454,2471,2874,3042,3152,4156,4156,3951,3515,4156,10064
600,14132,31503,44815,58050,74049,83312,98162,109494,119301,125776,146580,151823,161253,168324,181041,189000,201380,201380,209483,220581
601,298,394,499,505,514,546,549,567,591,583,621,620,658,655,687,698,701,701,712,733
602,2123,2358,3268,3629,4189,4500,4810,5185,5513,5528,6018,6124,6689,6581,7072,7827,7942,7942,7846,8591
603,309,369,515,555,563,574,615,608,656,664,652,653,703,694,772,697,758,758,760,789
604,42487,92369,105987,99035,89938,80842,75315,69631,64309,61342,52423,51547,50659,48147,46032,44857,39968,39968,37768,35349
605,386,525,501,498,530,515,539,531,556,542,530,528,571,571,574,602,577,577,588,602
606,2534,5371,3414,3943,4557,4611,4998,5016,5478,5583,5512,5555,5971,5981,6328,6497,6542,6542,6616,7094
607,498,701,672,755,797,770,750,869,803,815,821,845,904,871,897,919,895,895,912,933
608,86249,66327,53595,54489,59788,61419,62133,59428,56057,55502,52361,51660,53856,52589,53680,52743,51049,51049,49894,49370
609,384,760,593,643,758,649,749,693,755,775,776,716,879,778,942,932,940,940,956,938
610,4256,13592,7592,8889,11703,11761,12884,14093,13827,14278,14217,14141,17954,17654,19128,18868,19190,19190,19389,19424
611,539,982,728,767,917,1046,896,1008,1120,984,1108,1233,1276,1245,1213,1311,1214,1214,1399,1137
612,59476,77646,58616,59306,65243,64739,68327,72209,70838,71932,69302,68952,72266,70760,73395,73597,71316,71316,71033,70111
613,562,1063,928,1027,1154,1121,1201,1251,1269,1300,1313,1330,1389,1345,1400,1388,1354,1423,1489,1605
614,6130,22065,16456,20220,26607,26688,30039,33430,36419,36080,36646,36007,38912,38483,41334,41021,40855,43918,43310,44244
615,839,1635,1448,1627,1972,1844,2074,1957,2128,2239,2188,2216,2392,2201,2458,2496,2496,2654,2487,2619
616,53476,81257,72020,79966,89217,89604,88716,103598,112376,112575,111626,111405,111191,110422,114970,117900,114692,126007,121523,127096
617,747,931,960,1099,1126,1236,1295,1281,1278,1335,1252,1274,1351,1310,1397,1446,1361,1499,1484,1519
618,8530,28904,29723,40919,46414,49180,53383,56101,63517,62515,63885,63428,67912,68903,75005,74867,74564,82048,82758,82237
619,878,1480,1750,2482,2729,3164,3337,3642,4188,4385,4441,4358,4419,4636,5200,4799,5044,5372,5339,5146
620,62906,78651,81969,113988,119959,152911,151290,161973,185406,185674,187573,187637,186909,185101,213154,208206,211570,206667,207031,207267
621,646,975,1184,1282,1994,2206,2302,2285,2266,2285,2299,2262,2451,2410,2503,2550,2453,2472,2522,2607
622,8269,30096,40705,47958,69831,85035,96713,94219,105239,106626,106399,106045,122974,122531,121205,122388,121380,120996,122356,122509
623,871,1993,2583,3216,3900,4336,4925,4603,4884,4585,4694,4827,5591,5566,5192,5261,5269,5490,5225,5272
624,40962,122027,156767,179486,262480,289291,364705,283910,355928,356465,344945,353137,351981,344222,332653,343786,328583,327763,342715,341171
625,765,976,1224,1268,1370,1451,1523,1678,1762,1741,2241,3196,3392,3165,3315,3223,3345,5306,4993,4949
626,10154,20432,38872,54536,77951,87384,98824,115560,113267,112890,162410,161725,161252,161486,165190,161486,162063,195855,194448,196161
627,1010,1345,1999,2668,3744,3907,4060,5353,5100,5106,7215,7188,7328,7178,6669,6969,7409,11161,9762,9923
628,104765,115437,176609,226947,273474,267828,312837,323858,314561,313486,445422,436241,445368,437770,435916,435598,447732,440232,436777,436208
629,474,849,1398,1939,2424,2487,2603,3123,3155,3085,3317,3625,3738,4473,4383,6134,6237,6080,5902,5871
630,24513,58108,115446,155038,211083,232590,229709,295358,295873,291580,289983,329426,328828,396097,395912,392888,391928,396835,395873,395962
631,553,809,2282,2241,2485,3002,3560,3377,3286,3367,3921,4246,5275,4381,4389,4523,4489,5694,5679,5788
632,73976,130256,207874,238414,286576,307082,307156,376960,378139,381184,379564,427963,426621,427053,426096,428801,428608,490120,488973,489106
633,358,488,733,920,1390,1375,1465,1578,1693,1686,1856,2027,2003,2556,2608,2642,2697,3711,3815,3729
634,22292,62884,190175,294479,382116,406829,442431,481243,529145,536287,536137,595777,593713,696229,694165,697683,695760,693750,697078,694136
635,330,462,823,1240,1375,1960,2037,2609,2345,2530,2974,3130,3034,3374,3221,3187,4279,4240,4323,4255
636,63553,107488,164877,221553,280227,354515,423901,485027,522821,577437,645676,725736,718681,726769,726076,724705,828212,833581,842390,832396
637,419,461,671,773,890,1120,1259,1820,1857,1928,2046,2077,2005,2859,2811,2702,2717,2751,2691,2638
638,4628,16043,40924,72487,90950,150998,197931,252194,278503,346623,391409,457506,456730,563727,553366,549612,552898,549862,547398,550313
639,355,660,980,1077,1208,1845,2337,4756,8460,6718,5738,7092,6597,7053,6921,7065,8924,8844,8704,8839
640,54430,103091,158430,169082,177742,205643,263369,360965,524128,514195,495442,581702,577471,585796,576702,578806,712059,714147,713478,710803
641,391,588,769,896,968,1183,1222,1717,1893,3152,2415,3072,3080,4149,4003,4016,4311,4370,4288,4402
642,7959,22695,42400,63535,85418,123837,161921,217992,270520,431946,427799,499894,498542,610156,609502,597034,610566,610230,608809,612168
643,776,974,1155,1181,1311,1440,2042,2574,2488,3384,5079,6330,6338,4395,6088,5914,7716,7708,7905,8063
644,54341,100243,110401,123226,132864,143746,172460,228260,260721,346261,465228,553223,557787,556780,555258,541060,682814,683406,680283,679543
645,525,674,906,965,1054,1146,1195,1298,1369,1493,1579,1582,2232,2125,2729,2626,2662,2931,2690,3066
646,6590,15778,30470,42026,57078,70820,84799,98077,125982,189374,230695,229066,359969,364051,451677,445499,457866,453415,450903,451571
647,752,872,1193,1342,1677,2251,2876,3851,4181,3724,3991,4698,7241,6617,5024,6696,9162,8982,8993,9429
648,50970,81714,110251,121357,125897,137699,174070,199113,231201,225637,251775,280023,480753,484869,481287,471242,597793,597049,599136,592764
649,502,630,836,1031,1187,1381,1632,2075,1983,2484,2574,2863,2905,3340,3569,4535,5722,5839,5606,5680
650,3480,5352,8656,17850,24721,46332,60505,78062,91525,112954,125306,141885,156678,189384,221582,287547,285288,284638,279248,288324
651,631,794,1086,1594,1573,2246,2579,3294,3578,4337,4723,5196,5450,6194,8231,5355,4950,8516,10484,8852
652,37620,61233,82489,103633,115486,170979,218028,260562,339585,332547,398725,391041,473861,599237,602080,604120,601644,847770,898564,885752
653,455,671,890,1122,1298,1610,1820,1962,1974,2168,2224,2363,2396,2510,4120,4179,5292,4267,4345,4260
654,4992,8079,12413,25177,34312,54452,64085,84361,90278,110596,122347,135217,136213,156435,274807,274733,276088,270830,272622,273050
655,397,598,833,1114,1345,1890,2136,2719,2764,3635,3981,4549,4648,5244,3955,5326,5279,9865,10800,9446
656,53406,79308,95129,114823,126294,170937,224401,282801,316974,316861,377842,369253,370272,443021,574861,574078,574589,815806,784682,819715
657,507,707,917,979,1242,1233,1303,1350,1449,1741,1797,2093,1932,1797,2805,5234,4985,3854,7797,6352
658,5885,9473,16063,31252,47662,62581,80056,93023,98795,122856,133124,151709,172958,172302,238134,293709,300557,297275,372219,376651
659,620,828,1246,1939,2379,3081,4048,4379,4667,5857,6444,7327,8014,7898,7375,5979,7295,7255,8556,8757
660,58903,75069,94880,122483,166669,196409,260744,287068,325418,410514,396668,509824,508711,481924,611274,467430,606486,591073,756412,767827
661,508,657,966,1010,1238,1234,1388,1718,1767,1937,1952,1921,2018,2192,2347,4709,6294,5986,7210,7254
662,6984,11310,20349,39903,52788,66437,73489,93119,108666,119844,132284,132355,146748,165548,183229,331474,322833,321999,424131,423799
663,642,979,1460,2016,2498,3283,3655,5462,5922,7168,7740,7975,8610,9982,10820,7500,8270,10928,11717,11534
664,68500,84256,112815,144579,171556,194607,247451,274476,304530,350054,436764,434295,434280,441279,530549,540644,530999,666831,896107,896012
665,480,617,854,1129,1266,1369,1592,1617,1649,1916,1964,1959,2115,2178,2191,3905,4094,5961,4787,4647
666,15352,25565,49497,86012,110098,131303,144569,174358,184000,231363,254446,254891,309389,309188,310087,580440,583808,581243,576825,590667
667,534,741,846,936,982,1076,1203,1381,1499,1465,1581,1740,1916,2133,2333,2657,3080,2981,5089,5058
668,105274,157649,195315,211631,228838,247898,271891,269756,306198,339243,388954,387472,412614,451172,454430,621350,710429,714632,817323,830919
669,410,512,700,784,895,1093,1138,1273,1285,1388,1625,1555,2318,2467,2632,3224,3199,3202,3613,5622
670,18817,45298,71399,92618,112131,141560,157400,174554,187428,211208,218803,239016,278633,306487,325718,430947,431517,431005,520984,689795
671,500,501,651,640,769,847,937,944,1066,1105,1266,1250,1516,1474,1414,1771,1665,1784,1841,2864
672,51238,83605,120132,149373,165165,183605,196969,203340,211226,228685,237432,247647,290758,305496,324786,397976,400100,399124,454127,651830
673,455,519,721,846,984,1078,1139,1283,1373,1523,1572,1925,1857,1906,2037,2158,2169,2246,2406,2821
674,18530,37414,62861,81851,105683,125511,138916,161446,170996,194865,201652,216021,243601,271990,300007,338499,339301,360705,393258,475627
675,633,521,638,747,790,877,933,1025,1073,1108,1300,1420,1325,1361,1478,1422,1586,1589,1663,1762
676,47385,82752,120131,156506,173194,191909,205300,212475,220545,236375,245160,274122,284949,312513,352307,373600,375465,405428,417328,502317
677,617,509,582,663,790,843,912,964,1027,1016,1093,1329,1200,1268,1333,1418,1491,1552,1694,1606
678,15485,39812,57659,87170,112288,133511,155143,170605,191348,205565,220572,228415,256273,296156,313468,352719,352172,375305,405360,403250
679,728,547,711,679,819,928,1054,1150,1188,1247,1406,1563,1616,1799,1990,2161,2203,2414,2459,2597
680,48599,88278,126852,158405,174934,194632,213179,219283,236419,244165,262893,274665,294523,337191,359205,381680,407831,443409,452703,448213
681,606,505,617,639,798,865,904,879,1008,1075,1048,1215,1161,1544,1611,1694,1867,1842,1822,1819
682,15398,32281,43330,63999,82765,109848,124616,140552,157533,180174,204274,211955,228188,266525,279029,314567,363888,363642,383308,422183
683,621,594,742,811,842,975,1207,1348,1308,1427,1547,1699,2127,2025,2223,2322,2206,2585,2450,2477
684,58305,101783,144858,170209,187819,209654,225356,234832,243555,262014,272475,284976,304521,332736,351719,397899,398234,424416,424190,423071
685,683,512,630,730,834,862,1017,1071,1224,1346,1373,1497,1644,1691,1825,1882,1907,2079,2223,2451
686,4891,11426,15035,22846,32644,43287,58000,68609,81902,94852,104814,109858,120031,131366,147805,165629,178470,209463,205262,251892
687,492,654,790,855,1065,1171,1389,1579,1588,1830,1885,2028,2182,2349,3086,3289,3525,3884,3861,5468
688,51107,86081,106018,128665,143462,163880,177093,182814,206014,224264,251973,249702,262697,306371,363815,393102,397081,531085,512199,514778
689,453,521,626,719,828,914,1055,1203,1192,1248,1337,1605,1983,2013,2435,2498,2503,2546,2695,3012
690,48112,73341,120498,149687,184826,199054,211674,229986,238632,249229,266887,293988,309823,328878,346324,368800,368800,402270,431511,477860
691,432,442,508,609,686,826,877,925,991,1135,1095,1167,1542,1602,1660,1776,1877,1855,1881,1950
692,6753,7080,8607,11679,16727,25089,30765,40966,49551,63345,70955,79208,97770,109328,118219,127638,139871,138099,145597,163386
693,529,602,771,932,1106,1432,1622,1762,1919,2596,2983,3580,5917,7633,8646,9512,10790,9980,11681,13612
694,120390,97405,79325,94248,113019,141963,143859,156971,166393,199044,227906,241733,338336,371579,425505,423404,512197,406680,526548,504315
695,427,491,526,610,730,875,912,1028,1075,1158,1243,1332,1443,1515,1539,1564,1605,1652,1605,1810
696,5218,7763,8865,13866,19485,36358,43409,63130,71711,82300,91290,112916,141449,152161,151596,151303,185546,184788,184399,248741
697,655,800,901,1003,1250,1233,1265,1774,2580,3785,4881,8950,12512,13985,13816,13342,17996,18221,18220,22676
698,51875,62317,71635,87734,111001,131638,138543,170107,186817,205910,243732,296758,371361,429822,434868,354392,525161,421703,512743,757167
699,456,453,523,664,717,956,1022,1120,1215,1680,1777,2219,2275,2354,2355,2470,2566,2774,2668,2893
700,7502,8082,10011,15378,23784,43997,58817,74845,83562,97259,112925,140066,151019,162783,161874,183396,181310,206682,181807,245237
701,756,699,859,1069,1192,1490,1801,3820,4289,6457,8900,12635,13930,14751,14911,17216,16719,17614,16470,18539
702,63753,91304,110735,132045,155278,185920,205653,249172,260314,330629,365029,455828,534524,506064,508771,521055,503291,605367,504552,760578
703,500,490,587,820,940,1126,1374,1491,1795,1889,1988,2038,2106,2161,2209,2347,2334,2401,2407,2417
704,8270,8763,10848,18635,29971,52555,74236,84500,98271,118781,138607,149343,160280,160472,177877,199126,198991,230255,233440,227804
705,698,734,817,904,1140,1461,2227,3022,4608,8323,9308,10431,11423,11302,12755,15626,16193,17195,17118,16458
706,84137,120087,144986,179264,205726,237658,284743,309522,366979,423245,520983,512520,591029,594889,592633,591288,599817,693715,645242,620676
707,525,556,578,701,812,919,968,1051,1101,1188,1220,1335,1470,1489,1569,1786,1763,1698,1734,1685
708,8945,9646,12150,21253,33513,59507,64816,85833,91000,99931,116006,134215,154975,169331,185869,205329,205845,234362,270372,231528
709,773,759,890,1027,1360,1700,1883,3304,3866,4810,7164,11220,13267,14277,14904,16791,16340,17456,13947,17429
710,119282,114903,137495,173890,201122,236046,243950,286348,289772,304514,375417,407613,500368,499954,594680,585122,598600,702367,608423,707498
711,393,416,474,495,716,626,826,856,711,776,1089,1133,1158,1275,1339,1272,1287,1310,1334,1327
712,11161,19265,24378,37952,61117,88030,107577,122033,131120,143085,163253,186337,196181,226931,245942,245488,268806,265257,298884,299006
713,647,764,804,1076,1270,1397,1664,1970,2349,3194,4110,5158,5227,6865,6850,8066,8951,10458,8279,9962
714,85308,125116,139744,180427,225159,232576,250399,271118,291211,321684,336556,384032,407907,447133,484998,483124,544234,616517,544083,616572
715,451,550,570,706,865,1035,1128,1212,1262,1352,1293,1366,1421,1462,1462,1738,1792,1684,1760,1911
716,11919,24056,25782,42008,63296,81595,95926,120064,134769,145293,150496,171909,192296,214579,227353,267078,264658,262489,321448,286904
717,626,775,852,976,1083,1335,1265,1449,1651,2128,2729,3766,3884,4983,6330,6825,7921,9449,6699,9329
718,78836,111918,118561,154894,195629,213488,221780,228611,248601,265997,292436,308556,327580,374396,406294,440262,492107,485822,527137,602956
719,478,525,580,687,771,981,1170,1331,1305,1397,1515,1583,1828,1931,1927,2165,2229,2219,2348,2311
720,13178,26654,28653,41912,60781,88421,115433,130339,144616,155326,167943,179481,187039,213276,224293,254434,276741,272205,305997,279370
721,502,719,766,883,1081,1163,1254,1344,1431,1922,2395,4186,5353,5225,6808,6210,6565,7494,7076,9178
722,65267,114425,117726,156862,181591,207291,209678,229186,232656,262618,277605,297874,322423,337970,389953,383623,425008,471542,496848,490043
723,528,587,591,750,855,1015,1114,1286,1475,1627,1788,1947,1897,1962,1975,2129,2186,2148,2242,2186
724,12711,25632,27784,40348,54819,76271,100917,121781,143930,153988,159434,179318,179294,188452,208564,237619,255259,251957,272410,273146
725,650,796,784,906,996,1348,1307,1403,1614,2124,2376,2978,3984,4174,5895,5741,4982,5787,6200,6126
726,57847,113977,114808,150651,175431,206368,212557,229703,246223,261226,271650,300273,318226,340330,385240,420978,419794,463729,413620,411949
727,561,599,594,660,773,835,910,1042,1331,1354,1436,1454,1429,1485,1451,1667,1652,1673,2418,1730
728,10207,19987,20128,31444,42450,59674,79807,95819,118921,129471,135584,146218,153768,163417,172755,210910,210587,209936,248658,227880
729,525,678,686,845,1089,1375,1676,2179,2937,4249,4373,5040,4859,5619,6902,8143,8400,9960,11482,10611
730,61405,107438,107228,144826,169536,201531,228948,245530,269695,304374,324310,345950,343292,366146,391934,466324,467355,466032,501183,500629
731,497,553,546,600,651,788,811,978,1066,1028,1083,1518,1476,1542,1575,1738,1728,1783,1855,1741
732,8036,10278,10366,14607,21640,32544,52281,68131,83092,90643,94542,111472,112913,128324,136515,157727,159297,174169,208998,187442
733,385,532,471,689,621,1033,1535,1923,2829,3555,4017,5885,5678,7302,8168,11304,11429,11662,14890,13068
734,75717,93515,93816,115024,141085,168477,190743,208799,230656,259982,255273,323618,320232,350532,346489,427260,423228,511970,568273,477327
735,442,457,457,603,631,732,865,1014,1178,1280,1308,1418,1387,1428,1464,1600,1598,1561,1730,1770
736,6785,9001,9051,14528,19737,31054,50024,69833,85367,94580,104425,120509,120701,128220,140031,165523,164288,165627,205232,204855
737,731,893,850,1004,1208,1492,1987,2917,5204,6180,7769,11192,11125,12227,12597,12187,15014,14650,17853,17774
738,64107,76981,76516,104537,123699,138288,158017,193059,227734,243414,290331,316327,315576,348618,399170,392150,483206,485587,547028,460942
739,426,472,499,658,744,917,1191,1254,1421,1737,1819,1988,1976,2300,2270,2369,2345,2362,2616,2861
740,7044,8124,8824,14030,21645,35532,54476,69755,88629,98832,113803,132890,132514,145182,143157,156939,157375,157173,197322,229190
741,635,670,724,846,1135,1512,1520,1809,2807,3084,4428,4114,4834,5358,5694,5957,5867,6307,7307,8629
742,79358,58868,64397,86739,101035,124889,153362,171984,212009,254513,278867,310691,367227,361201,349356,437343,439922,435619,456825,555500
743,487,492,538,753,868,1099,1313,1641,1887,1945,2012,2068,2068,2132,2227,2269,2219,2301,2473,2525
744,6494,7420,8409,12890,19500,31746,54336,65895,86642,99488,117347,128901,126895,139402,139097,152783,154036,172944,196868,238914
745,709,720,805,921,1064,1287,1531,1697,2358,2909,3217,3596,3602,4129,3867,4043,3965,5602,6165,7926
746,67286,48563,59152,82448,105427,123175,156986,171337,236915,257077,332107,327823,323763,396967,395500,392476,402145,492924,578987,684427
747,561,559,661,801,944,1076,1120,1244,1362,1519,1514,1582,1782,1788,1855,1891,1930,1982,1749,1833
748,7298,7414,9109,14566,24918,40923,65811,76353,104257,122865,131485,144766,144224,143891,160398,181246,179631,180287,205096,244755
749,570,570,711,863,1292,1409,1799,2479,3796,4035,4439,3747,5239,4917,5454,7237,6992,6500,8871,11578
750,57997,54397,70282,85585,115160,135591,169750,215358,269378,352085,337538,337847,419005,414792,405561,520946,414092,410249,519167,656252
751,547,559,654,844,1046,1041,1163,1397,1700,1743,1923,1952,1892,1977,2080,1998,2276,2210,2283,2313
752,8178,8040,11224,20310,37529,59236,83143,101983,138062,149328,180375,181096,180877,200933,225264,228169,262126,261579,312635,308970
753,623,646,820,1051,1599,1874,2358,2790,3170,3381,2943,4413,4281,4897,4846,4725,5905,9027,4501,5990
754,63282,80506,105422,143672,170523,206395,244989,300090,346392,338875,373742,425133,423205,504546,501607,495409,500067,597684,467892,560381
755,389,428,443,538,663,792,789,956,973,1038,1036,1056,1080,1136,1109,1061,1225,1141,1212,1202
756,8520,8479,11677,18400,35421,55186,70482,80860,89383,109964,127348,150072,150651,166554,185972,186465,213006,207893,241684,239351
757,584,631,748,957,1336,1688,1722,1806,1990,2727,3027,3119,3650,3422,4207,4304,6230,6150,6803,6695
758,73472,89143,111180,140956,166412,195366,218398,237209,250386,333807,361470,403911,406662,399286,498622,497567,498435,489163,568668,562911
759,543,574,624,844,1038,1319,1350,1482,1825,1930,2000,2170,2443,2440,2563,2499,2728,3009,3044,2885
760,8663,8909,12114,20279,41031,64150,78180,90665,108174,125035,135690,146055,180891,179135,196790,197475,221194,260334,305626,253725
761,673,704,740,1238,1629,1606,1888,2311,2449,3053,2923,2923,3764,4387,5069,5479,6584,5154,5521,7237
762,78296,88771,112422,138451,176011,197287,223415,269416,289874,340883,335787,366287,422008,519222,513414,511395,503600,511060,558056,547354
763,584,605,735,1033,1214,1384,1492,1753,1906,2032,2125,2126,2162,2238,2373,2322,2526,2630,2544,2578
764,8533,9164,14008,25911,47960,73919,84426,95564,107157,130150,153995,168005,181214,199576,201695,225828,252664,293106,287775,286712
765,720,746,898,1115,1665,2732,4019,5254,6686,7490,9339,9912,10315,10903,13626,11765,11781,9978,12381,16475
766,83749,93434,116619,147498,185709,208472,239359,261980,281337,328677,364072,394624,447743,442395,534553,535562,528980,534599,510477,604137
767,521,603,699,857,1075,1068,1186,1250,1333,1417,1504,1566,1666,1708,1880,1987,1984,2112,2131,2201
768,8191,10132,14733,24958,46806,63647,74809,87699,97434,108842,125507,146134,156596,172438,189595,190393,242765,244572,280134,240536
769,768,811,1005,1211,1635,2269,2745,4129,4863,5917,8578,8261,9095,10177,10430,12490,11175,14082,11332,14401
770,81241,82133,104419,137435,170333,195336,209170,231831,244601,285974,343128,340262,368641,424554,424939,511756,510197,612815,523761,522830
771,535,612,671,891,1142,1154,1208,1364,1401,1629,1726,1759,1704,1761,2068,2008,2135,2159,2196,2393
772,8596,11043,16074,29341,53444,71543,89133,101461,112785,125022,135491,159526,170847,170265,187308,202109,254615,252708,253372,286172
773,837,871,1151,1315,2049,3158,4250,6116,7178,7471,7990,9516,10017,10079,9586,10707,11697,11708,15384,10883
774,77430,75788,98471,131165,164648,188825,204409,241919,260548,273828,274858,362250,359385,355436,403473,397791,466366,463661,520642,520407
775,553,674,791,902,1194,1141,1256,1303,1433,1641,1632,1620,1640,1678,1809,1640,1842,1904,2015,2114
776,13937,20046,30304,52235,90653,118959,144076,151612,168033,190641,208314,222053,248710,248619,267705,286534,340680,340778,340226,379569
777,534,610,665,720,723,622,710,989,1384,1694,2282,2817,2544,3431,4335,4302,3566,3758,4310,3895
778,80181,113137,139928,187093,200681,202869,215102,230533,252144,270769,283572,302198,352252,374786,409991,406998,440745,438391,508748,514404
779,586,632,667,837,1050,1072,1239,1416,1404,1546,1597,1703,1876,2146,2314,2187,2419,2433,2426,2542
780,43034,57484,75708,110809,139167,162177,190926,208696,227414,246490,246490,275088,290233,304997,324295,341556,364800,364800,400509,428349
781,411,430,505,612,765,845,1015,982,1158,1081,1160,1150,1527,1596,1614,1685,1960,1960,2191,2070
782,16824,17487,21326,37302,55078,76611,99643,126765,139547,144498,158932,164351,180363,194337,207056,236254,275012,275012,330073,331112
783,379,477,635,864,1148,1415,1435,1670,1868,2017,2258,2466,2483,3223,2864,3553,3344,4102,3325,3784
784,82811,128111,151858,192149,226923,243679,261587,283500,303208,312209,346250,372417,398688,452527,458716,550595,549234,617363,492559,554410
785,355,431,435,596,729,799,980,1134,1140,1289,1327,1477,1513,1563,1599,1700,1765,1848,1996,1964
786,18305,37148,43171,67172,94554,121071,150366,168392,187744,201195,217480,228182,246257,266350,280395,312150,358259,353878,416332,412968
787,351,441,560,595,732,763,816,901,948,1085,1280,1420,1410,1453,1466,1504,1641,1858,1687,1847
788,50095,106330,151844,170132,194664,216913,232878,241783,250390,271778,280955,319024,318220,333327,369829,425390,449880,487037,452381,490134
789,325,401,448,556,654,701,873,1058,1241,1284,1364,1432,1494,1619,1834,1933,1974,2164,2410,2423
790,1782,2402,2641,3526,4969,8254,15495,23575,30277,37275,43024,45340,48857,56060,58130,69159,82502,89652,98649,110908
791,479,659,751,874,1114,1398,1643,1658,1793,2122,2745,2931,3035,3723,4327,5866,7042,7767,8812,9187
792,52459,52413,49965,67094,79105,89383,104792,120369,150913,154211,168486,170090,171043,216075,231906,255504,358026,347606,307952,383327
793,449,467,520,661,839,984,1138,1377,1462,1568,1666,1765,1818,1885,1942,1980,2122,2254,2505,2364
794,2610,2707,2899,4160,5780,10250,20579,31338,38068,41070,48455,50572,54986,66655,70130,84915,89048,101814,115105,113477
795,634,709,799,987,1209,1305,1732,2059,2308,2637,3200,3490,3815,5734,5792,7191,7673,8574,11272,10561
796,65248,34886,35562,55929,69012,78396,94029,119250,134185,143470,161909,174454,201012,218653,251468,293440,352195,356381,396508,386653
797,588,560,655,741,877,1095,1106,1207,1416,1391,1475,1508,1659,1806,1901,1918,2075,2246,3422,3493
798,2656,2677,3352,5291,8888,18241,32956,43978,53730,57103,69974,74690,89882,98460,94819,104995,118621,118864,166818,165614
799,549,573,714,948,1223,1482,1846,2264,2773,3243,4130,4122,4708,5183,5104,5477,5887,5695,7156,7433
800,46441,41200,56058,68202,77187,96215,126841,152555,192563,205663,229360,261655,306306,296450,290737,355936,345656,342842,579273,579795
801,523,544,617,766,933,1149,1155,1806,1917,1969,2265,2236,2302,2615,3006,2794,3144,3769,3845,5424
802,2937,2885,3837,8463,17733,36021,51475,64659,83643,88517,108518,105829,118829,135494,160517,157517,194436,195686,226879,298625
803,716,709,940,1328,1717,2280,3026,4126,5887,6296,7801,8368,8532,9867,11348,10560,12174,12150,15362,19024
804,30739,47923,62168,93217,104528,129224,174327,230568,282848,277546,407733,318494,392668,401891,486106,481190,593023,589619,543810,770166
805,579,553,679,836,958,1164,1293,1567,1638,1796,1812,2058,1995,2149,2131,2160,2339,2343,2536,2240
806,2617,2655,4423,9882,22808,41223,54251,74307,87390,97299,106480,120694,117785,137967,169019,165047,162452,163549,196354,164582
807,799,748,998,1323,1661,2091,2986,4403,5590,6107,6559,7984,8041,9141,10771,11090,10579,10480,16347,9931
808,48502,51173,78538,99085,119403,155847,206976,278145,315412,317295,379097,375644,375962,451864,553416,549759,554091,549985,568410,447130
809,492,496,692,915,1207,1384,1844,2004,2468,2535,2543,2867,3256,3490,3161,3404,3666,4009,4141,5962
810,2749,2759,4917,14270,29337,48361,67693,85279,102272,115597,114109,129436,150305,179427,175945,180107,177216,214228,215320,291187
811,697,685,962,1593,2048,3683,6900,8884,10389,11921,11614,14093,14499,15656,15278,15033,15091,17727,18038,22882
812,40551,48132,68034,98009,116145,157893,227600,293030,368741,371406,359381,362040,446266,541264,529954,523775,529896,518724,524349,829708
813,617,537,786,1046,1326,1767,1985,2019,2117,2280,2362,2641,2680,2581,2602,2690,2769,3286,3910,2827
814,2679,2702,5105,17426,35385,54487,75558,87667,96665,107678,118819,136989,158108,154811,154449,190035,189315,231803,308037,187848
815,796,779,1174,1946,2331,3128,5041,5105,5343,6876,7610,8707,10440,9886,9902,11837,12188,12463,9794,11297
816,51597,40209,65530,88958,108483,149168,222218,247241,286526,374858,375285,372623,450514,448319,438380,568065,570548,563662,533138,541243
817,630,599,791,961,1143,1313,1408,1542,1600,1847,1718,1879,2111,2023,1980,1978,2082,2477,2629,2822
818,2879,3062,8376,23155,45733,65901,81822,88350,97417,107065,119542,134185,133236,156185,155844,190070,187306,186067,227058,231612
819,736,675,1126,1922,2759,4355,5842,6589,6039,7913,8709,10474,10160,10696,11563,11889,12896,12116,18108,17205
820,55886,36497,72583,95657,127083,190002,229752,267736,258971,314602,316227,314413,316955,381822,392191,494915,501606,495953,546972,553443
821,581,567,836,1205,1226,1395,2009,2105,2279,2297,2399,2863,2829,2896,2941,2746,2994,3726,3788,4122
822,3652,3564,12257,35819,55772,63620,80638,93357,102260,111813,126028,163155,163232,162789,195502,160813,193351,234175,235295,234650
823,742,678,1400,2025,2838,3158,4280,4144,5701,6056,6511,9075,8859,8815,11837,8672,12000,15294,13703,14177
824,45972,46399,90786,122920,166837,205221,213687,239928,277728,349570,352132,418769,431492,421228,529947,419534,523323,520312,523761,535935
825,623,623,927,1185,1282,1366,1502,1481,1577,1628,1796,1793,1933,1937,1931,2046,2006,2365,2746,2523
826,4022,4146,16926,44464,57692,75198,96709,104421,114409,124740,138274,158526,182281,182309,181234,218601,214936,265730,265569,270129
827,721,777,1520,2154,2753,3125,4350,4151,4481,4942,7073,8258,8244,9024,9192,11489,11594,14879,15424,15780
828,47126,50684,96896,132453,159731,219518,240932,267967,308184,303233,369477,365564,448084,446277,441549,553407,549720,559286,556081,565119
829,507,523,806,1146,1241,1541,1819,2118,2140,2479,2515,2872,2809,2788,2986,3120,3002,3369,3592,3669
830,3797,3925,17972,44263,57630,62895,82732,94863,102658,124066,123214,156488,156359,155706,175002,175785,174503,207489,255071,256153
831,757,768,1458,2085,2645,2945,4610,4761,4993,6313,7036,8935,8803,8955,10798,10216,10240,12121,13895,13510
832,45575,60604,122081,150549,182458,185295,263018,259027,282943,326903,382496,381873,377836,377750,444713,454735,450905,454232,492701,501474
833,428,428,556,641,829,827,926,1014,1016,1344,1213,1558,1656,1885,1739,1786,1913,2688,2489,2579
834,4084,4108,18315,36219,50755,58857,69247,85378,100973,111873,122022,155965,154990,175571,176503,175408,208832,250858,250317,254564
835,734,719,1371,1717,2569,2978,4054,5382,6330,6737,7030,10659,10711,11561,11049,11487,12676,15920,15661,15440
836,55938,62488,110096,127961,152832,172310,194786,236266,256900,295790,288627,421776,425136,420361,412903,411965,509768,517674,514200,529450
837,598,660,944,1219,1328,1440,1552,1676,1726,1900,2063,2172,2186,2267,2356,2387,2425,3467,3908,4296
838,5161,6031,21265,47347,58505,71927,79258,92584,109462,122526,134072,169844,167533,166917,192223,191827,222136,273413,339190,340896
839,693,679,1418,2032,2449,3217,3949,4419,4913,5106,5468,5951,7933,7842,8887,8666,10641,7870,6115,8613
840,57302,57424,111957,139171,158981,192498,205616,247596,271541,313549,308777,365908,433251,371470,429985,428396,539591,537765,413265,521568
841,611,664,978,1132,1206,1319,1788,1795,1853,2078,2208,2200,2213,2622,2618,2725,2423,3244,4302,4020
842,6025,5874,22242,45428,57721,66614,83093,96222,114259,123969,135740,150344,172024,198252,193993,233498,194349,275179,339976,342679
843,756,712,1594,2388,2662,2831,3661,3909,4425,4427,5020,6442,7350,5898,8066,6257,7716,7479,5816,8438
844,65460,55160,108461,135742,154822,174949,202794,244998,272107,310427,306590,366720,436965,368524,437732,437566,431794,543772,441821,545273
845,695,732,1065,1177,1242,1356,1485,1464,1491,1589,1745,1684,1642,1837,1849,1851,1830,2186,2916,2496
846,6277,6101,21875,42442,58326,69193,80088,94104,99662,114837,136606,137888,135181,169678,168885,194459,196669,231980,269768,269443
847,785,779,1415,1809,2169,2425,2931,3161,4248,4443,4905,5658,5699,7664,7555,8990,8670,10046,12780,12170
848,64528,50957,93400,119225,144961,163258,188699,185168,223410,248806,286721,337517,337221,336929,338353,407972,405944,502943,525386,525504
849,575,617,934,1194,1282,1564,1928,1902,2047,2165,2657,2549,2554,3136,3218,3269,3186,3420,3787,3819
850,7146,7118,23904,45999,63452,74691,88032,95564,110073,118357,139475,139177,138805,195286,194038,228213,228031,226493,265717,266217
851,767,799,1346,1610,1887,2561,2825,3893,3771,4561,4980,4991,5098,7550,7689,9284,9188,8872,11333,12984
852,57583,56840,104014,130953,158367,176121,206268,252150,244799,311561,371110,367120,359143,434454,424356,526135,520710,517519,540111,538165
853,624,684,1039,1331,1604,1872,2047,2080,2182,2221,2403,2384,2464,2748,2940,2730,2780,3021,3424,3537
854,7706,7545,23493,45947,62633,74242,85083,98613,113125,112731,134124,134970,148007,187891,216926,214328,216842,216804,257391,258614
855,629,645,809,1417,2136,2439,3547,3610,4108,3979,4793,5692,6415,8130,6216,9370,9206,9224,11840,11926
856,51311,53871,97114,122718,148119,166641,196708,231908,255661,249041,281595,340444,336078,394784,403006,470489,469027,468986,500975,493194
857,681,694,933,1123,1394,1559,1656,1622,1795,1924,2102,1968,2001,2299,2483,2171,2308,2555,4103,3865
858,8194,8106,25656,46120,67830,79070,88200,101696,117200,128156,140072,138762,153144,192295,220257,191287,220166,220032,322592,325198
859,646,749,1296,1830,2323,3528,4931,5403,5698,6449,8382,8329,9236,10788,8563,10436,13683,13565,10810,10896
860,48790,64114,108837,135022,160994,180438,211496,246959,270050,307557,373990,367894,367433,433631,424880,425483,514886,515528,488026,481830
861,667,692,968,1264,1303,1408,1823,1813,1874,2181,2269,2069,2223,2283,2747,2501,2502,2661,4129,3646
862,8306,8312,25334,44980,60842,74384,87489,100765,117376,127878,138220,138838,172713,173328,227925,196658,227711,230161,336319,338320
863,809,834,1357,1888,2345,2635,2941,3687,3805,3776,4441,5356,6155,6248,6320,7368,8205,8586,5696,7679
864,60194,65310,109894,134447,160973,178925,209176,245493,268879,305738,298259,357496,429436,354672,414728,416379,505707,514487,415635,513585
865,644,674,916,1125,1255,1440,1623,1538,1634,1769,1847,1737,1804,2036,2028,2035,2268,2264,3935,3361
866,9516,9675,28461,46880,66121,79468,93066,100864,123443,135228,145926,144377,161191,202661,202709,232868,233712,235001,322356,336347
867,709,740,1060,1438,1836,1952,2524,2695,3655,3591,3894,4487,4621,4548,6462,4934,7001,7392,6331,5698
868,58952,59208,104768,124998,147447,177398,204406,199626,265897,304194,303736,355150,357151,358781,421488,420458,506612,524473,493375,500101
869,606,646,834,1172,1296,1536,1672,1996,2091,2268,2749,2564,2671,3223,3169,3445,3090,3597,4792,4940
870,43547,43547,92855,126283,154442,174114,194345,214327,225706,239941,253076,268680,268680,315404,315404,348347,315404,348347,386630,449454
871,427,427,632,838,1038,1213,1247,1396,1454,1444,1540,1784,1813,2019,2019,2176,2292,2750,3836,2679
872,10187,10187,24563,43882,66484,86249,88086,98144,110857,117126,132878,158585,158585,187762,187762,206584,210528,235215,334539,275167
873,552,552,966,1423,1740,2132,2523,2592,3162,3315,3686,3612,4270,5849,5849,6436,6831,9885,6722,12633
874,95470,77264,121570,134201,156663,190577,213427,227186,270846,265942,336294,335196,390160,380449,380449,442280,455908,521109,515834,503882
875,520,550,744,893,1067,1149,1225,1285,1288,1327,1386,1423,1468,1702,1931,1704,1735,2206,3508,3678
876,11247,13229,30714,48253,71735,87278,98797,109171,124867,133298,152379,163892,164201,196782,220162,216958,217103,246183,349615,342176
877,589,569,948,1395,1346,1649,1960,2352,2693,3048,3315,3489,3956,4815,4082,5364,5546,7451,3684,5206
878,63741,82764,118576,137298,150404,169964,195628,229273,266508,265963,327368,328299,380110,377724,377724,419487,441136,503180,431518,495853
879,484,449,645,803,1041,1137,1240,1738,1704,1873,2246,2349,2330,2736,2980,2890,3210,3487,6608,5477
880,12736,12722,26640,45580,62883,83595,90773,106592,114664,130111,145296,157514,155385,184641,204001,201898,234797,234898,319715,318333
881,622,614,1006,1524,1592,1631,2358,2558,2559,3006,3255,4117,4312,5666,6596,6505,9488,8317,8174,6601
882,64270,83900,116502,140659,165665,177608,201040,240841,253252,276611,336932,397062,384114,382810,443732,435055,517332,516189,478372,473626
883,463,463,658,928,1087,1502,1700,1799,1861,1924,1962,2084,2145,2354,2405,2633,2588,2830,4024,4199
884,12510,12638,24322,41790,63000,80646,91995,102310,115627,132031,139742,164227,163934,199211,221552,254724,251821,254640,361855,362238
885,658,663,1018,1483,2091,2074,2623,3246,3676,4240,4333,5001,5676,6677,5682,6199,6216,9662,5572,5519
886,79329,63865,91027,119228,139980,151155,176734,190339,201775,238027,261502,292811,345541,345447,344420,408834,404737,482866,505573,416849
887,567,545,737,917,1056,1263,1404,1441,1514,1667,1673,1761,1949,2165,2115,2232,2225,2382,2823,3531
888,11795,11776,23064,39031,59344,78327,86544,96102,110881,132333,132290,154993,154212,185147,208956,238492,237484,239019,273013,330050
889,579,598,858,1399,1691,2094,2498,2726,3513,3443,3945,3716,4508,5573,6110,5337,8092,7967,11062,8078
890,66423,53660,80068,107118,127627,146645,177899,190995,227521,248302,280351,279839,329290,328910,408048,401521,469237,467270,478063,482858
891,524,525,688,922,1140,1251,1289,1646,1654,1724,1851,1886,1942,2284,2397,2348,2285,2629,2824,3351
892,11482,11485,24103,38169,57759,75211,86676,96141,111092,125587,135505,146869,159123,197674,224457,222782,221787,224088,256771,314110
893,638,636,1012,1439,1889,2320,2533,2720,2972,3653,3318,4067,4261,5376,4620,7221,6768,6817,8768,5710
894,56284,46670,74310,94307,112890,137141,155942,167031,199469,250477,248256,289912,286768,341386,337926,415110,413126,401463,436216,434526
895,541,523,716,939,1091,1271,1357,1368,1469,1543,1609,1675,1698,2016,2073,2070,2009,2254,3071,4382
896,10619,10860,22450,38882,57891,79556,87548,100407,113024,130354,141032,152635,169205,216936,216362,214275,213659,247635,303777,300545
897,717,745,994,1370,2126,2663,2917,4107,4410,5065,4698,5729,6317,5069,7111,7232,7259,9173,6231,10220
898,41179,47389,70625,89909,106737,140141,148041,200516,209170,227298,229191,278772,335101,320267,396571,374764,376043,388186,379776,547003
899,9135,9012,20829,34418,50810,73963,81111,91460,95806,110392,117852,131178,141942,181926,185082,182239,200962,231023,267611,265794
900,10820,24007,34419,44934,57973,65638,77958,86607,95585,101058,118617,122188,129945,135725,146840,153939,164596,164596,171715,181915
901,300,397,466,492,515,550,538,568,584,509,622,506,508,525,513,536,547,547,550,565
902,5620,8312,12251,13900,16051,17340,18520,20222,21510,12745,23190,13790,13759,13646,13685,14678,14826,14826,14917,14824
903,391,515,581,624,662,657,695,723,715,667,745,663,661,692,711,643,709,709,687,685
904,33811,75489,86120,85210,82004,77820,74066,70754,68044,55253,62395,55471,53390,52020,49676,49018,46169,46169,45239,43612
905,7639,16405,11506,12311,14477,14391,15572,16447,16507,13303,16470,14488,14558,14483,14467,14651,14398,14398,14526,14407
906,9090,20322,16374,17530,20172,20229,21703,23315,23521,18776,23565,20317,20407,20398,20266,20556,20392,20392,20527,20509
907,504,731,667,749,887,800,811,886,918,768,929,842,881,888,816,873,868,868,852,851
908,67948,89914,87301,86166,93199,94181,97157,95780,95508,86039,92566,87581,87208,86263,84718,85176,82497,82497,81798,81230
909,429,633,614,664,665,651,670,722,752,663,766,689,713,761,671,693,748,748,701,712
910,733,1059,901,982,1126,1132,1156,1339,1218,1134,1252,1138,1155,1228,1202,1172,1200,1200,1210,1190
911,14276,30768,25152,28854,33295,35438,37696,39712,40244,35426,40151,35097,35610,37691,37342,37683,37766,37766,37315,37818
912,31021,47888,71629,89055,97614,96796,100612,104890,105846,97338,105384,96179,96672,101203,99641,100933,100731,100731,100064,100711
913,533,835,820,993,1022,1093,1200,1246,1237,1165,1246,1190,1197,1212,1185,1252,1249,1249,1276,1230
914,14332,30423,31398,42467,48534,51728,59751,63826,64092,55491,63854,59992,59643,60024,59038,64808,63954,63954,64197,64416
915,733,1049,1244,1600,1694,1771,1949,2016,2020,1865,1907,1863,1808,1787,1727,2091,2001,2001,1848,1933
916,64729,79683,82799,93013,95414,101185,106411,117268,117481,107311,117472,106814,118199,117816,117820,118354,117323,117323,118620,117515
917,12931,28884,37993,53064,59902,64370,72881,76167,79257,73029,79197,75702,75977,75845,79185,79176,79341,79341,78823,79022
918,12587,26816,44078,60949,79416,90024,98832,102675,108081,98713,108187,103556,102959,103226,108219,108460,108771,108771,107482,108760
919,492,746,1025,1250,1489,2210,2884,2735,3233,2706,3351,2826,2838,2746,3208,3255,3168,3168,3161,3126
920,43580,63724,80892,96598,117720,133417,166887,164574,180820,169159,180038,166885,164245,165084,181516,180829,180951,180951,178328,180467
921,11138,24206,39710,59908,72261,86279,94658,99352,109005,99096,114686,107845,108166,108570,114205,114884,113012,113012,121199,121520
922,8769,19901,33265,48281,58166,75386,87446,105816,112908,130301,142077,141506,142305,142353,142334,141544,141096,141096,153583,153751
923,10657,23329,38827,50285,65210,79850,95015,108922,122767,142329,152666,153387,152496,151868,152716,152376,152347,152347,163737,165305
924,13272,31432,53551,71504,89344,105783,125317,146429,165090,179828,195951,234321,234849,257486,296893,295118,296887,296887,354903,353759
925,532,761,1007,1146,1208,1311,1393,1425,1598,1807,2151,2156,2154,1884,1967,1858,1925,1925,1824,2162
926,741,1017,1310,1699,1864,2066,2784,3101,3472,3969,4184,5985,5756,7006,9192,11438,9663,9663,6533,7108
927,11622,23714,38445,52936,69206,82298,100304,115852,131023,140902,151574,179191,176441,195139,221067,221900,221951,221951,221478,219872
928,25966,64743,62549,81330,104696,133917,161755,175489,204300,226375,219702,244326,297644,353095,340236,343433,404955,404955,392302,391325
929,11069,22489,37052,51413,70822,85731,98681,121207,137872,149426,161710,177709,195773,196516,219750,222232,219566,250945,252115,253203
930,10607,22746,41365,58506,70635,87772,105147,120190,133230,153715,165499,178376,196184,216168,216259,245950,244312,277267,278131,276990
931,613,864,1281,1134,1476,1944,2464,2896,3775,4184,4689,4802,5626,6075,8935,6750,11776,8592,16347,17287
932,53977,83580,110310,118810,135049,163784,183306,212741,232303,252207,249875,281031,329918,326987,378019,372859,439440,371905,440766,444938
933,10450,19351,35079,50001,65509,83161,99615,120596,138087,146909,172958,191771,192301,210681,234986,235214,271155,273876,277920,278561
934,8228,16406,28165,41281,54002,67982,80991,94270,108787,123315,144154,157513,157052,171839,189722,189956,214303,219590,256187,256387
935,10471,20348,35266,51068,64872,78545,95927,110304,127458,144730,155841,167090,182441,202256,222031,223052,252285,251463,253066,291729
936,16413,30361,45445,58908,78456,88492,102907,118434,135524,151863,173982,189103,187672,206365,223794,253930,251312,254372,307856,305842
937,8314,18517,31748,42685,60330,69678,85136,97565,107913,132413,150541,163209,175347,194829,193547,213715,214882,243657,243189,241368
938,7978,16049,28693,39731,53181,64708,76375,91468,101492,116088,131580,154521,165239,184295,181453,203894,202470,233390,232110,230558
939,10092,19924,33021,44320,57994,69517,81792,98765,108759,126630,144414,154365,166927,199046,199306,221797,221972,247400,250388,250678
940,14171,28564,43316,56305,70306,84232,100139,112554,128636,141874,150147,172948,186146,206409,204162,256367,253481,255546,300843,301834
941,8607,18539,29256,46335,52467,68119,79067,91883,106479,121048,130327,148943,159828,173505,190965,210210,208568,240393,237149,240136
942,7549,16472,26395,43076,48236,63332,73893,85111,93667,105669,121033,137004,147858,160255,177963,198027,195799,228933,222697,225106
943,9333,20594,33022,50448,57750,73572,85905,98762,107264,123370,137354,160254,173033,186569,205737,229490,229053,257506,253945,255152
944,14016,26508,40838,57320,63045,81632,87892,108779,123792,136822,144999,153914,178062,176295,194422,211049,236602,237177,238110,284616
945,9091,18186,30260,44336,51683,65945,80182,89889,102831,118561,132295,141791,150341,160642,175238,211090,212422,212332,238743,241474
946,8241,16351,28139,41345,51997,62322,75758,85772,98204,112350,126675,134776,141439,153144,166039,204006,205103,203332,229664,232838
947,9966,20201,33028,47559,57883,69772,83778,95109,108387,125409,141322,151490,161002,172663,187641,227886,229835,229749,261043,258361
948,13470,34382,55766,69254,75466,87887,101288,118232,128481,146710,154393,176587,187257,201450,220011,240517,238851,272456,269658,269193
949,8984,19049,29839,43514,55042,65062,80312,95727,109519,116195,132524,151013,160191,171953,185791,226084,227128,227955,258227,259105
950,8112,17433,26987,39980,51512,65379,75342,85096,97499,108710,123690,131899,150473,161308,173763,190593,213738,213327,243846,244737
951,9621,20218,32178,44629,55000,69642,79386,90463,103208,114050,131344,140669,159903,170991,183929,203578,225461,226660,256455,253822
952,13617,29063,44703,62994,74934,92101,101053,117627,135336,154676,163457,171694,200154,212649,230729,251946,254319,254073,288305,288407
953,9290,17459,29708,40079,53192,63163,77642,89216,101351,113268,127567,135096,155463,165841,179101,196232,197940,219362,245950,246302
954,8349,15381,26439,35889,48417,57172,70430,81002,92382,103422,115520,122867,141878,150430,164675,162970,181682,199961,226979,231200
955,9776,18661,32468,43786,56164,66483,81575,92959,106498,117600,136383,144837,167231,178570,193117,191775,214769,237069,266823,266353
956,13354,36625,59582,76225,93983,107249,118242,130481,155364,177952,186935,197095,227518,241944,263981,261519,285329,285668,313241,313275
957,9580,15809,26104,33982,51137,57473,65028,78374,90401,105650,120474,127425,144061,154850,167524,182052,180513,221668,250737,250709
958,8401,14594,22342,32388,46217,51661,63283,75058,87179,96648,110162,116911,132754,142711,153694,167602,185799,186572,235606,233561
959,10169,18748,29001,40168,56548,63807,76282,89460,102703,111536,130843,137463,155701,167428,180112,194147,214631,213503,236932,269247
960,19784,31081,48587,65433,72685,83378,98082,109189,122984,140841,147117,165922,174951,189010,203838,224217,220801,245591,277640,278631
961,8109,18647,30271,40146,53023,60418,76809,89706,101481,111669,128484,143443,150676,162966,173598,187763,208438,208120,226567,259768
962,7016,16415,27077,36017,48726,58563,70941,83252,93634,103215,117832,133238,139359,150337,162358,175446,193445,193239,214276,241838
963,8183,20747,33624,43034,55842,65384,78604,92260,105103,115739,132481,147975,159778,170062,181611,196595,215933,216458,241759,271174
964,16236,27717,43479,55193,67213,82077,91766,102973,121749,138472,145578,163783,173674,185755,200763,222550,221887,242503,239278,272557
965,8383,18032,29597,41918,54270,65217,72339,87250,101421,113311,129684,134627,150180,162749,173103,188240,207032,206707,224872,255453
966,7223,15779,26219,37329,49543,59676,71549,80153,89087,104061,109746,123647,139192,148761,160761,174374,172763,190995,211932,240527
967,8429,19168,31615,43391,56615,66920,81498,90891,101742,115566,120290,139828,156214,167966,179605,193079,193823,214060,236007,237459
968,14344,27027,42719,57935,65761,80387,89173,94879,109342,132709,139701,156286,164623,176317,189438,208943,207290,229449,234351,261445
969,8196,17731,29695,42046,51288,65222,72467,87997,97226,114079,129475,135323,151650,163685,175462,188689,206391,205620,227244,224672
970,8324,15705,26581,38344,46627,60352,67165,81931,91167,106400,110779,125587,140694,151785,163703,175722,192669,191412,214454,211898
971,9267,17871,30410,42642,50381,64604,71773,87697,97814,111064,116651,136285,152841,163608,176572,190049,207356,207083,228763,232036
972,13601,28701,43652,60615,72794,87139,95430,104285,121033,146911,153411,171337,181404,197365,211171,229874,230542,251069,250793,281109
973,8833,17722,28149,40308,48609,63236,76000,82255,97306,112647,126980,134325,149750,161358,171872,185101,184694,202890,224708,220911
974,7664,15666,24814,36133,44326,57858,70253,79766,89977,103315,108092,121721,136888,147912,158498,169867,170366,187260,208932,207176
975,9090,18998,29304,41126,49612,64634,76191,86811,96432,110491,115494,133453,148828,160345,172765,185484,185714,202250,222274,223187
976,11317,25625,39664,52210,66832,81176,90285,105088,117279,141042,147021,162882,174502,188327,199518,218229,238522,237520,234099,262642
977,8877,17892,29715,39064,50586,60707,73692,77780,93915,107846,120964,137365,142671,154999,165079,174844,194134,214923,213872,213443
978,7741,17142,26711,35499,46531,56242,68365,76363,92042,100527,111643,127835,133881,143384,153845,165354,180861,181135,201632,199820
979,8858,19866,30073,40128,52123,62563,75070,84364,99535,109980,125875,141666,150426,161486,173875,186226,203800,203202,224555,224200
980,15648,36375,53950,73503,80740,91710,107225,121992,136583,154468,168805,178254,188993,203553,214654,232684,249723,250769,275269,273637
981,9022,17908,27486,39330,47721,61404,74395,87689,95085,105059,114584,131543,146292,156910,167858,179969,196409,196515,216552,217271
982,7966,15951,24695,35856,47663,57439,69247,82316,89793,98262,107665,122676,138049,147192,157783,170401,185417,186042,204388,204645
983,9659,19859,30309,43418,56309,67400,81811,95486,102807,112653,123446,140511,158237,170513,183697,196883,216275,216765,235853,235946
984,15754,34795,54718,68658,73229,84300,98177,108235,115905,131799,148427,156515,175674,187528,202447,219776,217423,239452,240627,270765
985,10147,18832,30369,40963,52812,64522,76788,92177,102761,112845,124761,141443,148660,168762,178640,179933,193420,213003,234535,233197
986,8946,16820,27199,36767,48549,59594,71360,86054,96666,105549,116523,132514,139666,146748,155877,167334,180466,199834,199410,219809
987,11164,20781,33737,45196,57872,69886,83107,98286,110065,117410,129385,148427,156987,166738,178950,191013,206242,226892,226299,248081
988,17122,31484,48533,63335,78929,79115,87073,100763,117690,122077,137452,152846,160540,170972,181528,194771,212030,212916,246599,276912
989,9967,19525,32006,42095,54977,67639,79376,95199,112048,117410,128981,145210,160604,168865,179874,191762,206433,227811,224930,248476
990,33708,57467,87458,102384,119045,136481,151241,162766,187868,198256,208651,220820,246749,246749,267650,288253,319014,319014,319014,354655
991,10058,19452,29818,38992,53705,66140,73470,87647,103302,116037,131665,131469,147907,156672,177829,177425,190801,204709,225557,224459
992,8055,16758,26138,34740,45783,56049,67421,80823,91278,106822,121052,121006,136226,143962,152226,161971,175782,187664,206290,205363
993,8830,19617,30150,40703,51967,63664,74918,90279,100816,117282,127006,133325,152523,160032,171029,183345,196943,211723,232291,231538
994,19288,25328,37566,51004,61118,72432,83352,96187,103956,121749,143619,150370,157639,166565,177096,189712,204400,225631,232869,252405
995,8097,18850,29977,40722,53187,57913,69096,83441,93667,104641,118199,122523,140066,147377,156709,167177,178518,192201,191793,209020
996,7333,17063,27692,37415,49301,59335,70489,84655,95248,106333,118889,124340,140736,148336,156940,168282,179460,195048,193876,211299
997,7856,19439,29896,40308,52055,62637,75008,88891,99729,111652,121058,130898,152916,160990,170510,182155,195561,210323,209014,229586
998,16293,35469,49721,68286,81813,87476,95458,111286,113104,137658,149396,169696,178286,187158,202004,218872,231024,252919,252615,274688
999,8078,17709,27750,37048,48597,59274,64980,76669,86367,97770,105827,114920,131758,139107,147032,157108,168126,181002,180576,196854
1000,7555,16392,26164,34784,46082,57009,72512,80475,90554,106817,116053,129486,136562,144444,152456,163266,175327,187192,204651,205914
1001,8213,18540,27395,37989,49488,59663,74422,84035,94048,110527,120587,137752,144652,152304,162696,174935,186406,200123,217704,219154
1002,12616,38711,57432,73347,82324,91038,107189,116804,124321,145580,157975,177526,186771,211541,229077,227732,242566,261706,285173,284657
1003,8719,17801,27788,36924,49062,60326,71917,79934,97678,110834,119869,132123,151250,159236,169034,170183,195540,196458,215659,214579
1004,8120,15964,24978,33667,45222,55955,66812,81066,86293,103374,112421,124000,134078,149543,159495,172816,185555,199370,198151,218647
1005,9206,19258,28994,39024,52155,62345,74195,87785,93595,111571,120625,131813,145115,161581,171808,184097,195083,212255,214671,235165
1006,20049,39366,54576,73478,85870,90244,102393,120593,129397,144368,155466,175814,185007,204239,218430,236966,253112,278156,276466,301941
1007,9090,17302,26857,38605,47468,62056,73348,83625,95209,108182,117472,128338,144721,161331,169049,181375,179508,205691,208517,228335
1008,8325,15335,24152,35244,43537,57588,64226,78031,88611,101609,110597,120632,126201,141522,158089,157587,167963,180687,195619,214010
1009,9722,18748,29166,42010,51534,66203,75156,89006,100767,114184,123683,135615,142142,162013,181327,180830,194273,208461,224167,244095
1010,19730,31160,46485,60531,75748,85196,92884,108338,120370,133018,150089,155672,177589,185060,208066,208807,223531,239296,265187,264970
1011,8829,18619,28527,38273,49846,61004,73621,87222,98638,106683,114462,130839,137238,154849,163144,173929,184563,198321,212011,212687
1012,8108,16868,26190,34963,46219,56940,69757,77798,87401,101078,107732,117420,129092,146024,154446,162945,174772,187567,185513,199916
1013,9022,19661,30637,41082,53423,64634,77564,86457,96775,111648,120834,132621,142884,163034,175046,185122,198023,211261,210066,225931
1014,21033,33270,46936,66126,79791,93681,91824,106409,123747,125829,148297,161532,176563,192689,202544,218728,236683,251556,246356,273154
1015,7320,18627,26961,36031,50868,62005,74819,83384,93960,109299,116445,131468,139201,148937,166048,175911,185341,199700,198996,213231
1016,7239,16644,26198,34655,45892,56133,65192,76450,85964,96901,107518,116250,128108,135765,143549,159877,170983,183155,182949,195961
1017,8217,19600,30098,40240,53060,63487,73059,84769,94756,105811,118370,128964,141135,152791,160878,180992,193316,206776,206640,222789
1018,17519,39825,54832,75402,85138,97326,101820,110255,120334,129011,151006,162107,183815,192991,202674,217419,233804,249531,247168,268563
1019,8292,18689,27056,38669,51277,61444,70939,83410,94386,109443,118029,128048,142464,152361,169368,181296,192220,206460,206391,223213
1020,7405,16657,26082,34659,43178,56525,65477,77144,87864,98202,109613,119389,131915,140750,147531,157555,177303,189864,190201,205932
1021,7780,18689,28526,38084,46984,61260,70362,82314,92361,103236,114721,125516,138130,149687,159406,168952,191691,206090,206804,222969
1022,13572,34623,51158,65179,81418,94725,98990,108895,120460,129850,151779,166001,178933,197473,208182,223140,240926,257371,257006,281339
1023,7854,16603,24233,32580,43424,56929,65788,78052,88051,98354,110776,119961,124657,141767,149192,157659,169046,192390,191343,206657
1024,7158,14429,23084,31110,42324,52108,60387,71608,81549,90773,102650,111027,121333,130505,137282,145394,154078,176911,176441,188063
1025,7601,15857,25339,34067,44914,54911,63644,74747,84539,95278,106722,117193,126291,138039,147378,154390,165930,190662,188173,206471
1026,17018,30151,42023,54518,68410,77702,85808,101796,113215,121874,143534,162911,170744,179635,190791,205139,221761,238756,238555,261886
1027,8596,14349,21601,29338,42922,52926,65203,72554,82330,96495,109483,119970,125483,144428,151869,161596,173386,186626,201344,198437
1028,7991,15545,23414,31938,43880,54488,62725,74672,84659,93177,105470,114959,131023,137672,146995,155828,166620,179737,194316,192953
1029,8895,17656,25924,35598,47281,57761,64530,77497,87483,96150,109833,119967,136752,144650,154086,164406,176077,190319,204027,203245
1030,17871,33537,48914,63361,72799,85808,98460,108673,123097,133973,157952,170168,176841,200163,213845,234904,232078,245076,270841,296081
1031,8768,15716,23363,29591,40019,52595,64937,73032,88301,96355,108670,119425,124883,141492,149408,159216,170092,182292,195914,218408
1032,8181,17789,26239,35700,44468,55106,66375,75123,84785,95677,103799,113948,128347,135110,142552,151845,163265,174629,188780,207560
1033,9316,20281,29303,40276,49390,60053,72140,81033,91561,103593,113466,122606,139623,147171,156959,166888,179528,192530,205746,228363
1034,17663,36646,52600,68259,83553,92352,104727,114956,128464,143793,163365,175411,192999,201103,213386,230996,230491,245337,268464,290433
1035,7110,16713,24422,30701,44675,54966,67386,73576,88675,100357,110212,120397,126063,141354,150168,159598,170516,181893,194647,211059
1036,7159,16649,24660,33216,44943,55926,67925,74187,83742,95350,104392,113720,127832,133921,141711,149458,159692,171992,184975,198644
1037,8533,19145,28105,38331,50624,61859,73539,82609,93261,104963,114201,124167,141988,149958,158403,168972,181795,194006,209868,230624
1038,15769,36011,50281,64810,80597,90831,103380,113763,128791,139043,156332,174921,183565,203383,216570,233740,233385,250586,271631,268544
1039,8172,17250,25394,32137,46134,56151,69083,77306,92282,101415,110260,124235,123422,145046,152549,154031,174085,185284,201851,218754
1040,8845,15258,24646,33557,41845,52052,64524,76764,86357,95020,108358,116171,121794,135369,142076,151191,162812,174133,188603,206380
1041,10002,17601,28693,38767,48245,57861,70248,83707,95184,103813,117260,127808,131516,152029,160360,168509,181828,193718,213234,232805
1042,12903,29618,42354,55856,65690,78182,89504,98648,108514,121896,130585,154083,170400,176959,188949,203762,204235,218871,242543,239939
1043,7952,17116,25567,32742,43414,56241,69031,76044,86412,100838,109054,122785,128686,138456,154535,152495,174922,186995,201594,219554
1044,8600,16583,24960,33777,42163,55423,63529,74643,84690,96593,105501,113577,127372,134932,143223,150526,162319,172376,185981,205320
1045,10160,19981,29064,39389,49189,64027,71935,84775,96152,108887,118698,128877,146033,155032,163874,174681,186668,200097,215797,236417
1046,16556,26155,37640,67737,82771,85544,98038,107448,118317,132821,142605,169680,187697,197952,212744,230047,230788,244792,268294,267064
1047,8367,18086,26796,35720,48456,59079,70793,78331,88476,102990,107269,120017,123630,139223,146325,156711,164402,187918,188380,203870
1048,9028,16042,26382,35270,44773,59858,66951,78769,87900,97780,110508,118730,122307,138640,146168,155714,166222,177740,178070,191772
1049,10532,19152,29941,39745,49302,63734,71234,84590,95650,103363,117279,127371,133323,153192,160362,171202,183115,194571,196549,210066
1050,17489,33905,52430,76116,87066,96970,104487,119074,129828,143382,153719,179011,185929,195993,220415,219389,237989,252908,276737,276213
1051,9211,19218,27802,36552,45501,55780,68132,76073,90032,100608,108163,120526,125264,131534,152537,152218,170408,195361,183035,209582
1052,8342,17052,27164,33082,44870,54877,67105,75139,84385,98756,105802,112684,123805,134558,152503,152041,172996,184513,185483,198439
1053,9396,19817,31477,38602,51013,61585,74148,82071,92791,107330,115805,125552,136209,149234,165003,166843,189324,201223,203842,219782
1054,19335,40885,57436,57881,69374,87334,91430,101308,117417,120888,135247,151207,170577,177696,188414,204080,216496,234570,234279,254999
1055,8973,18775,27383,36982,45456,58590,72515,80076,89444,105330,109594,122076,127625,132578,149471,156929,174924,188683,188801,218631
1056,8135,17067,26960,36058,44324,54487,67499,79558,88846,98937,107081,120074,125818,140604,147703,155987,165747,177860,190665,206546
1057,9176,19212,30072,40514,49717,60221,73182,84652,95834,106327,114242,130865,135687,152624,160065,168796,179366,190855,204134,219932
1058,16577,31040,46638,52969,67394,79931,83677,96729,107234,115936,124905,138777,157485,164971,171465,196943,210611,208891,227477,249699
1059,8147,17679,27251,34209,44734,58237,66470,78403,86771,98247,107409,114896,125379,130811,137014,156156,164623,174585,175061,215093
1060,8247,16824,24611,33599,44094,54356,67590,74090,87657,98038,106455,120788,124885,140873,148745,156047,165423,177657,189906,206445
1061,9130,19064,27119,36404,48075,58137,71075,77953,93066,104077,111483,126109,131512,147808,156464,164888,175449,188856,198931,214799
1062,14646,26690,39980,55499,72248,87880,91496,105054,115415,123426,134928,150262,171533,178454,199927,214224,229941,247535,246027,267907
1063,7845,16598,25740,32021,42339,54976,62413,75410,83073,93271,101630,109218,118713,122623,128379,139360,154266,164968,164261,189465
1064,7776,15885,25057,33785,44568,53866,62365,73892,81925,90719,101720,111289,115145,128714,135620,143583,151345,163185,174654,188382
1065,8302,17267,26789,35735,47724,58370,66466,78319,86667,97142,109296,118612,124497,139611,146448,155722,165123,177067,190749,208991
1066,12535,23223,35163,62444,80082,84520,98457,106826,122044,129335,145950,156328,176230,183208,192214,205950,221921,236094,259970,259912
1067,8064,16705,24440,32784,42885,52256,64750,72314,79864,91199,98346,107295,118493,123297,126950,137079,153063,164176,162558,189680
1068,7403,15503,22896,30625,40762,50168,61566,69562,77718,91785,103517,113363,118640,127837,143525,152328,162528,176004,173491,190084
1069,8438,17569,25683,34508,46292,56086,68129,76274,85591,99438,111454,121945,127389,139566,154128,165832,175535,191364,189308,209093
1070,16316,27577,39280,52329,65644,79360,91989,102045,111802,125428,135509,158675,174388,183772,197090,210899,225943,226787,245057,247283
1071,8088,15237,22307,30211,40163,49694,61343,68524,76388,91485,98330,107840,111495,117704,133512,139415,148491,158998,169239,183784
1072,8633,16177,23898,31786,42494,52946,59645,71819,81296,92393,101055,110319,123751,130338,138669,146376,159039,171883,184209,186166
1073,9475,18233,26941,36030,48799,59094,66796,80064,90393,101769,110819,121329,137910,146960,156457,166644,179742,194314,211086,210672
1074,13525,30887,47260,50382,64448,72401,83869,94018,108874,116799,132993,150629,165295,175571,189456,200681,219341,219479,236875,262077
1075,9891,16834,23689,30953,40322,53263,61127,71870,81373,90830,97202,106213,115979,122423,132928,140192,147804,157202,167912,180743
1076,8398,15352,24119,31070,41405,51498,61942,75509,84284,95220,102232,107048,123235,130871,138519,146998,159742,170881,183384,182678
1077,10045,18680,29059,36798,50255,60525,71690,85335,95591,107036,116436,122403,140262,147122,156599,164534,178464,190933,204785,206288
1078,15833,29913,44513,63745,75528,84659,101820,112733,119864,136100,145176,173862,181921,193273,204658,222210,237182,261475,255888,278151
1079,8598,17097,24965,33002,40564,54191,64864,73082,82186,95837,103359,107068,118733,124453,135288,140466,148373,170172,169813,179830
1080,16135,32239,45433,58951,70941,83889,98088,108715,121787,135904,150546,156270,174682,181755,191524,201632,214427,225568,225568,240245
1081,8512,15741,24580,30829,38742,50727,62235,69450,83707,93618,100249,104278,114875,119381,125169,134642,149518,158450,158450,170481
1082,7858,17186,24820,36826,45508,55710,67127,74704,84503,95538,103386,113006,127824,133782,141951,149442,160546,172055,185679,184833
1083,8704,19212,27964,39698,49122,59740,71430,80576,91528,103575,111745,121817,140138,146288,153713,164069,175526,186541,201311,203507
1084,18997,30227,45873,77543,87055,98545,110658,120339,134783,144527,159435,182831,188240,208174,221798,240449,254392,275967,275967,298644
1085,7634,16105,25989,32508,43360,52667,65645,72707,87944,97969,105675,115686,119876,130673,137650,147794,153307,161413,173312,172280
1086,7871,15820,25802,34915,43207,52265,64319,76575,86799,94823,107970,112309,121804,138632,142968,154711,160834,172419,172419,186202
1087,8874,18583,29124,39078,48080,58558,70371,83561,94850,103281,116545,122235,132708,150781,159420,168420,180362,194524,194524,211942
1088,14688,24465,34605,62271,78289,91488,101111,116513,129124,143641,153365,167249,188692,196653,218029,236472,229131,246001,267256,266848
1089,8711,16129,25401,31968,43077,52233,65439,72717,81498,97415,106324,109703,118962,124324,138334,139979,153979,164414,175543,177214
1090,8018,15744,25544,33477,41589,51021,63470,70868,79882,93759,102255,110451,121712,131060,143727,153864,165401,177315,176954,191449
1091,9120,19114,30431,41096,50775,60812,73513,81749,93585,107536,116018,126728,138583,149406,166339,176136,190676,202917,200586,220241
1092,18921,34326,51378,56595,66559,78218,91023,100187,111213,124631,132409,142707,169022,178315,186242,200044,215569,231656,254711,252971
1093,8214,17274,27215,35194,44007,57820,70666,78016,86216,98589,106602,114764,120665,132553,137282,149145,154981,165285,188427,187864
1094,8340,16873,24655,33905,45836,56066,64279,75250,84202,94318,106446,115507,126302,136959,143933,152155,158610,172449,185658,200250
1095,9931,20402,30110,40263,54331,64907,74895,87283,98185,109731,121626,133736,147108,160591,168140,176874,186204,200569,213138,232478
1096,19430,41228,57303,69040,79838,92078,99726,112746,123459,132601,142899,159689,180288,190588,199047,225771,241183,242199,256880,282019
1097,9233,19468,27703,37985,46837,57120,70598,81934,93758,97680,110824,117294,130168,133594,138921,157883,166527,173595,185245,196375
1098,8071,16956,26779,36715,45214,55858,64897,75989,86822,96971,106863,119381,126455,136735,145855,153849,171448,170839,183616,196796
1099,9759,20482,32450,42855,53955,65494,74318,88146,98052,110356,120784,135042,141575,154119,167165,177094,196590,199111,213359,226980
1100,20001,37854,57334,74563,86945,99589,104223,117850,130588,142095,152071,162530,173877,200787,222361,233353,250017,267155,268466,282627
1101,8106,19863,28452,37893,46722,61159,68463,81887,87391,96553,110038,119545,124402,136684,147695,154532,168519,175477,175645,194667
1102,7697,15172,24276,36347,44971,55155,62145,75532,84263,94535,106489,114829,124818,130010,142318,152032,160005,168393,178542,190533
1103,9549,18914,30573,43984,53774,65241,72740,86565,96182,107032,120106,129027,141364,145899,158067,173396,181721,190357,203228,217048
1104,14540,28569,40509,65853,78331,91589,102236,117300,128641,141867,151933,164143,176684,191657,216203,226032,236216,251631,271454,269891
1105,9068,20158,29806,39506,48847,59659,71298,86420,95381,99896,111811,125034,129475,139931,150299,156017,162283,175065,184386,192495
1106,7853,17653,26247,34773,43322,53303,64353,73795,87311,97009,109398,115029,124337,133733,144750,150384,169550,178483,188557,202386
1107,9732,22600,32808,45042,55213,67076,80183,90853,107394,118624,132435,137566,148029,159519,171737,178331,201895,210993,224827,241057
1108,14752,25877,37461,63103,77310,89724,103758,109831,118923,129939,142073,152764,163109,167099,186387,199470,219074,232116,246541,265490
1109,9153,21516,31638,43602,53575,64502,78174,87531,99776,109093,120855,127159,141164,151957,157154,162137,175037,182057,195684,203213
1110,7788,16736,25201,34328,43069,52583,64376,72999,89163,97359,108567,114321,127442,137530,147921,158776,165065,175695,184141,192630
1111,9293,20790,30394,42038,51568,62496,76763,86114,103121,112459,125303,132227,146008,156408,168521,180358,188236,201704,211497,219842
1112,13318,30321,47640,58437,76298,84811,99455,110527,116348,131546,136450,147997,154605,164539,175594,196341,211658,228564,228529,257795
1113,9741,20638,30671,38425,47225,57993,70414,84391,94985,105954,110994,121896,127964,141000,152558,156950,164794,175833,176393,197673
1114,8491,17851,26516,36405,44738,55020,66954,75005,85451,95781,104665,116164,122561,132258,142657,153079,159959,175875,185213,194760
1115,9473,20497,30443,40793,51069,61598,74413,83963,95163,105388,116792,128842,136425,147267,157459,170944,176205,198138,206733,217226
1116,13249,27983,44427,55790,72638,86519,95365,111771,111564,120645,130608,142971,148455,158444,170315,180514,203089,209371,219878,232334
1117,7852,19238,28573,35711,43982,53948,65491,74310,83123,93711,102678,107835,113436,127449,138020,149064,155230,160212,167620,174073
1118,7746,16393,24392,32978,43898,50264,61113,69084,79117,87734,96770,107534,120880,129616,139395,144366,156501,166527,175697,185710
1119,8546,19105,28300,37575,50702,57791,69747,78524,88473,98058,108634,121169,134127,143594,153865,159921,173979,188119,196324,206286
1120,12390,34402,48591,64594,76974,90721,107504,120153,120496,133845,146611,153558,163860,181427,186742,202149,225426,235514,247699,263055
1121,8336,18270,27091,34129,42074,51849,62553,70675,79493,90516,99092,104539,109162,128206,132976,141824,147403,154705,160644,167143
1122,8396,15695,23043,30956,38396,47605,57850,65169,74480,83536,91950,103301,114896,122383,131467,141816,147026,159292,166490,175640
1123,9206,17902,26496,36199,44507,55032,66897,74981,85141,95538,106329,118791,131095,141147,152572,165987,173428,189776,197253,207848
1124,11567,27313,42113,54990,66886,80266,94805,107161,112420,124656,138303,152303,163693,172703,177838,209873,229362,230014,241719,256111
1125,8987,17515,25976,32298,39916,48974,59673,71936,75206,86433,95819,101101,112776,125476,130312,139790,151792,152234,157922,164407
1126,7778,14895,24171,32153,40231,49818,56726,68158,77405,86614,96135,101818,112574,121546,131707,141087,147185,158281,165218,173637
1127,8923,17225,27854,38025,46738,56808,64912,77352,88203,97376,108759,114782,127172,135613,147314,158682,166121,178696,186948,195141
1128,20932,24433,34981,63066,80780,92541,102318,107322,111222,126165,137571,142308,151255,169588,175192,193915,210215,222773,238780,238095
1129,8970,19092,28103,34374,42722,52497,63905,72025,81811,90845,96157,106524,112928,125915,135689,145101,150353,157071,164505,176306
1130,7949,16807,25246,36345,44876,54547,61826,74888,85057,93559,104744,110671,120967,135949,141618,151092,161636,169096,178159,188600
1131,9232,19651,29405,42061,52066,63332,71799,85376,95520,106465,118521,125569,136417,152086,158656,170986,184782,195129,202553,215369
1132,15053,31726,48605,59809,71883,83872,98687,104439,113981,122938,134471,139405,148882,165250,172139,197854,206822,217424,233438,250218
1133,10106,18993,28008,35167,43200,53434,65387,73741,83810,93039,101940,108015,121745,131976,137112,148277,153625,158871,178698,177689
1134,7945,16744,24921,36548,45078,55331,62995,76360,86263,94578,104506,111177,121564,135954,141234,152505,161990,169441,178742,187550
1135,8599,18854,28635,41257,51639,63257,72160,86089,96673,107812,120121,126563,137501,154362,158957,173538,185263,193733,203067,214681
1136,16056,24406,39528,62738,75788,90177,100834,119573,124113,140182,152992,163763,176724,180261,194090,224249,235374,245227,261517,279738
1137,8553,17887,26704,31960,39809,51894,59665,72209,81376,89877,99450,105672,120710,129309,139133,145395,149373,155169,162350,175346
1138,7386,17110,25568,32028,39889,48744,60205,67766,77610,85123,95100,107243,118377,126524,136915,141614,146622,164063,172836,183991
1139,7885,19108,28018,35276,44380,54472,66500,74748,85894,93684,105240,118170,128252,137761,147348,153280,160140,180373,189093,203034
1140,15781,33210,46960,53595,65263,76389,89116,99309,107974,117356,128189,137612,147804,156052,167910,187820,194777,205753,219571,236329
1141,7935,17139,25968,32957,38832,51614,62798,70854,81464,89805,100815,112536,119584,128406,139465,145307,156058,163100,176390,185204
1142,7782,15065,24815,31703,43121,49969,60678,74026,84232,92336,103565,115574,124249,132892,144856,150612,160245,176992,178445,188567
1143,8427,16205,26003,33149,45268,52519,64508,78457,87957,98137,109151,120834,130309,139921,151795,158836,169997,188760,189552,199214
1144,12620,28577,40975,50040,62025,76465,87268,100554,109551,118722,130835,140462,158632,162920,193745,200316,210204,220796,237941,255021
1145,7741,15409,23768,29291,36869,46081,56957,64417,72817,81053,90403,101066,107710,117016,124301,129075,131859,145452,146897,156021
1146,7775,14800,22883,33504,41695,52046,62910,72628,79394,88455,99218,108135,116183,125371,129411,143240,149147,159006,167470,178033
1147,7856,15504,23552,34818,43810,55024,65749,75638,83864,93530,107057,116094,124174,136999,139797,160287,169353,177290,186807,198298
1148,14721,20324,29616,47306,59202,72742,83025,90955,104674,115991,121607,136536,147489,162391,179409,186556,208593,211345,225149,238166
1149,7988,14310,22194,28494,36526,45623,55763,63199,76452,80706,91087,102896,113575,121625,127205,131780,144804,154808,155686,169760
1150,7775,16229,25073,36566,46109,52502,64639,72996,85622,90609,100823,113814,124437,129588,144877,151665,160130,167384,179442,191848
1151,7985,17214,26273,38674,47909,56171,68628,77698,91415,96603,108208,120145,131059,137281,154744,164406,172313,180961,192337,204583
1152,14712,27332,39490,52568,63985,75922,85964,99945,109333,119720,128509,142496,147807,173080,179895,188368,202167,213567,229357,227618
1153,8945,15027,23336,29998,37929,47115,58747,67397,80058,88796,94679,110201,113576,121561,132610,131350,147608,156107,165682,164588
1154,8400,16443,25095,34510,42875,53033,61254,69793,81919,92831,101315,114295,118871,127171,143021,150178,159232,171281,171367,181032
1155,8548,16843,25220,35340,44587,54838,62856,71153,84760,96181,105107,118854,123928,134826,153983,162079,170754,183520,183496,196992
1156,15391,24899,36182,48746,60146,70158,77791,84978,99222,103836,114363,122461,132792,154044,162859,173416,186186,202367,200673,218043
1157,7854,14159,21678,28320,35923,44894,54481,62979,73848,78767,89377,100776,105187,113275,126139,134620,141265,150104,150119,168152
1158,7899,16706,25196,32236,40456,50062,57696,68374,76475,85977,97429,105763,115606,130004,139183,145615,156076,167859,166450,178962
1159,7696,16616,25171,33084,41381,51602,59429,70328,79036,88758,100245,109120,119099,136946,144739,152701,164359,177572,177567,191956
1160,11628,26431,38018,49943,60565,75764,89060,97297,106094,120918,128904,155430,170547,177321,191895,206983,218636,242505,240444,259976
1161,6946,12368,21232,25302,34518,43201,50119,55927,67094,76350,83923,95947,99654,109529,119375,124667,132429,141231,150437,149752
1162,8008,15105,22914,31820,39577,50011,59011,65481,74539,83912,91664,101096,114413,121521,129211,137416,148880,159667,159546,176278
1163,8448,16535,25545,35062,43976,54955,64986,74264,82912,94005,103049,111317,129168,136221,146220,157364,168694,183728,183657,202256
1164,12622,25245,36700,50258,66894,74137,87201,95333,111678,120837,138857,151517,159607,172567,185703,198654,218868,239072,237968,270543
1165,7279,13263,22290,28540,38631,44701,54220,61235,73808,84821,91588,100293,105445,114456,119968,127154,134263,145181,155655,156152
1166,8606,15913,23814,33061,44332,54538,60647,72857,82308,90323,98332,111478,119014,125775,134729,144255,155435,156153,170235,188731
1167,8724,16627,25623,34960,46862,56316,63728,76257,86303,95202,103138,120386,125068,132494,141971,153906,167271,167977,184298,202827
1168,15377,23369,33164,53157,60419,71145,82905,93093,104731,124269,135227,142121,153637,164355,177641,192411,209482,209700,239547,238122
1169,7475,14226,21792,30377,37670,47814,52453,63527,74862,86968,93342,98752,106823,113362,120451,127577,136000,135796,158470,159641
1170,17108,31408,44128,57220,64856,77556,90498,105313,115517,129702,144375,150051,157767,166890,176910,186016,197766,197766,214242,214242
1171,7225,12212,20780,26928,33754,42065,50917,60698,72292,78930,87326,95205,104699,111512,119043,126110,124816,134479,159321,159321
1172,8853,17282,26339,35303,45747,54086,64922,73662,84786,93753,108414,113824,120625,129876,140398,153245,166927,166927,185371,185371
1173,8278,17178,26359,36121,45173,54106,64738,74396,86456,94930,109795,116050,124322,133864,143237,154388,171749,171749,187426,187426
1174,21820,49076,65639,55918,65917,75996,85168,92345,105247,128371,133219,139772,152390,164607,181181,178372,194824,229284,224133,224133
1175,7430,12509,21156,30524,37182,46790,55717,67165,76095,88044,90697,105451,105635,119161,127682,127528,137930,136705,165337,165337
1176,7610,14928,23128,35412,44428,54023,64349,72575,82862,94299,104985,110728,120283,127880,138726,153353,153333,170995,170208,191811
1177,7729,16321,25646,38449,46954,56605,68192,78270,88729,101478,116305,122519,130790,141613,153297,169760,170114,184257,185508,211236
1178,18357,34093,47712,74906,89217,101392,109250,121095,153722,154510,174627,192401,202440,222002,216552,236770,272075,267635,315401,315401
1179,6658,12178,20715,26911,36820,45065,54163,63958,74747,80958,92442,97266,103711,112341,119964,129499,129344,140183,157241,157241
1180,7685,16133,24223,30804,38685,46892,56964,68359,74725,84795,94610,100388,108648,119138,127821,140915,140687,156186,157337,176182
1181,7727,17733,27019,34636,43380,52455,63312,75659,82144,94734,108453,114181,123254,131453,145276,161480,161523,177630,175684,200904
1182,17725,32363,44178,58844,71865,81680,90470,100485,119046,130083,138920,151261,176651,174632,189008,218659,215987,215804,255990,255990
1183,6362,12207,21217,27206,37584,45022,54993,63616,73421,80377,87981,98911,106095,113450,122214,121531,132146,130850,144769,160333
1184,7560,16440,25255,31981,42644,51948,62743,72264,82586,92433,97989,105537,113537,123808,134626,149763,149532,173134,170360,198046
1185,7467,17311,27429,34308,45408,55718,67048,77657,88135,99017,107812,114570,122140,134369,151569,166975,166410,191846,190178,220457
1186,14255,31441,42530,51965,64251,72613,85538,102296,119404,126649,137664,147732,161403,176806,201461,200417,200640,237296,235386,235386
1187,7312,13797,25537,29119,40224,48203,61617,70464,77402,87751,94575,108142,115726,124546,134861,134510,147866,149635,165953,165953
1188,9021,17258,26436,35926,46916,57949,68933,79469,91608,101725,111527,120927,129502,143733,160124,159226,180286,181069,185315,210084
1189,9937,19413,30078,40375,52256,63342,75962,88118,100872,114866,122496,131727,140758,157411,174807,174530,196288,190652,191551,222489
1190,25717,22837,32860,54413,68441,77689,91083,113273,119089,132282,144679,157405,171785,188476,187963,215390,215475,249392,251574,251574
1191,6377,14769,26575,33338,45234,53874,67132,76891,80528,92290,98009,110505,118119,127375,137215,137975,153395,152248,166423,166423
1192,7180,17903,27232,36883,47735,57668,65264,75228,86054,95562,101498,119866,129032,141634,140852,157429,157636,176871,176862,202159
1193,8143,20776,31063,43042,55225,67101,76519,86592,100366,112935,121316,139672,151995,167476,166869,184507,183937,208487,208813,235538
1194,13198,40840,55106,43118,77380,89544,106934,136412,150132,157692,188267,202011,220778,241162,237808,271339,271447,329249,317774,317774
1195,7901,15723,24813,33219,40912,48837,62164,71070,78072,88739,94361,106657,114984,114322,123231,123128,134435,133433,147238,147238
1196,8530,15490,24801,36734,42694,51622,60124,67757,75361,86494,97482,105492,113576,122204,135754,135073,150884,149074,171877,171877
1197,9968,17802,27710,38990,46669,56747,65197,73545,80336,94170,105681,113415,122152,132306,146165,146079,162851,163606,183378,183378
1198,15224,31144,45910,62052,66830,73759,83654,104280,121479,131253,141981,150491,162725,178874,177679,199498,199108,236037,240913,240913
1199,8389,14914,24366,32301,41952,50093,58558,66658,73612,84909,88971,100805,108515,108104,117181,126456,140562,139879,140371,155334
1200,9190,18794,26684,34407,43852,49404,58513,65315,71522,75512,87547,90920,96636,100184,108073,113358,120958,120958,125525,132806
1201,1847,4983,5473,6174,6830,7320,7734,7854,8417,8421,8428,9081,9059,9049,9897,9935,10004,10004,10063,10115
1202,3612,6698,7124,7582,8157,8703,9245,9377,10178,10087,10182,10818,10735,10969,11956,11859,12034,12034,12138,12099
1203,3204,6462,6910,7371,7895,7877,8446,8454,9261,9406,9363,9198,9320,9339,9229,9275,9187,9187,9309,9182
1204,21893,61410,65331,63161,61451,58903,57748,55783,57498,56136,52794,52261,50351,49203,47102,46743,44821,44821,43691,42300
1205,4693,5002,5777,6214,7168,7132,7621,7628,8406,8309,8387,8943,9077,8878,9018,8987,9020,9020,9011,9074
1206,6964,7119,8307,8203,9353,9377,10057,10018,10989,10922,11036,11720,11928,11892,11890,11875,11932,11932,11919,11992
1207,8417,9015,10632,10795,12615,12674,13674,13597,14790,14803,14958,16061,16181,16159,16268,16229,16270,16270,16228,16281
1208,31262,45516,59175,59017,65190,64415,68393,67826,67958,67479,66740,70098,69752,69338,69160,69242,68950,68950,68220,68381
1209,4484,8891,12459,13276,15533,16550,18163,17767,19114,19214,19084,20629,20716,20767,20818,20763,20696,20696,20888,20855
1210,7601,12260,17397,18357,21666,23113,25382,24918,27193,27169,26951,29051,28938,28979,29027,29185,28974,28974,29203,29198
1211,7425,12429,17723,19144,22372,23797,25866,25773,27872,27841,27835,29669,29919,29629,29935,29541,29557,29557,29731,29697
1212,19092,31747,47523,62776,65974,69959,71884,71931,72044,72086,71550,75258,74970,74607,74827,75345,74603,74603,74861,74868
1213,5059,9909,16679,21291,24807,26220,28570,30963,31140,30826,31141,33499,33727,33564,35568,35655,35731,35731,35705,35725
1214,6580,12486,22531,27965,32331,34319,36983,39820,39642,39903,40188,43026,43097,43169,46534,46723,46661,46661,46696,46885
1215,6877,13257,22849,28370,32603,34484,36902,39394,39314,39540,39530,42244,42288,42385,45549,45728,45513,45513,45718,46079
1216,19056,34665,43139,58124,74366,74111,78837,83435,83699,83108,83155,82592,82806,92875,92699,92280,91694,91694,92348,91950
1217,5114,11826,20891,30649,37680,40513,43542,50196,50028,49989,50370,52459,52907,52205,54989,50741,54934,54934,55093,51023
1218,6986,18091,29696,41653,49848,53001,58899,61670,61573,61334,61434,64919,65546,64532,68092,67986,67995,67995,68245,68040
1219,9283,23749,37404,51995,61617,64766,71205,74726,74001,74523,74371,78265,77989,78031,83076,82853,82977,82977,82711,83036
1220,24510,38635,45954,59023,74509,97380,107601,134923,135518,135015,134431,136295,135972,132710,145457,145030,145778,145778,145401,145738
1221,7949,19750,33190,46890,60761,68556,77511,85087,85046,85621,92896,92339,92705,92718,98088,97677,98477,98477,104078,103399
1222,9913,22171,32366,46111,58966,69194,86510,96420,103109,112120,122142,121783,122058,121703,120600,120283,120574,120574,130908,130686
1223,12210,26727,38007,51952,66761,80760,98151,110582,116817,127447,136817,137450,136920,136907,136578,136229,137752,137752,149632,148654
1224,14810,41967,63876,76537,91131,113510,132812,152873,165899,197382,219487,241309,239554,276513,273860,271725,273951,273951,329587,327362
1225,6089,15313,25935,36840,45888,57778,66739,81213,91887,107275,105909,115049,114429,115073,124140,123960,124419,124419,137525,137366
1226,9164,18327,28366,40890,50582,64869,75480,87602,99774,108765,116153,126357,140437,156932,155421,179280,179344,179344,179546,180364
1227,10957,21813,34619,47845,59354,76130,90011,106041,120824,131961,142021,156860,173829,195205,192860,221297,221749,221749,222711,222530
1228,21443,38140,54543,72407,88710,112140,130790,144705,166235,180403,192534,211309,230064,230947,262360,262974,311496,311496,358742,358608
1229,9162,14227,26714,38404,52213,60807,70718,85372,96267,102556,118970,129722,130051,145417,158746,158850,179991,179991,180483,179893
1230,9102,18984,29909,42417,53527,65202,76040,86259,98551,112781,123151,132391,148553,148810,164452,188308,189482,189482,215061,215134
1231,10363,20611,33420,47261,58947,70906,83126,97508,113451,131754,141818,155689,173816,172401,192313,221728,219558,219558,258472,257082
1232,19103,40160,61330,73693,87800,108753,132540,149125,157323,182924,198421,216495,235637,236999,269017,266978,314254,314254,308919,372200
1233,8251,18400,25134,36783,49006,62498,73091,78905,91468,104595,113597,121648,132759,147034,163368,163348,186531,186531,186781,213244
1234,9522,18853,30940,41269,54575,64305,74772,88971,100686,116111,124914,136738,151449,151296,166614,191915,192896,192896,222184,217912
1235,10600,21738,34873,45031,61215,71122,82149,99797,113837,133145,142587,155008,174895,174473,192589,224525,222946,222946,255721,256281
1236,21432,32801,51271,65024,81354,96341,111770,126566,142645,163516,174688,193669,192502,209685,235911,235382,235824,277118,268572,261915
1237,8834,21058,28234,41660,55021,69393,80197,87949,100859,113700,132344,143973,143808,161330,177069,177078,202393,203600,230158,226564
1238,9045,21905,32043,43137,56110,71891,82480,90595,103447,116437,135165,147624,147234,164478,179809,180474,207040,207693,234369,230496
1239,10582,22737,36934,48722,64679,76146,92599,102336,118264,136261,158497,174714,174228,194569,212845,213310,242238,245197,280752,280204
1240,19661,34797,46439,63871,79116,86971,106045,119936,131746,150223,159479,172352,190063,188690,204750,233355,233565,231161,269595,265320
1241,10139,21285,29600,39467,51799,64411,74053,85256,103070,113722,120662,143712,155061,155408,171355,187954,187821,214592,212841,244164
1242,9215,19863,30157,43699,52552,65661,79008,90712,102945,114028,121172,143697,155164,155497,171651,190326,190721,220226,216467,247820
1243,10747,22672,34260,49458,59135,73185,83475,100964,117559,131611,141024,164262,176770,178490,196628,218985,218595,248871,246490,285463
1244,17980,39039,55822,71902,88115,103798,121363,138393,157736,164761,186926,203857,217021,243513,262035,298520,296537,296881,292556,339471
1245,9389,18593,31200,38412,51331,62542,73379,85013,93309,111594,117355,133886,144348,156386,170006,189139,189104,188660,211336,213010
1246,9814,19501,32671,43549,53044,64751,75848,87006,100160,112801,126599,136508,146434,159157,174599,191108,190896,190793,214394,217123
1247,10886,22251,35573,47840,57937,70285,84323,96758,108215,125779,142237,153740,163814,177913,193841,216675,217886,218105,245502,245586
1248,15876,36642,57296,73678,91328,106981,119885,139374,159226,174646,183642,194841,223462,244381,243269,263720,295711,296254,294139,344711
1249,8589,17846,29105,42489,48817,59471,69372,81480,94181,107601,119792,125449,133228,157634,157734,189541,189921,189357,214657,215690
1250,9368,19293,30946,45042,50964,61699,75534,84390,97422,109482,122206,128051,147759,161049,176994,195273,195170,194807,221944,222218
1251,10020,20818,31349,50412,57473,69348,84102,96479,108429,126820,141519,151833,177095,190984,210321,234186,232646,232087,265389,265285
1252,20454,37646,58226,80036,89117,105506,117840,140559,153965,173558,194325,205144,220651,236877,259367,280225,281083,314638,311895,314213
1253,7759,14666,23722,36094,50018,53633,61888,71663,85731,96110,110202,116126,132886,143081,154453,169700,186058,185471,210144,210380
1254,9069,18182,26706,37173,51822,59612,67848,79916,91609,106458,111373,125170,135462,146029,156041,172617,191370,188494,215222,215795
1255,9857,20060,29874,43005,57367,64570,76048,90869,105443,121091,127867,146751,158648,168993,184402,203747,226670,226133,256465,258810
1256,17293,31497,44550,58676,76205,85576,101725,119377,144542,152184,170928,182897,198287,211191,234053,253516,254688,282277,284852,282973
1257,9232,19351,31438,43856,54389,60920,75391,91332,100246,110445,126676,134966,153246,164361,177190,194739,195354,213811,243106,244226
1258,9783,19706,29572,42409,51988,63270,72857,84519,96769,106611,121292,129345,146461,156271,168358,185267,186479,203748,230993,230272
1259,11295,23392,33332,48575,59500,71076,82733,95432,106908,118555,136523,144997,164186,175212,188514,208673,208961,229291,256620,260261
1260,19358,30267,46354,56775,64543,76988,83988,93699,111164,121233,134320,142086,165251,177699,194773,192029,212924,242340,247346,248481
1261,10337,19996,32767,43638,57549,69435,85086,96664,107707,119581,137002,145069,154489,176007,189508,190367,210217,230392,261891,263117
1262,8782,18731,30542,41496,55174,66249,75423,88569,98971,108499,123684,137778,145104,167579,165421,179603,199843,219365,219749,245597
1263,9547,20545,33362,44409,53914,69025,78191,91728,103590,112458,129171,143946,153338,163559,175166,189627,209049,228262,229923,260373
1264,15728,28564,38335,68197,79678,96241,107966,120860,139105,161347,165461,186790,199761,214290,225639,251940,275691,273063,311939,314460
1265,8529,20567,29748,40055,52731,67647,72470,86347,97314,110681,126738,133273,149834,160312,170775,185941,202776,203263,224093,252146
1266,8651,18760,27180,37078,48850,63001,71593,80821,90933,103266,109114,124647,139612,149864,159246,173158,189778,188917,209872,234821
1267,10028,21924,33007,43901,57128,73578,83743,94249,108190,121755,127007,145723,162277,173972,187453,199402,222307,222927,244817,243667
1268,15640,36862,51830,68128,81018,98066,108780,116795,135483,146423,166439,174228,199318,213766,227148,247925,245497,265784,266636,302503
1269,9814,20811,31019,45076,58843,69880,85472,91487,107645,117367,130701,147228,156480,176701,189980,203963,204331,224232,246334,244499
1270,9152,17929,29231,39009,51772,66108,80565,86058,98057,112072,123845,132516,147437,156547,167633,178501,192547,210799,212125,230385
1271,10743,21415,34471,45798,59075,70901,90691,97363,110989,120532,138557,150116,166554,177791,190745,202277,218525,240481,240384,262630
1272,14526,27391,44745,55575,71235,83908,106932,111582,118806,139242,158349,165372,184467,196763,212720,227704,248649,248143,245819,267251
1273,10135,22361,32885,43650,57277,70521,87178,104679,107813,116467,132137,137245,155266,170937,183486,182826,194270,210413,228307,249232
1274,9467,20834,30201,40137,49372,65278,80921,91739,95514,107463,116918,127197,142485,149273,158225,169222,179592,192901,211511,210056
1275,10228,20840,33803,44842,54697,66384,84502,100365,105926,118532,129369,141050,159427,168671,179095,190906,205285,222175,243275,239637
1276,12575,28995,42254,50850,62718,74509,90828,105977,105282,121073,130122,147553,161248,170557,182674,195661,210298,232153,229233,250861
1277,8510,20819,30561,41904,55926,68166,80082,95519,107167,114649,129646,141509,151827,166148,176735,189734,202025,217937,238294,237476
1278,9426,19226,28410,38530,48059,64019,75287,89629,101310,108375,118167,127732,141953,157165,166150,178293,190387,203464,203881,222481
1279,10231,20707,30622,42134,52778,68478,77160,91558,108708,118176,128795,140079,159800,177553,188875,204131,218054,236006,235887,258576
1280,14903,29528,41260,46187,58954,66514,77240,91673,112591,110326,131931,150043,156896,176253,174903,187665,200683,216200,239587,238085
1281,9127,20318,30730,44784,54813,65634,78942,92231,110495,114434,128986,139825,145235,166006,172906,183006,196029,206852,224728,246015
1282,9913,18008,27284,37917,50337,60522,69557,81918,102683,106856,114725,124078,134671,152927,159774,168576,180059,190188,206400,205982
1283,11336,21379,32001,42932,56731,68029,78201,91774,110221,119954,129584,141546,152115,172101,180630,191653,204728,218338,236301,236822
1284,13792,29832,42199,54848,68171,89750,94777,109171,129490,140475,149253,161889,176402,192412,201627,215789,233907,247160,244156,267129
1285,10567,21462,34227,44918,60115,72202,82941,96139,113101,122190,130962,142213,154064,174249,181256,191249,203754,217044,234299,253144
1286,9891,19627,29057,39316,52170,62669,77327,85521,100072,115055,119251,133841,144942,155779,161899,169279,191024,202276,202842,217746
1287,11305,22196,32885,44536,58168,70106,79790,94292,105478,124083,132624,143447,159567,173066,182671,192127,216202,229296,230326,248001
1288,15980,29765,38031,57004,75830,90597,99892,114981,124887,143983,160802,166137,187588,194511,202829,211654,227509,246999,260408,282748
1289,10620,21863,31477,45210,55123,67532,80430,90273,105384,118063,137918,143657,155276,162815,181983,190184,200462,226152,227862,243377
1290,27760,49286,68742,92890,110964,135646,156972,166269,177290,190254,210732,218864,240022,240022,266969,266969,282631,305427,305427,327852
1291,10018,20350,32305,42913,52807,64859,76956,87557,100754,112450,130497,145544,156777,163391,174349,182806,203011,213113,226671,240969
1292,8849,17728,26045,37620,46746,57296,68268,78881,91345,101848,114094,127342,142806,142806,157940,165300,173844,193141,193141,204616
1293,10266,20888,31296,44348,54500,66055,79929,90792,106016,117327,130191,144302,163263,163263,181313,190011,199649,220908,220908,233554
1294,18378,22633,44548,64497,77724,91824,101112,118249,128900,140220,155905,172057,191534,191534,212375,221713,231865,261981,260588,273519
1295,9519,19617,30899,41273,50731,60936,73649,83526,98801,109182,122444,136657,153777,166651,167213,186791,194799,203302,217150,229754
1296,8430,17423,27652,36388,44528,53666,65345,74197,83756,98803,104241,119705,133452,151258,161636,161239,167575,182943,195438,206543
1297,9557,19903,31540,42683,51912,62383,75653,85759,96170,111571,117899,134761,151408,169016,181344,183253,190121,210437,221801,236272
1298,15597,31842,47888,57255,74479,85849,93279,104229,112536,128082,133691,153910,163950,191215,199258,208802,218525,230670,250255,268827
1299,8104,20066,28885,37124,45719,58138,66267,79388,88352,103467,109727,125756,134303,152343,159720,177941,186974,197332,211112,224220
1300,7133,16720,25921,32567,39809,51691,59505,71923,81028,94838,100384,115080,123173,139117,145347,160980,170355,179774,191205,201455
1301,7121,17709,27469,34148,42627,55210,63597,75863,84912,99484,105264,120731,130060,146207,152209,171590,181271,190121,203940,215884
1302,10384,31885,42710,43418,50921,60935,72899,82807,91365,106051,110468,127839,136772,152399,158977,165404,188198,200953,201019,213353
1303,8083,16134,24415,32029,39586,51525,62269,71503,79696,93454,98979,111805,121882,132042,148187,157376,163034,187486,201760,219108
1304,8195,15445,22529,29920,37118,45409,54946,63147,75329,83809,93766,105012,114073,125214,133446,142148,158761,172006,184051,199558
1305,8214,16357,23786,31869,39274,48663,58614,66523,77915,88179,97744,108817,118194,126894,136472,146090,163272,175127,187180,203744
1306,11902,26121,39937,60604,72007,80116,91664,107621,116140,120969,131164,151765,164109,175705,180165,194425,207736,218659,240469,239686
1307,7105,15706,23194,30638,37689,46168,56378,67215,74680,88142,94499,106632,115563,129579,134361,143052,143705,164652,162870,175799
1308,8510,14867,21935,31570,39049,47521,58605,68988,77446,83952,89933,101670,113189,124545,128268,139363,149115,161123,159118,173676
1309,8522,15379,22941,32950,41379,49787,61056,71793,82245,88793,96023,107708,122358,134251,143040,154080,163463,176123,176967,190703
1310,18789,27017,46710,68645,82283,88593,100096,108133,118781,132316,155381,165669,170778,180386,191721,207867,224649,242045,239307,277308
1311,6886,13742,20183,26815,36288,41751,50349,59427,68104,77464,89231,105543,111260,124207,130945,132057,142108,154556,153739,170700
1312,7533,14029,22013,28985,35629,44375,52879,59821,68227,77046,85754,96743,102277,116322,122193,133375,133615,147371,162243,163391
1313,7924,15523,25019,33311,41004,50333,59862,68994,77689,88757,96658,111339,117476,135420,143591,157616,157133,174566,188838,189624
1314,20999,31886,51731,52119,62056,76219,83168,92452,104184,123509,135235,143181,154551,164783,175882,194757,222325,223616,258523,262914
1315,6137,14008,20509,28387,35024,46075,51703,62008,70036,80560,96585,101429,116236,136132,125569,134854,134033,150569,163844,165542
1316,7261,14795,22410,31151,39049,50023,56213,63682,73005,88364,97902,106107,113473,123197,136786,151444,149340,171299,169528,169768
1317,7675,16423,25454,34749,43028,55650,62981,70329,82175,99409,113404,122394,130618,143315,158449,173617,173805,197338,195087,196042
1318,16104,42607,44493,48222,59289,68999,80839,92694,113337,116833,134659,145066,160594,176580,176001,201712,236466,237202,232958,284185
1319,7518,14513,23587,31782,38993,46857,58656,65275,74601,91580,103808,120166,130881,143246,128045,141479,155646,180083,179867,175947
1320,7714,14345,25372,35005,45164,54709,64740,75220,86018,90594,104231,112699,120705,133698,148325,148803,168480,168523,194024,191294
1321,8706,15993,28298,37287,48349,58692,70933,81487,94048,99693,114709,124264,134820,148826,163655,165072,184699,186008,212114,213098
1322,14893,29902,39130,63840,76242,91345,101219,125985,137104,150243,175784,172693,189514,206731,239990,234998,273665,274374,325311,319422
1323,9089,15520,25576,33852,44321,54786,62153,71981,86988,92639,113632,122592,131718,146149,145738,162569,160858,185860,187374,214771
1324,8475,17073,27927,36462,43960,56273,67084,73752,84755,97325,105399,113617,123936,137628,150916,152936,172742,174626,176436,201465
1325,9418,18238,28748,37716,45817,58567,70085,77488,89772,101460,110038,116906,127926,142094,154332,153800,176473,177274,179637,205553
1326,13754,29624,57442,73345,83812,98678,116343,140301,145320,156591,172688,183472,201808,218452,251884,252832,298427,294266,291509,342921
1327,9375,16823,25948,34460,43488,53347,62762,70386,86799,91905,106197,114518,123417,139033,136887,152666,152836,175147,175444,199954
1328,8522,18430,25618,31337,43474,51722,62872,69036,81341,92429,100418,107955,118739,130444,143611,145902,165841,165497,166082,189162
1329,9646,20924,30131,37277,50370,59549,71969,78463,92263,103892,113060,119667,130228,141999,157513,160278,179704,178552,179825,206919
1330,20870,24592,58874,55146,69211,77139,89952,108628,115139,133130,143015,157100,169929,167823,193999,194527,227993,227083,274048,276925
1331,7692,18216,23853,34980,48671,57890,66806,76751,89277,100925,107436,125932,140891,157041,154514,177774,176185,176314,198420,202565
1332,7461,16973,23494,36766,45528,56435,68598,77635,88473,92798,110024,116906,131531,132345,145788,168385,163681,191981,189654,189565
1333,8737,19280,28052,42097,51988,63818,75681,86815,96794,102679,117794,127192,139996,140969,155523,179605,176880,205740,202476,205449
1334,21328,40215,42753,54607,68734,76780,100800,109204,116313,133998,145564,162153,175566,178420,203360,204366,238222,241778,284091,289535
1335,7895,17208,26701,37011,47598,56365,66496,74015,85377,97518,104591,121233,136032,134289,148531,169340,169759,192151,192091,197313
1336,7820,17077,26524,37076,44480,56254,66226,76359,86159,100339,106819,114170,128255,129364,141833,162864,160281,186881,186037,185687
1337,8588,18980,29802,41047,49345,61187,72605,84128,95505,111455,118503,129445,143052,142889,157961,176968,178345,203558,204211,204236
1338,18195,44762,45297,45444,75824,85533,113254,124354,142603,156952,164754,182878,200364,198517,228339,276435,271846,274723,320814,315285
1339,8342,15431,28381,37325,47131,55586,66943,74080,85244,97819,104572,110874,122071,134430,147510,146876,167335,167328,192079,192844
1340,7723,15451,26613,38163,44989,55997,64568,77589,86866,93450,109781,116795,130015,130967,142106,162361,161015,161084,188595,187643
1341,8909,17560,29571,40451,48634,59985,68945,83549,93385,100381,114453,124089,137491,142099,151826,170171,172738,171878,197648,193908
1342,13740,29158,35241,61576,84432,98462,122645,133742,151846,167004,176336,189710,207759,242835,238023,235368,277836,277645,279125,319420
1343,9188,18521,30629,40306,47968,60917,70151,80784,93552,100785,107884,125396,136560,151649,165520,165299,187863,189333,213443,217467
1344,8503,17037,29222,38190,45091,58176,67039,77218,89348,96331,111357,118465,130497,144915,158242,160182,180121,180087,210063,210710
1345,10030,19392,32197,42799,50750,63889,73771,85228,98412,104634,120612,127873,140447,153278,171417,174093,189558,191005,217614,220078
1346,13762,29817,52711,73039,76526,86339,102562,122925,128782,147936,158424,170218,187646,203531,232894,232966,231985,268991,267517,271259
1347,9411,19869,31227,37316,52135,63639,71265,82711,86827,99416,113548,121156,130506,141062,156440,157490,172649,195326,194648,225845
1348,8853,19213,28007,35829,50100,61547,69475,80124,91576,101046,107331,124463,137004,135009,150948,167890,167710,187761,188077,217742
1349,10193,22353,32241,41986,57649,70402,79305,89333,103377,115915,123203,142489,154162,154011,169377,185490,185245,207034,206510,237869
1350,15584,26044,60144,61806,70357,83454,91357,108238,124523,137750,148930,173372,173060,189619,206727,208563,237242,235609,272954,277037
1351,9761,18846,26532,37838,48754,58785,69665,78664,85901,99681,105752,118605,129951,138695,150681,166683,182106,208236,207617,208252
1352,8891,17493,24665,35197,49905,55780,69354,78487,85870,100135,106442,122902,133467,144487,159351,157673,175433,177518,199178,197412
1353,10747,21593,31438,44475,59383,67220,81612,94006,101510,116770,123185,139814,150388,162041,180177,180646,195976,198286,220800,220114
1354,16206,30732,44759,55279,74588,86776,98382,114795,132453,146411,167074,180469,190951,208776,206400,224171,256837,258178,254420,306360
1355,10685,21389,31015,42982,55006,65007,78168,87114,95710,100082,113388,125458,132564,141283,151630,163662,179386,193959,194119,218846
1356,9361,20070,28715,40404,51942,61731,70686,82866,90656,98906,112444,125613,134902,143320,155292,169732,168380,184363,183876,205683
1357,10872,23068,33492,46506,55795,69417,78395,92539,100667,109122,125758,138835,150173,158772,171278,185641,188621,207198,208280,231617
1358,16735,35260,45093,51783,83064,94225,109647,120766,140536,158419,163854,184295,198393,208077,230045,245962,242451,241921,272399,270799
1359,9665,21054,32962,42742,54014,64904,72773,86806,96670,105877,114971,124574,131424,145579,157997,167445,181153,199277,194436,217788
1360,8921,17983,28372,40078,47337,60754,68283,82293,91774,100103,108576,123637,129869,147477,157901,169682,170193,186586,201747,206010
1361,10264,20993,32765,46055,55428,69744,77560,88235,103707,112376,123969,139607,146454,166476,177260,191825,188906,208966,228936,229734
1362,14582,27530,36967,55619,70722,82352,95960,105975,116705,129469,143670,156036,164392,185814,199271,199525,216237,234429,229869,261011
1363,9374,19983,30169,41996,51916,63408,73402,83508,96383,103865,112350,117088,121741,146020,153695,154462,177003,208892,190086,205464
1364,8632,17895,27404,36422,47046,57408,67131,76462,89531,95843,108711,121840,127306,141923,151429,162717,174219,173707,190291,207849
1365,9699,20882,31521,41798,54561,65995,78411,88519,101745,109372,123611,139800,146908,164601,176065,187585,202703,201909,219735,241216
1366,14089,26249,39777,57804,62426,79712,87088,101813,108837,120179,134079,149198,154974,173821,184245,199077,197504,215974,233792,230652
1367,8447,18738,28671,37647,50320,60735,68201,80434,90994,98705,111791,116399,120714,144129,143811,159066,173043,199048,182240,213388
1368,7964,17218,26579,35052,46854,56912,67957,75950,86713,98071,110801,120230,129626,144109,151582,160268,174085,186324,184254,200216
1369,8406,18227,27958,36235,47956,57787,68295,76085,85856,96681,111559,122031,132542,147485,155436,167889,178274,194832,193379,210280
1370,12364,23983,44075,49018,62794,76812,88107,98199,111516,121632,143146,163380,171729,181074,209776,207310,223826,245066,266404,261115
1371,7736,17229,26284,35285,42299,51014,58512,69164,77360,86734,96553,101428,110771,115752,130095,138063,147817,170408,169688,183294
1372,8104,15740,24158,34977,44927,55061,60964,73811,81725,91595,99746,109060,116627,130448,136894,148021,158845,172159,170570,188680
1373,8719,17470,26209,37634,48438,59744,66050,78485,88058,98595,107251,117913,127786,142508,149760,163058,174827,188432,187961,207242
1374,13456,23552,35387,49523,72690,86686,99423,109961,122320,137164,148259,177386,185390,199090,211871,225956,244890,244986,266725,263753
1375,9501,17319,24762,32736,39340,47748,57842,65197,73433,85933,93059,96401,105944,111148,120301,134552,143202,155603,165263,180670
1376,8727,17072,24357,34872,41359,50999,60181,68472,80177,91805,100257,104090,119864,128026,135574,146549,157173,172279,187118,189897
1377,9017,17931,25352,35664,43503,52916,62376,70630,81332,92720,100480,106503,121819,129218,138453,148928,158409,172708,189801,190760
1378,12245,29773,35091,44176,56933,67239,78531,86984,101019,109130,129711,143184,142946,151891,162416,175951,190053,208357,206151,206253
1379,8409,16433,24090,34092,38543,48025,56949,60840,73411,83788,91158,93830,104273,112578,119354,125482,144342,156853,155307,170040
1380,21506,39127,53041,66866,78479,95700,109948,117188,126538,137718,153204,161486,171451,182435,191340,203588,221919,221919,238828,238828
1381,7824,15001,21908,31543,36171,44171,53078,56496,69373,76136,86808,86108,95276,100214,109721,122664,131503,152274,151587,165004
1382,7904,15038,23709,31893,41917,50560,61153,72920,82156,90519,103079,108692,124855,134267,133855,143776,155399,172497,171593,190153
1383,8566,17350,26743,35394,46097,55866,67048,78654,89904,98690,114159,118730,133799,144832,143584,155828,166361,186938,183798,200075
1384,18922,31235,36322,61197,67592,76873,89507,101166,113640,129670,142533,161913,175678,188466,205103,204333,222835,222835,253456,253456
1385,7822,16433,23715,28808,35893,44239,52205,59549,69897,75842,82352,86153,98156,103234,109079,115248,125219,134454,136354,163599
1386,7792,16066,25788,35979,45007,57406,64898,74023,84556,93004,106050,113442,119786,137030,136365,146187,163682,181720,183769,183769
1387,9056,18753,29320,40610,51106,62988,71986,81446,92612,101158,117135,124372,130609,149253,149918,161207,177875,195103,197429,197429
1388,14471,29550,51184,67566,71983,87623,94406,111256,119065,151383,157178,167525,181350,190559,205151,224879,224961,260366,262654,312856
1389,8216,17125,22528,32191,39600,47870,53689,65955,75078,81481,89323,93792,101489,111771,119181,127652,138695,148572,149413,164633
1390,9303,17818,27122,37751,47021,58903,67268,77215,87782,96182,109738,115642,122788,139397,150666,150143,166697,183280,182394,208976
1391,10664,20896,31004,43283,52900,65489,74906,85685,96772,106028,121458,129004,135921,154995,163803,165130,183045,196903,197189,222837
1392,13211,24738,53822,59460,78123,88103,100839,112066,124208,146918,154263,173272,186707,193859,215051,230504,234820,263344,267612,309216
1393,9112,17068,24286,34825,41939,50888,60511,69466,79311,86083,94586,96948,105297,116959,123232,133920,143106,144208,153109,169720
1394,9355,19082,26425,37604,45127,57555,64503,78777,90004,98728,106807,118005,125506,132626,143115,155458,170084,188615,185403,188283
1395,10051,21310,30061,43089,51482,64867,71920,86866,98937,107150,116049,127942,136086,144593,156838,170319,186491,206449,205799,206022
1396,17905,32995,44404,56529,69676,84439,93501,109584,118010,145860,153751,160530,186326,195891,215932,215861,234897,271035,267680,271016
1397,8958,19874,28095,40007,47092,57782,63906,78894,87206,94282,103608,106107,114877,127191,135657,145543,145863,156112,168433,184106
1398,8162,18151,27376,36767,47147,57142,67844,77489,85986,97200,109308,119905,126785,134717,146083,158011,157407,172556,190658,190358
1399,9132,19553,29874,38988,49680,59323,71066,80708,91151,102727,118980,131368,139985,150897,162005,175889,174031,192391,210758,211471
1400,17821,34628,42535,58112,68553,80052,95545,103548,116708,143663,150282,166771,177915,206498,206326,225454,244704,243305,281251,280181
1401,7826,15232,23545,30493,39620,51173,60274,67309,77789,75465,82768,86921,109472,115368,108374,115608,136669,149858,144468,160095
1402,8610,16565,25613,36115,43894,52771,58973,70606,78982,88247,100426,113425,111820,127532,137585,147213,145011,162218,173910,177064
1403,9014,17888,28038,39199,47118,55750,62723,73895,82179,94025,106149,119798,120160,135369,144803,156716,156497,171619,187924,188959
1404,13625,28733,46483,61962,67008,77755,85531,95399,106346,131716,138548,157622,171500,177416,195030,210244,205187,242512,230895,235799
1405,9206,17642,21812,30297,36876,42596,50485,56674,65851,74236,77835,83763,90866,95532,107202,112129,112285,122638,129297,129839
1406,7976,15386,25673,35228,46053,54566,62288,70257,78864,92599,103606,108973,115715,122695,132589,143590,143176,161628,178307,181447
1407,8577,16855,27138,37611,47474,56620,64247,72277,81191,96322,108326,113869,123033,130174,140158,153980,153373,168848,191555,189036
1408,13785,25155,46061,51532,66890,77846,86745,100882,108573,128686,145011,154187,162838,175563,192350,214387,214602,260765,251175,249717
1409,7110,13608,20563,33031,35368,41623,46691,56697,63076,68356,74426,80554,84953,95002,101779,108320,117402,116742,127659,126995
1410,8060,16507,26076,34402,43379,52288,60523,71253,76819,87570,98072,103950,110408,118746,131530,143820,163911,161201,160728,160128
1411,7859,16533,27470,35263,43675,52997,60514,71426,77567,89604,99581,107933,114464,122405,134882,148017,166472,165779,166511,167421
1412,11727,34287,41127,49048,58312,68179,80615,87661,109708,115764,131523,143989,155226,178443,179708,204418,208240,203434,243381,241696
1413,7144,12382,21952,25906,32948,39062,52527,59577,64311,62701,72046,75434,80085,84185,90741,96039,113082,103131,111339,123446
1414,7687,15277,23755,34265,41818,50113,58839,66906,76166,84969,98048,97110,105166,113630,114931,127058,143780,143965,141226,164099
1415,8524,16289,25078,35275,43963,51825,61332,69720,79589,87523,98889,100198,105722,117705,117555,129773,145956,147887,146350,160617
1416,18598,37200,41642,54213,55338,66816,74563,95465,101361,118019,130103,140332,163790,186933,187726,225884,225684,227189,266430,266816
1417,7865,14198,22509,27013,38689,44691,55552,56589,62733,70058,74683,77681,84103,89629,96266,104786,114935,115181,128562,147105
1418,8663,16809,26862,36401,47373,57906,65688,77296,88853,93025,100735,109130,109209,119205,136005,134183,154912,154664,187929,187689
1419,9646,19317,29345,39316,50689,62128,71401,86789,99308,107652,115827,123845,128131,138487,157072,156372,176607,175867,208556,206874
1420,16875,29845,49325,62768,70916,85598,108357,130374,141635,163319,177637,199357,203954,239277,240937,272523,271780,272400,307620,306226
1421,8248,15398,23480,32999,40298,50851,57802,65392,71928,78994,85065,90688,97311,104804,115507,114490,124243,140239,139751,159188
1422,9175,18335,27721,38655,48241,60537,68710,82069,88238,99427,108495,119122,132096,131023,146764,146422,166769,166827,202650,201979
1423,10193,20543,30537,41770,51849,64355,74158,91127,97915,111742,121580,133586,147039,145873,165866,164309,187820,187215,219863,219172
1424,16167,29321,52686,55799,74664,89130,110554,122998,146473,154425,167450,181861,208335,202944,237033,231058,264100,263217,263420,308208
1425,8581,17484,24214,34124,41347,53015,60854,66795,72785,80480,84226,90957,96288,103660,113307,113939,125295,141997,140873,161566
1426,9701,19639,28599,39942,49299,58645,69258,78106,87586,92887,106449,117081,128602,128332,143397,143772,164484,164796,199088,198738
1427,10606,21544,30843,41234,51990,62061,73912,86185,96355,102725,117330,129838,142316,141593,157392,160644,181694,181119,215631,215877
1428,13930,35095,42372,49990,65504,75695,94712,104826,112075,128704,139192,151081,171566,168794,196088,197890,234253,233880,232207,233418
1429,7513,13913,22124,30549,38247,53311,62079,61195,66590,74031,78102,84718,99118,111047,108195,118359,128359,130065,130637,165777
1430,8523,17673,27144,39110,46613,54849,64405,77714,82793,93845,101900,112487,122971,140833,139502,159552,153853,186992,186846,186174
1431,8927,17912,27426,39782,47227,55762,66289,81860,86757,99174,107855,118578,131170,149291,148594,169028,164280,197484,195049,196999
1432,11092,33002,37053,56833,56998,66040,80995,96967,112174,121172,133200,153754,152451,181552,179375,215148,201658,200530,237861,236945
1433,7696,13338,23141,29266,42856,49728,59252,63754,74120,82680,91407,96757,105737,113706,113715,125087,142146,165018,164169,190903
1434,8736,17148,26977,35158,47838,56452,66538,78201,84100,97573,108868,119666,121013,133469,133033,155097,187851,188008,185974,185903
1435,9478,19092,28787,37838,49631,58534,70849,84320,91290,105198,118646,130125,130790,148599,148368,170169,169598,201797,201138,200604
1436,17606,28223,47291,60228,72490,86138,105265,118220,137679,149715,165301,189032,187734,226526,225907,256772,255149,255562,293618,292077
1437,8317,17104,23587,32665,43209,49342,58270,66749,75157,80319,87066,92763,101068,110264,111755,121497,137893,137670,148085,154702
1438,8351,18184,27379,36999,48320,57756,68010,76421,87662,102409,102240,125623,125848,141818,140003,160487,160370,196837,193342,196405
1439,10711,21788,33791,45152,57383,67598,80188,89572,103414,119215,119289,145340,145731,164919,163602,185013,184245,217174,214467,217117
1440,18318,26011,50807,55849,73635,89897,106593,118600,137833,159564,175883,173423,200374,230246,229509,227929,259163,260707,292986,300274
1441,8081,17965,26470,37454,45542,55313,62595,69182,79137,83478,89067,95842,110005,110495,119775,129805,129963,146103,145398,165802
1442,7662,17562,25547,36011,44830,55396,63928,72810,83009,96400,104339,114168,126916,126191,144031,159996,159289,160234,193143,192724
1443,10501,22695,33604,45885,55970,69405,78535,90509,103225,119489,127776,139960,154216,154061,173058,193634,193930,195007,229949,230139
1444,16576,31420,42048,50811,64139,74763,95246,105600,114663,131704,142775,154638,154686,174978,197974,194599,226366,228047,225752,226777
1445,9280,18329,28564,39395,49744,60725,69100,74804,85268,88693,100997,107556,123643,123354,135174,147291,147199,165509,142516,187809
1446,9300,19986,30612,42209,53027,63682,75198,85485,95665,107140,117130,125263,137336,151443,171692,169752,192943,192366,184678,233626
1447,10234,21660,31510,42621,56958,67876,77129,90843,102975,117047,126652,136723,150074,163636,166508,185087,210325,211304,208143,249195
1448,14038,31620,37187,52455,61881,74780,91170,103730,115863,132594,144750,155921,167895,188047,188495,209447,212829,210814,236902,247796
1449,8701,16450,26699,37094,47441,59636,66405,73098,80258,85555,96545,101869,116004,115748,136452,134648,134666,146819,145598,192068
1450,8988,18215,29431,40057,50571,59505,72947,80463,90850,100631,109825,126723,137895,136976,151226,169883,169961,193700,189527,194908
1451,9765,21087,32340,44906,55893,66210,77148,88234,100955,113287,121246,139101,153222,153672,166439,189344,188310,214219,211816,214646
1452,12761,28568,40024,56565,62850,76374,88278,109122,114994,128835,139467,160942,175105,172159,193898,194416,221131,221013,249447,257462
1453,8013,17184,24734,34391,44045,52815,64123,70757,77095,80313,91283,102319,109079,116478,125354,138215,137454,149515,148264,169136
1454,8847,17379,26267,36322,46014,55938,68254,75396,89303,94751,107864,114305,124800,136159,150027,170348,168953,191338,188065,191178
1455,9153,17108,28075,39154,49266,59653,74017,79948,96949,103713,116748,126384,135644,149097,165959,187454,184899,212760,209580,212616
1456,14110,26028,42182,48316,68299,77682,90303,108495,119249,135449,145321,168175,167427,181742,206214,206203,234200,234103,265098,272366
1457,7914,15862,22294,32168,40996,49616,60532,66166,72485,76430,87070,92198,104790,112842,122749,122973,133158,133171,146904,164897
1458,8764,17604,26494,38112,47112,56213,66879,76853,87751,98802,106701,114434,124345,137673,149752,149787,170234,171556,192170,192351
1459,8945,18614,28377,39376,49457,59587,70522,80873,93619,105048,112361,121364,131678,145563,160500,160236,182784,180952,204672,204773
1460,14452,28892,40508,48473,63016,75131,83923,103027,114379,122359,141015,151508,150725,166172,188105,188638,215444,215800,251321,251522
1461,8205,16159,25312,33788,43224,52211,61347,69761,75966,79644,90626,96418,109741,117714,127445,127587,139164,139635,151464,170788
1462,9078,17730,28067,39799,49794,58546,69467,79103,89831,101904,109416,117920,127795,140089,154670,174398,174165,172619,195874,196299
1463,9713,19177,29513,42123,53125,63334,74426,85146,98493,111049,118462,128088,138792,152313,167398,189618,189413,189717,212954,213157
1464,13829,29113,38621,55164,64283,73082,85194,104513,109188,123353,132268,141429,153589,166990,188935,188758,215848,217017,249687,250174
1465,8970,15547,23936,32595,43569,52303,61194,68927,75973,79936,90503,96043,109529,117036,127330,126717,139246,138991,152985,171645
1466,8934,16810,28117,38256,49028,58225,68952,78713,90043,101694,107419,115640,126744,137768,154102,154237,172921,171249,196440,195933
1467,9438,19006,29433,42066,52557,62822,73933,84140,97691,110379,118981,126600,139391,150953,169170,168058,189152,189985,216248,215714
1468,14168,29078,43430,56323,70406,80616,92694,113563,125761,135380,153661,166935,167608,181725,203379,203861,234719,231728,232561,270079
1469,8073,16548,24014,34623,45688,55820,64890,73749,81575,85018,96324,102876,116058,124706,135769,135182,149865,162973,163300,185457
1470,14727,28579,39205,52043,68694,76952,85889,100124,109828,116017,123411,130390,139385,152596,164773,164773,183725,183725,207833,207833
1471,9483,17314,25387,36073,46119,56442,66737,72186,79419,83746,95747,107415,123223,122935,133243,143161,141823,173834,159992,198865
1472,9040,18306,28768,37224,47002,57456,68108,78177,90455,101990,108645,116835,137159,135588,150191,165732,163840,186594,187909,217095
1473,9642,19084,29801,40731,50557,60964,72079,82787,94253,108138,115605,124862,145402,145066,160235,175928,178994,204749,204864,234364
1474,13578,30575,50465,57358,72919,84759,98421,111014,132727,148599,160467,171555,187980,200169,199604,231617,227583,264168,266693,266693
1475,8213,16677,24227,35020,41629,50459,61545,66664,75871,79873,90281,101234,115889,116250,125162,135244,135706,148036,148760,164731
1476,8413,18672,28500,38238,47610,57133,64424,73365,86402,91739,103234,111840,120802,131567,145112,160776,160431,184480,184792,184792
1477,9826,21310,31751,43790,55310,65547,75149,85252,103025,108994,123752,133156,142241,154760,169607,186430,185704,214406,216222,216222
1478,21030,36028,42047,56238,67411,78709,87628,97824,115952,129119,138928,149364,174129,173883,190851,189538,216632,216845,253197,253197
1479,8167,17275,24284,35189,48543,57836,69659,75311,85436,90267,102352,107926,129885,129745,139626,151155,150027,164948,162963,179796
1480,7194,14938,26640,35312,45990,55132,64473,77888,84386,96473,102171,117339,126500,137039,150738,150798,167799,193580,190059,190059
1481,10004,20370,34971,45806,58775,70036,80827,95764,104643,124552,127454,146996,157274,169718,193164,189140,212880,237119,233447,233447
1482,18530,35971,45785,72108,72144,89350,100279,111003,129570,142516,150779,173137,182694,200562,200461,216985,216962,247150,245394,284579
1483,8344,17519,29009,39147,52678,62209,74774,81612,93234,96424,106885,121554,136066,145241,145271,158080,169863,169436,184303,200682
1484,7984,15760,25786,34424,46710,54850,66266,75695,87784,94504,109704,115505,131354,140567,153104,154442,169111,187933,185416,210267
1485,11083,21762,34336,46514,59740,70576,84086,95571,108922,120253,138638,146623,165642,177368,191194,188642,210985,229241,228177,257011
1486,17910,34891,60258,71541,77137,86305,99690,113843,127285,149014,155147,171267,183812,195145,208312,229529,227803,245911,275116,271061
1487,7728,17635,22450,32962,40636,53000,64078,72267,82557,90552,98338,103696,115472,122896,128955,139098,149084,148438,158914,174297
1488,7795,15348,22625,31135,41649,50721,60962,67532,77316,83982,92037,103412,109011,124203,133569,133923,144071,157175,174168,174717
1489,10518,20794,30250,38425,53151,63789,76323,83549,93937,103121,113383,128434,137418,156256,163280,166718,180871,201428,223483,222422
1490,16026,30037,51495,57362,76308,92224,101972,114768,123089,139398,165077,174948,184291,199870,212916,232517,253380,250972,285423,285396
1491,8030,15607,23196,32048,43309,52990,60173,68220,77773,83658,94630,98818,111817,116711,125458,143753,143944,153746,155117,167247
1492,9245,18207,25796,40020,47885,57449,64892,79015,89429,96869,105723,119947,128218,146091,158560,158596,171292,189455,189803,212990
1493,10541,20314,30199,43507,53194,63553,72583,87179,98261,107286,116533,135736,147582,163579,165045,177227,193451,214255,214294,240504
1494,13635,28313,46548,66142,78220,89643,100526,115195,130553,140020,165196,172652,183502,208110,208541,223847,241723,242054,261741,263583
1495,7973,15084,22195,29321,38992,48099,55240,60526,74930,81658,89505,98362,102507,110504,117390,131603,139971,140058,150249,151208
1496,8844,16511,26268,34996,46139,55043,62466,71368,81734,93329,103612,111326,124253,131361,142665,151156,162914,162498,179645,200076
1497,10382,19074,29028,39172,50516,59868,66762,75277,86527,97602,106843,116482,131523,140476,151883,162136,177387,176110,193587,212816
1498,18078,34264,45285,69596,72459,82379,96459,103654,116299,124901,145735,162670,173724,187227,200191,216685,216095,235071,234238,265782
1499,7310,14567,21294,27510,36000,45111,50066,56155,68885,71890,81212,89439,93922,100534,105236,116265,127262,124533,134905,136699
1500,9330,19641,27925,36083,45997,51719,61471,68237,74532,78682,91442,94444,100056,104201,112088,117479,124956,124956,130230,137133
1501,1761,6363,7062,8436,9131,9906,10854,11112,11782,11859,11833,12487,12292,12015,12983,12987,13231,13231,13050,12922
1502,4399,8410,8837,9509,10188,10950,11830,11858,12695,12642,12637,13577,13645,13445,14522,14452,14478,14478,14477,14598
1503,5040,10583,11504,12440,13553,13640,14795,14808,14872,15883,15797,16017,15918,15972,15973,16074,16125,16125,16011,16138
1504,17606,45480,59620,64942,65900,64704,66436,65188,64742,68096,65983,66250,65345,64612,64316,63991,63638,63638,62527,62249
1505,6116,7051,8385,9090,9667,10504,11358,11365,11394,12281,12207,13197,13158,13212,13164,13252,13313,13313,13185,13221
1506,9896,10427,12032,12991,13822,14812,15934,16070,15828,16760,17117,18351,18376,18347,18216,18594,18644,18644,18322,18502
1507,10610,11272,13250,14193,15338,16471,17897,17862,17867,19397,19353,20921,21110,20705,20980,20922,20911,20911,20963,21046
1508,21300,37183,50412,61075,64136,66807,69701,65581,65312,67991,67816,70396,70285,69809,69144,68698,68779,68779,68459,68448
1509,4574,7667,11276,14281,15366,16601,19160,17741,19270,20604,20684,20737,20717,22219,22148,22173,22293,22293,22172,22214
1510,7953,11540,16813,20872,22585,24474,28870,26200,28690,30677,30923,30832,30752,33165,33014,32829,33026,33026,33013,32881
1511,7779,11136,16874,21150,22700,24443,28363,25729,28102,30644,29781,30618,30162,31686,32513,32782,32801,32801,32633,31674
1512,21865,31156,46643,61232,72862,72903,79129,76304,79432,79064,79122,79216,78998,82980,82969,83153,82949,82949,82832,82962
1513,4151,8896,15652,21231,24583,26484,30117,29883,32418,32444,32502,34957,34898,35008,36975,37052,37209,37209,37215,36933
1514,7077,13766,23082,30170,34628,36940,41381,41599,44324,44281,44370,47298,47377,47386,50886,51109,51344,51344,51073,51081
1515,7191,15298,25819,34354,39566,41778,46777,46629,49886,49579,49603,52848,52563,52948,55919,56219,56206,56206,56186,56050
1516,17547,30882,44775,53951,65979,81109,83836,84473,88492,88450,88433,88348,88404,87899,97064,96861,96635,96635,97003,96555
1517,4213,10673,18037,25672,31550,38367,40531,43836,46006,45928,46359,47986,48151,47457,49363,49656,50066,50066,50043,49598
1518,6570,15653,26613,36813,44019,50557,52413,55126,57858,57417,58318,61282,61135,60441,62971,63108,63313,63313,63746,62920
1519,5928,16058,27315,37966,46484,53007,55122,57711,60801,60165,60741,63625,63913,63362,66578,67348,67486,67486,67524,67293
1520,14276,24623,56370,70621,80885,105834,118367,117809,138195,138517,137984,138493,138155,138089,145907,146115,146418,146418,145707,145454
1521,3752,10329,17499,25710,34435,42089,46512,48707,50810,51030,51176,56783,56600,56514,59167,59211,59376,59376,59450,59217
1522,5822,16964,26654,37356,45087,57004,64378,68650,73460,73561,73701,80890,80142,79901,78678,78583,79051,79051,78541,79212
1523,5735,16034,26632,38195,45007,58059,67116,72116,78913,78182,78674,84899,85399,84048,83916,84248,83821,83821,84030,84176
1524,15409,41849,50564,61195,82617,98581,115892,127203,138066,163521,163140,164401,162120,162744,162642,163243,162527,162527,161544,161636
1525,3783,10278,18395,27200,35306,45964,52187,56475,60846,60039,65954,66006,72342,71836,71685,71470,71190,71190,72242,79749
1526,5827,16896,27847,36346,49847,61921,67268,81492,80953,80079,91960,90982,106632,105350,106787,107068,107114,107114,105696,107148
1527,6057,16134,28212,35786,50022,63416,68057,85310,85345,85464,94997,94542,111212,110157,112177,112103,110281,110281,110542,111781
1528,30524,39015,41118,55267,71953,83940,103669,119334,142738,140874,173747,173702,208907,208688,208167,208158,208554,208554,207937,207630
1529,4463,13220,24577,32148,45502,52599,62822,78449,76887,77264,87117,87086,102767,102871,123270,122638,122828,122828,121684,121324
1530,7587,22105,32684,44802,55056,65531,80941,92332,107709,108118,126787,127422,159992,159122,159587,159750,159542,159542,159212,158843
1531,9189,22331,33046,47147,58854,69316,86344,96317,110493,110678,128839,130107,158037,157433,158660,157643,157518,157518,158009,157577
1532,25229,33808,45770,63960,79663,94747,104997,119831,141801,140074,165266,166995,168913,204667,203587,203661,286203,286203,284580,285282
1533,6648,19959,33060,42681,58090,75021,92496,103587,118719,118685,118104,138382,137446,137573,168138,164557,168724,168724,168551,168488
1534,10282,23439,35399,49420,61314,73740,90724,102470,117426,118496,138065,171376,171783,171248,207221,206968,211773,211773,212099,214117
1535,13728,28595,41533,54534,68237,86798,92445,117826,135475,134749,155455,155615,193328,192898,190953,228066,228083,228083,228607,228867
1536,19576,30925,63939,87328,100851,118125,137405,150569,171925,202137,198786,202350,236569,233818,268480,264948,266410,335533,334018,334313
1537,8851,25000,31358,42188,52459,69584,81585,88100,109458,108305,124953,145556,142849,146063,176102,175839,216479,218346,218360,218118
1538,10441,22751,30532,40518,55141,62496,77783,85093,95282,107245,122367,143922,142896,175243,179321,178728,213767,214320,216149,216176
1539,13104,28522,39401,51053,69539,79025,98621,106571,118079,130569,147959,171212,171281,203709,209131,208900,249753,248611,248969,246105
1540,16560,30876,58528,71000,90213,106472,123947,145858,159128,178495,183216,215798,215579,252739,251083,285933,238198,237788,238840,238928
1541,10650,25688,35865,50283,63543,78056,94634,102707,121375,134369,153031,152816,173675,175949,214131,217008,215588,255499,259261,256656
1542,12182,23219,32346,45039,56755,68595,83093,97168,104587,130787,152010,151148,170914,175119,173384,213613,213701,213769,255977,256506
1543,13884,30374,40952,55457,69359,84642,101477,115886,126965,157082,176204,176765,201961,201566,202458,243778,242880,243115,291055,292703
1544,16017,39515,50246,65538,79968,95720,112355,129633,138974,165381,188618,188853,216653,220191,221038,227737,227632,227139,271656,273406
1545,14756,27148,35849,48265,58957,71433,86533,105792,113309,132997,167915,168676,191127,191384,190341,228284,231617,226150,226309,231148
1546,14513,26266,32164,43465,57630,65716,78874,95020,109684,130863,167648,168821,188872,189539,188587,229420,229264,229345,227893,232976
1547,17792,33635,40571,54094,68672,81343,97705,117770,126020,165095,177631,202884,229371,231823,231682,280318,281848,281887,281696,283333
1548,25727,52494,55362,60952,74834,88053,104541,122762,140832,163784,202786,206267,231594,234459,234112,258441,259762,257180,256688,312631
1549,13373,25652,39912,43979,56494,68297,79278,103715,118907,138312,169259,191397,220792,216095,217882,264301,261810,264443,260570,265429
1550,13415,23047,35967,44186,56715,67392,78243,94467,107192,134306,166987,167268,216401,217808,217827,261941,262413,264630,260510,265550
1551,12182,22229,36062,43264,51404,66688,76653,87485,105433,122373,146058,162712,205903,210277,210302,253287,249007,254005,249185,254809
1552,23429,36045,46153,53621,66293,83878,99795,141336,159132,142702,197701,216693,285448,283054,283468,271502,271785,275930,272088,277161
1553,8957,15911,28375,40043,45165,54915,62960,75581,84302,106060,114939,126237,160244,181774,183341,224896,224777,224041,224463,226054
1554,9136,17568,29438,38219,49267,58542,67229,80579,90485,98890,115665,128744,162214,185341,186304,231161,230220,230149,231504,230229
1555,9380,19241,31432,40867,52753,62758,71901,88396,99225,107452,124991,137873,171651,196074,196238,235793,234973,235255,234536,234814
1556,16612,27832,55859,69253,81884,100288,120593,136581,157317,164385,183638,198425,222718,264601,264636,247880,247266,248456,248286,247585
1557,8669,20886,30862,41706,54963,65883,70088,86070,102893,103260,119927,142488,159793,178032,204266,255169,256375,256956,253836,254274
1558,9666,19859,29190,39667,52070,62808,72621,81678,97667,115840,113225,137278,151638,174501,197535,246397,245869,247379,245928,246724
1559,11263,22804,34885,47437,61411,73173,84562,96830,115655,124059,134098,159282,157873,197135,225445,273543,276503,276227,275658,275138
1560,14850,28253,59629,73973,87862,101553,125798,127611,141401,166311,173572,189745,205316,234466,271604,265970,264598,267012,265088,266575
1561,10354,23173,31942,47955,65272,72186,82453,95649,111096,123453,143733,155388,172045,187698,211053,284461,289156,290445,288907,284679
1562,9132,19548,29615,42455,57086,64748,73418,85400,103594,116278,127561,136050,148123,180621,205522,276189,278830,280226,277801,275844
1563,10810,22244,34317,48136,64394,72790,82141,95260,108782,130592,141735,151566,164351,179093,223698,306469,305964,307367,306166,305336
1564,14265,36811,51962,67255,90291,104296,113296,104420,119209,155759,141147,163811,163140,195396,221679,296847,296798,297460,296384,295537
1565,10057,21039,30051,42316,58352,74284,92912,96387,110728,117760,130909,150160,163459,178742,196645,253949,306049,309106,305378,305983
1566,8955,19214,27329,38341,53349,68526,82505,85724,94732,108854,122886,131072,141419,151874,185258,240032,290586,291761,288736,291827
1567,10406,21712,30793,42292,54627,69798,87122,90770,99244,115759,130382,140983,149671,164042,180412,259196,259180,312325,312974,310944
1568,13139,32692,42123,52761,65952,82701,100749,124870,143907,131179,173761,185905,198533,216792,236240,279481,311287,305366,304523,306155
1569,8938,19006,29267,41496,53671,64322,83727,91084,100812,115542,123305,140155,150719,161571,179370,225123,259935,310455,310660,310306
1570,9268,17865,28125,39712,48488,61634,76307,83211,95886,110743,116910,134618,133584,156000,155940,252933,220319,306170,300307,305248
1571,10238,19863,31710,43055,52551,67050,81986,89369,102908,119248,125704,146118,146344,170413,170558,233939,235758,327469,325395,326153
1572,16590,33679,36571,49791,61512,73888,87281,121010,139111,126845,162473,175521,188821,201643,220895,248617,262124,324231,318916,324176
1573,8879,18018,28540,40559,53830,64281,81696,96382,100640,116440,128711,137255,147502,158643,170463,188938,213465,273931,326746,329864
1574,8224,17489,26513,37737,50125,59942,72897,90414,95031,110209,114333,129566,139630,149618,163441,162533,181914,263510,315199,318910
1575,10138,21019,30045,41947,54763,65079,79242,98305,102699,119078,124518,142147,151688,162889,177180,175163,197014,279785,336851,340974
1576,13861,30320,43851,63774,76057,88708,101487,123929,141298,156577,155787,180224,192112,208652,228200,242624,214873,345191,345279,344873
1577,9873,19175,32683,42914,53093,67141,76342,97811,106876,111451,130141,137693,146681,157577,170234,181072,201261,250609,289081,347956
1578,8948,17462,28110,39781,49454,58381,70877,86972,101334,105459,117434,130379,139427,150358,163099,159786,174378,243921,279099,338194
1579,10665,20916,32124,44624,54880,64859,78736,94417,103968,114656,126084,140473,149932,161806,174025,172852,185508,259301,295940,361734
1580,15134,25467,43496,61972,75033,95887,104575,110956,119985,153347,146802,162450,175702,188856,205385,223605,256492,293470,356549,360959
1581,9937,18905,31056,41445,53491,63036,72035,84559,96352,105747,119694,128114,143566,153994,165432,165185,195155,198695,242789,279935
1582,8700,16777,28226,37642,45866,57581,66507,78479,90455,98007,111824,118438,133889,145103,155882,155874,167962,168299,235074,270597
1583,10690,20874,35363,46473,55484,70062,79173,92206,104256,113854,130886,137403,153512,166103,179971,179565,192344,193218,231766,300568
1584,17255,29937,51495,66682,74911,91381,100832,121154,129480,148515,163573,180583,192516,208891,219739,213328,229193,211843,276679,304897
1585,8370,20170,29413,41651,50463,61832,73659,86821,97520,113320,117962,133879,141729,150808,162677,164342,188696,210323,260052,258134
1586,8526,18030,26116,37665,45973,56214,67360,79636,90205,104439,108877,123467,131432,139625,149341,151283,177398,178751,248508,244049
1587,9849,21239,31085,43843,52792,63221,74085,90154,98879,114667,119685,138316,145938,156088,166868,168187,193222,193132,235991,236597
1588,15066,28090,41644,57344,64728,80152,94510,104028,127873,129792,159002,166041,172657,186959,200402,201391,232681,240716,237819,282038
1589,8207,20639,30238,40186,52133,62586,74569,88706,99878,110464,119829,136809,144343,153652,165418,153165,192175,189895,206437,230036
1590,33123,63421,88884,108845,129637,139226,150436,168649,186103,195959,220229,235931,235931,256928,276868,256928,308330,308330,345065,345065
1591,8952,20359,28971,41048,50016,61033,76380,87497,98850,112567,123974,132798,147461,158672,169147,158672,181328,181328,212668,212668
1592,7809,17882,25751,36986,45545,56058,66572,80566,88074,100270,110217,123344,130129,147584,157991,158362,170443,182612,199402,199402
1593,9128,21575,30816,42845,52279,62954,74439,89142,97583,110314,119364,135519,142660,160849,172301,173440,185790,200965,220813,220813
1594,15485,32147,34329,44713,53354,66198,73990,110063,118105,111556,156650,163312,172348,197999,213366,212034,230013,242656,243549,274240
1595,8475,19466,30728,43447,52854,63043,73691,82966,96695,108379,120235,125573,141918,149675,159609,149701,182312,180624,194960,238878
1596,8050,16899,27475,36403,47714,57968,67613,74969,84879,99979,105245,115047,130576,137675,146097,156345,167755,180111,180949,198726
1597,9015,19399,29701,40147,51220,62457,72911,82588,92015,106667,112309,122689,141417,149833,158470,170674,183229,195692,194856,215967
1598,18834,33824,50741,67168,74992,81107,93417,109718,118840,135887,144951,165914,175047,198576,215225,207908,225889,244480,235325,268370
1599,7967,16694,27700,37313,48693,60261,70610,81353,92720,107988,114413,125840,144133,151820,162017,150357,172014,173239,198215,217547
1600,8524,16309,25598,34615,45795,57040,67359,77447,88381,103473,110154,120615,130824,144165,153758,164773,176185,177397,190120,207686
1601,8899,16883,26656,35707,46222,56415,66113,74622,84480,99972,104584,114124,124888,139053,146499,157428,169032,168853,182222,199832
1602,14976,23388,45200,58887,71484,81611,94615,107860,116546,132923,160996,167166,178069,203248,220688,210296,228761,255056,273331,273837
1603,7886,15802,25224,34199,47942,54812,65054,73852,83313,102471,101848,120539,120513,134743,140455,129151,151357,151136,162229,191091
1604,7920,15520,24464,32954,43719,53061,63519,72657,80193,94841,98440,110935,117404,124672,140679,143125,151233,163287,180371,176985
1605,9017,17401,27503,36980,48124,58672,69675,78912,86594,103311,106937,122030,129180,137133,154994,156561,167417,179538,196019,194568
1606,15589,35271,43657,56386,71647,81580,90481,104431,113606,131360,151798,158855,167462,179388,193774,214830,223826,232959,250224,238301
1607,8563,16887,24748,36223,48298,59160,65622,73622,86031,102847,107220,121546,121741,135014,153065,135811,153995,151908,163694,213149
1608,7635,16640,25874,35498,43890,53603,64168,73016,88125,96994,105340,119730,126580,133191,143099,144143,166247,164679,182005,201363
1609,8782,18053,29043,39405,48365,59332,70222,79809,94778,105927,115299,132262,139604,148314,159940,161226,186137,183614,205273,223165
1610,15944,34002,44097,56748,72602,83248,92569,102491,115570,136036,148969,157079,177445,191528,191138,215559,234987,242048,251286,295169
1611,8634,17725,27111,36854,48394,58212,65363,74113,90011,103463,108031,124139,130592,146756,156316,134872,152445,153908,166243,214661
1612,7828,16364,24435,36282,44020,53710,64759,73683,88345,96142,105158,121201,127755,135524,146375,154967,166568,166416,185549,203410
1613,8668,18018,27379,40099,49558,60298,71705,81816,96979,106849,117318,135658,142092,150756,162227,171789,188424,186916,204949,222622
1614,11669,30644,47330,59043,74043,85141,94826,110130,123638,140524,160995,169152,179641,209183,208021,210200,238650,248715,249979,257470
1615,8420,17405,25864,35546,46402,57047,64136,79821,91730,102055,108366,123651,124090,138041,157043,138495,155623,158190,167315,197398
1616,8213,15201,24854,34253,45023,54308,61537,71492,82449,92908,103239,112057,118817,133176,143279,152819,164576,165152,179845,200804
1617,9313,18068,28801,39546,51814,61928,70053,81289,93538,104525,116792,127607,134413,150474,161529,174276,185525,186637,205719,226952
1618,13831,31067,45263,57321,66959,76969,90160,101490,111150,129177,153803,161362,170796,183391,200670,207847,223174,254946,245169,280189
1619,9323,16895,24598,33590,44700,54419,61461,74874,83051,100019,104971,119212,119123,133537,151719,134615,150668,152718,162049,191136
1620,8837,15178,26373,36266,44839,53566,65149,74539,85095,98036,102995,117892,125219,132737,141895,153715,163384,165899,179345,196958
1621,9432,16734,28839,39089,47394,56926,69073,77967,89401,102294,107952,125199,131466,141408,152545,164109,174179,176702,194576,214543
1622,15538,28777,42288,54115,67544,78253,92016,95901,110693,133471,139005,146739,168711,181947,195633,196339,210356,242704,228735,260764
1623,8497,15026,22691,34210,41175,50480,60778,69036,79477,91663,91012,100215,108663,121552,138829,121387,137129,136573,148880,172234
1624,7973,16349,23898,33180,43565,52015,59857,73179,80749,88634,101313,106782,113413,129056,138814,138562,148392,162364,164620,179428
1625,8681,18033,26657,35871,46829,56140,64565,78465,86280,95422,108826,113681,120939,138634,148578,149545,161221,172798,175689,192423
1626,14660,29851,40833,52439,65576,76768,86200,102310,111963,135216,152801,165106,178917,192092,209303,218565,225064,258256,272163,257109
1627,8238,17187,23344,34225,41725,50325,56989,69524,79287,89806,91068,103910,109965,123554,132567,121716,128769,141390,152150,168263
1628,8201,17232,25497,34243,45050,54157,66744,76066,83860,90754,104411,110969,117807,126555,135902,146529,157718,158963,176831,200980
1629,8623,17782,26145,34888,45160,54157,65507,74772,81504,90245,105405,111021,119305,129339,138773,149748,165085,164055,180109,207446
1630,14799,28521,46306,57323,68764,81492,93174,97999,118841,140744,141304,165910,163156,177551,192114,218175,254683,237514,244408,300350
1631,8339,16599,22669,32202,39901,47331,57216,66956,73559,79642,84000,96472,101933,108708,125987,116791,123063,125762,150823,148632
1632,8421,16628,26178,34732,44871,50656,62805,73928,80788,90826,96995,112044,110936,119962,129760,142007,154513,160288,180143,179139
1633,8507,16751,26530,34175,43984,50280,61917,71408,80438,92296,98136,112151,111036,120835,128538,144291,157941,158919,181767,179248
1634,11710,27740,45911,54259,65948,74215,88611,119920,129852,135604,162960,170853,188859,206343,203592,208793,211081,247155,241841,254768
1635,8070,14750,22276,29054,38109,46192,54819,62887,69037,79192,79597,89256,94720,102573,119372,111745,119894,121522,133207,147962
1636,7711,15277,23301,32778,42523,50046,60981,67348,77646,87536,95041,101361,112799,123349,139250,140542,157127,159666,159662,180904
1637,8121,15720,24622,33975,43855,51524,62002,67622,79708,89294,96726,103556,113684,127223,139483,140305,158772,162868,159088,186459
1638,19054,20574,38224,48930,57442,71323,87466,114687,125075,133142,145994,179404,176658,201589,203248,230009,219895,301530,274833,268836
1639,7060,14319,22619,30139,38919,49021,56981,61333,71786,81444,81110,92173,93488,100650,121157,109310,122751,121274,137072,156040
1640,8196,18089,27448,37847,46613,58648,64648,72984,83069,98985,97376,104020,115758,130254,129871,150679,149414,147654,171553,210231
1641,7894,16420,25526,35467,43478,53792,59109,69378,78461,92800,92921,101499,113557,124335,126834,144477,142340,142366,167594,202731
1642,16497,37157,42436,55919,66586,80453,98936,106027,125977,146026,153520,149570,177498,176534,211204,253001,262446,275861,290840,261176
1643,6869,12499,20080,26106,34540,42337,48822,51115,63813,67996,74394,79749,88123,87356,97518,96823,107954,108825,125334,125441
1644,6477,13693,21952,32003,38384,47678,59108,69031,74035,79306,90601,101048,99848,116849,117449,115765,131668,130868,159921,162714
1645,6431,13949,22499,32055,39322,48171,62122,72088,77057,84654,95513,106689,103881,119865,120627,121512,140433,139965,168589,169337
1646,14701,34482,51186,63986,77546,104220,122849,115728,125546,152586,146816,172929,170566,213308,210903,243488,294025,269246,286735,292456
1647,5734,10746,15976,23051,29631,37193,43813,51087,59397,59173,64214,69945,78815,87893,103135,88556,101668,102594,117175,116244
1648,6997,13994,22089,30635,38746,49028,56678,69543,76344,74405,85415,98319,99039,115525,143765,111551,139077,138599,140878,136071
1649,7193,15565,24643,33489,42885,54182,63997,76733,85661,84979,97684,112471,112782,130732,160586,130057,160497,157337,160955,156302
1650,16641,31757,52167,67474,91624,109833,117004,154861,182724,205810,207835,254504,252992,251446,298679,259506,287904,256215,357050,402124
1651,6561,12341,18039,26031,32769,41117,47293,50257,54695,59770,65933,72626,83337,82719,96229,95530,96197,113590,111126,139064
1652,8854,17669,26440,34424,42742,49738,58837,64432,71249,80754,93417,93097,109323,107209,130132,137100,133724,130963,134953,165135
1653,9417,18996,28648,37315,47506,54777,66274,71978,81085,92090,106071,105636,122327,121899,148760,154579,153413,149003,153479,180398
1654,13850,27549,40107,55737,73190,86542,93372,119954,138413,150194,206812,198661,202840,238548,240405,210326,226737,401340,298612,284822
1655,7464,13231,19041,26886,33217,42400,48819,52563,58159,64216,63020,69989,78735,92922,91813,106775,105751,105271,135550,135513
1656,9195,18675,27316,35815,49559,57784,63529,68877,76677,90311,88504,88411,103442,128909,127818,129779,124112,126801,154121,154356
1657,10572,21380,31659,42027,57615,68652,74449,82205,92985,108464,107685,107152,123308,157001,157623,157851,153432,157174,188153,186354
1658,29789,25072,41928,63637,71651,85603,108270,128756,126566,141891,200159,181913,237332,224300,233821,270695,294987,377110,313400,312645
1659,5314,16661,24651,32423,38400,48227,56751,55816,67036,75679,74932,84958,98172,96331,114251,113842,113173,113761,137793,171912
1660,7620,18249,30035,39111,48571,56155,67381,73460,83722,98815,95241,114086,109892,140818,139634,138351,135425,138630,164119,166314
1661,9815,22698,35619,46473,59495,68226,80571,90316,102560,115691,116204,134954,135350,168158,167748,167671,163791,167045,197953,199443
1662,23771,41360,36415,53055,64643,74547,129448,110848,129524,140323,149371,186263,188583,189019,230951,261077,209825,238925,324667,339467
1663,6911,14701,28223,36393,42746,54040,57015,67215,72951,81922,82069,90694,106691,106415,103746,121201,148627,148494,145901,182225
1664,8037,17055,29683,37247,48627,56059,64619,79183,89345,105203,103945,120706,117148,149312,147885,146352,182362,182241,174461,174827
1665,9579,20238,32700,41549,55379,63510,74170,90009,101323,115818,115793,131692,132644,164385,164293,165055,196337,196565,196089,195850
1666,16382,30589,52428,77760,84863,109656,100124,99241,115278,154349,137490,163715,167836,167627,201542,235120,220579,219514,313136,322372
1667,9140,18497,28568,36143,44591,56332,63636,74688,80695,81971,90101,101013,118003,115969,115590,136422,165678,165885,168306,202878
1668,8745,18154,27734,37041,46088,58282,73269,79679,87979,98853,114480,131168,131690,131741,163639,163114,159641,200630,194337,195085
1669,10528,21258,31934,42699,53305,66575,82908,89023,99121,110723,126222,143419,143659,143509,177337,177500,173524,215035,209888,209832
1670,14872,27825,46185,56208,78445,87289,102685,139865,153707,155955,201774,205309,246662,247043,240628,194937,237074,236104,228919,227974
1671,9860,19516,27493,38155,46628,57327,64641,73683,80719,87326,86018,95381,107645,107153,119607,141709,171157,170867,171934,208828
1672,9213,17940,27672,37677,45942,57266,70077,75198,81916,90106,99814,115797,115670,130861,130001,162116,163892,163625,195739,202018
1673,10529,22330,33348,44498,54875,68201,83666,88563,97558,108342,121315,137371,136503,159274,158967,192433,196186,196936,233700,233717
1674,14088,29524,40666,52914,71452,80560,99080,116948,128769,132368,159752,194541,194254,191629,225782,191568,198439,248435,246762,247090
1675,10077,19972,28479,40580,48859,57651,65896,70345,79715,86164,93268,102922,115633,115448,115278,150287,187825,150520,150200,182946
1676,9067,18690,28837,40426,48896,59970,70979,77410,89430,96879,109320,109058,127173,142904,143977,143059,178914,176803,178037,217845
1677,10508,21159,32202,44179,53366,65002,78406,84813,99873,110214,123977,123416,142016,160767,161020,161256,200561,200387,200216,242094
1678,16647,23434,40166,49940,62273,83068,83542,111032,121761,136743,151035,152772,183995,183581,214773,266329,206461,216808,240085,262311
1679,8714,18873,27333,39142,46979,53754,66892,74818,81273,87878,100998,94452,111476,103871,124029,130699,162111,162433,162249,196552
1680,24202,45393,63217,76423,87369,104819,117925,125143,133337,145928,157214,157214,173681,173681,195290,195290,227423,227423,227423,269956
1681,9381,20606,27475,38283,47643,56454,61617,71282,81335,86630,93926,101317,111334,111334,123894,140382,159542,159542,159542,159505
1682,9122,18230,30510,40470,51705,60541,69763,78311,91731,98535,108456,121808,136879,136879,156249,156249,152256,187174,187174,186240
1683,9353,20347,30910,44174,56121,65600,75201,84652,99390,107751,119726,130848,149137,149137,170254,170254,168427,207255,207255,207551
1684,19655,41968,34012,43775,55427,76679,112288,114368,123928,115438,147108,170888,196065,195845,196781,242307,258381,191072,258381,238460
1685,8336,15612,25729,33926,46953,52938,58191,68438,76616,87014,87675,93859,101144,112755,111592,138465,137665,163497,159926,161801
1686,8598,17440,31388,40823,54154,60994,69638,84593,91229,105453,116039,127630,128925,148049,147708,164556,163864,206520,200776,201985
1687,8920,19173,30896,43475,52755,63746,72880,88152,95707,110578,122096,135450,135654,155390,154788,175996,174436,216076,215140,215353
1688,18218,33466,54148,68026,80548,104092,104550,100887,107904,164133,145074,155278,158167,179936,180497,255458,253591,285963,294501,299109
1689,7451,13837,22098,29901,39669,48920,54905,68244,76387,79185,86272,91779,99954,110648,110162,122079,135153,136330,136821,159296
1690,8569,17568,27935,36396,47020,58020,70656,79536,89922,95115,104234,128089,128234,144541,143889,163256,160455,162196,196696,197767
1691,9189,20050,31677,41227,52669,63762,78371,87552,101197,108209,117612,143798,143967,164509,163752,190026,190189,191038,227261,225609
1692,17942,32415,47926,59319,70743,84599,105414,120690,141017,139564,164730,180248,209160,208729,245868,217910,255503,261048,256654,306610
1693,7022,15258,24018,32821,40160,50255,55802,63843,74511,80052,90809,96954,105544,105861,116731,117206,130654,148370,148240,145573
1694,7959,18955,27225,38255,49587,56622,66271,80791,85980,99529,108341,117447,131632,131494,152069,150921,171149,173088,209118,205115
1695,7531,18089,26988,38282,49298,57402,67005,82591,88147,102066,111347,122686,138298,138214,157465,157846,181119,179427,220299,216945
1696,14594,32019,43992,53796,64413,76030,103617,114146,122937,128115,142901,156779,177045,177042,215305,177400,256539,244580,256259,311357
1697,7255,14228,21269,29496,39734,47060,56444,61340,75803,81370,93385,91955,101069,107902,120437,121208,133265,152964,133267,150875
1698,8677,18729,30048,38759,51238,62292,69946,84088,89461,104678,114190,124708,139055,139424,158165,158627,182273,182381,179456,218252
1699,8014,17581,28074,37205,47876,58726,65932,82072,86718,102909,110750,121696,136757,137176,157073,157462,178294,179745,179981,217600
1700,19828,24772,49472,61719,74521,88316,110753,121749,131702,148724,173241,172251,196294,195627,232692,256164,252808,279972,298835,277419
1701,7275,14630,20999,28542,38437,45867,49563,58218,67901,77259,81688,87993,95760,103536,103218,114089,113422,126574,127127,127168
1702,8153,18364,28891,37379,48839,58541,62893,79312,84287,100503,107663,119009,132019,131744,151069,149798,149571,172989,167890,167489
1703,8914,20021,32446,41530,52710,61967,67838,84871,89043,105085,112238,123742,139101,138257,158597,159786,157273,178787,179834,179752
1704,17198,38149,32946,61580,73649,86518,95745,116857,126284,143488,145846,161065,182750,182548,214608,215655,251806,267482,246383,286640
1705,7781,13919,20199,26309,34521,41776,45096,52904,61696,68659,74877,79594,86307,91925,93233,102723,102812,113364,114008,126048
1706,8720,17279,27739,36786,45734,53061,63677,72675,84500,88833,98315,108354,118704,135912,133637,135409,135313,153650,150977,184362
1707,9210,17874,28904,39045,48358,55936,68295,77586,88132,94699,104247,113012,126405,143595,143862,142663,143327,162203,161365,197895
1708,14757,30880,46763,55454,68764,79180,96040,126582,133833,138058,161202,185718,217569,221344,215233,233375,232022,234055,276952,275618
1709,7485,13093,19941,26238,34694,40357,44923,48791,61126,69149,69101,80542,80742,96166,96844,107429,107419,122931,121785,121007
1710,8272,17297,25932,36276,44698,55248,64223,71882,84747,91580,100935,110913,111089,128929,126913,144367,147369,171996,175467,176599
1711,9123,19195,29866,41107,49997,61424,71828,82386,95613,104183,115328,127327,127048,144136,144027,163679,166949,195336,200535,199342
1712,15790,30694,45143,56188,68824,82692,104357,118782,125943,145167,152734,172584,206575,206734,241413,243625,241526,280105,277072,292680
1713,7719,13414,20786,27680,36504,44234,46711,51104,63007,72919,78845,85927,85199,101990,101121,113791,131320,128864,146389,127963
1714,7766,16430,25415,36634,47231,60394,63579,71636,84647,93215,102314,113416,113136,131962,130026,147483,180739,177582,180704,177506
1715,8848,17923,29707,41018,54269,68815,74670,83370,98146,105721,118622,130732,129929,147201,146911,166140,202330,203959,202032,203270
1716,15793,33622,44547,62281,76127,96205,106636,116624,124216,161430,151160,173952,204256,205212,242718,259151,260489,295893,301044,290655
1717,6205,12029,19008,25579,34342,39179,44041,49530,62752,66236,72933,78405,77419,94914,94124,105134,121370,122396,139616,140458
1718,6859,15406,25979,35861,43524,55609,63303,73646,79061,86739,96052,107412,106480,124787,122276,139885,172074,171004,172308,171695
1719,6661,15969,27189,37455,45619,59675,68816,80996,87261,95201,105669,118143,118366,134513,136313,156581,193808,194445,195072,193194
1720,15046,30856,52351,62566,74198,96600,108868,132135,143542,154111,182054,208652,207955,249461,244310,247364,247203,296893,290668,275417
1721,6169,12028,17976,23953,32335,37422,41804,49845,56887,59660,66100,71887,77749,85797,87033,111795,110043,110108,128148,129086
1722,6981,14452,23380,32872,41255,50308,57926,64503,77039,84035,85012,95077,109432,107873,108917,154327,153788,149221,152838,153002
1723,7909,16549,25789,36415,44630,57052,66365,73331,85785,95605,94994,108407,123369,123015,123621,176689,177698,173532,176116,176075
1724,20766,36840,39459,60058,74350,94954,104588,127023,139547,152465,192294,188227,230353,215210,217225,247703,247634,253991,248813,348028
1725,6857,12979,20900,28527,33653,38776,44464,52188,61751,66496,72670,79611,79864,90380,100318,117236,116261,115823,133599,136141
1726,7696,17539,28417,40220,46756,58626,70095,74486,92840,90009,101561,117188,117727,117073,139022,172101,172160,168236,170444,170328
1727,8597,19133,30265,43314,50465,64813,76449,83328,101236,100665,111779,127879,126784,126859,150186,186128,186354,182116,185406,183166
1728,17459,35501,47529,58470,75681,91509,108813,123261,138991,144422,188721,189028,224720,224439,226000,218643,257797,251569,257995,272648
1729,7335,14188,21440,32571,37329,43521,45657,53960,61561,68265,73965,79138,80759,101173,117393,119897,117344,117256,136605,161099
1730,8231,18180,29049,39733,49556,62112,72732,76001,83757,94784,104983,118602,121335,138104,138879,171747,171400,170711,171720,205614
1731,9148,20814,32518,43987,54702,68913,80213,86346,93674,103341,116819,134281,135597,155392,155837,190090,189854,189815,190032,228834
1732,17350,29683,47838,58361,75799,89549,107632,114644,125441,150352,145066,166195,170368,206484,208763,227369,263290,243327,263892,219771
1733,6887,14214,22254,30741,37774,41911,46790,55111,62192,69416,73811,79807,79380,103008,117448,102716,113997,134475,163069,160639
1734,8225,18873,26496,37439,46027,57418,64638,76253,90922,92528,103995,116180,112730,136102,136466,135201,165738,167866,199442,202398
1735,9031,20291,29184,40242,50008,62850,71167,82603,100761,102216,113384,131261,127197,149562,149636,148974,183573,182787,213166,220751
1736,16042,29450,42363,59413,76372,89027,101648,116254,125168,159524,146848,165313,189374,203657,204346,252550,248031,262375,218116,220665
1737,8018,14942,23107,30819,38154,42131,47273,56323,62258,68918,75017,81265,90190,101071,114061,100239,113347,131981,158569,196258
1738,7655,17637,29568,37138,46004,56381,70776,77194,90319,91436,104031,118753,118863,135276,167865,135069,166285,166946,198274,205255
1739,8383,17997,30111,37744,46329,57914,71326,78146,92429,93468,104419,117827,118023,138511,170618,137979,170401,168772,200638,199546
1740,15969,30037,43168,59805,76505,89051,96459,127626,131714,156864,161165,194366,226303,228415,227357,241576,240276,259368,218502,316852
1741,8229,15036,23345,30768,37806,41901,47109,54763,62637,68022,80562,79624,89175,99639,115260,113490,113916,132500,159681,162492
1742,7710,16283,24923,35254,43579,54859,64669,68489,84192,83614,94426,108808,109179,127578,124585,156901,156167,156415,190980,189020
1743,12136,23359,35505,48631,59505,74159,85193,92155,110885,111624,123328,142520,142671,161445,161634,199376,196260,198756,243122,238607
1744,15842,28445,42099,55412,66078,84612,97750,114827,136773,141371,157090,183775,183915,212933,213902,192651,231467,232843,220782,222280
1745,8852,18684,26329,36267,41832,48549,53016,61104,69364,74461,80701,87809,96239,96247,122227,122430,120203,139348,166968,167935
1746,8022,17181,27648,37457,44719,53673,64751,70015,81551,91237,100474,116059,116235,114786,133445,158277,161553,162259,200357,200221
1747,8008,18515,30107,40807,48988,60093,73536,78774,92548,103762,115084,131449,129743,131223,150709,181082,184629,186838,227223,224506
1748,13660,29893,44710,53131,66459,85584,104758,103827,122412,140198,137394,155879,155538,183346,182763,201937,243845,225978,215534,215306
1749,8337,15934,26121,33068,41093,47915,53447,61861,70309,79532,86961,87149,96248,107575,121839,120426,120334,140828,166540,164738
1750,7071,14895,23187,32303,42812,49487,60357,70939,76056,83796,94995,107617,109751,124508,151634,151311,153450,154854,188899,187914
1751,9740,23733,34534,46244,60596,69971,83037,97108,103810,114137,127125,142504,142580,163046,195051,194730,194839,193159,235815,232516
1752,16106,28337,40719,53495,65759,83075,98079,103012,112245,129189,136590,156971,156053,184680,184623,210119,246010,243531,211689,211001
1753,8124,15685,24130,31712,43168,47656,54662,63391,71364,81226,89320,89246,108335,108923,122762,123130,121257,139563,163995,202511
1754,7260,15290,24255,31904,42509,47269,58342,67894,79216,84783,96823,110752,125651,125179,125065,150376,152549,152962,187657,188688
1755,7236,16558,26812,34715,45900,50789,62860,71666,83381,91248,103435,116375,133679,134171,133866,162949,167155,167074,204531,203374
1756,15201,29497,38349,56322,70384,89688,91357,123275,133469,147464,177397,178699,209865,210130,207176,227070,216155,245023,209499,210545
1757,6917,12947,18443,23419,32105,35390,41597,47508,53397,63092,67298,67318,82908,83048,94255,94579,93261,129167,129409,160041
1758,8773,17669,26542,34997,44785,51774,63662,66582,78802,87966,101127,101135,112817,112831,136192,136828,139788,171980,171950,171271
1759,8248,17496,26440,35023,46124,53679,66059,70686,84805,94157,104719,104580,121366,122278,147356,149740,149957,182845,187924,182334
1760,14145,23948,33698,48146,59716,72168,82887,116626,133577,134792,155482,190264,188771,221790,222465,198344,194350,287282,278250,276568
1761,7636,16243,25492,36440,45055,49435,58322,65817,76776,89890,100497,99941,113381,128595,147422,147678,149205,182885,222482,220868
1762,9439,21671,33245,45746,53735,67579,78456,91824,100772,112745,131599,131809,148282,147885,181225,182737,182669,219941,220433,221270
1763,11002,22602,34078,47101,58043,71722,82227,88763,106698,119029,119046,136504,156081,155671,188295,189286,188954,190167,228531,228981
1764,15621,26721,36376,50226,68989,81438,121654,108162,132203,141064,149340,174391,177822,209940,205502,246593,283065,229484,229573,230096
1765,8011,16973,26126,34832,43970,48814,56061,63590,67611,77633,84896,84407,103677,102168,116802,116452,116659,133606,159972,197007
1766,8614,18100,27237,37585,47936,58171,61525,75888,81853,100063,101143,115963,130103,128182,129256,158883,159493,158816,190591,190856
1767,7726,18190,27156,37061,47083,58433,61929,76842,83530,100558,102273,113741,133984,132837,133460,159991,162100,161998,197432,195692
1768,14511,24470,43746,58671,76528,88394,92052,91041,99697,151557,131987,131317,130692,150876,154905,218763,223831,203749,190672,190593
1769,7537,13797,19015,24983,30985,34628,42636,47351,55299,58522,70638,70608,77734,90452,90001,88578,102766,126135,125635,148907
1770,16925,29433,38598,49222,57678,66201,77905,87915,94010,102640,111183,123403,123403,138612,138612,138612,161698,191088,191088,191088
1771,8206,14696,22010,28621,33124,38737,42311,53077,61045,66205,79797,78013,87399,101363,113711,113711,117123,136594,136594,167913
1772,8813,17091,28174,35170,41171,48032,52852,66627,73711,81584,92099,92484,106042,127005,127005,127005,128434,152289,152289,210063
1773,15824,31451,48264,60116,69083,80971,88264,108293,120095,130525,147244,146853,166326,198765,198765,198765,193963,236535,236535,331193
1774,12945,21032,47466,58597,75395,91874,101735,136293,148624,151264,198267,191586,221314,214579,214579,220233,223651,195699,195699,195699
1775,14444,28058,39076,50327,64159,71994,82983,92422,103646,111388,129722,130080,141458,157833,176019,176033,208517,243791,243791,243791
1776,10869,21422,32711,43631,54681,65714,76698,89829,94611,109562,119684,129889,146894,145316,163608,196634,196948,196680,233275,233275
1777,10324,22921,32982,54543,67838,78673,99419,110554,124547,143276,156505,170347,191465,189716,214875,211733,248658,250507,252118,297332
1778,36091,62535,77977,58963,70739,82545,89020,116214,128974,130806,157051,169404,169555,190440,215525,201091,233203,207006,207006,207006
1779,9010,17149,28894,36218,49000,59246,68188,78037,87970,98936,111902,119442,127905,129709,155598,154996,177844,173766,204049,204049
1780,8779,17667,27557,36171,45925,54380,64981,75516,84477,95919,100551,108258,117345,129782,145382,162632,165651,162112,191829,191829
1781,8163,20028,31455,41053,51193,60779,72354,86829,96115,108925,117133,125021,137317,151544,169527,190706,193542,191401,227230,227230
1782,14951,28221,38144,47664,58819,69261,95299,94414,111392,118512,126915,149924,147570,168703,191783,164650,260674,222550,196239,196239
1783,6789,13247,22042,29345,37550,46275,52936,59680,73330,81906,86901,99174,107263,119067,128664,143479,145722,162283,194171,194171
1784,7706,14637,23766,30965,40205,48060,54029,66102,74524,80230,92667,102042,112816,112105,130578,145930,146050,177903,177970,177970
1785,8488,18043,29029,37178,48024,57832,65557,80722,91701,98606,115063,126521,141584,141440,160673,181103,184593,222484,223107,223107
1786,14935,26934,32856,65713,72218,88297,95025,101734,117669,145987,138259,150218,171145,199438,199913,265940,241812,266325,207153,246327
1787,6826,13612,22049,26983,34798,44567,51837,58167,67514,75274,85665,91657,99538,110281,108819,121517,120330,135567,155900,188638
1788,7644,16842,24223,32228,41035,49772,59773,67415,77334,81556,98344,97254,108134,124247,125020,140945,142082,140714,176205,175109
1789,8868,20208,29762,40009,49787,60184,72459,80792,93252,102318,121040,120495,132868,150316,151444,172983,172377,172452,207498,208558
1790,15572,28799,53388,59250,69596,84078,91902,134871,144653,142385,168697,192318,224703,224102,223174,235508,228875,237738,274224,243409
1791,7638,15630,22033,32020,40120,49044,57672,62559,72340,81750,88497,95648,102857,113074,113142,126037,126459,162659,163376,195509
1792,7736,16933,23567,32531,43684,50095,60698,67145,78144,91745,91054,100185,110683,129107,129391,146318,147609,179500,181039,181239
1793,9387,21335,30055,41517,54745,62650,74982,84118,97367,112387,112596,123055,135635,154454,155174,175888,176051,209602,212342,212967
1794,12873,24534,47136,56124,66155,78441,93182,114305,131640,132169,157220,176279,175480,209030,208070,232701,233268,233227,237097,252010
1795,7803,15754,23283,34380,44279,51218,59375,65043,75620,85005,91847,97437,105076,115970,115803,128033,127383,164475,165623,199547
1796,7698,15227,23427,33067,44955,51286,61550,68539,78292,90720,99556,99351,109258,127559,127916,143633,143895,179913,181415,179781
1797,9288,19772,30478,42354,56013,64139,77459,85717,99490,114797,127166,126886,141392,162968,162085,182410,182283,218772,221523,219316
1798,22236,39466,42371,51511,65583,74141,114262,109049,125584,134625,149645,173650,171719,201419,200616,240151,283401,241193,242874,259358
1799,6373,13896,21391,30926,41337,47625,55357,61049,71508,80361,88136,94197,109892,121343,127054,110270,123716,136609,161140,212752
1800,6306,12848,18380,23847,30543,34536,41256,46453,51137,54189,63892,65979,70286,73685,80217,84107,90981,90981,95566,101208
1801,668,2658,2965,3885,4220,4239,4640,5127,5146,5172,5634,5629,5689,5757,6083,6125,6176,6176,6161,6179
1802,2208,4361,4660,5356,5709,5757,6159,6797,6801,6737,7299,7256,7262,7287,7826,7834,7939,7939,7899,7849
1803,1904,4359,4681,5437,6033,5992,6093,6598,6659,6631,6670,6646,6696,6635,7191,7276,7312,7312,7264,7263
1804,18923,49138,49459,54016,52593,50190,48214,49310,47779,46826,44106,43548,42449,41496,43093,42674,41034,41034,40385,39677
1805,3400,3901,4359,5069,5512,5504,5947,6580,6538,6511,6609,6602,6560,6618,7132,7098,7172,7172,7142,7123
1806,5203,5411,5923,6782,7392,7420,8024,8763,8763,8726,8807,8837,8762,8840,9362,9367,9433,9433,9441,9362
1807,5278,5932,6391,7575,8224,8198,8950,9847,9790,9697,9749,9804,9736,9887,10400,10381,10540,10540,10485,10472
1808,37178,36230,38145,41220,41227,42943,42831,44644,44037,43917,43058,43249,42958,42679,44700,44396,43878,43878,43738,43486
1809,3878,6653,7841,9022,9678,10474,11253,12181,12203,12263,12197,12170,12197,12242,13142,13270,13279,13279,13258,13086
1810,5680,9013,10426,12241,13110,14155,15179,16594,16526,16666,16441,16399,16481,16445,17706,17612,17836,17836,17824,17608
1811,6100,10025,11812,13523,14538,16003,17049,18330,18577,18507,18688,18636,18696,18510,19814,20039,19868,19868,19917,20118
1812,22814,31225,38779,41459,43161,44833,45678,47761,47759,47338,47515,48058,48078,47944,49858,49782,50028,50028,49861,49784
1813,5215,11869,14925,17245,19804,21375,21488,23187,23261,24782,24657,24491,24750,24600,26390,26119,26226,26226,26359,26115
1814,7350,16258,20464,23333,26574,28769,28660,31117,31031,33906,33894,33508,33831,33343,35827,35588,35759,35759,36077,35651
1815,8335,18120,22837,25712,28958,30943,31147,33312,32885,35589,35667,35451,35804,35848,37709,37798,37361,37361,37783,37773
1816,18974,30283,44655,54555,56887,59440,60449,60073,67916,68059,68315,68483,69056,68527,73096,73058,73048,73048,72757,72872
1817,6801,15783,24046,28778,33593,35755,35884,37375,37267,38692,38912,38878,39335,38893,40534,40550,40463,40463,40360,40530
1818,8967,21696,32633,37805,42216,44270,44292,46583,45899,48795,49051,48700,48894,48745,53633,53781,53493,53493,53938,53740
1819,10738,25100,36787,42552,46698,48925,49376,51645,51305,54725,55081,54682,54636,54837,60572,60446,60374,60374,60613,60451
1820,18848,28034,39591,56011,80134,97266,94791,93916,91162,101534,102895,153159,154770,154114,167837,170488,167808,167808,170008,169494
1821,7261,19455,29354,39594,47882,49593,49834,55937,56109,58326,58944,58189,58671,62072,61498,66057,65393,65393,65820,65686
1822,9203,20327,33130,44720,57302,64886,71525,77798,77858,76460,77284,74074,74204,81024,79855,88636,88230,88230,87912,88816
1823,10532,23589,36676,49136,63363,72786,78084,84474,84880,84195,84072,83385,83100,90413,90066,100054,101035,101035,99382,99974
1824,14758,39130,57936,80541,97259,126377,157030,176044,205204,201505,199674,163432,162986,196612,192952,194125,194935,194935,195063,194968
1825,8479,20907,33246,43232,53245,65688,76296,82219,81931,89595,89869,90120,90188,98509,98728,98608,98377,98377,98091,98942
1826,10031,20201,32522,45253,57103,63717,74480,87444,95402,106005,123648,123015,122771,122248,122090,122059,120149,120149,120442,120000
1827,11074,22050,35051,48138,62271,69961,81679,95810,104930,117695,137007,132804,134796,135087,131998,137298,132465,132465,134700,134301
1828,17303,37011,50072,69633,86992,104843,124184,136836,152022,178011,210604,203480,250340,250254,297595,303566,302177,302177,301467,300712
1829,7288,20306,30443,43449,53731,65824,77202,90305,99038,110456,109852,127314,124922,126594,144057,144321,144595,144595,144488,144367
1830,9896,19985,32730,45640,57919,64609,74865,87198,97436,107643,122006,123790,141604,141218,173717,174652,174340,174340,171555,174225
1831,11164,22688,37227,52150,67608,76089,88532,103769,113608,126131,141500,144812,165497,165508,197633,200855,201867,201867,197675,200514
1832,21108,32679,49531,65252,85466,96095,113037,139799,154897,183367,210677,212392,204514,263423,260056,258226,307454,307454,312620,444399
1833,6979,18042,29147,39196,47762,63339,73258,77770,94371,93120,103815,119579,138053,135487,136711,170150,164343,164343,164747,166281
1834,8959,18034,29287,38404,47281,58917,68750,80434,87130,97371,114575,114669,131060,127777,162898,163342,161106,198277,198731,194828
1835,10415,20979,34414,44490,53756,67377,77533,90124,99142,111431,129407,127914,148253,146809,182247,183198,182140,220695,218383,216762
1836,20001,29147,41899,53589,69388,78321,92793,113361,110359,130188,152334,128227,163863,155846,157836,197887,194301,194301,283087,281175
1837,10444,19634,33449,46211,64512,71901,83685,101111,111187,127490,125236,143556,143539,175209,171669,175143,211740,211740,207917,211253
1838,9322,21327,31528,44493,57156,69380,80487,97067,105734,123719,121845,137895,137803,171066,169058,169613,205124,205124,201817,203104
1839,10600,24073,35542,50174,64233,76151,89390,108049,120977,137589,139425,159150,159574,193168,194543,194865,233902,233902,231725,234458
1840,18129,27658,40294,53465,67899,86701,97818,107183,119992,140003,161367,225634,267967,248857,249114,305717,241728,241728,239371,246407
1841,11015,20366,35590,46757,57041,75918,88704,95870,104395,117731,131685,129132,152486,151344,151952,183163,186904,226385,224190,230443
1842,10157,20999,34564,45083,55322,68248,85402,91933,102057,111972,127680,124983,144804,143514,177360,177522,178314,220073,214773,222314
1843,11618,23892,38202,49929,60796,75716,93483,102177,114325,126564,144731,144467,165359,164080,201957,198701,199971,248015,243451,249513
1844,16676,43360,54018,75695,95844,110139,131878,156153,174590,199839,196295,206245,204688,233885,248598,239024,262430,262430,255774,262983
1845,10957,19662,32417,44981,53932,70246,79603,91526,111461,124712,123742,141702,164790,164329,164084,198130,201914,201914,241663,247091
1846,10074,20239,31017,43038,52124,67162,76000,87531,95063,117270,116933,135989,155096,154696,154709,190755,190080,190080,227561,233901
1847,11653,22851,34615,47826,57552,75684,86048,98842,108442,133927,133714,153005,175117,174473,175062,214318,210434,210434,255751,261771
1848,19780,41266,49642,63614,78819,99011,113671,130989,141584,157321,182832,173911,206315,198970,255441,253957,222285,276439,269795,276697
1849,9537,21086,30500,44161,56248,68862,82532,96486,104569,130258,129878,150127,148729,171778,170105,205850,203985,203948,204679,250570
1850,9185,20544,29813,42897,54520,65611,79560,92197,100517,111253,124069,144710,143337,163121,162873,199786,197659,194347,197925,242130
1851,10238,23103,32513,45913,59351,72263,87748,102713,111894,123327,137547,157163,157861,178419,178187,219208,218530,214673,218303,268405
1852,19352,34262,48492,59428,79517,90512,113668,121718,145378,163180,186364,175981,206918,200464,259011,259053,230996,228569,277770,285335
1853,9830,21889,33004,44199,56901,66505,82698,96045,112103,124953,138589,156437,154452,179077,177961,216138,214801,214451,216621,213107
1854,9179,18650,30962,41641,53754,63507,78081,90753,97238,117807,131332,151391,149565,170040,168681,169092,207983,205573,207428,203971
1855,10423,21554,35276,47114,60154,70347,88719,101845,109401,131733,147374,167801,167380,193006,192703,193232,235444,232081,234738,230406
1856,18119,30507,45766,58241,71304,93265,104611,123056,130166,144855,161876,172752,174489,210078,202335,248363,245310,245046,242833,302395
1857,8395,21300,33371,44173,58052,71063,81960,93437,108736,117458,130151,162506,161993,190068,186896,188019,223895,225791,217527,227222
1858,8214,19572,31032,41155,54975,63213,77217,89128,104021,111551,124792,156716,155589,181137,180653,179113,214788,212688,214325,214860
1859,10260,24448,37619,48760,64055,74431,92058,105589,122057,131938,148782,186694,189571,214615,213790,213212,260365,257811,261035,257530
1860,17929,27075,41594,56773,70868,80752,98910,104434,122212,148536,144864,245059,239089,279190,286223,284538,261938,251888,253477,258351
1861,9336,19978,38059,46768,60289,72833,88255,99969,113774,123023,132330,163507,190286,215981,217718,216941,251603,256394,255146,253902
1862,9003,18936,36543,44360,54683,69937,76860,88903,108885,117079,126135,155269,181458,205182,206460,205560,248976,243564,247077,248429
1863,10143,22933,41052,49889,60808,74556,86736,101592,115235,135721,147372,182144,181448,237448,237221,238162,290736,286556,289034,286135
1864,15061,40349,64033,68934,80347,100287,123585,137550,156832,167654,182578,193503,226681,269196,265005,264456,284365,275712,278989,283698
1865,11177,21820,38608,53373,57205,71030,83053,100401,113373,130161,138709,167197,189076,218585,250119,249873,292339,293650,291448,294395
1866,9264,18283,32590,49973,53456,66581,77145,85994,105440,112525,120308,157230,176025,203500,232592,233048,279377,276504,279106,278164
1867,11028,21848,38793,57358,61728,76888,88649,97228,113987,128316,139647,164948,183193,234527,230137,268084,322624,321171,323985,322918
1868,16804,32171,50177,69945,77616,87329,99103,120351,132020,150713,164275,191514,188767,232752,281820,278760,298138,293730,297712,298711
1869,9876,22168,33340,44309,58641,62492,75624,84917,102118,108310,137671,158742,159820,195240,223079,223916,306504,299826,302122,304953
1870,9284,18810,28171,45899,60808,64267,77857,86543,104972,110683,118350,135447,147499,180450,210106,207320,285872,282125,285415,285898
1871,10957,21509,32028,49275,68304,72005,86439,95474,109774,124880,132834,156593,169461,187626,211650,238483,327254,325293,329249,328314
1872,15712,27258,39074,56179,76055,75530,95019,104208,116093,129195,140317,145592,158195,199654,187080,212011,283681,281070,284246,282947
1873,590,951,1079,1275,1696,1856,1947,2365,2736,2664,3050,3049,3557,3769,4192,4171,11479,12328,10896,12155
1874,10853,20419,30633,46833,65716,65377,83378,92330,106166,119617,128232,137219,146040,176977,179714,201638,280089,280307,279849,280153
1875,11525,22360,34164,51377,72045,72336,91639,100973,116534,131696,141798,151942,164295,202070,200690,229853,311987,317832,311381,313525
1876,19132,32275,45415,57183,73685,87677,101096,122476,127029,146909,160196,165554,178257,178200,201381,235393,275795,277036,276017,275695
1877,10044,22550,36620,48363,63335,74904,89238,98036,121200,126627,146308,157963,172308,191724,189379,211880,248777,295010,296082,295418
1878,9100,20154,30980,41561,53980,65715,78977,91327,105393,110894,125563,134605,144819,162522,178214,176258,228672,276499,276942,276352
1879,628,945,1083,1374,1544,2053,2238,2324,3149,3594,4319,4759,5521,6727,7149,7230,13078,20887,20430,20904
1880,48369,65328,76516,87601,99876,114427,126869,146634,160292,190670,215843,268645,323096,318182,364765,360506,423042,497957,498781,499566
1881,11335,25989,39709,54882,71220,80903,92806,112254,126201,146463,156515,171862,173029,192348,190008,217820,246994,302207,299848,303610
1882,9098,20085,31950,45501,59086,72445,86946,99435,112129,129775,138040,148958,149431,167151,184111,184023,206707,292765,288646,292199
1883,10774,22685,35913,47254,59588,74825,89320,98224,120941,128343,149470,147228,162469,179197,200869,201448,224966,257088,315704,316743
1884,15054,25136,38416,55750,74809,84706,103267,126884,137671,142623,172312,168629,185735,186319,199575,200130,225658,293267,283319,284214
1885,625,948,1052,1257,1546,2034,2258,2875,3213,3552,3902,4502,4567,4573,4924,5918,5140,7607,14085,13562
1886,11861,23566,33370,46729,59362,70533,85441,102325,114580,120874,139773,151505,166453,166454,183544,181048,205962,235527,285323,285319
1887,13547,26492,38903,52938,66410,77817,93909,113009,126464,133992,152287,163381,182242,181676,205901,200259,227155,257483,314819,315161
1888,13130,29448,46557,63918,82864,99307,118126,134010,149392,159760,183841,186312,203326,201543,229774,232008,269554,279838,295954,297172
1889,10764,23505,36658,51705,65104,85379,93573,102758,123545,129794,147945,157364,169511,181473,200268,203861,229035,226333,314057,313653
1890,34439,61551,77823,102021,118246,141295,158239,175356,186524,196648,227652,227652,244533,269831,269831,299932,299932,346355,405858,405858
1891,499,656,895,961,994,1139,1602,1730,1813,1927,2019,2146,2346,2312,2698,2942,3878,3217,3804,5600
1892,14442,29759,44999,56829,73661,86324,108825,130050,139546,149935,177927,177927,193034,219168,219168,245481,292193,295087,294637,351908
1893,14571,30774,46582,63417,74707,94081,109160,129981,145633,157485,181112,199406,219733,222110,252084,282915,279806,284500,334589,335955
1894,21639,39952,58669,78021,92616,115857,130312,153572,160998,178080,187698,205652,223306,225837,244131,275116,312609,288380,358624,324715
1895,442,618,779,927,1031,1320,1679,1806,2260,1756,1936,2401,2275,2713,3169,2586,2799,3114,5956,11699
1896,12124,24789,37789,53018,66423,88142,101679,119723,126500,141765,152203,175109,191832,191067,210724,237827,272568,241080,268961,323317
1897,586,774,1070,1305,1473,1608,1886,2059,2686,3005,3263,3524,4592,4507,4871,6696,4915,6775,9992,16934
1898,59510,107114,125407,135214,152151,180331,202040,232735,256681,280630,310707,316592,310044,318316,364142,437842,423242,483132,443965,582938
1899,13199,24219,39745,55375,74365,89302,106157,121268,153388,173756,174604,185016,217693,218017,238102,240078,270253,272594,308505,369270
1900,10292,20316,31388,45081,58975,78180,92220,104623,137615,153921,144592,164363,174602,189806,205983,208187,208321,232777,262233,356073
1901,469,666,800,1095,1156,1293,1522,2111,2389,2901,3042,3268,3616,3362,3506,4529,4486,4818,5384,4771
1902,47886,68840,82415,102156,111029,123619,145195,162071,189706,223453,220543,333552,335043,332940,386015,383423,383474,367956,498128,524861
1903,491,787,927,1128,1386,1690,1815,1933,2202,2205,2535,2518,2550,3019,2586,2774,2731,3269,3349,3793
1904,16298,34545,51078,68991,89684,104274,117842,142148,172674,184082,202819,221123,220384,250103,248526,249035,249005,336680,344779,339604
1905,13738,29631,44690,61659,72679,93691,110543,126444,150468,169525,182404,195057,212157,226296,258678,259680,289676,281231,289015,327599
1906,16625,27922,48177,66628,77987,92309,115972,124753,158844,173782,220269,202198,201975,238438,259396,234902,258800,312749,305991,340347
1907,446,692,830,959,1065,1145,1296,1590,1702,1844,2256,2607,3650,2839,2796,3272,2974,3345,4549,5522
1908,9999,20805,32487,45963,56120,70111,92084,100290,122614,135944,164497,165486,164517,195254,214761,194223,215500,239999,242429,272420
1909,507,791,1069,1296,1590,1654,2329,2585,3643,3677,4234,5168,5252,6507,6934,6317,7067,8397,8243,10988
1910,37465,79228,104555,119221,128865,143803,177068,191221,216758,232850,283581,278338,278578,320986,381390,319492,381875,445083,406617,442538
1911,489,644,788,891,1016,998,1406,1522,1651,1764,2078,2373,2885,2709,2708,3082,2349,2808,3733,3559
1912,13549,30049,45923,62607,79962,94925,118637,134679,153724,182711,199979,229789,228221,225912,257260,261009,227387,307508,308932,306394
1913,647,949,1192,1510,2040,2382,2494,3106,3457,3994,3936,3339,3965,5075,5415,5907,6624,6063,6037,13342
1914,73591,81075,98326,115990,126384,150162,182054,213980,209818,233674,255268,299914,298656,354399,421377,426280,416553,414109,429503,544750
1915,630,941,1183,1380,1546,1482,1610,2153,2334,2467,2696,2435,2817,3272,2744,3463,2546,4354,4209,3882
1916,13928,33747,52298,72192,87294,104152,133533,154972,186241,184457,230405,226919,228530,258649,254874,310495,258001,312072,305415,308042
1917,711,932,1078,1234,1602,1906,1947,2162,2467,2970,2762,3025,3819,4000,5892,4560,9918,7057,6723,14298
1918,58241,85316,97169,115223,137497,161859,184769,195546,216885,236580,264175,281541,280945,336703,390890,401198,396102,425836,423404,515422
1919,566,767,947,1322,1319,1445,1921,2476,2602,2819,3153,3301,3619,3648,3504,4243,4085,5715,5651,5386
1920,16282,35696,51084,69176,84905,101962,129408,158912,171280,189055,209976,235115,237663,272604,269742,325001,323881,325338,324896,327736
1921,656,869,1036,1153,1305,2326,2268,2712,2844,3438,3626,3627,4151,4787,4588,5215,4912,7069,7019,6813
1922,60841,81381,100135,112323,126766,163352,184808,195748,215179,228607,264584,351754,352657,415436,400249,473659,403768,426355,443658,485897
1923,619,817,1069,1378,1608,1798,1978,2130,2311,2401,2494,2540,2614,2576,2745,3756,2929,3150,3664,3606
1924,14771,27431,45742,63234,81827,91992,115672,141211,165502,180692,198546,195115,222190,220582,218889,300540,248809,304209,302665,303561
1925,721,1011,1126,1273,1468,1977,2262,2353,2489,2882,2968,3242,3676,4348,7030,3712,8633,5196,5420,12800
1926,54459,93892,104377,116559,146646,165827,193896,226875,224489,245713,277018,304260,304627,347357,408389,408627,409985,434722,408177,600670
1927,666,797,944,1141,1242,1426,1562,1788,2114,2403,2178,2295,2840,2748,2740,3944,3129,3156,4333,3379
1928,13499,26890,43448,63859,77223,92659,119437,144728,156462,171188,187636,214123,216410,243665,244289,295165,294905,296043,294394,295080
1929,647,921,1127,1351,1564,2072,2462,2845,3229,3873,4128,4217,5277,4934,6673,8511,8089,8360,15866,16904
1930,48913,84223,98298,111684,132770,166675,178453,206390,227441,255976,293172,284726,333907,329085,325938,394893,394858,396261,512820,514590
1931,633,768,991,1206,1303,1739,1863,2060,2348,2411,2574,2975,3418,4162,5694,8838,8783,8305,7292,11264
1932,12134,24011,41681,60966,78077,101097,119746,139748,167054,166347,182480,211800,210767,238779,289162,288411,284747,282720,286108,341100
1933,490,688,858,1103,1547,1887,1917,2407,2678,3103,3483,3554,4988,6264,4661,8348,8540,8257,14613,12301
1934,44104,72260,94492,102103,120488,150255,172856,207843,232611,233080,264672,261885,308086,305318,303888,367934,367639,370158,457993,471725
1935,518,639,857,1129,1327,1531,1675,1798,2030,2433,2453,2570,3056,4566,4193,5168,5636,9552,8439,7185
1936,11831,21622,40669,63477,79315,104196,127374,136842,164059,181613,205147,209520,238360,287294,286520,286079,286401,337390,335868,343292
1937,709,1007,1334,1586,1946,2193,2635,2975,3277,3290,3332,4271,4297,3595,4666,6607,6939,11767,12646,12018
1938,50438,65903,93108,105083,124864,160950,189852,208869,236168,233642,275045,277898,327642,327654,326199,394176,394553,530533,520134,515772
1939,526,668,1002,1263,1445,1921,2374,2456,2632,3058,3196,3239,3723,3681,4444,4142,5597,4600,6897,6330
1940,11687,21682,41526,64871,81745,108411,133986,142998,171925,191220,220116,217655,247042,247119,299798,298191,300251,293097,346076,345451
1941,705,888,1328,1307,1490,1958,2339,2949,3215,3357,3432,4233,4791,4673,5208,5107,7407,7333,12512,12485
1942,50780,68585,96248,103365,121293,152260,178071,194112,212805,243279,280529,275544,330621,327531,325662,328681,396440,400795,539792,528625
1943,548,733,1006,1356,1748,2015,2108,2220,2452,2685,2695,2611,3217,2911,2908,3235,2981,3798,4697,4778
1944,10843,18720,39370,62206,78816,103824,118057,137929,165762,182788,208035,207216,282153,235058,236041,289348,288669,287797,345976,344170
1945,753,923,1322,1500,1666,1783,2015,2626,3273,3562,3608,4458,4435,6474,6336,6214,6594,6415,11146,10355
1946,47305,67583,93866,105598,125680,161425,171078,208092,234549,231452,265049,292390,400991,338597,399706,402489,395124,374697,485726,481473
1947,657,746,967,1251,1437,1716,1814,2005,2174,2290,2286,2428,2808,3157,3439,3502,4564,4380,6470,6476
1948,11381,19660,43231,69624,88333,116169,131665,150270,160855,197578,195175,219147,220206,246745,295582,298354,297595,292235,361472,359168
1949,631,879,1298,1308,1514,2078,2398,2923,3819,3580,4667,4628,5542,4884,5697,5806,9211,9665,15256,13684
1950,46463,57061,79879,90322,107329,126215,147484,173993,190776,189491,252794,290844,342341,339892,341868,344285,397765,358041,509687,507351
1951,629,749,1000,1156,1344,1843,1944,2101,2207,2619,2406,2578,2839,3051,2960,3498,3832,3854,5086,4706
1952,10040,17674,35701,62967,77815,102590,116271,134052,143006,176748,173914,200429,197112,222488,224950,272323,271947,275623,325320,325541
1953,695,1000,1421,1653,2194,2428,2804,2904,3302,3927,5006,4121,5398,6894,6831,8327,8320,19253,14289,14122
1954,42642,66512,94071,107044,129176,170366,199699,215975,244571,285861,275125,259801,301282,293799,299412,355466,353538,530686,463838,462800
1955,454,541,599,822,974,1073,1155,1175,1149,1242,1406,1736,2986,4964,5023,7840,8031,6371,13073,14917
1956,10322,16617,32997,56681,77370,95616,107362,124189,132916,158384,177019,201080,227783,275856,276437,275002,275507,272678,324477,327244
1957,771,886,1153,1335,1578,1932,2622,2730,3547,3553,4375,3771,4198,5299,5336,7775,8195,17218,15604,14174
1958,42395,61517,88363,103910,123917,161116,186729,202814,226100,267233,266652,258206,298968,297761,359274,352466,352277,500463,445663,446428
1959,528,661,902,1118,1395,1955,2082,2513,2528,3176,3097,3853,4520,5722,4763,6194,11012,5170,7797,7737
1960,10663,18540,35486,60497,76383,101147,113976,132979,145404,178009,178785,207415,234615,285094,282284,284822,338836,280796,338480,338054
1961,654,860,1365,1312,1676,2169,2711,2779,3166,3719,3573,4349,4806,5167,5424,8173,12337,7586,13121,13223
1962,40584,62233,87603,98796,125376,153395,180976,198523,226117,267273,266610,265893,310294,310906,374327,375399,512689,369586,491780,492336
1963,538,715,981,1342,1865,2005,2090,2225,2339,2435,2545,3037,3021,3113,3343,4043,3689,3830,3614,4838
1964,10693,17915,33890,57068,80439,97687,110681,128780,139485,154257,172760,199933,227883,227183,275828,275967,275803,274089,274853,329781
1965,653,797,1199,1490,1758,1842,2476,2596,3314,3825,4063,4284,3858,5518,4279,6655,6626,16189,15666,12842
1966,47538,61946,85982,102158,123514,151927,182125,228278,266534,262645,263050,300406,296632,297332,296836,360464,356130,486295,470226,470644
1967,550,655,854,1172,1202,1331,1490,1553,1822,1858,2013,2262,2542,3330,2974,3280,3198,5187,4779,4891
1968,11202,18883,36317,67162,82883,105574,119352,138494,149484,165331,209181,209867,239750,289080,287296,287450,287113,352398,347754,353954
1969,656,795,1410,1436,1535,1969,2510,2819,3355,3561,3585,4108,4179,3862,5042,6911,6848,11726,11719,11546
1970,47541,62071,88670,100706,120999,144486,169659,204499,232567,231480,275010,249486,297459,297294,296268,366433,367458,504177,506156,506700
1971,621,682,993,1148,1378,1586,1645,1816,1914,2042,2228,2673,2742,3302,3248,3615,3620,3230,3163,4249
1972,11417,19234,36128,62412,78862,103382,110284,125201,147850,162192,179461,204213,233290,278977,283654,282967,283087,280550,280442,341237
1973,688,911,1352,1507,1840,2078,2355,2928,3250,3219,3498,3394,3264,3788,3723,5356,5548,12370,11686,8698
1974,43880,59137,84045,95887,116519,139357,162853,196458,224551,224338,261587,288454,336802,338899,336916,402800,402725,494090,492642,495120
1975,629,761,1008,1182,1346,1460,1420,1515,1638,1743,1831,2152,1942,2218,2805,3145,3179,2831,2673,4217
1976,11399,19327,36339,62725,83507,104793,110023,125738,146293,163062,178295,203077,202781,230538,278188,280175,279718,282278,281223,337099
1977,663,747,1271,1242,1406,1508,1859,2588,2890,2771,2937,3589,4231,4860,3952,5510,5629,5581,13044,10259
1978,44715,58575,85213,97511,118874,145370,169455,204475,232252,232839,264356,293905,349254,349309,344948,412483,410650,399929,526800,527416
1979,512,603,895,1163,1427,1827,1904,2330,2408,2944,2892,3186,3446,4082,4002,5243,7489,6571,6618,25586
1980,31811,50331,80304,104808,122374,147101,161370,181787,203046,221013,221013,237711,263462,263462,292878,292878,340862,340862,340862,399126
1981,446,542,768,1049,1174,1540,1567,1657,1828,2091,2339,3016,2816,4009,4947,18004,7516,7516,7516,12453
1982,10731,17026,36094,61227,88218,100727,115351,129652,149120,175897,193346,222121,251630,303572,298664,361037,363892,363892,363892,481765
1983,458,661,1174,1378,1860,1941,2334,2928,3245,3390,4312,3494,3564,3817,3873,4382,3955,8142,8142,5354
1984,69668,102271,125590,143528,174809,190185,240588,287274,316958,313226,371905,334305,383216,383216,450554,450554,442135,566401,566401,545253
1985,457,559,786,1113,1292,1541,1675,1819,1890,2133,2205,2474,2561,2561,2681,2983,3023,2795,2795,3097
1986,11944,17610,34723,58486,74575,85434,98648,119777,145951,157634,171997,218259,218262,218262,247550,300466,300081,295802,295802,294644
1987,639,760,1168,1158,1447,1499,1506,2023,2021,2539,2465,2846,2896,3486,4155,3294,4276,4501,4501,16476
1988,50816,68053,94625,112152,132848,146956,165143,209313,228296,258839,257635,306368,305164,357380,367035,367035,424144,423933,451791,526436
1989,431,516,750,1079,1268,1416,1733,2002,2251,2564,2686,3207,3431,3527,3546,4009,3939,4340,4479,4192
1990,9810,14579,29265,50794,71607,83026,94448,107271,122058,156916,156857,200750,200619,225205,228711,276891,269088,274518,271036,274195
1991,561,704,1252,1596,1818,2170,2997,2660,2986,3185,5035,3699,4366,5117,5341,5659,6316,5852,16993,15649
1992,66682,62768,89166,116059,140590,159869,201863,200200,247859,246710,340870,279242,334167,388013,341661,397806,386266,426631,571739,499857
1993,485,620,924,1324,1598,1796,1878,1949,2012,2292,2334,2785,2692,2878,3569,3396,4584,4107,3079,4054
1994,8823,13585,27640,52386,72967,84580,98205,104611,120415,157245,155110,201640,199195,224975,276070,275968,275723,270459,274139,276536
1995,536,658,994,1358,1364,2129,2510,2472,3057,3440,4165,3377,4112,5195,3855,6310,6187,16071,18323,17779
1996,50125,64922,92653,120126,143916,176515,206023,206291,253473,300913,347623,339503,390517,446676,391302,445642,444332,571861,558901,523955
1997,575,653,812,1007,1299,1326,1398,1457,1488,1642,1643,1832,1865,2145,2371,2585,2672,2492,2530,3286
1998,8609,13054,27563,53200,70051,85675,99053,106893,122365,158730,156685,175602,201039,199743,227716,275005,274875,275553,278256,277600
1999,378,454,771,1043,1287,1572,2229,2771,3162,3212,4017,4673,5005,7562,5633,5899,6035,5982,15608,17780
2000,46335,52681,78563,104081,125748,141529,180917,179414,222693,220253,251320,288827,335762,393952,338053,397732,396451,397751,539333,502614
2001,522,627,835,1008,1114,1824,1840,1876,2138,2269,2362,2801,3092,3017,4658,4307,5301,5702,3939,5096
2002,9608,15882,30615,58592,76228,100516,106398,121468,140171,170847,169996,212728,213062,212082,300360,296838,296043,302219,302076,303018
2003,668,886,1305,1648,1954,2186,2733,3188,3468,3729,4595,4499,6098,5965,5374,5858,9511,8784,9167,22922
2004,48459,77087,101382,124038,139332,160859,200588,220254,266728,264533,306218,273007,315044,316717,322070,377516,377038,390932,352052,485481
2005,617,646,831,937,1052,1411,1399,1449,1502,1707,1719,2667,2376,2460,4553,2935,6608,6150,3766,5482
2006,9959,16599,31998,55107,74320,93875,106422,120714,128727,163859,162839,208506,206122,207026,285578,234476,283930,280668,283785,278825
2007,774,865,1295,1470,1654,1830,2121,2841,3206,3304,3825,3596,4425,6232,4089,8534,5885,5912,12896,18545
2008,41356,58327,78013,92608,110190,128546,148698,177307,220024,219382,261494,250948,289137,355625,291976,356355,354281,342621,567130,464736
2009,544,652,941,1192,1348,1746,1757,2363,2709,3212,3356,4264,4046,3987,5744,5232,6424,11247,4608,9596
2010,9053,14209,28532,45303,63056,77223,88227,99754,107465,139866,140667,178142,177099,176968,244279,241638,241973,291313,243803,300107
2011,590,750,1072,1389,1801,2159,2565,3211,3500,4607,4526,4107,5840,5721,5452,14091,13548,9710,12434,30202
2012,43567,51234,72141,89595,115780,134572,157959,195672,193753,268508,265354,264312,318232,314236,318238,441746,438751,502338,471990,413269
2013,599,681,963,1221,1770,1917,1966,2069,2100,2336,2404,3053,2799,2817,6180,3803,4701,4481,3529,7943
2014,7578,12038,22491,39025,57428,66915,77045,86420,93848,122451,122658,155060,152401,153595,220003,218399,214062,218579,216098,261686
2015,726,925,1290,1641,2042,2201,2812,2979,3164,4400,4285,5830,6147,6122,9767,9479,10369,10200,10222,21927
2016,35727,44337,61175,79854,112467,131333,143819,178821,179572,252525,211802,278654,277361,276292,391099,377528,377039,455722,414827,404824
2017,633,709,909,1048,1303,1425,1525,1593,1799,1991,1915,3443,3384,3548,4444,4209,6719,6218,3743,11712
2018,7378,13036,25836,45825,67748,83301,89356,102319,102450,123342,137049,216015,215650,215429,215560,214154,256825,256708,214201,365595
2019,652,734,1217,1487,2781,3602,3658,4523,4377,5505,6183,4982,7217,7249,14160,14856,28411,29891,14708,14122
2020,35573,46665,67339,89109,122733,163015,187138,214720,215531,212865,254969,294166,345077,349968,476357,450426,411738,420705,428737,424431
2021,558,691,959,1217,1948,2029,2204,2247,2371,2665,3097,3246,3582,3735,3406,3932,5158,5358,5208,9967
2022,8101,15498,30234,53260,82184,93206,100581,106449,129311,142043,162923,181719,223497,223383,223540,221781,264855,265682,267960,371656
2023,639,943,1394,1930,2154,2603,3018,3639,4019,4865,5806,4885,4972,4857,4931,12581,9940,27744,26758,14364
2024,37896,53241,71552,100431,128799,151887,193969,224043,267792,269453,326637,348319,349252,354500,352745,486055,461089,460471,458009,463327
2025,638,768,1021,1188,1328,1413,1440,1502,1551,1659,1790,1814,2000,2127,2465,1908,3335,3349,3167,7648
2026,9496,19019,38796,61703,91073,109331,117539,126179,140551,175327,175604,197712,241172,242938,242979,240114,289300,290084,289327,401289
2027,686,861,1260,1288,1371,1555,2161,2504,2956,3282,4529,6686,4511,8193,9110,8539,16884,18925,35204,23665
2028,40161,69753,100555,105343,135702,170715,202969,227133,271364,262102,302200,279878,278733,339302,339325,334304,441085,441788,441679,441193
2029,515,656,906,1156,1406,1888,2304,2377,2605,3114,3434,3925,4561,4417,5467,4251,13893,7335,12694,13418
2030,10077,20973,43038,65719,78800,106732,121941,131732,155973,172459,198038,224813,265780,271163,267126,265825,435333,317913,434238,434035
2031,666,906,1293,1288,1582,1968,2323,2453,2711,3207,3470,4006,3450,4334,6013,6207,6110,10940,6167,14064
2032,42458,69062,91492,108374,121725,161820,186195,203016,228166,273630,266726,301760,303707,298564,354032,352760,469636,470207,468288,466637
2033,414,509,693,838,1107,1215,1300,1440,1477,1714,1823,2114,2179,2823,2658,3913,3412,3444,5437,10950
2034,11888,23720,44096,70699,84873,106714,118707,137995,148258,179382,204812,203928,234472,277961,271241,275012,271885,273480,327775,441115
2035,586,754,969,1143,1333,1453,1697,2271,2826,2767,2845,3386,3384,3439,3510,4717,5070,12836,8369,12899
2036,45536,73796,97779,109515,130274,155498,178091,213958,238825,237262,277677,277583,323959,320707,309276,380714,407404,497993,497281,495185
2037,610,735,926,1088,1198,1305,1399,1606,1833,2002,1940,2645,2542,2765,3689,3161,2989,3581,3497,6198
2038,13956,26006,50689,78145,92950,116762,129074,157958,169622,187253,206807,234689,235746,264542,309299,311327,313428,315135,311541,373878
2039,534,742,1061,1214,1292,1437,1953,2482,2583,3120,3247,3361,3632,4062,4593,4446,4642,5901,6112,12422
2040,62030,85524,103300,117270,132695,149332,191073,223070,242882,272562,273032,312600,311951,362907,357564,359631,377355,434743,440486,561459
2041,590,701,946,1159,1159,1247,1721,1894,1937,1997,2142,2270,2398,2626,2848,2886,3459,3232,3923,3621
2042,17333,28753,52927,76658,99692,108364,140378,169849,182304,218212,218777,239237,270560,267211,300456,304568,361145,362812,365979,363337
2043,540,831,949,1195,1338,1785,1875,2041,2086,2311,2599,2726,2705,3046,3697,3711,3082,3829,5258,3845
2044,53443,86768,107267,126033,135257,158258,163250,205797,220060,240821,262339,246946,278900,313637,370072,367596,388605,387160,452750,402964
2045,628,724,890,1058,1178,1251,1407,1432,1460,1586,1723,1772,1724,2225,2147,2153,2058,2550,2335,2807
2046,17778,27409,47841,73709,93671,105202,119361,147697,178329,191168,226718,249286,247345,280768,276901,311853,313595,374833,366008,375684
2047,619,898,944,1030,1190,1458,1518,1688,1763,2256,2354,2482,2874,3005,3895,3409,3963,3478,4610,4215
2048,48059,83118,108161,115486,130209,144974,156824,181669,207431,244379,265729,277827,312163,355767,354169,355200,384934,398420,410533,380099
2049,506,586,787,1075,1225,1335,1473,1829,1946,2379,2450,2798,3034,3185,3220,3281,3459,3480,3894,3895
2050,17196,27180,47326,69120,87423,105657,115526,141223,167988,193140,209385,231621,255424,289188,288899,288900,328223,328760,388281,387116
2051,634,811,1023,1076,1223,1351,1437,1856,2000,2289,2644,2772,3382,3007,3629,4713,5050,5096,5854,6107
2052,50353,76714,99923,108123,120798,135721,145901,169721,193265,224212,244230,266473,294005,290113,341818,343968,371868,372591,394916,424597
2053,544,619,936,1096,1374,1589,1858,1918,2012,2115,2353,2628,2610,2982,3069,3510,3479,4627,3958,4287
2054,16385,24192,42605,67532,90714,103592,116650,136931,151304,185603,200351,219773,239326,274530,272597,308644,305716,368928,362495,361502
2055,449,580,605,641,688,965,1258,1310,1518,1874,2072,2459,2412,2160,3114,3534,3364,3848,3920,5904
2056,51077,79429,107471,122115,136367,146949,166409,182882,209277,242358,262759,253922,284142,329249,326863,383856,372148,349083,375961,461933
2057,598,633,794,942,1041,1160,1274,1289,1333,1542,1871,2139,1885,2433,2462,2551,2772,3663,3359,3942
2058,15675,21264,38779,65559,89477,105675,115248,134538,148172,178538,194037,234676,235069,265030,262798,303045,299951,358497,352912,355867
2059,628,831,1050,1073,1110,1229,1645,2089,2817,3130,3567,4164,4342,4321,5397,5334,5207,5593,6048,8066
2060,51698,79433,106813,120164,135007,145591,165017,195759,223426,238799,259023,264149,264620,302009,299492,352020,346949,437044,344403,407996
2061,556,653,811,987,1071,1237,1481,1703,1786,1968,2038,2757,2646,3035,3498,3213,3990,3865,5973,5537
2062,14730,19969,36334,58533,84551,99668,113187,125653,145423,166495,177010,243314,240828,241438,272988,274886,322419,319146,323504,321505
2063,656,798,1134,1462,1510,1856,2167,2354,3026,3286,4091,4321,5141,4983,5146,6828,5604,7175,7377,7007
2064,43838,64916,93498,109949,119119,139778,153037,184224,213895,232683,263341,297968,294195,294007,339391,343035,422173,434849,413679,394138
2065,526,543,715,951,1296,1423,1586,1650,1804,1843,2066,2473,2921,2825,3101,4284,3531,3513,5622,5424
2066,12675,15784,28300,48679,73235,82908,98377,111509,132280,142635,169036,216146,215191,215454,239259,293785,285644,285105,291132,286468
2067,649,730,986,1316,1430,1734,2152,2391,2800,3168,3096,3179,3211,3767,4839,3905,5631,5261,15976,17721
2068,49326,52345,71236,91550,103634,122842,150039,171511,210689,208149,242385,250168,251135,296251,357909,290872,371368,343046,470140,435178
2069,499,536,769,1126,1274,1476,1862,1992,2439,2507,3017,3848,4951,5747,6581,9594,8227,12783,14109,13374
2070,31669,43542,70009,95042,114025,137380,151035,169814,179216,190971,224478,248944,248944,277401,322796,322796,322796,378355,378355,378355
2071,430,457,599,851,1018,1107,1356,1381,1685,1791,1761,2315,2696,2924,3200,4246,4246,3412,16545,5842
2072,10917,12378,23978,43598,66533,77000,96748,105438,121350,129074,152068,187305,187305,211902,257880,257880,257880,251563,420203,311068
2073,485,557,881,1386,1979,2355,2796,3026,3579,3941,5655,9701,9701,13189,9500,20317,20317,20608,10913,29812
2074,71355,55719,70138,94465,127311,135145,192052,204380,235205,270304,321355,337331,337331,322239,328711,438023,515667,446355,422427,422427
2075,469,528,677,903,1106,1250,1316,1336,1402,1524,1627,1974,2421,3504,6181,4627,4537,9448,10514,10514
2076,11103,12765,22402,42129,62054,76918,97509,103941,110335,130094,129578,159569,184380,223151,225065,219440,218636,265403,262904,262904
2077,510,620,859,1276,1574,1997,2691,3370,3392,5205,4861,8346,11308,8440,21761,20377,18676,32158,31069,31069
2078,40403,42758,63149,76852,98748,137125,156815,177907,204820,246848,199449,321254,321254,319834,458828,455123,382372,360966,357748,357748
2079,359,465,717,1021,1265,1708,2137,2237,2318,2560,2863,3183,4420,5690,3729,4549,7899,6976,14357,14357
2080,9774,12189,22472,39680,61574,78517,94520,101198,109222,118379,131667,149040,208164,206187,205657,204499,247667,247382,346898,346898
2081,515,638,958,1352,1895,2648,3390,3637,4081,5382,6361,7956,8145,19097,14701,16180,30691,30240,17855,17855
2082,38129,61409,79692,96866,140327,173250,210266,243513,238714,231084,272107,319231,319231,414692,456952,450169,367139,361538,362470,362470
2083,347,436,740,1108,1620,1833,1947,1969,2091,2327,2638,2472,3857,3343,2892,3219,5307,10176,10565,10565
2084,9365,12317,22768,42303,61278,81540,93510,92899,110529,120568,137992,138402,192573,190650,190202,189838,232501,316002,323866,323866
2085,500,667,1023,1637,2225,2722,3329,3759,5231,6386,8489,8621,19567,19621,19323,18745,35339,18653,18899,59715
2086,28826,54477,69758,87400,130790,164329,186357,220870,256956,255226,293785,260858,356990,356759,353405,355512,352123,349397,352395,565011
2087,453,560,769,1022,1313,1581,1866,1884,2014,2011,2428,2605,3559,3391,3336,5051,9794,10190,10385,7496
2088,7657,10853,21896,41333,56489,78016,84011,89265,98693,121025,138450,139209,169405,169802,169672,200596,295066,289339,289706,289773
2089,511,676,983,1660,2653,3281,4332,4766,5700,9161,12912,12588,21261,20912,20024,31870,20155,19675,59186,59352
2090,36006,32853,47974,68056,96213,136757,160667,160936,194822,236602,235848,239067,337183,335615,335772,327281,329075,326514,531649,521983
2091,431,558,908,1094,1544,1874,1889,1955,2191,2590,3441,4643,4219,7456,6672,6099,12848,12816,9640,8977
2092,5720,8748,19512,35477,52768,69674,74781,83528,90877,107597,150597,151195,149493,177196,177204,176983,258919,260523,259761,257669
2093,476,751,1312,2020,2768,3301,4225,5133,5991,7721,16752,17121,16931,26871,26574,26633,49040,49715,50538,50736
2094,25401,25919,38450,58594,91366,117187,138802,172906,169372,214092,315561,306871,292658,301754,301431,304055,485883,487223,478084,483394
2095,422,625,880,1205,1418,1557,1774,1785,2144,2856,2525,3252,5911,5844,9346,9069,7193,7170,7022,8408
2096,4031,7337,16725,34409,54714,58549,72158,78887,92972,130726,128707,128923,159007,159994,233112,233019,230654,229985,229764,235169
2097,585,796,1219,1894,3361,3570,4551,5680,6794,14956,14715,14040,24338,24798,47228,47206,43798,44925,43949,45739
2098,17592,22965,38030,64425,115222,132915,132540,162584,211221,316166,303926,340720,304731,305754,459794,461965,457610,460180,455603,458670
2099,363,613,1016,1673,2241,2472,3180,3512,3873,4718,4574,6952,13053,13179,11367,19715,19954,20293,20012,48353
2100,6142,12395,17536,22607,28931,32698,38964,43791,48072,50991,59909,61973,66436,69361,75236,79212,85692,85692,89639,94961
2101,297,381,414,423,459,471,455,498,498,498,511,495,492,510,525,525,525,525,540,539
2102,1509,2755,2830,3255,3520,3474,3832,4127,4091,4081,4479,4449,4426,4427,4774,4752,4862,4862,4835,4822
2103,231,395,370,474,480,498,465,513,537,550,539,510,521,502,559,544,562,562,582,588
2104,17400,41838,41082,43418,42302,39615,36308,37577,35551,34392,31007,30548,29009,27516,28259,27465,25810,25810,25037,24086
2105,380,486,498,513,519,525,536,533,531,545,547,530,547,546,544,542,559,559,564,564
2106,3555,4134,4450,4802,5150,5405,5962,6586,6367,6389,6384,6342,6387,6384,6787,6771,6886,6886,6877,6856
2107,563,676,684,726,691,718,714,711,714,725,738,742,706,740,730,739,737,737,738,748
2108,48027,35805,38073,38872,40432,38242,39571,40948,40697,39954,38930,38655,38367,37749,39004,38918,38763,38763,37895,37073
2109,377,683,649,659,643,668,727,756,705,702,720,762,770,757,705,775,732,732,717,732
2110,5553,8227,9857,10300,11021,11179,11911,13038,13131,13308,13121,13285,13183,12845,14066,13976,14261,14261,14039,13809
2111,289,348,350,398,405,410,495,541,503,486,506,468,531,481,561,552,560,560,475,585
2112,41386,37970,40843,42555,43776,43981,43576,45719,46033,45891,45738,45456,45563,45325,47265,47298,47085,47085,47338,46607
2113,581,862,946,999,1087,1053,1100,1159,1156,1188,1208,1179,1228,1184,1184,1168,1223,1223,1218,1227
2114,9946,17105,19678,22508,23805,24188,26236,29163,29164,29141,29163,29214,29098,29098,30868,30753,31147,31147,31061,30742
2115,975,1464,1504,1620,1695,1730,1782,1565,1610,1632,1759,1629,1650,1672,1696,1631,1657,1657,1690,1751
2116,39415,45954,50902,53348,55595,56089,64084,63451,62223,63606,64048,62542,63485,63106,66590,66022,65835,65835,66205,64839
2117,705,953,1088,1257,1166,1251,1150,1232,1218,1182,1169,1121,1186,1171,1189,1277,1291,1291,1264,1259
2118,16545,30121,35601,39259,41199,43887,43109,45486,45830,45881,51231,51405,51023,50997,50582,54307,54135,54135,54415,54260
2119,1208,1878,2132,2389,2501,2567,2441,2820,2889,2811,3189,3265,3260,3314,3311,3329,3329,3329,3289,3412
2120,43006,63623,72461,84876,91709,91392,88026,97499,98799,99468,111694,112702,112035,111859,110082,107862,109804,109804,109074,109350
2121,812,1012,1978,2121,2012,2024,2260,2301,2323,2314,2233,2341,2458,2400,2285,2341,2359,2359,2351,2388
2122,22056,35105,57310,64846,75434,76994,75754,83127,82762,82937,82227,91650,93063,92168,92903,93472,91727,91727,91574,92660
2123,981,1767,2330,3526,4328,4262,4486,4529,4459,4581,4639,5284,4968,5422,5139,5198,5524,5524,5627,5150
2124,37873,84068,122601,163335,229834,185983,188017,227354,226150,227391,221058,222852,221326,222667,222452,224665,222483,222483,221294,220921
2125,876,1069,1218,1346,1386,1629,2002,1786,2348,2223,2216,2206,2284,2216,2751,2874,2715,2715,2823,2780
2126,22483,36717,55492,73579,78662,88396,113345,110527,110569,112314,112322,110823,112877,112120,129213,129986,129605,129605,130179,130450
2127,818,1201,1562,2012,2789,3642,5919,5284,5641,5268,5040,5595,5197,5207,7666,7522,7832,7832,7816,7692
2128,59113,71807,112794,144094,199135,204200,284681,280532,275409,277564,278879,277528,280928,278684,279643,279827,279168,279168,281789,280707
2129,764,1209,2010,2422,2768,2826,3295,3649,4478,5820,5941,6099,5710,5684,5558,6161,5954,5954,5931,5759
2130,16617,37913,64205,80803,99431,99174,112028,131379,162849,160358,165520,164702,163548,164392,164859,160755,165477,165477,165166,164771
2131,957,1250,2155,2949,4217,6497,8197,10498,6675,14649,15347,15293,15322,15280,15448,16449,14331,14331,15398,13714
2132,49802,61814,95353,125724,171206,203514,251871,251085,250165,357443,364091,361623,348859,360598,349455,347843,362644,362644,362343,362159
2133,401,858,1262,1504,1753,1855,2086,3197,3105,3844,4243,3960,6525,6855,7108,6873,6393,6393,7601,7915
2134,15166,40662,67804,88928,111098,126652,124505,180378,180811,173855,178780,177070,216142,216238,214586,211448,216698,216698,213027,214888
2135,669,1129,1544,2210,2728,3369,4221,3563,5288,5236,11641,11691,23497,23252,22708,23782,23062,23062,23488,22985
2136,45371,59983,96689,113937,143391,169321,203154,202356,254868,254011,355901,357044,356285,358019,358027,350936,358514,358514,353232,357147
2137,703,996,1479,2110,2423,2913,3289,4499,5942,5804,8688,8494,8150,15414,15397,15839,15768,15768,15861,15932
2138,16197,41852,75937,105026,129849,129004,147890,183173,180658,182569,219086,218367,216898,317953,317741,317912,317421,317421,316862,318337
2139,745,1179,2008,2804,3480,3940,4091,4422,5802,5574,10093,10021,23119,12040,12442,11839,12455,47940,47754,48296
2140,43856,62900,103751,139010,186578,184514,214664,214124,268391,270172,376162,373154,383512,386158,385476,384988,386363,601770,594738,593070
2141,696,1068,1917,2301,2451,3049,3401,4780,10017,9853,8211,7314,14570,14778,14598,15063,14646,38739,39314,38384
2142,16238,41994,78980,109727,139544,139146,158860,192237,233936,235713,234843,234585,335020,336008,335953,335440,337014,332370,332708,329720
2143,855,1216,2056,2748,2876,3490,3562,3979,12168,10811,11778,11621,13898,13731,13870,13761,14017,51236,52050,51121
2144,42086,56849,100132,133959,178985,177948,209800,215912,374645,375739,260770,259885,379955,380628,380402,382192,380094,564392,562226,557787
2145,762,1249,1430,2132,2115,3384,4426,4371,9914,9571,13192,12591,15045,52735,53253,52527,53252,40621,40338,40997
2146,16687,53071,82130,112600,143540,162035,200140,199741,244414,245160,246074,242555,344661,344659,345506,346264,345091,348747,347209,350272
2147,891,1283,2831,3073,3184,4542,5524,5162,10199,10368,10537,10326,11987,54333,53837,53745,54593,54483,51366,53893
2148,40882,95822,153615,160025,212050,255136,249650,249742,261094,262239,269156,267990,366488,619017,602671,584343,538813,560422,558970,552288
2149,776,1235,2016,2875,3177,3871,4617,4788,11247,10772,11166,11843,14316,11355,33566,32183,34700,34128,39821,32905
2150,18380,49944,80476,117535,148962,167002,203157,203143,248669,248315,240058,245592,350057,355785,355879,355828,344661,368039,363757,357837
2151,833,1185,1731,3056,3236,3373,3716,3526,7303,6852,7643,7766,8888,9297,45083,44379,51293,44561,43728,45708
2152,52597,79902,110285,200806,236299,274099,273539,278043,419230,292864,287753,297819,405438,422151,660206,641445,591693,661702,663646,606187
2153,762,1205,1854,2132,2219,2971,3479,3664,4851,8767,8647,8589,11221,13064,38829,31969,33623,32881,32474,40945
2154,14740,38154,57980,93422,98800,158695,194603,192042,239698,238784,239709,236675,337960,345686,339735,344402,341389,339508,341340,342825
2155,531,644,881,1364,1566,3304,3522,3513,9495,10470,10052,10999,13974,15629,53504,53852,54320,54867,54460,54012
2156,51668,66106,76142,123187,133876,240330,244564,243363,400934,278930,280494,281852,403066,416273,560343,624813,611936,638626,647198,645196
2157,732,926,1169,1348,1584,2496,3027,2738,5344,7875,7868,7042,11540,13207,33564,30150,31035,29853,32243,31289
2158,13633,33781,50590,71663,91950,150211,185919,185289,220334,226023,226232,226544,315425,313401,281625,311664,297984,302376,312529,315536
2159,723,1013,1365,2197,2792,5329,4580,5575,11415,10394,10817,10806,12745,12192,55675,49363,51376,50087,49904,49766
2160,45425,59947,78826,97097,124641,216471,216414,217497,363790,359953,262585,261972,363833,364319,490407,519366,506080,532869,573720,534036
2161,717,1039,1217,1899,2011,3189,3330,3951,5616,6134,8831,8892,12406,11912,37730,35495,36050,37979,34956,37055
2162,14193,38989,58212,82651,105758,178246,178906,216656,260380,261117,266754,265637,371573,366190,367919,361929,360460,367324,361189,361431
2163,783,1140,1581,1888,2348,2935,4328,4622,11774,11529,11683,13241,14935,14885,62514,61564,62239,62124,61945,62321
2164,55198,78195,90661,115787,150235,229525,275406,274556,427576,428815,320453,320495,433660,433940,638138,611802,610922,639107,642049,636593
2165,580,722,1093,1388,1722,1952,2512,2616,2645,5840,9497,8873,12704,12310,36923,37651,42127,38268,38229,37515
2166,14167,31482,53459,68600,87894,124584,174529,194331,171426,285012,293255,292254,396561,397016,368439,357516,373657,372008,374021,370125
2167,673,831,1105,1320,1665,2084,2758,3282,3403,9448,9480,9839,12638,12889,61618,61948,57171,61310,61224,61526
2168,55035,80148,93626,105832,137749,167527,261441,306622,272517,464925,479261,353758,471778,474702,645009,615092,607809,633417,647803,642586
2169,551,775,1046,1327,1549,1993,2518,3969,2638,17565,17755,21573,26957,26738,60835,61016,56245,53033,60459,60236
2170,14126,37250,54557,73712,87771,112696,160031,226116,159009,325008,324550,326094,436890,437656,440426,431583,424056,438179,447269,448760
2171,662,809,1069,1237,1384,1847,2020,3585,2693,11136,11063,10987,14907,16219,64103,60642,61077,55898,54380,54509
2172,60952,85635,104554,115924,128169,163333,189023,304853,214846,485693,487490,364700,485432,484409,685115,657715,658393,675284,673673,684693
2173,545,840,1061,1266,1508,1886,2046,4162,2463,3336,7611,11600,15139,14964,42685,47209,41883,42704,40388,38969
2174,14598,35245,53530,69208,82580,108666,135921,288590,169668,289189,355529,351370,478255,477539,463699,471188,460879,464022,468774,466269
2175,666,793,1039,1264,1499,1657,1701,1915,2306,1999,6569,7049,9704,10133,10346,60608,59101,58640,55295,52618
2176,50212,80982,96193,111377,118231,146524,177755,272895,209634,270691,491646,357418,487803,487817,470631,660500,656179,699419,699547,659804
2177,463,635,813,925,1073,1097,1242,1437,1608,1505,5201,9644,14162,14460,2877,41917,41446,41413,41241,43015
2178,10940,31230,48853,67918,79715,101011,127612,161504,161613,177308,330447,334756,454650,453358,273589,452925,446252,452697,452412,446278
2179,569,870,1085,1228,1637,1991,2563,2627,3156,3819,9654,10158,3873,13990,4302,57295,56965,56463,57064,58113
2180,69376,112231,130865,156713,189328,238528,305037,305131,377191,430427,720275,720538,549915,717776,469549,964810,928143,957839,956549,925241
2181,471,602,759,766,982,974,1156,1509,1581,1620,1944,6225,2045,2387,2114,2031,43820,42908,42474,43715
2182,12091,27855,45708,61401,85926,104747,120992,163677,163519,175125,247988,453189,284205,384512,287031,283324,602336,603833,603669,594506
2183,513,769,988,1182,1488,1652,1908,2034,2259,2460,2435,5500,2590,2743,3088,3541,54892,54013,53391,54648
2184,63345,95447,114454,130595,141475,152903,173387,205112,217538,234160,240315,600132,275203,348992,352292,348532,835748,836943,837159,830810
2185,470,657,909,993,1212,1411,1495,1612,1707,1751,1991,4654,2112,2315,2362,2400,2470,2373,32405,33211
2186,10939,28507,46892,62418,80438,92386,101514,134535,152070,175656,190462,420541,233120,263870,260797,263832,353181,296515,567431,567823
2187,670,1015,1251,1438,1578,1868,2127,2164,2292,2806,3213,6247,3019,3302,4101,4057,3580,5099,50357,47059
2188,57410,88872,110120,119342,133977,151654,167762,201339,216525,234539,257583,571905,270889,313604,312660,313145,383564,456216,807023,812406
2189,471,688,924,1079,1285,1423,1824,1954,2141,2298,2479,2745,2654,2751,2965,2833,3276,3080,2925,31688
2190,38233,70202,106669,119596,129232,145143,168788,179661,201567,219980,236814,290894,261496,290894,290894,290894,336663,336663,336663,508472
2191,467,576,788,887,1163,1149,1279,1640,1762,1859,1881,2781,2182,2250,2522,2522,2603,2603,2860,18343
2192,8585,18051,38744,60187,82580,95227,104788,135573,154747,166834,179092,286700,217135,249242,249242,249242,286103,286103,342701,538947
2193,541,788,1285,1408,1682,2275,2654,2757,3006,2853,3883,2914,4093,4195,4195,6268,4498,7183,4469,45100
2194,58609,87771,119249,133278,145485,173805,194793,246540,233664,303455,347277,298625,344166,403395,403395,471943,416426,416426,463793,737578
2195,496,616,784,877,1024,1105,1158,1228,1289,1269,1464,1564,1664,1725,1833,1739,1585,1682,1854,4990
2196,9494,19009,38739,64897,83316,96038,121362,145185,155254,169657,182537,222368,221293,252875,252875,254801,253036,287272,345780,550294
2197,694,746,1044,1133,1347,1507,1536,1908,2600,3018,3098,2985,3337,3563,3563,4703,6517,5162,4114,2885
2198,62956,74821,102408,116491,131349,141295,164512,188238,237023,240113,288959,290252,341070,341441,341441,397026,451787,451787,394939,404464
2199,448,567,749,1070,1283,1328,1778,1986,2082,2136,2282,2669,2560,2558,2972,2854,2726,3016,3257,4801
2200,8044,14745,31486,54098,76238,88471,112739,126165,146248,157197,172161,211382,210938,211933,240741,244164,238638,273344,331966,328879
2201,615,755,1152,1214,1277,1550,2071,2412,2830,3342,3413,3990,3801,4783,5057,4830,6492,5290,5023,4960
2202,42874,72382,96977,116791,127753,157458,180259,204049,224895,279280,274957,327009,316705,315136,382289,384295,441489,441489,440848,440280
2203,470,628,861,1177,1486,1711,1817,1941,2061,2049,2175,2342,2487,2402,2648,2707,2887,2887,3114,3313
2204,7705,12856,28696,54862,74796,87427,107228,122654,141074,152800,167398,186353,207695,208111,239183,238273,274147,274147,334973,328157
2205,615,715,1029,1290,1611,2204,2101,3051,3350,3685,4400,4727,5297,5364,5000,4983,5772,5772,5092,5913
2206,55986,70948,94711,118088,136082,158716,187823,218354,242526,269040,288276,315292,310692,310146,366257,368962,437645,437645,426293,385903
2207,498,589,770,935,1108,1286,1377,1457,1499,1506,1837,1665,1858,1955,2485,2449,2383,2393,2760,3735
2208,8234,14231,29404,55002,75713,92984,113659,131306,142477,153200,165119,183681,204479,233319,236594,236724,234022,266797,321474,313233
2209,537,629,1067,1367,1476,1862,2029,2602,2757,2905,3468,3392,3827,3564,4068,5581,6129,9033,5840,6152
2210,56974,72956,97724,120813,137713,161725,187303,216669,234078,266275,319174,303259,271825,271418,329557,395555,419913,419913,435530,429067
2211,404,485,723,902,1050,1095,1350,1417,1554,1590,1570,1695,1904,2098,2258,2195,2210,2556,2499,3150
2212,9460,14397,31967,59261,79247,97471,111567,134460,144975,157287,169781,188188,237873,234351,270588,272505,270297,325966,328008,325866
2213,564,717,1180,1490,1708,1914,2163,2171,2622,2679,3031,3168,3216,3870,3366,4549,4439,3394,4511,4767
2214,57385,68181,97675,116627,127457,153311,187575,200631,225880,271453,327748,295249,333295,385009,381680,448324,420970,347457,447141,453334
2215,536,637,970,1190,1457,1367,1442,1516,1624,1801,1695,2034,2027,2317,2509,2441,2163,2523,2716,4819
2216,10225,15410,34463,58632,84938,97822,117782,132260,151411,152349,163855,194889,247081,246009,283643,284267,277543,330999,336612,415956
2217,584,697,1048,1093,1204,1272,1257,1493,1824,1966,2333,2052,2095,2646,2765,2614,3717,2981,4202,9501
2218,58213,69870,101446,115312,130928,150226,166614,191270,231695,245867,298383,288417,340747,337046,391805,390395,450738,379566,445652,628221
2219,455,511,753,1041,1225,1321,1687,1990,2232,2210,2294,2581,2757,3207,3138,3157,3309,3880,3779,3638
2220,10562,16419,32046,54606,81578,89224,107643,132471,153829,152026,163857,198727,217129,248841,249509,248676,282242,332073,330918,333724
2221,478,529,897,1042,945,1072,1718,1716,2390,2167,2823,2883,3030,3330,3915,3788,4270,3403,5910,5693
2222,57843,72323,99699,117081,134954,153253,170531,212004,235394,253490,288556,288843,346411,347955,403307,402871,468903,467259,464471,475990
2223,472,567,866,1038,1347,1711,1820,1918,1943,2006,2072,2302,2413,2618,2536,2678,2651,3131,3112,3490
2224,11876,16365,32305,54612,80728,95752,110477,126888,143271,153050,164960,196151,195223,244784,247281,247694,246219,338766,332982,332998
2225,628,711,1012,1342,1408,1646,1831,1851,2154,2376,2669,2350,2953,2795,2852,3440,8113,3446,7111,6891
2226,48150,75721,97702,119106,128786,153797,172178,197773,233923,249754,282444,286201,328127,329591,327028,381304,451292,386791,442135,439601
2227,464,459,614,790,951,1025,1295,1353,1499,1461,1535,2248,2403,2786,3163,2925,2951,4311,3648,4989
2228,12101,17448,33249,56566,83052,100236,115577,131447,149677,159495,173739,207012,208144,260628,261288,258775,260241,355794,352935,355036
2229,562,680,988,1157,1270,1486,1996,2099,2811,3062,3202,3629,4644,3779,4758,6563,6534,6978,6463,13781
2230,59442,77249,99354,117260,130986,148481,173212,197999,230177,251900,257393,279977,324154,326393,322479,375352,373646,376290,376119,437384
2231,520,606,803,963,1127,1187,1579,1705,1747,1850,1903,2185,2110,2543,3033,3427,2959,4397,3918,5104
2232,13112,18486,35317,60158,87021,98376,119080,135639,155268,164679,177935,212912,212432,266902,266536,303066,265122,365130,364716,362506
2233,405,538,617,782,833,1080,1287,1419,1511,1769,1922,1821,2069,2041,2425,2827,3008,3175,2987,4400
2234,63934,75793,99404,117549,126029,148471,163531,197223,209065,229427,243926,277610,265582,307547,308503,356817,369910,370203,374521,447262
2235,435,508,692,870,1061,1172,1303,1360,1424,1423,1545,1798,2002,2057,2482,2525,2625,3455,3534,3682
2236,13621,19302,34754,61157,89603,102531,117622,140304,158549,167591,179853,215977,238116,267971,267905,302817,303736,363705,362802,361836
2237,670,745,994,1147,1189,1289,1399,1451,1576,1974,2187,2182,2253,2506,3169,3404,3351,3612,3592,5012
2238,61723,71414,99344,116885,125840,147183,154117,182181,206628,226873,252654,272583,276119,321324,319162,372207,364339,365450,366485,455244
2239,484,543,771,1028,1224,1419,1568,1867,2000,2232,2293,2602,2833,2982,3821,3478,3509,4166,4495,4958
2240,13086,16789,32473,54746,79642,95518,109951,124204,148153,169242,168679,200317,220595,250820,283879,284183,286182,342437,343705,342324
2241,669,748,1081,1223,1252,1354,1798,1955,2361,2228,2810,2579,2838,3151,3463,3411,4272,3604,3624,4313
2242,59768,68999,94946,110935,124074,138821,152929,183198,200404,232749,274218,239259,311665,308545,357149,354133,327203,327536,348598,434291
2243,508,610,870,1086,1401,1796,1890,1974,2075,2130,2305,2543,2507,2635,2959,2957,3496,3453,4688,3948
2244,15198,19642,36654,58764,88519,105324,120468,136441,164096,174322,189196,227177,226964,257882,293653,292280,350018,349928,348984,350608
2245,676,826,993,1095,1208,1297,1435,1487,1678,1929,1990,2065,2368,2589,2501,2948,2503,2966,4024,3580
2246,54598,66882,93755,108465,116904,137619,152136,181202,227806,230452,260563,277525,327552,329488,332637,380346,374867,442583,408669,443036
2247,515,557,741,853,1051,1100,1148,1207,1262,1332,1396,1580,1590,1650,1824,1854,2121,1916,2184,2241
2248,16522,21031,38474,61083,86066,102194,115370,135927,151230,173714,173492,222300,224379,256637,255723,291020,346316,346768,351700,350855
2249,564,725,1047,1148,1273,1423,1929,2142,2847,2967,3158,3620,4075,4001,3836,4159,3640,4584,6243,6245
2250,49867,76998,103480,114633,128045,149807,163913,198694,228471,251255,255400,277475,335365,338895,337236,392077,374291,444044,450389,444546
2251,518,552,781,901,1091,1073,1444,1460,1537,1699,1710,2032,2024,2150,2270,2330,2863,2549,3303,7294
2252,15334,21049,35712,57550,88177,103222,124031,138233,156460,178924,193275,236064,236657,274423,274703,315688,373305,372771,372127,451996
2253,610,795,1102,1271,1466,1863,2017,2511,2681,3153,3452,3266,3906,3927,4912,4013,4640,4461,11472,9988
2254,42410,65749,89885,106596,118453,138181,150664,176574,195450,203327,214000,257168,250903,291581,291428,293080,342122,335018,384190,373645
2255,378,384,515,522,565,665,689,766,769,768,821,927,1073,1008,2073,2172,1516,2412,3095,3466
2256,14115,18541,32489,52428,80941,101708,119249,134210,141529,162850,178428,197428,215010,217134,277848,280133,279449,329449,329541,328899
2257,631,732,971,1198,1235,1484,1511,1565,2060,2598,2675,2634,2725,3287,2817,2873,3683,2950,4041,3778
2258,56016,69493,90295,117236,125411,146767,167470,188206,222366,251731,239952,262824,282286,285353,330990,334919,354358,415414,399046,411635
2259,535,527,758,1000,1257,1478,1905,1990,2037,2321,2472,2798,2946,3264,3647,3580,4306,4992,4913,5424
2260,13376,15845,28172,48341,75110,89676,114121,119598,133796,152991,182926,198564,223571,224676,253661,258916,303206,304881,306280,305276
2261,737,738,898,1305,1299,1572,2046,2489,2720,3284,3392,3343,3842,4368,5000,4966,4082,5315,5182,12984
2262,51442,55617,74556,96922,108504,127940,148346,168944,175232,223306,230968,245215,231710,276961,275883,277544,345250,345013,352453,493068
2263,552,606,892,1132,1430,1894,2065,2102,2139,2272,2461,2747,3015,3223,5544,5075,4457,9217,8515,5597
2264,10469,13185,23304,42390,65871,80817,105930,111541,120696,128610,152617,194824,189395,218075,261768,259948,263643,317563,324312,324262
2265,620,676,891,1400,1740,2036,2512,2597,3035,3154,4043,3283,5497,3771,4469,4883,3971,6741,6705,6764
2266,52941,59988,84746,107512,131072,150024,194462,209878,232416,272675,284037,313439,395427,396755,404038,401662,383126,495263,510393,502903
2267,534,540,750,914,1096,1241,1352,1357,1374,1434,1517,1779,1742,1831,2103,2152,2529,2256,3507,3290
2268,14296,18542,32589,61355,91999,116318,148855,158208,169880,183688,221212,255246,252075,286194,342159,340848,343721,344373,411900,414572
2269,586,751,996,1247,1335,1493,1945,2147,2770,3261,3282,3441,4032,3986,4054,4636,5921,4687,10495,10296
2270,59309,76494,97525,117845,131299,142773,175534,187113,210155,236834,272855,260581,315425,317129,368215,367392,426242,354641,565095,563811
2271,614,652,815,1013,1214,1344,1621,1707,1770,1782,1755,2197,2118,2167,2322,2283,3251,3270,3474,5117
2272,15315,19867,34920,62476,92697,109711,132276,155583,175647,175413,208725,232046,257915,260458,291679,295634,352682,357206,356133,428059
2273,638,760,1103,1299,1412,1745,1972,2150,2784,3179,2915,3507,3722,4202,3577,3962,4119,4200,5065,4439
2274,58500,70867,97059,113081,127881,147409,159686,194058,248014,246204,256299,299920,329738,329643,323551,383523,396116,404383,460275,449460
2275,673,693,887,1090,1209,1263,1355,1460,1494,1671,1787,1783,2101,2769,2835,3062,2603,3948,3915,5306
2276,13700,17572,33169,54631,85845,98145,118203,151347,172438,187054,223810,223670,278042,281667,278732,322094,318769,384533,384914,383392
2277,403,500,619,735,637,796,923,765,1256,1596,1268,2187,2096,2021,3319,2085,2912,2042,3816,8264
2278,55321,78300,105689,126996,134245,157431,161396,189347,201696,231742,239208,261999,266750,311119,310772,309904,346818,350717,339699,425287
2279,557,560,767,933,1201,1383,1493,1875,2316,2448,2645,2949,3199,4084,4948,5001,5789,5787,9340,7931
2280,37808,46462,72034,95449,128910,142054,170256,185772,207652,217891,231623,270053,270053,298443,331359,331359,331359,385487,385487,385487
2281,441,453,575,781,1014,1186,1279,1564,1605,1849,1922,2119,2320,2311,2704,3386,5903,3516,3516,8130
2282,12415,13645,26286,48159,77763,104492,118092,132174,147784,167173,192657,209099,229460,256542,293143,349738,349738,345772,345772,412497
2283,491,562,837,1311,1509,1872,2136,2458,2829,3144,3420,4276,4650,4248,4252,4805,4805,6553,6553,5495
2284,65036,79572,101982,130907,140076,165995,188184,232308,258837,272506,315951,365377,361563,358082,427678,427678,488347,475855,487827,484405
2285,473,442,640,759,889,1266,1510,1548,1692,1770,2099,2150,2425,2715,2663,2663,2496,3001,2978,4152
2286,12568,16184,31145,51749,81277,101626,120853,134913,152308,171598,187244,202676,223909,253626,251522,251522,284580,338687,336193,336063
2287,695,740,1110,1535,1418,1882,1998,2171,2289,3269,3538,3828,3786,4523,4377,5615,6514,5327,6901,7221
2288,75639,74339,100543,126244,134711,157929,171708,205434,216644,261155,264017,287951,314662,314924,315920,376064,401370,398647,447314,437983
2289,462,484,707,867,1185,1321,1760,1759,1812,2349,2383,2648,2863,3091,3369,3631,3814,4505,5263,5326
2290,13650,15037,29721,49731,79086,100041,120365,133403,141102,169987,182693,199291,219990,245536,247160,279140,278074,330887,332672,334034
2291,595,737,923,1536,1241,1360,1789,2036,2767,2718,3403,3251,3557,4473,5432,4725,6201,5241,7353,7383
2292,65149,67228,92529,118391,126812,147580,162240,192769,222285,244868,278430,274312,342916,342439,397087,400325,387886,382851,453192,473285
2293,477,542,778,977,1269,1555,1844,1894,1999,2113,2171,2405,2373,2663,2712,3088,3918,4052,4686,4965
2294,12015,13262,26240,45244,73109,91667,111155,123052,139682,157990,169189,188511,183731,230128,234106,262555,308606,312363,316129,315331
2295,689,699,939,1280,1294,1460,1884,2395,2592,2932,3699,3710,5389,3728,4843,5194,4396,6493,6315,6469
2296,61247,57262,81043,106464,119400,134119,154825,188936,246240,257069,329004,350419,318306,319342,380921,378581,391552,476570,437358,438457
2297,551,596,743,855,1014,1224,1281,1326,1470,1524,1818,1939,1446,1704,2114,2335,2775,2679,3425,3604
2298,10694,11822,22415,41995,63149,85062,107088,112002,125442,146278,156971,171859,173302,212493,214479,245923,286972,289064,290685,292354
2299,605,631,836,1312,1622,2150,2341,3273,3689,3794,4211,4653,5736,5643,8328,6952,8689,8507,8573,16937
2300,57189,75352,98311,124776,146930,174841,220646,252405,247587,301587,311491,315362,317711,376274,448800,380333,429541,433139,396691,567850
2301,534,551,719,936,1027,1200,1733,1918,1939,2139,2198,2349,2612,3250,3063,3904,4932,8596,8486,6590
2302,12162,13231,25559,46606,74495,93014,106687,127981,136418,157125,170919,185632,207162,233329,231181,265828,312849,312713,315086,312856
2303,694,713,1041,1453,1766,2193,2412,2759,3352,3888,3963,4709,5295,4409,5557,6756,4957,7887,7177,15271
2304,49607,63155,86538,113901,132009,148295,173081,197635,214264,260231,233068,303560,296311,291524,338993,340942,344379,416930,433711,538872
2305,626,613,772,934,1065,1281,1497,1511,1588,1687,1725,1855,2088,2456,2270,3614,3441,4299,3979,3996
2306,11383,12483,25903,43148,69852,91061,107399,113487,128551,147527,159137,175126,216778,217837,216846,298292,301787,300616,299870,300559
2307,759,800,965,1288,1706,1795,2120,2677,3146,3178,3757,3586,3982,4622,6593,3807,5269,5600,5402,12087
2308,56190,55547,83373,103424,120755,145335,174400,203111,214485,250624,327953,281562,267832,316987,376451,377024,399585,402167,400039,509787
2309,525,530,769,943,1230,1504,1849,2031,2294,2399,2397,2674,2974,3461,3354,3655,5619,5662,5409,5118
2310,10002,10963,22790,38286,62549,82327,103730,110516,127268,137581,147766,163880,206325,233794,232177,282632,283261,281045,280572,282779
2311,620,609,917,1093,1214,1828,1911,2370,2683,2812,3729,4131,4064,4767,4295,5655,5224,5416,13675,12893
2312,48610,49389,75050,93228,119952,140117,173246,187928,231409,231733,280129,264821,363414,419804,416826,416370,378863,385558,516506,578240
2313,604,649,843,1067,1366,1839,1981,2037,2097,2174,2263,2579,2660,2649,2726,3324,4380,4609,3869,3931
2314,10478,12497,23587,39709,63564,82574,103399,108280,124717,134972,145819,178585,196567,199480,200460,275371,278551,276633,278254,276764
2315,792,799,1030,1537,2053,2371,2695,3307,3600,4111,5139,5182,5772,8516,8597,7524,7847,17409,15566,15643
2316,48431,52336,72410,89413,114374,133527,162628,178387,205452,223534,270188,237692,318840,383169,375977,378146,348514,458817,515307,536625
2317,629,641,849,950,1233,1317,1385,1468,1554,1777,1864,2202,1964,2349,2410,2859,4201,3807,6314,3392
2318,10711,13617,26006,44044,68029,93650,112949,119126,137977,137254,163305,209647,204652,206973,232241,282043,283382,286038,346421,282183
2319,737,782,1031,1515,1778,2409,2838,3696,3751,4956,4972,4788,5991,8657,7330,8982,8844,8910,13210,17408
2320,48246,52489,74654,91208,112135,131455,162565,197330,266863,258498,282200,308002,328088,397104,382825,392020,419742,418815,510644,523735
2321,614,644,914,988,1258,1979,2073,2209,2104,2301,2052,2948,3245,3155,3291,3838,3905,4588,5802,4099
2322,10641,13552,29355,47583,67374,95347,114222,122389,130853,141280,155598,193553,196832,193781,220726,269127,269890,270965,329495,271953
2323,644,736,1205,1791,1936,2385,2750,3082,3714,3988,4270,5817,5686,8400,10888,8175,8261,17890,14336,17112
2324,46089,68963,96520,117272,138399,193761,227114,245704,252811,316680,282502,346543,335772,410983,406333,406693,412772,577610,520709,539896
2325,669,696,931,1059,1232,1342,1387,1460,1491,1534,1576,1796,2562,2265,2647,4567,4470,3621,6446,6635
2326,11257,14427,31545,51249,76971,87007,109368,133278,143227,142348,169610,213327,215611,214686,245087,294605,293050,293994,295975,295640
2327,694,723,1057,1418,1619,1875,2003,2529,2861,3365,3309,3442,3579,4683,5668,4403,7188,6850,7773,16000
2328,44545,58695,85198,103358,111724,139194,160944,188232,227373,228222,261685,259671,268540,313549,382026,312474,367544,361427,378318,506426
2329,570,607,816,1128,1355,1786,1902,2294,2383,2433,2683,3265,3940,3793,3800,5423,6173,5829,11459,5751
2330,11291,15961,32112,55961,78834,99779,120548,137348,146703,159138,175583,219186,221881,223103,253038,306219,302066,301065,366769,306527
2331,634,704,1193,1214,1314,2089,2440,2696,3495,3945,4612,4795,4735,5807,6732,5964,9084,9066,13098,17869
2332,42699,65159,94790,109758,119370,149995,171298,199460,237769,243330,254541,277690,280923,331321,401011,331721,387770,386476,510157,540046
2333,364,386,480,516,718,891,938,934,1098,1229,1375,1782,2253,2164,2226,3936,4711,4402,3986,4070
2334,11824,16251,34628,55190,77643,98102,118242,126725,145546,157286,172240,218813,218717,216606,248167,298544,300109,297265,298778,296365
2335,699,764,1252,1566,1716,2040,2357,3164,3424,4092,4939,4182,4191,5603,6476,5641,8361,7857,7789,15944
2336,57604,57586,86662,101386,109522,139693,158959,188340,235493,231777,305231,273673,254761,298930,369168,303809,388471,387390,379639,487947
2337,518,619,806,931,1094,1617,1524,1583,1863,2172,2184,2526,3395,2790,2903,4131,4909,4735,4561,4154
2338,12154,16496,34646,55307,77244,105224,115572,123376,141335,149552,165163,209079,239952,210574,237737,288405,288656,290026,286476,287360
2339,552,744,1103,1474,1669,2003,2732,3273,3403,4603,4543,4738,4958,5770,6978,5295,7990,8307,16486,17610
2340,49491,57834,82382,97512,106131,135646,165576,182920,227015,262583,274522,266666,351747,340718,400177,342998,382529,380928,552190,556306
2341,533,669,880,1025,1276,1689,1720,1904,1927,1969,2158,2511,2787,3090,2906,3909,4520,4371,4093,3997
2342,11442,15704,32685,52789,77068,100437,111083,127907,138047,150139,164148,209162,209146,235257,235226,286469,287415,287474,286688,287950
2343,648,823,1269,1694,2037,2342,2651,3801,3864,4599,4723,4352,5363,6632,6269,4934,6495,6269,13304,14036
2344,46936,56331,79052,92461,111302,140873,162623,198988,213270,264001,266995,247509,332528,389698,387165,328171,362852,361339,552681,547786
2345,640,700,879,1050,1274,1408,1392,1463,1470,1601,1681,1850,2169,2200,2114,2983,3052,3212,2630,2520
2346,10874,14758,28542,48302,71632,92660,103737,109798,115502,136941,149465,193158,191824,189937,186519,256744,268036,267004,266755,264275
2347,709,774,1067,1407,1631,1820,2407,3665,3313,4388,6312,5596,5295,8529,8590,7513,7504,19220,17658,18066
2348,42587,51509,76418,97434,126633,142215,182638,228983,255913,264657,322498,366036,333166,399026,391338,376526,425034,574897,547013,534686
2349,519,586,805,1182,1458,1883,2011,2334,2379,2450,2841,3003,3456,3377,3389,8264,15808,12000,6627,6596
2350,10383,15083,29604,51434,74753,93559,112398,120125,120430,138490,156451,174356,200510,197318,199881,272094,325594,327008,273922,271863
2351,683,781,1121,1541,1948,2349,3092,3650,4547,5183,6140,5487,5227,7530,7594,6712,5456,4885,13512,13654
2352,41623,63406,88236,115066,137661,170944,198321,213734,229862,281890,303679,269155,302625,357346,360226,356915,378273,372554,491256,486586
2353,500,528,863,1213,1591,1735,1856,1909,2012,2090,2248,2473,3001,2707,2743,4345,8760,4060,3669,5754
2354,10229,14832,31655,56249,76319,95103,114019,122272,131517,140280,156172,201675,230495,228801,230208,277247,336414,274885,277743,329739
2355,473,556,1010,1060,1428,1891,2565,2849,3791,5128,6079,4551,4437,5803,5895,5670,9294,11340,13651,9681
2356,40680,58236,85917,100616,120397,158880,185933,205442,225801,277380,304763,264857,306054,365407,367522,366564,506987,516891,486999,486242
2357,570,680,892,1073,1443,1482,1670,1677,1774,2075,2205,2551,2791,2673,2722,3764,3363,4776,3485,3340
2358,10009,14641,33631,54943,77986,98662,111506,121007,131782,141583,156692,203541,232486,232496,232730,282970,281049,333924,283075,278889
2359,632,742,1326,1597,1874,2256,3505,3857,4684,4775,6413,4724,4722,6196,6257,6505,6282,10925,14428,14480
2360,39698,57466,89394,106384,129419,158670,186419,205540,223827,272895,302133,261366,310462,373163,375380,375466,383076,494059,513355,497190
2361,573,702,953,1083,1271,1718,1752,1892,1917,2009,2067,2850,2969,2720,3267,3899,4046,3449,3545,4734
2362,10654,16398,33309,57622,72636,96406,108747,117747,127462,137689,151402,196541,225036,192472,272855,273776,268428,268558,268757,322684
2363,646,886,1423,1797,2259,2497,3445,4026,4358,5063,5803,6008,4443,8162,4950,6717,6781,14228,14320,10101
2364,50729,57549,86566,102971,124594,165940,181012,227073,222475,263715,341345,312183,303340,367386,298794,366419,376541,485837,492202,484980
2365,524,620,898,1244,1562,1671,1723,1612,1890,1929,2032,2497,2658,2394,3040,3449,4103,3218,3282,4506
2366,9977,15433,31277,55534,74601,93828,106928,114729,125076,135435,146590,192095,216083,185471,264235,259497,266843,258069,259135,312898
2367,639,817,1141,1352,1805,2167,2819,3496,4472,4877,5827,4770,6218,7319,4849,6754,14219,14252,14361,10498
2368,47637,52154,79109,95479,117537,157128,174695,216479,250671,254264,322576,294837,385300,379693,325062,380571,483028,463836,482999,465135
2369,507,685,938,1245,1535,1851,2000,2282,2342,2540,2532,3161,3389,3520,4073,7558,4356,4192,4248,6009
2370,31340,46087,76443,98765,117618,142140,150042,169625,178139,189873,206700,247595,275993,275993,275993,320024,320024,320024,320024,373689
2371,444,550,772,1024,1175,1307,1355,1522,1742,1777,1765,2562,2498,2498,3945,23985,7637,7637,7637,12204
2372,8398,13079,27579,46717,68715,79570,92369,104864,122536,136413,133772,190774,189446,189446,264863,319710,319710,319710,319710,426495
2373,571,719,1187,1648,2599,2756,3144,3508,4179,4249,4481,6470,6218,6218,5761,8939,8939,8939,24066,10071
2374,66545,71744,85874,109402,153345,157076,190609,239176,251145,272368,301744,354480,408687,408687,408687,446535,446535,446535,446535,438828
2375,519,613,787,1042,1226,1266,1325,1304,1447,1537,1586,1881,1960,1960,2874,3484,3484,3484,6975,7075
2376,11528,17425,33351,61007,84690,97613,110748,116245,135873,164042,163026,205441,209269,209269,290652,288721,288721,288721,343082,341349
2377,580,727,1136,1218,1389,1527,1896,2805,3086,2808,3387,3457,4123,4123,3829,5634,5634,14557,9975,28827
2378,53811,90018,117584,132542,153552,171497,218322,253394,290899,290281,303003,334627,357706,357706,357706,430295,405983,500162,500162,499487
2379,429,550,830,1111,1231,1385,1737,1985,2265,2352,2417,3020,3038,3195,3503,3812,4811,4254,4254,5833
2380,13035,20787,39526,66495,81959,98235,116244,130584,150540,164775,178067,228536,233501,233501,266297,322066,325298,323689,323689,389539
2381,645,774,1012,1086,1264,1341,1827,2306,2329,2544,2714,2801,3285,4111,3796,4120,4045,5505,5505,9599
2382,58190,84637,108725,126063,135388,151918,193925,226425,244513,280793,250374,329270,306239,372247,372247,375196,420495,456815,473607,560209
2383,442,528,765,982,1509,1689,1831,1877,1969,2099,2219,2385,2520,2664,2839,3061,2717,2923,2929,2800
2384,13021,18959,36563,60558,80421,92196,107348,120839,138535,148135,175396,197380,226761,226486,259670,310278,256046,310270,307314,309238
2385,614,761,1218,1395,1722,2066,2438,3225,3583,4457,4146,4367,4628,5476,4835,4470,6186,5916,6427,5989
2386,76217,70582,98652,115438,126149,152873,169372,210559,235108,259674,287766,304657,281446,330194,330194,362836,416760,422168,421326,430270
2387,495,671,897,1055,1242,1413,1655,1765,1846,2132,2255,2328,2527,2853,3166,3970,3383,5049,4562,4642
2388,14083,20711,40326,62663,89247,102110,119108,133077,152288,163287,191992,216372,247725,247920,283265,333903,329961,338709,334448,337617
2389,562,725,1136,1284,1299,1516,2055,2347,2961,3307,3500,3411,3567,4228,4400,4091,4930,4892,6553,6228
2390,61427,71595,100538,113359,123044,138352,160073,197187,215377,239627,281974,268194,356680,363613,413645,352620,381965,340232,458348,435882
2391,503,658,832,995,1171,1270,1522,1572,1767,1754,1820,1914,2053,2335,2459,2744,3477,3268,4663,4295
2392,14074,18693,36913,57966,83867,99203,107171,120966,147000,159112,171146,190409,210095,237212,238069,270202,326428,324707,327917,331142
2393,598,754,1110,1415,1579,1897,2292,2383,2475,2784,2888,3445,3272,3290,3939,4767,3913,3988,5937,5542
2394,56869,61657,85262,100529,115164,132339,145368,178598,195104,216560,271805,284153,328239,325587,378640,402756,369940,406520,410710,472348
2395,553,641,802,899,1087,1147,1580,1679,1796,1925,1939,2218,2254,2557,2633,3202,3833,3814,4774,5194
2396,14362,19406,38003,60651,89951,103616,123295,130996,160465,172954,189331,228072,227945,260533,264922,299515,360216,359503,354330,360634
2397,693,902,1104,1238,1443,1681,2021,2210,2929,3377,3559,4035,4710,4090,5373,5495,4407,6293,6723,10639
2398,54771,83090,111370,124847,138474,157968,185490,214145,251167,270946,242806,304919,333468,330654,336021,405168,356520,398858,409568,467369
2399,516,613,770,1063,1313,1349,1858,1829,1992,2303,2480,2557,2692,3233,3164,3145,3713,3651,3645,4836
2400,11165,24537,35072,46179,60026,68325,81133,90318,99620,105552,124019,128350,137040,143006,154132,160756,171730,171730,179007,188761
2401,310,386,497,526,531,546,559,575,594,620,650,607,688,559,560,585,574,574,602,585
2402,7873,12149,17547,20342,23672,25665,27458,29866,31838,32150,34540,34636,37125,20388,20287,21892,22096,22096,22132,22167
2403,450,532,589,622,681,626,723,696,725,752,760,733,788,698,729,667,719,719,687,685
2404,36367,76017,93058,96770,97672,98820,100859,100996,99417,98849,97115,97064,101096,87396,86774,82759,85744,85744,86324,84465
2405,419,527,471,463,512,522,535,533,546,571,580,561,578,527,508,540,507,507,546,550
2406,13783,23331,19975,21449,23397,25139,27055,26979,29440,29483,29519,29577,31874,23253,25097,25612,25195,25195,25239,25315
2407,606,781,705,866,913,863,871,868,933,942,980,927,998,847,844,881,898,898,882,886
2408,73785,88680,84778,89346,92522,98003,103243,102674,103056,102222,101847,103197,108231,91568,96984,95922,96178,96178,95908,96402
2409,540,680,625,699,683,790,820,850,864,903,873,881,929,788,814,840,852,852,849,864
2410,14430,32974,26066,30858,32654,38545,41270,41334,44082,44440,44226,44301,47519,38349,38622,41281,41484,41484,41066,41387
2411,648,699,893,832,885,934,980,1052,1009,1148,970,1098,1014,932,938,990,1009,1009,1083,1044
2412,71546,93787,93719,98769,103082,106246,110632,110386,114528,114497,114709,114662,114079,106522,106249,110545,110315,110315,110549,110644
2413,623,803,904,995,1095,1146,1194,1298,1325,1319,1353,1300,1391,1330,1310,1335,1353,1353,1351,1387
2414,14292,30079,34391,41763,44722,50708,54755,58130,61898,62288,62313,61969,65985,58513,58733,62673,62643,62643,61826,62382
2415,716,1050,1318,1499,1514,1615,1633,1731,1596,1703,1625,1738,1688,1659,1666,1651,1677,1677,1664,1674
2416,52114,70886,79321,85555,88860,92084,96238,96120,103347,103315,103115,103257,108075,95985,103245,103487,103052,103052,102998,102926
2417,583,892,956,1080,1192,1193,1260,1306,1388,1326,1338,1325,1304,1319,1376,1310,1333,1333,1298,1327
2418,15895,34820,41402,54067,59036,63298,66363,67609,71738,75880,75961,75932,82089,70193,72260,75880,76521,76521,76290,76765
2419,860,1002,1376,1609,1800,2092,2267,2157,2371,2625,2560,2597,2944,2343,2209,2664,2564,2564,2613,2535
2420,44586,59618,72094,85964,90891,95432,103253,109422,109758,117779,117894,118467,128085,108969,110213,118064,118609,118609,118498,118403
2421,644,775,1079,1003,1232,1297,1317,1350,1546,1453,1489,1469,1499,1510,1492,1471,1575,1575,1500,1536
2422,19423,33556,50732,60050,67455,75900,80447,87479,93134,93279,92619,93503,100262,93050,92820,93446,100416,100416,100030,99886
2423,969,1077,1656,2256,2573,2738,2874,3006,3013,3026,3090,2967,3173,3078,3149,3024,3097,3097,3143,3186
2424,29850,50803,68376,98054,106660,115453,115407,131355,131095,131292,130540,131316,151085,131610,131011,130796,152076,152076,152386,151499
2425,853,978,1134,1252,1375,1388,1517,1471,1552,1620,1654,1619,1671,1590,1587,1745,1690,1690,1676,1688
2426,15591,29293,41062,59330,63386,74154,74316,74559,82869,91235,91399,91566,91654,92424,92791,92696,93390,93390,91511,93297
2427,1105,1341,1581,2164,2250,2964,2971,2682,2824,3902,4085,3981,3912,3911,3888,3912,3718,3718,3947,3643
2428,31259,39331,59949,85531,84401,111081,96102,96548,110305,128958,128926,128886,127983,127866,128773,128014,128114,128114,128034,127597
2429,971,1497,2036,2497,2561,2894,2956,3137,3293,3550,3615,3567,3552,3523,3540,3585,3598,3598,3609,3518
2430,15102,35552,56108,75488,83433,94061,93986,105509,126186,126381,126211,126025,126557,126445,126363,126267,125867,125867,125940,126208
2431,1351,1098,1934,2497,3397,4065,4300,5732,8272,7855,8376,8351,7968,8213,7971,7832,7845,7845,8140,7939
2432,30460,41977,63407,75493,98340,110884,114844,114079,143443,143952,144034,142969,142996,142669,144409,142838,143111,143111,143220,142458
2433,696,1092,1396,1683,1808,1912,2069,2854,2714,3206,3178,3184,3200,3160,3225,3237,3191,3191,3246,3233
2434,14160,34061,57611,75300,84692,95852,115557,115102,115075,133484,133523,133122,133678,133151,134086,133467,133362,133362,133289,133364
2435,1669,1502,1925,2383,3619,4378,6336,5970,6224,10193,10576,10645,10573,10427,10276,10701,10612,10612,10445,10355
2436,34942,46788,72137,88715,116831,115927,148771,149993,148494,148927,148712,147006,147064,146873,148248,147792,148701,148701,147588,147996
2437,1019,1302,1805,2080,2275,2587,2951,2921,4173,4080,4180,4237,4134,4222,12618,12670,12697,12697,12778,12812
2438,14980,38623,68651,83879,110029,109587,132187,127770,171554,172454,173022,171177,171344,171397,171682,171350,172544,172544,171212,171559
2439,1592,1485,2325,2902,3724,4090,5239,10594,5930,21622,21368,21324,21185,21302,21382,21389,21281,21281,21133,21707
2440,30570,41762,65989,86992,115659,113380,150597,151303,149413,202222,202282,202864,202714,202305,201905,202774,202454,202454,203650,203557
2441,1024,1116,1878,2287,2564,3555,4236,3896,4085,10738,10575,10677,10565,10819,10526,10868,10471,10471,10483,10420
2442,14810,39694,69872,96682,110210,132244,183455,185468,185539,180044,180854,180107,182932,180650,181397,180095,179947,179947,179860,180939
2443,1623,1619,2474,2898,3191,3446,3875,6329,6153,24683,24653,24823,24611,24054,24899,24494,24578,24578,24320,24704
2444,31292,43710,76236,105205,119391,139302,143487,186890,186473,239209,245222,238753,245568,242344,246085,241751,243266,243266,242429,245990
2445,1185,1241,1412,1979,3426,4936,9759,13852,13851,27126,26709,27136,27035,27026,27140,27104,27206,27206,27024,26941
2446,15793,42796,75664,100347,135286,135766,158767,215609,218949,212454,212428,212557,215528,215832,211982,209965,210229,210229,212376,212611
2447,1489,1234,1867,2478,2726,3129,3973,4055,3905,19968,20183,20090,20056,19859,19583,19459,20052,20052,20077,20310
2448,33908,56202,89137,119278,133848,157536,143444,182477,184965,244146,247152,244606,250233,247727,245405,239566,240246,240246,246778,247122
2449,1096,1182,2519,2831,3224,4435,5778,7389,7284,16258,15637,16130,15719,15965,15634,16664,15910,15910,15956,15859
2450,14205,33484,82825,104710,140550,140136,165081,220921,222682,226499,226696,226514,226693,222412,226689,222304,218817,218817,226805,226373
2451,1190,1220,1898,2507,2659,3251,4956,6047,5825,25275,25122,25454,25287,25268,25148,25333,24923,24923,25155,25236
2452,33951,42087,78143,99394,113692,134017,129323,167360,167669,229686,229782,229283,230339,228641,230365,229290,223991,223991,230019,230843
2453,1209,1698,2311,2759,3031,3243,4234,5583,5717,13695,13113,13342,13204,13372,23294,23330,23401,23401,23263,23270
2454,9879,30445,57124,79282,110202,109998,127484,175633,175829,180684,180221,181019,180328,180442,259940,264108,259651,259651,263494,264126
2455,1164,990,844,1157,1639,2113,3757,5068,5035,20657,20637,20033,20840,20357,31605,31192,31846,31846,31917,31018
2456,24718,42866,59362,82580,96042,110844,110106,144499,144778,201907,201362,202008,200974,201874,198758,201494,198702,198702,201286,200531
2457,1072,1290,1727,2283,2811,3689,6714,4253,13834,10080,10058,19614,19547,19528,19778,19675,19736,19736,19595,19510
2458,9691,33406,59900,84882,104449,121118,121288,164157,164137,164907,164748,236490,243453,235835,239292,236186,239057,239057,236164,235605
2459,1443,1839,2490,3111,3815,6135,12326,7512,23034,22446,22741,18227,35075,34936,35226,35140,35351,35351,35191,34936
2460,21852,41163,59662,74988,86539,134800,138923,136895,191131,194822,194587,195302,195996,195447,192132,195504,192594,192594,194890,194841
2461,915,1369,2104,2679,4750,4381,4374,12986,9164,8918,18190,18180,18314,18232,18141,18383,18260,18260,18343,18254
2462,10876,37181,66964,86777,106525,170589,170573,170709,169751,170234,242568,241912,242013,242751,241303,241885,240971,240971,242019,240929
2463,1498,1862,2310,2611,3678,4016,6844,6573,22742,22580,17134,16605,37131,36772,36265,36895,36248,36248,36914,36529
2464,23613,44434,63534,82322,113697,114321,153392,151777,206956,213322,215982,213644,213437,213096,208965,213858,208255,208255,216700,212665
2465,848,1601,2262,2671,3173,4373,5756,5143,10841,10420,10355,10464,23410,23322,23622,23357,23039,23039,22872,22854
2466,12734,42096,75047,94929,116833,136061,188529,188647,188123,188619,188528,188383,272703,285033,266558,284928,265675,265675,284984,265451
2467,1245,1324,1902,2284,3546,4590,6589,6876,27823,27588,26437,27110,17549,18002,42355,41513,41816,41816,42269,41297
2468,31409,49344,76401,106317,148052,187062,188677,190512,270102,271170,274050,271842,265640,270792,259617,271786,254900,254900,270809,254861
2469,942,1448,2321,3436,6741,12032,17469,17474,37931,33352,33503,33320,33211,33314,52454,53546,52558,52558,53404,52454
2470,16972,42257,73432,103820,142219,170149,231523,237183,240050,237992,238068,237954,242377,242562,346246,358545,348294,348294,359073,347642
2471,1016,1087,1744,2570,3529,4549,6773,6595,30028,31496,31095,31232,30681,31217,20027,20442,19524,19524,46839,45702
2472,36234,50243,80955,120166,169899,222114,220828,224176,316085,318634,320458,317634,317276,316209,317113,317450,313602,313602,317164,316462
2473,998,1478,1873,2631,3198,3842,6568,6965,16488,16491,18370,16409,18100,16785,17921,19062,16611,37718,38245,37083
2474,18461,43843,70648,120556,166232,197617,268513,269740,267470,273896,274074,280785,268475,279008,269118,268855,274948,384681,405949,385708
2475,1025,1122,1389,1744,2592,4648,7513,7060,37059,35331,36532,34033,36980,33854,37811,36983,35200,24573,23769,24310
2476,39715,59717,88712,141025,184893,264910,261421,262010,368060,366894,376124,372544,367550,371365,369220,368030,356076,356076,373043,357582
2477,773,964,1088,1360,2055,3587,5972,5811,18084,18177,18585,18408,19053,18565,18565,17920,18766,18766,18134,42810
2478,21361,46398,73692,117339,207084,258451,329137,343831,336295,336505,346102,336283,336000,345787,336093,345610,343099,343099,336434,471292
2479,698,976,1361,2320,2917,6446,8929,9403,42094,41268,40724,41459,40704,40907,41597,41019,40859,40859,41447,26040
2480,47209,71590,90997,135370,175366,328480,317476,327092,438632,452669,459027,448713,441293,458368,439780,458978,458852,458852,453639,440683
2481,805,857,959,1472,1730,1947,5117,5551,17650,18962,17792,17931,16774,17718,18338,16891,18102,18102,17245,18175
2482,19662,43004,69228,97768,133049,160430,385403,380760,396926,391939,396650,386951,400315,399201,395887,388186,380948,380948,393994,389710
2483,840,808,1179,1818,2090,2293,2569,9293,40237,42143,40694,40497,39520,41105,41265,40658,42370,42370,39615,41991
2484,48601,76205,92147,120408,153577,165315,219492,372274,388543,541298,545543,528769,546101,543709,539453,530642,530100,530100,542648,536292
2485,742,929,1117,1405,1675,1817,2072,7410,7953,22055,21554,21851,21397,22340,22418,21946,22023,22023,21881,22200
2486,18246,41645,60113,83774,109550,131266,166502,438547,433238,455484,454449,441908,445608,454252,455139,441792,441274,441274,446204,454156
2487,809,842,992,1233,1561,1641,2038,2175,2473,7530,44881,46199,44446,45283,45758,46211,45704,45704,44847,45850
2488,52464,79924,96965,116687,142229,168203,195039,259157,247514,449413,604272,602155,605001,605829,604481,609102,611964,611964,604219,600402
2489,616,852,1051,1271,1448,1848,2188,2369,2540,2807,18974,18800,18987,18777,19244,19160,19068,19068,18267,19205
2490,38521,71684,94714,109921,128775,153667,173465,189500,223569,246075,419273,419273,419273,419273,419273,419273,419273,419273,419273,419273
2491,459,788,911,1146,1339,1664,1861,1974,2139,2460,18029,18029,18029,18029,18029,18029,18029,18029,18029,18029
2492,12845,36661,56317,77823,93967,118194,143465,171929,185381,207547,452000,452000,452000,452000,452000,452000,452000,452000,452000,452000
2493,547,880,1156,1424,1774,1973,2276,2318,2783,2750,3065,31187,31187,31187,31187,31187,31187,31187,31187,31187
2494,63974,103818,121503,136146,161578,188242,252529,264967,288265,325313,396688,682063,682063,682063,682063,682063,682063,682063,682063,682063
2495,452,620,736,838,929,999,1220,1323,1462,1515,1731,36806,36806,36806,36806,36806,36806,36806,36806,36806
2496,14281,35601,53329,71530,89380,101683,121199,154774,174291,194364,240087,516653,516653,516653,516653,516653,516653,516653,516653,516653
2497,627,743,909,1054,1247,1421,1596,1708,2178,2378,2131,7238,43016,43016,43016,43016,43016,43016,43016,43016
2498,60236,85453,103305,111833,125972,155571,194719,208809,202528,222618,278402,506297,679311,679311,679311,679311,679311,679311,679311,679311
2499,492,747,927,1127,1277,1443,1815,1926,2232,2323,2554,3028,23274,23274,23274,23274,23274,23274,23274,23274
2500,15553,33363,51224,69464,87436,100382,116504,137659,165832,182733,219050,276428,520111,520111,520111,520111,520111,520111,520111,520111
2501,567,742,905,954,1088,1245,1822,2013,2249,2276,2501,2725,3233,42761,42761,42761,42761,42761,42761,42761
2502,48807,94551,113738,123507,138976,155627,163218,204613,240959,259838,245537,310183,330067,683063,683063,683063,683063,683063,683063,683063
2503,583,765,964,1219,1423,1740,1860,1912,2057,2202,2426,2570,2676,3620,24014,24014,24014,24014,24014,24014
2504,13736,26593,47792,65225,82455,95201,111763,127944,152694,162942,194244,240749,237671,393524,517681,517681,517681,517681,517681,517681
2505,571,776,889,1070,1231,1401,1609,1783,1862,2143,2043,2292,2604,2735,43910,43910,43910,43910,43910,43910
2506,63252,92449,111182,125393,141793,162516,161415,204748,231143,251581,293400,272548,302999,327831,672219,672219,672219,672219,672219,672219
2507,573,658,830,1011,1222,1321,1446,1464,1572,1706,1739,1878,2049,2076,3030,21730,21730,21730,21730,21730
2508,15539,28566,49803,71703,89698,100869,121770,138311,164962,176114,205716,225848,250823,254443,405701,537204,537204,537204,537204,537204
2509,736,684,954,1265,1236,1381,1946,1939,2387,2797,3219,3398,3412,3792,3428,44734,44734,44734,44734,44734
2510,54879,88801,108382,119777,129414,143481,166552,165194,209666,244931,270801,285754,264817,297829,319641,657148,657148,657148,657148,657148
2511,530,538,603,754,733,801,1107,1193,1194,1312,1347,1437,1606,1683,1733,2346,21749,21749,21749,21749
2512,10932,17542,34304,53054,71249,86306,99128,113489,130123,151328,180749,180408,225803,258208,257159,366470,482386,482386,482386,482386
2513,585,800,1160,1357,1769,2108,2309,2847,3077,3495,3387,3819,3243,3549,3554,3840,45433,45433,45433,45433
2514,60681,77662,111660,122007,135373,149712,186189,239748,244291,272346,284001,327151,335833,329209,361585,389069,668410,668410,668410,668410
2515,498,580,812,1013,1257,1328,1435,1589,1494,1765,1833,1811,1907,2004,2225,2413,23718,23718,23718,23718
2516,6019,9119,19968,35010,50075,62054,74686,86391,94697,113839,141401,139717,184024,183112,211648,257333,407718,407718,407718,407718
2517,677,832,1215,1500,1985,2339,3248,3249,3837,3972,4737,5115,6437,6821,7901,5423,9103,42212,42212,42212
2518,34692,41201,63996,84558,107896,162482,186203,185349,212874,251991,309793,275924,401923,422625,350906,372748,480193,725425,725425,725425
2519,432,550,793,1220,1332,1748,1922,1955,2355,2431,2528,2964,3177,3385,3782,5197,4782,28515,28515,28515
2520,6110,9814,21357,40599,55149,68396,87021,94026,112972,125829,138679,158954,183125,211474,258602,259200,263568,425459,425459,425459
2521,594,729,1027,1328,2292,3058,3522,4203,4556,5444,6527,6953,8177,6469,6603,6685,6586,39950,39950,39950
2522,35472,61986,86451,110551,143862,170498,169277,197008,240832,285920,288101,308531,377685,389899,409596,345180,359479,717781,717781,717781
2523,486,646,901,1233,1641,1865,1942,2054,2156,2227,2332,2486,2536,2689,2838,4047,3771,3108,23423,23423
2524,6639,10385,21775,41127,55289,68518,86953,93381,110945,111215,137774,155961,180563,179851,209797,257667,259344,256553,415104,415104
2525,617,758,1097,1460,1749,2505,3129,3763,3540,4143,5241,5823,7033,6970,8097,4983,4988,10928,46320,46320
2526,32543,60140,84337,105640,137030,163771,170352,220237,236253,285815,343868,297140,379477,389919,396823,429032,393060,368292,750210,750210
2527,530,646,864,1093,1414,1511,1682,1736,1998,2073,2139,2136,2126,2464,2553,3049,3512,3520,23840,23840
2528,7544,13202,27097,50290,69070,89085,103844,113828,122504,134620,149467,197174,192753,192239,222861,271259,276049,272921,443677,443677
2529,569,841,1288,2021,2523,3309,4188,4233,5417,5867,6821,6181,6281,9241,11056,7829,7416,15584,12437,51963
2530,47931,61524,85607,114117,134315,159781,184678,223655,285213,282299,347094,349839,310395,392181,404337,418898,362819,523203,514956,768612
2531,541,654,868,1132,1238,1536,1736,1842,1809,1842,1932,2171,2232,2539,2705,3212,3908,2861,3506,23794
2532,7946,14427,29295,52937,67696,87597,110853,120321,119860,132109,146229,187888,190055,189317,219396,263210,268409,266769,267617,434938
2533,418,631,1019,1411,2258,2739,3412,3608,4910,5050,6032,5395,5501,8016,10393,6459,5944,12268,12366,46736
2534,48586,59327,86221,117408,152419,171097,231225,234333,295763,294400,351594,366851,369115,408477,419433,431758,463351,556250,557963,796922
2535,447,686,949,1299,1510,1699,1746,1875,1907,2012,1990,2346,2400,2636,2871,3168,3121,3015,2989,4191
2536,8310,14614,32945,53833,65991,89700,102524,121275,120771,131989,130922,164959,191809,190003,221371,272584,269503,269765,269575,330129
2537,670,989,1370,1631,2003,2439,3192,3318,4063,5178,5146,5852,4736,6852,5835,6096,6175,6338,11776,8632
2538,43961,59619,86123,96891,128494,162098,200767,252239,226837,277162,279242,333073,345089,427230,390438,403796,423487,370340,381984,383791
2539,460,680,885,1214,1456,1655,1713,2038,2183,2200,2215,2540,2774,2919,3189,3728,4675,4823,4767,4745
2540,8629,15887,34501,57063,72464,94327,107950,116774,127528,140973,140780,175096,198975,201396,231698,287991,285635,286931,286986,288082
2541,709,890,1275,1524,2372,2644,3282,3872,4669,4654,5483,5692,6270,8957,7037,5137,6984,7116,15477,14863
2542,40085,52982,83019,95175,127724,150340,189060,217383,223597,266092,269384,272578,333749,407486,407134,305602,404962,434295,528498,517659
2543,550,824,1076,1369,1874,2026,2076,2108,2261,2360,2400,2623,2654,2636,3201,4887,6149,6499,4994,5022
2544,8617,16487,33547,51571,65416,84741,96996,96963,113263,124701,138333,156072,179135,177537,203760,257855,254099,251104,252629,252506
2545,743,931,1301,1470,1778,2127,2359,2397,3090,3566,3887,4813,6491,6471,8939,6514,15085,15711,14972,14907
2546,36392,50644,77015,96076,122296,189970,190831,190186,234794,227610,298786,301578,373864,361890,369172,398908,492623,558285,461031,479010
2547,634,818,1029,1262,1436,1603,1792,1835,2091,2257,2194,2250,2280,2600,2809,3354,3590,2991,3759,5555
2548,9676,18411,40103,59177,74834,92371,104182,113325,122660,148399,148150,189475,187273,183777,210886,262548,262261,260060,262960,316120
2549,595,909,1373,1597,2284,2685,3491,3997,4861,5263,6459,5828,8785,8740,11805,8762,8401,17263,18030,13803
2550,36871,67234,96442,103635,135064,158158,169420,224701,277682,278549,285340,302047,376560,375413,364554,391315,358119,498513,578013,486282
2551,579,801,1109,1359,1495,2176,2342,2499,2564,2700,2781,3101,2982,3237,3420,4166,5032,4159,4569,5848
2552,9548,18705,37972,60276,72672,88290,106745,116687,125046,150368,150873,196363,170977,195875,223390,273252,268661,275112,269546,328105
2553,570,841,1403,1594,1918,2262,2986,3212,3431,4161,5118,5032,5823,7327,10272,7030,7304,7176,15856,12753
2554,36504,72998,103140,110619,141006,151485,171763,220679,234923,284018,320179,280884,295802,371541,374881,372338,392110,371833,564604,479980
2555,383,432,553,615,774,881,1107,1085,1155,1225,1223,1827,1515,1766,2283,2746,3792,2832,2883,4867
2556,9900,17912,37026,57410,69475,81139,100818,106759,122665,133319,146601,188959,165361,188278,215132,260506,259752,261730,259735,311794
2557,524,750,1192,1498,1979,2351,2828,2906,2980,3901,4725,4258,5362,6984,11112,7462,18291,17428,16101,13042
2558,51419,63572,92677,118166,129984,158078,175894,197731,237976,282696,345390,337245,292824,371225,373064,378735,577818,501799,517167,501391
2559,549,769,1141,1388,1795,2140,2299,2657,2737,2836,2945,3484,3468,3737,4673,4490,4160,4234,5197,6923
2560,9900,18326,39090,61884,77821,95392,114614,124458,132723,144794,161562,209205,206102,206705,295407,295129,292756,291344,293029,354490
2561,656,956,1308,1488,1701,2347,3071,3746,4353,4632,5248,5331,6954,10449,6554,6862,9583,9979,9566,16558
2562,51739,64127,85504,101322,124278,126477,197080,189611,234414,276506,276743,298995,340017,368737,388828,310510,390845,419166,397765,529258
2563,579,833,1059,1410,1863,2040,2106,2197,2304,2346,2422,2587,2629,2808,3032,3636,3784,3391,3928,3598
2564,9980,19728,36068,60753,76276,93389,110624,119753,129032,141422,156836,174989,203747,201401,231731,279500,276927,275436,277614,277944
2565,662,923,1454,1642,2255,2548,3028,3276,4093,4110,4475,4704,5489,8206,5963,5927,6096,6352,13530,14148
2566,46729,61269,83856,100781,124329,141999,207789,222244,236113,276897,278903,281026,356966,406855,369888,394816,394534,418544,520359,522757
2567,562,761,940,1180,1450,1530,1572,1728,2051,2096,2184,2240,2296,2661,2975,4124,6806,6941,5514,5536
2568,9824,19546,35335,59646,74829,90757,101771,119100,127447,138174,153726,170211,193040,191044,217376,268825,269703,264150,267841,268362
2569,727,910,1349,1614,2466,2755,3662,3620,4651,5981,6518,7327,6101,8691,11145,7391,7709,16951,16205,15797
2570,44545,60865,82809,97990,117027,141506,181029,218497,215910,257699,315285,317987,316528,399131,381342,351516,375124,547214,539383,504714
2571,622,801,986,1230,1472,1562,1715,1854,1813,1963,2025,2386,2661,2366,2790,4139,4140,3132,3718,5163
2572,10533,21315,38699,65420,82635,104322,110593,128929,138238,150868,167134,215598,212656,212372,246225,300493,299857,294611,297584,357038
2573,696,990,1411,1541,1912,2200,2426,2726,3747,3948,4100,4279,5626,5481,6772,5354,8158,8331,7872,14644
2574,43210,62285,83104,93753,112991,154666,173357,188312,217668,255864,266579,270954,326179,319017,419228,337039,396921,396002,408862,500964
2575,688,924,1037,1273,1381,1476,1467,1542,1646,1756,1756,2103,1881,2079,2137,3162,3823,3831,3386,3009
2576,11324,22670,41215,71021,84644,105817,112145,136707,146375,158187,176431,219843,223088,217790,252288,304665,310371,303341,308906,305203
2577,782,1044,1433,1415,1797,1914,2337,2987,3550,3919,4074,4623,4290,5972,7247,6213,9491,9478,9523,19322
2578,45927,74143,100301,109417,131800,159641,182706,203385,231057,263318,235641,280439,290086,342552,410071,372687,394767,424805,420847,544711
2579,577,790,1023,1289,1462,1576,1950,2020,2515,2523,2671,3341,3139,3437,3293,3941,4102,4244,4943,4676
2580,35987,56914,94762,121130,140751,164326,180850,190546,214283,228418,248916,267974,297372,297372,297372,329838,383626,383626,446397,446397
2581,433,559,768,916,1119,1156,1525,1639,1797,1891,1946,2395,2262,2463,3192,5546,6758,4388,5459,5459
2582,10545,17809,34936,59689,79503,89113,99827,113180,139015,150007,160780,197044,196382,222486,222486,308765,304221,304221,306743,306743
2583,498,692,1190,1670,1889,2417,2519,3160,3447,4132,4508,4362,5427,7203,7203,6106,6168,6168,14485,14485
2584,56843,103617,121848,145332,164150,177724,187850,232091,321268,380511,373670,282307,375900,445187,450902,458418,474561,427887,568311,565236
2585,475,615,758,1165,1269,1288,1592,1709,1919,1935,2198,2496,2396,2508,2766,3202,3941,5661,5065,4969
2586,12119,19400,35926,61299,78110,94226,101551,126122,142307,152163,165887,204157,202611,230986,231336,261600,313232,319260,316160,319178
2587,611,830,1144,1484,1565,1868,2323,2337,2757,3199,3896,3679,4995,4191,5374,6382,4763,7311,6907,7241
2588,74459,74685,98723,115326,124618,147837,187103,176315,216868,267507,322218,353522,342945,280645,364875,378830,370631,466949,433122,379546
2589,466,578,832,1163,1302,1484,1763,1951,2345,2313,2405,2679,3073,3470,3866,4348,5621,5122,7590,7421
2590,11615,17193,33557,52530,72211,87132,94533,115458,132083,132221,142429,171052,190618,216260,216372,251303,303616,303288,305358,306522
2591,617,743,1052,1342,1530,2102,2390,2924,3153,3028,4429,4084,5033,6081,11543,7805,5808,9831,10218,23214
2592,67302,63799,88710,104348,122857,139625,187077,226160,241696,237643,281276,296270,296137,369273,357969,329386,341686,398725,340000,588076
2593,532,668,970,1275,1543,1871,1907,2011,2069,2189,2264,2443,2799,2758,3095,6071,8307,4672,7849,5826
2594,11108,16530,32206,55333,73522,86977,90244,111037,127548,136840,137303,164357,207051,204996,208548,293203,292669,289118,290626,285587
2595,656,748,984,1308,1468,2175,2576,2742,2949,3335,3962,4876,4649,4713,7329,3827,5596,5284,13273,14061
2596,46490,53600,76521,94319,106558,160150,153662,199757,207015,208063,260305,262987,315943,325408,418892,353437,384248,374304,571836,563906
2597,596,738,863,1102,1464,1483,1610,1756,1827,2067,2110,2361,2390,2708,2846,4335,5501,5567,3461,4241
2598,10402,16915,30643,51822,73407,82714,94128,111036,128309,128121,139433,170873,189774,190273,193028,264161,267011,266630,264836,262548
2599,614,748,1214,1565,1631,2589,3643,3839,4044,4690,5111,6616,8098,8051,8109,8055,7822,18827,15183,16104
2600,41050,69759,90357,117241,132886,155480,171190,193898,250030,295582,227272,310293,362720,373963,400672,393334,341693,525222,552047,525387
2601,568,677,856,1067,1130,1851,1942,1947,2168,2166,2251,2659,2602,2965,2886,3398,4469,3971,3803,4054
2602,9942,15670,29120,52820,68514,82760,101620,107491,123806,122871,148289,186531,186034,187397,185408,260558,262287,258389,259570,259661
2603,707,919,1187,1757,2330,2854,3432,4138,4457,4946,6564,6219,9285,9398,9265,7570,17484,16838,17426,16957
2604,34325,58483,79441,104707,128879,146199,155314,212699,238846,279482,339987,276967,339223,360763,366772,364780,542020,496942,500230,497570
2605,592,680,856,1082,1237,1502,1640,1636,1656,1733,1783,2180,1945,2058,2384,3079,2528,2735,2760,3334
2606,8767,13844,25505,46227,63594,78824,94362,101039,104887,108531,127823,163280,162135,162626,188357,229790,225597,230484,228439,272184
2607,630,804,1231,1988,2272,2512,3228,3500,3599,4110,4655,6796,6712,6398,9204,15017,14029,14127,14533,32646
2608,41273,52779,70716,90309,123914,132773,192191,175508,183986,226656,272587,355500,338700,298929,309354,429438,496533,476507,418122,387406
2609,493,606,862,1257,1540,1904,2033,2484,2476,2549,2771,3817,3877,4646,6466,9126,7250,7999,13012,21276
2610,8261,13153,25581,48246,67541,82152,91370,108276,105335,115765,128041,162510,162084,189396,234247,233479,231062,230287,286775,379861
2611,594,653,1160,1404,2243,2578,3807,3649,4353,5064,5536,7731,7624,10673,6008,15753,14955,14845,35354,15695
2612,38698,44651,64481,88542,110996,144226,210886,207107,206069,209025,218139,334642,332334,332576,301291,408584,417469,485948,400873,398011
2613,540,658,969,1360,1924,2008,2129,2222,2275,2439,2897,2921,3342,5502,9225,7889,7803,6482,12982,19667
2614,7873,12612,24780,47568,67241,80837,91548,108276,107830,130664,144129,165433,167904,231714,237063,234850,231493,233908,285467,397667
2615,777,904,1407,1993,2808,3713,4260,4068,5079,6525,7370,9277,7964,7775,7118,14241,14401,13952,28014,12027
2616,37757,43960,63257,85196,119602,128797,161790,208375,211413,256594,252871,314915,311682,348885,278959,395856,414284,437399,410488,406579
2617,584,745,971,1222,1527,1790,1855,2108,2220,2410,2502,3070,3734,4686,16787,7017,10619,6553,12046,18164
2618,7927,15347,29986,52361,72507,95001,103911,110762,132702,133779,173585,171697,198529,242682,289822,240814,292472,243649,294584,401360
2619,610,815,1507,1744,2565,3412,3975,4855,5038,6038,5838,8738,6442,7381,6928,14887,12120,14646,32698,17622
2620,33953,45331,65388,85732,107934,171719,191422,237354,205217,201993,262009,319941,319755,326708,332212,456927,430081,441241,432064,427916
2621,547,720,978,1198,1952,2169,2307,2095,2324,2958,3456,3320,3687,6235,6800,5502,5658,8641,9593,15636
2622,7940,16073,33640,55406,76931,93275,102181,109445,131622,147617,172207,168521,195506,239484,235112,238719,238838,290042,293419,402880
2623,640,1007,1543,2120,2410,3145,3758,4559,3975,4491,4642,7550,5662,6671,17220,14828,15498,11509,29253,15581
2624,34251,56302,85169,107287,142230,179076,192336,229778,239779,238459,260399,329039,326962,329920,477598,512931,436863,440622,444173,438434
2625,679,837,1127,1330,1436,1492,1522,1603,1773,2075,2206,2137,2424,3201,2751,2729,4133,4038,7953,7787
2626,7740,17211,36259,56213,78719,94507,102036,109926,131182,165389,171003,169599,196818,243639,241944,241177,242711,241780,298402,297761
2627,716,1028,1503,1968,2270,2895,3994,4963,4836,4600,5746,8885,6908,7675,7249,7214,16044,14996,11731,31849
2628,34003,66008,91085,116282,139410,164232,191100,230543,266721,262366,288128,336198,339295,333438,340496,333019,454780,458327,458699,456003
2629,551,768,1204,1428,1881,2057,2418,2443,2761,3279,3504,3371,3661,4377,5495,5523,5053,5023,14760,8524
2630,8220,18082,37038,56127,72496,89180,101849,109835,130392,166257,168788,168407,196234,241148,239427,238371,238442,237101,402071,291177
2631,725,977,1403,1671,2546,3300,4223,4945,4988,4851,5749,8285,6374,6595,6609,14900,13546,14064,13015,31666
2632,31123,63474,85554,101568,129530,156159,173135,222713,231322,227961,305705,303511,301508,329169,329015,440580,438746,440616,441436,437004
2633,430,616,725,1011,1252,1313,1424,1484,1786,2080,2026,2197,3944,3908,6432,5433,5491,9481,9198,15966
2634,8105,17725,36188,56328,77843,88443,101218,109386,129868,164653,162723,164647,236556,236521,235854,234741,236422,289894,283425,393157
2635,700,894,1543,1768,2002,2855,3788,4282,4787,5851,5922,9276,5240,7167,7667,16031,14825,11966,31148,15072
2636,34695,57323,78374,93996,119829,151293,203329,175327,228716,272746,270269,336468,272065,300637,325747,441843,443888,447552,444084,443688
2637,622,824,1125,1328,1621,1700,1881,2167,2437,2548,2822,2867,4846,7068,7233,5949,5757,10138,14755,16068
2638,7498,15885,35148,50801,70346,80646,92862,101288,123590,157885,157097,157427,220361,226961,225201,228713,227601,283424,387236,393044
2639,763,973,1612,2431,3288,3981,4568,5618,6948,6757,9439,8944,8483,8053,14417,14426,13745,10621,11827,11415
2640,41555,49539,71962,93036,124158,132074,200293,216713,235119,228391,297583,325297,325535,301745,398226,403416,391970,392236,391597,393005
2641,594,778,1082,1360,1733,1912,2024,2066,2276,2638,3139,2940,4540,7369,6202,6232,10296,10393,15715,15870
2642,7735,18416,40563,60123,79154,91267,97532,106241,127099,164223,164436,162172,232172,233845,235496,235204,291547,289907,400481,402904
2643,718,1056,1841,2210,2600,3519,3918,5008,6548,5998,5885,8763,5338,7227,15125,14783,10349,10421,7106,15416
2644,38550,60342,80952,104103,136023,145067,192160,269034,262044,262456,254954,320213,267062,363870,442336,443160,438899,438597,318833,439170
2645,636,830,1135,1336,1457,1571,1519,1609,1764,1931,2432,1935,3485,3339,3331,3008,4151,7031,22447,6845
2646,7606,16639,37320,56486,75018,90162,88815,103008,126799,161972,162496,161036,230951,229546,235169,233884,232821,280592,287181,281350
2647,758,968,1683,2148,2539,3398,3602,4257,6005,5902,8457,8634,5357,7218,6844,15556,15701,11398,30638,28980
2648,38389,55967,80942,104663,124627,159431,169914,195300,255744,254157,322561,328629,272206,330078,334377,473126,462821,456189,451343,453202
2649,534,831,1269,1486,1863,2093,2470,2441,2808,3264,3362,3346,4407,4149,5844,3991,5450,7240,11746,11551
2650,8902,20367,44182,61415,80367,96112,102706,110437,134044,170018,171187,169665,243345,243054,242035,242966,244138,296339,412523,413518
2651,669,1024,1226,1512,2024,2636,3182,3809,3649,3638,4338,6644,4260,5600,5818,5729,11888,9126,11638,12092
2652,38006,68661,87308,103016,129313,188650,199193,240080,242772,242971,272804,346455,276306,350654,378332,384693,459194,466085,467867,467127
2653,589,925,1262,1746,1994,2126,2184,2332,2441,2880,2916,2718,4181,3737,3523,3606,4165,6259,6127,12024
2654,9554,21846,43471,65341,85514,93278,107500,115605,140177,175327,178242,176921,252159,252845,247213,248339,250313,299580,302558,417736
2655,494,624,943,1151,1363,1968,2472,3112,3896,4045,5237,5189,4392,4173,6787,6821,16159,11095,11098,14083
2656,35738,76387,98223,106524,136087,147560,166112,194627,276798,271603,284108,269411,276249,273011,347428,346295,484959,470395,472817,473972
2657,640,833,1135,1304,1522,1690,1834,2104,2247,2207,2618,2677,3286,3231,3939,3105,3362,4450,4469,4186
2658,9126,21497,42851,58657,70374,94485,108244,116539,138782,153261,173348,177699,249523,242737,246769,243958,247468,294747,299241,294548
2659,764,1072,1501,1672,2383,3017,3523,4364,4292,5540,5529,5518,5692,7908,7904,7421,15560,11631,11769,28403
2660,34175,65841,84746,93357,119993,146896,165825,193721,242241,246344,318932,263151,266227,341086,347489,347454,536776,448641,462682,449588
2661,623,821,1078,1259,1766,1832,1971,2070,2075,2382,2496,2788,3426,3301,4022,4057,3283,3520,3593,4873
2662,9424,21692,40321,60774,77894,94855,110231,119166,129119,159677,181956,181961,258283,258417,259584,257495,255365,256323,256336,319184
2663,666,1061,1605,1938,2255,2474,3141,3889,4401,5997,4791,6880,8077,7482,13707,14208,13891,29786,31117,40723
2664,38964,68838,87717,105295,124023,146522,184008,195255,248606,247769,245513,288819,362824,265785,360814,356901,348759,462236,459595,459604
2665,576,819,1089,1517,2038,2175,2302,2348,2468,2810,2843,3164,3434,4072,5606,6183,5922,5190,7841,7448
2666,10026,23924,45783,68700,87766,107855,124106,135724,147921,185537,211476,208981,245714,292696,294495,295558,292958,295397,359729,359367
2667,670,948,1220,1418,1891,2354,3141,3685,4205,3836,3865,4983,5208,4880,6949,5483,6987,15135,9681,10039
2668,62810,90476,105548,123921,140250,173969,231465,226250,259476,258350,305907,329950,383227,347800,420563,349357,424861,545011,542183,534065
2669,509,742,1000,1302,1534,2276,2309,2944,2959,3432,3624,3619,3775,4337,4119,4921,4618,4362,4891,4939
2670,33461,58655,89927,109413,126829,147296,162148,192220,204118,222509,239902,239902,264983,294767,294767,341561,341561,341561,341561,341561
2671,445,567,770,967,1192,1249,1423,1622,1699,1821,1851,2227,2428,3202,4616,3285,3285,3285,6739,6739
2672,12079,21860,44903,77750,91460,104536,118412,154741,165773,200011,197263,251864,252485,345780,345780,339050,339050,339050,414935,414935
2673,516,767,1127,1273,1550,1877,2152,2379,2668,2744,3099,2813,3102,2731,2731,3329,3329,4823,3938,3938
2674,74818,88546,113602,126548,148929,152132,207121,263354,251972,287109,291170,358452,357079,416819,349508,346825,391298,444904,426651,416944
2675,470,558,729,908,1020,1087,1124,1236,1299,1409,1624,1575,1738,1710,2040,2403,2519,3023,3000,2985
2676,12809,21667,39325,62826,79487,89975,105206,128494,150106,175492,191642,212807,245761,243998,280954,337622,340266,338177,338111,337944
2677,559,682,918,1036,1323,1742,1983,2118,2746,2630,2561,2644,2703,3404,3356,2708,3444,3378,5055,13028
2678,65557,90062,113222,125522,142624,170007,176102,223918,237528,258699,259772,284625,332289,343212,386652,385761,360551,337990,449552,582478
2679,481,571,720,1034,1199,1453,1496,1805,1944,2162,2424,2407,2516,2983,3123,3077,3278,3454,3814,3694
2680,13508,20956,38160,64617,81018,92232,102303,122542,140383,163205,196874,195501,217926,247728,281224,283145,344312,340755,337839,342498
2681,573,666,1015,1112,1208,1584,2186,2341,2881,2797,2682,3121,3048,3379,3668,3583,4139,4186,5819,5554
2682,60267,84456,115069,130556,147429,166645,167047,209101,247643,265701,289103,273479,314378,326980,399297,401768,386587,383153,452718,460823
2683,505,548,707,959,1337,1487,1766,1903,1988,2142,2255,2303,2376,2670,2592,2735,3135,3188,3414,3325
2684,14272,20837,37940,64303,82095,92868,107321,128970,146083,170966,204150,203671,225872,256133,257842,294488,347182,350559,348164,351868
2685,501,631,1020,1292,1488,1613,1853,2033,2162,2349,2805,2884,3056,3264,3193,3138,2814,3181,2981,3886
2686,61836,83328,113463,127469,143200,161539,181998,197680,248582,270560,297283,289475,327206,311449,338023,386857,389880,389878,385424,449719
2687,490,553,720,912,990,1055,1192,1306,1429,1578,1647,1738,1805,2237,2389,2783,2934,5314,4975,6931
2688,12735,17644,32585,57402,75418,91260,105664,119851,145598,170217,203407,205181,228053,258143,260202,298321,296856,353817,352913,355988
2689,492,576,886,1348,1441,1702,2169,2489,3215,3316,3327,3888,4193,4221,4271,4072,4126,4287,4264,5227
2690,66572,71299,96032,117241,127148,142896,182604,197301,222958,244394,284969,292452,337817,315763,312672,360053,385870,385429,363333,420895
2691,447,534,701,793,921,996,1214,1432,1523,1737,1682,1787,2019,2084,2183,2222,2168,2440,2988,2739
2692,11453,14518,30722,55111,76501,86651,100026,113400,129447,161617,175975,194997,217470,246527,247245,281936,282855,339060,338276,338813
2693,535,637,908,1345,1560,2059,2151,2566,3057,2986,3203,3234,3390,3277,3789,3430,4264,3668,4676,4598
2694,61715,65269,90922,111663,126258,150119,174819,219988,211405,258030,270496,283061,327768,332646,343043,341620,358337,358104,414662,403003
2695,538,523,731,884,1009,1197,1238,1304,1319,1439,1495,1678,1745,1923,1956,1957,2296,2800,2414,2343
2696,10849,13738,28967,52764,72863,86799,94667,114875,133142,154102,170275,190233,213482,244162,273815,276547,331895,334545,339225,335634
2697,597,659,864,1108,1465,1361,1843,1762,2260,2662,2744,2970,2302,2500,2685,3641,2988,3827,3589,3725
2698,55032,69601,95475,122144,131466,158458,172272,209622,222019,270658,290110,303674,306180,321409,356367,420713,339448,406974,424222,419128
2699,528,518,757,1059,1280,1475,1805,1907,2020,2214,2296,2692,2615,2983,3146,3149,3342,4375,4667,4527
2700,8978,19234,27603,36171,46715,53093,63692,71000,78335,82844,97155,101040,107480,112520,121486,127142,136505,136505,142639,150256
2701,278,390,401,425,455,469,460,455,499,494,490,495,510,511,495,533,517,517,533,543
2702,3643,7214,7561,8116,8719,9558,10448,10476,11302,11250,11350,12112,12254,12348,12164,13279,13268,13268,13325,13073
2703,276,417,432,456,455,519,519,488,549,527,551,532,509,550,555,544,540,540,560,524
2704,29679,67467,68734,68756,68709,70089,67007,65739,68195,67303,65133,64512,63995,63628,62563,62149,61211,61211,60360,59689
2705,380,388,469,484,514,517,512,511,518,536,517,529,534,530,544,547,552,552,534,554
2706,8616,9941,10634,11636,12599,13615,13595,13781,14933,14932,14800,16240,16170,16355,16336,16228,16136,16136,15611,16182
2707,478,498,571,601,648,635,668,635,612,669,627,634,622,685,658,648,656,656,742,665
2708,74265,65522,72466,76636,79130,78075,82150,81625,81105,80872,80001,84091,83500,83795,83400,83267,81908,81908,79629,82059
2709,410,437,509,554,629,633,605,622,693,668,684,719,729,647,664,646,665,665,684,676
2710,12576,14681,18895,21925,24072,25975,28505,28254,30494,30704,30543,32804,32638,32937,32892,33016,32804,32804,32316,33113
2711,495,520,593,686,824,743,894,881,1015,942,844,876,936,913,973,882,888,888,939,850
2712,83764,69992,78163,88240,87485,92449,96067,95535,95600,96223,95561,99652,99636,99775,99222,99893,99517,99517,97133,99461
2713,529,772,845,978,957,977,1029,1069,1074,1065,1145,1137,1176,1212,1242,1193,1211,1211,1189,1217
2714,14809,24284,35463,42172,45042,47875,51298,55179,54614,54762,59285,59154,59311,64075,64307,64181,64010,64010,63526,64050
2715,676,1001,1281,1373,1387,1444,1500,1441,1519,1612,1593,1602,1644,1633,1553,1710,1694,1694,1619,1637
2716,63783,78452,93274,97569,101802,101954,106798,112832,111636,112329,112414,123804,124190,123979,123804,123816,123334,123334,122489,123176
2717,584,799,900,1002,1041,1270,1174,1202,1236,1254,1274,1182,1243,1236,1281,1278,1289,1289,1179,1200
2718,15217,39484,55921,68728,71695,78193,83049,86047,86333,85922,90508,90531,90455,95085,95836,95299,95713,95713,94889,95779
2719,545,880,1205,1433,1889,2314,2661,2596,2836,2734,2850,2760,2933,3412,3340,3289,3244,3244,3255,3282
2720,57293,82171,98362,108635,135416,143096,156860,166786,166072,167364,166752,164771,164469,179109,177865,178418,179019,179019,179334,178648
2721,599,837,1072,1015,1216,1699,1954,2008,2091,2014,2000,1951,2003,1981,2154,1940,2251,2251,1981,2229
2722,14513,41437,50488,67906,82896,106761,114479,124190,123586,134615,134813,134741,134190,133459,133757,133563,147451,147451,146694,146722
2723,685,1028,1462,1771,2372,2985,3910,4227,4398,4752,4681,4607,4497,4538,4614,4543,4870,4870,4600,4782
2724,54629,91705,108418,137671,179155,210855,232366,261731,261851,311857,261118,261598,262571,261691,259947,258956,305493,305493,304617,304002
2725,624,885,1039,1150,1248,1345,1409,1490,1407,1595,1621,1756,1760,1819,1773,1772,1961,1961,1914,1871
2726,13042,38129,53648,69581,92050,121558,130867,158776,158176,175685,175247,202740,202767,203737,200674,202742,202440,202440,203457,201986
2727,743,920,996,1179,1370,2198,3253,3574,3970,4315,5739,6951,6576,6456,6574,6425,6922,6922,6940,6633
2728,69911,99021,116899,145853,187808,201012,239968,272195,318607,318968,369666,434162,436184,441065,434645,436284,434120,434120,442302,434856
2729,551,898,1493,1475,1993,2175,2266,2485,2564,2676,2717,2911,3098,3524,3597,3975,4085,4085,4058,4026
2730,14418,34664,75874,78204,111785,139653,150598,167283,185901,212033,211898,210879,244602,298947,297385,293741,297589,297589,297658,298311
2731,618,848,1294,1262,1878,2296,2821,3245,3603,3569,4250,5187,5240,4584,6153,6081,5899,13900,13446,13134
2732,71599,86083,133894,131169,179279,193410,230549,230910,260995,308256,308143,354008,427190,359427,423236,421259,431411,576453,583419,582534
2733,415,424,836,941,1224,1407,1434,1627,1693,1817,1724,1841,1926,2413,2352,3371,3434,3000,2979,2927
2734,11530,28454,66992,69694,103103,139801,154469,172709,188397,221092,218496,217550,250597,313301,309404,310096,307757,310296,309670,310697
2735,520,735,1047,1347,1675,2287,2603,3297,3337,3715,4764,6409,8593,5968,5551,10145,10180,9119,22415,21808
2736,67137,88820,112376,129544,162498,190574,206453,228621,258577,305341,304587,352300,349401,361479,356979,431894,434736,423894,560973,573359
2737,578,768,1026,1109,1295,1631,2110,2092,2121,2369,2320,2426,3186,2916,4336,3695,3756,3406,4612,5604
2738,11098,29522,61547,72022,105918,141842,170504,171380,216000,218859,214595,251071,301970,308558,308980,310340,308638,305592,372394,378548
2739,482,781,1126,1370,2004,2891,3320,3664,3609,4003,4448,4285,5063,5030,6718,6367,13289,13434,8655,8849
2740,48533,76770,94298,106892,135719,172639,208835,206969,276718,279739,274500,316086,321917,321939,404958,390427,535194,531926,530337,529595
2741,636,912,1128,1143,1651,1956,2160,2414,2788,2732,3097,2829,3405,3440,3861,7941,5330,5299,5300,5551
2742,9562,30832,51456,72497,100896,137417,167159,189360,215414,216833,244986,248248,298428,303270,309072,378965,378058,378334,378428,380108
2743,641,968,1270,1736,1907,2682,3300,3320,3877,3899,3857,3820,4163,4049,5112,6115,6456,6379,6746,6525
2744,48274,83947,99589,123426,144955,179100,210894,241469,274360,273778,319961,325156,324208,326684,399293,529655,398994,403435,399560,394928
2745,620,711,903,1020,1215,1443,1650,1709,1903,1900,2001,2397,2494,2629,7852,4578,7998,8063,6473,7959
2746,8917,26313,42312,65569,90216,129274,155396,174294,201329,198900,228710,278159,279050,277375,347055,341218,349756,352255,348490,349822
2747,604,962,1086,1254,1700,2723,3599,3314,4191,4157,4030,4192,4212,5059,5964,5620,5498,5549,5670,5313
2748,47539,92551,104503,127702,159843,200567,216874,244825,282174,282562,326756,326594,327654,386877,522649,369985,381332,385431,380213,382251
2749,610,734,1001,1867,2020,2293,2626,2741,3186,3458,4167,4139,3926,5466,6794,10390,10468,10044,9634,10145
2750,8877,27045,43168,83860,95974,127993,153519,172466,198857,230060,271636,273806,275728,278828,338252,344369,347054,349610,340251,345318
2751,591,946,1143,1780,1651,2439,2907,2839,3654,3757,4243,4133,4102,5453,5215,5633,6001,5414,5950,18983
2752,49884,91956,103891,151602,148000,201378,219549,247348,290305,334494,332116,328704,329462,396389,366573,376707,378427,382259,373573,518383
2753,673,949,1180,1826,2049,2417,2482,2562,2902,2965,3555,3520,3527,3942,8173,7542,8983,7955,7646,11454
2754,8949,28564,46626,90188,122188,173448,172595,193121,222411,253520,310141,306915,306057,311610,381334,381264,384086,382821,374787,520972
2755,318,567,698,920,1446,1955,2062,2324,2810,2866,2798,2799,2734,3685,6868,6202,7227,6402,7318,8954
2756,64065,114266,129223,187406,214773,248816,267971,298369,339596,380447,388112,381333,385472,454094,432392,432650,436954,434292,428648,574603
2757,670,717,831,1277,1398,1583,2108,1962,2433,2759,5026,4662,4678,6965,17911,17493,16937,17694,17776,23562
2758,9776,21522,34951,80541,107681,133352,175360,196155,225152,255861,307720,308211,317173,310795,384019,383930,393066,386957,382800,557536
2759,464,795,1043,1337,1898,2141,3603,3792,4503,4600,4587,4468,4562,5552,7022,7085,7388,7206,7138,8057
2760,69340,110881,137546,157084,196071,205621,279333,308972,353780,407304,393556,402905,406640,478303,596528,442938,449245,445705,443526,615566
2761,696,649,781,892,1167,1414,1761,2336,2668,2459,3118,3008,3004,3539,5306,9081,9581,9561,8781,15047
2762,11320,22492,36083,75065,93452,103200,154428,235073,270776,266352,322026,322429,327542,326898,400607,398724,400091,399927,399684,572072
2763,570,846,1136,1287,1562,1800,2315,3247,3710,4344,4195,4296,4034,5161,6971,6808,7002,6667,6643,7323
2764,75027,105739,130302,145364,158101,195734,236412,308981,355645,407164,472136,402133,406022,468058,602487,449296,452875,450279,452016,602357
2765,702,683,828,987,1282,1408,1572,1839,1954,2261,2431,2783,2936,3651,4790,8146,8356,8459,8431,12355
2766,11272,20193,40899,59432,82354,91613,117140,172764,189405,240999,272707,272110,331054,334386,420080,414089,415604,414225,412929,597804
2767,489,623,836,970,1017,1217,1424,1580,1937,2395,3193,3078,3351,4301,5523,5870,5828,5770,5555,5655
2768,68832,93463,122941,131267,144571,168913,198621,224900,244612,337346,390238,389950,389999,459992,626059,617655,458731,458857,456812,628236
2769,716,708,887,989,1139,1467,1676,2136,2314,2508,3447,3419,3961,4565,6515,6444,10876,10023,10877,17070
2770,11381,17859,38203,55769,72114,86780,98975,131091,151370,179144,263519,261192,317763,317694,394184,395049,398066,398489,398676,568703
2771,520,601,894,1059,1240,1603,2039,2323,2653,2745,3446,3570,3608,4382,5087,5559,5263,5010,4842,6291
2772,65563,82825,116685,129280,146474,163245,203628,217234,256251,255564,376500,370149,376866,447910,629067,617833,451726,450516,450113,632779
2773,690,734,1004,1199,1375,1633,1780,1841,2181,2206,2445,2787,3208,3445,5604,5568,8703,8401,8818,14338
2774,12109,16328,38756,55515,73477,87532,103984,125509,152571,165993,199670,264745,319042,321228,399539,406159,402382,400914,402346,588912
2775,724,739,1086,1187,1239,1357,1545,1804,1994,2207,2506,2892,3035,3725,8591,5077,5319,5408,5018,10838
2776,65116,86674,123789,139062,156692,175975,224227,257073,280266,313992,314446,413055,490766,490314,649699,635035,632234,462022,463421,650530
2777,566,541,535,578,612,696,788,774,936,952,1112,1549,1839,2631,1308,4770,4778,9850,9269,15826
2778,10979,13957,36851,56042,74464,86045,105155,134360,152043,161471,193373,276252,329325,331632,238588,406611,413625,407441,407210,552944
2779,619,714,1184,1192,1416,1838,2278,2284,2706,2939,3081,3949,4137,4116,4393,7868,7984,7892,8523,11147
2780,72469,80928,120504,129479,145524,163410,193785,206715,238842,261559,263268,400054,482061,397136,393629,618685,615482,449724,448229,610915
2781,659,647,820,979,1060,1049,1553,1591,1847,1780,1888,2339,2632,3037,2273,6042,5991,10035,10699,16533
2782,11666,14678,38890,69483,92432,106140,128356,157512,196268,213954,235723,341371,416080,411314,301326,520228,520978,520206,511432,729396
2783,550,603,1113,1077,1379,1764,1859,1937,2019,2229,2473,2679,3692,3727,2798,10848,10574,11664,11244,17961
2784,71286,78420,125648,137364,147876,176073,184195,218033,235876,251135,274402,389025,454790,454224,392182,698911,692764,510278,499776,716757
2785,611,566,791,1018,1240,1404,1516,1645,1848,1819,2055,2096,2388,3169,2228,2516,5918,10538,9862,18337
2786,9699,11084,26522,46091,63798,77322,85197,102387,126380,143658,153505,183820,231850,321243,203645,265422,401863,400469,395999,553453
2787,621,646,1038,1352,1749,1739,1828,2122,2644,3036,3400,2831,3031,3431,4100,4666,7721,7532,7818,10846
2788,63089,69309,106552,130164,142171,169185,178349,217350,236914,257680,288635,333525,333092,393762,389487,396630,623182,631379,442228,625251
2789,538,590,763,1067,1250,1528,2025,2056,2245,2488,2731,2966,3165,5896,2941,3457,7017,6806,12337,18099
2790,39500,51027,84493,112854,125471,135638,157911,176173,187441,209105,246053,246053,271406,353259,271406,303575,423904,423904,423904,423904
2791,433,506,674,870,1003,1174,1315,1673,1702,1904,1941,2278,2727,3415,2397,3328,12186,12186,12186,12186
2792,7207,7983,15690,37136,59182,69297,79381,103710,109109,126166,149805,167551,189501,266225,189501,273401,468825,468825,468825,468825
2793,481,553,862,1472,1974,2197,2459,2889,3110,3670,4400,4310,5966,4184,5966,4260,4077,4077,4077,9719
2794,65029,67030,92496,121031,151219,167432,191850,244266,277965,323890,382545,382545,442317,421107,442317,456124,547269,547269,369118,547269
2795,425,443,638,812,1008,1070,1146,1166,1189,1324,1356,1523,1603,1722,1666,1744,3021,3021,4816,8778
2796,6917,8095,15927,38259,56347,64980,84511,94869,102732,119820,132589,147102,168442,196010,168442,197417,312719,312719,318214,457025
2797,565,663,849,1219,1580,1672,2290,2467,2777,2821,3531,4049,5177,6031,5177,6071,5837,5837,27283,8190
2798,57655,55286,78270,103723,129812,146498,189756,228269,225015,262726,317210,317210,370850,375580,370850,410531,526937,526937,531899,526937
2799,450,465,722,1098,1308,1672,1859,2296,2281,2479,2583,2770,2867,3539,3258,3571,4683,5535,5680,5535
2800,8705,10884,23239,52271,77382,89964,118113,137088,136030,164039,162173,179650,207650,292731,238742,298003,298110,370033,375421,370033
2801,559,594,951,1124,1131,1863,2067,2276,2719,2583,2873,3281,3398,2918,3913,3343,11395,6623,6830,6623
2802,45048,70562,92985,121965,144800,170388,212429,233176,263634,264376,302106,302106,365134,365753,418523,364436,530715,530715,373751,530715
2803,509,518,867,1218,1556,1812,1968,1968,2124,2280,2364,2444,2442,2718,2664,2955,2773,3469,4674,3030
2804,7858,9658,19440,43362,63936,77925,101996,108823,117082,143368,141206,158675,183104,210982,211264,260042,265450,324855,330204,265450
2805,529,570,851,1173,1555,1827,2002,2214,2766,2751,3487,4093,4888,3334,5724,3645,3505,5140,25955,8242
2806,56438,65043,93582,126153,159780,196485,214095,263541,305058,307288,354260,354260,420782,413211,418084,399510,392717,533733,526984,533733
2807,461,483,815,1077,1240,1590,1737,1778,1855,2085,1993,2141,2126,2739,2821,2859,4000,7203,7302,3463
2808,9036,10981,23839,45635,67803,90110,109375,116004,124820,153178,151623,167519,167885,223322,225443,275781,273485,341725,340846,272856
2809,513,643,1008,1334,1430,1954,2748,2998,3319,3642,4184,4313,4503,4128,4183,5186,5309,6402,6658,9467
2810,47532,61233,84442,112231,132493,150567,188916,232441,230130,274649,317142,317142,319423,374378,372746,371612,388108,491443,336328,491443
2811,460,488,740,713,994,1413,1455,1578,1614,1606,1654,1862,1835,2049,2167,2156,2613,2700,3485,2440
2812,7957,10040,21885,46170,61877,81819,92540,103013,113493,122708,133811,149650,151749,175671,200391,252378,251353,312477,312652,250742
2813,578,682,1042,1729,2000,2208,2387,2648,2741,3292,4190,4386,4353,4771,7080,4177,9789,6501,26192,9770
2814,47784,58502,85458,107752,135654,168130,184040,220089,226318,263909,301880,301880,309515,373394,374597,358626,510917,483715,470057,483715
2815,606,692,1001,1335,1391,1637,1622,1654,1981,2081,2063,2076,2347,2300,2323,2846,2739,3187,2996,3187
2816,4546,6004,14043,30993,45190,63266,72561,77884,85265,105059,101806,137852,139083,158571,158415,201223,204126,258496,258820,258496
2817,588,739,1237,1604,1714,2228,2530,2547,3104,3639,3606,4301,4559,6417,6266,9133,8911,29099,32236,29099
2818,37729,42450,60602,80081,113607,147801,161449,181469,218812,265391,255699,322119,329901,332621,326419,481100,518708,477406,489410,477406
2819,480,573,830,1259,1447,1926,2285,2363,2368,2592,2650,2863,2950,3481,4500,4451,4474,5744,5598,9779
2820,3225,4359,10164,27338,38177,52399,62894,67041,73629,83671,82706,111944,111618,167219,165282,164167,163333,206235,207531,289300
2821,589,697,1048,1385,2562,2729,3099,3114,3677,4381,4044,5318,5606,8795,9000,8295,8646,28659,27650,57750
2822,29709,37403,57219,86964,113154,152413,173411,172486,202005,203936,208664,316851,304992,482406,473049,511101,521425,454771,461921,741778
2823,529,638,988,1534,1841,2013,2171,2229,2350,2434,2607,2675,2884,2835,3149,3015,3509,5817,5559,3338
2824,3017,3942,9922,23685,37213,50024,59517,61155,73887,73756,103426,100343,119005,116557,152446,150698,152721,195216,197180,150175
2825,659,758,1170,1517,1866,2552,2901,3000,3707,3632,4837,4851,6922,5930,8409,8342,8592,27694,23826,9161
2826,20846,40469,60734,82927,122859,171702,207087,217106,203232,206531,315331,322441,314346,322424,483926,458818,450603,435317,464422,476195
2827,573,697,1027,1311,1500,1736,1992,1887,2063,2628,2238,2379,3907,2813,2785,3319,3351,5828,6066,5937
2828,3427,6063,21491,44475,67185,86698,93870,105990,135171,160399,157806,188954,240684,242559,242520,243580,242691,312004,312490,311909
2829,544,776,1384,2202,3855,3778,5378,5704,5068,5402,7276,5147,4590,5760,5807,5574,11109,7057,26693,7413
2830,33532,47077,76701,113206,157341,199372,235547,238991,235269,290001,340076,279894,336180,349113,350097,327669,527352,494819,492299,495248
2831,562,739,1095,1277,1792,1953,1991,2153,2536,2492,2566,2916,3701,3645,5560,5305,3047,8972,8454,8989
2832,4227,8039,22852,42141,59513,69562,75530,93265,127570,125153,123257,149349,189207,189753,189772,190276,188467,238299,230164,238095
2833,448,683,925,1649,2443,2769,3083,4030,5637,5257,5121,6699,8455,7846,8453,7995,6874,20108,22546,21095
2834,35605,52907,78546,115910,164595,185976,224115,267818,339328,332972,325053,330476,478575,475304,475460,484979,506229,465947,467579,470455
2835,464,696,1052,1355,1491,1521,1620,1723,2029,2193,2182,2475,2293,2223,2416,2432,2731,3905,4088,3971
2836,4707,9954,30139,48312,70141,76421,82951,102614,115562,134598,133578,201858,155909,155919,201981,203336,202074,246416,254822,257725
2837,622,967,1558,2209,2954,3106,3612,4617,5141,6435,5973,5086,7328,7231,8485,8285,8472,23001,19041,20804
2838,30629,54901,83223,125655,161980,186457,229287,268123,268529,330032,334318,329922,332054,327543,476972,486186,498661,471220,468773,468538
2839,500,785,1271,1545,2076,2377,2423,2447,2659,3063,2990,3290,3932,3861,3758,3484,4419,7017,6903,6894
2840,6397,15557,44254,64251,84212,99437,105586,115923,128819,169684,166935,186300,247969,248117,248908,249318,250519,314874,319555,319894
2841,713,1186,1518,1958,2058,2565,2913,3783,3828,3661,4260,4375,3919,4524,4606,4278,7312,4927,19104,5365
2842,41909,77426,105905,127119,167700,182634,228537,269805,272554,273604,313896,295032,376970,377336,382791,370203,540491,513917,513857,513002
2843,550,883,1253,1503,1896,2057,2138,2261,2434,2544,2616,2917,2795,2810,3010,3466,2902,3848,3819,3769
2844,9530,21508,47612,60219,76442,98035,110741,119419,145450,160547,183393,207565,209166,213234,262911,262803,268302,328431,336289,336309
2845,680,984,1162,1372,1445,1553,1883,2029,2153,2383,2790,2426,3161,3133,2433,3332,3441,5518,4764,5143
2846,51766,75074,92731,112874,124506,159837,172411,208799,212124,239785,239741,273617,338357,283626,340935,361444,381980,491417,355597,497027
2847,517,736,1026,1230,1362,1454,1567,1629,1758,1895,2043,2080,1990,2256,2196,2696,2249,3389,5233,2987
2848,12209,26691,49191,63610,76383,104481,117756,135046,160749,177742,202046,231424,202525,277593,278922,279849,280892,355762,355667,351817
2849,656,926,1207,1457,1589,2012,2590,2926,3199,3725,3804,3914,4277,4253,4341,5961,5853,7249,7055,7132
2850,54686,77838,92389,103904,117905,147865,170255,203109,230951,264579,263812,305676,310756,310877,372483,380915,395088,507557,365709,500504
2851,523,657,833,958,1034,1474,1519,1675,1816,1839,2112,2131,2128,2214,2178,2591,2688,3464,5561,3376
2852,8934,18911,41954,59451,71591,89625,101014,115677,150149,148311,191475,191828,191665,221930,224514,279527,279185,352180,348290,351017
2853,647,979,1464,1648,2227,2496,2951,3131,3260,3588,3468,4162,4127,4710,4451,4634,4849,8058,7747,7854
2854,42233,62752,84639,97400,119622,144794,172945,213591,250410,250372,247787,291260,290910,288916,354711,380812,323416,497285,351862,495390
2855,431,481,697,765,911,980,1004,984,999,1119,1281,1767,1367,2939,1720,2357,4355,3161,13706,3067
2856,6714,13184,29245,45340,55254,64657,80810,86108,108633,122356,157305,184852,160494,227859,186203,231660,225452,230090,289096,232321
2857,652,1121,1414,1702,2032,2365,2863,3245,4016,4719,6286,5036,5725,5425,6991,10776,14045,10909,29470,10385
2858,34235,51800,78583,102120,121766,142426,153395,195209,233265,233205,351455,353630,348598,348793,348947,514275,483674,496026,497040,514584
2859,450,672,1096,1283,1395,1769,1902,2311,2357,2912,2872,3312,3257,3805,3774,3332,4084,5525,10934,5496
2860,6099,12487,29829,44388,55238,69280,79003,92044,100494,126833,140563,171888,167319,211684,203171,208562,209879,259760,365816,259950
2861,623,952,1356,1980,2216,3011,3382,3373,4282,5317,5670,6575,7038,5075,10865,8014,8431,24315,7059,25284
2862,32475,58043,82888,106892,132872,156065,199935,191255,232458,275035,331565,338314,334148,328691,493452,474767,474773,485242,474198,488135
2863,448,763,1110,1650,1815,1971,2013,2118,2212,2566,2489,2920,3424,4907,3143,3331,4012,6160,10650,6387
2864,6005,12357,32767,50144,64875,79020,85105,93283,113516,149206,146247,175392,216267,216287,211900,214026,216155,268281,380504,269411
2865,534,838,1536,2075,2463,2648,2944,3141,4231,4066,5296,6387,4620,4794,9026,9073,9701,26673,7039,24198
2866,35980,63149,93725,132512,169245,184534,206928,251983,294512,292906,343808,359776,353324,351668,491355,464587,486201,467752,476504,465035
2867,449,651,964,1139,1281,1499,1564,1821,1722,1855,1824,2050,2116,2568,2072,3062,3154,5072,10771,4702
2868,6508,16623,40267,57884,78303,95798,112695,111664,135430,177842,170079,176647,204822,252167,201713,251698,255473,315835,444423,310403
2869,587,989,1472,1762,2225,2875,3339,3634,3976,3881,4527,4333,5211,5121,6611,4900,8618,6416,7775,24422
2870,44276,79474,104419,124147,148253,191557,238242,235565,275230,278321,316988,320447,392641,389238,378772,360075,526289,494422,506036,492523
2871,545,668,1084,1097,1379,1544,1714,1652,1747,2097,2086,2244,2414,2500,2516,2878,2715,3387,7013,3468
2872,585,866,1385,1547,1719,1982,2349,2626,2803,3564,3382,3719,3509,4344,4610,9240,5237,12748,53153,13043
2873,8410,20717,46330,60763,72476,97414,118602,127219,138288,175592,171019,201196,195662,225920,224360,276662,282858,351988,505481,341946
2874,27076,48245,63699,83286,102116,125109,150915,174303,191104,210815,231894,237331,267575,272254,315523,330093,337881,376733,541480,376655
2875,596,765,1068,1113,1268,1358,1387,1506,1634,1579,1833,1698,1990,2401,1880,2357,2320,4633,6354,4848
2876,6416,14599,37259,52386,65137,79640,96331,130084,141394,156580,176773,204275,204737,237413,237556,295236,296982,371984,532451,374067
2877,819,1117,1620,1780,2271,2363,2998,2863,3374,3478,3736,3844,4727,5383,5466,4081,5132,5916,5377,5642
2878,44277,58653,84603,95101,116822,145174,172733,190843,218092,215778,259682,258282,306885,389220,303392,330983,411697,554112,564456,557024
2879,6354,13498,29666,48722,62474,72163,78896,97018,103295,130220,129060,157664,177747,177785,204703,205356,204597,298684,370725,297951
2880,29268,50802,82337,109857,128304,141320,159242,179746,196924,212393,212393,236815,265906,265906,312791,312791,312791,373544,373544,373544
2881,454,624,848,1004,1094,1169,1506,1606,1891,1923,1923,2242,2221,2564,2473,2636,2933,4415,14342,4415
2882,6925,14063,32424,53159,64660,74458,86271,104299,122554,147848,147848,165904,188217,188217,185664,216007,264766,324702,467013,324702
2883,490,829,1365,1724,2054,2522,2961,3054,3538,3633,4496,4666,3797,5215,5517,5930,4213,5814,6122,5814
2884,44693,66190,77035,86848,107387,135865,163330,176820,205602,253527,311736,306101,297482,353653,344788,391823,325713,501175,501175,501175
2885,8530,17093,35651,56299,72479,78328,90048,99541,114357,128895,128815,160375,179154,197364,197214,223673,259576,260274,390533,319816
2886,15166,31643,47480,64253,80633,94121,110655,130105,136828,153075,163664,187846,188388,205178,225552,224927,253408,253796,428292,288676
2887,584,765,927,1133,1222,1424,1464,1643,1678,2095,2294,2397,2622,2630,2543,3104,3249,3222,20502,3482
2888,49821,82775,105361,117593,127342,143722,155800,192700,205043,240224,239659,260332,293403,292512,341544,333890,394699,391370,564917,391370
2889,409,602,809,1070,1284,1393,1510,1916,2068,2211,2358,2592,2566,3019,2756,3042,2973,3617,7617,4166
2890,674,1020,1542,2093,2615,3025,3455,4029,4678,4985,5048,5970,5275,11146,7687,7474,6165,25103,61268,25103
2891,13564,25060,46315,67049,85407,95338,104955,130716,145736,167513,168213,200161,197949,244238,244775,250675,249670,345344,607145,345344
2892,23040,43942,66591,84013,102115,118427,133795,161697,189820,202314,215098,235079,252718,285392,284818,320623,324927,326116,391903,375922
2893,474,595,865,1137,1422,1577,1736,1922,2073,2290,2349,2634,2686,2788,3092,2872,3177,3619,24057,3393
2894,625,739,1154,1548,1795,1913,1926,2084,2286,3176,2468,3894,4497,7005,7333,4388,10361,9872,36647,19433
2895,15442,29085,53108,75506,90708,108405,116231,142769,165704,186510,187983,219303,238664,265255,264409,265223,302055,295482,436725,352758
2896,16214,43840,66464,86643,70575,88190,104798,122387,137468,162633,168750,179475,193914,217996,242815,252952,303524,299115,371766,357480
2897,8001,18804,33090,46610,59787,73911,88580,102489,116367,136133,143923,161598,171965,184289,200818,217841,216020,243590,405759,277180
2898,14024,25447,38543,52933,65958,78219,95557,105664,121117,135585,151531,165684,174725,185263,198266,211620,211031,227667,396002,253623
2899,558,645,753,955,1165,1328,1372,1678,1831,2196,2512,2728,2994,3183,3433,3579,4267,3643,31531,5666
2900,40631,70277,90826,109427,115929,127062,137038,142386,165636,186177,210272,226138,244725,245490,273787,320018,312060,321881,540281,448087
2901,12761,21963,35384,53368,68808,79926,95111,110417,123744,133557,155567,171286,181362,203950,205651,219066,233711,258076,348281,297912
2902,10618,25586,36585,48078,64067,74616,92008,103138,116728,131126,140944,164695,173739,194898,195550,207793,221896,240639,275081,273073
2903,11162,22960,35539,49743,60389,88333,101268,112340,125699,146354,156552,184309,195301,213569,227590,244983,260567,281667,274916,309467
2904,13263,30769,47664,61497,77810,87050,103439,117970,129389,142599,160630,172247,180051,208616,219282,214031,226572,234789,266369,257498
2905,590,562,680,707,849,961,1100,1280,1183,1246,1380,1612,1635,1869,1924,1701,1754,1924,2086,1978
2906,593,679,937,1150,1454,1602,1825,2041,1988,2230,2354,2556,2596,3201,3235,3547,4588,4855,5841,5466
2907,14027,30411,47930,62748,80980,90573,108125,124328,137928,152786,173928,187459,196125,227858,240510,251432,266069,284849,308603,308810
2908,15764,45933,68169,88045,108272,132933,103807,119409,139592,150109,172061,185460,207357,228833,242604,245001,258409,281861,316769,306303
2909,9490,20450,32969,46829,57671,70396,83642,99644,110434,122828,140938,156288,168753,187924,196427,215235,227990,241827,255831,275163
2910,10801,22800,33980,48770,59566,72402,86385,97030,113565,125189,139367,155132,167137,179473,186818,207648,227913,240735,254157,269406
2911,646,598,614,595,701,887,824,992,941,964,1112,1160,1476,1581,1670,1827,1661,1875,1785,2110
2912,48255,76941,103193,128785,139594,154526,164382,176119,181558,194146,202202,234392,245448,258654,276726,284900,303954,331129,345313,360391
2913,10589,22610,36335,52220,68283,77117,92056,109448,120780,134486,153404,163888,177333,190935,204263,234762,247129,263225,262135,279922
2914,9648,23273,34444,49783,60740,73503,88133,99539,116398,128758,143722,159506,171700,185299,193043,214917,236692,250385,250356,265267
2915,8926,20146,30441,41339,55080,63319,76964,91509,103401,114127,126589,141890,157127,169258,182855,190502,212481,223513,233216,248471
2916,10979,26581,38478,49997,63125,76510,91749,102103,115093,132274,146675,153879,170289,188830,195519,222396,228529,254781,267096,269288
2917,8367,13472,22960,34317,46657,57761,71294,85706,96394,107967,119968,133601,144452,158960,171327,185322,193251,217559,227620,239089
2918,8754,19877,27952,38415,47902,59723,73440,83404,92754,105708,122235,128591,144084,156595,167674,181603,189626,211011,221251,231810
2919,6322,15312,20763,28117,35804,46254,51875,64475,73299,84701,100000,114148,132386,142460,154687,166619,179905,189513,203791,212625
2920,12498,23273,36817,49638,56987,65572,79912,89260,101414,111076,124435,139414,145599,150689,167839,210696,233735,246584,264817,270607
2921,4950,8377,12013,17120,22883,29260,36234,46722,53792,62195,76298,89940,96799,113422,122606,133841,138459,154137,153691,176461
2922,4887,9389,13380,17524,22120,27141,34571,40292,48416,57712,68306,75529,91151,96810,104581,115882,120167,137596,144969,152512
2923,3124,6140,9524,14156,18826,23288,30753,38412,42385,52028,61139,66878,78935,81072,88104,97853,101754,117758,126373,136680
2924,42496,60877,89390,107360,119131,132403,148728,155286,171089,177328,184045,202102,216363,227060,249348,282266,305605,304377,292237,322353
2925,1674,2150,2595,3315,4198,5379,7003,9049,14283,16961,22500,28883,33510,34965,41005,42205,44395,52122,56414,60586
2926,2068,2745,3592,5693,9111,15088,19023,24189,34295,36662,43024,47743,54406,59580,68258,72561,78849,84864,85353,94340
2927,1761,2616,3538,5515,8511,13077,16456,20980,29461,31436,34974,40820,45971,51815,60196,65425,72019,80432,80232,87002
2928,44927,66127,82844,98069,91297,96203,89958,106387,127703,137391,146718,175888,187751,209355,227048,187140,204082,262540,213830,260396
2929,1845,2259,3041,4193,6848,11013,17261,22252,27747,31770,37537,42512,52401,56783,60189,65448,70932,69867,79265,84797
2930,2562,3247,4944,8655,18354,27310,38328,43178,46760,54921,64862,72641,86818,85061,93448,104479,102813,100576,116330,135489
2931,2224,2883,5069,8464,17190,24156,33080,36253,42012,47433,59837,68469,82375,80155,88643,101609,101193,101054,115582,135523
2932,47165,55551,84810,92034,101174,112246,153173,157837,182714,200324,223714,237897,346148,269904,334713,312998,252384,286517,408777,486599
2933,1761,2333,3550,5447,12438,22162,29610,33678,39303,44179,54553,59968,63236,70538,76598,85771,97191,95918,95436,108740
2934,2506,3434,6183,12872,30006,39290,47479,58261,66137,77473,83987,90965,99621,100168,114474,136022,137042,136015,134768,157312
2935,2326,3583,8363,17163,34641,46525,54859,64437,75388,89966,97459,107070,120800,122957,140842,168815,168946,168942,169596,205265
2936,25191,62627,80851,94282,139695,170419,178781,217606,240120,266218,313762,302089,375073,378367,369037,354124,394347,423648,458197,418849
2937,1677,2266,3463,6025,12449,18883,27088,32022,43462,46798,50602,62420,61087,69541,76795,86880,97758,97540,96733,98020
2938,2129,3170,6166,14751,26930,33972,49450,57726,75470,74151,81327,92069,89972,103533,119707,124189,145754,148900,144305,144743
2939,2041,3076,7925,17945,31519,38381,55319,63304,84682,83899,91287,106620,102897,118505,140551,140309,167105,166544,170366,165470
2940,20935,50519,52880,61494,101342,115811,195532,219283,209550,258338,247381,317228,378075,381419,384908,384524,352161,495325,517066,477172
2941,1512,2106,3590,7913,16621,22168,31341,34125,43646,48334,52347,58434,56178,70213,72182,80937,93386,92110,80426,92613
2942,1904,2827,6936,21111,31179,38932,57667,64522,70788,77794,87034,87419,85344,114717,114485,115160,137229,134942,111652,131107
2943,1867,2996,8191,23305,34422,41931,60521,65993,74356,80640,92040,90156,92019,122103,122781,122353,141542,145763,123365,145040
2944,21623,34481,38776,75548,114892,142855,147464,169186,168090,200097,266278,255947,295641,295537,305970,458228,433201,434797,402890,414185
2945,1372,1872,3444,8287,17525,21910,28969,37881,42418,45217,49626,56706,50268,69865,71124,70388,90019,79663,78146,88508
2946,1763,2741,8320,22338,31491,43648,57091,69743,68252,77086,86440,85628,85147,114343,112686,110886,133127,110027,112895,130182
2947,1608,2571,7634,20182,29226,40304,53689,58546,64988,72859,80314,80156,83394,109399,106808,106737,122299,107011,108735,125875
2948,26523,17116,48192,75144,70552,114699,133283,122202,158073,181260,176152,256826,249581,251426,339289,398123,402574,382717,338821,371650
2949,1225,2085,5213,12650,22394,28664,31514,42107,50904,56862,56621,62226,55651,70310,67440,77942,88460,89094,106538,103382
2950,1830,3400,15351,28843,45399,57342,63783,69563,88206,84073,84063,96018,86556,116557,111639,110486,131946,130374,165787,166795
2951,1857,4222,17786,32138,49061,60929,64999,73676,91289,91435,90358,103677,89800,123983,122681,122940,142457,143523,187178,189014
2952,30957,34040,82153,115976,105074,102991,115370,140925,135035,161530,212131,198035,289138,289097,382871,337355,413761,343395,390798,332522
2953,1475,3007,8314,14084,29045,34971,40436,49147,59557,58472,64234,70682,63210,77790,68703,77175,76336,105324,105419,125736
2954,1903,4626,20256,26352,53086,65944,69951,77245,85402,85549,95749,113832,93423,111003,108676,108655,107895,161500,161809,168135
2955,1672,4983,20571,28893,47204,62082,60596,74182,85615,85571,97169,111820,93739,110315,110542,109677,110098,168108,169114,173336
2956,30748,46759,97347,106929,92782,102796,134569,157192,200478,242416,230142,226761,312735,313069,412890,363170,366334,369666,410308,355068
2957,1526,3736,8779,20270,34626,40671,46280,54908,60255,65211,73022,80712,72173,79639,71632,89928,102174,119582,118319,144703
2958,2002,7858,20846,36909,52592,68668,72609,79072,86679,94791,109587,109736,107869,126480,107271,124777,149024,191176,186758,195018
2959,34559,94269,143258,182866,222989,242664,268742,282786,297971,325605,345781,346541,346931,383552,345485,382524,418757,485283,483734,485321
2960,9621,60117,112377,173340,128933,155929,165362,182579,188811,201786,220270,240121,232529,245123,254229,255894,277241,293842,348193,318635
2961,2196,6228,10624,15801,26034,34134,40920,54506,64056,69933,73413,81145,81451,84754,101678,107199,114111,120994,131938,143989
2962,2511,10591,16832,24464,43266,49442,53554,64975,69090,78877,87751,96964,117333,123636,121487,140823,150748,149623,164265,182074
2963,22780,86571,127310,172735,222795,246184,259841,288027,303750,331441,359991,390423,437738,466669,463301,519599,551477,550252,588578,644814
2964,5098,42755,63556,84211,128649,159778,180385,213318,135382,150392,169409,195461,190102,206634,207251,230110,243442,250449,242542,300271
2965,1862,4764,7514,10184,14591,18613,21357,26386,32023,38381,43407,49366,54224,58567,63894,70637,74105,76956,84199,92921
2966,1981,7505,11055,15149,21821,27738,32651,41300,49247,56674,64229,76626,78413,84979,84378,91815,95604,99532,103013,128452
2967,969,5235,7696,10850,16614,21818,26171,34181,37837,45344,53275,63978,64642,72832,72389,81599,85829,92295,91073,117155
2968,33451,48498,68508,85546,87439,92046,99740,105267,144762,146858,144860,181600,182454,192206,187946,232898,251234,241428,237204,292931
2969,2775,7927,11942,15272,21209,27737,32572,38875,48164,52451,60074,70456,75572,78928,83555,94603,89694,110941,110181,126744
2970,36496,77857,111695,129042,153363,172271,176883,184818,199967,209726,224101,246935,246935,260783,277523,291466,291466,310729,310729,338207
2971,3429,6014,9247,11929,16707,20178,26100,31987,40939,48782,52780,61982,65124,72749,72921,82016,87830,93423,103876,110501
2972,5701,8435,13199,17326,24706,28817,38032,45750,59930,65660,69386,77110,82738,96817,96035,114464,124910,138613,155561,154195
2973,6890,10942,16499,22011,30591,35870,46577,54563,68887,75875,78990,89995,95473,110239,112014,131412,142960,156175,170462,170098
2974,38186,43737,79495,98051,91137,98237,110909,133088,136942,164924,185907,180884,187515,227292,248926,272960,323346,299601,262984,347077
2975,2686,5286,8165,10848,15323,20370,24601,34096,43448,52631,58620,62800,66528,74655,78603,84020,92397,99233,109170,116331
2976,4285,7507,11743,15697,23909,32264,38124,51156,60783,67311,75530,80293,90195,102979,111706,125093,137442,137525,156536,175313
2977,5072,10115,15498,20429,30268,39348,45703,59820,70355,78372,88024,94486,104865,122152,133559,148977,164841,164482,183913,207719
2978,49559,79300,103811,117613,112950,128699,143375,144949,176482,192699,195671,225143,262509,254256,283747,258620,271314,255635,375284,291805
2979,2462,5401,7961,11540,16846,22876,31370,37558,49702,62841,69737,73391,77456,81880,96285,104235,103662,113167,122917,135746
2980,3906,7737,11195,16600,25813,35089,46119,55996,65953,79568,93348,99783,106779,116086,143754,144888,143833,163419,186789,185968
2981,5081,10389,16852,25357,36900,46425,58535,68384,79490,93915,110675,119999,130721,142287,156399,174829,174894,197674,223842,224835
2982,28641,79918,69054,83007,123325,133327,146634,159905,174512,200908,213795,247308,265552,286992,282912,305644,233435,337837,343354,327328
2983,2964,5517,8937,11889,17703,23372,32008,41459,54584,61940,69460,73089,77314,86479,96369,103793,111486,111780,121862,133643
2984,4334,7534,12327,17195,26166,34734,45919,57947,68763,76424,82119,96543,103825,113613,124968,140089,159309,157194,155716,178975
2985,5844,10128,16917,24846,35105,44686,56379,69080,80972,90752,96675,115403,125980,137946,152809,167271,186068,185361,184174,211531
2986,23160,51033,56519,67979,85588,93902,106148,116884,129688,152433,163564,192096,207031,225718,224696,294026,278663,320544,276438,320093
2987,3144,5948,9539,14862,20082,27261,36682,47324,60945,66826,71342,79420,85105,90537,99740,107306,117652,115894,126271,139919
2988,4347,8473,13850,23428,31868,40527,54398,64524,77364,85976,95872,113406,124111,137207,135039,148615,169198,166293,191747,189596
2989,5904,10044,18720,28764,38345,48152,61648,74010,86777,97641,108778,114996,126139,154624,154315,171717,189740,189518,213207,211840
2990,19498,40277,49580,60737,77684,82290,98333,109642,122622,145286,168320,181477,199604,193440,218004,224302,306003,284858,267591,285469
2991,2952,5924,10008,16867,21931,30217,39696,47497,61131,67912,76434,80628,85553,90706,100183,107201,113625,114603,125836,140620
2992,4288,7742,14735,25160,34278,45432,58292,64767,76254,85542,101571,109872,119285,133468,148824,148207,145180,164891,191067,190303
2993,6056,12464,22234,34792,44565,55319,69788,76964,90537,102205,122089,131399,145244,161525,157024,177759,178143,196370,225079,225974
2994,28423,38298,63048,67451,66809,78451,88587,102651,113258,133980,153683,164024,162645,180466,197081,239539,251142,262805,240985,263668
2995,3098,6556,11274,16570,25329,35553,42044,54586,65324,73902,78503,87981,87515,92467,101601,108996,111030,129396,127014,141639
2996,4256,8814,16616,26272,40750,52343,60269,71558,82478,87643,95794,112240,121549,136464,134140,147748,146139,165279,193093,191377
2997,6053,13570,23981,33961,47382,59530,69041,79931,93456,99617,110892,130341,140022,154587,154743,169843,169660,188168,213128,213289
2998,35149,40665,66166,81702,83365,88203,106732,125151,143999,163650,188290,187690,224446,220929,244223,215800,240009,239872,301456,308185
2999,3109,6889,12053,17929,26548,36862,47270,60919,68381,74675,78735,84282,87518,93718,102921,109521,121979,130659,129637,143599
3000,14802,33952,49136,64472,83737,94847,112800,125591,138291,145966,170153,175883,187435,195041,210859,221545,235615,235615,244948,257895
3001,1144,2612,4467,5290,6264,6788,7390,8064,8699,8525,9414,9609,10439,10405,11305,12514,12727,12727,12658,13582
3002,3593,4296,6829,7529,8846,9708,10581,11630,12791,12598,13611,13726,15481,15188,16419,18433,18634,18634,18478,20626
3003,3545,5711,8452,9055,8395,9336,10289,10281,11327,11070,10876,10884,11870,11995,11791,13147,13067,13067,13187,14350
3004,44723,99732,119454,118034,104394,104976,99859,93742,89406,85818,78261,77724,81002,77953,74035,78195,74801,74801,72922,71377
3005,3107,6783,13334,6295,6829,8546,8960,8890,9653,9955,9826,9931,10639,10722,10685,11658,11933,11933,11919,12763
3006,4544,9246,19889,8091,8874,10505,11685,11734,13033,12965,12848,12989,14312,14145,14255,15948,16100,16100,15924,18177
3007,5988,13382,24872,11612,12969,15625,17486,17054,18925,18854,18392,18473,20047,20335,20273,22214,22288,22288,21939,24559
3008,48981,80902,94659,114498,114600,124864,129886,129321,128164,126517,122063,122273,128928,127772,125150,130404,128873,128873,127537,127252
3009,4568,8265,14345,10757,11871,14234,15743,16986,16915,18808,18487,18720,20651,20654,20795,23053,23362,23362,23343,25524
3010,6562,11824,22742,15301,17289,20992,23422,25756,25754,28235,28568,28673,32108,31904,31755,35691,35234,35234,35084,37850
3011,10112,18822,31636,23529,25717,30769,33536,36651,36907,39533,39505,39844,42985,43482,43581,46590,46920,46920,47282,50332
3012,43336,49074,64694,102238,108894,119330,117055,125697,125366,132768,131798,132122,130815,130496,130811,136642,135033,135033,135166,142503
3013,4825,13460,22198,18521,22521,27589,30686,34223,38461,42465,41930,42001,46600,46333,46403,50013,49617,49617,49865,53881
3014,7460,15677,26365,28845,36131,42926,46322,50233,55457,60504,60402,60950,66002,65752,65560,69212,68509,68509,69057,71862
3015,10639,21660,33599,38649,46148,52315,56042,61443,65791,70817,70888,71000,76153,75368,75737,79113,79437,79437,78796,83122
3016,26152,41087,53871,75269,93624,110958,138484,147107,146044,164409,164558,164500,175524,174740,175375,186407,185959,185959,187393,184056
3017,5980,15436,25066,29000,38372,48302,54940,65656,70571,74088,73935,74060,76983,78462,78145,81284,82047,82047,81843,86979
3018,8138,16417,27807,42770,57097,66035,76215,85994,90069,95015,95233,95107,99356,101049,100883,109457,109874,109874,109615,118286
3019,10801,21783,32716,48968,63113,73604,86292,96204,101965,106804,107925,107009,113454,112880,113631,125450,125258,125258,126079,134201
3020,21761,35321,47511,63886,82037,91549,107203,117716,151944,185815,204135,223166,240296,243555,243919,270548,267367,267367,271704,268585
3021,5677,15227,24585,35245,54744,62882,79658,88357,96112,105655,111804,111238,120643,121067,121078,129242,139404,139404,139673,152756
3022,8037,17132,27784,43558,53779,66653,77257,89147,97052,107342,126290,136628,147522,164604,181981,181162,203835,203835,202071,229002
3023,10695,20142,30362,46824,57046,70565,81025,94137,104121,116603,137150,150619,161807,180619,198446,197819,218090,218090,219265,244913
3024,19546,44570,64129,81867,94351,114247,123838,148180,165435,191655,202772,213792,254197,255850,275895,306347,305243,343116,342067,399359
3025,6481,15127,23399,46021,49284,59263,68433,78990,95790,107023,123083,131114,142784,154947,170433,185624,185868,205155,206231,227366
3026,8389,16309,25286,40304,48109,62027,72848,80529,93010,102761,119021,126860,137918,149392,165178,179775,200921,200148,200561,221532
3027,10060,20051,29615,43727,52238,68112,78285,87975,101486,112359,131570,141027,152335,163774,181095,198469,219133,215457,218707,243880
3028,22054,50132,70330,90327,107544,130955,149223,162498,193062,204910,233227,244934,261701,284482,305510,299220,334527,330527,362658,355625
3029,5373,11734,17275,36032,38675,46137,62581,67515,85619,94980,106235,112110,132111,143076,154270,170961,186227,186737,206952,206659
3030,10186,15325,26816,34170,45529,51969,65137,74945,86024,95779,106844,116289,125066,136016,146985,163554,178776,199090,197698,224014
3031,12718,23173,35457,44862,56715,64519,78297,90210,104866,117138,132314,145795,156067,167055,181554,199111,217100,238067,237820,266094
3032,25863,39710,61882,73588,90000,103719,124854,134725,163190,171599,196673,209331,222142,239654,258079,258680,277701,306087,306448,306550
3033,4847,12023,19325,29743,38132,53816,61256,72889,85837,94577,105255,122085,131097,142276,154936,171796,186371,187622,205715,206431
3034,8664,16883,27889,36528,47153,57773,66284,81063,88419,97719,108712,117886,127215,152561,169224,168755,184860,205247,203561,231291
3035,10605,21424,33759,41928,52813,65063,75260,90587,99368,111694,124512,138178,148684,177089,195079,194348,215082,235820,235406,263993
3036,23585,36694,55867,74315,87451,106044,116321,131105,155925,181555,189674,200864,211476,226685,244226,244755,264913,263293,293704,291832
3037,5061,12817,21585,30866,49161,55049,69001,74725,87439,96510,107436,126080,134866,145380,158195,175414,192280,193534,213289,212402
3038,9018,18158,26365,37716,48760,59381,67563,78724,89810,99069,111604,122078,131433,141929,153987,172318,188828,213118,211264,239855
3039,10496,21112,30752,41383,53924,64606,75762,85880,99155,110532,124093,137981,148946,160271,175050,190943,210057,232228,232133,260272
3040,21503,36538,55213,64103,76453,89680,106689,122429,147142,149312,174852,184110,195692,210824,227414,226844,246272,245689,270346,269496
3041,4812,12232,20603,30882,49467,51832,69648,80462,92667,102293,114694,125421,134531,146165,158926,175319,191990,191393,210649,239281
3042,10104,17824,25955,38221,49079,59715,68657,78516,90136,99436,110934,120338,143275,155522,172087,170850,188460,210354,205854,205738
3043,10755,23317,33900,45666,57289,69867,79605,90785,104157,115579,128903,143195,164936,178654,177701,197375,217700,239794,240421,239453
3044,20893,35327,50178,65477,78289,88783,129614,117148,134052,149578,168400,180029,189908,203107,202726,219401,235769,281912,310719,311318
3045,5240,12327,19387,32612,46846,53423,64807,76784,85124,98607,108313,116651,137896,148771,163363,175318,174478,195258,211423,210456
3046,9694,18560,28425,36653,47034,58045,64199,76723,88685,103334,113339,125631,135483,146841,160993,173941,191819,192252,210145,208980
3047,9162,22375,31154,41046,50705,61968,70269,82179,95584,112210,124230,138197,146903,159727,174163,191273,206920,209193,227043,228604
3048,20766,40975,57248,74719,88112,103766,135950,137739,149434,168894,195997,210327,222798,235849,241030,257544,274523,311706,340728,338977
3049,4750,14013,21764,34716,44458,61658,74837,81987,91554,105800,117356,124803,135335,157330,158313,172017,186332,185753,204480,222177
3050,11524,18371,28617,35441,50504,62415,75172,81624,90926,105334,116651,123157,134193,156706,170426,169324,185143,202402,202640,222524
3051,9515,19662,29694,37550,51470,63525,77346,83769,93366,108153,119523,126725,138686,149052,177495,177341,191836,210788,209921,231848
3052,22475,47015,66049,83832,101410,122495,123457,156870,173056,191679,223681,232387,245991,256880,278846,304137,297677,282597,283745,311559
3053,4667,10046,16605,23925,38918,54643,68436,67382,72671,87887,96354,107276,120414,130414,138917,150767,163750,179352,200450,220012
3054,11157,17741,26081,37149,42838,55076,67562,72162,82558,95093,100995,112071,129747,137061,148491,161611,179114,195303,197437,218276
3055,10854,22615,33085,45406,51524,64059,78529,84463,96765,110611,116446,130177,150742,161864,175636,189270,204172,223009,222547,247071
3056,25177,42622,64093,82302,99397,114412,115753,140872,156739,171145,184110,210905,224411,235417,234629,249711,270950,280600,283757,310820
3057,4237,10275,16680,24147,34868,50340,63392,66447,77405,86020,99782,111171,116046,125804,135914,148199,158311,169225,188525,186011
3058,9906,15679,25835,33438,42449,55113,64100,72445,86448,95543,104918,117321,126844,133876,147242,158519,172646,187928,188987,205767
3059,11085,20113,31277,39701,48999,61819,70774,80491,96587,107199,119256,132155,145630,155429,167221,178253,195573,214572,213749,235310
3060,27688,40112,56970,73573,95503,103172,115749,128900,148614,160363,194393,201605,211230,223824,240959,259417,255100,267990,298986,295664
3061,4232,11583,19452,28166,39359,51487,60412,68928,79664,93785,103614,114425,121098,141727,152759,164310,162448,195039,193735,215530
3062,8381,15719,24047,34428,43260,55152,64548,73672,83436,97125,104970,117723,128339,136172,147640,158860,176093,193314,212330,211881
3063,10958,20872,30804,41701,50849,65113,73615,84736,95594,110356,121905,135413,148715,158963,172133,185607,200608,220208,242401,243374
3064,20895,34704,53337,68573,81720,90370,100721,119416,135795,142144,160817,185432,196368,207249,220733,217189,235723,249895,272354,304134
3065,5239,15052,22225,35741,45352,59870,68290,82864,94238,103920,114286,126377,133550,155064,167689,181534,199326,196114,212873,234367
3066,9915,16392,24225,35434,48916,58790,71689,80841,91565,99965,110721,121761,129398,150314,163215,176820,194208,191013,209106,207846
3067,11323,20433,30351,40426,52953,62268,75528,85705,97082,107120,117685,130192,137242,161821,174979,189925,206863,206940,224947,222931
3068,18948,33927,50828,67479,80901,90179,115329,119769,135480,150808,168285,177699,187489,197956,210335,228929,226789,309843,331889,326571
3069,5554,15277,23379,36588,46144,59054,67048,87663,98989,114545,125049,124159,139421,151432,163773,175440,188358,182620,199185,221668
3070,9888,17209,26182,36528,49981,59111,71509,86835,97747,105846,123590,122828,136575,149004,160220,172644,184953,179473,197050,218025
3071,11640,20989,29399,40707,53063,61950,75001,90184,95621,111779,128413,127585,141922,157052,167945,178938,192998,191580,211617,232736
3072,18290,32515,45383,59522,76903,85913,131180,116644,141740,164220,178680,187195,216545,216086,228200,240617,258485,278523,280179,303448
3073,5179,12479,21783,33542,42161,53419,57196,82151,95161,109207,120771,125117,132194,139817,152933,161142,175578,187218,204940,204510
3074,11004,15520,27163,34046,46567,53594,61527,80812,92895,102173,117373,122116,128436,136553,149620,172961,172119,183209,201578,200345
3075,10315,20946,32637,40835,54370,61002,71019,90589,103664,114795,123614,137886,145544,153133,169858,193942,193261,208579,226008,226716
3076,18348,37423,52628,69052,83075,101088,119096,126983,153488,173030,187122,216697,235086,246674,259401,272142,270380,253598,273573,274966
3077,4639,13265,22300,31302,43782,55081,59114,78260,82731,94962,109947,127402,143548,127090,141422,152729,164181,190822,191133,211459
3078,11334,16360,24992,34736,44182,55239,64299,77615,81797,92968,103117,124365,140837,131524,138352,148981,159620,186008,204534,207135
3079,9978,21734,31090,41534,51364,62430,72689,86797,91502,105300,114910,138897,153613,145672,154778,170822,179946,207685,225509,225434
3080,22096,41527,58726,77350,98476,110435,105538,152158,148973,160365,175827,194600,222469,233215,245127,245902,259784,261185,267948,270272
3081,4854,11172,19548,26757,36883,47737,61077,68040,77733,90017,102684,122649,134943,141432,140401,154026,163173,177403,190819,208456
3082,9648,15251,22552,31269,39510,49843,65152,70402,81507,93755,99316,118315,122305,135578,146504,147359,170182,184840,184483,201648
3083,11204,19717,29879,38924,47356,58872,74766,82601,94184,108796,115120,137489,145568,161486,174414,175431,200390,212499,217570,235526
3084,24006,41144,57859,75243,90842,109523,109005,141587,146153,154571,163963,188245,203384,219360,245137,245842,258070,256209,294668,319954
3085,4536,11293,17823,26784,37897,44548,63041,65655,81716,94534,100836,115826,129491,144278,164615,165697,177430,175484,205180,204039
3086,10068,15241,22730,31455,39815,50913,60985,73282,84712,90240,102999,110630,124514,138747,158693,159072,169619,182056,195630,194408
3087,11950,20945,30123,39707,50435,61865,73384,86773,99175,106566,119094,132091,144821,159040,185495,185767,199454,211532,230673,229465
3088,23118,33872,51864,68326,81687,98038,102241,120016,128234,141757,145539,163980,178108,186142,205919,205787,216923,249008,286960,286335
3089,4235,14312,21333,32858,41926,53061,68001,77037,88692,100934,108251,124532,130506,143705,159250,173371,183174,195870,195297,206915
3090,24452,48998,73837,94903,112934,134234,154290,171129,195218,207871,216596,233316,244238,260605,285291,285291,301956,320798,320798,337558
3091,7739,15739,24343,33563,46203,54593,68245,78921,88280,101266,108238,124844,132012,145236,152683,160705,170945,184018,213347,208445
3092,12420,17350,25641,35321,45072,57028,65954,76400,84828,96657,103249,118976,125557,137937,144552,151973,163306,175548,204368,199436
3093,11597,22273,31907,43084,53525,65832,75602,85447,95017,109562,117091,135610,141352,155208,162070,170288,185330,197161,226718,226001
3094,24853,36526,56083,72566,86812,103082,97530,127532,132944,149794,160628,168238,183166,200642,211734,223014,233271,303487,317333,313955
3095,5120,15374,24655,34100,43596,54406,71608,79444,88728,99940,115750,120884,130973,143992,149041,165843,178426,178272,204866,218455
3096,9265,16808,24491,37375,47749,58926,68125,78716,87957,98222,113536,118015,128505,141318,146650,163211,175551,174708,186486,201390
3097,11206,20832,30574,44406,54961,67467,76178,88302,97432,109117,124653,130943,143032,156040,163424,179561,196868,196432,209538,223331
3098,19281,32256,45682,59610,77535,86748,130043,114936,151422,165589,182342,186894,210197,227807,234976,255654,265938,274938,259994,275096
3099,6713,14744,24527,33369,41513,52418,59530,75668,84526,94232,101193,114935,126975,137479,144350,157824,166046,180440,190961,205919
3100,7624,16108,24227,33227,44811,56894,63753,74807,82912,92495,105569,112358,124161,134481,147562,154400,163556,177767,188234,203437
3101,9497,20013,29000,38672,50812,63960,73191,83369,93871,104366,117349,124898,136804,151042,163875,171741,180051,197611,209248,221681
3102,17155,39847,59892,77202,94229,113628,134692,135789,159798,172668,189834,202539,209922,233194,254399,273145,286069,251691,260045,260053
3103,6220,14804,24155,32864,45604,52697,60707,75742,80070,97157,102910,116117,123778,143958,149591,161307,171090,194256,204707,203373
3104,8303,15464,22884,35231,44146,55158,58934,73820,84136,94221,99165,112307,127510,139653,151786,157332,166768,176978,200826,198865
3105,10054,19425,28289,40368,50002,62050,66012,80669,92888,102546,108134,122385,138132,149708,162776,170773,178476,187955,214850,215114
3106,22324,39797,59888,77090,96407,119457,108641,153639,134918,147751,164138,182568,187955,204995,219743,240027,258174,239168,299073,314733
3107,5717,14118,21035,32430,39927,51234,66000,74753,87673,100339,111507,126373,134982,149417,162337,177424,187924,194909,207623,219741
3108,8947,14743,21735,30769,42574,49124,64109,71656,85695,97701,109291,123286,131259,146048,152022,166329,173382,182214,189874,216070
3109,10896,18292,27107,37362,50753,57735,71587,81493,94583,105506,116708,132759,141756,154290,163217,179025,186077,194182,204251,222840
3110,22199,34384,49162,64602,78823,97417,102382,130471,128167,140777,153769,172126,180617,187082,203737,219927,239420,281549,308198,308431
3111,4105,15339,23346,31750,44140,55331,65839,74801,93155,106497,111128,124419,133264,149650,155171,166766,181955,181790,189701,198622
3112,9358,15704,23586,33158,41456,52042,68774,70457,89568,95686,106425,119110,127231,135213,147934,162080,170151,178096,185993,195917
3113,11868,20649,31100,41442,51312,63343,77701,83276,99848,106894,119131,132656,141702,150117,163097,177317,185418,193089,202442,211499
3114,14172,29813,43274,56957,70139,87585,85338,116808,114411,119582,131804,179116,187044,194885,210808,235022,244888,274235,270917,285983
3115,6940,16809,24892,34778,48412,55252,64147,79589,89665,95810,108757,118740,126917,142870,151394,161882,175403,182276,193152,201899
3116,7323,15637,25799,32468,45995,57385,61203,75729,86006,93219,105057,115239,122073,138638,146401,157025,171646,178178,189042,198311
3117,9544,19640,32114,39161,51437,64142,68546,85893,96734,102661,114510,126479,132971,150859,159154,170962,185426,192900,202465,210863
3118,14519,25967,41341,54587,64845,69400,108133,94762,130927,137206,148767,180447,190220,208137,213986,229501,257181,252432,256011,267176
3119,7633,18222,26717,37087,46349,57887,65636,76159,85478,97505,110600,114285,121382,135774,144739,157102,169292,177997,194509,202555
3120,8527,17780,25930,36091,45387,57316,64559,75497,85055,96828,110619,113760,127876,135398,144243,157576,169794,178321,195530,203520
3121,10344,21021,30843,41885,51349,63028,72777,82975,92618,104666,117315,123152,137034,145054,153934,167761,181844,189569,206312,214544
3122,13298,30178,43151,56502,69742,91087,113293,114268,145962,154003,166219,159383,177071,185642,200900,209243,224751,230171,272216,283173
3123,5153,16744,25428,34187,46868,54037,61709,77010,86232,92127,105749,111199,124057,130696,148149,160495,165390,179067,185588,193285
3124,11051,18705,27498,37211,47010,53316,65877,77377,86358,91214,104603,116499,130608,139032,146456,160559,166270,180065,185680,202768
3125,11946,21038,30814,41002,51550,58820,73123,82936,93509,98150,112188,123846,138102,145520,154603,167140,174831,187485,195947,212413
3126,13377,33440,48223,63252,78921,100887,100049,133431,124359,139522,145690,152583,168517,178262,185927,200567,207541,252279,267400,300947
3127,5177,14068,24745,33571,42075,52487,60865,75021,80880,91066,97837,109089,121851,128226,135062,151961,156732,175749,176011,190661
3128,11011,16472,24963,33922,43100,53026,66848,75942,87643,99216,106503,117413,131478,138157,145930,159210,171371,186118,186039,204102
3129,11525,18302,27345,36571,45006,56455,69091,78093,89048,100935,107175,118157,132221,140343,149105,161729,174863,189754,190324,207290
3130,12828,28730,41602,58923,72582,85609,98419,114309,123433,131105,137200,153963,170740,187120,192658,201093,215996,265621,269884,282683
3131,7082,14849,22483,30046,41280,48110,55802,69303,79496,84103,89677,100780,106156,118869,134728,142816,148012,166627,168437,183825
3132,8644,16946,25076,33869,42599,53625,62609,71211,81719,93844,106428,116161,122509,137593,144837,157570,164419,178433,189081,197256
3133,8811,17940,26551,35730,44115,53916,63073,72399,81495,92806,103186,114788,122441,138623,144573,156978,163096,180249,187496,196264
3134,12113,26602,38529,54452,67299,83517,79613,103512,100227,112101,117673,173871,189964,197529,212163,219353,236464,234667,246991,259730
3135,6483,15655,23653,31591,39803,45547,57588,66227,74752,85334,90641,99762,105238,111661,127106,138943,144632,159418,157888,173304
3136,9546,16218,26798,35491,44272,54881,63596,73384,81672,94278,103995,107268,120486,128382,140615,152580,158807,166939,183558,199256
3137,9751,17433,28483,37962,47192,58048,67527,76542,87265,98992,110235,116086,129611,138323,150223,162927,170178,178403,194870,211675
3138,13971,28122,41026,52951,67972,70860,101353,96000,130849,134460,146811,160409,167628,180533,196392,203100,210268,247232,264286,279297
3139,6096,14477,21586,29665,39800,46104,53132,61181,73950,79819,90223,93772,99807,113992,128206,133297,139698,150515,156818,163566
3140,8717,16598,24314,33049,44359,51432,63439,72210,80817,92133,102163,107184,122584,129844,140560,152639,159368,166395,185627,185144
3141,9349,18712,27501,36701,49168,56139,70051,78933,89199,100681,112030,118507,133346,140417,152305,165768,171944,179499,204828,203387
3142,13089,28533,44718,58063,71931,94082,119567,112280,141809,152906,164746,159243,166501,179782,186542,200656,219938,255265,286850,301931
3143,7288,15983,23895,32389,40387,46526,57332,67164,74951,87519,91222,103526,108525,123872,131464,140615,146010,150601,165182,163637
3144,8068,17007,24838,33961,42354,52547,59582,74519,77964,88691,98407,113631,119659,131942,137632,148601,154055,167589,180473,188913
3145,9572,20583,30469,40558,50763,63382,71525,86295,91874,102769,114764,128338,136273,148246,153911,165840,173419,188748,206709,218853
3146,12742,35944,50953,66110,81889,103681,98618,133517,121555,132521,144975,161545,168826,182450,198114,203643,242488,269936,257558,270214
3147,7477,14633,23904,32730,40432,50103,57637,70199,75434,87057,96927,102505,107743,121640,133807,137449,150757,155685,162813,168880
3148,8228,15128,22698,34311,42913,53104,60745,69033,80171,90683,100785,113163,119449,131950,143634,154114,162534,169937,180460,189662
3149,8824,17572,26667,39188,49377,60536,69388,78686,89647,100917,111644,125448,133752,145309,157023,171674,179294,187647,203143,217646
3150,12342,30302,44056,57007,70233,85948,96232,113440,120631,131933,138098,176117,189045,196399,211910,226759,256709,241970,247325,259508
3151,7067,15577,23000,31989,39790,49400,57320,69127,73423,84328,94453,98206,103935,118034,129705,138208,142846,152146,158017,165814
3152,8020,16232,24175,33144,41406,51401,64274,72159,83258,92664,97749,108722,115232,126657,137466,148175,153117,165442,175923,186136
3153,9024,19475,28792,38672,49188,59869,73375,82282,93658,103597,109014,121996,129664,141333,151605,165667,173039,179242,192158,204927
3154,13485,26798,41551,54103,66159,76954,78844,102782,99138,109197,122051,145745,156566,168311,181521,195983,218703,226400,240486,253533
3155,7475,15888,25560,34200,39126,49140,60822,69039,79437,89294,93402,97457,103694,116756,127897,136874,143923,150139,148806,162958
3156,8229,16720,24499,36416,45099,56962,65409,73088,84308,93699,104197,109097,122053,131033,143481,156132,163324,176599,184106,196302
3157,9659,20155,29916,42630,52340,64524,74238,83130,95366,105164,116495,123573,136421,146351,158179,171465,179789,194916,204893,216279
3158,13175,25648,40041,51809,61784,69610,92424,94563,116704,127511,140937,137964,148170,166076,173053,202803,211289,241717,272335,269119
3159,7670,17743,26683,35586,44172,50292,61933,69765,79686,90571,100151,106013,112639,125227,135390,145915,151257,150070,156375,163664
3160,8645,17329,25405,34773,47039,53221,65846,73739,84687,94132,104450,119089,129439,138938,145231,157611,165253,174675,182338,194738
3161,9534,19908,29258,39315,51791,59767,73037,82426,93551,103628,114287,130290,141253,150848,159064,170996,179352,193524,206620,215553
3162,13032,24766,35126,46173,72882,82192,112947,111916,131802,145144,157829,153659,164795,176486,183635,216324,226508,253272,236704,236932
3163,7063,15291,24646,33139,43592,50163,56714,65016,73123,82889,92591,98739,111073,121995,126718,137389,141105,147852,147699,156346
3164,7818,16002,23429,34835,42599,52477,58700,72706,76302,85051,95767,108629,118602,128440,138935,145606,150584,162416,183075,183047
3165,9000,18959,28261,40564,49581,59928,68055,82070,87383,96473,108109,121576,132057,141540,154707,159761,168153,181978,203846,203073
3166,13322,28949,44391,58198,77312,98209,97524,114929,106945,118425,131174,162419,174445,187551,204688,227688,237862,208352,214702,230456
3167,7456,16723,24086,32528,40186,45702,56050,63102,68356,77046,86093,95123,106232,114981,118625,124011,128749,135772,142329,150858
3168,7691,15626,24902,33782,41417,51016,61736,65647,79898,89319,100754,103245,111638,122024,132239,138471,157118,168937,178940,176757
3169,8380,17377,27138,36700,45819,55342,66907,71128,84441,94355,106487,110991,121358,131038,141966,149856,170133,179167,191208,189906
3170,13516,34342,47921,62208,60633,74086,80457,92843,105198,117343,126470,138998,149950,164271,186370,194510,203702,217313,259170,269216
3171,6886,13520,19740,28834,35707,40590,50749,52751,65036,73533,82292,87428,95339,102498,111460,116974,122568,121825,131239,137907
3172,8271,13924,22372,30371,40634,49532,58035,64213,77046,87531,95515,102323,111344,122419,131643,138644,147966,157252,167705,179955
3173,8655,15648,24972,33766,45163,54871,63184,71569,84326,95975,104251,112339,122912,136058,145792,154113,162433,172538,183426,198855
3174,12761,28966,37254,52390,60181,74328,76232,97119,100254,108862,122675,145732,152684,181317,190473,205380,219334,263774,274113,296850
3175,7521,13823,20509,27355,36850,42843,47855,56111,66339,75444,84803,90637,94997,102418,112897,110626,121214,126649,126851,143774
3176,9057,16307,24206,31893,43884,49733,60500,71820,81005,88656,99742,109348,114290,129483,137535,144355,157066,154288,166797,179971
3177,9182,18102,26103,35510,47811,54247,65778,78161,88737,96804,109644,119672,125525,143645,152720,162214,175633,176749,192820,208153
3178,12754,25571,36770,51398,62119,67601,98127,88591,123397,140242,150572,177646,198067,207094,221718,239835,256412,265318,252871,276341
3179,6495,15232,22069,30319,38335,47600,54707,61913,73476,83334,89744,99051,102325,113283,122649,130371,130421,138244,138840,159709
3180,16400,32976,46764,61293,74163,88123,98460,108271,128468,143943,154143,167059,174921,197028,208124,219330,219330,232568,232568,258100
3181,8004,15961,21453,28887,39193,44740,51423,61966,69526,79510,92317,95666,98361,109685,115390,123394,129909,130778,130778,150180
3182,8780,16160,27027,35559,43203,53458,63791,72050,78960,89475,97705,106987,122082,129994,139343,148313,148313,160876,160876,172637
3183,8853,18118,28316,38113,46924,57592,68253,77247,85924,97212,105969,115889,135747,143776,153779,165470,165470,178617,178617,197922
3184,22958,32034,48176,60783,87122,97829,127556,121589,149963,158087,172423,193474,215608,228370,246206,258219,258219,245521,265685,260263
3185,5795,14797,21894,29342,36585,45307,50747,61779,70050,76517,83303,87305,94795,100036,107816,113126,120841,130585,130112,138679
3186,8760,17002,27388,36488,43994,53265,58547,72038,78134,88272,96569,110608,115105,122561,130698,139252,151690,168160,186558,184323
3187,8793,16979,27264,36806,44296,54519,60749,73613,81087,92404,102210,115774,122930,133435,143224,154444,165064,179102,199145,201019
3188,24411,23831,56287,73351,96610,106147,88566,126978,114998,124994,150713,156501,178522,191748,206383,204522,226021,249911,271703,314557
3189,4570,16444,22667,30590,37424,47198,53971,63697,79314,85111,92092,100903,105204,113934,121356,129030,136286,145772,135581,146601
3190,9007,17718,26337,38307,41656,51279,67802,73895,86242,93812,101356,116359,123588,131508,141654,153077,164518,163174,180316,180387
3191,9157,18500,26932,39167,44247,54151,69352,77343,88073,95677,106567,123057,131714,139102,150021,163245,178019,177683,196658,197665
3192,16320,40096,66744,83013,69035,78993,93571,106271,116011,132447,159682,169426,179808,194791,209709,232724,228593,272151,290335,332363
3193,7921,14612,19376,26955,37605,47119,56744,68829,76326,81703,93037,92868,104950,111725,118276,126032,135647,135287,135743,146080
3194,8581,17142,23669,32485,44704,53746,66121,76848,84155,95896,107772,113315,129253,139879,138155,149806,163661,178456,179080,201374
3195,9308,18466,26010,36260,48293,58527,71052,82474,89874,102354,116222,125536,140866,152342,153674,166456,181117,201896,205471,223679
3196,15366,46130,43901,56825,71445,83119,81452,107592,107002,127997,140775,187590,199441,220303,231049,258224,258042,298118,256969,297400
3197,7173,11459,20183,27878,37922,46636,52567,64918,73888,80513,88293,92034,98596,105142,112631,120932,120762,130706,131917,142794
3198,8326,14973,27293,36895,46514,54602,62630,76953,84159,91120,103190,107187,122711,132068,143962,143618,156376,157851,176444,197537
3199,8820,17314,30565,41401,51618,61342,69869,86159,95312,104478,121223,128200,146788,158369,171258,172770,187039,190666,211533,232753
3200,12982,30479,45119,57337,59932,75381,106942,119567,131522,158300,174917,200862,212932,232240,249205,272080,271499,255929,249449,287383
3201,6801,12934,21222,29503,40435,48688,54639,62928,72126,79330,86863,85642,98155,97964,112115,112896,120359,132693,142501,142372
3202,9008,17508,26739,35971,45055,52968,64095,73151,83688,92819,99010,104550,112023,120205,130099,142881,154888,176412,175598,195867
3203,8938,18684,27541,37436,47215,56403,69044,79286,92433,102186,111881,119283,127769,136362,148828,162394,179045,197686,197107,219743
3204,16127,29753,38945,51072,78683,91763,126809,142132,153711,183022,202408,178312,193566,205835,206949,227446,248883,241562,317866,308986
3205,7740,15158,24427,33811,40950,50523,55891,64093,74858,82251,89556,95370,103084,107675,115794,115169,122916,134071,132319,142650
3206,8771,18112,27033,36111,47752,56801,58455,69837,80521,88986,100104,116330,124080,133391,145025,159511,159013,179337,172799,193559
3207,9919,20636,30809,40374,53574,63955,68565,80238,94606,101378,118032,134052,144117,158350,167353,183547,186796,205127,203945,226753
3208,23092,27187,51493,63580,100841,114400,97362,110182,119872,149089,157624,161101,171633,182880,198551,219848,216390,259177,280894,321617
3209,5850,15936,26239,36245,39595,49598,61595,74548,81855,89979,98375,101531,109964,116932,123812,133228,133865,142160,141724,143600
3210,7996,17623,29379,39199,42856,52355,64701,76107,88426,97916,111656,117101,134479,146193,157544,157017,174298,170271,187890,189436
3211,9512,20215,32780,43673,50190,60713,73742,86366,98921,109563,124173,131262,149751,160671,172948,173482,188742,187321,212749,215215
3212,16185,31429,62751,78845,72486,88603,93021,105436,114535,141338,147847,178139,189926,208216,218777,221185,243443,290864,257516,258740
3213,7038,17240,21214,32663,44574,54994,66968,76312,83578,94065,98304,101466,106922,115777,122607,129581,138887,138401,150306,150777
3214,7778,19411,25270,32699,48714,58598,71178,79923,90305,97117,108010,120279,129515,138589,148859,162694,176828,176702,198323,199862
3215,9278,22835,30437,37606,54537,65510,79015,88556,100217,110551,121516,137840,147433,158521,171762,183830,200016,203087,225054,227043
3216,16023,42483,46373,60524,73567,80559,84135,95291,104152,117871,141343,201067,210831,227936,246763,264991,287777,259819,267693,266944
3217,7776,14180,26307,36047,49409,57501,67072,76058,89932,96299,104358,102466,109193,113399,122269,129713,147110,148777,159136,158503
3218,8914,16101,26661,37276,50971,62339,68379,82517,91773,103317,111804,114843,125234,140559,149488,161622,175118,177089,191184,210889
3219,10522,19289,31978,42410,56910,65327,76976,86519,100856,114882,125477,132989,144947,162722,175450,188314,203076,202911,218634,242474
3220,13909,31717,45816,59399,61420,74388,96989,108737,118630,133633,151265,181334,191772,201708,215283,233219,232250,238522,265898,291438
3221,8142,16210,26605,36786,45910,56325,67466,76234,86833,94427,101750,107366,112143,117218,123085,131521,138667,147910,155488,155280
3222,9252,17649,26726,37207,46562,56541,67802,80988,91018,102470,110524,116200,122494,138729,148520,156382,168647,183708,194232,194769
3223,11115,22313,32617,44007,54270,65659,77840,92663,103510,115878,126055,130680,138950,160613,168374,179901,192713,205948,223587,224297
3224,12478,27560,37414,49395,71158,83982,120185,132758,144335,158204,169187,152291,175186,183661,195289,208011,223551,252446,307077,306504
3225,7796,16557,26064,35729,44670,53846,60908,71863,81329,91232,98664,104624,107080,112042,123503,132923,140102,139972,148032,158038
3226,9374,18697,26954,36576,49288,58794,64881,72568,81233,92152,103575,114845,124356,134568,141617,149727,158961,169839,183277,183741
3227,11051,21789,31897,43577,57340,68878,77131,85765,98105,108542,124020,134743,147432,161182,171658,180296,194588,205622,224369,224413
3228,12609,24273,42000,56984,92134,107854,97437,111435,124463,134089,143803,158508,182406,191563,213758,211356,227598,275422,255915,255875
3229,8346,17871,25678,34598,39242,48717,65359,72709,81567,87602,98233,104026,114339,119976,123996,130297,140021,139691,158105,157390
3230,10232,18281,28759,38416,42795,52904,66265,78376,88244,94126,107214,120396,125521,132247,149600,159217,168100,167179,182753,197223
3231,9347,20556,32095,43280,49340,60171,75040,87798,98146,105118,118273,132998,138800,146563,167396,179550,191656,191900,208524,223543
3232,17267,25723,56768,73972,66477,75008,85544,100950,111388,116266,130207,169069,182595,205548,214597,225970,240442,228696,237333,237682
3233,7267,16987,22415,30343,38434,47855,58820,66100,73705,78475,88763,95504,103316,108526,112687,117844,123157,132949,140694,149477
3234,8416,17515,25071,33517,45946,56153,65137,75325,84256,94539,101096,108330,117743,124013,132066,148450,157722,172410,185063,185968
3235,8981,19336,27882,37948,50755,61157,70139,81511,91368,101617,109938,120310,131323,137388,148530,166804,178459,192486,206440,206139
3236,14571,32378,38078,52768,62284,73533,75738,84830,95508,103729,116230,145446,162362,180045,189748,202653,217111,227248,232633,257441
3237,7302,14994,22356,32232,37010,45932,56679,63136,70785,79498,89020,92913,100269,104524,114153,118837,127963,133448,140522,141419
3238,8167,16347,26640,34879,43400,53060,64321,70801,79547,92101,100165,108776,118757,127339,134518,152341,164755,175005,172509,188934
3239,8964,18738,29689,40280,49142,59095,70551,78142,87631,102506,110667,121175,132031,145265,155225,173674,186172,198768,194670,212545
3240,13853,26803,38510,49954,57824,69870,84907,99771,108992,123831,132446,140715,159222,167128,176764,189227,202478,220884,266130,267813
3241,7825,15657,22997,30541,38249,47047,57136,62972,70958,80695,87639,91323,99074,102464,107746,111929,121706,126700,135277,144314
3242,8968,16931,25085,35911,44331,53808,63665,75017,84573,89836,101126,112959,121363,127491,136709,144292,155206,164202,177594,177389
3243,9840,19115,28181,40312,49772,60162,70986,84052,93905,100862,114889,124846,136094,143259,152496,162376,175756,184166,204018,204650
3244,13390,25337,35688,46426,61766,74287,102697,119124,126695,141138,150905,154633,169100,176742,190815,206379,221106,247855,224378,244336
3245,7610,15615,22410,30082,36896,45674,55102,61413,68772,77906,84871,91899,95321,99801,104620,109416,117301,123516,142227,142065
3246,9130,17269,26906,35847,46775,57570,61760,73394,82601,92113,99259,109721,122733,131539,140494,151834,164039,163089,178971,197102
3247,9314,18284,28569,38129,49149,60287,66087,78716,87724,98161,106571,115970,133607,141688,150889,162303,172094,176118,188578,206606
3248,12772,26132,38198,54797,86223,93353,87595,93749,106483,119160,128572,175945,184044,197614,211661,226227,247197,220962,238614,237469
3249,7108,15887,22696,29861,39317,44601,55593,61043,73653,80683,83658,89720,94463,98267,111666,111810,118249,125627,132763,142297
3250,8750,17404,27339,35451,42103,51819,62349,74875,84845,91885,100738,111219,117973,124721,132996,143759,154688,170334,186424,185485
3251,9178,19319,30039,40248,48862,59032,69984,83187,94930,103219,113369,129242,135437,143776,152749,164674,178354,193368,210398,210024
3252,11711,22350,47576,65384,60346,71114,86952,98384,111277,126510,142879,157241,166091,177575,189459,203916,222879,220316,266177,265823
3253,8829,18307,25834,34853,43321,52570,62946,70590,84644,90605,98190,102661,107001,111792,120945,127155,134406,140075,152054,151444
3254,9005,18766,25997,34700,46216,56581,66500,80157,90578,98009,106724,119890,126459,133591,142725,154220,164216,176744,194456,194366
3255,9501,19798,27977,37590,49665,60741,71735,85616,97322,106189,114649,132797,140551,148649,157177,169541,182098,196091,217270,213603
3256,12298,25571,35611,46349,60990,67776,74438,85990,96882,104593,123314,149760,157357,168956,181951,195027,193171,228270,255956,255298
3257,8465,17413,24777,33440,44378,50861,60695,67673,80621,86819,94430,98151,102055,106115,113818,121532,127372,134862,146065,156901
3258,8676,17552,27512,36398,48636,55900,65093,77617,88415,96506,104234,117081,123598,139972,149998,161486,160616,172047,190038,188636
3259,8519,17910,28043,36879,49356,56124,66269,79045,91092,98058,107662,123486,131323,147522,158968,172377,170995,184176,205192,204203
3260,16128,34717,33834,48277,55033,64989,87543,97575,111971,119896,150693,159102,167910,181297,195175,209511,226259,250981,225325,254123
3261,5894,13373,21700,31718,38681,48865,53459,60192,72633,78027,85123,88637,92735,105570,110942,118584,125474,136267,135862,147476
3262,8833,16079,26907,35266,42836,56360,65330,73228,83241,90231,98785,111653,119284,127437,137152,147510,159840,177067,179553,198895
3263,8604,16407,26092,34871,43027,55234,65624,73866,83318,91108,100578,115844,123548,132239,141937,154548,168147,183518,184896,204192
3264,14949,26354,34665,43580,64896,72519,93652,107169,120738,143700,155136,162877,174310,188140,201806,218265,237134,211267,237399,234865
3265,6503,13484,22350,30632,36818,45815,50722,57362,67616,76739,80284,84439,88641,96432,108722,115077,114071,125556,125912,147271
3266,8000,16781,25057,36802,47224,53031,61833,70941,81622,89409,102974,110014,117040,127638,138355,150637,164819,168517,167460,186177
3267,9043,18369,27235,38970,50361,56991,68262,78282,89780,98123,115944,123166,131629,142495,153393,166518,182298,181948,183327,201709
3268,16980,32223,50702,67095,71963,86084,82741,96309,110115,133541,140946,151969,162255,175830,192098,191928,207892,236132,270710,269923
3269,6858,16139,26104,36070,41291,49821,60519,68178,77960,85500,89851,94701,102320,108126,124451,124459,135199,143376,144019,156362
3270,18604,38124,55980,70797,75430,86975,102540,114304,126978,138013,146958,153177,161073,169873,189858,189858,202176,218985,218985,218985
3271,8985,18491,26682,36479,42103,51561,61543,69531,80451,86946,91226,96089,103016,116752,125077,125077,132626,155970,155970,168683
3272,9485,17188,27918,36693,47325,59552,66457,79368,86686,96134,110598,117555,126900,136304,146394,159849,177665,178092,198085,198085
3273,10936,20675,32056,41566,51952,65432,74572,88685,96894,107417,124231,132993,141156,152078,164317,174847,194817,194745,216719,216719
3274,16206,30913,69744,84687,74822,91545,96963,113049,122670,146016,153240,173351,186063,200279,197086,216647,235643,263894,310730,310730
3275,7782,16671,21181,28742,43480,52020,58976,71371,80590,86768,92567,95521,105198,110738,119025,124020,136924,136367,136125,160440
3276,9398,17435,23725,34311,48579,56952,70018,79104,90631,98874,108412,122195,131430,141314,155460,163492,166088,182977,182462,204984
3277,9914,19029,27424,39192,53113,62404,75437,85881,98556,108365,118908,133346,142346,152226,164272,178207,179157,197279,199003,221229
3278,14622,25350,44384,55143,71276,81231,86690,93964,107028,124248,132449,170402,184524,197664,211249,226300,251042,265295,227908,259654
3279,7610,15994,23076,34120,42635,56353,62864,75519,85638,92374,97486,96100,109524,116275,123829,130262,140420,141494,142367,162176
3280,8919,18512,28003,38037,47675,60909,67850,79587,91602,99155,113761,118476,126046,145728,158735,169075,168441,188329,190670,205070
3281,10535,21414,33829,44555,54422,68667,77388,90094,103304,113027,128660,134806,142856,164321,176721,190752,191211,216857,210747,230292
3282,17487,38114,43697,59558,63129,73061,104528,111510,127062,156868,162108,187645,211484,227584,227527,260664,257176,221687,241408,271105
3283,8701,17742,26245,35172,46765,56982,67560,76253,87325,94515,98830,97591,107299,115479,122841,137456,138738,150414,148801,173771
3284,9190,18135,29351,38735,47457,57802,72570,81127,91750,98971,109297,116564,122805,139040,139500,162545,163516,178431,197593,218452
3285,10285,21417,33443,44436,54002,66494,83381,92605,104310,113959,123858,134016,143646,160690,160373,185322,186186,199002,217260,245928
3286,22130,43039,36511,50425,76835,88249,117522,127720,141465,155816,176004,158236,175801,186277,202255,213691,214885,230505,269002,260641
3287,6146,13995,25340,36918,45341,56167,61832,74115,83465,89828,98227,102640,112990,121970,128020,135812,145125,155822,153580,160683
3288,7854,15379,28516,37721,49423,56872,65732,73887,86790,94103,103627,115365,130967,140467,147902,157820,172138,186568,201082,195437
3289,9641,18978,32443,43480,56624,65324,76855,85717,100295,108953,119222,130662,149643,158763,168187,182280,195322,211920,229408,228248
3290,17468,34196,53107,66543,101592,104065,95971,106411,114373,129396,146071,161602,170104,180128,191418,204539,220377,253833,279044,297337
3291,7303,16570,26092,35061,39764,52233,64862,72288,83148,89896,98051,101787,111789,116414,124432,131707,140092,148442,160178,159644
3292,8564,17840,25712,34750,42076,51757,64263,77251,86514,97806,106110,116018,124974,132285,149855,162487,173760,171753,187746,185907
3293,10095,21148,30658,41815,51045,62578,74234,88186,97677,109629,120969,131498,143509,152035,170737,183061,197939,195957,215627,214757
3294,14789,30392,55514,70643,66446,80079,90905,107268,115155,125423,140617,170460,179266,189152,201223,220145,233261,262315,248937,247986
3295,7013,16374,21412,29469,40691,50272,61457,67917,76578,86574,93461,101048,109903,110073,126279,125010,140830,141059,149441,162862
3296,8622,16512,23065,31486,44460,54173,65015,71886,86394,94423,103110,111558,125437,134253,142440,150872,162505,175604,191936,191911
3297,9454,18540,27146,36069,48807,59616,71305,79688,96307,103539,114196,124509,142089,150804,160153,170616,183404,199956,214603,214613
3298,12509,23855,41558,53557,66372,74669,94294,104919,112925,130286,133822,186557,205547,216309,231070,249475,268477,231595,243842,245544
3299,8062,16067,23356,29265,40303,50050,60522,67821,77421,86671,94575,97115,105929,111396,116749,126384,133280,144677,152659,165391
3300,11870,26163,37243,48700,62456,70559,83311,92674,101969,107783,125295,129759,138263,144301,155936,162534,174044,174044,181089,190732
3301,2650,6582,11157,13231,15339,16960,18283,19754,21564,21324,23403,23378,25368,13682,13644,14862,15088,15088,15015,14872
3302,7064,10640,15847,18085,20785,22513,24110,26188,27990,27785,30096,30036,32491,17465,17406,19006,19152,19152,19264,19021
3303,7793,13248,18213,19021,19076,20551,21938,22083,23716,23668,23820,23827,25950,19084,19102,18960,19109,19109,19049,18981
3304,20629,42410,56655,70733,78747,87447,87980,85658,83688,83534,80527,79894,83447,69866,69032,69332,68828,68828,68326,67820
3305,6681,7369,9411,12106,14529,16846,18611,18530,19801,19751,19910,19953,21626,15530,15691,16873,16932,16932,16930,16868
3306,9991,12458,14497,18230,21429,24846,26944,26889,29296,29284,29359,29429,31446,23111,22959,25058,25012,25012,25138,24783
3307,12565,15970,18982,23589,27510,31703,34059,33792,36864,36618,36662,36463,39061,29347,29345,31512,31532,31532,31192,31670
3308,19960,51908,70277,88212,108498,117050,133379,131783,130739,131193,128932,129084,134872,115757,116365,121014,120014,120014,119424,119264
3309,10284,9739,13746,18947,25974,30234,35203,35208,37988,37986,38052,41352,44200,35185,35163,38159,38009,38009,38089,37999
3310,10386,14726,20249,28093,38072,44304,51149,51121,54425,54742,54649,58491,62643,50991,51135,54401,54460,54460,54827,54487
3311,11922,17911,24556,33412,44257,51151,59004,58783,62538,62323,62177,65855,70928,58960,58713,62043,62690,62690,62781,62083
3312,27696,34469,51802,66400,78820,95112,108053,120500,134358,145915,145673,151349,151583,139099,137607,146140,146141,146141,146019,146153
3313,8235,9661,16299,23998,32867,40906,50322,53501,57203,61187,66046,66147,69825,61249,61174,65757,66233,66233,65783,65947
3314,8447,15320,24493,36069,48160,57931,70915,74068,78393,82951,88532,88263,94319,82774,82685,88369,88580,88580,88283,88916
3315,10226,18429,29135,42603,55995,66936,81577,85614,90479,95554,101297,100822,108529,95602,95397,101555,101258,101258,101167,101089
3316,17239,32341,48934,62905,74855,89938,102637,114228,127064,142773,154421,169532,183888,169425,168608,169958,169549,169549,169379,169642
3317,8887,10990,18050,28645,38566,50954,61847,65875,73135,82389,93511,98845,101528,93711,99179,97684,97829,97829,100888,101810
3318,8375,16086,25888,41327,51087,62031,73179,81857,99026,106736,116130,119668,126245,115794,121370,119635,119332,119332,123852,126473
3319,10906,20103,31646,48174,58632,70410,83055,93031,110777,119679,130716,134488,141321,129747,135691,135066,134906,134906,140628,141904
3320,17497,28691,40369,52405,66812,75892,87521,103659,126076,144147,157035,179047,197726,212815,199594,248675,248028,248028,244598,247564
3321,9112,12322,21334,30628,43500,53228,65389,76301,85705,100578,108096,112702,122408,116400,121078,127046,127225,127225,137434,136743
3322,8507,17680,30366,40656,49115,60580,72255,86090,96050,107724,116669,128899,146118,155241,165872,175996,176256,176256,189376,189540
3323,10109,20195,33735,44508,55395,65121,78061,92874,103668,116992,125876,139620,158622,166812,178571,190541,190701,190701,203819,203773
3324,14107,29567,45723,59436,73844,82330,95394,112254,156770,167604,205004,213313,220174,246981,232906,282938,283086,307288,329547,330821
3325,9160,12117,22383,32419,43146,55667,66472,78276,87566,99237,113469,117622,132700,148654,158553,155959,157565,168061,180050,180643
3326,8549,17345,32265,43043,51109,63024,73553,81855,90366,101984,111919,122647,139778,147259,170794,181776,182360,197391,196504,219005
3327,10321,20306,36056,46802,57145,68575,80096,89787,99746,112157,122379,133315,153568,162174,184794,197727,197957,215018,213319,237691
3328,17305,45759,66396,84464,96466,109794,123464,140169,125353,140348,164201,172095,181338,203788,254485,234300,255302,255227,275472,276534
3329,10148,11544,21217,30342,43342,52469,67020,78712,88793,101176,114740,130828,137132,154635,164911,179071,194393,194421,213590,228638
3330,9830,16218,27656,36677,48558,59416,69925,78172,91536,105110,115254,130456,146924,154712,165657,181978,196726,217811,217090,217428
3331,11164,18546,30540,41419,53686,65068,75624,84098,97941,110921,121450,138844,156258,166318,177487,191540,208479,229704,228650,227733
3332,20406,31850,46892,59894,72003,84639,97662,112907,122680,144290,163872,172162,182615,194989,216497,225488,247188,247665,269334,268712
3333,7750,10581,18984,27811,40088,48955,62386,69959,85928,97232,115239,121906,147870,157650,156672,169070,181594,217504,200024,223010
3334,7809,15554,28455,37943,49441,60350,70662,79934,94515,108825,113747,131415,140504,161803,173143,189214,206314,207479,228802,228614
3335,8696,17672,30674,40755,52387,63693,74036,83833,98925,113803,119030,136898,145505,167216,180137,195992,194338,215217,239418,237739
3336,17328,30023,43594,55897,72105,82581,91502,104582,128543,155694,161506,181732,180465,214026,214879,250903,248496,274439,271330,314243
3337,7680,9487,17421,29050,40825,52972,62589,76129,79747,103495,100255,112363,121338,142376,162832,163850,183677,181587,203546,203987
3338,8686,14510,27465,39855,46731,56831,67878,79659,95228,99032,119239,125100,135035,147376,156513,170693,189368,209977,211582,211815
3339,9550,16294,29032,41656,50626,59932,70982,83230,98738,103493,127052,132663,142833,153455,165041,177776,198654,221030,218593,220140
3340,15143,28310,41370,49047,60378,70891,83662,95139,162360,183451,190586,211122,233520,248138,196607,265245,290725,288767,332903,332265
3341,8296,12274,21916,32392,42920,56151,66301,78532,95307,102504,118416,131713,140341,152490,181315,178224,197351,195363,218251,217295
3342,9423,16966,28409,38823,50609,59928,67656,82007,89688,96796,111544,125944,133824,145471,173654,170044,188852,186950,209859,210908
3343,10492,18898,31845,42584,56813,66167,74581,92427,100215,109775,125361,142032,151627,164040,192439,191655,210637,209954,234792,235171
3344,14894,33886,50776,64383,75429,94235,102664,116486,132552,149799,166345,175879,188440,203260,221564,237853,259901,260233,297991,298198
3345,8589,11952,22580,33247,43835,57141,64265,81455,99227,108178,117295,131783,149407,152230,162388,187531,205476,204790,227668,215005
3346,9485,18673,32019,43032,52522,61871,75304,86417,95335,104444,120077,136025,145344,156355,167293,182232,201252,200289,222368,222453
3347,11047,21053,36035,47566,58842,69147,83087,95074,103872,114648,131586,147630,158390,169701,182763,196737,219561,218740,241569,239964
3348,17642,55660,74280,91512,106540,118214,135415,150681,124231,148493,154391,172770,184998,198773,262392,230533,229668,251120,249176,283229
3349,8830,13638,30127,40235,49123,55512,66018,80454,103639,113589,130660,136129,155159,168905,168360,197561,217592,218121,240150,240817
3350,9483,18177,29167,39301,48636,58412,66016,75918,94092,108642,113480,130696,139980,163547,162556,191540,191242,211860,235446,235828
3351,11589,22839,36722,48009,59259,69997,78317,89157,107980,124269,130747,150515,160420,181989,181610,192605,212134,234993,233433,258274
3352,22951,38134,55655,70053,82340,93310,109684,118058,137231,147881,160987,178278,187079,202087,219525,234290,257697,255492,282939,318816
3353,8672,13939,30813,41610,54596,65868,74371,84447,97567,110910,121967,131911,149216,156481,181147,182831,194430,213658,213144,234205
3354,7317,19252,30535,40692,49748,64990,73047,83481,96461,110509,121240,131373,139336,158309,158848,184295,198922,218043,218700,241122
3355,8972,23156,35827,47916,58063,74047,82884,95235,108294,123975,135008,146595,156074,175622,176060,201404,219861,217248,242671,263380
3356,20433,30575,45841,59181,70395,85632,95590,105374,151514,175624,198979,206591,217851,242506,191912,263341,278134,301589,299124,319857
3357,8179,13978,30694,40657,54031,69292,77621,81915,100703,115239,108814,120240,135893,152310,176327,174048,186893,202830,202517,221640
3358,8003,21189,31049,40815,53894,64940,77430,88067,100861,115330,113847,120826,137606,155584,167044,178484,192419,209240,207906,228171
3359,9578,24484,35345,46566,59377,72284,86119,97220,111920,126451,127375,133260,152760,168833,181889,195455,209994,228551,228289,255397
3360,15790,27871,42043,53815,63144,78457,92791,102707,147466,160201,158846,179167,187981,208834,184986,243306,240776,259350,282108,280827
3361,8724,13539,29351,39770,52520,64093,75185,85172,99602,113401,125464,125739,130783,148789,170591,166781,178450,190585,209513,230853
3362,8602,20574,29227,39928,52590,64313,74844,84944,99098,107232,118665,125015,130660,149161,171733,168175,181555,193632,214403,236796
3363,10751,24775,35184,46427,60979,73794,86696,98051,110139,123282,133908,140726,146879,168295,189024,188086,201403,217383,237290,260494
3364,14404,29866,45719,59763,72207,84938,103176,114851,125567,134693,146955,152748,174620,182772,207517,207122,221363,235719,237765,261221
3365,8756,21364,32192,43473,53403,64701,77697,92805,99552,112121,123458,134369,140388,159127,170588,179750,191964,206267,222639,245375
3366,9750,20992,32094,43294,53464,64427,77065,92402,99280,107530,122994,134640,141191,159679,171187,181017,194527,207906,225821,227085
3367,11481,24465,34465,49020,59179,72867,81198,102376,109169,118266,135717,147483,154770,178165,189492,201668,214441,230839,248335,249477
3368,14126,39021,55924,73593,92589,106102,120829,139374,119540,135496,153733,169648,183915,192268,247788,231821,230709,249075,267350,294091
3369,9460,22936,30201,41091,50628,60862,75671,88630,102729,115252,130329,148368,155904,168387,166250,186798,197822,212503,228063,244110
3370,9799,23133,30675,41761,51325,61654,71508,90080,104092,110358,125085,143405,158211,157974,168543,190941,201854,216975,233380,251537
3371,11358,25137,35922,46900,58683,70570,80304,94996,105902,120842,131446,156862,163320,169766,185500,194079,207579,234813,235764,252719
3372,16652,40389,50677,58842,71677,84858,102534,117113,150037,154719,172899,201910,210927,229102,212063,247308,261000,281514,303108,319944
3373,9022,22063,27412,36705,45664,60332,67795,82287,91007,96501,109748,130550,142400,142576,158394,169789,179414,189854,200702,217015
3374,9328,20596,27885,40481,49699,60557,68497,83196,91784,97272,110434,125652,137321,143326,159396,170148,179455,190959,202252,218426
3375,9990,23124,30687,43576,53196,65689,73782,89294,98414,104355,118105,133585,145450,151345,167010,179553,191252,202487,214932,231925
3376,17228,28791,40928,50592,65425,73163,82686,96585,116173,130726,135290,151204,162961,177803,188816,209533,210280,236973,237036,254762
3377,7097,17167,24990,33554,44774,55228,62780,76128,84760,89421,101641,115670,125122,137819,143854,155010,163576,184317,183365,198943
3378,8159,17074,27406,36718,45151,55419,68067,76796,85027,95305,107032,115525,125588,138242,156291,164995,175420,184629,199605,200256
3379,8752,18690,29181,38769,47962,59489,70813,80370,89016,100778,113051,122868,131705,145300,165485,174772,185956,197121,212300,212206
3380,15735,25878,39168,51117,60882,72255,76777,88536,107241,118344,123024,145764,159120,171193,163141,187930,199060,212442,228140,246676
3381,7271,16972,24821,33937,45142,54663,63397,75416,85381,96749,106087,114435,124100,138444,148374,155915,166931,177679,189644,204038
3382,8404,19168,27964,37403,45969,56011,64656,76859,86891,97805,107670,121515,132671,139323,149466,168856,180267,192918,192763,206566
3383,9783,22872,34106,46226,57956,72002,83962,100719,114705,132168,145192,166066,181974,192746,210943,235752,251726,273642,274491,294108
3384,20239,37805,58548,80981,99265,118190,103820,115533,132255,150465,158020,180629,196875,238868,236168,266175,267227,283228,306473,329658
3385,6895,16461,24588,34153,42822,53241,67067,76545,86065,91085,106558,117599,127384,140599,167546,167511,187914,174829,186714,196366
3386,8582,18078,26736,36662,46003,57406,67775,77089,86587,99445,106871,118114,129235,141378,168033,167697,189290,187948,189273,196739
3387,10132,20979,31157,42142,52368,64896,74367,84172,94519,107933,114856,126882,138069,151486,184152,183060,204653,204390,205293,219936
3388,12705,31701,44461,62626,80127,96230,113662,125803,145095,160196,167003,189080,201843,216758,243891,244517,271909,269515,288591,306525
3389,8406,16635,25087,34102,43047,53758,61500,71586,80567,90389,97134,110508,120156,130565,151622,152049,173043,185817,184710,193506
3390,20309,44050,62270,80539,96165,114869,126590,147016,168737,180232,188631,203262,212148,237181,262607,262607,279109,293584,293584,312379
3391,8439,19494,28409,35920,47858,55323,68591,77540,81642,91670,106292,112028,126234,138745,146062,153226,166740,176488,200727,199348
3392,8816,18195,26663,36471,45387,52850,65291,73441,82859,87011,101234,111306,121038,132482,139081,146269,168127,178518,190833,189175
3393,9495,20323,29329,39823,49340,56776,69693,78527,87665,94470,107566,118009,129605,141216,148132,155277,181272,191549,204622,204824
3394,21042,40934,60379,69285,82062,96866,108476,122713,122579,136001,147505,160835,183001,188565,219226,228228,226106,237609,254979,275908
3395,7490,15102,22476,33354,41801,52942,60269,74292,78778,88758,102862,113197,122730,134396,148912,160846,170518,182159,192665,208133
3396,8888,16757,25115,34527,46597,58260,65846,75469,85241,96873,110559,119990,130218,143028,150770,162579,172798,183724,194653,211837
3397,9748,19212,28456,38028,51233,62351,70032,80119,89686,102850,115251,124326,138335,149226,157413,171905,181928,193678,206616,223952
3398,27804,30204,42951,54599,66628,80483,90143,104320,109211,123200,134165,146818,166686,189924,196876,208715,208863,220374,235759,254251
3399,6048,18733,30488,41560,47534,58796,72849,80810,80121,90006,108843,112929,121004,139252,146876,158430,168379,178654,188557,201830
3400,8179,17839,26855,40421,50096,61237,76011,84384,95820,100032,113575,122938,131723,144223,152796,164300,175097,186628,196614,211554
3401,8923,19528,28719,41449,51346,64075,71930,86582,97881,103140,115613,127267,140096,152104,160381,175056,185132,196440,208003,225517
3402,16784,25970,37238,47511,57060,68637,78235,91919,123410,135909,138655,153464,172251,198593,180348,220739,220552,233072,250754,272897
3403,6963,17438,26403,36357,48963,56031,68794,78119,86209,91780,110920,116022,123977,143427,151218,163563,173333,184027,195408,210587
3404,7211,19874,29695,40449,49892,61253,70431,79294,93223,99340,112262,121076,132054,144379,152035,163959,174327,185561,197672,212622
3405,8647,22405,32353,43689,54204,66928,76509,86921,96340,109609,123287,135243,147924,163553,171268,186212,198898,211786,223959,242453
3406,14665,35563,50530,60558,81791,88456,104978,114162,166871,181643,195377,204079,226608,246784,218050,280511,295410,309885,332651,329249
3407,8015,19584,26315,39946,45324,57361,70539,80264,84560,93276,107892,115201,128713,138010,153743,160377,170767,184375,196545,210803
3408,8462,17979,30042,38194,51431,59509,73145,83475,80192,89195,103382,110091,122930,132617,157849,154044,163412,176953,187005,201448
3409,9146,19546,31385,39397,52042,60664,73880,83242,82753,92841,106422,114398,126029,137388,159285,159130,167098,185029,197149,209285
3410,12649,52110,72074,87428,114963,126875,145218,154363,122239,135806,151104,155701,169200,190980,263145,217811,233424,247325,259371,259723
3411,7887,14527,22036,29976,37821,50441,58322,71138,82264,93261,107088,113559,124746,135192,141903,156807,164296,180102,189739,201373
3412,8362,14384,22119,30128,37689,47314,58522,67640,83393,94083,101698,108049,118630,127781,140227,149104,156245,171301,178857,192198
3413,9525,17213,25425,34873,43252,53762,65459,74490,89281,100770,107022,115091,124439,135130,149338,155488,165486,181000,191563,204012
3414,14387,33206,46723,60585,73240,82244,97757,107398,117758,123598,136906,148539,154360,174774,193618,208989,222921,224848,236904,253652
3415,9287,16742,26801,35830,44897,51830,66702,77940,82396,91739,104130,111099,122891,131559,144990,152044,157911,183021,193860,206932
3416,8722,16476,24098,32647,41478,51651,61907,72696,81468,91043,103890,114355,119392,129597,142293,149183,160300,170580,181318,193564
3417,9101,18026,26305,35017,44020,54447,65973,76225,85372,95031,107972,118339,123281,135043,147860,155318,168891,179256,191360,206113
3418,23124,31198,44336,57225,69844,82808,92442,102096,96221,108676,113832,131294,137866,157197,195615,188464,216728,229959,247208,245459
3419,6206,15959,23325,34897,40468,50071,61073,71126,79883,88303,94226,105016,109230,124552,132113,137845,146902,166322,175862,189421
3420,7358,15864,23900,32777,41464,51077,63075,71990,80477,90302,96890,109463,114373,124136,140538,150412,159879,170282,179140,195292
3421,7550,16573,24664,33365,41530,51145,62355,70814,80059,90512,97215,111765,117210,127601,142098,155287,165063,176402,189131,204102
3422,21532,24802,37610,45544,58200,64286,77907,92100,112476,123647,135007,146931,160496,182562,208322,204072,272598,290439,316663,317364
3423,5264,14705,23993,30924,38123,48557,59614,68004,72790,82127,88412,103370,107485,118444,128397,136061,145205,152878,162809,174839
3424,8073,16821,24955,34683,42752,53966,62031,73576,85111,95736,103372,112908,116765,128952,137642,147704,145216,153867,165757,180062
3425,9772,19209,27839,37481,46389,58116,67569,80141,90595,103012,111734,122454,129810,143167,156698,167096,166707,176508,187893,204800
3426,16210,32142,46861,62525,74349,83792,97200,105543,158339,170217,185342,198502,237631,245264,259433,270479,250412,268576,270114,292479
3427,6240,17196,25684,35381,40773,51406,64103,73602,75235,87002,98894,106942,112423,124576,130807,138591,152569,172697,185274,200724
3428,7917,18021,27036,37565,47269,59389,66924,75898,77772,89589,99341,108396,114109,125998,132684,153585,167084,178156,192034,191143
3429,9116,19319,27770,37756,47808,58628,66643,75464,79872,91209,102061,110768,115682,127745,136275,160166,170226,185513,198344,197715
3430,15443,43788,63673,84605,102506,123352,137228,152636,128795,139274,160330,166548,199952,208216,220549,238193,236271,253974,252932,274172
3431,6949,13702,20699,28279,35680,45026,56332,64272,74425,85188,97678,107583,117273,130348,130913,138309,159089,168261,183278,197356
3432,9014,15338,22916,31900,40265,49853,59044,65829,82770,94321,103509,114618,118118,132940,144784,154822,163304,174459,192859,191854
3433,10347,18536,26393,35666,44768,54672,63599,71558,87931,99599,108962,119275,125206,139405,153604,163630,173481,186633,204469,204685
3434,12355,39616,55541,71234,83780,101022,108162,126093,113503,131605,136200,148571,178352,187676,200384,212916,240050,261117,263747,282961
3435,7510,14715,23536,31817,43707,50438,62991,71223,82618,94761,105493,109027,119979,133327,130840,136894,157523,168737,180703,194687
3436,8444,14413,23739,32429,40833,50784,59250,71083,83434,94865,104620,114864,125984,132066,142301,151099,161088,171209,186552,184989
3437,10653,18770,29358,39670,49067,59857,69765,83433,94716,105594,116207,127348,139620,148130,162017,170853,183356,194964,213560,214652
3438,14976,28972,44726,57871,70133,80454,94144,103625,104714,113907,125607,137611,164390,172486,210705,190056,300895,296544,324509,321384
3439,8135,17161,27418,37560,46223,53491,67168,76469,87232,100311,110853,115852,126050,140097,138030,146244,158949,169132,179099,190702
3440,8531,16405,24297,33537,41851,52556,61525,74993,86429,91793,106545,117692,121514,136287,146080,156368,153464,165088,175540,191001
3441,10769,20979,30272,41424,50964,61314,70735,85379,97081,103291,119157,130378,136749,150827,165222,175876,175045,190110,203176,217925
3442,17229,26612,36801,48800,57365,68927,81618,91355,117586,126858,141536,152526,184118,193578,259011,203944,227681,245430,246215,264681
3443,7688,17886,28832,35708,48132,58742,67959,76220,85815,91821,105345,114625,126236,137993,137209,143966,144468,166470,167042,188459
3444,6768,16454,24412,33225,41737,51691,60219,71964,82300,93537,102871,113274,117615,129384,128140,148587,149142,159689,169691,183619
3445,9074,20748,30516,40486,50783,61792,71801,84572,95873,108111,116253,127659,134071,147311,146387,170420,171818,181803,194216,208981
3446,18990,29007,42132,56366,68977,78041,91753,101299,145386,156446,172656,186061,222259,230683,215318,262703,212106,227720,245896,266491
3447,6470,18819,28243,38291,47691,59068,68346,76711,80990,92368,104718,113279,125742,130976,139423,144366,145070,167919,167667,189844
3448,6771,16218,24811,33762,46671,53470,66730,74420,77919,89662,94974,103526,114597,125994,145340,144689,164647,176788,189940,189399
3449,8364,20882,30447,40353,55072,62924,76220,85536,91020,103656,109502,119661,131844,143105,166311,168890,186351,199658,215036,216104
3450,18265,36782,55469,73134,92529,105024,122238,133641,125253,137847,155223,161014,175015,201095,195495,223096,224224,244330,263947,262986
3451,7485,18125,27388,37412,46426,57456,65783,74910,85623,97381,109409,115132,124942,131432,137637,144065,164218,173308,172596,184399
3452,7411,15729,23987,33412,41486,51289,60330,69097,83458,88967,100515,110185,120436,133371,140485,151516,171231,170685,180783,196763
3453,8867,19782,29369,39353,49269,60730,69380,78959,94549,102427,114630,124315,134459,148768,155721,172104,192402,192259,203712,222642
3454,15244,35107,49600,65274,77771,94190,104520,114803,113928,127352,138119,152028,158371,191614,207287,216194,271875,292917,315680,316530
3455,7685,16882,25753,35216,47189,54869,67360,77458,83321,94229,107188,119037,123661,136002,139816,148158,154594,168050,167948,189263
3456,7513,14625,22207,30671,41832,48703,60419,69735,86551,91720,104436,114384,125699,129591,142835,157188,154852,163691,174292,187549
3457,9820,19526,28234,38790,51607,59332,71428,81807,98174,105269,119099,128197,139485,146603,160154,176449,176903,189348,200609,215022
3458,15455,31354,43779,58244,70518,85075,89788,104588,106409,112494,122625,134065,146000,158939,248513,176828,216420,227277,245178,245509
3459,7937,18632,27896,37874,50448,57554,65843,81088,86188,96559,110978,120907,127117,132415,136685,151708,151594,159472,172699,181659
3460,7843,16097,24003,33203,44572,51710,64700,73705,83818,95596,101282,110755,121727,132970,129822,145818,157054,165306,176006,188124
3461,9035,18719,28164,38570,50720,59220,72203,81565,91779,103973,111537,121305,132315,143987,146918,159402,173856,186438,198528,211850
3462,14180,26874,38460,50979,60455,68544,79209,87692,110467,123652,134107,147267,159144,175313,191162,216311,200156,212740,228960,247131
3463,7509,17508,26331,35369,44176,54902,63213,76947,82985,93594,98648,112501,121003,126535,130554,144750,142231,149588,162169,170820
3464,7502,15099,25113,33782,42367,52898,61610,69663,80407,91062,101435,110005,120047,124929,128650,148979,156178,166508,166223,175590
3465,8556,17697,28363,37739,47771,58754,67769,75825,86182,97591,110011,118650,129846,136006,145735,164670,172522,184006,184311,198549
3466,13844,23015,34029,45289,61906,70859,83012,98546,136429,152152,161833,176433,181958,217626,179084,239186,215850,235307,253229,253196
3467,9543,17706,25833,34666,43186,50132,57800,71395,73531,83212,95527,105300,109269,114116,119766,130735,137442,151313,151984,161048
3468,8708,15970,25560,34696,43409,53707,63535,71012,72450,81802,93475,101342,110605,114943,139891,137116,155408,158103,167683,181500
3469,10270,18809,29509,39232,48993,59405,69260,77358,81175,92011,104348,113923,125948,129851,156543,158361,175774,175996,187265,201904
3470,16872,26527,38409,51233,72481,91646,101916,122951,113516,118650,134212,145936,152053,173123,199999,201806,263709,283136,282163,303567
3471,7498,19571,28285,35238,43116,53139,61452,69427,79700,83749,96587,106291,110791,120596,125696,131205,137994,148639,157957,167182
3472,7382,17068,24977,34276,41488,47273,59974,67199,77190,87936,96189,109928,115403,126684,135340,143571,151580,151506,162028,176050
3473,9006,20696,29426,39234,48549,54784,68362,75913,86597,98422,106379,122088,127840,139643,152990,160822,174074,174320,186355,200403
3474,20621,36310,48668,64908,68648,77887,86052,95452,100937,110136,126489,131675,144990,166433,226166,188137,210811,226331,247049,246390
3475,7641,17246,24869,33837,44709,55198,64621,72073,76578,86097,97759,106464,110871,120861,119445,132777,144304,143174,150048,161645
3476,6519,14545,23232,31323,39215,48713,60980,68399,78071,88246,101164,110703,116103,131617,130037,147400,157508,156597,169212,183943
3477,7814,17883,27812,37384,46589,56575,68342,76927,87455,98859,111654,122208,129038,146314,146709,165161,175461,176058,190315,206230
3478,16258,34015,42321,55430,59120,68247,80715,90687,97684,106688,116198,135227,157921,165367,190383,185295,213182,231012,229259,253030
3479,8024,16252,25928,30696,44159,48523,62765,74846,71541,83102,100670,109124,119082,124696,113491,130002,128513,137264,145618,157261
3480,18239,34324,51918,67991,81511,96821,107505,125259,132043,146257,156714,174077,189382,203066,203066,223528,223528,235857,251028,264908
3481,7907,16012,24945,31134,38312,50198,58367,65449,74106,85234,89607,97687,105802,110938,110938,122704,122704,142174,141464,151151
3482,8761,16167,24876,33986,41581,55484,62937,69866,80957,92620,100365,111159,114309,124819,132370,150188,150188,163899,174638,191418
3483,9285,18217,27868,37264,46570,60966,68514,77008,88341,101021,109647,120913,127240,138094,146367,165786,165786,180575,194005,213743
3484,15535,33306,46637,59859,62647,71698,85727,95099,129524,145447,160177,182220,200634,209698,196571,243490,263682,260061,283667,276945
3485,8629,16310,25351,31468,39335,52344,58302,67032,75277,85052,92067,100166,104723,109824,115001,124300,131757,141022,149398,160925
3486,8577,17859,28209,37640,46641,57869,67518,77712,85672,92339,105840,110605,125623,133269,152959,149763,161925,176687,176382,193486
3487,9665,19611,30298,39929,49055,60257,70773,80079,89177,97332,111595,117240,133528,142939,163995,163534,176442,190498,190275,206338
3488,13581,27245,39588,50806,84856,97423,109980,120084,157141,166414,180329,212517,220791,233306,222508,270030,287451,285952,312221,313439
3489,8918,18447,25989,35025,42189,51440,57995,69924,72834,86645,89579,98764,102423,107894,113669,123182,130347,138959,147934,158696
3490,9152,18804,29126,38791,45797,56312,66918,75815,78471,90629,98618,109031,113296,130598,140480,149253,160997,173431,174362,187894
3491,10069,20577,31019,40582,49611,60970,71509,80744,85916,97897,106589,117657,123612,142182,151987,160430,173997,186965,186242,203569
3492,23949,43760,62175,76755,102193,113868,127184,136644,112230,122263,132820,159743,170975,180064,243006,207376,222066,224359,244948,244633
3493,6678,15702,24105,31799,35700,45982,56656,63678,78410,86427,92897,97189,105966,106133,110480,120984,128132,137209,144665,157031
3494,8011,16857,25764,34329,40849,49105,59780,72296,86020,93662,106961,111844,127968,137825,136477,158703,157388,170721,184225,206292
3495,9736,20356,30533,40410,48684,58738,70216,83434,97564,105221,120005,125876,146369,155351,152330,177312,176205,189654,206073,226797
3496,26699,49107,71490,88600,72199,83077,95618,104930,110426,119319,151211,157920,166592,177102,201817,204571,218435,241207,238354,264850
3497,6430,11825,19434,26123,37557,45185,56000,62517,77072,83389,93736,98430,102782,108172,107331,124215,132437,141612,153295,153532
3498,7210,15004,22818,30459,44144,53942,64465,72787,90362,98006,106003,121292,128077,137464,145481,157281,171340,187374,186364,207692
3499,7662,16495,25122,33360,47324,57481,68133,76794,93807,103315,112457,129562,136671,146671,157656,170884,181134,196683,195805,217317
3500,22266,39749,56431,74362,87627,70531,83228,92468,95247,104457,125072,131941,194593,212774,191182,243679,242629,267580,266138,289435
3501,6313,12912,19913,28545,38130,41326,51095,58442,70803,77099,85325,88773,92229,97257,104381,112562,121103,129597,140211,139214
3502,7981,15265,23295,31351,41628,52502,64187,72701,81781,89407,98895,106896,119876,128262,138062,139282,149962,163697,164890,182538
3503,8207,15981,24620,33146,44494,54961,67325,76140,86411,95369,106496,116556,134200,144261,157724,156301,172333,187606,187162,208222
3504,16803,33190,48843,62098,51489,65750,75415,88680,142435,173358,178532,200618,217924,236096,250167,250550,278164,301978,299988,298853
3505,7782,14932,21114,28604,35507,44343,50708,63640,68688,74635,82665,86561,90832,100754,105726,106135,113697,122086,133891,133741
3506,8401,16076,24523,35821,45673,56401,64792,73904,78177,85317,98586,104469,110510,120945,129754,141327,154995,154665,172596,171365
3507,10848,20829,32033,45467,56037,66891,77771,89203,97240,107478,123724,131155,139686,151836,163907,178876,198112,197412,221692,217722
3508,18908,36750,53267,72988,101914,117875,127043,142294,147196,173530,180418,201116,175842,191836,251051,205491,225783,250523,248206,249511
3509,8172,16943,25946,35105,40620,50232,62104,72106,79971,91351,95642,100470,106227,115779,122328,132226,140715,141485,152429,165408
3510,8419,16083,24927,33998,43189,52126,59715,74048,80398,92129,103073,111118,128658,138410,136573,161830,177268,177476,197644,197081
3511,10834,20770,31860,42372,51783,62305,71630,86220,92836,106488,118622,130755,149073,159684,158881,190969,207013,206978,232105,231723
3512,31127,64190,92449,106279,89077,99575,116249,124010,120142,136321,159532,168973,169398,183919,207430,215018,210528,233550,233821,257813
3513,6169,13592,20593,27308,37060,46579,55996,65037,79350,85235,89925,98584,97258,102504,112587,118210,126655,136413,149520,148202
3514,7285,13711,21234,30566,39197,51869,58623,68252,83741,91589,100700,109297,125804,134900,135183,156026,156630,171859,193005,190053
3515,10115,19629,29232,41321,50301,64886,73171,83516,100947,109897,121779,132802,149353,161461,160834,189388,190768,206103,230521,231110
3516,27251,50161,72114,85093,67674,77815,87973,101366,117180,134331,155386,165629,220109,238895,200943,275142,276357,301026,302933,325943
3517,7040,14854,24882,32851,42167,52567,59980,72002,86091,92890,97053,102398,106013,112611,120889,128051,128701,146333,157942,159056
3518,7648,16143,24925,35732,50366,60425,68567,82544,89363,101511,112281,122673,120288,128219,144618,156069,156418,167706,183899,184512
3519,10463,22477,33620,47926,57488,74225,83396,95240,108762,124276,137168,150167,149404,157302,180812,193594,191999,207699,223269,225027
3520,14846,30067,44113,57183,73798,81540,96581,112318,108517,117659,133207,147270,199896,213007,262526,247328,261896,261580,283342,286363
3521,8025,16514,23310,30883,44952,52388,62507,76378,86326,94572,101927,101508,107207,111802,116759,127332,134182,143972,153863,166584
3522,7990,17463,26825,35711,44341,55677,65691,74703,84265,96820,104742,109476,124749,131585,139466,149335,162355,176256,175981,191648
3523,8940,19606,30936,41530,51041,64280,76021,85867,97009,108561,119879,125239,144147,152067,162355,172188,186912,199565,202241,217950
3524,19302,39219,58722,75708,87850,70212,82177,93523,145000,163159,175965,200769,168042,189798,218313,202168,218716,234391,257068,254544
3525,6495,14777,21540,29130,39370,48302,58289,65933,68800,78694,85005,94256,94578,104237,108764,109200,119456,126548,144326,155489
3526,8052,16030,25405,31953,43374,53714,63931,72158,74891,86341,94588,104110,121353,138117,135646,160951,160367,174413,189108,188447
3527,8699,18112,28345,35338,47286,55689,67263,76654,81702,93910,104826,114081,133754,153542,153493,179915,179997,196092,216623,213315
3528,18638,34820,51374,67002,91162,114542,136922,148656,131308,143149,156417,189817,195876,207502,215523,241656,259815,257076,281452,303571
3529,5953,12532,17301,24257,28472,35408,45203,51545,66374,73773,76570,85282,89080,94207,99913,108657,115643,115469,122764,132703
3530,7990,15147,22397,31576,39717,48748,55172,64321,76411,83866,92440,97866,113624,122084,130225,141207,153817,153062,168781,189798
3531,9312,18954,28413,38494,47253,56970,64978,74283,85952,95175,104422,110138,129198,137824,147946,161927,174918,177499,194962,217678
3532,39390,73263,97418,119026,78951,90633,100255,113680,116983,121940,140631,166903,214570,229802,193679,266022,291817,289959,313542,311811
3533,4013,10769,17734,24881,34308,44149,49914,61610,69666,76565,79033,86839,86979,91288,105784,104513,110556,117604,125941,137049
3534,7227,14343,23710,32558,46293,55599,63176,74728,86743,95902,109356,114530,112937,128944,141947,140068,149335,163965,164447,183717
3535,8012,16148,25835,34553,47157,55969,64017,76318,87079,96798,112971,119623,118848,135326,147947,147824,159036,173949,174121,194371
3536,20425,36269,51424,67372,62129,71683,83880,94858,103070,128675,145753,151708,179339,192203,169004,203523,223123,244864,242840,243294
3537,6334,11477,15833,22321,31548,42745,48390,59684,66044,71153,78689,82516,83050,87571,101883,100212,106584,114288,114041,123647
3538,7906,17456,25869,35028,45729,54938,66654,75540,83169,91559,105579,111682,119468,128196,140983,138005,150367,165939,166013,166009
3539,7951,17871,25892,34645,44442,53679,65768,75323,82728,93144,108787,116934,123578,136759,146353,146295,158448,176241,176804,176711
3540,15261,27875,42472,54390,62937,75122,86964,98861,104242,126238,129363,149783,163840,175175,257405,212634,209690,241741,241217,243589
3541,5957,10007,15435,21255,32612,40834,50645,60361,67511,73964,77869,81574,80974,89342,94262,99701,106899,116211,115590,125452
3542,8441,16893,25030,34457,46471,56905,65292,75043,83855,97530,103586,109036,118470,127792,126578,139479,153736,153565,153658,170961
3543,9951,20183,30917,41922,54903,68235,77953,89442,100112,115111,120700,133169,142179,154337,153617,170447,186599,187653,187086,209380
3544,15959,30109,43247,57571,70804,83262,93303,106748,171288,181256,209192,223706,185224,202020,227153,219286,250648,247589,249329,281413
3545,6939,12346,16582,22845,35180,46732,58621,67443,69908,77372,80698,84609,91211,97389,97876,103725,111875,120554,130204,128212
3546,8429,17894,27078,36152,44160,53881,64392,74384,76803,85548,97188,103669,119269,129046,128603,140242,156804,155882,176097,172656
3547,9573,21627,31539,42580,52273,63756,75363,86280,90434,99953,116449,123872,143289,154413,155546,168735,188014,187750,209875,208364
3548,15027,30407,42340,54100,92799,106259,121526,134692,124178,154081,162227,174571,232400,255682,201764,274402,272311,316305,315168,353707
3549,5897,10835,15305,23362,31986,43628,50389,61742,68404,75308,78883,82705,88697,93416,100790,106947,106731,114854,124553,136800
3550,8670,16662,25878,35268,41458,50822,58468,67500,79787,90943,102563,108794,106550,123697,139109,136108,153779,151885,171362,197813
3551,9740,18785,28003,37958,46085,57129,65820,75677,88230,102549,117498,125265,124445,147491,164101,163260,182578,181196,204287,233638
3552,14537,26185,65183,67492,74047,87692,101602,109699,136159,136686,157866,169392,193559,209250,199101,230311,232593,262387,262695,304734
3553,7495,13172,18073,25747,38655,47795,60017,70221,76907,85254,83853,95891,94677,99965,114992,114332,124306,123427,134298,144712
3554,8349,18206,23889,33024,47709,54401,65533,75723,83110,95959,108235,115100,122303,131642,144844,161787,161595,160561,181250,209068
3555,9572,20854,27629,37647,54257,62756,74822,85454,92861,106674,121454,129315,139426,148889,162932,179692,179018,179001,201647,232616
3556,19711,41369,51198,61786,70663,83498,90517,102899,124363,134071,140206,150414,179167,195214,178815,215502,214168,248262,245152,244833
3557,6637,13908,19202,28391,42712,52123,65767,75609,81670,86015,89756,102723,101139,105228,121500,118869,127909,128209,150066,150589
3558,7937,15099,27023,36929,49669,60655,68833,78318,89468,101685,106970,122143,129911,138655,154939,150053,166634,165546,184333,186347
3559,8457,17256,30275,41127,54423,66243,74696,86353,99642,113224,121271,138201,148814,160879,176132,173252,192703,193148,215691,215869
3560,17984,31690,46135,55911,62151,78429,86320,98713,118807,124583,139004,148834,165969,175727,248177,211430,211800,239617,238542,241816
3561,6504,12535,19109,26184,39556,52113,59683,71130,80842,84663,87295,99757,98411,104318,118574,118562,127247,137366,148521,148664
3562,7890,16704,24840,34445,47061,56112,67864,77202,83788,91747,103844,110670,126361,136989,135463,148400,163979,184436,184857,214284
3563,9364,20318,29998,40227,54449,64697,77695,86682,94938,105774,121988,129723,149277,162085,160928,175052,194206,216356,216879,244841
3564,17868,32709,37425,50364,64124,74833,84243,100488,136664,160968,187624,200701,158772,170021,205987,206763,279354,230407,229701,228349
3565,8351,14476,19748,29788,44242,53726,65701,77635,82684,87255,93745,98505,106741,113177,118533,126506,135626,145543,158852,158324
3566,8230,17327,28716,39288,48609,57162,69732,80035,85310,93561,103535,108831,124741,133674,143477,157048,155593,172831,194217,193824
3567,9034,20272,32398,39506,52805,62947,76587,85751,94559,104050,117806,125090,142421,154064,166607,181277,180617,203582,223867,223925
3568,15922,28227,37598,49066,77728,88334,110568,122307,121624,143887,161494,172438,211045,227876,201994,263638,259054,285355,325956,323326
3569,7250,13984,19020,26319,38457,47900,57075,66107,76633,84011,87330,91078,95245,102865,116187,122630,123278,132468,142967,142987
3570,25296,47938,62255,79125,94167,108982,126964,135031,149974,161834,172209,179478,188317,198574,210013,220816,234489,234489,254811,254811
3571,7931,12889,17590,26041,35065,47138,52659,65989,72292,79261,82966,86807,89811,94860,108939,115798,115379,122750,131769,141979
3572,7911,14827,24871,33963,43145,51252,56955,68652,77297,85154,96666,101786,108534,115796,135197,133583,145523,162160,160015,180059
3573,9501,17873,28777,38791,48071,57550,65174,77402,89205,98047,112531,119196,127819,135489,159503,159754,172673,189512,189968,212188
3574,15412,28523,35032,102537,88666,106835,113610,129305,130858,151134,178128,191253,219324,235926,218781,254508,254144,275519,307795,307795
3575,7763,12109,18127,22416,33370,44355,50967,63874,71340,78164,80944,89396,92817,93002,116216,115759,124870,134208,134247,145191
3576,8924,17646,26973,28881,43918,51000,63832,71000,82401,90443,103025,118653,125209,137041,149271,147188,162946,180235,178498,201537
3577,9490,19559,28894,32326,46972,56486,68827,76074,88082,96442,110849,126755,135875,148470,159154,159847,175032,195408,195945,220572
3578,14016,25714,83109,70090,72460,83565,91225,108290,107690,122633,131946,153021,164776,177562,160160,211924,213324,233154,268738,268738
3579,8192,14266,17601,26129,38725,49053,60003,68682,78902,81510,84909,93315,98871,107276,121198,120215,128400,139973,138337,149666
3580,9468,19321,22197,32660,46144,55433,68028,78319,91094,99528,112960,120981,129423,141614,152736,165870,165406,186489,181270,204850
3581,10041,21169,26107,38128,51017,61165,74244,85589,97125,106356,116044,130788,140169,151096,164166,178713,177390,198127,197801,219603
3582,32688,57754,56109,59604,66301,76589,91281,104360,111308,132938,137652,157099,168739,181254,268535,214815,319334,234747,232018,266411
3583,3982,10777,17152,26462,36321,48968,59852,68722,78897,84978,84707,97623,97445,105748,110851,126816,125947,137327,149098,148036
3584,7106,13469,23626,36138,47751,56234,67705,74353,84412,90801,103317,116514,125234,135621,131694,160288,158459,178455,178437,199707
3585,8350,16971,29416,43281,54120,64730,78049,84432,96327,105675,123338,140088,150281,161570,162011,190139,191421,211329,212162,234845
3586,22753,38787,46091,51502,61341,72246,78984,95740,156505,184477,202684,210075,155710,165669,222238,194523,244638,215696,213271,243626
3587,6204,11283,18676,26525,39017,48468,55479,68082,74334,80919,84939,93413,98097,105841,111605,127463,118890,137147,146783,146387
3588,7454,15549,23851,37919,47899,56131,63616,75338,81024,88190,97664,103847,119633,126783,135295,147165,160123,178438,178842,196646
3589,8480,18630,27972,40279,50703,60185,68638,80851,87112,95731,107274,116667,131015,140369,153230,164008,181937,197761,200000,225340
3590,16680,31845,40466,46175,99866,110341,126973,141574,129266,139235,158525,178780,221784,241722,208682,280912,231154,305473,304825,351754
3591,6674,12147,18836,28494,35176,44445,54572,66532,74046,76874,80668,88975,98429,97913,114255,120232,129862,138874,150666,149506
3592,8476,17767,28586,38433,43211,52018,62937,71228,86052,94108,107656,113943,121554,129301,142493,150489,166984,164231,186544,184115
3593,10158,20985,30775,41325,46844,56710,68606,76865,93295,102177,116508,123582,130612,139751,151177,165124,178735,180717,200511,200951
3594,15686,30931,38023,77058,85494,97726,107498,120803,125538,136610,156806,176227,207376,227755,206463,241648,227130,289129,288211,329637
3595,7169,12799,19194,26311,35612,44953,53678,61588,73554,80037,80037,87697,92598,96127,111833,110245,126961,125778,136132,135271
3596,8924,16757,27840,31652,41649,50719,61191,71999,85075,93014,97775,112145,118253,126063,138448,147658,163748,160736,179400,178917
3597,10691,20668,33522,37811,50156,61157,74168,87580,101576,111699,116445,134478,143849,153540,165568,181669,196490,198801,219545,220233
3598,13002,24167,58017,68911,68344,84743,95936,109542,111488,128346,147475,155633,193518,210707,192361,225955,211681,273412,273475,271180
3599,7158,12937,17847,26984,37552,47255,57053,65792,75362,86423,85277,94050,97952,104074,121125,120623,137439,137042,148880,148505
3600,11054,26070,38055,50503,66185,75395,90097,101206,111589,118043,138582,142447,152307,159155,172056,179903,195244,195244,204967,216122
3601,1792,4937,8828,10554,12475,13841,14758,15967,17428,17427,18975,18759,20421,20395,22061,24064,24279,24279,24214,26244
3602,5644,8484,12904,14813,17619,19077,20254,22399,23961,23907,25728,25955,28088,27941,30345,32959,33188,33188,32909,35700
3603,5710,10025,14012,15245,16013,16169,17312,17193,18916,19015,18657,18716,20300,20223,20313,22225,22288,22288,22140,23925
3604,23345,74206,91199,104877,109298,104482,101419,98221,95051,92622,87395,86367,89031,87588,84240,87613,83858,83858,81915,80782
3605,4838,13663,18961,10230,12191,13477,14499,14493,15844,15769,15842,15795,17037,17187,17129,18680,18662,18662,18676,20171
3606,9334,18499,21432,16291,19176,20942,22651,22901,24907,24824,24804,24848,26872,26825,26920,29132,29181,29181,29138,31860
3607,11073,21558,21201,19830,23031,25075,27027,27144,29192,29112,29237,29034,31381,31502,31288,34083,34126,34126,34253,36710
3608,32381,47464,70682,95574,110619,121754,126050,125003,124957,124332,121713,121248,126609,126166,124919,129882,128101,128101,127544,126305
3609,7888,14484,23694,16894,21808,25548,27554,27594,29816,29702,32272,32187,34850,34924,34803,37696,37769,37769,37833,40812
3610,9307,17987,29043,26056,33296,38805,41303,41643,44403,44542,47717,47568,51574,51730,51534,55833,55674,55674,55674,59444
3611,11658,22777,36217,33842,42054,48367,52581,52426,55797,55908,59698,59938,64616,64745,64637,68949,69464,69464,69215,72911
3612,27302,33803,50989,69664,84379,97327,107608,119272,131048,131113,135365,135639,135420,135115,135915,141288,141320,141320,141276,148349
3613,9712,19475,31829,26521,36451,45846,48915,55678,59969,65031,64822,68545,68578,68489,72515,76780,76362,76362,76952,81514
3614,10014,19921,32121,39924,53177,66276,68998,76596,80424,86454,86012,92161,92853,92404,98338,102098,101658,101658,101992,105853
3615,10806,24238,38490,47576,61907,75298,79609,88457,93381,99361,99340,105683,105952,105789,111435,115374,115704,115704,115499,119958
3616,18993,34701,48341,65747,83392,86888,100109,111543,127301,138856,159020,174154,174499,173647,183327,194153,195508,195508,193928,193288
3617,10174,20593,30448,35472,50525,57480,65137,77385,86795,92701,103632,106439,107170,106418,110727,114242,113804,113804,114087,119144
3618,10113,20846,30454,44831,58523,66860,78944,94117,104787,117648,126058,131369,132239,131061,138032,147692,146437,146437,146264,154990
3619,12217,24842,36559,52133,63120,75637,89910,107176,118528,130172,143264,148281,148531,148411,155433,169531,170262,170262,170340,180370
3620,19137,29050,41740,58337,74031,78792,90024,100552,110491,123376,138649,166054,177532,187335,201289,215794,231980,255474,255610,310237
3621,9621,20391,29615,36877,53069,60188,72789,85503,95749,110390,123772,129313,134976,139111,139853,151890,158478,157899,157528,166683
3622,9767,20862,30191,43904,54188,65173,78211,92509,104039,115366,125032,135698,152373,158976,169088,179240,192387,205140,204356,221461
3623,11406,22328,35089,50860,61836,75243,90432,106736,118673,132536,144851,159336,182244,189433,201665,215744,232475,248122,246282,267044
3624,16041,33325,52576,69993,87064,103889,101339,117844,139893,149547,168809,187578,207687,231199,245239,262390,280707,295456,294820,369543
3625,9889,19227,30373,43676,58142,61912,75461,87053,97830,112756,120802,131094,136263,152960,169295,178893,179107,190512,190863,204789
3626,9868,19156,30535,44511,59157,66354,80347,87746,97699,113582,120631,130803,141894,159019,167809,176057,189101,202044,202858,218693
3627,11355,22414,35966,51464,66903,74667,84663,99313,111235,127120,134978,147596,159082,180605,192065,202827,220778,235263,236422,255623
3628,20980,53496,74344,110561,132157,141755,130425,145010,160058,170715,194313,208343,222568,241933,252250,267679,290746,306889,337334,266145
3629,8818,16316,23814,37384,49600,65061,64940,72745,85924,97452,109985,118571,126932,142908,150926,158726,168916,181056,194776,210876
3630,8782,15837,25727,37310,49804,64832,65131,76361,85783,102054,111888,121269,130926,140221,156175,165211,177026,191940,206904,229603
3631,9668,18601,29566,42804,53025,73199,72715,85441,95181,112138,124040,134387,145880,159147,176662,187788,201944,216205,232439,260244
3632,25176,34176,48906,63296,81648,91842,95426,107200,115965,124427,142070,165037,172026,181074,203938,203928,220661,234724,259584,278559
3633,6568,14808,22249,32982,40455,54021,54171,68620,77073,92419,105794,114075,118547,134002,149651,161498,172427,173332,185858,200840
3634,8920,16990,27271,36542,45457,55492,66796,78591,88505,96460,111650,120615,135622,143785,162226,162111,173562,188421,206059,204070
3635,9606,18801,30839,41502,51291,62336,74809,87691,97907,107100,124325,135620,155025,163533,185404,185426,198502,215354,238162,236093
3636,20223,30766,47601,60495,71894,75727,86154,99572,107707,120754,134585,150596,168956,180064,192288,208437,207277,231540,251990,264336
3637,6395,14406,23630,31994,43668,54001,57297,66815,80562,90665,99827,108811,122822,136351,147225,159080,172487,190467,191113,207999
3638,8792,17983,26305,35961,48496,59940,69916,82688,90000,100938,111632,125817,132976,149313,161909,176238,175331,194706,216749,212257
3639,9569,20841,31077,41849,54696,66728,77305,91718,100478,112967,126400,143369,151313,173797,184840,202283,203292,221281,245465,245736
3640,15887,26901,38031,50812,64408,67337,77568,90755,98673,109442,127277,142127,150779,159987,173361,173649,192306,210991,209972,335416
3641,7695,15957,24390,36080,43991,54942,57289,67759,81796,96065,108178,121849,136523,146363,155306,169968,186153,184530,205200,201606
3642,8856,18580,27510,37222,48482,59485,70021,83856,93273,106091,117564,131095,137525,147410,157652,171870,188419,209856,209531,205063
3643,9235,19749,29971,39963,51338,62323,73969,87987,99316,112367,126632,141875,150427,163191,173686,188912,210713,231970,232103,229857
3644,14224,30965,44118,56950,71101,78050,91926,102629,110812,139766,151350,157523,168696,200313,194120,216025,241687,233313,273515,252525
3645,7806,17315,25509,34760,44277,54192,57461,69276,79451,92795,104849,117196,123687,141587,152903,153580,169628,187731,188044,218263
3646,8944,18006,28659,39487,46011,59127,72131,80470,88061,98962,111585,126441,133801,143681,154850,173359,172671,191674,219697,221754
3647,9873,19936,31420,41504,51624,65380,79332,88970,98466,112900,131346,147080,158004,170700,183967,205824,205952,226188,256220,256900
3648,15091,47130,65420,83116,98056,111767,129438,149211,173881,192995,211350,226841,243832,255516,279388,299612,298838,336246,335154,271856
3649,8403,13820,20707,30731,39663,49254,58614,70258,79451,90658,102299,107663,120728,128368,138394,147683,162486,162167,182530,214980
3650,10274,17511,25548,34990,45540,54209,64839,75582,85821,98332,110689,117625,134038,143006,154893,169881,168376,187304,190980,223793
3651,10613,19603,28708,38027,50317,60221,71910,84265,95036,108403,123384,129985,150898,161299,175555,191941,192406,213941,213801,247299
3652,21949,30552,42610,57998,69227,78612,89838,99433,113796,128432,134788,152898,164346,174988,190182,208322,206444,233732,238223,266650
3653,5700,12549,20475,30284,37823,49037,51696,65673,75036,85986,97964,110418,119420,137117,137146,152842,170648,169886,195703,194279
3654,8341,17531,25634,36918,45354,54003,64934,73163,87609,99787,106250,121167,130791,139688,156273,175405,173404,201186,199553,199640
3655,8008,18132,27112,39124,48312,57142,69058,78195,94770,110679,117099,137438,150314,163075,181759,202368,203111,229200,231414,228342
3656,14402,25392,35830,49455,57985,68321,81837,94106,121567,128429,139155,148707,159922,178128,195919,195390,223001,219943,264930,344108
3657,6630,14479,23606,34406,41804,54717,54236,65514,78978,91045,96641,109328,118102,140812,142126,156978,157307,184063,184789,184013
3658,8674,19310,27677,39739,47021,57105,68543,79165,93566,100165,117036,123185,133304,146975,146479,162682,188665,189513,192832,188756
3659,8862,20123,29933,44444,52283,64765,77709,90363,109461,117313,136694,149789,162122,180416,179684,201712,230124,232612,232052,234968
3660,14812,26404,40118,51675,64955,74278,90008,109551,118047,137808,146353,153017,169354,182688,184959,207147,204595,205422,244594,277141
3661,6960,14233,23307,32132,42428,51631,59240,69180,83230,93440,99893,117469,128879,126673,143053,157825,157978,182624,181527,181654
3662,9047,18860,27574,37415,47422,60244,72078,79875,89811,103610,112276,121218,131562,146014,166478,164062,187628,188610,188625,220128
3663,9615,19662,28927,40818,52535,66034,79936,86630,103182,116273,129399,140949,152143,168254,190937,190278,217371,218340,217995,254275
3664,13743,29602,45924,58342,73744,84250,106742,125224,141716,153677,167648,179546,197875,217845,214282,250189,250391,300700,297035,249344
3665,7241,14946,24529,34194,44074,56683,61256,71353,86248,91814,106748,114627,125765,140964,139871,154643,155789,176888,176956,213614
3666,9680,19265,28284,37773,48867,57756,68689,82386,87499,100743,108385,117684,128274,143769,160437,158071,185129,182877,211474,220733
3667,9508,19973,29266,38996,51100,59880,73138,88420,94855,107720,117408,126499,138647,154558,169696,170319,195363,192852,226354,234562
3668,16796,51986,73299,88722,101953,123790,153704,169551,174670,204810,216877,239799,235212,244971,292325,274265,315616,307794,308386,299881
3669,7901,10080,18867,28070,38084,49867,59184,68436,76280,88733,102064,111433,120375,131274,145441,165433,164883,191589,189303,195143
3670,9958,17499,26085,35509,46187,55927,68703,76059,86658,98773,105806,115791,136428,151290,150087,172361,172889,197758,197566,234366
3671,9466,17965,26899,37590,48095,59444,71235,78843,93497,105640,113449,123939,147629,166677,164776,187922,186395,217510,216290,247075
3672,29444,32407,44448,57286,70482,79737,100284,115323,117317,134913,145224,156933,174785,174344,190779,190973,217758,221476,254102,342183
3673,5758,15710,25443,33675,45037,56969,65022,74852,85875,91065,105338,115048,127457,141292,140897,159167,157728,182857,181547,180902
3674,7861,17626,28173,37106,49452,58179,69883,84278,88114,99375,107560,117610,130722,144505,164808,163822,189094,189758,186818,188198
3675,9727,21999,34426,45189,58660,69446,82980,99857,104586,119047,129192,141782,155606,173259,195590,194292,220348,227653,217873,225356
3676,18845,28499,42584,52713,64687,73287,85733,98498,116973,124067,133071,144960,161360,178641,175848,204077,198472,202583,235596,241561
3677,7928,18653,29951,43334,52018,70349,80621,92745,104258,118621,131391,139704,152176,170228,189659,189449,222655,221969,250728,252373
3678,9114,19733,31869,42200,54140,65508,82212,90082,100801,114503,126324,135709,148771,167281,165906,186937,187775,218629,211219,211734
3679,9811,21584,33159,44173,56942,64748,82233,96422,111777,117218,137424,144293,162526,162165,182899,206160,202807,232540,232160,234645
3680,14707,28566,36500,50678,63421,70440,92209,105192,108231,122746,133481,157216,155165,171387,191442,188305,218472,217294,253468,271622
3681,8629,18803,30663,40088,52191,64088,86181,100036,107486,123660,131903,143387,152350,167497,188259,186248,211196,209162,240506,241868
3682,9183,20195,32266,42438,53956,66479,79080,91379,109561,118692,118380,136835,146137,146193,161764,180876,180252,202080,198046,233626
3683,9980,21396,34170,44837,54799,71638,85323,97672,119695,129430,129227,149748,161526,162186,173678,196364,195020,220963,219513,257931
3684,15445,25758,42845,61212,74679,89126,109927,126431,160433,170728,185578,182518,199393,218687,237041,242022,262238,263505,305273,243384
3685,8425,17990,29260,38303,47832,62217,76610,84970,97286,112449,119974,138537,138117,137780,149099,162571,181431,181563,202663,205424
3686,8494,18461,30181,39528,48793,62919,73837,85598,97961,106302,119066,137950,137742,149754,149286,163702,182185,183472,204618,206777
3687,9719,21927,34766,45446,56176,71509,83820,96556,104642,120621,127121,145387,159092,159661,171025,186193,210116,210275,234270,234641
3688,12849,28455,47328,66041,82723,97694,116406,131768,146060,158723,178321,207829,222345,227293,240468,266467,265786,290147,287960,313753
3689,8413,18395,24773,36551,45132,55037,71767,82828,90655,99033,112357,127272,134874,146795,171399,171989,172074,171201,189589,211360
3690,26425,50146,69209,87452,103106,127610,145811,163046,170813,188783,208348,220675,231683,245849,266488,266488,286206,286206,286206,315847
3691,9524,19609,26218,38553,47749,57517,68678,81794,95523,104343,110242,126661,135477,142699,154474,166525,200480,179525,200480,223185
3692,8628,17983,26142,35640,44411,53191,64035,76463,84246,96073,101175,115955,123193,130076,139401,151876,182282,164347,182282,203748
3693,9998,21359,31590,42500,52473,62700,75585,89116,96580,112654,118078,137740,146607,157181,171693,186886,201263,202366,226446,251665
3694,29414,59927,47322,61054,72686,87649,102344,109097,125658,135048,156806,166930,174966,184607,201094,215406,235995,235096,259845,305462
3695,5724,11148,25750,35121,43256,56697,68738,77857,88223,97620,108008,116875,132125,140522,152445,165957,180315,180448,198434,218823
3696,8391,14552,26001,38175,47647,56729,68113,77240,87628,96557,107097,115668,129561,138642,148860,160812,175328,175342,193871,213332
3697,9693,17623,31111,44173,54191,64868,79002,89089,100327,110841,121089,132562,148654,158947,171661,184388,200380,200508,223855,253833
3698,23449,27642,40613,51900,66548,75908,88774,96246,115725,125609,144376,152782,160161,172742,186049,201011,196685,218349,238501,236812
3699,5381,15471,25161,37777,45497,59662,71457,81160,90516,99292,108186,116776,129413,140234,151305,161941,176971,197974,196177,192718
3700,8617,17392,28737,38946,50994,60535,72569,81952,92346,101015,110390,118483,131321,142850,152948,165276,180417,201024,197935,197155
3701,9231,18622,29792,40198,52818,63224,76204,85899,97737,105614,115404,126122,142127,150652,162912,178148,193097,191085,213353,212342
3702,14933,29103,36095,47323,60518,71215,84524,92166,102927,117043,132130,139168,144064,157362,169911,181752,200816,200824,218435,240717
3703,7247,15678,23501,32009,43164,57565,69611,74428,85268,98353,106760,116482,131189,141217,152506,164710,180313,179302,197411,223021
3704,8327,17971,26709,39987,48972,58576,70429,79265,89488,98363,107282,116831,131606,141335,153889,164860,180420,178999,198575,201090
3705,7604,16501,24948,37531,46278,56483,68331,77798,87802,97376,106919,117110,132944,142091,154387,164999,183393,183589,202830,205293
3706,15112,25151,66862,79747,89381,98961,111684,126807,141607,152705,172402,183285,208018,208371,225268,238252,261891,260822,285277,212091
3707,6617,13761,18392,25387,34797,44025,53834,62511,72005,83418,91123,98647,112287,121954,132792,144880,143505,158576,176077,200115
3708,8384,17918,25638,34302,43437,52532,59237,70369,81016,88323,100038,105393,121864,133024,145233,145540,158198,178055,177417,201873
3709,8048,17935,26010,35826,44970,54662,62295,73421,84476,93702,108251,116092,132619,144204,155557,156904,173049,191926,192681,215394
3710,13798,40812,65286,81030,94162,105706,116641,131367,149286,169733,174954,199629,217690,217010,230675,255259,253161,274400,271989,309442
3711,7249,12589,17017,26043,32739,44960,55455,66635,72820,80773,89177,103542,110832,118323,129733,140302,155222,174689,172884,198141
3712,8517,16192,25211,31795,43386,52840,60799,70808,81486,90443,104768,110815,119532,130882,142615,154690,155432,174894,197069,197376
3713,8893,18072,29293,37403,50597,61675,70298,80716,93623,103599,120724,128942,139925,152175,165465,180245,180710,202495,228649,224358
3714,20269,47614,45360,59405,69060,81758,93487,109019,135588,140469,149409,171500,184337,182411,196288,216125,216113,237759,236989,332662
3715,6636,10965,22946,32113,41025,50672,62040,74009,84235,92679,96315,112086,120183,138404,139898,150907,165141,184340,204951,195574
3716,9030,14781,29154,39754,50071,59695,72761,82204,89652,98438,112669,121150,130243,140671,152672,165613,165605,185201,208765,181261
3717,8827,17264,30144,41289,52678,62279,72333,88528,97800,107971,125946,133890,143628,156403,170019,186200,186537,207922,231097,209550
3718,23232,29706,45440,59321,71506,84985,94697,108767,129978,150133,158011,167074,180006,195848,211916,230152,230306,254014,251867,250463
3719,4567,13312,20506,29311,38107,48558,60857,79271,92161,96949,107501,118068,134849,145809,158537,168912,190565,208141,208567,197334
3720,8110,18049,27780,38592,49128,59446,68949,80068,87985,97602,111441,119431,127678,137527,149367,161005,179925,177439,198554,201235
3721,8780,19850,31290,43642,55573,68758,80499,94649,104448,116790,138671,149027,160201,174705,191563,207404,232199,232062,259477,261379
3722,20308,35022,45671,62258,62934,76892,126396,137692,157465,173830,191270,214883,227558,246448,266762,266073,287789,286142,317946,285799
3723,6533,13567,20997,29837,38854,47277,54767,64422,71174,78797,87056,92437,106057,113462,121600,130233,141909,141488,155302,171888
3724,8193,17617,27032,33925,44997,52733,60284,69739,79810,88931,93179,107697,113998,122427,131144,142235,154595,155187,171465,194292
3725,9558,20295,29606,37405,47059,57043,66046,74431,84993,94303,99825,115472,124254,133837,145872,159009,174357,174283,192961,215045
3726,17035,30481,62026,75436,81174,92858,115784,131330,140102,169685,174481,200179,197104,212842,230923,251665,245985,270269,267315,266750
3727,7846,18003,21318,32625,38054,46858,58222,67379,78892,87481,91715,96639,111509,118132,127149,137477,137109,164302,166489,170338
3728,8979,17049,24803,36739,47041,56710,59692,68712,78947,87852,96541,105498,111588,129630,141461,141012,154668,170338,172024,194812
3729,9404,17398,25831,38162,47333,57165,61569,70009,79645,87917,98983,108712,116062,133869,147502,147853,160849,174410,175776,196359
3730,13702,34903,61415,75911,95142,108014,91483,101864,119596,138623,154877,160250,175226,189565,204349,203538,226572,224477,250733,296627
3731,7822,12353,16601,23047,28704,44056,49979,60043,70007,77576,78473,90952,99523,114915,114773,114011,136172,148570,148912,162273
3732,8215,16078,25476,34879,42471,48511,63550,70777,77850,86672,100962,109512,116899,128855,140944,155640,155938,175088,175233,172508
3733,8390,17801,27963,38681,47460,54224,69346,76289,85770,95054,112498,121089,131183,144060,158506,176421,177406,200392,200718,197708
3734,17423,38981,51139,60107,73528,82100,92387,102775,113153,141786,149884,163311,176991,191714,191106,211966,212670,234860,233668,281833
3735,5976,11261,18977,26213,30700,42306,53842,60371,65094,72105,75587,79033,91721,109707,110424,121523,120398,131716,146365,145383
3736,7988,16215,24222,37286,45137,56862,66233,77540,85566,99203,105521,112932,122559,136224,151930,151689,171808,170657,194785,193730
3737,7632,16404,23671,35509,43340,54321,63787,74795,83146,99036,106305,114940,128074,136515,153670,152370,173223,173292,196285,193809
3738,19729,32686,38743,51933,63245,74591,85716,96230,120097,126156,135046,189268,204222,228367,228498,250952,248628,292123,291286,248893
3739,5389,11945,20141,28613,36614,44814,60116,65944,73679,77951,92173,91243,104712,114236,113564,124786,135774,138408,151312,168853
3740,8393,15883,26715,37768,46089,60170,65925,77934,89944,96065,103384,110374,121903,133851,147000,145810,167013,165761,190113,220213
3741,9176,18421,31085,42560,51944,68081,75512,89243,105105,112348,120560,130684,142539,155172,171895,172194,193369,192791,221542,256421
3742,22174,30537,42039,53993,69079,74282,108269,141230,145562,154534,178791,221165,219888,235584,258726,256514,281572,278051,318206,288571
3743,4650,13888,25239,32341,45130,56420,70305,77717,81393,87210,100447,104593,113662,122001,131569,144426,144336,158147,172324,165372
3744,8004,18253,26934,37968,46429,59167,66377,78171,86155,101535,107055,112901,124782,134174,147396,148318,163893,183876,183731,209749
3745,9915,23541,33417,46906,57181,72801,80942,95256,106978,125982,135103,143277,154867,169626,185237,186107,200826,226847,227595,255102
3746,17833,29644,50814,65273,87850,99286,118084,132447,160092,176287,196771,177650,193027,211296,210797,227761,249003,250336,275454,315440
3747,7645,16435,27315,35701,45993,60998,64321,75260,86705,92297,102009,108005,117859,126228,134923,145140,158931,158349,171744,171984
3748,8968,19186,28319,40169,47359,62170,65795,80011,88370,98163,110118,127494,137877,146541,160507,174334,173920,193637,192376,213664
3749,10784,22715,31816,43485,51702,62357,72501,87820,96361,107111,120264,143212,152660,164199,180004,179784,193791,214709,213100,238089
3750,17400,26848,53524,70460,82212,95186,103259,104033,118867,129991,149467,153198,162043,177328,192200,191524,206371,206442,228013,243737
3751,8480,16839,23616,30524,42393,52252,64734,69703,77883,85426,90626,98726,104966,115333,122427,131060,140012,152985,151234,152725
3752,8321,17564,27283,34632,43619,57257,66548,76011,87267,95796,107749,115394,133547,142310,154715,154675,168186,185105,185593,207722
3753,9662,19623,29299,37038,46016,60403,70317,79880,91068,101108,112299,122751,141314,151319,165275,166146,178756,194610,196720,219596
3754,16014,30639,51123,64625,80978,92910,89357,103032,112763,122727,148495,144272,154681,195137,211245,228865,226348,250117,248020,251114
3755,8623,16562,23550,33324,41260,52561,62357,71204,80055,82473,90940,100230,106098,115260,114972,121722,130539,139611,152204,151604
3756,8527,17293,25201,32893,44649,55070,69223,78656,89624,98783,109291,118078,134320,133412,142742,155184,171668,186216,185925,209615
3757,11413,21766,32230,40455,53963,65391,79710,90641,103212,113356,124283,136012,155157,153640,165517,180216,192999,213913,215071,238863
3758,12336,35904,45332,56641,69307,80075,90485,99492,106213,115602,137866,167296,188956,229169,248029,247455,265865,288871,288935,285842
3759,9145,18200,25438,34938,46996,58942,71639,75925,92578,100174,109909,103067,112088,117533,127802,145210,153314,153734,177765,167138
3760,8703,16961,28246,39260,48633,60012,73540,83890,93166,100891,110335,121690,138259,137393,146697,157267,171669,184261,184468,200361
3761,10449,20684,32603,43748,52893,64829,77853,88795,93421,105453,116399,128364,139121,147894,156670,166682,182908,197422,196686,214815
3762,15516,33769,37071,49599,59876,66927,91110,109545,114321,129465,139267,192282,201955,183624,199322,198870,214319,229688,254839,291248
3763,9126,16849,27511,37312,50184,57489,63737,72300,83097,91326,94456,101838,106496,113489,119059,130221,136351,145291,154539,154340
3764,8306,15222,28166,38088,46869,59063,69360,79072,89499,101075,105059,114089,129829,138111,147525,156921,170579,183968,183173,197661
3765,9596,17655,30166,40456,49884,61031,72740,82230,93139,105497,110974,121334,138730,147284,155175,166299,180458,193887,194333,213051
3766,17803,30656,42590,51099,74238,76723,100941,111078,124551,142156,153195,154634,161180,172446,185092,201292,217320,215747,237767,245319
3767,8322,16949,26738,35927,39551,49004,59556,63333,72621,82870,89864,94589,103050,107770,114190,123371,131069,139141,162635,149522
3768,7391,16724,24296,33626,48280,56167,66369,75660,86171,93761,107067,113864,128361,144435,155141,154255,165671,179846,178818,194457
3769,8477,18285,26708,36055,50662,58381,69372,79093,89203,98073,111778,117487,136014,152802,164230,165359,179171,193152,194820,211015
3770,25952,33960,58242,75503,103383,82135,88117,100617,115761,126642,136931,142820,161302,191438,209088,227506,241600,241639,266331,235724
3771,7205,14756,21636,31722,36691,46319,55423,58858,67910,77461,85085,88696,97219,100467,106398,115239,121373,129306,137366,151316
3772,7269,16790,24385,32942,40723,55294,65801,76263,83905,91361,105148,110154,125390,132151,141437,153302,166394,165630,178631,179870
3773,7695,18153,26769,35972,43991,57348,68517,79233,86145,94610,109300,114969,133541,140715,151238,164048,178236,176119,196451,191918
3774,19748,33019,54000,74790,82340,72850,75271,84092,96840,105291,115018,134450,140984,208527,223409,240268,238223,261335,279914,250961
3775,7300,14253,21314,28752,35231,41438,51351,58503,69133,75842,82745,90127,94553,98509,98561,113793,113165,129478,140450,140727
3776,7064,15995,25735,32455,42640,52755,66362,75183,86228,94043,103711,117520,125451,131066,142723,142786,155742,168168,167330,187259
3777,7466,17421,27141,33560,44254,53558,66112,74128,84320,94034,103658,118742,126357,135236,148686,148691,161661,177519,177377,198187
3778,16126,33819,56769,64124,54416,66514,72750,88710,95853,105149,130095,160801,175065,175177,189635,188424,208656,228937,225954,299823
3779,6940,14445,21075,28435,33267,44910,55270,64062,69655,76380,84245,87424,92300,100362,100127,114360,114150,121651,131302,130901
3780,22509,42542,59011,74889,88642,103127,125077,133202,144050,156578,167188,173900,182739,192131,192131,214294,214294,227628,227628,227628
3781,8266,14974,20543,27885,33972,42128,51372,59321,67343,73936,81722,85768,89923,94745,94745,109796,117190,125375,134612,134612
3782,8392,16319,24172,32447,43392,52598,63753,73590,80266,88519,103112,102442,109095,116553,116553,137082,150434,167245,167245,167245
3783,9390,18700,27553,36445,47717,57361,69872,79877,88545,97564,114723,113839,122193,130019,130019,152408,165539,182136,182136,182136
3784,13835,50052,52795,59045,59664,73921,99566,119873,130933,162574,169423,201903,221359,183478,203562,199277,220052,215346,250065,273242
3785,7750,12035,18102,26921,32789,43891,50190,61891,67205,74272,77952,81640,85548,92936,99278,112813,113744,122578,132283,133648
3786,7997,14387,26647,35645,46555,57121,66737,75983,84050,95801,101223,107271,116101,136629,136590,167997,165552,165587,184171,185821
3787,8916,16081,27583,36952,48076,58808,69403,79980,88048,101201,108596,115260,123394,146053,144575,176829,177697,177650,198214,199379
3788,21786,39444,38593,53081,76695,90974,121059,134065,145630,173087,182680,176171,176181,224818,222198,243373,242772,280329,277052,236994
3789,5876,11146,16934,25287,31232,41780,47477,54745,60307,65950,73108,77668,84753,96530,97027,111525,111961,121214,132161,129785
3790,8907,16377,26360,38623,45026,55170,59640,68812,75938,86426,99463,115704,116074,125390,137186,151917,152874,170671,170440,195230
3791,8063,16968,25665,36980,44406,55037,60641,69849,77363,90248,102670,120891,120313,132426,145978,161622,161156,179055,181288,206043
3792,29991,28092,37658,64117,99730,109063,84566,98058,112964,127635,151303,155316,172846,230030,249304,247693,285797,282741,337198,309172
3793,3521,10092,15546,21005,26517,34983,41827,48624,54406,60306,63445,69639,79510,79702,84958,93857,94065,102211,112767,126218
3794,5612,17109,26667,31931,39111,46977,56465,66988,78523,83869,98371,107838,119706,116599,130493,130851,130328,148013,176486,173511
3795,6257,17003,25324,31326,40584,49142,57637,67407,81281,86729,104263,112184,124266,123479,139198,139832,139809,158207,181817,181239
3796,24262,36693,57180,94644,61493,75117,88908,108374,115110,135245,133391,138544,153630,169952,197294,197385,234446,232981,232314,364992
3797,4700,9992,14550,18332,25825,36734,42771,50022,52504,62171,66548,72629,77936,78792,85026,93016,103776,103312,117249,114550
3798,7814,18281,26214,30069,41601,52703,60953,77956,83317,100733,100489,111665,123978,125745,122662,137801,166005,163638,165529,161267
3799,8364,19010,26652,32160,43929,54679,65371,83396,90790,111052,110824,121548,135816,135164,134727,155004,180479,178020,178309,177564
3800,15025,41342,70981,53142,64388,76367,99066,106392,113775,171295,192069,210898,205371,190233,223454,222329,225055,273546,276620,282471
3801,4956,9077,13992,20845,28927,41283,48005,54094,59411,63199,67953,73854,80286,81208,89030,99267,112603,111808,125710,125661
3802,9398,16619,24340,34187,44696,58886,67461,80004,87346,95427,106120,119870,117714,118919,133395,153592,157172,155421,182595,184099
3803,10370,20522,29280,40184,51473,67493,79962,95060,103892,114534,126779,142095,141247,142378,159533,184088,186993,187236,217408,217546
3804,15539,50896,47071,54050,66566,82627,121300,142816,153737,186107,200697,221936,222736,237537,282835,280165,279277,338207,335992,264407
3805,5805,10043,16681,23954,35918,45092,52778,55312,60865,61021,70161,75229,82924,91687,89816,100401,114740,113921,128218,151622
3806,8505,15332,28217,39480,48474,56422,64937,73699,87717,87493,95689,105870,121581,137268,135573,160813,163159,160106,187001,236200
3807,9481,17414,30045,41730,51659,60861,72284,84455,99998,99724,110014,120909,137409,152270,151923,179952,180476,179717,209809,203364
3808,22999,32463,39143,47503,80427,112120,129872,152324,165711,133429,150640,164472,164454,251971,238246,293568,298221,343210,343090,247344
3809,6475,11875,20289,30901,41679,54948,56913,60070,70775,76546,82551,88193,98025,105700,105398,117005,117551,132757,132999,171842
3810,8650,19030,34505,41860,49808,61155,67848,79152,86030,113290,125874,123564,140841,137656,156555,157189,185727,184400,183990,213055
3811,9616,19761,28799,42812,52108,63790,70863,83878,91149,105447,115614,127243,144674,143841,161787,165214,186758,189025,188046,216312
3812,22652,30500,40688,75457,94112,109340,109477,125698,138707,150909,150162,165421,184432,191927,224837,228127,224208,269758,269120,352707
3813,5590,13213,22079,29604,36439,48816,57080,59404,66780,72458,77818,83442,98374,99043,108381,108512,117912,118104,131355,147565
3814,7482,18019,27856,35155,44125,54969,64858,79167,85352,100287,110620,120636,136672,136982,155350,155307,182548,182754,182007,208655
3815,9433,20650,30500,39977,49276,60818,70880,89225,93581,110889,121776,132983,150617,149520,168120,167756,197392,198280,198542,228315
3816,19188,28321,52574,79998,67276,82570,105982,112526,132262,133563,146984,160358,180189,190777,217223,217064,217888,257153,258692,323891
3817,7413,13547,21548,27002,39911,52447,61552,63725,70234,77487,82455,88744,105551,103998,113304,114579,124801,124103,139595,139709
3818,7331,18057,26162,32183,48119,59735,69535,80435,91244,98019,107584,118141,129963,146894,165698,165657,192110,188895,189461,188842
3819,10137,22017,31765,39181,55271,67610,79854,93502,107036,114496,124661,137306,151047,168083,188708,188967,186246,217143,217866,215409
3820,16478,37002,66452,56397,69374,78159,90563,108504,118630,164551,178135,194567,217364,187252,183148,212874,211546,207651,249565,278990
3821,8087,14757,21295,32202,43122,57739,66589,69826,76655,79990,86875,92547,107053,117330,117310,126655,139466,139313,155728,156741
3822,8446,17901,24017,38988,51501,62332,71873,78570,95925,101034,108036,118709,129336,143642,161726,160519,182641,180357,211039,213982
3823,10430,21461,28526,44400,57577,68253,79386,87687,101077,117350,125801,138886,152198,165797,184536,183577,207155,205815,235331,237462
3824,15410,44290,45593,53834,62100,73800,102559,118134,150491,182536,194493,215108,228236,223920,219653,237240,243835,278170,274690,289193
3825,7809,13183,21002,31978,42036,52159,61655,68025,73383,76950,81220,89163,95357,109108,109552,119847,131664,131039,144186,144717
3826,8557,15606,25291,38829,49818,57554,65690,74887,82260,89772,101815,109495,120448,132119,146313,164110,163814,184611,184437,214931
3827,9309,18050,28276,41053,52185,62146,71127,81771,89781,99522,114346,122082,134113,147823,161118,180814,179312,200302,203849,233054
3828,12220,30729,39471,48625,77973,84328,124962,134495,169914,129157,150363,159440,173326,252497,247337,267245,273336,300325,300994,227738
3829,7760,12929,20870,30660,40750,47795,53834,60163,68878,72179,80867,88665,93999,101762,101865,119833,119566,128987,129956,141987
3830,8441,17270,28204,37951,44831,57285,60867,71046,77647,96958,104957,112345,134256,132408,146713,146679,164400,184139,184273,213369
3831,9490,19510,31125,41285,49393,62478,68825,79147,87069,106788,116686,124565,146329,148819,163127,163028,182236,203257,202866,231363
3832,15310,27467,41626,63582,101716,108688,91963,100962,127787,141984,154481,165456,177050,177549,202170,220660,219836,248612,249363,272415
3833,6536,12901,20728,27911,35174,43712,55771,62617,67358,74295,82505,89833,95799,103049,111326,121167,121059,130670,130877,143554
3834,8517,18533,26653,38555,42210,53214,68581,79040,86409,99742,107063,115169,136234,135558,148772,167332,167071,187810,187861,185673
3835,8118,17415,25308,37316,42288,52278,65166,76521,84048,99598,105666,114734,136977,137525,149873,168491,167941,187118,187010,187438
3836,19840,27645,34762,80627,61282,75339,89035,97787,118709,127393,138691,148988,160036,189334,189471,205924,208423,237194,237327,355229
3837,5180,10781,18214,21969,32029,38373,48597,54894,63527,66055,72410,80522,85730,92056,98862,106065,106634,114873,129130,128563
3838,7405,18324,26749,30461,42999,53052,64968,72334,82625,94481,99833,107988,118323,132003,147880,147511,148914,166704,194951,190270
3839,7109,17368,25555,31702,41885,51539,62675,70088,83114,96308,103473,113459,126042,137269,152823,151325,152894,172734,197559,201407
3840,20645,24450,50266,49789,67186,75275,86876,103231,122041,168319,175962,191944,215803,185789,184242,209804,210653,244986,245415,253851
3841,4662,9984,16134,20185,28015,35292,43812,47295,52975,55403,59258,69947,69233,81270,89892,88887,96623,95061,106523,107325
3842,7501,16802,26105,33999,45840,52898,62152,71154,80763,84023,92978,101022,99105,128470,128640,127711,146300,143924,165255,170777
3843,7849,16672,25737,34552,46230,53554,63519,74372,84585,91521,100944,110517,109459,138346,136872,138195,156714,154635,176567,179689
3844,15585,34468,68735,52676,57680,73281,111920,131434,156699,192958,212940,211379,228953,242823,242935,298392,302878,276991,334678,268875
3845,5763,10800,14957,24275,30497,40271,44945,50182,54243,54189,61912,67086,66973,77688,85807,86080,94330,93595,102254,116771
3846,9084,19243,23920,38767,48396,58448,63616,73228,83265,82527,97636,98561,97609,120192,120017,121877,137498,136332,159000,162121
3847,8580,17794,24236,38521,47422,57707,64946,76535,87845,90291,96038,105501,105420,128857,128150,127464,144168,145441,164557,166568
3848,14898,49843,41645,46722,83971,91482,134120,164489,173633,117292,127508,143418,168250,247030,290381,279578,281446,344399,330558,241439
3849,6008,9188,18320,27651,36810,47156,48200,54004,57050,61067,71311,82684,82978,82285,89554,97722,109381,107375,122362,139859
3850,10353,15646,27448,41009,49008,59895,61848,70437,80864,98585,106266,131570,131098,128552,127812,145452,168807,168413,168758,201195
3851,9387,17180,29388,41325,49866,61421,65388,76545,88423,101180,110851,139531,138104,139533,138292,159415,192303,192351,195022,218524
3852,14672,31862,37674,67822,96164,112126,87961,103971,121038,129951,144443,157847,157582,176177,174932,215771,212026,207415,262640,315063
3853,6594,11644,20575,30285,34184,45958,51702,57482,64195,69781,79863,86170,93140,93214,103090,110757,127893,127629,127244,141787
3854,9599,17575,30883,37464,42671,52991,67180,78925,89920,108502,119123,136625,134130,135217,153122,175913,176121,174619,173633,197456
3855,10545,19791,30807,41301,47965,59054,73726,86933,101417,110101,132539,129594,147088,147628,168396,196410,195792,197791,195183,226621
3856,15190,26116,40715,84431,61263,75191,94871,106650,111633,130243,128041,159326,156143,190377,189485,180868,219575,220501,264865,317383
3857,7203,13685,22197,25666,37626,50363,58925,65720,68966,74362,87002,93460,101175,99658,109631,119883,134190,134250,134100,148412
3858,9530,19517,31693,34078,51536,62755,73910,86180,100126,106842,118479,128573,143448,141380,158885,188426,185388,186330,183110,211162
3859,10516,21372,30652,37952,54088,67375,78865,87173,100524,119334,128197,140938,155511,154163,173528,167564,196375,196515,198931,229348
3860,19811,30923,38708,51501,62529,71183,93182,101677,107547,155020,167430,182765,183919,163089,188743,186824,220582,222172,217034,227164
3861,7069,14533,24239,30214,40506,54030,62924,65017,68730,78487,83765,90139,105143,104234,124783,124720,138820,138864,161782,159236
3862,9059,18476,30771,39512,50538,62063,73512,83709,96944,99956,109122,118076,131218,146592,166005,166425,198062,198604,198290,224576
3863,10087,20262,29586,42121,53364,64730,76258,90160,95399,110631,121418,131575,145056,160029,179926,179639,175425,204097,204758,234829
3864,23980,26157,43596,48439,60212,68538,79066,116200,136107,169843,174045,192215,216657,211673,205168,238248,236124,282159,282100,234997
3865,5587,13711,22908,31005,41797,51942,59384,61946,68684,71708,79332,84927,98586,106852,118738,129246,128536,145413,146178,165747
3866,7386,18830,27947,39695,49917,59141,68132,74880,88288,93662,100574,110598,120303,134019,149887,169842,170205,197161,197690,234218
3867,8633,20837,30373,43185,54405,64171,75170,83804,98623,108337,114886,126389,138200,149534,168405,190853,190062,188291,220877,214760
3868,20367,23048,60474,46669,57578,66890,90760,125549,153591,122148,132841,144265,160511,203127,225958,250178,254129,253396,303943,244032
3869,5934,15091,19948,32695,44624,55154,62938,66156,69626,73165,85649,90694,103240,112035,111921,122591,133970,133220,148680,171122
3870,26612,53651,69163,96689,120699,133307,150474,168917,176369,185674,195562,208268,233718,233718,254498,254498,273773,273773,302535,302535
3871,530,693,837,1044,1159,1333,1406,1273,1296,1371,1589,1643,1614,1811,1820,1901,2193,2463,2217,2665
3872,11203,24080,36627,49933,63605,74058,81367,83209,90339,105278,122623,132464,145472,164879,164551,164551,182738,213985,212532,212532
3873,11450,24966,35948,50707,65792,77174,85023,88629,97632,111774,131319,142464,156767,178245,178592,178592,198706,229746,228992,228992
3874,21177,58617,66121,52948,94894,115304,163099,139905,160630,162582,178127,193157,210484,221922,255499,259680,295678,295678,294301,341955
3875,7480,13903,21384,37194,44009,55414,53980,66633,72464,77234,89477,94149,108863,109531,118744,119495,143199,143199,159675,159095
3876,9185,15678,26439,41341,48847,56952,58815,85880,92296,105570,124283,135296,147351,149043,166191,166084,191064,191064,221355,218664
3877,476,678,803,1059,1218,1339,1580,1990,2965,3893,3925,4272,4404,5312,6318,6372,6502,6502,7419,7306
3878,72374,115146,98862,146372,157266,168842,128997,173527,203968,212304,244190,236387,268015,291540,351052,289856,356946,356946,421693,485477
3879,6856,11901,26132,31006,41285,51485,62432,70161,78281,83945,97952,105467,113092,122800,122033,134516,146954,165699,165843,165898
3880,7613,15912,27169,34740,42298,52680,84607,93938,109075,117763,128152,139388,152737,172078,171318,195636,228803,228803,226621,226644
3881,8765,17988,30479,39943,48267,59899,80986,92421,110481,119129,138983,152377,168501,167277,188183,209354,211447,211447,247400,247881
3882,12270,30597,39663,75195,68369,81094,95188,96677,120747,167682,178722,201296,212593,180973,198974,203892,201751,231613,231033,249919
3883,372,572,847,1006,1014,1263,1692,1675,1775,1861,1738,1988,2068,2170,2191,2328,2354,2419,2440,2615
3884,9610,18036,30824,37624,50698,61989,75672,87853,99545,113912,124150,134549,135632,167204,165269,190188,190606,224141,223703,221577
3885,11093,20844,34068,42546,54474,67453,80845,94145,110390,129006,139946,149257,153445,188572,187865,211154,212322,241799,239849,240386
3886,22112,34189,60603,61827,73496,89209,93216,149829,164577,197577,210696,253449,251919,257014,252026,292659,293671,289405,353723,285354
3887,6543,12306,21362,29444,43601,52896,64454,67596,72260,80396,83839,98912,98398,113852,113068,135212,136127,148824,149048,167554
3888,8725,19506,25890,42010,51313,64024,73499,77177,86757,95479,108008,117089,126946,139331,154259,174164,173564,196669,196176,231800
3889,483,748,965,1211,1351,1515,2204,2427,2918,3857,4294,4498,5066,5567,5981,7380,7836,9288,9503,12221
3890,79477,74150,125404,100362,107198,117299,183632,205786,239302,196309,209959,246431,241449,364014,363047,356511,363670,433393,428829,399382
3891,5747,17356,21994,42936,50879,59358,69633,70961,74896,83893,97678,102779,109208,115436,115054,137881,136919,151041,151881,194232
3892,7540,17962,24643,40261,52814,65056,71098,76523,90384,122175,133274,143413,156760,152728,151822,171611,193452,193963,194671,229444
3893,434,854,991,1375,1688,1983,2162,2495,2630,3175,3370,3628,3931,3937,4861,5486,4602,6116,6088,7879
3894,37707,74872,75696,84461,123348,135150,169049,132968,169333,213758,241414,236331,279945,267191,264494,271724,268373,326426,326606,463916
3895,413,552,670,758,852,927,980,1123,1205,1407,1491,1602,1720,1691,1785,1878,2125,1998,2206,2200
3896,11034,24934,37212,57479,71096,82900,87065,99650,113194,131207,142493,142864,176070,170755,169903,194167,225540,223507,224704,220831
3897,11359,26539,38683,50306,67121,80560,90090,104227,109715,124836,151262,151457,185115,180427,178196,204061,229262,231674,232349,235442
3898,16062,39473,42854,63540,97161,115718,100828,113777,136954,138138,148847,161805,180065,205093,229999,234776,230510,275188,276043,339309
3899,485,512,751,1064,1145,1290,1551,1806,1867,1959,2183,2295,2444,2458,2706,2816,2929,3031,3059,2998
3900,10370,22909,33059,43606,56598,64567,76638,85727,94468,99757,117394,121338,129012,134654,145003,151517,161758,161758,168940,177324
3901,291,405,474,509,516,564,539,571,594,496,623,508,510,526,524,537,550,550,552,554
3902,3498,6948,10447,12046,14023,15203,16506,18123,19611,11030,21076,11950,12024,11970,12029,13032,13088,13088,13161,13037
3903,3291,7142,9506,10397,11156,11435,12507,12554,13599,9909,13833,10586,10637,10465,10608,10576,10601,10601,10727,10708
3904,27873,64036,87050,86649,84527,81288,79932,76755,73897,61908,69681,62175,61180,59931,58376,57840,56107,56107,55877,55247
3905,373,382,438,447,496,447,493,474,483,428,477,452,450,448,463,466,466,466,464,465
3906,7686,8554,12009,13145,15742,15494,16913,16641,18471,13328,18312,15716,15750,15861,15671,15788,15490,15490,15826,15395
3907,563,620,707,747,759,771,784,780,830,722,848,759,744,742,768,773,749,749,769,742
3908,75431,82409,98472,98552,107313,107134,112772,112184,113426,101309,110232,105349,105331,104917,103896,103300,102820,102820,101571,101747
3909,6602,12271,11287,13101,15680,16928,18278,18184,19818,15558,19760,16885,16920,16869,18293,18378,18382,18382,18270,18225
3910,7442,16550,16411,19171,23179,24899,26493,26476,28924,22832,29205,24728,24673,24747,26876,26790,26836,26836,26606,26881
3911,533,680,805,863,927,983,934,909,975,930,935,904,867,929,995,901,895,895,954,898
3912,79149,83806,86997,93058,103632,104250,110458,109623,115735,103547,116366,104152,104198,103798,109871,110198,110101,110101,109947,110694
3913,551,833,825,992,994,1039,1180,1177,1253,1098,1264,1214,1203,1216,1242,1256,1251,1251,1238,1260
3914,10477,29937,30389,39335,45373,49046,57022,56428,61554,52365,60990,56692,57157,56995,56630,61757,62083,62083,61410,61722
3915,738,1105,1198,1357,1404,1586,1874,1896,1866,1671,1883,1875,1775,1906,1630,1752,1918,1918,1772,1943
3916,86825,118963,123895,133937,140332,146733,152685,153057,166757,152628,166593,154314,153920,166640,166815,166508,166511,166511,166530,166549
3917,426,653,722,843,920,914,962,1052,962,1036,1014,1053,1048,1052,1058,1002,990,990,1034,1007
3918,18065,49051,70964,96681,107762,114940,126800,127331,132663,128814,139128,133255,135358,133075,134478,140167,138821,138821,138948,137875
3919,469,733,1105,1093,1220,1660,2361,2699,2647,2603,2984,2737,2392,2628,2574,2925,2977,2977,2939,3039
3920,60747,98586,123516,128532,140040,157882,182998,208056,206595,208336,221984,207438,207354,206004,207717,221875,220252,220252,220886,220880
3921,582,658,863,782,851,896,1256,1391,1437,1459,1450,1525,1505,1521,1526,1468,1440,1440,1465,1436
3922,18507,42234,85560,85616,107042,121206,150690,191424,191015,191754,205833,204991,204467,205148,204489,205367,204956,204956,204897,204923
3923,721,886,1160,1135,1302,1790,1948,2096,2224,2541,2694,3120,3783,3768,3820,3906,3713,3713,3581,3572
3924,48284,102234,139859,139554,156292,174670,200524,225672,244117,281293,286015,313803,313935,313511,312683,312547,312926,312926,311443,311543
3925,759,764,890,895,942,1013,1125,1248,1363,1426,1534,1594,1522,1546,1650,1630,1605,1605,1634,1667
3926,19284,35913,77893,82005,103212,120142,146054,171230,194327,230398,231423,250924,250083,250335,284232,283986,283303,283303,282330,282350
3927,796,808,832,982,991,1240,1325,1474,1661,1712,1817,1940,2109,2964,2729,2810,4094,4094,4705,4488
3928,54113,82568,115219,124267,139815,155072,178627,201910,233131,250596,253932,280419,315553,314915,356292,353588,413504,413504,414763,414135
3929,697,814,838,1281,1313,1575,2028,2248,2472,2695,2934,3235,3223,3412,3284,3456,3489,3827,3810,3747
3930,17728,42213,62534,107022,110441,129669,160414,193140,223838,244484,243972,274823,309219,308694,309240,364670,365038,365038,365987,365193
3931,839,772,892,940,929,1067,1511,1881,1764,2004,2196,2335,2296,2761,2629,2953,2808,3579,3669,3709
3932,42196,75279,90754,124926,124868,152683,170397,192162,205347,222028,248131,282052,281111,322789,322179,370603,321387,370128,371433,369443
3933,650,687,518,580,1020,1174,1371,1548,1622,1831,1943,2108,2492,2260,2109,2871,3041,4278,4400,4510
3934,19235,38275,55158,82144,95722,121177,150781,170825,184185,200825,225861,254379,255291,302938,302216,303712,302213,361329,362730,360856
3935,821,804,813,1100,1194,1299,1380,1680,1964,2513,2391,2679,3595,2931,4845,4640,4415,6986,6664,7084
3936,43206,68340,88902,107738,126655,148074,180574,196022,215604,269458,275238,316669,369864,370683,369725,372458,368440,459902,465498,459380
3937,772,775,834,985,1054,1113,1404,1510,1642,1796,1873,1974,2275,3416,3497,3598,10329,7141,6678,15519
3938,17921,34990,56280,77701,96651,124035,148569,174503,187551,209935,210838,235659,283789,284898,284207,286039,335586,337353,338025,453489
3939,813,936,1068,1314,1504,1967,2359,2670,2991,3494,3971,3833,3983,4895,4844,4771,6403,6314,6812,7910
3940,42885,70227,84193,101334,113526,146688,169072,182959,201564,223862,254910,253388,258077,299891,301342,303197,374550,284851,284857,370791
3941,737,745,805,919,1205,1686,1764,2015,2153,2217,2392,3107,3070,4165,4145,3995,6175,12745,13000,6157
3942,14614,33427,54205,77258,95294,136838,159490,173849,194675,215099,261547,262442,259958,312513,307669,307616,416049,310677,311690,410575
3943,940,947,1258,1461,1865,2024,2379,2727,2812,3243,3157,3656,4339,3750,5729,5698,7153,20995,21336,6996
3944,44776,64077,81488,95626,122240,146537,157569,188019,203537,236639,234921,234038,271286,271328,346171,346068,352944,348267,352335,349839
3945,768,813,943,1127,1221,1389,1511,1651,1772,2025,2004,2491,3782,3698,2349,5199,5363,5192,5093,28212
3946,15253,33010,59708,81246,107350,142192,166120,206563,205871,268112,271309,271138,328447,324682,325632,420834,426593,429493,426051,426665
3947,892,841,918,1142,1280,1416,1565,1694,2081,2278,2394,2394,2480,4186,3962,6423,6381,6002,6111,41170
3948,43925,70366,84772,104008,126145,158997,183447,204041,226548,257120,258904,256169,302638,379021,298773,375004,379469,386180,382227,519823
3949,662,806,1068,1331,1859,2253,2471,2643,2938,3584,3397,4951,4526,5143,6274,8132,7808,7840,7928,20692
3950,17337,37090,62017,88187,115019,147530,170221,184202,204478,261649,257308,262245,261306,311608,309249,397007,391926,407978,410148,420967
3951,907,899,950,1053,1305,1811,1825,2165,2446,2776,2792,3405,3405,4685,4774,6775,6680,6312,40449,41517
3952,40229,64692,81653,99585,120154,150471,173987,193713,219833,246986,242832,284883,284040,277268,276193,349070,344832,353227,486538,475883
3953,666,893,1088,1549,1919,2184,2383,2571,2890,3257,3314,3464,4967,5001,5276,6954,6918,6576,19710,19617
3954,16741,34832,58680,86107,112355,145268,167799,182450,203000,261234,261826,263440,308095,311288,312457,405906,408902,408727,408935,410753
3955,782,699,588,657,1322,1325,1381,1586,2064,2588,2672,3290,2833,4628,4557,6530,6348,6392,39739,39140
3956,38997,68940,85964,101598,149636,158237,183277,202764,227364,257969,258321,301029,298273,285535,284510,362251,364628,363579,491505,490798
3957,760,802,888,1053,1224,1299,1441,1518,1806,2070,2005,2214,2218,3349,3419,5404,5101,5071,19101,18991
3958,16394,33455,60768,87075,136516,154525,177845,192564,214283,280196,279968,283303,282862,337655,338107,440873,443409,453692,439276,442181
3959,1030,1098,1129,1319,2023,2338,2563,2888,3501,4083,3960,4800,4924,6354,6223,7834,8028,7749,41146,41798
3960,42883,72080,92344,107839,174631,186763,218470,247228,279467,318660,318403,369898,365151,357398,356870,444690,447114,449023,584577,586627
3961,768,779,798,908,1462,1841,2259,2175,2626,4566,4534,6696,6419,18122,18258,23902,24213,23858,51490,51190
3962,16545,31889,61012,84525,131774,179591,213105,213056,240292,311864,313369,321281,319560,377669,378087,493135,493614,493180,493244,493565
3963,1114,1260,1134,1291,1912,2287,2673,2837,3299,3339,3844,4508,4680,6502,6524,8731,8391,8221,41164,41129
3964,46498,76972,95190,111016,160246,208394,224647,247207,278864,313292,313921,362851,362938,440483,357169,445678,446416,449721,580471,580818
3965,855,852,846,1010,1110,1616,1854,1942,2171,2420,2401,2851,2826,3376,4413,5884,5768,5783,14275,14514
3966,19530,32687,58792,91254,117246,164247,201052,218971,269713,301388,301700,358229,356698,420551,422557,538787,539839,539827,539933,540122
3967,955,1077,1023,1001,1205,1487,1699,2334,2330,3032,3041,3806,3797,6124,5994,8341,8044,8417,45039,45261
3968,44282,81452,99749,116943,141999,185106,210278,271654,304960,346816,347265,405917,399934,485229,390290,483531,483705,485038,628065,626814
3969,863,924,930,1142,1304,1846,2048,2489,3291,3096,3106,3837,3795,4505,5530,7756,7376,7516,17672,17283
3970,20042,31794,59264,88355,113986,142576,179051,239073,323419,330066,331350,392246,386777,452719,464551,596058,595316,593734,578074,577072
3971,985,1133,1018,943,868,1047,1285,1546,2124,2121,2614,3566,3394,6512,5899,8561,8389,8115,52168,51625
3972,48927,81889,99221,120114,133724,166632,197964,242481,321359,325814,371976,438359,439663,537893,541987,543057,544078,539502,692601,693107
3973,918,924,975,1139,1298,1575,1740,1991,2270,2241,2715,3092,3134,3788,3721,6600,6652,6705,18728,18044
3974,13840,22457,43652,65194,84685,107770,127285,179478,230969,229383,326966,384258,390282,474655,477607,619270,617447,611649,617771,620006
3975,1133,1207,1199,1176,1163,1171,1426,1453,1687,1802,2554,2828,3436,6394,5849,8721,8667,9010,53454,52878
3976,54273,92849,119695,135527,150303,162581,193089,223283,264219,264591,417981,418645,497351,583126,584901,580766,574452,567930,776133,784344
3977,876,809,746,794,904,965,1075,1070,1215,1365,1664,2694,2459,3057,2891,5852,5773,6443,18733,19853
3978,10686,14339,31214,45726,63719,75880,86718,106111,130246,154970,242831,335762,343315,409046,414264,546780,544943,547944,544225,546107
3979,1132,1276,1012,1339,1746,2174,2957,5639,5489,5010,4836,5934,5773,8288,8506,9213,9231,9008,45321,44588
3980,63854,86717,122582,142198,158978,187067,210594,252742,281212,281556,356089,405266,407546,554064,553171,554990,554182,563918,743543,743409
3981,851,837,803,871,834,920,989,1467,1623,1614,1768,2031,2532,2164,3733,2604,7566,7524,23637,23470
3982,11426,14207,28477,48120,68161,78986,89886,119081,139091,152531,186502,246214,340492,280683,415599,345816,555899,566340,552366,554382
3983,1087,1151,1091,1367,1929,2634,3623,3940,4288,4215,4330,2940,4593,3585,7085,4392,8328,8148,49010,48015
3984,73586,63302,95493,126009,133367,165804,201127,223372,254684,250732,289881,285397,388789,367735,591260,409964,588443,601760,796949,797048
3985,849,845,856,1137,1243,1542,1646,1783,1907,2068,2281,2383,4816,2294,12002,2708,21224,20930,9666,47907
3986,10252,13997,28675,58725,76372,87109,108879,141129,152178,166889,187232,212064,349661,210046,419319,245090,566189,562011,428795,570540
3987,950,751,958,1147,1468,1662,1770,2119,2643,3143,2954,3174,3135,4073,7614,4232,2795,10937,3921,59028
3988,52379,63175,86530,114204,124598,150486,180100,207218,226408,261075,256656,303088,358793,314634,561794,395934,355877,556519,427836,777522
3989,627,807,823,1222,1377,1548,1962,2114,2184,2317,2642,2801,2897,3030,3936,3237,3261,10518,3559,3276
3990,35094,49201,75796,110446,137731,159839,175347,195772,206626,219037,256354,283622,283622,314868,365625,314868,314868,424344,365625,365625
3991,397,450,618,875,1235,1257,1491,1567,1699,1766,2026,2187,2912,2519,3364,2694,3211,12065,3364,3364
3992,8909,10407,23637,51768,75211,89281,106828,130388,141234,152606,184850,209788,280471,241973,336381,279608,343648,554795,336381,336381
3993,545,612,908,1484,1998,2453,2938,3345,3651,4536,4440,4457,3385,4666,4222,5430,4118,6187,5343,5343
3994,62967,68672,104865,129985,159827,177606,218797,236927,294148,332539,332868,335738,335738,384601,433926,470940,362839,553001,454413,454413
3995,477,505,591,768,969,999,1779,1835,2024,2141,2498,2616,2760,2878,2899,3067,2999,4974,3775,3269
3996,10440,12282,26143,54487,78582,90949,114757,130128,141388,151320,183289,209839,240750,245938,243200,281574,280919,420410,338264,338264
3997,691,677,889,1338,1412,1693,1887,2422,3138,3685,3374,3538,2964,3597,4179,3638,4597,3789,4317,4317
3998,52990,56444,81772,104860,116139,140368,166419,194605,216855,239473,237969,281194,281194,296162,398094,344672,396937,387749,448316,448316
3999,337,372,396,602,735,873,976,1057,1081,1528,1758,1783,2212,2185,2049,2349,2697,3356,3069,2487
4000,9099,11224,22679,48117,64596,78071,94243,108209,117743,139163,154531,172784,200733,202301,193216,228758,276411,287037,282739,282739
4001,704,780,931,1277,1853,2561,3093,3302,4121,4502,5452,5854,5021,6925,6621,8119,5865,5773,11232,11232
4002,40630,66960,85666,121805,147501,178741,208125,225286,260300,301662,303075,354636,354636,352870,358732,362354,413579,375439,523583,523583
4003,592,640,845,1285,1481,1813,1949,2020,2061,2263,2444,2512,2799,2939,2959,3276,3231,8084,3585,3585
4004,8206,10291,22157,50037,64456,78561,96222,103026,111323,132273,148368,165347,189299,223242,219743,272710,271113,332477,269766,269766
4005,581,623,842,1284,1760,2047,2332,2806,3117,3970,4518,4451,3940,5039,8191,5481,5804,6197,8716,8716
4006,51976,66979,92447,126002,159430,183811,211521,259681,258464,301567,300965,342534,342534,408998,366719,406569,367134,485291,476544,476544
4007,596,596,666,856,1032,1078,1119,1198,1219,1294,1458,1509,1781,1817,2167,2189,3343,2405,2426,2426
4008,9343,12103,27183,61102,80359,98241,121899,130092,140573,153433,187851,211893,243779,287130,345837,348971,347321,350400,354804,354804
4009,813,729,826,1116,1135,1734,2576,3150,3419,3558,4089,4410,4100,4537,4871,4920,6165,9714,6138,8806
4010,58704,57941,88758,108714,118783,150267,175762,205036,225640,226039,253775,295088,295088,320076,320425,380097,339300,437425,344711,403393
4011,554,573,575,762,703,1042,1074,1104,1224,1225,1388,1368,1651,1695,1689,1736,2243,1927,3215,2582
4012,9577,13680,29552,55177,73665,94880,108910,120329,132713,145360,177602,182481,235474,235270,267093,268210,332488,326418,333586,329574
4013,714,638,938,1407,1712,2001,2215,2657,3025,3384,3049,3930,3592,3481,3777,4674,3848,3696,4812,4691
4014,47527,55371,82159,105527,119196,140361,173461,182614,226716,228701,228117,266778,266778,283684,340094,392820,306368,376063,370234,362277
4015,616,678,757,1097,1327,1353,1343,1371,1681,1776,1779,1759,2256,2131,2377,2095,4271,2606,3060,7501
4016,9525,13329,27284,51095,70451,87615,98371,108521,130412,142567,173290,162240,208732,205164,237462,240365,294945,292244,298305,358091
4017,597,672,892,1292,1511,1499,2370,2908,3123,3042,4120,4466,3880,6008,4372,4468,4161,3916,4343,5795
4018,43195,54400,78257,102892,123864,142506,178017,188516,214567,253400,243600,255510,302680,372130,399297,369976,397694,387718,392274,532893
4019,543,601,767,1218,1501,1788,1859,2041,2136,2255,2621,2540,2893,2810,3075,3442,4554,4559,7152,4320
4020,7937,11677,23807,45526,63098,79446,89327,103012,111680,121535,176083,150828,173731,176626,205681,246840,252078,254054,302027,251239
4021,590,646,945,1146,1969,2345,3063,3435,3751,4872,5506,6184,8453,7462,9082,6053,10309,10970,8334,10119
4022,37493,54499,76420,99811,141289,164189,176516,222457,217268,268068,312416,310675,363876,327965,354602,317339,481646,456020,481426,474519
4023,564,704,864,1198,1690,1783,1904,1961,2075,2197,2427,2426,2731,2799,2836,3032,3353,4645,4569,4613
4024,7797,11321,23351,41810,61235,71915,88376,93357,110421,119438,151177,151132,174958,202214,202936,248637,246455,302726,300004,299729
4025,615,714,993,1298,1634,1934,2354,2865,3406,3651,3939,3977,5023,7811,6982,4817,9651,6671,5955,13996
4026,30773,58067,79179,101756,139258,162112,177170,215660,258554,256516,296516,296613,352166,302334,323321,303326,447028,426689,427285,424674
4027,560,578,742,928,1017,1095,1173,1214,1283,1364,1565,1761,1673,2204,2928,2850,2421,3989,3760,4065
4028,7049,10461,23944,42647,61936,80357,92249,99913,108438,133022,173052,173121,171233,251819,250663,251623,250904,300270,303424,300780
4029,631,770,1190,1621,2524,3832,4184,5211,5453,6485,6297,8303,8428,4718,5871,5692,10696,8036,8038,19914
4030,38743,49145,75920,93709,132225,172022,189464,214658,253525,299647,292983,353089,348048,300615,333152,361839,445675,437248,449060,438294
4031,671,619,769,872,1099,1413,1468,1638,1586,1770,2072,2068,2245,2424,3107,2777,2638,3796,3874,3682
4032,5956,9395,21116,39554,57136,69938,80754,98961,98044,122406,163544,162871,191213,238075,239481,238353,233678,283835,281254,281822
4033,665,541,824,1288,2447,3224,3643,3375,4047,4848,3930,6620,9379,6115,6326,12391,12453,8513,21000,20768
4034,41009,42177,64563,87619,120970,139952,179909,177146,204289,255138,250549,310708,309094,343469,306798,472705,406336,413632,416918,405406
4035,596,561,773,1042,1222,1285,1296,1418,1508,1627,2070,2068,2342,2588,3296,2784,4767,4538,3720,8093
4036,5931,10527,26141,45851,62420,83330,90115,99435,107924,123172,162549,159502,188552,230863,232662,229867,283096,279583,280270,385353
4037,626,740,1129,1545,2395,3050,3975,3679,3759,4144,3644,5820,6427,4868,4720,8731,7141,7704,20254,9104
4038,36726,43488,65171,89199,115939,155729,175630,209448,207792,207976,250994,309438,310495,328624,330620,434671,416347,415492,419028,418554
4039,461,658,1027,1344,1798,1960,2167,2287,2402,2633,2980,3077,3896,4574,7473,4057,6533,11617,5939,11315
4040,5510,12571,32013,52917,71861,87752,106384,115991,129544,147241,172024,171210,248349,249465,301204,245060,297588,410168,300657,410251
4041,686,886,1171,1838,2692,3269,3652,3854,5434,5742,4770,6810,4422,5695,7980,9485,7606,4963,7616,8106
4042,35077,51948,78409,106783,141923,169200,194356,223649,271363,268592,267284,332046,264388,343456,508164,433336,436049,435767,436744,437819
4043,477,783,1094,1548,1915,2017,2152,2293,2332,2620,2810,2790,3492,3315,3107,3564,3512,5245,5058,9548
4044,5171,12367,31197,50962,68810,79400,94005,104064,117085,153289,152984,155745,226918,226601,225798,224282,224763,275665,277798,374405
4045,694,887,1249,1881,2812,3118,3593,4722,4726,4367,5945,5855,4850,5005,4586,9626,9820,6762,17076,8585
4046,28629,46435,69627,104129,133909,146547,167014,194029,232805,236050,286065,284134,291188,292229,311840,399413,399690,405894,399556,405074
4047,492,665,959,1097,1136,1270,1386,1545,1588,1853,1858,2160,2410,3293,3145,4521,4596,4788,4194,9042
4048,5535,14512,33424,52345,66758,82340,90118,109775,109321,146076,141454,165497,210393,210620,208103,257566,254825,254799,254242,346772
4049,640,930,1665,2487,3671,4024,5432,6532,6216,5936,9170,12051,8815,16492,15771,12844,26173,25953,25498,15134
4050,28136,57333,81344,112412,145085,188691,224033,264986,262717,261873,310370,308564,309365,398935,411642,400957,394166,393096,394267,393989
4051,521,686,935,1105,1455,1663,1696,1706,1775,2108,2061,2206,2439,2817,2786,2613,3963,4092,8934,8919
4052,5437,15530,35846,54455,70951,83787,89729,97746,109873,143463,144722,166937,206728,206018,208429,211384,252302,252464,349662,351356
4053,668,968,1866,2517,3647,3758,4120,4872,5593,7602,7447,9944,6789,13158,12706,12443,22589,22719,10681,10949
4054,24841,57418,83834,113388,145504,185072,179585,211571,260563,321430,310720,308247,310085,377077,383175,390313,389068,389255,381930,388711
4055,423,410,547,685,709,683,767,761,724,829,968,1429,1829,2139,2317,2097,3980,4105,8188,8537
4056,5295,13796,32307,51492,66645,76599,91639,101643,115065,128519,147043,177899,221388,221940,222687,222413,271327,273399,369826,373927
4057,689,972,1383,2141,3069,3317,4070,4918,6182,6862,8415,9788,6277,6110,12955,13029,9012,20738,11083,11260
4058,31240,62681,86740,118815,151491,162690,186565,224893,260881,254895,314313,316210,316510,311918,395736,391825,394336,402341,393677,401017
4059,478,764,1204,1415,1840,1943,2162,2340,2523,2775,3057,3930,3874,4948,4853,7161,6867,6960,11904,12208
4060,5959,15986,36558,50335,69152,79227,93521,103862,117449,132425,152025,222532,219454,220589,224083,275551,268763,268004,372428,367672
4061,710,1153,1516,2275,3428,3746,4541,5434,5963,6523,7965,4633,6520,6568,12972,9353,9332,22916,10984,11072
4062,38623,59357,82464,112484,143982,158112,181786,216107,257325,249251,315130,311113,313711,326967,409783,409509,415614,415501,418309,406100
4063,515,890,1348,1790,1917,2010,2214,2270,2417,2681,2881,3055,3615,4335,4168,6459,6370,6190,11180,11158
4064,6040,17698,40986,54570,69889,80764,95973,103577,114428,151240,154080,181340,226371,224767,224799,274791,274780,274984,383475,380225
4065,684,1037,1522,2272,3054,3578,4631,5305,6200,5229,7444,5521,5852,6005,11783,8232,8405,20426,10072,10109
4066,39682,60706,81900,115911,149636,164884,223988,221019,251360,254433,329673,329319,331926,350633,490012,463108,459947,461876,463459,459488
4067,498,918,1007,1193,1187,1220,1322,1363,1431,1588,1702,1835,2040,1993,1877,2282,3775,3775,8800,8993
4068,5963,18713,40708,54840,66250,82371,97032,107559,117544,151511,155655,182647,228570,225731,229586,230106,277708,277900,382671,383458
4069,625,1087,1664,2118,3588,4359,5079,6017,6195,5598,7504,6094,6778,6447,6499,11613,8345,8470,10176,10019
4070,32824,61923,83529,107529,123497,164436,185250,219092,253212,247436,324476,324488,326787,335127,362619,450440,449807,452514,450683,451899
4071,528,812,886,1098,1295,1403,1481,1553,1661,1927,1886,2058,2387,2375,2328,2555,3806,3702,8645,8342
4072,5879,19021,41413,56392,67838,83874,99484,108509,122447,156390,157162,185961,231116,229778,230392,224910,276766,278276,377712,380266
4073,721,1211,1671,2626,3193,3797,4458,5453,5882,5465,7954,6258,4941,6324,6541,12219,8723,23594,10607,10141
4074,28158,55908,75911,98750,114326,152118,176808,209183,245947,242207,311821,311315,248711,319924,342094,437769,438127,443684,427648,439028
4075,567,925,985,1128,1139,1252,1338,1311,1334,1726,1457,1738,2202,2418,2461,2240,3474,3460,8345,8742
4076,5896,20169,43291,59235,71794,88681,105567,115422,130118,167130,170485,199676,248757,247418,245500,248333,301979,304595,415232,416510
4077,742,993,1345,1517,1894,2685,3033,3277,3504,3602,4314,4810,4219,5472,5548,5492,7729,8408,9032,8721
4078,32721,72573,96534,117658,148331,176869,226347,265266,264040,263701,310973,371559,309162,348029,345753,336864,474675,476711,473569,475958
4079,602,979,1413,1450,1646,1898,2034,2148,2350,2547,2464,2797,3082,3373,4107,3975,3607,4957,10359,9939
4080,27156,58659,90745,108885,128080,149322,169493,180936,198320,213518,213518,235402,259528,297449,297449,297449,297449,344999,344999,344999
4081,443,692,998,1108,1121,1606,1672,1876,1928,2275,2275,2197,2900,3013,3013,4772,4772,8181,8181,8181
4082,5197,15944,35127,51929,59099,76397,88937,106456,115771,147339,147339,170051,243938,242958,242958,297964,297964,392697,392697,392697
4083,431,862,1470,2133,2571,3021,3421,3867,4817,5408,5408,6025,4368,4229,8238,4947,4947,4371,7591,7591
4084,40180,102211,126669,158365,176521,221664,237224,270015,317147,362066,362066,411045,408039,318987,443467,460085,460085,440441,440441,440441
4085,414,630,927,1125,1267,1447,1603,1675,1747,1947,1947,1932,2386,2845,2660,2388,2657,3398,6691,6691
4086,6122,15073,30799,44328,51236,69041,86613,105114,103803,129339,129339,146973,196903,248565,247108,249233,249233,299540,410877,410877
4087,630,949,1215,1707,1822,2287,2827,3507,3924,4979,4979,5337,4497,4217,4419,4210,8461,5904,7870,7870
4088,50987,72555,94916,118358,132658,163457,200197,225630,268380,265639,265639,316684,370410,407017,331243,402441,450300,463393,463393,463393
4089,443,822,1056,1253,1447,1736,1913,2207,2239,2536,2626,2912,3148,3160,3903,3393,3616,4429,8221,8221
4090,5952,13737,30250,45961,57125,67416,84445,101771,101417,125168,142339,164659,190921,189318,238073,233972,238365,288864,393567,393567
4091,663,909,1099,1599,2202,2413,3048,3312,3920,5108,5470,6816,5448,7430,5889,9933,10165,6396,7742,7742
4092,54985,50647,74182,94671,114980,129036,160005,183132,219335,220090,267574,327370,321203,382189,380985,497104,439133,433905,433905,433905
4093,462,942,1107,1508,1777,1875,1983,2217,2237,2530,2493,2547,2975,3182,3296,3101,3703,5564,10226,10226
4094,5882,15375,31328,49531,60820,73420,86732,102472,113119,145345,145278,170510,198220,245010,247525,246970,248426,301772,407222,407222
4095,632,913,1176,1843,2367,2758,3193,4069,4487,4607,4628,5638,4678,4899,4982,5038,9350,6413,7760,7760
4096,32806,55493,74212,94771,125203,147156,162434,217112,216477,266711,260442,316896,317713,331395,400210,338953,451220,447328,447328,447328
4097,452,775,901,1057,1075,1124,1274,1394,1428,1625,1658,1634,1999,4044,2488,3798,3121,5371,11100,11100
4098,6000,15494,33109,49895,64539,80608,95582,102578,128813,142507,168930,165580,195482,243560,240626,246094,242248,293259,400280,400280
4099,630,1024,1452,2422,3557,3666,3941,4792,5119,6104,4727,6280,5527,6273,6373,10663,10421,8572,9854,9854
4100,32386,69945,95825,124504,155065,183942,236591,282214,332850,330376,328285,375251,372171,332326,334180,451376,448417,448310,448310,448310
4101,484,880,936,936,1394,1668,1708,1933,1932,2067,2307,2212,2679,4189,4343,3655,3768,6208,6208,9935
4102,6289,15672,34241,51003,64995,81153,86881,104253,114382,128220,169557,145771,198597,249329,250127,248729,249919,300143,300143,408789
4103,691,1113,1677,2221,2933,3725,3925,4157,4975,5590,5348,6142,5934,6212,6322,6402,11471,8930,8930,9948
4104,30056,83727,109380,129309,168335,196629,212600,239274,277448,278847,325604,324187,381874,330174,335964,318046,444495,445930,445930,445930
4105,648,905,914,1001,1081,1409,1449,1557,1610,1809,1833,1858,2263,3924,6153,6146,5030,10460,10460,18524
4106,6153,15833,35010,49596,58013,78624,90556,98728,108093,132196,151603,152723,176622,250779,256386,251841,253615,309401,309401,412143
4107,774,981,1490,2028,2512,3389,3861,4227,5023,6029,6296,6212,7454,4629,6104,6336,10933,8338,8338,9468
4108,41107,61850,85951,102869,115675,159331,173293,196679,232278,228600,272890,272041,332159,293471,330210,368225,431805,431711,431711,431711
4109,662,932,1151,1381,1503,1878,1985,2125,2275,2694,3000,3018,3403,4317,6616,6087,8507,8227,8227,13011
4110,6569,16909,37696,56088,68881,84353,97784,106214,113849,158857,178517,185526,213109,264685,270960,260115,321365,322452,322452,437610
4111,408,570,755,968,1436,2131,2390,3058,3459,3545,3463,3724,4385,3081,4342,4517,6722,6758,6758,7604
4112,48884,61661,85492,96748,123545,156366,170479,195622,225996,224345,255910,264703,317139,311037,366809,371428,445328,442960,442960,442960
4113,744,1027,1130,1636,1854,1915,2066,2098,2202,2656,2608,2770,3010,4093,3840,5185,4431,7474,7474,12548
4114,7534,17477,37460,55956,71359,80859,98316,107640,117089,162262,159407,186094,186349,267620,264618,263241,272164,328525,328525,446922
4115,751,1053,1601,1929,2245,2914,4102,5160,5289,5734,7147,6329,8477,5449,6816,6948,6841,8895,8895,9390
4116,43246,57787,81562,98733,115978,143710,177125,201425,236617,234497,277558,275388,340723,356577,386880,341179,344447,468911,468911,468911
4117,750,957,963,1251,1514,1478,1580,1682,1691,2116,2298,2571,2536,3901,3441,5127,4922,7253,7253,11886
4118,7798,18262,39167,58489,74176,90160,103069,121968,119723,167411,191533,193864,190509,277776,272607,271792,278876,343261,343261,456475
4119,624,1064,1467,1650,2223,2828,3624,4361,5138,4304,4387,5311,7078,5414,5198,7249,7087,9021,9021,10322
4120,37035,58958,84158,91243,118417,147238,178226,202362,230834,233905,230157,279467,340089,286104,307255,335207,407883,480331,480331,480331
4121,763,938,837,1086,1146,1343,1515,1576,1522,2322,2090,2616,2379,3764,3915,4899,4207,3981,3981,6730
4122,8024,20425,41249,62438,79022,94625,118020,129165,138106,175248,204394,201560,201664,285703,290611,287145,292198,292043,292043,351675
4123,637,1034,1435,1660,2019,2263,2748,3026,3507,3591,3276,3896,4533,4259,4228,5240,5461,5350,9657,6978
4124,41826,79211,98077,113854,137669,184388,202344,255885,296587,303481,300868,297893,352619,312838,324566,386318,465656,458814,520417,520417
4125,827,984,934,1003,1133,1174,1197,1242,1325,1428,1554,1616,1750,1834,2222,5864,1988,2047,2051,2051
4126,8804,22873,43758,65795,78167,98239,119746,130315,139844,172446,192556,226652,222495,257560,322372,395867,320591,318617,320056,320056
4127,665,928,1046,1134,1351,1542,1744,2249,2748,2992,2767,2525,3142,3177,2713,3527,3524,4785,4580,4580
4128,44138,92540,109200,123553,146101,159557,203789,225699,242353,282182,326020,329844,330686,339192,339978,400859,351286,470233,455677,455677
4129,781,983,1022,1311,1340,1558,1862,1954,2194,2438,2551,2700,3056,3724,3843,4297,5050,4343,6457,6457
4130,9035,20741,39248,55283,69023,83610,101830,117521,139190,172469,170775,193912,225079,257175,257634,316668,320984,310482,315952,315952
4131,662,1012,1168,1270,1594,2341,2851,3456,3740,3470,4623,4278,4328,4313,5991,4129,4205,5479,5244,9233
4132,40171,81431,109804,122221,146392,162137,198237,216827,267540,266876,309175,306860,309986,309245,329772,344556,341404,399779,400521,523054
4133,647,790,577,791,779,1138,1218,1304,1396,1599,1639,1685,1863,2327,2747,2648,4483,3747,6983,3159
4134,9590,18738,38483,58827,72962,84155,108121,124930,147480,183173,183541,204239,240135,275063,337414,334391,342144,338597,402299,333352
4135,553,719,990,1108,1345,1506,1609,1905,2002,2244,2514,2490,2430,2593,2690,2726,4693,3394,3685,4300
4136,54424,73216,107299,115443,136878,160927,183459,216660,237412,267822,266673,310665,310619,329421,344758,385770,417746,366183,429913,428955
4137,734,933,843,1045,1293,1394,1388,1557,1581,1725,1837,1983,2115,2245,2346,2277,2529,2758,2977,3148
4138,10446,21134,39467,65562,80654,93568,111523,133319,146672,174758,194277,217324,252713,252502,290491,288367,352949,353106,345900,347406
4139,751,845,1083,1129,1402,1570,2331,2504,2800,3004,3328,3483,3515,4040,4449,4362,4767,4628,5964,13197
4140,59782,70921,97409,110466,117974,141761,159853,182072,200338,219222,247032,245095,285509,319161,369529,365988,374976,327480,450959,574319
4141,742,867,802,974,990,1025,1414,1481,1605,1685,1778,2090,2171,2268,2298,2290,2693,3694,2999,2654
4142,11294,19559,35679,62013,80272,86615,103444,116404,134833,159336,177178,198364,226685,224569,255549,259336,311483,310877,317930,316595
4143,611,856,1148,1469,1745,2101,2280,2930,3149,3091,3288,3334,3552,4015,3484,4441,3709,4968,4637,4611
4144,65262,69999,95631,106435,125548,145809,165683,193516,240261,239894,236079,279325,275284,357035,353921,403856,361374,428978,437969,431925
4145,754,924,825,985,1097,1176,1187,1227,1258,1358,1431,1604,1855,1826,2117,2283,2512,2972,2866,2798
4146,10715,17387,31144,54129,72248,81593,97455,109171,115403,134802,164752,184955,209973,207412,241913,291946,289227,294107,297797,299093
4147,605,751,961,1274,1287,1494,1669,2244,2743,2768,2750,3384,3693,3638,4288,3300,4322,4772,4477,13237
4148,46283,56617,79217,99208,112071,131925,163009,176529,215024,246407,246205,249924,291391,316685,399520,297027,388764,413913,395764,525689
4149,800,927,891,1238,1408,1812,1893,2021,2103,2435,2564,2799,3025,3262,3220,5675,4909,4986,4977,4523
4150,8457,13937,27762,48039,64192,78000,90928,102647,110408,144467,143789,188206,185987,217815,216131,263349,265331,268578,270202,269960
4151,626,754,1026,1347,1703,1916,2268,2497,2635,2809,3889,3582,5151,4132,5716,4461,4164,7293,8547,8112
4152,33510,52950,76618,94892,129450,166099,181091,229994,218035,261869,262167,312081,364125,335866,349462,335175,337474,475367,459203,457504
4153,862,1072,1044,1472,1823,1960,2062,2106,2212,2351,2542,2847,2857,3912,3736,5297,11436,4588,8411,8549
4154,6187,10938,22549,42142,57003,73459,85604,92680,101418,124285,141567,166151,165640,239205,238442,238517,296122,236370,288546,290240
4155,452,543,775,1220,2071,2627,2862,3460,4089,4939,5265,6164,5933,4351,4106,9597,6061,8958,18968,18640
4156,28858,56642,79856,103727,128277,162029,178969,199481,249170,287197,285812,335150,330892,292993,296306,413421,414623,399199,415411,414575
4157,689,921,842,1002,1099,1146,1255,1308,1324,1462,1611,1709,1901,2908,2859,2455,3992,4098,3904,3388
4158,6310,12373,25229,45912,65624,81641,97311,106993,106888,134151,175440,176525,201617,253578,252888,251219,310451,301987,303120,304270
4159,612,840,1263,2110,3953,4553,5119,4903,5981,6045,5464,7016,5886,5657,5567,5619,8502,9675,9266,21801
4160,30747,70390,89618,121733,168156,182838,225603,225650,263837,305083,303517,356498,360212,320053,325617,350600,450131,443877,443784,445493
4161,795,926,871,1020,1126,1462,1627,1678,1622,1777,1999,2021,2201,2348,2863,2634,3260,3300,3146,3116
4162,7453,13915,27480,50679,63648,83054,98932,107630,107841,132693,174491,174741,203424,253282,253869,252666,303665,303805,303118,304158
4163,850,927,1299,2057,2891,3479,3756,4639,4628,5538,4453,5792,4867,4143,5444,5696,7847,8024,7836,21700
4164,40539,60530,80629,111330,142763,168478,211020,247470,249262,291729,290628,346484,350580,294643,319554,361638,444056,433328,446297,444912
4165,678,800,864,1318,1503,1606,1560,1648,1761,1871,2122,2157,2289,2773,3280,3220,2881,4277,4100,4243
4166,8038,14856,29378,55969,77521,89384,95823,112258,125025,139368,181831,180846,180812,254876,260144,258613,254029,313784,310423,310211
4167,538,821,1184,1348,1749,2470,2755,3453,4202,4555,3176,3663,5124,3438,4553,4595,11892,7291,6954,19811
4168,50497,53638,78939,102516,128900,166912,182238,204939,240698,285753,240612,283391,350886,321835,370406,378375,458450,460108,459087,459942
4169,635,891,988,1307,1794,1893,1940,2211,2318,2381,2800,3051,3070,3966,4156,4321,3888,10377,5307,5313
4170,27708,46804,77500,97918,127849,140322,147398,165532,176803,191584,206233,228349,228349,253984,294715,294715,294715,345272,345272,345272
4171,442,587,807,1023,1231,1302,1441,1595,1660,1709,2145,2056,2303,4348,5584,5584,5584,9313,9313,9313
4172,3990,7659,18579,36430,52478,61787,70943,83487,91732,100607,153277,155717,155717,221935,264191,264191,264191,359163,359163,359163
4173,599,750,1192,1754,2465,3166,3590,4111,4435,4612,6127,5960,5960,9515,6738,20702,20702,8555,8555,8555
4174,55484,52739,72102,93980,129197,154412,170785,192935,220102,218254,310133,307144,307144,468676,511895,432418,438977,421910,421910,421910
4175,446,590,749,952,1084,1148,1164,1310,1316,1407,1619,1653,1791,1722,1765,3359,2134,6306,3072,3072
4176,4069,8749,20538,37715,53178,68982,74323,89447,113091,112582,149072,148271,173756,218142,217681,265154,218149,369800,264369,264369
4177,537,714,1050,1676,2663,3391,4112,4576,5561,5552,6649,6653,7745,5401,9822,7219,10522,7355,20080,20080
4178,30602,59367,79440,104313,148280,159808,206540,257528,294225,242803,326439,327686,327686,283667,402376,388663,385916,379377,379377,379377
4179,430,648,944,1320,1612,1802,1919,2012,2154,2466,2710,3101,3625,4409,4164,6356,6060,9492,9492,9492
4180,4226,10411,23820,45786,62667,79975,87449,95345,118593,135985,158024,184484,229737,231057,229435,278991,279603,380440,380440,380440
4181,556,838,1162,2017,3343,3671,4406,4693,5762,6056,7020,5443,5742,5365,5686,7052,6907,8228,8228,8228
4182,33072,75159,100103,138872,186734,204231,229358,268649,317998,321373,360630,359000,359000,311478,312890,432083,429392,425920,425920,425920
4183,470,627,1053,1341,1716,1833,1927,2052,2088,2346,2416,2571,3291,4056,4332,5708,5696,5558,9772,9772
4184,4422,10206,24394,40150,52529,66905,78886,85826,96105,122341,143494,143019,213627,209681,215906,261527,259043,258291,356104,356104
4185,601,837,1310,2047,2689,3179,3728,4674,4921,5973,7093,6889,5008,9624,9043,6825,6749,17231,7896,7896
4186,40030,54264,76971,102865,124781,147984,184233,218901,219582,262310,312533,312662,312662,475326,389647,403174,392211,392848,392848,392848
4187,742,717,879,1005,1242,1336,1372,1459,1543,1686,1755,2001,2250,2164,2504,3527,7562,7581,7581,7581
4188,4364,11302,27129,46425,59481,75559,81688,89524,112382,126807,146782,174325,217928,215268,216871,262150,359922,360139,360139,360139
4189,661,906,1341,2287,2775,3535,4348,4732,5639,5958,7001,8590,6088,6396,10925,8281,8712,8714,8714,8714
4190,38188,47670,66583,101224,115456,142278,161107,194406,238325,232663,283654,284414,284414,309089,460632,381834,380926,380816,380816,380816
4191,874,800,928,980,1387,1470,1658,1612,1697,2045,2015,2226,2634,3162,2276,4310,4344,8283,8283,8283
4192,4700,13222,30821,49330,65895,77971,95274,94606,118443,159121,156347,185289,232327,231397,231177,280888,281113,376112,376112,376112
4193,822,1120,1635,2398,3067,3890,3665,4300,5120,4737,6242,4839,4889,4921,4911,6345,18137,7790,7790,7790
4194,34030,48190,72651,102226,133387,168056,166707,195894,232561,236379,280617,287727,287727,316369,329783,400113,398991,400393,400393,400393
4195,827,761,895,1026,1269,1301,1416,1476,1567,1897,1763,1997,2902,2998,2780,3697,7154,3478,6742,6742
4196,4405,13014,31751,46422,63000,74015,81430,88886,101300,134501,133356,158135,200589,199741,201052,240397,336582,240878,334780,334780
4197,644,945,1487,2176,2877,3228,3739,3994,4110,5146,5223,6237,4437,8911,8734,18153,7453,17351,7488,7488
4198,27465,61382,91508,128552,151494,187242,232270,228313,259474,310584,304679,304691,304691,386360,399907,384171,385707,383935,383935,383935
4199,867,886,1265,1509,1895,2091,2235,2438,2522,2813,2748,3962,5748,4796,4987,6712,6557,9961,9961,9961
4200,7336,15615,22345,29149,37780,42647,51304,57641,63628,67163,79323,82131,87924,91495,99443,103994,112390,112390,117632,124328
4201,295,409,408,440,454,470,481,524,510,510,544,510,523,536,547,533,546,546,564,564
4202,1772,3512,3690,4267,4267,4566,4848,5306,5300,5342,5841,5857,5815,5782,6290,6343,6371,6371,6364,6400
4203,394,535,967,987,799,799,662,689,711,741,638,661,722,626,635,643,715,715,719,738
4204,23248,51220,50984,54143,49486,49508,46118,47870,46256,45697,43174,43008,41654,40532,42869,42082,41033,41033,40503,40408
4205,464,445,504,467,471,485,483,489,491,470,486,499,475,500,496,494,494,494,509,497
4206,4319,4607,4938,5678,5809,6238,6775,7501,7453,7459,7478,7482,7425,7542,8071,8214,8286,8286,8282,8248
4207,667,826,837,656,678,766,745,735,792,779,749,725,747,778,856,912,866,866,814,868
4208,55471,50745,53760,59062,58353,60524,60055,62124,60628,61259,59147,59016,58721,57451,60146,60218,59129,59129,59017,58566
4209,650,605,901,758,817,775,904,862,850,826,850,839,864,828,863,858,883,883,893,897
4210,9736,9653,11495,13477,14584,15704,17675,19180,18943,19106,19081,19387,19378,19053,20866,20835,20784,20784,20797,20921
4211,664,722,830,888,910,935,877,843,862,883,871,871,892,893,930,962,960,960,986,957
4212,66551,59017,61809,65208,68822,71272,71829,72932,73902,73663,73609,73844,73146,74296,76809,76824,76269,76269,77171,76324
4213,903,995,1080,1117,1175,1216,1221,1263,1286,1330,1351,1354,1314,1342,1410,1380,1353,1353,1389,1351
4214,14636,22676,26870,31251,36132,39047,38676,41858,41702,45609,45494,45748,45249,45894,48532,48418,48592,48592,48356,48437
4215,903,1144,1369,1387,1545,1598,1578,1528,1627,1598,1530,1602,1552,1696,1813,1855,1660,1660,1712,1738
4216,69684,75820,79414,86520,90446,93683,93099,101603,102380,102552,102472,103630,103037,103753,108338,105998,108167,108167,108094,106378
4217,717,908,947,1032,1037,1062,1099,1090,1181,1176,1180,1078,1105,1073,1182,1095,1110,1110,1088,1138
4218,15346,38265,47806,55416,62342,65412,65875,69035,68931,73494,73118,73285,72456,73176,79977,79841,79453,79453,79925,79480
4219,805,1165,1782,2210,2379,2573,2589,2637,2565,2887,3003,2945,3035,2988,3446,3292,3251,3251,3249,3339
4220,66292,79746,104009,115368,129227,138621,137749,137489,137393,148402,146616,149294,146987,147555,162537,160972,159466,159466,161167,159208
4221,580,738,816,1053,1231,1342,1584,1534,1402,1304,1454,1287,1355,1332,1386,1596,1666,1666,1739,1753
4222,14391,37436,60145,80041,112219,120427,122249,130895,130825,131382,130926,131284,142756,142238,158752,159337,157542,157542,159049,159263
4223,868,1211,1557,1862,2120,2414,2746,3478,3450,3328,3457,3138,3692,3700,4517,4438,4096,4096,4329,4303
4224,57409,84680,104163,131707,159248,185628,202802,226661,224925,227034,226233,225701,260930,261015,258725,260817,255415,255415,259007,259247
4225,646,1114,1145,1154,1503,1607,1677,1789,1882,1922,2087,1914,2075,2097,2166,2126,2205,2205,2190,2220
4226,14286,57311,65220,86836,119192,141382,171024,189407,189224,217126,216211,214960,214162,213912,214034,216457,215482,215482,214802,216103
4227,615,1051,1047,1235,1706,2112,2453,2450,2968,2804,3343,3958,5586,5288,5465,5648,5057,5057,5274,5309
4228,60921,97138,101353,132257,159983,187333,187115,203389,261142,261967,261769,299918,354783,359349,358753,358031,358206,358206,358077,359056
4229,603,1148,1305,1875,2193,2399,2530,2654,2865,2978,3359,3431,3336,3662,3602,3691,3857,3857,3793,3762
4230,15682,52979,65156,96791,134765,157611,173982,190564,215037,213831,240396,283221,293344,297550,298104,291679,295833,295833,297846,298148
4231,623,862,1237,1624,1881,2279,2179,2863,3101,3676,3911,3496,4278,4227,5541,5601,13072,13072,14255,13981
4232,59670,92486,100515,143046,174084,189112,205706,228942,256767,256915,294506,287752,298399,302077,352274,350277,449154,449154,449927,451132
4233,488,670,832,1203,1371,1545,1576,1759,1855,1928,2228,2308,2226,3322,3042,5103,4035,4035,3905,3812
4234,17252,38258,56485,86422,120630,139464,167684,185960,208094,210878,241867,286133,287608,290595,290212,352511,359927,359927,351959,351971
4235,618,795,1192,1416,1804,2094,2128,2566,2544,2852,3208,3602,3488,4422,4124,3627,5677,5677,5586,18872
4236,57082,85089,103092,131206,166566,190732,206429,232477,262506,264407,301910,299966,303749,353675,356326,355575,449321,449321,438283,442566
4237,568,806,1019,1129,1436,1537,1684,1823,1946,2080,2436,2325,2712,2852,2580,4938,3632,3632,7097,7938
4238,19327,40461,66242,98728,149277,171803,188394,231690,231569,260949,309909,309207,308729,312377,311978,376052,378452,378452,504923,503183
4239,648,899,1251,1689,2471,2765,3109,3348,3708,3618,3804,3670,4370,4408,9919,5686,5751,5751,6685,6904
4240,51967,77807,101511,127726,178476,192576,208830,262708,264549,297739,300425,300515,354091,352270,452294,455287,334906,334906,435933,435258
4241,533,808,1088,1084,1736,1823,1992,2241,2225,2248,2782,2578,2850,5770,3880,3828,6299,21320,9023,8927
4242,15327,35855,78151,89564,139358,158500,174949,213159,213560,242316,283946,287761,287753,346222,346608,347839,341066,341066,464738,466616
4243,704,994,1566,1834,2527,2860,3029,3530,3566,3639,3685,3678,4576,6389,6502,6688,6431,23088,7206,7100
4244,49986,68258,101539,106642,161938,175439,191659,239949,240887,272468,273823,275071,326967,407997,312584,314200,307787,396566,404366,407589
4245,699,834,1129,1233,1551,1484,1592,1822,1815,2099,2259,1985,4398,2780,4303,4191,4923,6305,30100,29908
4246,14690,35642,75540,81912,150924,150858,166894,208376,237042,272276,273746,278625,325575,337157,332712,328555,328255,426778,426880,447043
4247,883,899,1113,1149,1729,1911,2075,2520,2796,2666,2713,2685,4525,4738,4745,4269,4706,5530,36941,36387
4248,45475,65287,98271,102807,173374,173399,188279,238756,275467,272350,272111,276368,393553,322784,320514,319578,317040,402469,524096,541896
4249,818,905,1276,2000,2185,2439,2620,3126,3456,4891,4775,4596,12000,14445,14854,14574,13699,23218,39537,46715
4250,12477,36423,63292,89380,124936,145080,161285,199379,222781,262752,265430,265299,311822,320444,319904,315064,310156,413929,422485,427549
4251,1228,906,959,1690,1792,2073,2228,2786,2922,3017,3078,3066,4198,4131,4482,4187,4382,32213,28769,29300
4252,38618,63263,78810,111713,129668,151422,164900,207575,236774,238730,238971,239076,274836,279365,277544,278496,272067,464874,464863,481061
4253,899,1006,1479,2091,2106,2404,2562,2877,2975,3186,3406,3527,5166,4869,4953,10967,11464,14895,14772,14038
4254,10894,32483,57263,94337,100008,133603,147262,185681,211319,249496,252119,250812,300716,303148,302657,298923,297072,395421,393873,410634
4255,961,603,689,926,885,1100,1207,1645,1789,2066,1963,2740,3836,4024,3675,3783,12517,31225,31166,28666
4256,38057,62632,81375,120243,119928,149133,162016,205626,239555,238015,241566,281416,279734,279214,279183,278881,362349,482379,480420,482231
4257,933,890,1114,1243,1305,1582,1869,1913,2245,2242,2449,2325,3883,3699,3886,9636,5596,13367,13321,13482
4258,12397,36676,66434,102390,109231,143897,174007,197534,264393,262450,263778,263044,314380,314372,314030,311725,411988,412565,415202,414869
4259,960,954,1249,1950,1860,3128,3014,3499,4155,3958,4071,4772,6639,7033,6929,6782,7313,34680,34791,33628
4260,39324,65279,77006,113657,113974,179746,180235,204754,236666,234939,237350,276586,270045,270016,269399,270947,349703,461581,466340,467158
4261,890,853,947,1451,1588,1939,2198,2389,2739,2649,3393,2973,3925,3963,4111,9119,5325,12760,11951,14736
4262,11390,31609,57719,81866,92511,140312,154222,173835,232550,228655,233071,232107,275253,274544,271660,276230,359602,372632,368709,373161
4263,1213,1420,1532,1921,2099,2536,2777,3194,3546,3575,3499,4236,5520,6079,5805,17826,34485,31280,31250,30827
4264,35705,58444,71957,94281,105006,137913,152588,170749,227605,195068,197017,229375,222680,222374,223703,285263,400769,394451,394858,392565
4265,1028,875,1378,1631,1730,2135,2330,2650,2741,3330,3501,4515,10339,10421,10386,6366,19290,18883,18570,17792
4266,10466,25810,52219,69672,82516,117987,143878,163289,191128,191815,194422,231654,225613,229062,224757,304014,308237,313445,312569,310504
4267,1252,1527,1482,1579,1839,2075,2334,2398,2728,3199,3164,4221,13672,11725,12676,5563,30855,31069,30148,31155
4268,31268,58709,70921,89755,106196,123540,153552,153751,205135,200873,202845,259056,250193,249857,244291,252357,361253,363039,363922,363207
4269,907,868,1413,1990,2218,2764,3322,3760,3922,6485,6378,7988,8153,8194,7877,30212,22583,22523,22302,44348
4270,9852,25739,53087,76719,92784,128908,164845,164913,198322,232226,232633,316285,316496,316985,316781,319452,316771,322027,318576,467696
4271,1088,1113,1030,1305,1802,1952,2274,3825,5585,7908,20720,15234,23268,23330,23219,60689,61315,60905,60269,50551
4272,28129,45988,57839,70583,90424,96673,121032,139716,140637,165910,220701,163530,219556,219664,220925,330390,333341,339419,336193,336049
4273,863,959,1611,1919,2086,2699,2802,3034,3701,5355,7334,12204,30821,30675,30041,20971,22049,17170,41352,42420
4274,9501,24289,48415,67222,76064,93716,114705,138671,137332,163991,219804,165181,224735,224686,223731,221789,235264,235192,322827,324324
4275,1150,1321,1398,1642,1905,2184,2511,2595,6045,10530,5526,10297,31508,31395,31448,31819,27934,28874,45921,46102
4276,24854,44236,60496,85017,102187,113013,146369,150508,197369,194825,190618,194786,270977,272156,271595,267659,280063,279862,267379,267340
4277,786,508,663,915,960,1846,2355,2389,2921,5198,5321,5187,16809,16642,15826,15737,14195,32751,32667,33136
4278,10372,29681,60265,88306,103270,142428,166672,165920,198857,266995,263327,268698,270306,269946,269095,270080,275290,377821,377563,377738
4279,1091,1649,1559,2121,2402,2916,3561,3576,3889,4391,6588,6517,6265,6439,28929,29176,27756,19364,19831,42872
4280,29329,48557,61469,90994,105655,131677,175279,149753,176996,172773,223249,229848,231526,231950,325065,321384,321316,313616,312886,312174
4281,893,979,1287,1726,1922,2204,2471,3031,4245,4026,5768,5646,5309,23132,16924,17026,16553,34810,34987,34916
4282,9743,27822,57846,83716,96592,117104,154878,153522,181621,184978,254403,253183,255440,256067,250157,251005,249816,392668,393477,393616
4283,1139,1412,1727,2031,2404,2937,3196,3651,4839,4778,6789,6382,6474,6335,32281,32329,32670,20766,20319,20188
4284,30564,55164,71728,96010,110406,135487,155441,180244,230821,233906,235091,232017,236250,235348,329582,327770,326150,333264,333252,333153
4285,821,920,1445,1776,2191,2390,2691,2846,3643,3640,6896,7164,7101,30226,22914,23027,22865,22826,43571,43463
4286,16110,45616,85168,128289,150168,176289,226086,226079,275109,276809,363873,359261,363557,365548,367565,368510,368825,368895,553244,553152
4287,1091,814,1033,1336,1549,1959,2603,2545,4002,4202,5765,5833,5886,5690,37934,37702,37651,37701,22871,23031
4288,43396,68807,95120,123656,148263,185341,265819,232429,340824,336191,339883,337226,341249,341488,458542,462394,464186,463971,464768,462687
4289,815,821,1106,1563,1932,2403,3535,3656,4504,4464,8249,7656,8051,7972,23000,21729,22324,22521,22489,22643
4290,26353,49298,71074,89178,103415,127908,182684,182684,251144,251144,251144,251144,327959,327959,327959,327959,327959,327959,327959,327959
4291,428,675,1000,1515,1642,2047,3811,3811,6421,6421,37861,37861,12242,12242,12242,12242,12242,12242,12242,12242
4292,14317,34880,80717,107937,134541,185504,312450,312450,480094,480094,480094,480094,488483,488483,488483,488483,488483,488483,488483,488483
4293,544,884,1036,1370,1739,2060,2479,4177,2429,4005,5923,5923,5987,5987,35935,35935,35935,35935,35935,35935
4294,54643,86453,108448,126839,155191,203008,243451,409443,282212,477289,477289,477289,479846,479846,617708,617708,617708,617708,617708,617708
4295,400,531,694,811,908,1195,1368,1557,1469,4238,10544,10544,10331,10331,32342,32342,32342,32342,32342,32342
4296,20398,40858,71708,94505,110591,147870,185363,236039,198418,404227,523180,523180,522246,522246,525773,525773,525773,525773,525773,525773
4297,481,795,758,817,1008,1314,1481,1724,1724,2096,5981,5981,6178,6178,41039,41039,41039,41039,41039,41039
4298,52614,89363,111196,124876,145850,177576,208948,239962,226079,364817,496103,496103,495540,495540,643928,643928,643928,643928,643928,643928
4299,472,604,792,1025,1149,1291,1740,1902,2168,2378,3042,7875,8393,8393,20016,20016,20016,20016,20016,20016
4300,20450,40043,64265,86794,108863,129153,152836,190789,216099,250343,349022,622869,628213,628213,623773,623773,623773,623773,623773,623773
4301,750,812,829,812,805,860,982,1598,1628,1937,2317,7388,7620,7620,47696,47696,47696,47696,47696,47696
4302,41767,94629,113789,132188,145590,164553,184174,210782,208653,248487,337305,528335,531433,531433,685807,685807,685807,685807,685807,685807
4303,642,666,826,1015,1192,1387,1483,1791,1925,2125,2203,2827,3720,6535,19793,19793,19793,19793,19793,19793
4304,19253,36232,59367,81646,100291,120122,134045,159016,195841,220076,242006,428095,506070,653017,653723,653723,653723,653723,653723,653723
4305,839,668,719,783,830,869,960,1029,1394,1508,1642,1738,2005,9320,56488,56488,56488,56488,56488,56488
4306,56809,95086,121529,134807,149817,162076,173444,199602,224771,233991,264255,312565,403894,562531,567413,745735,745735,745735,745735,745735
4307,549,543,698,754,860,966,1056,1138,1236,1301,1321,1399,1454,5703,40061,18412,18412,18412,18412,18412
4308,14813,27496,53688,70429,89194,108706,124507,141092,166555,208024,223752,266140,266672,682511,684036,683995,683995,683995,683995,683995
4309,904,1043,884,1107,1207,1282,1401,1518,1805,1945,2114,2315,2365,3013,3294,50307,50307,50307,50307,50307
4310,55711,96628,111931,130210,145300,157095,170450,180951,217049,235287,249495,308678,270997,399097,399020,581474,768100,768100,768100,768100
4311,598,583,599,692,793,697,761,969,1131,1188,1309,1240,1476,1561,1566,5347,20715,20715,20715,20715
4312,15921,24570,47928,72895,90495,109663,122882,140878,157777,185650,212946,211232,249562,310806,310474,643593,657227,657227,657227,657227
4313,876,1073,1174,1177,1223,1469,1898,1887,2211,2304,2401,2781,2727,2524,2716,2809,4495,3413,51912,51912
4314,48358,83447,112928,128095,138559,149943,174556,182309,196972,214105,264685,295507,284850,334489,300806,386541,581764,453411,773935,773935
4315,631,722,813,968,1086,1172,1224,1298,1394,1535,1661,1814,1857,1851,1966,2146,2230,2265,2532,19597
4316,17269,21305,44747,63470,86381,107589,117792,134707,152573,179436,206044,222562,243842,245868,305135,306248,349022,349950,418170,654340
4317,738,976,932,967,1006,1118,1237,1391,1543,1670,1925,1906,2202,2106,2267,2226,2262,2293,2419,56157
4318,50390,74318,110368,119510,130817,147545,169160,177010,215000,272331,253963,293727,317661,301401,439919,360753,385927,384202,449558,801439
4319,598,660,790,955,1182,1299,1384,1767,1896,1950,2178,2253,2418,2523,2590,2663,2846,3323,3096,15076
4320,15294,19109,37501,57319,78938,98303,106873,130024,151090,168205,196094,195642,232759,232492,256110,288713,288921,326916,330516,610913
4321,677,819,930,899,978,1160,1359,2134,2391,2536,2723,2884,2851,3556,3826,4389,4261,4421,4726,3653
4322,51750,70095,109177,121832,132527,148076,161792,187633,199436,222541,255811,252264,307379,282078,325174,378382,292636,336496,342424,344509
4323,672,791,860,956,1139,1399,1545,1858,1903,1969,2099,2147,2332,2437,2428,2612,2966,2881,2866,3733
4324,15120,17686,33790,52407,71647,91586,102638,123306,133784,147782,169834,181378,215898,238844,218267,270132,308892,308253,308456,366949
4325,990,1108,1099,1154,1312,1329,1608,1621,1681,2318,2140,2768,2469,2865,4015,3177,3358,4440,4326,3421
4326,44888,69969,101093,119415,134031,145283,171691,190844,191103,218679,251029,255056,278040,297982,311619,312169,416044,462191,457478,352937
4327,711,801,742,781,967,1072,1117,1168,1217,1277,1336,1472,1528,1610,1539,1614,1856,1721,1880,2341
4328,14021,16212,31783,53488,73263,92461,109617,136849,145312,165466,176680,207925,210013,259885,231598,259040,296464,298304,352052,357748
4329,995,1131,1231,1486,1434,1510,1794,2255,2867,3125,3742,4432,4479,4660,5349,5469,4910,6045,5116,6054
4330,54243,60720,89166,110856,120319,130611,154226,185468,209920,217243,257299,279690,260053,279892,299621,345973,366778,368809,364962,378385
4331,691,743,662,789,930,928,1191,1751,1799,1985,2175,2334,2448,2766,2843,2795,2917,3243,3287,3554
4332,13122,14263,28804,48825,72617,90055,109042,139502,147737,171309,169607,202156,203084,255222,256825,256271,291251,351704,350757,350030
4333,919,1013,788,969,890,1159,1389,1462,2076,2162,2849,2694,3214,2880,2705,3491,3715,2608,2653,3931
4334,61424,59708,87064,108552,122014,137999,160358,181831,227644,230199,256241,278556,293264,317483,281099,345706,338094,340633,339300,440000
4335,711,826,743,924,1136,1224,1529,1590,1694,1732,1942,2075,2133,2366,2363,2715,2796,2814,3584,3108
4336,10813,11697,24633,47055,70757,85491,102347,127067,142967,157603,166763,185308,210316,236791,241996,275658,329014,328782,324023,332546
4337,1026,1053,1109,1277,1342,1747,2433,2409,3492,3833,4459,4756,5307,4052,4659,4786,3991,4098,4774,4712
4338,55592,56399,84088,110518,125027,148660,166736,190057,230095,218562,278711,281217,288144,310261,360571,380475,328292,385422,385149,428409
4339,693,765,805,920,1278,1501,1652,1725,1922,2047,2048,2205,2629,2637,2841,2780,4375,3953,6018,3783
4340,8780,10523,21069,41274,67505,85181,102489,123933,143763,161089,159125,174686,228100,223854,258237,258295,308211,316760,373153,316823
4341,1018,1038,1058,1366,1648,2321,2599,3415,3978,3850,4455,5330,3846,4515,3959,5030,4090,5306,4294,5085
4342,45754,53154,74548,99251,123014,144967,178829,192787,231982,254932,229264,261430,259441,313005,334261,341825,358710,368485,365826,367500
4343,631,853,919,1157,1428,1825,2025,2076,2120,2273,2348,2571,2983,3456,3413,4957,6934,6553,15559,15822
4344,6942,8265,18720,36141,57606,73478,97172,114980,123308,136371,154338,171335,197910,231711,229680,281042,283832,286927,346792,349749
4345,1186,1203,914,1380,1974,2482,3027,3173,3373,4413,4278,4907,3959,3953,3857,3814,3885,3907,5404,4984
4346,40206,42356,65317,84654,105615,139001,161278,201575,204752,268419,313604,280134,312879,333971,348620,363168,371480,371767,443247,454472
4347,680,834,788,1002,1046,1081,1263,1338,1329,1400,1464,1584,1776,2399,2198,2150,2928,5570,3930,4197
4348,6415,8524,18778,35992,56373,79936,98480,117295,117371,146181,143610,190844,190467,271510,272116,270820,270011,323984,326748,336971
4349,675,855,927,1362,2194,3481,3687,4019,4606,4099,5000,4514,5720,4228,4133,5669,5672,7284,7542,7584
4350,37329,54500,75801,91934,124145,181786,195803,220837,232226,255514,297113,273314,356628,269957,332391,351804,353629,476734,442711,445653
4351,659,763,738,769,945,1219,1441,1408,1763,1503,1542,1886,2356,3008,3453,3266,3366,2883,4625,4576
4352,5735,8071,19904,38267,57362,78725,102078,113118,123237,141532,141869,184755,213338,260977,263556,262676,261248,262022,317411,317124
4353,575,643,1076,1569,2430,3064,3423,3555,4217,4404,4122,3545,3768,3516,3986,4266,6274,6118,4875,4772
4354,33774,54616,76487,100407,137888,174409,216868,216472,227435,281319,288502,262424,343653,272662,327361,324867,445195,442177,436800,440381
4355,609,655,626,825,993,1046,1133,1151,1185,1213,1232,1502,1455,2223,2789,2900,2462,3633,3785,3737
4356,5671,8249,19659,37422,57964,73838,92504,110635,121016,136095,136279,179712,178569,250429,257496,256933,254933,305371,307083,309848
4357,572,684,1062,1398,2102,3111,3342,3902,4248,4670,4647,4141,5979,3383,4058,4173,7426,5012,5714,18193
4358,36605,45787,65917,88548,125266,161760,175023,236875,244481,250535,223122,281888,311462,328848,303804,300946,401701,419010,409029,419457
4359,794,772,910,1216,1478,1868,2108,2215,2299,2493,2555,3052,3050,3348,3895,6482,4642,4535,4860,4595
4360,5238,7890,21071,40806,57017,74056,96642,103730,116894,134064,151754,202135,204301,247888,250165,298690,298008,298433,299032,298074
4361,582,775,1201,1338,2149,2798,3239,3971,4115,4402,4503,4693,4420,4411,4305,5363,5258,5004,5258,15609
4362,37018,40850,68212,92230,117719,152303,189081,215407,235828,247803,250339,325957,296068,324286,288815,393585,402383,410381,401652,401516
4363,851,858,1061,1439,1893,1993,2152,2192,2315,2413,2628,2911,3431,3851,7212,5382,8855,8908,5544,8606
4364,5018,8166,22373,39363,55192,69213,89381,87661,111319,110038,150805,175707,218973,217079,263476,263030,348147,356387,261534,352770
4365,593,729,1294,1733,2248,2585,3178,3650,4487,4407,5433,6062,4020,4369,6064,5900,7096,7259,16214,7004
4366,33136,36808,60991,83357,112190,132806,169500,194808,250535,188593,288373,300232,282500,300320,449413,393442,378393,392985,387809,387157
4367,889,782,909,1094,1176,1259,1395,1382,1509,1641,1930,2334,5509,5206,4257,10047,17334,16942,16991,17287
4368,5475,10547,27804,46581,67073,75886,90813,101377,113246,129107,151725,170771,215603,214778,211742,252229,342555,347592,342002,342539
4369,641,719,1276,2335,3293,3770,4261,4494,5179,5720,6229,8008,5457,8878,8656,8079,8669,8751,8774,8561
4370,28464,40323,60725,89491,127171,157950,184110,183261,225134,251903,269106,272191,262796,381620,411993,375434,361687,377400,362532,361682
4371,465,565,850,948,1231,1363,1355,1447,1639,1917,2184,2744,4087,3188,2807,5062,10016,9559,10185,9864
4372,5910,14172,37067,58853,82077,96176,104784,132687,132882,173702,202277,251171,248099,251191,249769,303901,409432,416999,408409,409812
4373,579,906,1480,2141,2638,3572,4137,3913,4646,3809,3637,3264,3731,4737,4747,6140,4485,7642,7542,7360
4374,26873,46277,73813,96153,121043,148502,165678,167608,203757,232834,267327,239087,266945,293121,308133,410502,297604,413630,405386,405828
4375,485,653,883,1067,1110,1166,1199,1282,1325,1709,1550,2257,2126,2609,2528,3273,4483,3106,7259,6955
4376,6064,15835,41041,63863,84892,98832,108211,135521,133129,180274,180160,259389,258802,259511,258336,313737,310018,313496,416097,417027
4377,489,806,1330,1673,1945,3082,3489,3422,4188,3453,4125,3093,3672,4379,8355,5298,5367,5639,6795,6847
4378,31732,65161,94747,115154,144545,170101,187080,217492,226866,249899,297786,269216,299402,330826,447831,457649,447635,458691,443657,443096
4379,402,674,1189,1356,1715,1947,2052,2154,2291,2651,2659,3046,2917,3198,3165,3130,3488,3602,8731,8450
4380,25764,49307,86102,99478,127074,150882,159823,170335,186497,200723,223108,248163,248163,288421,288421,288421,288421,288421,336269,336269
4381,439,609,985,1106,1450,1576,1815,1849,2032,2345,2546,2592,3741,3121,3121,3121,18554,18554,7197,7197
4382,5221,13587,37787,57426,71552,89615,105551,126885,142524,188322,186089,220281,268854,268411,268411,268411,436089,436089,434517,434517
4383,457,836,1486,2477,3649,4252,5534,5338,6481,4217,5180,5652,4888,6156,6156,6156,4593,4593,7705,7705
4384,38827,84404,111698,143250,174438,204619,257331,298207,276560,263479,333632,334730,390590,332774,347970,320095,449749,449749,457713,457713
4385,423,604,923,1117,1351,1526,1558,1767,1938,2043,2053,2347,2257,2485,3032,3022,2705,2705,7278,7278
4386,6591,14951,36112,51014,61631,85748,99465,107627,134361,176505,181465,207353,206734,248880,254721,254451,256845,256845,421527,421527
4387,475,980,1616,1584,2530,3304,3909,4489,4077,3834,3840,3910,4990,4413,4322,4305,8787,8787,7677,7677
4388,47298,61394,88217,108095,131422,171435,213941,250707,283831,225137,231339,328076,278924,377833,319435,384101,317787,438630,450289,450289
4389,434,661,1019,1282,1699,1799,1862,2181,2360,2725,2775,2743,3425,3212,3742,3656,3681,3459,7773,7773
4390,5587,12803,30996,45753,60434,69926,80484,95071,118176,160599,163481,154594,229779,224931,220954,223020,226575,227361,375367,375367
4391,510,913,1303,2009,2292,2528,3151,3765,4736,4324,4388,6205,4041,5505,11100,10450,10809,10564,8854,8854
4392,42982,45291,68243,89524,111549,131511,164187,197111,290438,233154,249988,334855,241652,333501,439350,431368,389456,390123,392179,392179
4393,437,789,1185,1554,1817,1902,1975,2126,2232,2577,2805,2680,4383,3741,3380,3343,4597,4473,7568,7568
4394,4849,12462,31017,48219,63150,71661,83249,90400,114384,153989,156727,151867,225331,223400,222573,222505,270743,270125,371955,371955
4395,521,788,1134,1929,2124,2869,3412,4293,5546,4936,7080,6781,6160,6170,10940,10755,8355,19189,9536,9536
4396,27173,44622,67726,99825,117266,126068,158995,192993,242354,289799,347124,291582,344889,290884,431220,389316,398228,401686,399234,399234
4397,468,698,917,1070,1086,1194,1264,1376,1323,1525,1660,1799,2116,5211,2417,3234,3297,6883,6822,6822
4398,4862,15233,34814,51870,69266,80799,96517,106547,120878,159854,158881,186831,231447,280170,228533,278292,278983,382667,377683,377683
4399,729,1117,1452,2482,2924,3488,3502,4632,4890,4700,6069,5094,4346,5438,9809,7563,7969,8809,8768,8768
4400,29468,70624,92358,130986,173573,222001,216769,259759,261396,299096,347074,309717,299358,309959,422485,418743,417485,424462,419467,419467
4401,468,708,927,937,1550,1700,1674,1913,1907,2302,2279,2496,2849,3214,2914,3703,3616,3595,6374,6374
4402,4981,14813,34196,48760,62990,77420,93128,102464,115958,152228,154056,179121,217470,225049,221782,273511,273665,272862,362594,362594
4403,769,1202,1661,2841,3884,4178,4754,5537,5676,5076,6602,7637,5200,5073,9469,6723,6838,18444,8581,8581
4404,27119,68868,91580,128240,165675,178019,205545,241142,242323,254988,310643,296886,300866,295484,408986,423021,422585,424245,415904,415904
4405,433,695,824,950,1238,1302,1417,1444,1479,1732,1714,1893,3058,2942,2701,2657,3503,6111,6868,6868
4406,4790,14142,32770,46994,60321,75746,90536,90259,114582,155572,155138,179222,222985,225801,222813,224315,271299,373674,371185,371185
4407,725,1025,1597,2020,2213,2962,3219,3574,4961,4099,5314,4986,5381,5507,10253,10154,7195,8764,9267,9267
4408,34519,56994,78702,112412,119246,161803,185356,215133,298574,252943,302106,354631,300375,355750,423796,438625,437374,437641,435404,435404
4409,414,778,1149,1436,1623,1877,2118,2247,2221,2794,2727,3034,5644,5324,4703,4836,6385,6592,10347,10347
4410,5364,17575,39272,53462,65708,80107,97286,107683,107497,163275,159821,183784,229664,230754,229747,231112,282679,282793,379259,379259
4411,555,968,1388,2201,2474,3126,3502,4394,4270,3919,5515,5094,4696,4791,4659,9128,5663,5721,6814,6814
4412,38072,54065,75248,107856,126421,151592,176302,206592,246032,253993,297759,343402,297895,343533,342465,434722,432288,434404,433478,433478
4413,428,858,1297,1546,1823,1938,2056,2201,2183,2579,2514,2897,5427,4016,5074,4681,4372,6889,6889,12153
4414,5409,16386,36297,51660,67381,76965,91203,98170,98346,139866,139649,164325,239573,238681,237917,240297,239385,289805,290522,401034
4415,629,1167,1666,2033,2324,2916,3988,4073,3836,5618,5825,7150,4269,5351,5583,11158,10797,9172,22010,8595
4416,32895,53731,72421,104839,122983,135385,173056,205198,223242,232339,231285,318644,227614,316848,344516,416827,407796,414693,412408,412408
4417,433,758,1014,1290,1397,1524,1577,1567,1689,1909,2018,2178,5770,4704,4125,3768,6425,6839,10635,10635
4418,5745,20651,41864,56667,74623,85373,101766,112552,111569,141947,168370,167761,238493,237600,237137,238955,287623,286477,391238,391238
4419,585,1082,1407,2126,2874,3653,3982,4945,4929,6137,5726,6952,7674,7464,7377,12286,9785,10034,10982,10982
4420,27973,57557,73596,95922,124319,153562,174393,203614,207747,293426,302790,314576,358056,305498,326000,424853,426011,446705,434173,434173
4421,502,739,838,927,1258,1345,1425,1526,1498,1974,2073,2139,2730,3955,3639,3111,5118,4650,8848,8848
4422,5516,18795,41167,52394,69036,80696,95221,119065,120792,134350,159283,159246,223991,225751,224772,223911,277897,274292,374605,374605
4423,616,1164,1735,2271,3039,3820,4579,4613,5624,5598,4856,6573,6438,6521,11491,11803,8510,21765,9131,9131
4424,27336,65422,84457,121026,161333,205877,251613,241383,251287,281100,283431,301708,334610,294251,407078,493377,416711,415033,415815,415815
4425,576,785,940,1038,1096,1217,1218,1256,1271,1401,1495,1645,2124,3177,2599,1907,4534,4276,8069,8069
4426,5410,18650,41433,49348,67548,78128,92662,104076,115083,128509,153466,154733,221783,222277,221348,219447,265770,265476,362965,362965
4427,667,1117,1333,2060,3003,3021,3376,4346,5029,5523,6067,5895,4534,4638,9914,9661,7601,21289,8047,8047
4428,28091,70683,89333,124313,160019,172076,192998,241014,239861,260078,316826,293514,314383,293667,402732,437069,400543,398162,398551,398551
4429,619,797,1085,1422,1836,1948,2119,2259,2517,2727,2808,3404,4129,5154,4881,4462,11680,7074,11529,11529
4430,5708,20055,41547,54033,74409,86503,103687,114600,131263,147302,172328,198712,244538,247319,249108,247110,398827,299902,398443,398443
4431,646,1162,1264,2131,2423,3633,4016,4573,4790,4820,4902,5556,4581,5597,5567,5784,4616,6867,7891,7891
4432,26266,70287,89810,117975,137975,182248,208215,245676,205492,219476,265691,307166,260885,306128,320839,335065,439362,439155,439902,439902
4433,524,522,804,1007,1157,1303,1299,1394,1563,1787,1692,2060,2895,3841,3744,3800,3258,5127,5160,8586
4434,5379,17896,37455,45461,57446,70626,84355,90762,115282,156309,155715,179930,226750,225611,225556,224802,225251,279004,277222,370546
4435,573,1005,1374,1760,2476,2975,3383,4327,5385,4434,5953,5182,5697,5905,10617,12341,11622,6717,19762,8097
4436,33821,60729,88352,103922,123000,145162,184644,215594,250675,261174,310820,351676,310237,349238,427456,427082,435497,436133,432257,432257
4437,679,808,982,1125,1100,1255,1209,1343,1456,1605,1594,2013,2716,3735,2259,3166,3145,5672,5762,9920
4438,5166,18408,37792,52704,64612,79139,86572,91724,117863,154829,154255,173700,226698,219451,225829,224665,224244,269476,264262,370277
4439,601,996,1804,2791,3488,4165,4478,5667,6200,5910,8307,10220,6368,6664,11337,11817,11371,22471,22026,10170
4440,38271,50982,71859,95777,111770,134314,150285,174251,231647,215782,269689,299203,271281,300068,464456,375282,380114,384967,368718,368718
4441,711,810,878,1145,1437,1512,1667,1702,1786,2390,2084,2519,4714,4371,2583,6893,6762,6967,11444,11444
4442,4644,17466,38677,53723,66776,77951,92292,101166,114107,154303,153359,173158,222383,220462,222195,267933,264897,265179,366978,366978
4443,680,1191,2098,2856,3404,4136,4095,4964,5405,4234,5330,7024,4917,9265,8829,6781,6839,19243,8167,8167
4444,33328,53546,76368,99961,133075,169721,164988,195197,222838,232363,287788,308441,280670,433429,457828,413684,403561,402535,402809,402809
4445,775,846,1042,1191,1232,1307,1327,1419,1485,1997,1662,1959,4066,2256,2082,2913,6092,6026,10397,10397
4446,4300,15766,32658,44872,59078,67947,83155,90877,102965,137899,135394,163462,204685,208412,206670,209124,244303,243939,336868,336868
4447,701,1252,1595,2112,2893,3469,3801,4341,5178,6351,6451,7343,4330,8631,8061,8841,20639,20583,8214,8214
4448,24121,50219,71787,92635,121371,130831,153651,183931,188772,310050,303203,279545,302483,393701,395187,368120,381855,381678,383425,383425
4449,776,935,1148,1830,1921,2178,2264,2755,3328,3245,3268,3840,7239,6607,4492,10358,10108,10047,14409,14409
4450,4377,17548,36486,52709,67879,78872,87532,108742,145937,145647,144093,167482,206517,209128,207160,250956,249217,249580,349339,349339
4451,676,1367,1648,2736,3316,4395,4370,5573,4502,4333,6046,8764,5645,12439,11536,9460,23794,23249,11433,11433
4452,23589,60251,86403,117882,137785,183123,223078,219578,226256,260294,317508,269467,316900,367560,371040,381718,384317,384371,390709,390709
4453,753,1109,1489,1870,2075,2193,2197,2471,3104,3059,2949,4551,5596,5327,3870,8497,8050,8265,12752,12752
4454,3929,18699,37443,51787,70906,85763,84437,104637,141839,145068,143108,212899,212001,215960,215980,267863,265218,265365,365609,365609
4455,466,770,1518,2032,2392,2630,3186,3972,3808,5765,6044,4734,5024,9277,9626,5882,17562,17442,7442,7442
4456,22741,69565,96431,126903,166803,186737,221696,219916,214228,292680,292240,262432,292718,366301,365699,380931,386707,388380,388330,388330
4457,788,852,1014,1074,1167,1319,1356,1538,2360,1667,2033,5294,5283,7774,4295,7676,7127,7397,12273,12273
4458,4178,19087,34991,45825,65535,76527,83519,105259,139539,138912,140739,208229,208627,255778,208870,253092,250340,250522,351430,351430
4459,1091,1313,1962,2527,3626,3972,5024,6107,5591,7315,7219,6410,6463,8132,11262,8756,21121,21182,8701,8701
4460,22784,62471,87482,104531,136696,171287,202708,201899,210190,262707,263048,257310,263456,377523,355316,365860,369009,371317,369714,369714
4461,804,866,1029,1435,1540,1715,1666,2494,2995,2626,2653,7275,7241,10427,6271,15131,10303,14881,15129,15129
4462,3754,16236,33420,46193,59403,70594,77222,113378,133045,132875,133690,200773,200538,238679,198332,336865,242111,341778,341247,341247
4463,1135,1391,2316,2947,3764,4027,5139,6969,7496,7342,7277,6646,13218,9588,12378,9386,22194,9640,9662,41147
4464,27186,49563,72387,96819,114780,146941,177027,214683,294198,258071,258017,286410,372035,369298,348045,367070,373703,373115,372511,550072
4465,815,959,1307,1572,1690,1916,1926,2498,2611,2935,3641,4798,11216,6039,11456,15352,10583,16065,15820,12419
4466,3605,19091,36998,54315,68059,81603,90550,115243,138438,138424,160481,201071,248218,201649,243686,337104,245943,340543,339696,341332
4467,1053,1171,1639,2016,3216,3896,4934,6679,4827,7300,9806,5806,9057,12211,9126,10257,22639,10103,10322,8721
4468,33982,57437,77180,111853,138652,157290,188026,228083,268496,278354,276542,324487,397042,378763,388846,377011,381945,380396,380387,387144
4469,710,1019,1341,1836,1963,2220,2296,2905,2861,3190,3803,4662,5456,5623,5488,9554,8944,14865,14946,14453
4470,24038,66842,93665,121341,141862,152028,171427,201797,224060,224060,249945,249945,290646,290646,290646,339862,339862,339862,339862,439046
4471,430,812,964,1111,1398,1514,1717,1854,2021,2133,2572,3270,3332,6836,6836,4435,11620,11620,11620,6440
4472,3394,17751,38702,54885,68741,85434,102303,126189,140240,165821,195419,243203,240764,291350,291350,292288,393339,393339,393339,395858
4473,490,1178,1891,2599,3336,3772,4997,4987,7068,5688,7142,5225,6737,5637,10665,10776,6827,12329,12329,10963
4474,53125,64760,88905,114139,148698,163292,218921,216237,314258,245563,293606,312519,306724,296710,427411,422004,422004,422004,422004,423693
4475,491,744,925,1080,1162,1195,1290,1369,1457,1594,2010,1837,2938,2926,1937,2410,3992,9533,9533,9928
4476,4019,19762,41084,56907,71736,83169,98584,123021,122401,163517,193632,193582,241492,241758,239438,240941,290641,393017,393017,392535
4477,519,1079,1337,1527,1842,2638,3153,3448,5136,4279,3988,5589,4499,6574,6691,14442,10373,12302,12302,12075
4478,30171,79653,92365,133812,157047,196420,220496,269255,253689,315917,310253,311738,308958,364650,372255,413379,413379,413379,413379,411950
4479,555,808,1115,1393,1625,1878,1961,2080,2309,2455,2943,3055,3110,3376,4083,3717,5255,10684,10684,10967
4480,4468,20808,40056,52434,69074,86363,103036,112860,128542,144939,168807,199025,196765,246531,247412,246885,298328,407185,407185,406945
4481,976,1125,1387,1962,2619,2512,3415,3927,5833,5069,5394,6479,6351,7286,7364,7191,10098,12327,12327,12370
4482,29318,93470,109152,137245,161717,189231,238214,271009,258724,270411,317393,315994,317666,367636,371282,295595,422601,422601,422601,423495
4483,567,724,1134,1349,1538,1857,1947,2111,2243,2523,2591,3092,3277,3576,3440,8642,5503,10835,10835,10428
4484,4747,17270,32671,44795,56127,76058,88187,96585,122087,136301,159978,189001,187626,238073,235605,287469,286632,392991,392991,393017
4485,576,1091,1492,2131,2426,3023,3592,4760,6095,6587,4992,6543,11807,7650,8063,12727,13276,15089,15089,15185
4486,40656,55493,74516,90194,113788,135609,169498,200630,294623,244523,240142,345836,293308,295507,295172,403153,397809,397809,397809,395951
4487,612,701,887,950,1037,1123,1258,1366,1358,1785,2545,2023,7812,7570,7527,6502,14050,22676,22676,23118
4488,5009,17975,36934,50702,63234,80281,93275,102282,109536,141802,162874,158602,240657,239293,237284,239278,292708,397882,397882,397522
4489,511,924,1530,2378,2405,3589,4132,5157,5623,7535,9462,10232,5998,8531,8546,16046,12215,15302,15302,15250
4490,39602,49516,65971,86601,101011,119582,151842,180548,228255,217733,267976,319425,214063,267257,271064,360900,363019,363019,363019,362895
4491,600,724,838,968,1371,1509,1713,1735,1681,2266,2350,2227,12383,7850,8419,5382,5439,11818,11818,12194
4492,4542,16965,36391,51463,64022,78683,94172,103127,103155,155987,154721,152855,228715,282580,279875,281900,281354,388653,388653,388538
4493,564,1175,1738,2104,2841,3080,3508,4406,4441,5188,8079,7935,7897,6025,11686,11367,11685,13875,13875,14205
4494,26009,50460,73818,96874,127784,139939,159182,189922,202948,225509,276233,292259,281294,283996,382974,391297,391333,391333,391333,392694
4495,659,739,948,1173,1224,1313,1482,1570,1567,2034,2144,2696,4993,5113,4256,3991,7282,13747,13747,13878
4496,3673,14884,34988,48868,61944,80676,88139,109140,110517,148425,145769,172133,215726,217382,215392,216215,261276,362628,362628,362892
4497,577,946,1625,1954,2395,3866,3794,5330,5236,4641,7513,9827,7179,7374,14535,14269,25675,14223,14223,14590
4498,23115,54837,86158,105064,142615,189633,228618,268121,226838,267473,313979,277287,313185,314454,435781,390405,390822,390822,390822,388918
4499,610,770,1103,1508,1845,2028,2148,2292,2584,2929,3056,3532,5796,5819,5205,8176,8207,13081,13081,13324
4500,7557,16068,22975,30489,39521,45059,53942,60918,67363,71420,84474,87418,93394,98012,106457,111836,120295,120295,125959,133045
4501,290,391,396,426,469,470,473,473,508,511,508,511,511,530,552,549,563,563,550,548
4502,1472,2875,2874,3134,3360,3717,4035,4104,4471,4471,4498,5008,5063,5064,5483,5501,5554,5554,5547,5523
4503,373,432,456,512,529,556,556,560,579,600,567,572,569,563,586,601,645,645,623,649
4504,22691,50464,49791,48458,45884,45553,41983,40585,41488,40574,38118,37413,36409,35681,37529,36669,35037,35037,34577,34157
4505,481,368,379,398,412,444,423,447,448,434,480,430,459,456,482,476,492,492,471,475
4506,3912,4113,4372,4895,5213,5868,6450,6421,7146,7027,7059,6934,7046,6895,7710,7611,7641,7641,7591,7733
4507,593,604,574,638,685,678,693,640,675,703,671,739,711,713,709,730,745,745,814,708
4508,57713,50943,53734,57413,59491,61540,60155,58591,60127,59780,57019,56725,55173,54877,56720,56103,55428,55428,54220,53555
4509,557,541,559,664,587,703,783,726,787,812,792,781,812,780,796,808,812,812,827,832
4510,7657,7502,9093,10867,11790,12930,14207,14302,15169,15342,15205,15320,15408,15239,16709,16646,16821,16821,16826,16778
4511,560,651,716,804,763,830,868,819,906,759,777,788,833,797,909,838,853,853,897,927
4512,70217,44517,47098,49177,51621,54026,54073,53408,56297,56480,56751,56933,56218,56253,59637,59782,59255,59255,59326,59350
4513,666,843,875,1013,1035,1151,1221,1205,1267,1249,1250,1280,1317,1228,1363,1347,1285,1285,1314,1351
4514,8987,14418,17483,22667,24498,26606,29720,29474,31784,31828,31589,31755,31672,31711,34606,34519,34316,34316,34337,33942
4515,989,1110,1290,1459,1568,1583,1722,1703,1756,1687,1666,1726,1684,1700,1774,1956,1767,1767,1773,1851
4516,48236,54718,56928,62530,65523,69760,70085,69479,76669,77978,77547,76559,77205,78198,81918,82610,80624,80624,80782,80460
4517,672,895,937,1044,1065,1127,1183,1173,1174,1168,1178,1150,1147,1172,1155,1151,1163,1163,1162,1178
4518,14228,29538,38683,45501,49034,51524,54879,54521,58816,58596,58354,58854,58576,65418,65273,64518,65326,65326,65397,65673
4519,911,1556,2121,2602,2668,2664,2979,2872,3189,3239,3200,3253,3245,3899,3693,3839,3837,3837,3809,3707
4520,52644,69816,85474,96285,105749,113870,114832,115491,125640,125499,124884,126331,126456,142512,140096,139821,140181,140181,141037,141060
4521,604,802,891,1344,1412,1770,1768,1656,1711,1718,1731,1874,2053,1737,2040,1815,1905,1905,1858,1885
4522,13503,32966,48645,78060,83631,101600,101672,102734,102410,100349,111821,111564,111492,110090,125377,125324,125162,125162,126591,125875
4523,993,1599,2458,2663,3668,3999,4676,4532,4540,4671,4590,4930,4736,5160,5887,5564,5409,5409,5446,5643
4524,48047,84630,119023,159369,200552,234694,231015,233530,230232,228741,286754,286508,287853,283066,282927,281277,282340,282340,280180,282203
4525,693,960,1069,1189,1209,1419,1560,1771,2117,2204,2376,2298,2381,2418,2368,2515,2443,2443,2501,3232
4526,12538,35459,53641,79499,86225,104621,118770,138638,161947,163853,159830,159475,160109,161856,163903,162768,164386,164386,162999,187667
4527,938,1208,1698,1950,3357,3624,4099,4377,4226,7462,7228,7760,7037,6702,7200,6518,6563,6563,7271,9778
4528,61470,95055,132764,166812,201374,227028,284047,284321,326491,396808,391063,390944,391207,392714,393432,391916,392753,392753,389972,393229
4529,735,1624,1896,2210,2434,2742,2772,3078,3363,3962,4076,3999,5325,5238,6971,7113,6960,6960,7423,6877
4530,12474,60217,71246,105561,126473,142547,158939,185701,185577,219825,217766,218511,273007,271917,272271,271159,272569,272569,273344,272961
4531,1015,1545,2314,2788,3226,4102,4548,6031,7280,6024,5913,8291,6175,7912,7864,15373,14908,14908,14717,14462
4532,66362,105258,117635,148091,163338,178027,201113,241493,283676,280647,281239,279333,281177,345943,345284,476069,467717,467717,476525,477756
4533,652,840,1103,1319,1740,1775,1848,2008,2190,2597,2630,4126,6979,5816,11396,4243,7090,7090,7537,7215
4534,10004,44325,59178,92012,124289,137776,155027,181761,178738,210884,211952,267710,266517,263321,318617,251991,316171,316171,314844,317349
4535,781,1108,1594,2108,3191,4188,4709,6055,6230,6660,9116,7017,8868,9145,6790,18609,10685,10685,26882,26633
4536,52226,70066,91567,121150,148303,162763,186749,220664,220494,264323,264506,271934,329278,317267,322045,430018,430591,430591,427477,434155
4537,792,995,1349,1666,2237,2277,2636,3005,3801,5050,5059,7487,6169,13520,14222,7740,7756,7756,14947,14084
4538,11016,35837,60444,95441,140516,139760,185465,184012,211331,263727,262483,263935,265006,322290,323318,313797,314625,314625,431586,437041
4539,836,1020,1470,2521,3834,4327,4861,5643,6013,6472,6565,8329,8006,10746,10762,10127,10193,26071,11303,10734
4540,54627,70171,94118,135776,180738,176298,240496,235488,289201,282101,285166,350691,349395,465750,465201,462086,341109,472135,463146,472377
4541,691,872,1015,1589,2037,2818,2419,3746,3172,4121,4414,5476,11878,7980,8064,8474,20914,12587,13216,12979
4542,10526,27631,57666,93679,139849,160618,186573,215876,213073,267078,265036,264014,320672,315935,316370,314427,314083,430799,429844,431338
4543,941,1413,1634,2328,3150,3966,3774,4779,4803,4820,5124,6267,8012,8280,8355,9003,24936,9077,8883,8647
4544,50887,75684,86241,134615,180379,208335,240166,295741,292481,293312,286952,346885,482924,356570,356840,355162,489819,493892,491963,493289
4545,759,892,1334,1395,1622,1692,1914,2325,2913,2853,2873,9155,4957,7421,7420,7723,9411,9636,40807,41234
4546,9221,25937,70486,94703,143090,161926,188008,216161,270881,271754,271180,328676,326251,329354,328374,329168,432120,435293,433543,430911
4547,870,1439,1893,3178,2994,3303,3360,4806,5391,5404,5333,10452,9542,9506,9144,9536,10517,47012,47322,47975
4548,43482,78035,128066,178335,194019,224232,276456,317781,321101,324656,324363,544259,355645,356886,355279,355256,468771,656794,648925,647701
4549,724,890,1896,2127,2608,2787,3167,3613,4680,4519,4611,8569,11093,11347,11283,11162,14210,32940,33457,33432
4550,8817,28186,73535,99281,148520,169688,195562,224425,281464,281921,280494,341154,346899,347452,346439,346571,463772,452847,451736,453319
4551,842,1267,1782,2577,3161,4477,4493,5437,6310,6257,6267,9568,9332,9813,9558,9470,11096,47637,48749,46531
4552,47037,82619,124651,152875,182799,237035,284410,329997,331433,330836,330584,498457,361069,361098,359965,360292,497853,647180,643155,650659
4553,615,993,1633,1859,2065,3224,2751,3157,4177,4128,4069,8006,11007,11046,11183,10838,13109,32865,34720,31130
4554,7829,23699,53347,68447,104592,187317,183357,212859,262219,264044,266927,326656,333478,333483,332904,332153,448931,439674,439210,438674
4555,465,621,770,1316,1210,3694,3760,4758,4845,4918,4760,8746,8391,8206,8427,8780,8486,42464,43266,41720
4556,48587,84978,97553,130414,153314,283981,280436,320117,390965,320732,321877,469415,360955,361948,361355,360681,483481,652548,644752,651720
4557,524,781,1002,1241,1336,1595,2047,2920,3835,4229,4091,10182,13179,12912,13468,12899,16222,36843,35854,35999
4558,7005,20756,44574,55232,72371,107354,152737,210187,263467,263181,265512,318466,326414,327924,327181,327891,436931,432955,430512,432219
4559,614,1212,1345,2701,3301,3934,4809,9174,7193,7259,7327,11219,10802,10555,10695,10082,12221,47516,47625,47481
4560,47498,74439,99345,116483,135429,156215,174119,354762,349809,284382,284882,460532,470121,344377,342844,344275,460546,668873,674348,676075
4561,598,841,1028,1033,1480,1886,2082,2168,3079,4985,5179,10781,10463,13601,13282,13300,16982,33791,32998,33621
4562,7058,28430,45604,60096,84738,118132,149077,166301,227291,280054,285351,337446,347969,348246,348911,348578,458382,462051,464596,464870
4563,694,1216,1724,2059,2471,2967,2992,3489,4323,4408,5488,10356,9859,9610,10295,9891,11549,46021,44887,45392
4564,39443,70379,84566,98392,133380,141693,158892,169815,234393,290369,288215,472964,477059,353873,354948,355848,471756,655744,660786,660225
4565,626,851,1322,1558,1627,1887,2200,2578,2205,3118,4454,4805,8292,13455,13266,13660,15393,33518,32933,33910
4566,6068,25500,51685,64360,83976,118831,149634,169643,167672,230425,290055,283670,345601,350134,352044,349461,461792,462628,465112,463828
4567,689,1081,1193,1688,2022,2811,2973,3290,3556,4672,4822,6164,8212,8213,8206,7978,8533,43389,43046,44084
4568,39509,76778,87421,107796,142569,172115,170096,186227,210933,305968,303558,402703,499563,506469,374785,374051,493562,688973,687192,688502
4569,578,884,1197,1487,1906,2047,2624,2693,3017,4130,5413,4629,9623,9671,12642,13270,15417,34715,34627,33977
4570,6529,26038,46368,58205,79909,98839,134018,150777,170617,236065,291176,286103,350056,349955,352490,344677,459799,459766,461739,460013
4571,741,1167,1340,1975,2165,2864,2620,3155,3489,4605,5238,4009,8188,8310,7873,7967,8341,41229,41778,41123
4572,38089,71847,82918,101953,134216,161550,161151,207321,202731,290228,294771,317260,481547,477475,359467,358195,476368,669067,669945,667073
4573,682,1077,1463,1674,2002,2223,2581,2495,2831,5334,5298,3219,9595,9937,12129,12720,15040,32547,32265,32770
4574,7690,29462,51393,63842,85829,118283,143727,159132,181151,298995,301361,211546,363398,355534,366650,369788,474473,478850,480168,477814
4575,761,1111,1279,1568,1759,2134,2621,2826,2881,3704,4240,3976,6862,7086,6967,6863,8308,38761,40660,41972
4576,34763,71268,88154,108823,142520,151733,186100,202145,203021,331280,392465,268231,495492,487627,369210,375611,484091,690795,690735,682033
4577,621,869,1118,1383,1535,1594,1810,1863,2103,2032,3298,2630,3931,6966,9571,10241,12109,30472,30230,30554
4578,8018,25600,48057,61791,74802,99712,127897,140193,159197,177716,290284,210768,292056,347654,356970,357275,466140,474562,475429,474829
4579,611,1092,1208,1566,2529,2584,3216,3679,3736,4578,5349,4648,5222,10449,9729,9432,11381,9996,53393,53454
4580,48356,84752,102893,125412,160159,172436,204040,223381,222109,304966,345947,270321,346032,522162,385616,387661,510779,526836,715142,714628
4581,553,784,832,916,1020,1449,1718,1722,1827,1889,3208,2422,2156,5625,7800,8274,9750,3185,27051,27449
4582,7703,22256,39277,52743,64430,83591,114026,125678,155809,154537,292762,205627,201698,355123,358218,361710,477206,294142,476128,487313
4583,450,974,1371,1809,2244,2390,2380,2693,2859,3199,3653,3178,3776,8127,7669,7613,9650,4703,52907,51526
4584,42761,85789,103048,123766,142990,181663,198780,218260,249800,294483,403696,263389,341810,532920,517362,392060,532462,391307,781301,788156
4585,486,796,997,1217,1471,1514,1717,1904,2005,2024,2232,2408,2348,3112,3159,4749,6084,2694,2659,18861
4586,7407,21585,40833,54774,66599,86271,118165,127807,160358,158529,239340,212115,209994,361088,362988,368529,481574,299575,299169,491533
4587,644,1010,1208,1478,1783,2096,2553,2971,2937,3149,2994,3241,3815,6435,7052,6544,8808,4330,4269,46487
4588,49332,80697,102677,123390,145674,182641,200263,218570,252267,246700,297235,272853,356812,544814,548943,408843,548133,410050,415234,798944
4589,527,714,1088,1241,1455,1850,2302,2286,2447,2557,2790,2912,3099,3682,4637,6509,7794,3869,3452,6601
4590,43492,83571,111611,129316,140445,166789,187139,211393,230998,230998,276774,307298,307298,357660,415301,415301,415301,415301,357660,532552
4591,453,619,862,1158,1116,1348,1674,1868,2003,2090,2563,2526,2526,3263,12897,12897,12897,3083,3263,4897
4592,6346,13590,40222,60535,70054,81452,113326,135423,166043,166043,219754,217661,217661,308882,510228,510228,510228,316121,308882,510878
4593,480,863,1430,1710,2261,2499,2798,3103,3508,3996,3962,4740,4740,3426,4160,4160,7339,5075,10104,3357
4594,57256,74980,113513,135220,175254,184924,220808,276992,271529,313377,316206,416161,394033,335616,568979,417793,568979,416636,563930,416944
4595,387,639,723,770,841,1393,1476,1512,1592,1781,1975,1999,2009,2250,3899,6072,3899,2275,2220,2950
4596,7474,14381,37626,54874,62664,78152,105966,113071,137660,154142,175958,176588,207523,240595,354810,355257,354810,292550,297416,298125
4597,576,769,1183,1479,1740,2091,3117,3464,3661,4086,4551,4385,4060,3555,6867,7509,6867,4352,4297,10271
4598,47556,58381,94908,103003,136656,160306,188340,233889,227957,274016,273807,332089,351128,389718,523885,528247,523885,451934,375491,397253
4599,439,574,1046,1261,1449,1722,1943,2063,2273,2382,2689,2531,2642,2725,6701,6593,3251,3399,5066,5091
4600,10114,18472,43995,65827,78733,87761,117744,128079,153710,168889,224649,187600,222928,220145,370679,370468,310766,311053,313162,314642
4601,606,759,1042,1096,1510,2217,2435,2762,3034,3569,3099,4340,3757,4501,8125,8230,4463,5547,5496,5334
4602,44329,86292,114442,137611,166385,189545,218705,236934,262941,298970,297243,314643,283483,412258,562195,566147,376007,462446,467944,452732
4603,529,715,1070,1341,1527,1771,1935,2044,2205,2278,2435,2509,2619,2651,6304,5873,3433,3288,3967,3939
4604,10030,18020,38532,53172,66919,76847,98638,114231,135731,148972,167047,185646,215897,217064,370961,367307,309272,302874,303468,307917
4605,588,800,1086,1267,1369,1967,2387,2969,2999,3549,4019,4480,3428,4413,4985,8976,3994,6033,5911,12679
4606,61883,86893,115881,135852,153218,186729,238702,259452,260377,349306,349016,307724,337420,366894,409756,559928,336363,440026,467405,537106
4607,503,537,818,909,1041,1146,1146,1255,1339,1285,1613,1677,1867,1664,3098,11295,4001,3322,5933,4695
4608,7291,12929,28404,43684,55584,64722,84515,91178,118099,118326,145053,168281,197413,194140,279188,343308,280032,278364,276501,275009
4609,579,795,1272,1574,2208,2558,3456,3628,5136,5057,7005,6966,6390,8506,6149,11395,9233,9242,16149,16838
4610,58657,60297,84048,100954,124320,141785,180543,179047,272823,269764,326804,300610,359236,378346,337244,478746,422505,373078,502626,530782
4611,499,500,712,728,764,1078,1100,1160,1241,1218,1357,1800,1747,1791,2727,5195,2599,3917,3204,2644
4612,7900,13371,29839,53760,61110,76351,88114,102734,119630,117142,148494,204865,201354,202020,286425,344998,285091,281996,285173,283695
4613,705,922,1365,1927,2376,2845,3473,3823,5337,5294,6475,4931,6260,8190,5303,10535,7187,7418,13623,13377
4614,41173,52539,78268,106539,126486,146619,174630,193760,257403,247493,304127,298545,323578,359087,364847,495862,423540,359214,495721,539975
4615,557,671,949,1189,1224,1360,1411,1430,1535,1699,1663,1903,2060,2063,2427,4835,2786,3736,3163,2891
4616,7245,14011,29858,53646,64176,75838,95890,103621,123429,123467,153450,206898,203755,205485,236051,357558,292539,293629,293716,292566
4617,765,915,1221,1744,2305,2954,3209,3282,3948,3864,4577,3299,4100,6501,4917,9240,5691,5774,5212,11070
4618,37580,50975,76939,103485,137316,146556,176836,193827,260609,257499,309516,300899,317176,414062,334333,497259,401480,413444,369903,520259
4619,581,645,950,1262,1506,1856,1907,2114,2238,2310,2450,2833,2776,2765,4446,6182,5184,5080,7986,4766
4620,7039,13364,30934,50766,65432,79709,91746,109331,118661,131423,147924,198978,198811,197475,286686,351365,285524,284550,347298,286145
4621,667,836,1313,1420,2616,3692,3601,3741,4785,5213,5633,4349,5391,7652,4541,9443,6521,6672,8931,12026
4622,35994,57959,89334,114926,147845,197744,194028,249299,291864,291634,344589,281069,307743,412752,326028,504342,384842,410398,493013,503566
4623,619,775,1023,1409,1774,1928,1935,2051,2120,2230,2275,2588,2637,2555,3437,3331,3701,3724,3413,4374
4624,6736,12687,26826,49273,59440,76468,81110,93776,102362,111520,123286,158999,184337,157579,270184,266809,268455,266155,265803,324204
4625,726,881,1187,1525,1894,2211,3087,2739,3303,3835,4214,4861,6860,4469,3245,5150,5157,11387,11802,7526
4626,29918,60613,86862,122910,150405,158521,192555,206087,237916,287841,285146,308716,346794,320207,367115,357354,355424,510848,538000,490712
4627,600,623,858,1026,1097,1131,1164,1266,1349,1411,1427,1595,1645,1617,2113,2522,2522,2099,2033,2080
4628,6804,13484,30743,51484,66695,82866,96277,102558,122207,134187,150656,202070,197241,201770,280649,282329,282399,279946,280964,281338
4629,784,847,1297,1645,2529,3188,3853,4565,4806,6274,6908,4660,5584,8353,5543,7082,7452,7458,12670,13538
4630,39151,63383,88212,112062,143988,170175,187281,234863,233823,273203,324488,246052,318830,371307,319011,412724,392067,367180,516469,476929
4631,635,628,776,887,1062,1439,1508,1656,1733,1837,1868,2360,2209,2268,2872,3382,3367,7035,3063,3926
4632,6308,12933,29681,46670,60279,73656,84481,100233,109329,118367,135613,184640,181691,180172,260026,266887,263343,323523,263752,323824
4633,623,662,838,1262,1841,3527,3636,4137,4385,4934,5406,4738,6883,6776,5270,4864,4659,6119,9318,6772
4634,40252,54736,84298,108700,130560,171311,169096,212771,212269,244781,293395,284206,379247,351677,383774,402195,383642,463348,481715,468894
4635,848,801,984,1119,1322,1376,1408,1492,1579,1712,1660,2102,1949,2168,2496,2992,3168,4095,2780,4008
4636,6642,14758,32572,49545,60474,78635,92106,99019,108328,131903,131276,171850,169909,173212,243431,250384,248238,299696,246830,298671
4637,687,944,1246,1567,1848,2414,2838,3557,3478,4208,4102,6566,6205,6203,6047,5731,10137,7712,10396,21467
4638,45208,55507,79000,100453,122283,157666,176370,196759,235994,274005,271000,352141,348278,328989,350000,364312,468243,441282,454045,452865
4639,901,833,1091,1402,1605,1908,2170,2217,2284,2482,2578,2909,3051,3310,4135,4366,4084,5404,5465,5235
4640,6928,15671,35207,54247,66594,81239,103300,111173,110976,139103,137554,179262,176633,212278,251242,260982,259037,315918,317317,315609
4641,772,1094,1419,1658,2444,2890,3338,3684,4219,5626,5474,4659,6591,5381,6158,6333,11398,8678,7361,9063
4642,40753,56366,79551,99370,121379,153124,198743,193103,226051,273285,265126,295781,342668,320823,335144,343082,455081,449258,447445,448423
4643,827,988,1258,1681,1904,2016,2148,2278,2342,2397,2484,2808,2792,3660,4165,4521,3886,5339,5449,5335
4644,6794,16842,36461,53909,65836,79605,98758,107210,116084,130569,129914,169505,170105,249907,246807,252426,250438,303683,304256,303395
4645,809,1104,1396,1633,2648,3190,3473,4632,4917,5238,5230,6650,6761,3799,5135,9293,9053,6216,6356,17425
4646,40883,72181,105924,133068,182766,218682,272838,318900,310427,371010,312099,498064,473592,413145,462763,605134,619402,628956,629511,628814
4647,519,773,940,1056,1124,1205,1218,1322,1452,1504,1625,1604,1789,1712,2217,2920,2358,2359,2307,6883
4648,6568,16927,34248,42392,51066,60382,76731,94474,111709,122513,137123,136794,183859,183301,207659,259076,258873,257727,257082,313375
4649,690,1081,1435,1654,1861,2439,3519,3743,4838,4830,4971,5330,6148,6043,8237,6573,6791,9908,9742,7961
4650,35199,65009,85358,91673,113059,117466,168793,215745,264767,256992,267392,260094,365732,395562,355996,381412,363553,481168,483844,487384
4651,527,749,863,982,1081,1500,1661,1680,1664,1878,2186,2215,2239,2620,3018,3497,3832,3470,3438,4876
4652,6402,16484,33871,52028,63674,71288,86787,100964,106979,118956,154703,152893,184211,213678,261276,261536,265901,265259,265510,324662
4653,794,1099,1651,2574,3329,3929,4445,4410,5538,5859,6537,6565,7566,6705,6246,6427,6531,10651,10084,7780
4654,31609,66146,88300,115343,139045,164716,167107,209745,236615,242715,295704,276415,326893,360628,314403,363085,321676,437463,449751,461761
4655,411,520,582,676,786,834,1005,817,788,970,1162,1266,984,1266,2971,2625,6751,2564,2397,4428
4656,6591,15520,33528,53832,66404,74425,93577,100265,117507,128788,164819,192674,167970,193923,286357,280314,352088,285598,290252,353543
4657,691,958,1207,1460,1639,1914,2186,2629,2647,2913,2878,2909,3464,3791,2996,3403,3388,3442,7465,5530
4658,42098,74064,102779,122077,155559,180664,197734,243070,280918,281206,278496,301525,340824,387256,330533,397103,399700,404415,495579,527074
4659,562,790,1089,1406,1666,1937,2214,2222,2364,2721,3026,2977,2793,3241,3644,4369,4237,4391,4076,5338
4660,6059,13867,29872,47003,58088,75960,95198,102989,113080,140382,161357,190285,159044,217432,274403,268002,268864,272244,275286,331565
4661,750,1075,1443,1782,2463,3470,3475,3643,4588,4133,4833,4276,5653,4603,3726,4786,4727,8849,8859,6195
4662,45419,68485,97680,125936,152620,197582,215579,243634,292341,289635,290506,320706,353811,398484,353832,399125,417527,555503,602308,549723
4663,606,887,1167,1537,1903,2134,2283,2233,2330,2539,2879,2747,2670,2804,3085,4090,3260,3346,3195,5022
4664,5579,13827,30429,49010,60138,83420,99147,106667,118109,131232,172479,197095,199821,186505,235311,285541,273613,290942,290572,353240
4665,687,945,1313,2009,2508,3152,3447,3366,4527,4719,4542,3722,4240,5266,4330,5465,5602,5408,5612,7149
4666,46673,62889,91323,117655,144270,185807,207869,234664,282409,279485,280721,286858,351081,370137,423840,382111,387292,418316,426194,541755
4667,557,808,950,1405,1437,1542,1798,1731,1751,1950,2079,2125,2072,2463,2498,4103,3770,4027,3556,3089
4668,6242,15767,34630,58226,71638,95005,111863,123185,135158,150794,194455,227942,227761,261212,264406,325510,325102,325101,328115,332249
4669,645,928,1243,1514,2554,2711,3392,3576,3745,4690,4549,4172,4578,4929,4934,4918,6033,4963,6047,5795
4670,45205,72282,106278,116316,156936,166908,219812,242829,276844,324968,324653,357082,334142,368463,386570,376352,464228,388418,484952,463668
4671,595,814,876,1051,1091,1359,1495,1521,1603,1646,1778,1902,1943,2063,2173,3459,3152,3611,3096,4743
4672,6200,14243,30123,47325,52074,65070,81524,96269,106438,116438,146107,145855,168111,195195,195688,290087,287416,286111,287999,285932
4673,709,979,1462,2010,2113,2553,3137,3395,3565,4317,4509,4536,4949,5738,5683,3597,4472,4592,4440,9328
4674,37178,58294,84597,111791,114480,146321,175148,193312,221027,268295,269395,302564,333769,429813,399136,312442,405324,414225,415235,579636
4675,616,869,998,1191,1272,1291,1529,1445,1405,1737,1705,1916,1842,1793,2516,2932,2507,3200,3111,2435
4676,6291,15441,34111,56485,66446,78222,99606,107590,117336,144507,187420,186902,221433,216611,316065,316239,316782,316403,319820,314983
4677,729,1002,1375,1501,1843,2106,2538,2716,3233,2894,2707,3557,3081,3459,2931,3306,3190,4172,4117,3940
4678,39992,71322,101941,108955,147901,173607,205791,227240,258971,318473,319446,301953,289643,366680,335323,370658,334745,419673,420589,449461
4679,549,910,1131,1496,1770,1801,2210,2037,2119,2329,2502,3058,2948,2840,3341,4012,4259,4971,4652,4623
4680,34840,63257,98436,124081,143548,161271,187134,199073,199073,223376,243799,289071,289071,289071,321560,373277,373277,373277,373277,373277
4681,445,601,834,1020,1092,1122,1499,1552,1612,1835,1948,2128,2128,2210,2649,3276,3276,3276,7100,7100
4682,5176,11670,25821,45554,57748,66437,74445,86577,100177,120138,147530,164061,164061,190377,219158,270914,270914,270914,323371,323371
4683,504,806,1109,1722,2136,2607,2816,3587,4121,4036,6020,6018,6018,7921,9514,5782,11264,11264,8251,18769
4684,45856,100183,125190,143304,169113,189599,207105,239666,308001,300689,411360,323946,295990,443338,359916,445847,483370,483370,501533,507878
4685,439,611,770,1042,1269,1444,1486,1550,1533,1696,1794,1995,2069,2102,2812,7471,3183,3183,3179,2986
4686,5499,11698,24487,43290,54660,68471,72103,89187,97447,115624,126864,165642,194172,191098,280642,334900,275669,275669,274822,280991
4687,683,845,1147,1460,1990,2425,2816,3463,3443,4083,4703,5540,4075,6172,4044,9018,6344,6344,13012,13824
4688,58345,67049,88319,106930,131816,151194,162746,194883,216217,245471,293269,306670,382151,391879,378167,525771,445703,445703,588005,499709
4689,448,588,797,1176,1372,1502,1809,1945,2086,2269,2417,2761,2853,2895,3145,3550,3621,4512,3507,6319
4690,5575,11195,22899,40497,55195,65401,74631,92303,100981,110482,134055,180353,180068,180893,212908,261979,262206,262206,261978,317976
4691,677,864,1232,1516,2199,2588,3634,3746,3742,4858,6330,5175,8287,8426,12250,7376,7675,16020,15882,13057
4692,60658,51551,77130,93582,125653,148908,178150,196175,223721,263762,320612,392386,449764,382416,451671,381570,451080,576980,568300,521140
4693,514,730,956,1364,1728,1851,1896,2027,2135,2230,2326,2475,2582,2593,2923,4310,3462,3298,3905,5921
4694,5111,10136,20014,39654,52134,61915,72498,85588,102414,102407,131879,148117,172284,175545,199932,255849,250944,251259,249784,312079
4695,626,830,1084,1471,2254,2403,3127,3590,3582,4218,5188,5492,7629,7770,9538,6293,13903,13456,14082,10768
4696,33941,40394,59330,84154,108137,126408,135315,182409,178319,214693,257065,328877,346020,398103,344659,318299,462649,452639,445691,445728
4697,472,620,806,1128,1442,1533,1532,1628,1626,2274,2280,2082,2289,1979,3611,5081,4492,4068,4377,6870
4698,5250,12085,27911,47146,64447,80703,93899,114171,113108,141500,140802,159535,184775,185934,271514,273488,272693,272291,272204,331221
4699,590,823,1352,1969,2850,5044,5464,5633,6380,7550,7277,7500,9310,8484,5436,7877,7611,13288,13283,10797
4700,33048,67997,94577,128277,157720,208525,269154,262993,326519,378820,370333,330600,364118,419104,301568,428539,373138,504238,505038,518920
4701,555,625,789,999,1035,1812,1740,2059,1869,1953,1987,2247,2358,2213,3202,2768,3341,3219,3195,4318
4702,5328,13003,26643,47457,58320,76198,89433,107831,106629,118476,132692,150512,148753,148885,259966,255012,259242,255136,254925,315598
4703,712,1074,1443,2161,2769,3711,4003,4795,5451,5738,6515,7045,6594,6775,6884,6875,14535,14107,13324,9779
4704,31918,77966,100463,134355,159283,206995,223448,261223,310616,311422,358480,312695,290223,322456,366556,429750,509707,507180,505995,512868
4705,510,613,727,1015,1132,1450,1389,1574,1463,1516,1539,1722,2103,1929,2893,2616,2517,2888,3050,3916
4706,5212,12484,25244,43325,54247,70163,87700,95882,105023,104737,114539,147869,174058,174450,253774,249662,248342,249169,250027,313150
4707,703,974,1253,1837,2144,3266,3565,3832,4206,4666,5198,6522,7902,7737,6784,6459,14320,13826,13898,9042
4708,38430,60553,79945,107536,131789,173261,191884,220451,219709,266889,262781,278319,411946,351111,406861,381466,580503,577824,574908,493485
4709,527,727,971,1408,1606,1987,1920,2417,2347,2559,2528,3003,3145,3218,3891,5537,3321,3753,3631,6297
4710,5075,12712,27903,47473,61054,74603,86266,94943,105264,116387,129268,179916,174184,172158,257078,260599,206427,259172,260138,313369
4711,639,939,1101,1583,2455,3498,3693,3747,5158,5807,6963,4764,8663,8566,6976,6957,9319,13836,13747,10711
4712,43005,53959,80434,103944,127092,163364,183336,210414,251376,248727,299794,344968,411644,360622,410870,379382,407234,556307,561096,506554
4713,661,816,1083,1495,1911,1914,1993,2108,2151,2353,2295,2452,2572,2758,3086,4077,3248,2960,3085,3623
4714,5575,13163,29136,45971,59426,71114,82616,88481,104977,117727,131055,151964,149526,176292,203600,258620,256737,202743,257279,259517
4715,773,1078,1598,1977,2712,3007,3893,4056,4937,4814,5660,6661,6920,8229,12350,7638,7776,11269,16731,17749
4716,41673,54373,79985,104539,128008,150227,167593,217619,250020,254598,304287,356224,335392,365972,413671,383907,413471,411040,547259,569543
4717,614,806,997,1357,1516,1432,1691,1771,1947,2266,2256,2040,2141,2531,2804,3303,3108,3166,2898,3389
4718,5509,13865,29569,46264,60567,70767,88143,95674,103763,129256,130438,146028,144301,172818,198121,249743,249025,247217,243724,247238
4719,666,988,1396,1889,2774,3920,3961,4478,5119,6986,6745,7783,7582,9167,13221,9536,19580,19138,19465,19933
4720,35321,55860,72246,94828,128967,155879,173915,196958,232092,293997,285776,321736,295702,386940,366561,356263,507555,502900,501660,500266
4721,587,830,1034,1247,1828,1966,2273,2172,1986,2262,2584,2982,3045,3498,4397,5883,3895,4013,4711,6377
4722,5511,15105,33273,50706,65674,77394,98851,106549,104762,131661,131919,177318,178938,206225,259812,258372,255109,257374,258091,312761
4723,764,1143,1743,2500,3011,3091,3614,3968,4886,6096,5767,5351,8127,12489,7643,7708,7374,16232,15471,13072
4724,30438,68016,91648,120017,165178,179579,237927,229408,265999,324870,274051,315221,371737,392785,368506,393978,354244,494678,497187,505047
4725,653,916,1061,1374,1493,1510,1560,1648,1492,1728,1683,1855,2074,2107,2686,3064,2499,2405,2759,3845
4726,6021,18439,35081,53461,64849,80586,94093,112219,111544,141901,141074,185372,184107,214919,267652,266018,266467,267521,267771,331587
4727,765,1094,1557,1942,2794,3485,4277,5450,6277,5447,6925,6874,10477,7546,6274,8332,8320,17456,17415,12624
4728,33915,76888,99958,120688,161889,194181,212065,245459,296643,292926,294231,310412,381713,405934,307007,419692,379987,528396,531333,534107
4729,525,758,1165,1468,1619,1991,2238,2534,2316,2556,2967,3106,3081,3210,3973,3917,4312,3472,4112,5255
4730,5684,15486,32309,47400,58333,76033,88024,105794,105725,115492,151449,176199,176767,177074,253681,254955,252992,206071,258089,312286
4731,727,1126,1593,2029,2783,3553,4084,4766,5613,6349,8036,6473,9203,8977,8431,8047,17348,10733,15525,11897
4732,30084,70697,97791,119366,142504,187286,205344,237017,282488,281414,334000,298133,355825,386206,361329,399666,485606,364934,502699,518239
4733,395,598,746,1007,1264,1318,1459,1569,1458,1680,1706,1890,1907,1977,2689,2645,2367,2752,3523,4957
4734,5757,15402,32252,46368,59756,70212,86646,105562,104348,116708,148617,173025,171065,170079,253314,250567,252554,256081,252564,306576
4735,642,1023,1410,2024,2545,2652,3625,3977,4705,5434,6745,7959,8157,8209,6837,6701,13814,14529,14510,10776
4736,35743,60373,84411,104774,141145,151019,189226,213915,259052,259958,309624,359758,398475,372194,395074,375325,571523,574108,575829,503371
4737,589,854,1024,1415,1585,1623,1803,1912,1933,2029,2147,2227,2381,2744,3176,3841,2624,2931,2879,4833
4738,5693,15785,34692,52475,68491,74309,91901,110672,110274,120639,153773,180749,180692,211520,262084,260296,210097,263594,263975,320924
4739,640,1105,1548,1985,2778,4068,4376,4448,5449,5845,7237,6147,8842,7164,5831,8489,11983,16210,16840,12452
4740,40408,60522,87937,108489,146933,180356,196773,227333,269554,268814,321304,349985,416875,386998,351467,391279,421793,586294,586944,534231
4741,644,896,1156,1344,1778,1827,1925,2122,2037,2146,2129,2293,2410,2676,2961,3915,3184,2870,3042,3372
4742,5858,15872,32604,49651,65159,70314,87839,105020,103291,116061,130230,147716,144691,174128,202521,250998,250875,200889,248700,251483
4743,738,1257,1897,2520,2904,2979,4031,4775,5608,5943,6674,6974,7152,8231,11664,8121,16560,11071,15683,14917
4744,40908,57613,76108,103014,127137,135503,173106,197456,232559,230630,226521,316201,304103,347768,386893,352217,532432,377104,515977,485828
4745,690,941,1075,1359,1501,1537,1569,1591,1639,1793,1867,1711,1891,1983,2591,3724,2053,2908,2279,2916
4746,5786,16018,30910,49979,61168,70743,83159,95888,105235,129593,147216,146451,146668,171894,196396,247829,196121,246950,195826,247891
4747,775,1068,1347,1940,2413,2885,3095,4313,3670,5488,6551,6109,6231,7380,10227,6752,9203,14071,8806,14109
4748,36858,52831,71440,100475,125052,156105,149018,192176,228469,284570,280572,312968,292875,387549,358862,344043,362066,494195,362881,472923
4749,568,864,1178,1622,2034,2154,2211,2441,2587,2901,3275,2836,3365,3667,4463,6400,4412,4428,6169,7694
4750,6235,18233,34518,54768,68522,79144,91897,107207,107927,134101,180094,154316,182119,211322,265032,267784,267840,264907,267935,333454
4751,791,1270,1317,1479,2406,3101,3597,3253,4156,5357,5483,5926,8365,6790,8207,8614,8310,17464,17220,11424
4752,33420,70108,91442,119279,149044,179694,237176,231247,278005,323449,323776,312239,370935,399041,367232,396666,368550,494630,495215,507919
4753,731,994,1399,1777,2133,2196,2251,2366,2427,2577,2746,2910,3013,3162,3804,4467,4619,3471,4078,10239
4754,5730,16766,35674,49591,64717,75334,86467,103273,103010,128450,144340,173542,170932,202680,252615,251883,252967,252899,252195,426520
4755,584,730,1142,1385,1795,2291,2445,3048,4132,5074,5376,7251,7034,9245,6139,6510,14134,12748,13360,11167
4756,30867,69815,97032,119323,148105,177440,190886,221997,266977,316593,320355,359925,342473,384541,352083,386288,494205,492270,472949,494440
4757,730,888,1190,1283,1408,1405,1514,1636,1593,1695,1780,1890,1928,1909,2533,3153,2384,2276,3974,4154
4758,5601,17811,36899,51661,68324,79541,90957,108494,107631,130762,147895,175145,172324,174660,255655,253676,254816,254099,308653,307200
4759,725,1224,1631,1890,2913,3865,5024,6139,6217,7749,8258,7134,9093,9237,8478,8588,7982,15030,11799,26073
4760,31263,75479,104831,118962,159294,189618,237418,284787,282122,334209,325659,301636,366361,390637,368441,401230,372201,512645,516834,519091
4761,684,811,1170,1229,1254,1706,1753,1911,1894,1944,2284,2389,2441,2581,3031,4134,4087,2531,3376,6227
4762,6212,18723,43392,57757,70634,91443,103526,122931,121829,135218,168065,198622,196887,229590,286477,286835,288394,233634,289369,351634
4763,780,1171,1612,2000,2621,2796,3634,4164,5286,5747,5794,5492,6256,6991,4513,6686,6086,10514,6127,8854
4764,40126,69446,92541,101780,134297,158967,187437,241349,280711,290381,289516,262252,359549,405545,358547,421033,439904,442113,393726,548037
4765,690,798,1123,1620,1724,1855,1883,1870,1984,2005,2199,2412,2269,2376,2725,4106,3498,3256,4107,3491
4766,6471,20358,39872,63613,74420,90493,103709,120430,131134,131977,165357,220522,219505,221159,254999,318167,318238,316432,317875,320008
4767,768,1007,1231,1278,1656,1986,2910,3434,4288,4710,4595,4064,3963,4970,5539,5301,4105,3953,5689,5718
4768,43104,66949,90031,99647,122870,142266,186600,204470,231667,281604,281472,303750,292743,327825,352572,414189,352394,429014,426669,430761
4769,616,830,1293,1598,1679,2071,2159,2197,2415,2479,2839,2899,3104,3318,3610,5148,4235,3575,5304,4863
4770,33187,67766,98765,121531,143648,160991,179464,191644,201704,215539,235303,253865,281750,281750,314119,365764,365764,314119,365764,365764
4771,392,565,764,889,1049,1131,1425,1420,1638,1727,1872,2113,2182,2547,3018,3907,3227,3018,7717,7717
4772,6773,16971,33869,56286,67906,74613,90033,96000,118771,129296,160964,182055,207918,207918,238721,295704,295704,238721,361263,361263
4773,584,861,1225,1841,2052,2377,2365,3044,3297,3209,4452,4659,5854,5854,8821,4297,4297,8821,7420,7420
4774,76118,77383,99019,128259,152058,160402,187601,206228,262230,259573,366244,407249,476305,410355,471579,422342,465686,471579,614774,571420
4775,429,608,761,875,935,990,1005,1032,1202,1194,1259,1353,1431,1429,1661,1720,1870,1902,1678,1994
4776,8432,17546,34049,60692,68728,79769,90759,104091,131028,131684,161566,160892,182579,208902,245191,297707,303491,303877,300467,307077
4777,343,443,608,599,784,1257,1686,1746,2123,2491,2041,3031,3059,2504,2972,2451,2272,3430,3479,3504
4778,53613,84594,111135,129900,148533,202189,237231,234683,292187,360763,350490,345422,395503,404462,466644,400559,396056,466644,470220,481069
4779,453,658,865,1197,1307,1455,1717,1903,1982,2007,2187,2386,2373,2732,2824,3054,3580,3427,4020,4025
4780,8303,15872,33975,57755,67271,77690,93734,107131,127223,137815,149738,172361,170154,224077,225642,258818,324289,326460,325775,324051
4781,646,895,1332,1352,1563,2164,2379,2610,2635,2958,3579,3239,4185,4038,4077,4495,3525,3643,4460,4428
4782,49602,92097,125138,147442,166644,201164,214134,255583,317282,315705,368043,332568,394676,431439,396232,433715,395903,396232,475799,486181
4783,494,644,952,1246,1374,1686,1833,1913,1964,2006,2135,2361,2300,2358,2639,2599,2691,3134,3098,3547
4784,8567,15598,33578,52905,68077,78631,91751,114260,121694,132757,144578,179818,178411,203030,235118,233082,270661,335020,335237,336213
4785,658,860,1248,1565,1851,2048,2382,2394,3070,3070,3493,3169,4364,3506,3909,5484,4355,3663,4928,4707
4786,57610,75547,106922,121861,139655,164819,192681,229231,254349,285489,340166,320008,424178,337990,424076,400044,416260,424076,469469,470508
4787,505,598,805,974,1265,1356,1481,1606,1536,1618,1698,1907,1896,2070,2089,2549,2601,2611,2584,3405
4788,8235,15876,31515,54083,70162,81903,95981,111693,119653,141849,153146,189246,188914,217347,250111,293034,288891,291702,362825,358738
4789,597,833,1224,1430,1563,2198,2778,3613,3619,4050,4402,3998,4414,4738,4367,4328,5774,5883,4514,5719
4790,63553,65153,92568,112435,131196,155830,182215,217665,214188,265773,261704,283550,355273,314597,356778,373400,491144,423757,403381,431361
4791,486,593,763,934,1062,1062,1477,1523,1532,1710,1743,1894,1789,2271,2441,3216,3088,3274,4674,7504
4792,7646,13999,25762,48565,64100,73157,86206,100433,107762,125384,138105,170623,151395,194826,226556,262401,257676,260586,324303,318286
4793,621,875,1204,1705,2059,2321,2484,2703,2802,3021,3668,3512,3904,4493,4092,4698,4789,7165,4580,4408
4794,50377,58224,75332,102863,119063,144165,153758,182462,183842,227371,282663,339890,301490,336814,358381,328868,421949,432038,471194,433621
4795,585,644,726,934,1111,1246,1315,1331,1325,1404,1512,1641,1594,2018,2103,3700,2485,3233,3227,4624
4796,7827,14693,29732,51162,66965,81434,98466,112598,120536,129802,141752,173028,175344,229068,230948,334885,263271,332811,331413,326752
4797,757,895,1266,1592,1480,1976,2185,2771,2775,3477,3401,3300,4634,4217,4343,3078,4533,3617,4426,4465
4798,43622,72767,98796,123961,133324,172793,189196,225437,254100,284919,348244,320877,368999,394942,364752,396760,441042,361431,458624,476852
4799,616,698,864,1058,1234,1552,1897,2004,2005,2184,2310,2669,2508,2997,3308,3475,3429,4364,4056,8809
4800,10796,25240,36549,48500,63413,71949,85829,96329,106144,112394,131407,135659,144195,150444,162590,170022,181865,181865,190149,200600
4801,306,408,513,528,540,569,556,578,600,606,640,627,675,676,698,719,717,553,573,570
4802,4736,7440,11891,13867,16399,17825,19247,21218,23157,22940,24518,24745,27040,26994,29228,31998,32063,14889,14909,14823
4803,365,528,658,685,717,695,756,739,761,779,790,746,809,789,845,834,827,686,704,714
4804,38509,78507,94245,95119,95163,90671,91393,88384,86401,85402,81607,81692,85479,84800,88424,87530,86537,69466,68893,68888
4805,404,517,464,456,494,535,504,518,503,521,540,542,538,571,557,541,560,536,535,512
4806,9616,16886,14037,15482,18242,18254,19988,19931,21829,21739,21761,21760,23444,23441,25505,25576,25603,18572,18696,18561
4807,588,704,731,722,787,740,812,817,827,868,820,845,890,870,893,894,942,832,835,838
4808,83946,107097,102509,101792,110138,109329,114939,113504,113103,112920,111313,111351,116303,115672,120751,119870,119197,102419,101967,101402
4809,472,619,590,611,686,688,712,688,724,780,762,767,845,842,870,820,899,715,742,750
4810,11630,23351,21411,25758,30127,32862,35449,35190,38210,38138,38192,38197,41785,41426,45153,45604,45348,35511,35681,35838
4811,645,815,743,804,804,925,886,1002,958,957,1051,1014,986,1001,966,979,987,865,1000,993
4812,100709,98626,92715,98622,106682,106435,111994,112058,117515,116573,117737,117249,116611,115759,121278,121220,121245,112101,111609,112275
4813,509,872,905,1061,1132,1194,1322,1311,1315,1348,1346,1338,1462,1420,1414,1441,1479,1356,1397,1354
4814,10733,29604,32100,41681,47608,51238,59515,59706,65109,64487,64544,64782,68971,69483,72325,72534,72501,65377,65225,65346
4815,790,1128,1313,1505,1640,1685,1938,1979,1919,1902,1971,1930,2314,2072,2316,2385,2241,1942,1760,1891
4816,69540,90102,96982,107090,110404,116899,123063,121892,136933,137598,136443,135755,145759,144532,154222,155381,154150,139006,137710,137600
4817,526,784,900,1063,1162,1323,1364,1353,1414,1428,1392,1385,1423,1385,1416,1471,1515,1382,1418,1407
4818,12537,32092,51713,65969,74095,81020,89348,89436,94251,99382,101026,99041,108628,108491,115628,115663,115301,99951,99963,100385
4819,807,981,1338,1674,2354,3218,3748,3789,3796,4338,4479,4486,5154,5180,5277,5460,5364,4343,4300,4305
4820,67581,83049,103779,120466,153119,162217,190378,189240,186180,203396,203997,202659,225453,225551,222598,223749,223273,203304,203693,203844
4821,526,722,886,849,919,1292,1365,1402,1630,1605,2091,2118,1597,1574,1639,1708,2248,1576,1603,1716
4822,13883,29918,70222,69287,78823,106509,130284,142625,155659,153956,154278,154518,167382,166866,167624,186618,187485,154465,153634,169561
4823,797,1057,1557,1691,2346,2981,3600,4841,5715,6501,6370,6737,7094,6998,7140,8727,8616,6630,6739,7427
4824,55768,95320,127172,131082,159930,205296,245072,276103,318006,315703,314893,316078,378377,376990,377956,377727,381683,315979,314460,383961
4825,659,722,1000,946,1132,1193,1210,1584,1622,1524,1583,1858,1668,2013,2064,1991,2150,2082,1945,2098
4826,12905,28420,69926,73476,83101,112455,139918,154016,167290,187211,210571,245238,239860,240460,237856,239653,239983,243921,243646,242143
4827,808,970,1290,1277,1929,2445,2634,3272,4200,3748,3718,4143,5220,5197,8744,8608,8554,8483,8516,8618
4828,68555,99380,135973,142521,183266,212844,226696,248540,310009,311227,373759,373133,426856,427054,515740,518739,516369,524162,522247,518580
4829,541,689,1141,1147,1792,2075,2264,2604,2737,3090,2977,3106,3179,3158,3487,3576,3992,4081,4991,4941
4830,13787,28113,67107,76292,101684,133631,168850,186632,205795,229759,266807,266657,263669,264378,308244,309601,379773,379115,379232,379638
4831,823,946,1172,1274,1636,2298,2997,3401,3816,3789,3584,3784,4501,5502,4519,6717,4722,4752,6965,7064
4832,76216,101203,119936,137395,174942,218430,235375,259260,281110,322522,380790,376867,372789,435771,437661,440128,440701,436091,529575,530272
4833,395,609,557,951,1068,942,1015,1350,1445,1865,1812,1827,2187,1890,2306,2074,2678,2647,2481,3761
4834,9991,24572,40348,84962,83207,117152,146875,161323,195661,218013,254555,254988,254089,253283,289260,289488,355819,355993,355641,356160
4835,637,955,1103,1574,1554,1668,1935,2505,2609,3231,3483,3354,4158,5196,6399,6071,4655,7519,6976,7363
4836,64033,93696,114803,153883,157839,187902,219544,245367,266674,304771,362589,355784,356353,422373,503466,419608,419511,503118,509925,510825
4837,504,804,863,1343,1406,1436,1705,1973,2239,2213,2233,2695,2705,2895,3280,4095,3917,4857,5076,5066
4838,10884,28813,46966,96118,95263,129177,174960,191737,212769,236771,276259,275251,273350,309721,382284,379191,377705,383666,381757,383429
4839,612,856,1040,1583,1506,2778,3425,3830,4610,4514,4491,5549,5504,6178,6471,6768,6898,10092,9917,9939
4840,56830,90967,105120,145283,128774,182832,212929,235797,257976,296088,350786,347929,346754,398537,401745,397614,397797,494612,493544,494190
4841,480,653,783,1254,1343,1755,2084,2272,2636,2606,2611,3246,3998,3233,4567,3949,4523,12571,11216,10970
4842,11220,32546,52750,94045,99745,139172,184871,198968,224983,252067,285596,284762,335093,328612,394857,397314,397682,474133,472242,474257
4843,703,971,1147,1597,1828,2490,3148,3399,4385,4061,4356,5254,5804,5567,5985,5916,6026,10333,10480,10209
4844,58392,83404,105526,130663,139144,177775,221723,242796,266304,304759,352345,352945,414022,408487,408580,407735,412424,665067,665883,670121
4845,527,723,900,1028,1180,1433,1767,1618,1894,1604,2005,2178,2393,3455,3612,3476,3702,8938,8762,9182
4846,12929,29444,47449,84807,98406,161107,205553,206524,227035,252152,288294,287458,327699,400477,400182,400748,400267,485293,483968,484581
4847,722,980,1116,1263,1422,2446,3286,3261,3588,3438,3351,4518,4358,3801,3846,4056,4039,8048,8485,8256
4848,58690,94305,114595,129313,143242,243592,263502,259737,285435,325494,379003,383229,442549,441157,440848,441114,443485,505185,503932,504424
4849,506,635,906,1114,1844,2123,2247,2592,2898,2879,3127,3544,3675,4768,4869,4951,4967,14479,15217,14424
4850,14039,29337,50734,72052,120505,156859,194231,212653,233585,259712,295296,295227,333870,410630,409458,409767,409581,499818,499764,498177
4851,712,842,1036,1240,1702,2023,1932,2674,2821,3349,3637,4436,4694,4785,4789,4778,4585,8506,7940,7976
4852,62757,102290,123833,138650,193087,218057,235040,278491,303894,338876,404702,401468,459568,459909,456482,455670,460912,700993,513496,511972
4853,521,701,943,1183,1974,1889,2015,2672,2634,2689,2854,3170,3375,4648,4358,4298,4377,8482,11972,11845
4854,13548,24867,46684,67191,116276,121031,144894,230749,228036,253821,292990,289318,329285,403837,402052,401760,403352,494931,493074,493442
4855,449,524,776,662,1237,1246,1355,2035,3691,3108,3621,3756,3691,3970,4047,3832,4100,7852,7511,8114
4856,72329,104731,128153,144202,195084,191653,215202,293747,361751,360290,419589,419545,482680,480768,481256,483546,482397,758945,755736,548213
4857,504,559,789,918,1404,1286,1326,1853,2043,2344,2297,2862,2965,3353,3531,3278,3451,5273,4936,9547
4858,11202,19042,41125,59609,97204,97481,111449,174163,203788,287346,223807,287136,323618,395541,394762,393677,395487,461316,477514,481217
4859,555,710,928,1130,1295,1504,1962,2520,3412,4316,3823,5651,5757,5070,6473,6535,6446,11140,10477,11288
4860,66678,82335,115250,129804,144056,151870,186439,226774,266418,335341,292613,391829,448125,448101,533684,448247,447732,665049,698217,513261
4861,503,576,763,827,1138,1264,1224,1688,1942,2100,2133,3388,3695,3462,4215,4415,4653,8304,8870,13458
4862,11338,16116,37557,59065,78385,92701,101373,133876,165577,196223,194480,271310,311481,310943,372991,374256,381811,454391,464444,452596
4863,700,821,1248,1248,1797,2028,2380,2505,3054,3207,3794,5442,5481,5348,5935,6048,6225,16087,15211,15872
4864,62657,71004,102882,112864,134465,146342,159692,194401,206423,226845,253734,342346,398618,398524,480224,396781,400234,622403,643612,632629
4865,504,598,849,1078,1172,1301,1591,1803,2065,2170,2513,2852,4107,3202,3656,5797,5714,4760,10737,9839
4866,11239,14626,35228,63617,87920,100728,116540,153993,179091,195479,216506,277146,316599,274689,307832,377657,381503,375835,462641,438105
4867,595,679,1048,1091,1300,1641,2027,2316,2688,3060,2959,5618,3800,4298,4708,4985,4799,6792,10747,11388
4868,53933,65573,102698,113555,128120,146359,174664,200154,213497,237828,261102,415977,341542,339114,394796,398672,409865,501867,640976,614930
4869,491,538,775,1165,1244,1332,1857,1918,2475,2587,2787,3449,3426,3977,6010,5638,5848,6325,10563,11091
4870,10781,14298,34453,63962,88157,96277,117590,145562,183331,198703,221352,279286,279418,282408,389092,391891,396054,393748,486669,480558
4871,636,787,1098,1079,1229,1560,1957,2040,2049,2447,2619,3061,2764,4003,4744,4716,4568,6481,9210,8735
4872,57518,67194,103837,114992,130422,148987,177681,204616,220958,242159,267152,294042,300547,354733,507009,416711,424563,550149,690769,684907
4873,534,634,918,1175,1348,1555,1678,1870,1993,2099,2146,2338,2452,3531,2583,3634,3834,4290,6445,6524
4874,9993,14231,31306,58479,77582,89093,102749,126321,156787,170340,185072,203094,229411,303594,261572,366886,370026,372981,458657,457612
4875,736,788,1182,1246,1430,1704,2049,2064,2373,2799,3221,3511,3549,3990,4011,4446,4157,4429,10524,10506
4876,54464,73167,109848,127999,145664,168822,205610,217154,259310,290022,335186,320981,392269,452468,379387,535654,454817,450329,705656,688092
4877,590,636,861,1091,1185,1292,1478,1560,1764,2074,2111,2429,2423,2555,2406,3050,3573,5018,5354,5487
4878,11101,14178,34743,64818,85301,98813,113353,138055,170126,183043,201829,222026,223759,285262,285167,396182,397167,402279,486838,489215
4879,579,695,1006,1042,1223,1522,2262,2533,3079,3496,3611,4152,4882,4635,4905,6233,6201,8426,6477,13307
4880,62695,86097,122679,139113,155664,178325,196305,245682,260396,286761,315516,312623,357318,418614,420715,487118,493145,555566,554947,713587
4881,534,615,862,1060,1050,1122,1196,1529,1696,1863,1867,1963,2001,2063,2244,3088,3234,2483,2510,4534
4882,11726,15260,33460,58280,76116,92331,105739,123081,151388,174922,188764,205768,229142,227916,254706,401655,403179,337326,333144,503678
4883,534,676,971,1315,1411,1707,1945,2139,2453,2826,2939,3064,3224,3743,4034,5622,5803,4747,4544,14210
4884,74360,82026,110806,133269,144455,173279,180841,218039,236897,279688,308974,308151,304510,345595,404484,561459,467433,445630,490488,722232
4885,570,618,900,1180,1361,1544,1708,1683,2448,2583,2709,2806,3383,3355,3390,4264,4589,3613,3610,6512
4886,9524,13504,27540,56972,70080,83577,96302,112509,139291,160836,174523,190274,208825,233871,234478,357383,350062,267782,250566,441401
4887,700,753,975,1189,1601,1618,2074,2294,3000,2918,3681,3829,3871,4264,5372,5577,5977,6160,10879,15238
4888,62376,70411,104627,124993,148723,159942,191393,218215,261543,254597,280829,319146,318324,369864,372586,404284,408136,413390,400881,640088
4889,481,503,706,945,1172,1332,1463,1812,1971,2388,2477,2661,2854,3169,3390,4055,5576,4321,5328,8891
4890,52454,68809,98781,143400,169829,189117,205631,228301,253058,268179,282563,328102,328102,352104,388218,429321,429321,429321,497389,579521
4891,440,473,576,847,1063,1108,1165,1542,1573,1660,1891,1984,2089,2229,2166,3284,5146,2739,2611,4751
4892,10327,11130,22734,53111,87667,101963,115900,130007,146588,168388,182493,241083,241083,268344,265093,425556,425556,355312,342272,502901
4893,554,560,871,1306,1516,1585,2155,2525,3044,3371,3637,3778,4084,4252,4076,2878,3614,3816,5080,4036
4894,92577,81998,118152,148270,165356,170252,207449,233256,271996,294008,325244,364514,364514,420635,416112,410316,584123,448557,577885,598771
4895,440,522,563,813,1024,995,1091,1134,1362,1201,1331,1517,1547,1604,1601,1875,3326,2244,2548,2187
4896,9611,13520,24424,51099,78658,96232,110087,128102,145763,167521,197178,216344,240852,237856,238915,306861,431066,301998,344994,342698
4897,598,668,857,1324,1188,1477,1839,2054,2281,3160,3092,3403,3590,4230,4731,3340,5294,5210,4287,4355
4898,62554,71916,97646,130045,141494,154861,174763,194337,223617,265945,265378,289197,330403,325527,380719,381517,546694,520819,476489,504936
4899,406,446,607,830,1195,1189,1306,1704,1760,1906,2254,2499,2565,2650,2622,3099,4027,3342,3529,3833
4900,668,723,988,1471,2176,2475,2899,4169,4564,5324,6056,9216,11413,11841,8968,31984,63434,17979,20378,34621
4901,14834,16492,27700,57833,87344,102378,118272,137238,158355,179981,194363,228608,253761,252754,253037,316069,435862,320922,323187,371713
4902,18902,55962,80950,97006,109330,125718,140872,159996,190657,208616,221583,260691,259324,275191,302019,300538,444092,377239,312339,350891
4903,350,451,662,886,1239,1381,1546,1733,1767,1911,2064,2180,2367,2420,2535,2777,3305,2861,3117,3265
4904,10665,13129,23907,45896,74029,90133,104330,113765,124707,148926,170220,198436,198159,214046,236545,236175,340666,299925,303824,301997
4905,549,694,822,1082,1121,1243,1369,1863,2036,2447,2720,2641,3788,4321,3829,4177,4495,4002,5121,5592
4906,76199,82609,106515,128571,143003,161161,172996,189931,232232,248399,269149,294032,331228,327772,322239,389054,444677,347227,464724,419234
4907,9015,11903,21005,35510,59518,83448,95276,108786,120449,132014,138121,159724,180652,194111,209093,226892,250109,253192,278501,320167
4908,12123,22950,38911,55466,67468,82176,98040,111726,126770,138040,158642,168898,179122,200697,214372,231078,229916,250101,248055,273973
4909,380,652,853,903,1030,1320,1368,1654,1621,2017,2436,2717,3313,3916,3959,4221,4883,4893,4899,4999
4910,60832,81488,111572,131454,143184,156429,169656,184876,200195,210989,235200,270488,288621,313890,344386,343895,339023,377130,417258,409262
4911,423,509,569,614,655,793,874,822,812,1140,1176,1200,1369,1407,1387,1598,2035,1900,1925,1751
4912,569,696,871,1004,1388,1542,1961,2188,2075,2257,2660,2694,3642,3938,4818,4778,8186,11722,10395,6936
4913,12928,18547,31675,51747,80893,96583,112685,128770,134467,148391,170857,194261,225046,243546,267448,270749,299531,342112,335289,332617
4914,20695,34583,51823,65825,82137,96137,112260,127478,144286,173725,180986,205047,219411,236386,258655,259237,286761,270225,323154,348049
4915,487,503,634,800,1077,1231,1279,1477,1518,1491,1753,1794,2074,2472,2562,2616,2889,2801,3160,2771
4916,680,667,774,989,1571,1748,2094,2441,2958,3014,4229,5189,5973,6398,7258,7244,9965,8340,11404,9369
4917,14942,17536,29827,49354,77862,93029,110406,123821,141857,162466,182559,207886,224394,243240,268218,272455,299562,294626,336748,333797
4918,15706,28618,61946,82129,66725,83157,97330,110491,125347,150538,158772,178759,191500,206435,225996,227285,250183,286055,290051,321396
4919,7978,11266,23128,38238,54436,74851,89253,107171,116032,132717,139901,168467,179524,204285,220035,240571,240790,262198,266482,291076
4920,12928,19236,37204,49869,61190,74457,94381,105370,118034,131007,143377,156477,168382,186386,197498,212417,228959,228375,248387,272478
4921,763,908,930,959,1234,1246,1340,1396,1378,1459,2356,2528,2613,3334,3527,3613,4318,4441,4617,4863
4922,43281,84140,110945,125385,144517,156721,167669,171623,195643,202216,224377,260149,259933,273405,301322,300446,328936,328039,327031,385743
4923,9189,12516,19657,30595,47204,61938,79482,89670,100759,110021,119788,131101,147604,166221,175907,190324,221310,221568,242013,267881
4924,9310,17988,28443,40857,50862,62085,74468,89522,100348,114644,124551,138442,148336,165810,176944,192499,205554,224404,245660,244784
4925,10339,19764,30688,46550,57013,69255,82228,90887,103957,117244,128255,139873,160579,167614,177369,187825,205658,221839,235788,266014
4926,12848,31026,52086,73892,89224,108070,112899,130484,141230,151390,162907,185257,201836,221834,233648,253383,271877,268079,277679,272642
4927,659,536,595,635,898,1028,1087,1234,1235,1301,1358,1316,1347,1468,1487,1672,1648,1774,1863,2118
4928,885,743,1004,1196,1861,2223,2316,2479,2670,3271,3166,3448,3591,4006,4016,4250,4757,5140,5019,5988
4929,9662,13494,21685,33542,54270,67235,71036,84665,95598,103536,113596,131060,142014,161595,171008,184621,199130,218478,213917,242411
4930,20729,42120,90610,106408,86392,104948,119203,138438,159866,177143,201133,232666,231151,249144,272568,271128,305503,274283,398874,332794
4931,6841,9639,16652,27639,39774,53131,63913,82774,88013,100255,109515,121262,132401,147787,156549,171156,199389,225292,224885,252407
4932,10916,15716,26558,44431,55174,72625,81134,97592,110040,120396,131628,149440,158868,168724,181003,194690,208479,236581,232515,261115
4933,778,550,592,550,779,930,898,1438,1529,2018,2216,2879,3121,3262,3286,3844,3907,4185,4137,4487
4934,59689,58130,73436,96767,108111,115418,125728,143402,158515,181430,193872,230713,229870,251195,249973,286965,280580,346118,373568,332842
4935,6219,10053,16206,27046,42351,56631,74190,83070,90349,103302,109764,124614,142098,149129,162868,172351,211973,212620,213854,237337
4936,7573,14552,23354,39763,53482,69858,85181,96636,105936,126643,134687,143043,166838,177544,196548,212322,215467,215126,217315,241983
4937,9395,17065,26904,44229,62734,73969,83617,98779,114235,123643,142307,150761,173966,184985,200746,216763,216989,242626,239235,263321
4938,15353,25957,38987,50860,61394,73035,86227,97966,109109,129370,142304,157668,168291,178831,195460,204574,207128,225479,231346,284368
4939,6325,8993,15679,24739,42310,55937,73454,89244,95183,107136,117045,122026,139872,156529,157183,182275,193063,209993,214039,236688
4940,8822,13243,22982,36653,49162,61802,73640,83739,100002,107725,118603,129610,141052,159019,170738,184793,198792,196927,218592,215804
4941,12662,19056,31223,47804,61443,76800,90451,102578,114562,129539,141941,147894,169949,179204,190782,202632,219723,234009,236494,254779
4942,14115,25904,45202,58914,74569,78783,86912,103367,114149,123826,141036,152856,166203,174679,197617,210855,209060,254449,246231,283008
4943,7563,11674,18412,28589,47122,62199,75814,84418,96579,108606,117047,127804,139025,144715,153854,175264,184193,183689,200302,212892
4944,9415,16998,25740,37058,49363,61007,70433,82869,88527,101048,114644,125453,129677,143685,151634,161747,183845,182449,198865,212463
4945,14299,25724,38784,54052,66633,80498,97780,112707,120349,134243,151726,158231,171966,187229,202231,215267,241490,239651,260071,281607
4946,11632,22163,59298,74871,93209,112252,129408,84041,119018,137766,141809,152770,173092,189809,203260,213281,224742,244492,224153,254760
4947,8516,12848,25266,36072,51351,58259,69954,87903,96824,107702,120935,127936,142674,153873,158769,167294,186793,188405,200060,212687
4948,8558,20509,28508,37994,46722,57613,69214,81309,91085,106817,112687,120161,136187,146636,157778,166352,175498,186928,198990,210801
4949,8817,20248,31830,43007,53319,65431,78662,89882,101642,112054,126249,134323,145925,180400,187604,204263,219601,231792,223679,259869
4950,11732,26842,64306,83214,99668,116931,143636,112132,126494,142611,157539,164201,176329,182012,203544,215584,229827,242783,255782,248992
4951,7826,12151,21069,30676,44838,55699,67898,78797,84689,100950,113332,121045,129105,140803,151738,165116,170983,180384,193535,204754
4952,9018,18897,25980,35171,44408,55062,67046,79067,84371,100562,112979,120455,128031,139615,150271,163259,169787,179580,203706,204175
4953,10213,21407,31113,41561,51669,63705,76401,86800,93196,110245,116659,131488,139667,152162,164038,179585,187057,195917,211725,224754
4954,12723,28309,42825,55939,68309,83900,100450,117582,126314,137635,150454,167425,174377,189484,195454,219593,248312,242455,262206,247787
4955,7658,10506,17410,23890,38127,46617,57556,66123,75136,86846,96395,102640,117083,124763,136295,146381,158691,168348,167199,176067
4956,7858,19066,27036,36435,45274,51414,62943,72033,82424,93468,103550,110297,125380,131369,141973,153878,159268,175975,187984,199802
4957,8260,20354,29789,39351,48123,55210,67297,76014,87287,98151,108864,116086,130195,136627,147577,160698,166042,182498,198814,207966
4958,11923,29489,51281,66485,79879,95002,111439,124805,103265,113804,125078,131523,146280,159171,166080,177905,210741,219709,254405,232454
4959,6693,9867,14387,20990,30152,37068,45965,57135,61732,72677,75508,80378,90742,103842,110238,118544,128788,141038,140543,146489
4960,8447,14848,20544,29855,37295,45736,52513,64659,72109,80491,89558,95365,107424,115974,120450,132781,144013,156455,164231,176104
4961,10037,17314,31609,43619,53005,65544,74057,87421,93895,104017,113855,121998,135416,145285,150924,164601,178462,193710,204429,215180
4962,12710,44865,55768,75014,88464,102427,117935,90990,95646,106274,118184,123282,138039,143406,155656,162536,182309,192847,206390,209341
4963,10358,16824,22639,32451,46594,61394,69949,75016,85273,90221,105642,111186,125735,135785,140621,146350,157019,164046,171082,182916
4964,8974,19006,27439,39014,48398,59555,67782,83847,95090,104519,116857,123555,138849,143928,155703,163324,182570,190669,202399,212452
4965,8092,17246,24887,35664,44527,50590,62842,69542,81036,110022,115138,130849,141836,153009,167514,171066,180132,204014,205291,229149
4966,12544,24947,66070,88840,105111,121972,142372,98432,108901,113121,126002,139761,151942,165678,171096,201152,209070,208504,232735,275310
4967,6667,9718,15797,24203,35321,43969,50849,56044,63451,68207,75897,87517,99713,107498,112231,123400,132814,135447,141969,150597
4968,7135,15446,22018,29277,36966,46694,53258,71149,78167,82362,92351,104121,111764,120153,126087,139799,148719,159752,170272,179151
4969,7092,17432,26378,35641,43966,53940,61155,76570,84185,88892,101371,113252,122110,133078,138804,151900,166876,176333,187435,197056
4970,12542,35080,46377,59922,77914,87568,75439,88732,97042,110982,113912,129872,142197,144299,166507,186247,192820,231141,219646,259838
4971,5973,8906,13060,18979,29932,37802,41075,51484,63830,66941,76700,87498,96283,99928,109576,119678,126080,126484,137375,142662
4972,8583,13280,19002,27964,41749,48019,57559,66623,79654,83961,95306,106468,110787,121463,126796,144091,153482,153668,179071,175936
4973,8356,14778,21091,30779,45254,51180,59080,67363,80859,85847,97567,109479,115021,124886,130996,152334,162285,162490,186772,186821
4974,14827,23334,32532,46147,51971,62818,72664,89468,125561,133395,146176,162946,170081,206147,213137,210200,225112,242026,220333,246523
4975,5662,8780,12084,17704,26280,35504,41297,55991,62072,70643,80994,88678,92458,104394,110238,115368,125184,132778,132203,142082
4976,9997,13977,18676,27184,41830,55753,63584,75625,77943,87055,99300,107983,119189,128065,135421,145155,154718,166517,180054,180791
4977,9267,15439,20271,29861,43575,57174,65076,78283,82603,92814,104503,115246,126868,138313,146673,155717,166524,180478,191657,193940
4978,12593,38344,56031,70288,83003,92650,106909,118291,122863,138029,149851,160477,196067,202818,201179,218566,234739,236836,285130,245567
4979,5652,8641,12521,18572,28972,36717,44894,59511,62551,76793,85049,92116,101363,106127,112414,122145,128310,136572,143637,156827
4980,31287,44638,61096,82874,103588,118621,131470,149632,158375,171129,185837,204355,214870,226415,226415,239244,251142,266422,266422,288876
4981,6806,9172,12609,18151,28384,39331,44863,59452,67236,76205,91595,95220,104325,108937,114664,131807,140799,148575,148575,155861
4982,8737,12744,17411,24891,39899,50190,61343,68997,83957,91599,100190,109957,115493,133556,141324,151069,163937,175228,175228,188534
4983,9674,14223,19141,27226,43073,53039,63104,69820,85222,92613,99324,109525,114874,132329,141315,149278,161770,173017,173017,187968
4984,27579,50687,66517,86324,88206,98800,111768,119330,121021,129172,140693,158881,188597,186394,203383,218513,234982,237293,283643,250420
4985,5380,8153,12070,17005,25163,35085,43019,56846,65691,80835,87486,91244,99391,104027,118424,125539,132817,142028,140625,153234
4986,7990,12397,17738,25469,38232,52262,62015,70687,85975,92467,105799,110207,125415,133559,142598,154239,166101,180911,178972,200505
4987,8770,13904,20492,29047,41593,54503,64271,73275,85727,92847,107045,112143,130174,139516,149060,160942,175011,190402,191181,211934
4988,22845,29783,46864,58258,68569,75444,86317,99697,109594,117725,143161,156690,163276,177413,191593,207672,201818,225293,248986,233551
4989,5251,8033,12620,18210,27070,36448,44928,58949,71835,79311,89698,92700,97878,111693,117615,125927,133586,145067,143960,156853
4990,8734,12357,18950,27984,41513,55385,65814,74424,89347,97537,105903,121005,129165,137601,147626,160262,175383,174497,195127,196441
4991,9462,13951,22362,31764,44035,56533,67177,76894,91986,100794,110594,128300,137283,145552,158432,172019,185361,186579,206719,206747
4992,14119,31182,42242,57121,63582,75535,86698,99040,108681,118441,141554,148708,171129,184469,196957,195539,215607,195777,244403,297172
4993,4810,7763,11592,18184,27231,36221,45591,58535,71156,77404,84228,92521,96885,104683,117498,117506,135645,135954,135483,146213
4994,9280,12513,17868,28588,42484,55301,65895,76920,83521,96542,99687,113473,120297,127941,150097,150539,163827,163720,181955,179389
4995,9530,14448,22411,35641,52222,69445,86182,102623,112907,132204,139760,163971,175275,189587,225268,225396,248286,251184,284896,283193
4996,16321,28355,41516,59111,68501,81818,100188,113698,183053,197496,236610,248100,261816,277060,300266,325973,351188,349651,273476,360667
4997,3971,7290,10968,17440,27235,35041,43653,58007,60294,69397,75996,78987,88917,98919,108584,115201,124005,133970,133859,145439
4998,7837,11963,17905,29008,45449,51452,61514,70613,75212,82906,91636,101295,111574,118595,127938,136141,149589,149343,164933,180688
4999,8359,14026,20900,32940,48889,55598,66468,77580,84536,93748,102113,114591,127448,135254,146449,157684,172572,172534,186673,208040
5000,15147,53103,77592,95341,108928,121194,129685,144724,143461,157225,177147,199680,210194,225772,224940,242991,259280,259868,318826,240995
5001,4472,7615,12554,18841,28832,35806,45674,59668,69146,77843,85986,90867,99762,105317,115150,121636,131096,141079,140518,154181
5002,8834,12333,20296,30038,41303,51600,62646,72887,83906,93630,102780,107985,125315,134517,144297,156917,157144,170617,169422,213211
5003,10056,14987,24629,34880,46291,57612,69658,80543,92402,102705,113245,119076,139163,149636,161298,176150,175738,191153,190162,236086
5004,23830,37835,57170,71729,84287,97302,111643,121117,116506,121609,146176,164731,173736,172833,186211,202365,217467,242457,286218,243233
5005,4764,8066,13349,20154,30322,37615,48176,63686,79818,83267,90964,95754,105965,111868,121722,128181,137630,147730,146514,158664
5006,9294,13250,21150,32156,43623,55131,66809,77439,90320,104718,108941,124882,132374,141283,153088,165975,179618,178597,195443,196750
5007,10428,15922,24564,36146,47884,58874,71543,81948,94513,102778,114901,130948,140623,150612,161157,174044,188979,189910,205307,204309
5008,19005,29534,45253,55238,65970,79720,93696,103700,122904,133181,145431,177803,176893,187389,201470,216727,233595,257297,251680,258688
5009,4264,8176,13004,19508,29984,37705,51636,62795,72218,81056,88472,92994,98576,109040,118954,126151,134132,143358,143330,152752
5010,8433,13345,21066,32188,48937,59786,66706,77038,88183,96869,107003,111435,128745,138387,146396,159566,171724,172144,189960,211089
5011,9330,15842,25694,37922,54217,61334,73712,84998,98120,107179,117915,124520,144933,154169,165394,180223,193602,194959,211960,233426
5012,17080,28764,44049,53653,67118,80508,95277,104644,109769,119891,130513,147807,157951,166762,179601,191570,208355,204578,248224,304072
5013,5411,9125,14897,21777,32699,41274,51690,67579,77925,85070,93418,96628,101280,112522,120637,128079,127842,136579,145152,155211
5014,9674,14257,22531,34214,46457,58215,69437,80601,87688,99204,103696,113097,121942,138070,147488,158501,157096,170730,184989,182805
5015,11480,17363,27959,39758,52217,63600,76092,87186,95357,108531,113919,124343,136765,154973,164577,177545,177709,193237,209633,212590
5016,13952,26208,39517,51574,59614,67635,75255,94198,146945,156502,171126,202863,216954,226330,241904,262626,276745,278462,222197,276462
5017,5223,9822,17068,25390,37566,46183,54043,68965,72120,86366,89633,97101,101713,107470,113006,123141,129382,138296,149423,159369
5018,9975,15955,28207,37771,46843,58517,69617,77184,80733,93521,107537,111128,126270,134613,142942,152007,163470,177777,198162,192909
5019,9076,15114,25979,35011,42873,53643,63437,73112,77836,90924,104954,109328,127819,135638,146588,158759,167449,184444,201554,202528
5020,15241,41885,61845,79335,96848,114216,130910,138009,136046,147187,158702,190313,204520,214672,230068,249656,263609,264263,323012,270356
5021,4391,8900,13967,21179,28691,36297,46271,60616,64943,74426,81421,84564,90128,99049,104247,113819,120618,128415,137326,152794
5022,7890,13465,21466,32847,40316,47283,56368,65676,78364,85876,99549,103770,114085,129861,139332,139266,151750,165451,165684,208422
5023,9371,16985,26482,37809,46359,54655,65432,75338,88798,97381,112558,119027,129636,149151,158890,160524,174861,187995,190157,232440
5024,14048,42256,62013,72654,89004,104150,112829,122274,110367,119996,131208,159429,170147,183208,197166,197277,211111,232246,284090,265330
5025,5004,8830,15005,20641,31162,36661,47000,62108,74604,81661,88408,92727,96410,108415,116284,116408,123192,140689,139184,154356
5026,9271,13903,23897,33352,41917,53357,64554,75261,88610,100831,111854,120618,127975,137538,147186,159715,173327,190026,188536,214373
5027,10624,16652,28860,39986,48872,61098,73540,84646,96765,111603,123951,136462,145458,154982,165333,180610,196451,212934,214677,213017
5028,19673,31457,47058,57196,68261,77952,91511,103389,122089,131439,158287,163525,185013,199562,214075,213194,228179,250966,245786,229710
5029,4556,9196,16460,23458,35498,44337,55588,67242,76624,84981,92299,95718,99431,111304,121600,121165,126759,146506,143082,161489
5030,8824,15295,27756,38461,46816,59376,70444,80615,90760,99550,109584,114145,131140,140331,151581,164667,174913,176126,190020,197643
5031,9592,17160,29662,39760,49564,61769,75111,85207,98177,107834,118141,124785,146394,154902,165871,183481,198121,200287,216373,214657
5032,19703,29230,41887,54989,66065,81375,90063,104742,105342,119748,131376,151094,158630,167737,182830,198490,209361,209911,244671,315481
5033,4086,9043,13919,21088,33301,41290,49152,63635,72580,83496,87428,91719,94749,106137,106482,115624,122207,139951,140007,138920
5034,8296,15997,23747,36664,49766,55575,67265,76246,83320,94916,103546,109568,126068,134710,145776,159195,171609,170870,187862,185784
5035,8464,17222,26045,38432,47195,59095,71734,82122,90932,103775,114231,119939,140570,151687,161890,178276,193308,192846,213704,212543
5036,20383,33265,47448,56326,68267,78326,94232,106509,162356,174173,207640,230304,227996,238478,256691,275782,295559,323862,246536,345603
5037,4703,9086,15154,23086,32519,40197,50929,62688,70145,79095,86470,89648,94114,98941,103171,112194,118578,126977,138679,135921
5038,8637,15042,25598,36005,44660,54080,65683,75459,76569,89312,97144,101880,116478,123089,130082,141230,152703,165672,187242,182253
5039,9640,17181,28080,37496,45979,56170,67903,78175,81905,93760,104452,109339,127698,135439,145902,157735,172225,188600,204477,201480
5040,16283,28196,38334,50907,94614,112344,125592,131716,142113,154118,166547,188616,202359,232000,230218,248911,262627,259975,313348,271158
5041,4917,11044,17302,26543,36591,45567,57475,70087,81391,90486,93416,98171,103273,113412,120026,131590,129917,149509,150040,162825
5042,10066,20278,30044,41557,45158,57056,63955,78376,89433,97091,111445,116793,123287,142751,153848,167122,181152,198200,198252,221086
5043,9748,18967,28115,33885,42557,53510,59395,73995,85216,93190,107979,113671,120529,140928,152425,164392,179401,177073,200360,219170
5044,16031,43058,61218,80447,91429,103777,121506,135836,125918,138886,151180,174491,196870,207129,224300,225248,240317,259256,307767,291456
5045,4799,9362,15493,21463,28504,35811,46376,56769,67166,76695,84191,87229,91818,96465,101502,107799,116141,123327,123187,143900
5046,9401,15643,23073,31548,41294,48602,58978,67932,83676,91319,100535,110285,120199,127326,137357,148879,161228,176905,173981,194970
5047,10308,18283,28500,36675,47752,55881,67497,76835,92657,101685,113528,124266,137213,145505,157667,172110,187226,203368,206207,224838
5048,16744,41943,59013,76111,70273,81888,96744,106547,118616,135810,140437,158445,176862,186707,202271,219469,216694,233137,230691,238152
5049,4521,9138,15027,20931,31628,39595,46460,56904,65134,79023,81672,84062,90830,99656,105531,114410,114238,132726,121863,143778
5050,8985,14430,24047,32957,42007,57067,63806,73469,85020,93413,101390,114937,125796,134140,145379,158854,158416,172292,171631,193910
5051,9361,17075,28377,36990,45044,58750,66603,77551,88195,97797,106998,124846,134760,144072,157229,173185,172223,189412,188686,211314
5052,17255,34949,46540,59575,69103,82207,96729,104311,118774,130413,148263,165130,175856,187965,204923,202659,219784,214874,249920,316402
5053,4391,9103,15374,23581,36580,44653,50767,63056,73434,80774,88649,91542,96539,101733,106758,116744,125016,133902,134422,142002
5054,8829,15730,26666,35296,49441,58803,70479,80397,87560,95348,104317,118150,126233,136614,145692,161500,160780,177231,196650,193161
5055,9685,17894,28116,37038,49895,59539,72670,82600,90169,99762,111094,126721,136911,146943,158365,173412,171952,187420,204892,210080
5056,25726,30514,41741,52245,69827,81089,90998,102720,149712,160506,176951,214587,226154,244365,238062,264715,280995,310852,238948,295166
5057,4567,9694,16784,26156,38584,49149,59434,67995,77350,85011,93925,97036,101388,106336,113610,125427,131353,143304,154701,153410
5058,9117,17494,29381,39616,47741,59452,70407,81526,83645,94263,106597,109677,127236,133298,145882,158227,170615,170388,189691,207614
5059,10433,18383,29348,39170,48188,59584,72248,81526,86705,99824,109022,114024,132133,142868,151406,164038,179052,178106,192068,213700
5060,24470,31979,45269,58793,66690,97382,117762,128926,137491,148419,164186,182257,204530,213889,240548,233366,250255,274174,326312,263896
5061,4165,10431,15891,23956,33479,40653,51730,63039,67502,77987,85034,88036,92595,102367,101873,108357,117186,134038,133766,145283
5062,7924,18750,26844,36132,45373,50667,60668,69712,80216,91920,95348,104211,109429,126469,136027,147690,160193,159789,174505,195615
5063,9915,22565,32719,43383,53819,61668,73538,84319,96480,109463,115605,126943,133787,160794,172332,185723,202965,202269,220691,240884
5064,23207,30885,47354,60816,95607,93648,109380,124323,118338,138328,150941,157645,193729,202952,217722,219136,235793,252189,295481,274851
5065,5178,10425,16921,25155,31775,43883,51848,63009,73844,83007,89593,88955,97297,102056,106420,112463,121443,129502,129059,149441
5066,8114,18056,25367,34434,41697,49079,60034,68790,86451,96536,105580,117187,124554,132834,140897,153222,166241,166221,178917,199548
5067,9874,20370,29391,38603,47897,55288,67349,76426,93584,107062,117307,129675,142510,150353,162304,177046,194300,192799,212754,232007
5068,16951,30180,44521,80661,90062,84008,96940,112935,122746,141749,155840,178621,197557,208035,225886,225649,240041,262129,261769,275415
5069,5083,11613,18745,28158,35570,48239,56193,67632,72117,87728,96455,99216,104917,109077,113904,121697,131116,139147,138994,148712
5070,22796,42861,65176,84198,100502,119932,138208,153883,170567,186746,201390,208992,218165,232927,242189,254319,268376,284106,284106,298435
5071,5605,11612,18934,25960,35910,49550,57197,70993,73866,92812,98104,100435,105209,114986,120513,126012,132342,142333,142333,152879
5072,11495,19227,30751,37012,46122,58112,70470,80291,91192,99791,108482,116306,129865,139355,147850,158357,168769,183968,183968,200430
5073,10690,22117,30300,40609,49521,61222,74284,83845,94711,105547,115562,125883,139496,152325,161835,174807,184121,201738,201738,218396
5074,20237,58683,84604,108761,93418,90112,104178,116370,124116,137872,149845,164195,171530,206668,215686,232240,249567,243380,277132,350019
5075,5855,9929,15945,21193,34103,47090,54640,67761,70918,81664,92398,95029,99213,107606,112055,117542,124293,133563,130264,141141
5076,8935,14262,21959,29405,41894,57893,64568,78376,83069,94068,101333,110603,120947,126603,135966,155934,155412,166932,178497,179847
5077,10192,17375,27334,36037,48057,62899,71391,84405,91605,102566,111574,122130,133693,140559,153638,175613,178168,189017,206738,206610
5078,16698,42729,62083,56450,72568,87549,93630,112704,164212,176221,198073,205034,223808,248822,264078,274606,294008,317650,242324,307375
5079,5847,10793,17297,23938,35342,44602,50955,63453,66322,76013,87495,92259,96643,104619,108387,112841,118217,124894,144263,135865
5080,9279,15511,22436,38801,48050,59466,66852,73726,76751,87623,96196,105033,115210,120031,135424,142754,152234,164150,181458,178645
5081,10360,18232,27293,38416,52141,64117,72741,81349,86598,98276,107978,117233,128304,135141,153051,161899,173770,188107,200581,203394
5082,30495,29292,41315,57573,67345,128940,144203,152946,144443,150140,171412,184217,189790,213544,237352,245440,263838,282197,336524,251940
5083,2667,10851,17691,24233,33347,41082,51037,59556,67680,71889,81509,92703,96087,99300,108157,112896,118219,123885,133282,143200
5084,6631,17583,28436,35128,44779,47669,55565,67142,76109,87217,95348,103914,112712,117914,132937,140032,151361,159602,173120,193229
5085,7566,20837,32593,40734,50866,58110,66834,79796,89142,101633,111380,120522,131659,137775,158883,169063,181034,195636,212163,227092
5086,32150,31072,44160,53713,103196,106567,116273,125242,116321,121190,139708,150771,165009,174756,195271,204255,219817,233727,280760,263719
5087,4687,12800,19158,26076,35743,44593,51689,64876,74836,79143,89123,100597,102609,104956,115063,120111,126011,144444,143104,153722
5088,8702,17551,28851,38624,38796,52820,60705,74016,91047,96789,109935,119503,122025,133927,144319,152313,164751,177008,189193,210007
5089,9884,19686,30961,41618,44858,58773,67970,80265,96892,103456,119133,130172,133695,148974,163092,170306,183279,195795,214390,209065
5090,15672,26561,41807,86202,89334,79346,91839,106645,130156,137337,148348,166615,171122,191464,215291,228176,244761,266096,256131,264743
5091,6069,11550,18752,23246,31839,45302,51857,65140,71715,76535,88096,99675,103038,111110,117246,123177,128958,135655,146028,157326
5092,9444,17651,25315,30365,40870,54358,68898,75352,82721,96764,105974,113507,124275,137576,148357,158625,170701,183273,181001,200997
5093,10277,19054,26791,33126,45004,56116,69772,78435,87534,99929,110693,119620,131219,145378,159125,168317,181090,194149,192657,209382
5094,18228,48769,71315,81551,71453,88929,99395,107795,105749,119629,131578,140899,154150,175660,194383,203573,200285,213293,253694,328865
5095,6466,11293,18215,24478,36357,46384,52900,66894,75378,79312,91926,97589,107048,115687,119843,123480,132225,137436,149078,147266
5096,7941,13700,22041,29707,46099,52668,67451,74400,84027,88999,99642,109183,119206,129456,134501,153593,153886,178321,178261,175237
5097,10923,19677,31570,41911,60549,69047,83856,94595,105681,113242,125737,137518,148822,162962,169015,195328,195295,221063,220835,219438
5098,16091,43777,59646,54715,68582,73438,89654,98495,166000,180728,185272,208048,212844,226087,256433,281606,296137,293413,325111,311166
5099,7846,12785,18762,27833,38505,48003,58894,68562,72686,82646,92652,98873,112630,116433,126415,131602,136420,143942,151181,163529
5100,16860,38043,54384,71122,91049,102358,120713,133991,147481,155222,179726,185319,196912,204465,219217,228864,242849,242849,252523,265282
5101,3395,8417,14163,16495,19189,20889,22544,24259,26296,26295,28076,28052,30501,30326,32576,35209,35809,35809,35588,37746
5102,9601,13475,19880,22579,25813,27581,29689,32541,35028,34948,37750,37374,40759,40714,43540,47488,47530,47530,47156,50233
5103,8711,14400,17965,19334,20312,22342,22271,24133,23630,25926,25309,25271,27310,27172,27049,29263,29458,29458,29406,31483
5104,24690,61416,81886,104587,128167,141152,153303,157371,155482,154242,150017,149605,154790,153625,150544,156087,154040,154040,152215,150404
5105,5935,10095,18277,22692,26402,30926,16402,17873,17758,19201,19044,18997,20567,20544,22389,22433,22246,22246,24006,23910
5106,8027,15149,22627,33735,32106,38377,22584,24775,24816,26815,26663,26722,29312,28948,31503,31552,31889,31889,34270,34275
5107,9161,18110,27117,30287,32497,38065,28497,31097,30934,33341,33322,33162,36353,36216,39032,38892,39172,39172,42064,42037
5108,38254,51232,68838,87419,108451,121149,137014,142609,142059,148508,147483,147456,146757,145885,154279,153012,153175,153175,159904,160338
5109,6831,13580,22039,30161,41814,27183,24775,29228,29185,31608,34263,34381,37468,37303,37253,40361,40718,40718,43864,44174
5110,7108,14860,24556,33926,43242,38530,34656,41321,41388,44943,49014,48853,53000,53129,52876,58100,58032,58032,62798,62700
5111,8893,19317,30550,41505,52354,48379,44779,52668,52680,56577,59926,60096,64330,63975,65587,69636,69015,69015,74380,74224
5112,31874,38722,54354,71156,86222,103623,125910,140826,147122,152683,160352,159892,167100,167316,167054,166609,166703,166703,174130,173260
5113,6848,18094,27053,36924,46541,34161,40161,47388,51237,54746,60049,60320,65176,65483,70303,70258,70246,70246,80714,80492
5114,7301,17117,29296,40295,50370,52068,59382,68201,72808,76591,82120,82668,87919,87738,95137,94635,94924,94924,104786,104819
5115,9622,21933,34808,46016,57427,60235,70676,79580,85456,89299,96309,96408,101901,101134,107792,109187,107934,107934,120204,120583
5116,21267,39448,56267,73506,88132,105942,121137,135571,151291,170986,186614,204174,203171,203444,220658,220122,219790,219790,244870,243076
5117,8595,17377,25583,38103,46619,45716,52644,61621,70746,79781,92716,98692,97966,104801,108846,108923,108783,108783,118848,118147
5118,7586,17096,25281,34292,42875,58374,71070,79679,84476,100492,110320,115203,115207,120960,127863,127685,127568,127568,145927,146561
5119,10459,23035,33473,43803,54861,71547,85038,96576,102675,120419,130156,137173,136883,144044,150179,149298,150904,150904,172648,172078
5120,23554,38819,58945,76549,88412,92707,107299,119518,130070,147080,159310,172896,186809,210299,236888,255903,275556,275556,298723,300447
5121,8457,16946,24725,33766,45773,50018,61281,76055,85533,97185,113872,118633,123065,127931,135237,141738,153414,153414,163407,163180
5122,7677,15584,25370,35068,43693,56138,69159,77228,87638,103285,112514,123215,137714,147855,158307,169260,182397,199315,218828,218586
5123,10226,21549,32726,43611,53571,65233,80337,89766,101790,119082,128642,140211,154852,170454,181904,192601,206531,221805,240418,240885
5124,29830,70386,102652,126009,147827,126685,135823,156276,169989,179622,191065,216905,244782,257279,267153,288342,304099,324403,331495,356113
5125,7937,14307,23516,32078,39783,54037,58315,67754,81871,95072,104896,119285,124302,138268,148170,170388,180300,179441,196261,193535
5126,7358,14390,21119,29055,40155,51820,60611,72560,83102,94780,103459,114032,125629,142952,152483,163782,175549,190025,207096,205878
5127,8915,19529,29564,40157,52017,63262,73262,83496,95088,106833,116222,127346,138967,159426,167000,179901,190599,204063,223006,225650
5128,26879,49907,73478,93055,108317,116540,132007,143288,157618,167807,187515,204756,229205,241997,251877,270826,285653,303982,311274,327067
5129,7600,13945,21899,30386,41189,54958,64618,73494,82485,93393,107109,117991,129241,147780,156142,167282,179659,194252,211255,210046
5130,6993,15141,21810,30272,41785,52834,65808,74369,84621,95635,109253,119702,134032,143968,153231,165412,176508,191313,212098,229993
5131,7874,20603,29070,39356,51638,62040,76198,83537,95524,105997,119775,130500,144568,156052,165490,177177,187942,205425,222134,240225
5132,39152,51912,78297,99110,113458,90712,99680,116952,129136,145533,156467,182747,191172,202214,211041,227237,241892,258313,258757,281336
5133,6598,15031,25946,34973,42728,60898,59695,71396,80377,98051,110510,121112,134234,154817,165490,175946,191018,207765,207947,225234
5134,6748,14401,22834,31878,43650,58027,66470,78480,89522,102053,111754,122467,139610,149428,159419,171522,185801,203532,204193,221204
5135,7932,20205,31252,41721,54887,66787,75697,89600,101952,115981,126228,136963,157831,165657,178317,189522,205856,222227,220387,238886
5136,32670,53719,77118,96830,118827,87020,100819,111621,127370,139835,157771,177855,185433,195393,206556,221327,234849,253406,252914,272226
5137,7178,15548,24515,33136,45035,58362,56784,69364,83192,98070,109601,120420,135574,142833,152282,162987,176463,190110,207290,206330
5138,7360,15355,24844,34207,43042,56978,67904,81988,91498,99951,112794,124685,133268,139782,161675,173503,175541,188985,208271,229800
5139,8417,18018,29806,40958,50404,62129,74409,89247,100279,108175,124144,136508,148064,157262,179696,193373,194504,208097,227273,251855
5140,15067,30006,41191,54030,69415,87502,102941,114719,122554,141311,159627,179988,190432,199862,216009,227797,244710,243016,262922,288960
5141,7600,16545,25876,35375,42730,52611,55325,65850,80906,93502,101022,111574,128236,135183,143432,153675,164900,180115,193955,196847
5142,8720,17468,25368,34689,45321,56350,66065,74670,88383,96129,104832,116249,124768,142261,152015,165131,179373,197842,194371,219329
5143,9431,20285,29618,39305,51784,63368,75045,84741,100210,107423,118255,130163,142817,160746,174184,186781,199924,216981,217281,241163
5144,14667,27576,58644,75013,86513,106229,127183,140663,156925,168472,196531,207868,231939,249353,245337,262000,277952,305042,306735,324013
5145,7187,14217,20203,27038,36990,45550,64197,67676,78000,89974,98097,107765,122965,129636,138151,148577,160436,173155,190745,187949
5146,8674,17528,23969,32707,43786,54954,65039,73668,87267,94855,108456,123465,130754,139287,149451,162949,175536,191223,191783,212855
5147,8859,17690,27124,36757,48735,61221,72009,82129,95711,103715,119703,137405,146209,155233,166530,180332,193743,213827,214351,239150
5148,22536,61271,80175,103686,117210,106880,120733,132125,148443,161462,187308,205043,214083,230936,249037,247384,262562,286195,291930,313009
5149,6526,12329,20978,30833,39057,52861,68912,78749,88054,99884,109222,120506,130174,146118,156744,169120,182354,197203,196892,218050
5150,8394,15592,25110,34236,43335,58999,70565,80716,94574,102019,112125,133095,140115,149475,160597,172735,187585,205304,203952,226218
5151,9422,18002,28402,38022,47575,69584,82564,91794,106904,115190,126404,138511,159713,170104,181967,195026,211433,230070,231233,255059
5152,38734,68361,86687,111261,128475,91935,107928,120175,136378,154938,166837,187977,198000,208439,222502,238379,255513,254510,276449,274792
5153,7127,14779,25094,34421,46131,58580,70010,84845,90525,102447,116711,128304,137966,144400,163570,176324,176744,190255,207974,207219
5154,7294,15964,25558,34541,46601,59741,71243,85621,91195,103778,117737,129589,139127,145999,166090,178885,178622,194274,211873,209988
5155,7927,17348,27683,41238,55451,68279,81548,97626,104018,117813,133112,146446,159611,167926,191259,206631,206274,223028,242367,241755
5156,28018,49838,64651,82739,101944,83858,96280,113387,118517,133504,150425,170845,178819,188687,198522,210914,228062,244244,244049,262975
5157,6805,14562,24196,31994,39554,54719,65766,72294,77166,95199,102980,113104,118390,134129,142415,151715,162595,177080,193948,191482
5158,7313,15227,25524,31886,42393,55349,66243,78067,88318,99684,108780,119425,128488,145190,153876,165632,178990,179602,196553,216194
5159,6940,14696,28636,35060,46274,57107,68653,81393,92039,103211,114162,124842,134806,152866,162320,174603,190755,188506,207774,229027
5160,34387,52803,70643,91507,105597,76640,88925,97419,112131,119814,137745,153656,163531,172633,194459,193053,208372,229643,228956,248477
5161,5859,14585,22658,30618,37928,53829,63426,71328,74771,86758,98635,108538,117798,133129,140358,151791,161398,175395,175652,193170
5162,7971,15393,24118,32611,39958,57159,67345,75749,86607,95353,103923,117822,123944,142873,151357,163655,176985,175998,195541,195101
5163,8213,16230,25361,37580,44871,59970,71525,81362,93572,101746,112625,127897,135663,154474,165865,180437,196230,195947,219744,218049
5164,15053,26561,39196,51549,61718,76611,129398,139869,156653,173410,202475,217017,227623,243739,254986,273516,298684,294188,326411,313303
5165,7685,13796,19869,26396,33014,48039,52907,64778,73495,85195,91684,100871,110247,123861,132610,142999,153751,166640,166225,185147
5166,7652,17201,24113,32767,44044,52980,56817,65995,76522,84358,95953,103470,109917,127207,137527,149096,163900,161822,179389,202732
5167,9189,19313,29315,37672,50154,60121,67298,76170,88921,95416,111667,121951,129231,147689,159819,173218,187923,190028,213067,238743
5168,14522,30711,56552,72148,85457,105097,111344,122637,138295,163726,177151,187389,204268,217849,231935,230468,256494,275404,263814,274694
5169,7815,14342,18550,25368,34070,46556,61069,73937,84598,92198,102550,118513,117843,134038,144470,156555,171973,191212,191494,216905
5170,8177,16491,22957,31779,38533,50939,62243,73612,84477,92834,106726,113492,120881,140830,152296,152487,169379,188045,188061,212863
5171,9165,17472,25041,33658,45460,57336,67947,80451,92417,101019,116177,122302,130206,149927,163289,165895,178777,203429,202811,226151
5172,22941,43896,70924,87638,76000,92030,99957,110486,123391,142143,158783,157755,169676,184535,196715,218197,216717,236883,232194,229546
5173,7627,13875,21547,28867,34380,53149,65067,76664,91608,96732,109272,124761,122855,142197,153663,167671,166335,185743,186214,209976
5174,7311,14382,20862,28805,40576,52754,65568,76194,87389,96573,104212,119880,127049,137320,148765,162743,182996,182337,204911,204743
5175,9114,18307,29621,39222,52030,66806,81106,92793,106530,116944,127952,143735,152936,162970,178224,190916,215744,213662,240767,242698
5176,30496,68881,87644,107815,72058,89370,97284,116484,126302,140876,147448,167791,176664,190488,203312,225308,223489,244865,245897,278599
5177,7477,14559,24116,32480,34762,54655,67377,78882,89509,97493,111122,117474,135418,144971,156369,170671,170584,188466,209639,209602
5178,7382,14448,23096,31602,44419,58327,72511,83702,91251,105066,113504,128435,138150,148141,161502,176399,176216,194720,217517,217132
5179,7882,17281,27468,36119,49361,62892,77054,88132,96088,112933,122193,135789,145664,157370,172598,187397,185941,206432,231204,233899
5180,15906,31185,40345,52470,66270,83018,96977,114006,123712,138397,146719,160752,173899,182875,196854,197329,217460,237473,234475,271092
5181,7818,13827,18746,27737,36954,57370,65497,76396,87697,94817,99861,116031,131863,141159,140530,153811,165891,184020,184230,206214
5182,7996,17269,26831,36948,45560,59211,72530,78052,89730,102445,111345,119097,135005,145336,156463,157333,171815,192146,190679,211777
5183,8939,19879,31837,42584,52402,67264,81641,89977,101785,116868,129104,135648,154018,166910,179633,178866,195815,214420,214256,238181
5184,18141,31781,40459,49372,64229,80337,90104,116924,139719,159598,168273,190216,204873,224294,238043,238217,261378,257778,285631,267546
5185,6908,14115,21420,27622,39733,58497,70111,73469,87640,95671,98025,111738,125517,137591,144269,159275,159548,171332,191541,190651
5186,8381,16560,25975,36342,47679,56948,68309,76400,86062,93205,103372,119098,127118,135717,145166,158371,172623,171655,190404,213758
5187,10073,21026,32040,40561,56202,67065,80270,90356,102684,110564,119733,138996,147955,161341,172653,184946,201803,200271,222930,245637
5188,17708,30008,39714,53313,68036,74569,110311,115530,135915,152111,174715,185090,195361,208066,224036,240555,264342,261385,290745,282905
5189,7281,15386,20915,29437,41298,55015,60140,71551,82881,90072,101670,115448,121673,129376,148452,160044,173179,172611,173791,191443
5190,27024,53750,73133,91094,106214,106214,123317,140689,155759,167092,186261,193769,203857,214490,239269,254089,254089,276080,276080,294856
5191,9487,16649,24984,33142,44088,67267,73819,85337,95847,108850,120216,130995,147870,158690,167378,180594,196821,196859,219289,213849
5192,7937,15846,24799,33044,44471,56668,67103,77079,87270,99477,103123,119146,125646,134816,154890,166263,166263,181921,203842,199530
5193,9792,19772,29395,38655,50625,61983,71736,81777,95737,110582,113831,127664,136024,147220,165865,180266,180266,195069,217413,216832
5194,17225,27979,35027,47008,100661,116792,122445,119825,134603,148351,160031,177800,185834,201225,211162,226448,226448,246859,242038,264770
5195,6474,12784,18128,24195,32542,43697,56966,72371,82206,90337,98881,113092,119913,128492,135937,147404,161019,175469,193586,194467
5196,8682,17299,26871,35523,38062,51768,61490,76941,86510,95048,104310,112116,128412,137667,148334,161337,177821,176559,197033,196094
5197,8910,17568,26945,36294,40794,54269,64818,80080,90772,99235,109985,119822,136941,146383,158156,171565,188520,186749,211075,208198
5198,15998,29640,71068,87385,87798,98978,98614,111735,124985,137110,157125,164171,173247,184876,197354,211508,234738,232452,255516,256536
5199,6286,11266,14992,20663,28382,46225,57317,71495,80671,87721,92174,106823,113330,130323,139177,153480,167157,168037,187083,186362
5200,8759,18808,23015,31959,42517,52641,65195,78200,88821,97380,110594,118138,126260,135595,158740,158775,174431,195232,193191,220080
5201,8185,17011,23345,31726,42377,51514,63943,76063,88249,97349,112161,119458,127553,137298,159379,159032,175442,196721,195509,219661
5202,13669,51927,57683,71578,65289,81729,93592,97938,118011,126314,140114,148580,159266,168793,179781,179134,197406,198005,216054,220240
5203,6299,9533,15672,21524,31045,48880,60866,72074,81699,90220,93389,102841,116447,124890,136092,148328,164453,180730,181906,203803
5204,8295,15774,25562,34075,48613,58032,66734,77158,87222,96455,109724,119674,127533,139331,150281,165949,166036,186273,186355,209664
5205,8233,16159,25752,34062,46613,56552,65494,77922,89335,99235,114870,123007,132407,143765,155597,168531,168330,190087,189854,215559
5206,28799,40370,42297,54046,68644,80451,84234,143083,161232,183102,190981,217327,234907,232954,248981,272706,270780,294858,293910,339603
5207,3501,8646,15000,20975,29139,47662,58718,60658,69614,77315,85621,93707,106666,115477,124533,135349,150295,148374,166745,165228
5208,6238,14551,25637,34864,47607,57092,64668,69239,79640,88945,103376,111460,118134,129590,139954,153672,155751,170755,172478,192340
5209,7154,15563,26052,35559,47333,58387,65591,72919,83778,93340,108815,117203,126188,137746,150481,164312,165093,182916,180650,209744
5210,27519,30586,44940,57533,60560,74249,135996,124234,148067,164407,173003,189167,199236,220175,241527,240138,264874,260051,260957,300308
5211,4693,9546,14762,20917,30269,48129,49598,64169,69543,77993,90499,88967,101881,110062,120041,130832,144218,161841,183446,184353
5212,7162,16818,26513,36040,48439,54066,61936,72388,79132,91375,98071,113754,122622,134974,148804,147913,166570,163892,188395,187177
5213,9125,19446,28862,39253,50778,58068,68892,80812,88786,103564,110007,126775,137200,150119,162976,163589,180674,182913,208606,205705
5214,17143,34581,42675,50784,102602,116921,112399,101091,127231,134729,153545,162848,176166,173705,190785,209897,209329,238149,242498,242558
5215,6307,11507,17751,25385,33629,45158,60707,67635,77354,86689,93884,99016,113127,124495,122712,132563,162821,162508,183997,183438
5216,8706,20332,28106,38555,41638,50355,65215,80721,89123,102040,109937,117096,137815,137151,149321,166567,167431,187275,187072,218237
5217,9768,20303,30288,40812,46499,56562,71755,88408,96285,113522,120936,130785,151585,152951,165408,185659,187595,208643,208459,239844
5218,24016,39938,91070,90117,84752,96993,94957,114093,135002,142514,149619,175466,186556,187863,205552,224668,223436,253100,255334,255811
5219,6366,12132,16512,23468,33162,48150,61053,70332,81021,86001,94511,98356,113496,123692,123078,148669,165807,163485,184405,183572
5220,7630,16491,22232,31911,43669,54132,70157,80909,88920,102697,109558,116990,127000,138438,153514,171461,171012,188880,190258,221818
5221,9473,19553,27065,37117,49125,60339,75848,87545,97112,114263,122193,131096,141270,154303,169179,189533,189059,211735,213914,245939
5222,15322,41678,51306,69943,61699,79393,96449,99642,119758,126784,134502,226168,166884,240533,261012,285243,284785,278910,328186,324162
5223,7234,12078,18458,25467,39364,56259,68823,78856,85394,95956,104286,102812,127697,125564,136808,136628,163553,181232,181087,181413
5224,8151,14719,26011,34942,49213,59295,69763,81087,89767,102349,109685,114968,138200,135551,147722,163078,162523,180496,181674,205213
5225,10224,20409,31664,41665,55991,68532,81138,93616,103179,118716,125568,135973,154684,156355,170626,186398,186445,206806,206452,229949
5226,23464,41826,47350,59460,70293,91095,88950,142329,160834,181773,192389,182583,231904,210919,224894,228138,248303,269882,271404,308300
5227,6158,14318,20160,30299,41141,58838,72781,75148,86609,95283,104459,105362,127749,128566,138037,137468,161862,176076,175510,195557
5228,6522,14601,27506,37658,51430,60786,70069,72522,84125,91824,101560,117371,124385,134344,146119,158818,173503,193926,193612,193362
5229,8500,19712,33360,44638,56541,72466,82598,86720,99327,109334,120844,140671,151760,161000,174279,187733,207207,229572,231791,230144
5230,22911,33984,45330,59905,69957,85412,130693,127682,142461,162026,183506,165577,201292,186640,199909,211351,213916,231203,230757,252685
5231,5527,13385,20175,30413,42028,56639,63523,72907,86529,93403,101881,106871,120704,128266,137141,146166,159369,171560,186229,186009
5232,7431,16659,28128,35668,43598,54277,59697,74481,81667,93325,102019,116345,121839,141436,152225,152473,166160,181205,200116,200807
5233,10332,21996,34536,42762,53412,65628,72951,88878,96616,109808,118832,136844,145895,166333,180095,179888,194068,209158,234548,232327
5234,18345,31151,44445,57607,93957,111618,118608,107657,117288,130636,153953,164319,171444,195004,210114,208134,224547,244918,244382,266925
5235,7825,15544,21137,31824,40268,49706,65985,82220,93229,99178,106147,111401,122781,141211,142090,152966,163726,173408,187118,189257
5236,8112,17675,26299,36000,40405,50023,61169,77155,87740,98015,105291,117138,126281,144357,155219,169235,184748,180292,197952,200457
5237,9931,24067,34410,45567,52221,64025,77616,92941,105031,118239,128574,140901,152850,171667,184485,197743,197260,214595,231896,231829
5238,14325,29620,54245,71542,81229,99365,90664,109071,115753,129497,144155,153292,170048,180516,192157,262313,285809,300411,300067,325011
5239,8673,15602,20561,28760,39417,52139,66257,79152,84515,94822,107274,110485,115946,137180,136750,144521,154290,164117,175575,174849
5240,8047,17772,22983,28058,38565,47640,64746,71848,82980,90838,102935,106986,117773,126867,134974,144149,152172,164559,178911,177107
5241,8918,21523,28999,36717,48722,59114,75317,84711,96298,105427,117817,122739,136090,146521,156345,167126,177780,193415,210944,208792
5242,15524,25622,49417,66732,67645,80290,94153,100455,111120,124902,133912,188493,164336,224323,235947,240595,263060,258099,278095,300052
5243,7494,12245,16527,25032,34288,47057,58183,66006,75521,85009,91891,94539,104407,108518,113229,122295,129991,130269,148703,161895
5244,7822,16210,22096,27267,42015,52517,57893,66153,75527,86712,94730,95745,107869,114186,122290,140941,140492,153383,167378,184157
5245,8096,17044,24253,30916,43339,54686,60519,68600,78801,89754,97755,101991,111883,122056,130024,149862,148800,162738,177689,193284
5246,14996,39988,40754,51291,64464,76203,87362,126778,145376,162396,176232,178281,219361,222648,221747,191123,206604,206718,225471,224360
5247,6456,10564,15802,23657,32578,44508,54486,56494,64502,73626,79690,82640,94296,100327,99630,109268,125212,125646,134468,145952
5248,8067,15155,25626,35173,46221,55792,62487,64680,76208,83397,91455,101953,115711,123958,134420,147806,160825,177948,198140,198311
5249,8773,17009,25515,34609,45778,54768,62389,66941,78680,85961,95250,104219,118005,129635,136803,147143,160676,174582,194803,195470
5250,20905,38372,40298,52272,63611,78515,125676,121426,136504,149409,169697,158419,212724,167428,195432,224390,224264,248717,243610,244716
5251,4953,10385,17423,25673,32384,44357,48481,54822,63626,70983,76822,84423,88255,103453,102746,117682,126414,125597,136228,149103
5252,7515,14405,24668,36891,46176,53619,58620,66913,76738,84824,94704,109285,116459,137798,150853,149223,164677,185367,184064,208764
5253,9185,17609,27349,39637,49603,58869,67131,76282,86667,96042,106390,122330,131490,150724,165239,166391,183365,206171,204854,229208
5254,23602,31124,42290,55231,92149,112797,115590,102981,112003,122321,149542,171969,166175,185403,197482,202717,275097,297012,298917,341427
5255,4245,11178,16528,27131,33371,44700,47091,58611,67009,74166,79938,87054,93414,100245,108422,115526,123761,122823,132471,132057
5256,7313,16215,27209,36610,40054,51828,59282,76020,87214,96746,104132,117013,127129,137047,149602,148684,162456,162339,180965,179103
5257,8672,18776,29306,39279,45100,57554,65852,82666,93866,105094,114539,126154,136733,146309,158671,159697,173169,177501,197348,197949
5258,19647,28637,38650,48191,86195,104716,87214,104343,113014,140725,143767,154896,176460,180856,179302,263371,240215,261031,262049,294851
5259,7158,13961,20465,30473,37412,49292,56375,74092,81188,88492,92284,101128,110310,116326,124976,123691,132100,143333,143644,155709
5260,7621,18480,27870,41353,44212,52826,72046,81699,94673,105121,113405,127881,138213,149197,161964,160068,175765,174099,193350,193557
5261,9401,21597,30521,40874,49415,59138,76379,88129,101101,106117,122715,128100,146813,157282,169621,169460,184035,186767,200977,204878
5262,14629,28345,59518,77090,66335,77997,90640,100867,106102,126723,133439,196109,160337,230724,249680,228102,208007,226031,228279,259280
5263,7854,15121,21807,32447,40857,53453,64465,78467,85875,92308,96394,98928,115832,119174,118642,127403,136902,148232,147888,160804
5264,8121,17470,22394,34049,46454,55132,67711,80168,91969,99741,105225,110938,130516,136008,145539,160236,176296,175466,197511,217958
5265,9527,20183,26840,38735,50123,60535,73687,86527,98117,106527,112186,121841,137618,146862,158130,170976,186202,186496,206196,204639
5266,13501,28281,58032,73768,59190,73090,81112,114271,132883,145674,170030,175918,186009,198178,232448,184422,210468,230729,231412,263039
5267,7679,14372,19329,28812,39099,51760,58383,70644,77780,83229,92321,90966,101129,108221,114634,123921,133577,144277,157448,156015
5268,8994,17111,22174,30604,45954,59042,67459,75100,85182,92389,103449,110033,126561,135437,147224,161113,176974,198369,198438,220334
5269,9788,18857,25201,33274,46476,59477,67968,76329,86433,95232,104519,113428,128786,136530,145870,159285,173981,173124,193110,191325
5270,14830,25652,47042,58025,64356,74807,97269,118741,139572,150413,170266,151916,205189,174635,187249,211324,260608,285244,286932,323068
5271,7162,12285,16414,24747,33047,43960,49460,60870,66892,72788,75801,83584,86857,94636,100161,116111,115911,124853,126336,137734
5272,7878,16834,23528,32022,46562,55127,62221,67568,77519,84957,97647,111898,119015,128512,140804,152473,153114,167889,169576,192917
5273,8780,19074,27382,36475,51503,61500,70652,77879,89106,97423,112203,126120,133812,144689,154307,168617,170285,189984,191125,213973
5274,14074,30480,39639,51299,64555,75338,109021,102351,116063,140187,146756,164503,178937,187544,209090,196175,286395,281885,325208,322909
5275,6956,11706,17607,25838,34337,45738,50934,59633,68792,75393,78010,87052,93608,100475,108781,115078,115487,124642,124534,133687
5276,9192,19282,26480,38450,46664,55864,62137,76731,83531,100222,105527,121828,130755,141688,141551,154482,153636,172413,170745,190495
5277,9002,18583,27089,38135,47308,56844,65189,78720,87457,103938,110461,127084,137408,149658,149758,162839,164421,183997,184834,208189
5278,15267,39539,40595,52751,66220,80321,87832,102806,112364,138735,144056,149436,165882,172039,191589,257158,215099,212096,242458,242767
5279,5821,10094,16543,24337,33163,40717,50268,60682,66172,71550,75703,78847,86113,98859,97623,102556,112371,112227,123477,123648
5280,24752,40584,59911,75237,93823,108458,126156,138370,154908,161517,172584,188847,198817,210777,210777,221339,235279,235279,256191,256191
5281,5447,9374,15363,22772,30885,42146,48120,60188,65102,71261,74281,79007,82232,96162,96162,110484,110617,110617,120133,130162
5282,8991,15448,24111,36840,45505,55663,61361,70616,77644,85570,89899,96196,102908,122662,122662,132929,149934,149934,147775,166637
5283,9022,16426,25107,36504,48009,59151,68438,80459,88138,97968,103607,112302,120248,141122,141122,155738,175351,175351,173777,191223
5284,37678,54443,47498,58466,123230,130439,98737,111718,135470,142191,162545,232489,172505,251787,276180,289932,249284,249284,284596,284596
5285,2993,8608,16136,24936,27783,37810,53421,62549,67686,71870,79660,78699,92898,99205,97697,105785,113996,125043,124648,137357
5286,4777,13331,27168,36303,36327,45777,64684,69909,75940,88790,101643,98880,122522,119999,129780,129115,146975,169247,165828,194182
5287,5706,16679,29158,39398,44167,54407,72830,80494,88905,106271,121918,121619,146721,146341,159644,161725,178724,202252,201493,230384
5288,22272,28731,68003,80560,65393,69847,88596,138200,165226,173672,182206,194948,217704,234079,253851,187824,299316,299316,290710,353099
5289,5389,10140,18555,28600,36763,46131,61800,66685,73391,77158,86121,94033,100105,106905,107075,126301,124357,136673,150346,149274
5290,9072,17480,25519,31170,49054,61085,69840,70836,82781,90185,103785,111415,121244,131229,145313,165871,162165,162165,183188,183104
5291,10973,20066,29382,35646,53949,66175,75553,79240,92525,101728,117097,126779,136845,152236,167145,183965,188056,188056,208205,210478
5292,16098,34294,65148,82113,73929,83334,135311,137167,163609,175931,198554,165050,228563,177021,196414,221471,270238,313494,308703,367713
5293,6132,11711,17105,25283,38971,48361,54664,61531,66971,70093,76967,89884,88374,102951,109499,118263,118612,117590,127602,127888
5294,9057,16670,21101,31056,43026,54175,54376,65904,72407,83168,87076,103178,110134,125340,137312,153736,151314,148039,167243,166186
5295,11512,22529,29650,42602,55580,68695,72129,86475,95315,110447,118012,137209,150703,163510,177771,199825,203179,204273,227871,227666
5296,15492,49290,41913,54872,67011,81035,118169,101854,120903,135802,151619,166963,163112,180184,198488,184858,211839,210884,237542,239073
5297,5555,10367,17309,26012,36105,47423,54374,61632,66394,72907,81260,87719,88023,101693,107309,117014,117448,117144,139257,128010
5298,8152,13862,27026,36584,43403,49063,57435,71877,78640,91967,96539,103740,114144,125418,135632,152345,152424,153728,170932,171337
5299,8851,17113,29192,39051,46936,54146,64887,78628,87869,102903,110695,118020,127958,141194,154418,173651,174532,172545,192963,193465
5300,27843,41994,42177,53691,101494,107326,86105,101786,124634,131458,139029,139085,163425,168760,186262,272217,229711,229629,225363,278956
5301,4285,10269,19993,29954,36919,46290,57777,67694,75294,82786,87542,93904,100891,107332,115516,124130,124971,137686,149735,149425
5302,6818,16954,29685,39811,41985,52482,69529,81091,84524,98856,113632,123778,135618,134087,147168,145338,163484,188402,218376,217601
5303,7506,18435,28461,38205,43083,54145,68933,81603,84840,100329,116633,126369,138688,138220,151237,154962,168420,191738,185416,216625
5304,21858,30740,44018,56017,81707,95425,99349,107382,129834,136691,146105,222867,245808,265727,286775,244862,337107,335800,331111,392453
5305,4558,10026,18540,25172,31915,39301,53586,58265,64060,70575,74625,79458,84821,90857,90983,107419,105787,115592,126360,115381
5306,7447,17198,25480,34744,44165,50684,62199,72211,80599,85852,98447,96064,103940,112988,125114,142561,139075,157695,156965,156533
5307,8116,18618,26238,34813,45274,52793,64965,75691,89019,93189,107413,107306,116206,128817,141929,154587,156176,177864,176842,176392
5308,14971,32732,68090,84937,70518,80302,94539,158552,172553,200582,215532,183746,204147,202854,222078,225399,252083,302783,299225,300728
5309,4279,8120,13194,19901,28952,37085,49061,52643,55645,61250,65490,71256,76115,81009,88383,96087,94963,104893,115179,104608
5310,8043,14422,22763,33981,48618,55498,64465,64705,79556,84353,100571,111036,109170,121028,135931,136481,135559,151420,177638,151500
5311,9500,17598,28215,39811,53929,63018,74223,76010,95393,100406,118864,130921,130805,144174,162406,159411,161261,183837,214334,181674
5312,17442,36776,57966,69510,71132,84401,131506,123402,137286,147814,158278,160895,158814,176633,202054,203441,242766,239784,233388,239620
5313,4722,9970,16984,25500,33778,45920,53656,58178,61065,67379,71179,82603,87864,94602,93529,101632,100595,110802,120785,121530
5314,8582,17601,25239,34447,52116,59409,60088,73293,84095,96701,106320,116153,127246,143225,141011,140357,140383,157875,184427,189412
5315,9697,19896,29004,38101,49039,62280,65052,81658,95529,109677,119255,128922,144080,154120,156982,160161,157657,180929,210889,210441
5316,19808,48387,44110,59236,70512,80250,107436,113645,125564,135787,145666,171983,173767,187754,211496,201472,252228,250094,247855,253504
5317,5023,10160,20522,29133,39518,53057,55794,63084,69449,72955,84103,88152,95117,108861,110766,120889,119813,130700,146791,147154
5318,9018,15894,30171,38717,51301,60892,66578,80486,92789,107493,117653,124985,137201,152590,152895,173816,172192,202195,201498,202704
5319,10047,17537,27560,38702,46246,59404,64691,79909,93790,99337,114829,124603,139289,151545,154654,174989,174958,202389,201819,203033
5320,26177,41151,51305,63299,105818,120871,104436,127020,141669,152058,162826,163889,177460,196912,198416,304454,217034,252101,251650,252467
5321,4503,10512,19157,28613,32566,43146,54611,60886,66986,70478,80711,86077,98594,107697,106829,115508,126742,125053,140332,140750
5322,7032,15852,25980,38787,41394,47583,64182,72544,87818,94486,110395,109376,118471,130102,144999,144281,162264,190156,189940,191215
5323,8270,18763,29538,41367,46843,53571,70290,80723,99788,105709,123505,126762,136288,149897,166696,166845,187611,216794,216975,217685
5324,22474,37012,49518,62246,87574,100058,105039,119238,130832,147481,156748,216004,247325,262789,260804,231121,293334,300069,352916,357587
5325,5128,10693,20008,27404,35150,45701,56465,64042,69946,73120,84423,83011,93915,102162,101786,119713,120694,130757,131333,145873
5326,7096,17534,24652,36678,42979,53388,64722,74789,85345,96135,103624,110098,118584,120720,132912,147327,167472,166502,167630,194930
5327,8638,21876,28668,41609,49471,61097,74038,85177,100885,114593,123778,134983,145263,146409,160717,178385,200003,199670,199997,229032
5328,18265,30103,44019,55193,71180,84091,93084,131230,159884,169886,184963,170966,183247,200301,220909,199906,250704,252665,251359,290982
5329,5403,10977,20719,27969,35870,46631,55959,60587,67361,69947,77658,84758,87457,101802,100385,120228,119179,118729,129873,141531
5330,7427,18397,24617,33191,43689,53838,64466,66929,74256,89637,96485,111859,117564,130355,143952,146646,161953,161369,187920,187295
5331,7931,18414,25808,34496,44631,53961,66165,70060,77132,96166,102484,120551,129331,143821,163027,162747,180252,182452,209146,210948
5332,17561,30464,51452,66485,70242,81877,120305,119693,133898,149154,171062,170044,177667,180830,195960,218948,220788,253306,253441,248890
5333,5057,9664,18234,24601,31302,40956,49691,53795,56692,62133,69060,79742,85559,90899,97921,107530,106345,106627,130193,130878
5334,8442,16810,24216,32638,45621,53740,56691,65801,75650,87142,92345,109491,119883,135904,133816,151086,150901,149765,177791,177115
5335,8639,16203,23886,32257,46702,55297,60103,69570,81365,95463,100523,120416,130637,146117,145942,164679,164101,165312,188818,188448
5336,16244,34262,55449,72445,69517,82111,108674,116366,130977,151188,161992,170760,187090,185792,207150,203602,241695,240460,240795,289256
5337,4893,9682,16241,24112,34002,41925,49564,55249,57850,63655,73689,83785,90544,98042,96874,116097,114899,114982,129776,129895
5338,7897,16247,23465,31238,43454,53735,60602,74823,79949,90751,98478,106209,117769,131734,129663,148299,172261,173138,172843,172001
5339,9422,19562,28232,37833,49790,61493,71818,89012,94910,107535,117394,125884,139592,153616,153830,173531,196473,195178,199738,200676
5340,18129,37945,48486,59490,87938,104035,95380,119281,124149,143560,152354,162344,177484,177504,198359,254553,226275,228846,230516,271016
5341,6207,11909,21483,32302,40041,52236,58621,66634,69643,76813,84076,97232,103813,111320,120514,132153,131015,146108,145364,163124
5342,8018,16805,25335,37219,44456,53944,68599,75307,86541,98287,106812,117299,128472,140451,157422,158152,182882,184474,184392,210082
5343,10356,21896,32634,44747,53181,64596,81200,89516,105237,118230,127685,138188,151771,166713,184019,190910,212227,212464,212257,243104
5344,15577,39217,44072,55899,81495,91805,95374,110717,120941,133121,142076,196405,221626,235196,234381,249470,273930,317467,319991,317734
5345,5311,9301,17602,25610,31626,43614,53038,57129,59768,65800,74910,80822,85698,90753,97644,106893,105984,116581,128805,128073
5346,7348,13699,23978,32013,37223,45142,54864,64094,72388,84448,90791,88842,96244,104322,116585,132120,130856,154518,153520,150184
5347,8045,16588,26048,35276,42140,51962,62497,73332,86927,98700,108094,109751,119292,130207,147349,164112,164498,188920,188100,188270
5348,19829,37215,47030,58877,74988,87335,96924,136739,158613,172449,185120,194285,207730,234892,234153,201594,267418,266458,312135,308718
5349,4136,8205,17012,23108,28100,38111,43989,48689,50760,55996,60779,65467,69593,73991,79977,95708,86202,94003,103834,114982
5350,7259,13990,27455,35030,43713,52566,61793,70219,73905,78026,91454,91934,100046,111245,110625,149275,123826,145654,142371,163154
5351,7322,14646,24776,33053,43429,52227,61499,73476,77935,83831,98967,102073,111013,124307,126166,161172,140176,160701,160868,187181
5352,23766,29247,41253,56219,64876,78459,118075,130648,140935,162829,180304,150939,172441,169293,200255,197096,239249,239572,231032,274685
5353,4607,10716,19685,28925,36072,46856,49865,55236,58356,67297,72212,82642,89948,89419,96037,116294,112617,113075,127218,146575
5354,7540,18986,30401,38287,51641,59936,65740,75191,85967,99744,100885,123323,122465,121907,134730,159541,153078,151973,174148,219784
5355,7416,17862,29636,38363,49757,60891,67210,78961,90722,97482,107353,132183,132516,132657,149831,169570,169445,170037,200984,246190
5356,18101,28939,38067,52050,68004,77382,111789,104148,121182,127930,141415,153122,173096,173437,195995,195455,227899,223712,226431,224506
5357,4803,10825,19713,26728,35272,44219,48309,53687,56586,62307,71645,75767,82152,89815,97647,109051,108579,121564,142862,141440
5358,8246,19647,28886,39445,48539,59100,66808,76456,89478,96820,105992,117205,115873,131987,154699,154243,153345,173535,218392,218544
5359,9259,21467,31358,43090,53930,65300,77278,87759,102140,110297,121302,133112,132378,148442,171601,168138,168809,195320,246107,244981
5360,15664,27464,49062,63719,61964,73761,98999,108148,113670,122372,135180,146777,167460,166141,196892,236797,232170,224851,232341,230477
5361,5288,12214,21671,31058,41764,50790,52489,58531,67922,72003,83277,91110,99731,108997,120279,120698,135442,155455,155708,155689
5362,9076,19572,27989,39121,49597,59667,70990,82625,95832,103414,113361,126865,144846,144560,165149,166858,190512,189240,189686,237228
5363,9841,18464,26564,37025,47069,56807,69748,80535,83996,99892,109372,122158,139214,139146,158048,158677,185148,184301,184050,184739
5364,14465,27629,51483,67183,79304,88422,98081,110724,116316,140900,140474,182347,213002,211869,247950,242115,257396,293721,293580,297978
5365,4521,10301,16513,24329,32976,43859,46467,51329,59285,63324,72845,78654,84640,92753,92516,103778,116352,117054,135780,133924
5366,7904,18545,24850,34622,44146,53876,66795,76273,82839,88560,108504,107450,121896,143193,140656,143891,165485,164371,163057,207509
5367,9378,20920,29751,40899,50259,61302,76693,87997,96675,102963,129463,128762,141800,165460,163710,165928,192827,192139,192079,239889
5368,15031,36562,45733,55873,84412,94941,88306,98248,144829,157947,176199,171686,196711,196628,233416,205777,231058,269708,276256,277225
5369,4563,10438,18793,27056,36380,45578,49953,56360,60627,68646,73704,79737,86917,94090,93619,105155,120168,120002,137600,137925
5370,22329,42746,60813,78337,94203,108558,117785,130618,145103,154375,162447,172761,187893,187893,202130,202130,223578,223578,249366,249366
5371,4465,9200,18980,28167,34687,47664,52846,58179,61542,67487,76597,81797,89555,106744,105391,119254,120488,134655,153524,153524
5372,7971,16050,31833,39495,48178,58576,67240,76476,81730,88086,96017,117998,117272,159165,154641,154641,153871,179749,219458,219458
5373,7941,17058,28388,41256,50815,62180,71946,82716,88769,95407,104002,127810,129455,144244,167442,167442,165352,193398,188448,238278
5374,19291,58023,46070,61011,74242,86392,101817,161773,168168,183164,199265,163447,187241,187241,216457,209420,261123,262944,251827,251827
5375,5049,10057,20110,27498,36219,45774,52718,54003,57278,66886,71177,82929,82521,97995,98087,107306,107098,121249,139955,139955
5376,8148,15240,30009,40784,49522,60550,68058,69779,86862,93913,102167,116524,114482,151783,150089,150336,149347,170933,212094,212094
5377,9144,17383,30080,41872,52374,63774,74197,78352,97832,103735,113559,128461,128664,167285,166592,168132,167581,192429,239350,239350
5378,29725,30214,43867,59048,70380,84869,141302,128922,122568,145772,159902,161769,184755,184755,214694,200715,260225,260515,258272,258272
5379,5102,11378,21950,28756,37976,48232,51648,57095,65863,69411,73235,84539,91070,98905,99538,127022,125503,125434,145382,145382
5380,7453,18900,31424,38939,49344,59037,59495,77519,90580,96156,105153,119451,132785,158130,156609,180316,177905,177838,176641,222372
5381,8370,21026,28923,40331,50411,61091,64326,84728,100406,108157,116901,130250,147454,145311,168677,164790,194576,194613,193142,238311
5382,21037,29916,34400,44926,57474,66464,95564,95042,110460,128865,143039,133179,151267,151267,181859,289486,175946,219692,219879,219879
5383,5829,12761,24487,31871,38213,50702,51527,60527,68825,72677,81977,97014,95594,105382,103793,114437,130661,150142,151970,151970
5384,8737,19286,30533,40787,51510,61008,64582,79517,91835,99581,107594,121930,137401,158372,157565,155980,184282,183799,184216,230268
5385,9527,21089,32134,43104,50607,63443,69243,87740,102526,113428,121482,134607,153644,149656,172159,176824,202388,197502,197801,244838
5386,14777,27410,70042,86760,94255,113349,89727,108827,108605,114967,128634,222815,256788,256788,301025,228825,297431,345450,346503,346503
5387,6111,12667,17549,27966,35875,45435,50099,56906,66252,69758,78864,85394,84250,99676,91534,112532,112711,125605,127092,127092
5388,9459,17793,23905,33545,43283,52118,70099,77066,83621,98183,108220,105427,117009,132677,131737,154884,153596,178738,179168,179168
5389,11284,23301,32190,45186,61017,74535,106041,120464,130660,157366,170908,173163,192720,217089,218707,251705,254642,296931,295870,295870
5390,15503,46610,52095,67485,80066,97326,108918,116232,191243,205669,221961,201011,200334,222992,244216,231599,280032,278955,278642,329513
5391,5626,10932,19056,28314,34535,46365,55778,63320,62598,69301,80468,87589,92900,100721,101061,121006,120594,119587,133339,133226
5392,8433,14666,26295,34729,45147,54085,64377,69009,71696,83042,94280,104090,113099,124348,139003,156911,156276,155278,180268,178903
5393,8534,17436,27945,37079,48722,57436,67592,74352,78408,91572,105325,114931,124659,137845,153619,171096,169990,170956,198785,199528
5394,14036,31284,39520,51959,61964,74555,76349,141321,122217,132924,143794,145229,161204,178683,175460,204548,198105,240023,241253,235034
5395,5901,11076,19892,29033,35901,47672,53075,57329,64321,71350,78413,90135,96072,104663,104613,123921,125058,123085,138947,137668
5396,9690,18575,30175,38689,51101,59883,69583,70664,86168,99749,108779,118557,130517,147997,147284,165458,194348,190100,193659,190627
5397,9882,20072,27675,39652,48998,60887,71064,74986,92570,107278,116541,126450,138523,154997,153159,171907,170704,198707,199756,198288
5398,19492,29488,45362,55923,67085,84264,123880,110055,121854,142106,140062,173395,170167,188145,215360,193588,215402,253343,254524,302013
5399,5099,10995,21523,29325,36282,47451,52496,58843,65068,72447,78753,89156,96483,104384,102751,123003,122730,122363,135433,135220
5400,9388,20172,29286,38068,49237,55551,66076,73567,81226,85695,99993,103398,110035,115143,124669,130406,139338,139338,145661,153441
5401,1026,3374,3692,4308,4746,5240,5690,5714,6263,6233,6264,6815,6748,6776,6773,7454,7536,7536,7570,7523
5402,2756,5670,5957,6376,6843,7545,8198,8300,9015,8964,8977,9672,9782,9671,9793,10543,10557,10557,10615,10645
5403,2673,5857,6203,6706,7257,7358,8112,8187,8142,8980,8949,8898,8890,8864,8833,8819,8996,8996,8898,8945
5404,28029,70326,70536,70315,69690,67460,68478,66331,63935,67894,64616,63920,63003,61944,60420,59243,58483,58483,57981,56911
5405,3849,8544,4521,4961,5696,5782,6184,6181,6262,6821,6804,7420,7364,7392,7452,7399,7414,7414,7401,7452
5406,6026,10577,6897,7529,8727,8817,9487,9659,9659,10622,10650,11569,11565,11607,11582,11612,11625,11625,11599,11714
5407,6198,9660,7416,7950,10117,9849,10753,10866,10981,12059,12075,12922,13097,13038,13214,12772,13103,13103,13049,13128
5408,37430,40117,45253,48130,52906,53374,52013,54605,51673,54271,53718,56691,56721,56384,56120,56076,55596,55596,55414,55653
5409,5000,7492,8105,8850,10402,11321,11205,12116,12182,13314,13167,14320,14337,14305,14248,14398,14294,14294,14349,14441
5410,7438,12204,13202,14606,17067,18642,18656,20224,20479,22139,22036,23579,23778,23690,23684,23720,23924,23924,23780,24007
5411,7501,14473,16248,17534,20252,21692,21797,23739,23317,25843,25381,27404,27124,26884,27136,27144,27196,27196,27277,27300
5412,21183,37780,59868,63755,68267,71759,72333,74423,75251,74956,74276,77854,78497,77701,77778,77806,78311,78311,78186,78252
5413,8465,10605,14467,17114,20425,21660,23697,25883,25631,25792,28188,28081,28344,28006,30138,30250,30340,30340,30052,30256
5414,10061,17321,22645,26875,31467,33335,36197,39542,39125,39223,42654,42465,42535,42387,46517,46213,46280,46280,46093,46582
5415,10479,19540,25117,29897,34164,36578,38835,41860,41790,41750,44906,44440,45149,44747,48476,48454,48651,48651,48297,48263
5416,17235,35826,50914,66211,83351,80568,87460,92471,91240,92028,91533,90053,90697,101700,102036,102140,101862,101862,101875,102174
5417,9116,13094,22532,28979,35503,41669,45064,47928,47651,47979,50434,50234,50568,50389,52862,52808,52858,52858,52751,52536
5418,11553,23417,37774,45277,54347,59991,62909,66272,65949,66535,70402,69822,69830,69375,73581,74201,73799,73799,73721,73333
5419,10727,22952,36247,44549,54532,59823,63600,66860,66995,67239,70266,69795,70566,70789,75048,74991,75174,75174,75184,75166
5420,18844,29686,45117,57437,72867,101184,114097,135956,135766,136177,135667,134458,136205,133640,145063,147734,146181,146181,147437,146164
5421,9259,14794,31411,40184,52090,60078,63191,69664,69642,69701,76754,76697,76811,76723,81496,81503,81443,81443,87442,87834
5422,10049,21421,35970,46013,60630,69624,86318,98311,108300,108190,118215,118037,117586,118264,117589,116954,117154,117154,131308,131148
5423,10499,21920,33668,47835,59183,71747,90263,103589,113058,113019,121172,122468,121665,121296,121967,122297,121184,121184,132742,132525
5424,15020,53062,71289,95975,109753,137332,158356,180727,208419,239181,263161,262985,299727,302071,300115,296667,298077,298077,362452,364742
5425,8137,15952,21600,30965,38895,51966,61517,71234,80782,86705,101664,101582,102532,101918,112514,112570,112664,112664,126125,125441
5426,10001,16914,27296,38379,50116,60808,74560,84356,90715,105973,116037,131901,130866,146896,171648,173519,174184,174184,174565,173317
5427,10660,21096,31356,43691,56637,68908,86235,98659,105642,123828,138355,156602,156767,176444,202569,203449,204525,204525,206676,202757
5428,24485,33924,47694,61743,76267,100208,112674,130675,138666,149067,162744,180475,180852,209195,207699,243662,248909,296680,298098,293820
5429,6795,18124,26364,36597,50652,59425,72717,82065,95838,104691,114603,127305,142093,142919,166233,164630,164146,166614,166726,166823
5430,9029,19996,33702,43018,57040,67076,77196,93534,100622,120969,135462,135105,149353,149492,174582,173081,199132,201176,201218,244413
5431,9239,19401,33760,44048,58061,68218,80670,97511,106072,127976,142236,140608,159646,158736,185188,179834,210800,211425,213537,265622
5432,17753,33305,47256,61850,75988,94762,106403,122468,141046,140109,153130,167368,192695,191161,222405,220550,221096,267159,267139,267203
5433,8076,19040,27525,42138,52208,64511,79507,90674,98268,117602,130375,128671,144307,164896,166509,196555,196983,195756,196152,196356
5434,9567,22286,33871,43994,57320,66735,82033,93835,101792,121749,134042,150676,148870,173040,174666,202946,203035,201666,249875,251875
5435,9180,21841,33280,43332,56331,66872,82852,94636,104060,123714,138661,153075,154561,176503,176688,205690,205505,206421,252090,252947
5436,17144,32773,46523,62067,78859,92979,103660,118973,136944,154117,152700,167586,187259,186596,222927,223590,223975,266636,266342,272737
5437,9747,19880,28796,42874,56786,66597,81136,93529,111963,122101,136459,154971,151442,174210,176246,205578,205721,205662,252597,253721
5438,10265,21226,33014,44633,59270,69036,84704,96560,106516,126929,141183,161241,159253,184594,183676,211205,211817,211753,211629,262118
5439,10895,21492,34862,47500,61716,72110,90872,104718,112399,134215,150497,148848,169185,194640,194848,191655,223859,221927,222632,275565
5440,17474,29749,45007,59483,72476,86067,94414,106098,128429,135393,151546,167818,189058,187552,217478,219697,220589,267195,265434,265181
5441,9526,19642,30160,41888,53361,63323,77356,87615,101439,110622,119546,135161,151164,150220,173212,174999,205684,204751,205720,205639
5442,10148,20745,31882,43565,54607,64868,79132,89987,103750,113311,122249,138151,156631,155834,180954,182007,209870,209584,209721,257570
5443,11094,22409,35631,48922,61866,73548,92599,104896,122610,134169,145544,163202,181750,184222,211897,211094,240294,241868,243668,301464
5444,16845,49692,67031,85093,99066,122316,138631,164577,172272,189965,226634,223734,245674,283069,283668,281524,330555,329013,392003,391777
5445,8077,15840,29720,33826,44442,55669,68264,79028,97149,105503,113759,126339,140761,156586,158250,180284,180831,211474,212680,215033
5446,9675,16919,31036,37866,49658,60539,70746,81904,92876,108270,117349,129738,143971,161794,164036,190660,187560,214547,219614,219338
5447,10101,18339,35237,43025,56513,68670,79885,93448,108399,126360,138163,150130,170156,188921,191172,218302,219909,255010,254350,254933
5448,13752,32885,52495,63831,75417,93064,111528,124128,130044,152743,162497,178852,177965,194335,224396,223720,219915,257660,263383,263415
5449,7450,16867,26910,35728,48290,58339,68725,80611,91041,97388,116679,127289,141409,157323,157500,182964,181333,182809,212766,212533
5450,9153,18137,28756,41344,51419,65019,76512,89948,102203,111020,120812,132363,148888,163949,165056,192987,193653,218480,218807,221695
5451,9428,20175,30347,41982,52601,67798,80756,94491,108661,119752,130284,141937,159545,175626,176291,199599,199949,238715,233152,235350
5452,22565,31999,44403,55284,71846,87014,104038,116279,131126,141139,154181,168186,186801,209050,210531,210909,249935,248374,246961,296715
5453,6641,18252,29036,38477,51498,65738,72505,85231,95199,113573,122291,132993,150263,165978,167590,195074,193739,224346,221392,224311
5454,8423,18789,29744,42142,52106,66860,78516,86616,97060,115380,125230,135956,153807,171188,171326,200593,200093,227701,230972,231199
5455,8973,18747,29519,41832,51696,67012,78261,88155,99719,116764,127711,139973,155815,174448,174569,203530,202352,231536,231124,233131
5456,19964,32632,47635,64694,75618,93894,107461,120603,137968,148030,159681,173205,192911,191063,217048,218367,252118,249981,252382,301713
5457,6884,18055,28484,37122,49601,59544,70223,81060,91825,108764,118154,127766,142607,160798,159139,181211,180802,212006,209835,211297
5458,9107,19444,30618,42681,52566,67438,78791,91366,97243,114861,123909,135836,148917,168394,167342,191983,192281,221533,220139,222397
5459,10467,21380,33343,46420,56929,74340,86125,95569,107807,127036,137827,150496,165893,185307,184793,212756,212777,243818,243272,243853
5460,14961,29287,45459,60703,69446,90165,104492,117330,133294,132753,154619,168760,167904,185762,206587,207286,239846,241786,240075,293152
5461,7546,16052,26046,36795,45656,56933,66512,73894,91903,100153,108108,129165,144916,143308,160191,186099,183437,214367,214580,212428
5462,9265,18944,30288,42364,52517,63008,73111,84516,95808,103584,122482,135163,151537,168895,168280,198432,195967,224630,223774,221747
5463,9305,20333,31456,44159,54039,66020,76788,89903,100672,109183,128107,141589,156011,176733,176705,204869,203817,233828,234748,234116
5464,15644,43815,57605,72977,90045,97322,129602,144110,160037,179002,189350,208899,233512,228776,259071,257922,309714,310046,314559,350249
5465,8318,12490,22673,35076,39858,52100,60684,70604,82379,95284,103445,112803,124666,137460,155657,155213,180787,179868,209410,208934
5466,9781,17408,27532,36398,48403,59685,69222,79571,90572,97023,116606,128647,144480,145113,159622,188681,188365,187031,219566,216981
5467,10538,20334,31392,41213,53925,67176,78238,91693,104090,112738,133824,147297,162387,163514,183292,212496,217473,217629,242432,241793
5468,16349,39201,58111,69082,81636,96924,117604,130731,150062,161140,173029,190161,208471,204508,232892,236926,278392,276394,277477,323223
5469,7502,15608,22957,35945,48393,53750,66144,73496,85648,97677,105610,125572,124323,139993,157254,156803,182948,181844,210451,205826
5470,10557,18290,28969,41192,51357,62051,72991,84264,96343,112301,120360,131110,146636,165605,164811,193489,192842,190103,220526,215350
5471,8886,19961,30315,42945,53516,65796,77271,90348,103437,120591,130439,142314,159738,155903,177042,206214,205048,204518,237019,235129
5472,16237,28272,40711,55161,70636,80500,104322,113496,121313,137896,147394,160188,177104,175588,198663,199932,233536,233906,233663,275502
5473,7613,18816,29534,42216,51953,61395,75508,87224,99805,116217,125780,136348,152822,172605,170753,199517,196107,229417,229308,232140
5474,9148,19511,30771,43558,53482,66211,76546,89045,102814,108858,128553,140959,157717,158313,177502,177529,202570,206123,237681,237994
5475,9616,20769,31751,44742,55025,64503,78181,91408,103228,111049,133060,144696,142572,161679,179428,182097,209742,212426,245100,244208
5476,15714,31238,45336,60999,73610,88970,106525,113055,127060,136488,158931,156707,171627,189931,215303,216733,252006,252984,252683,252463
5477,7120,15761,25222,36665,48272,56678,70458,73413,86187,100238,107644,116570,128598,144022,163821,163250,187529,187730,218382,218167
5478,9762,19089,29679,41996,51302,60336,74182,85272,97384,104953,122622,135713,153535,153287,170777,170698,198946,199344,231670,229469
5479,10851,22683,33480,47126,57521,67681,79333,97627,112131,120969,130142,154702,153965,175065,196362,195912,225780,230767,258259,261776
5480,20462,29390,46338,62101,69289,85322,95956,109703,125209,133356,142031,153210,169310,168295,183818,208418,207825,244630,244689,244813
5481,6453,14782,26511,34963,46182,58325,68388,83131,88181,100301,109509,120472,131643,147160,144817,162288,191213,185693,185120,216741
5482,8773,19528,28376,40194,48902,60872,71365,86030,90858,104442,114435,125078,136897,153680,171686,168431,199412,197069,225258,223917
5483,9150,19945,29114,41702,51319,64868,75682,92888,99342,113612,124388,134090,145619,162301,182376,181395,209572,210227,243696,241138
5484,22114,33036,40644,53803,79224,90905,106716,125592,138017,150277,163780,176083,192114,212544,208591,233203,239365,275630,277415,275029
5485,5791,14917,27193,36479,47321,57572,67440,78898,91097,97653,114541,124674,136204,151009,151094,169003,167903,194058,192392,223348
5486,8440,17501,29079,41522,49679,63029,73609,81779,94561,107986,117803,128671,141562,156577,177321,175757,201616,203649,203565,230522
5487,9630,18758,29769,42812,51789,65252,77247,85243,101132,115245,126993,137808,150604,168280,189080,188804,215152,219507,219363,246803
5488,17236,33194,46841,58415,73879,88430,102636,118803,131574,152842,164447,176110,190107,188808,206803,234994,235595,227761,275475,268166
5489,7419,15845,26263,39200,46568,58013,71718,79705,98095,105323,113540,134661,147936,145857,164592,183384,183136,207587,209490,240869
5490,24610,45297,65192,84933,103568,115565,131176,147764,164167,175136,185372,197966,215618,215618,232147,257715,257715,286253,286253,286253
5491,9303,18696,30781,42261,55336,62134,72411,85799,98621,123068,122075,142999,141310,155725,172979,194237,194237,221377,221377,259149
5492,9617,18816,30617,41459,49856,60943,70310,82310,95109,108762,117392,127453,137921,151173,167068,167277,186991,215816,215816,215816
5493,11255,22182,35177,47352,57507,70231,80760,94857,110901,125818,134013,147104,160018,173849,193978,193253,214447,214606,250338,250338
5494,18922,32976,70318,84368,79745,86756,106213,122237,131298,155727,166390,177875,189691,207172,204795,225211,225211,252326,252326,252326
5495,7830,18007,21366,29766,47626,59557,69068,81207,89131,102169,108138,116996,137099,149864,150438,167846,186930,187692,214349,214349
5496,9583,19478,27026,37233,50429,62418,72878,84679,92506,105874,112565,132935,143279,156747,156502,174184,196577,194879,225910,225910
5497,10848,20399,30164,39955,53114,65513,75499,88029,97865,113947,121511,141306,152652,168916,168029,187062,209485,212328,209746,244989
5498,18171,35843,45240,58599,77265,91765,104659,119280,143287,150173,156345,183183,180502,193555,211758,231432,231432,260403,260403,260403
5499,6911,17142,28015,37279,46133,56336,67671,77647,84599,98290,111689,130259,131023,139690,151974,170800,170800,191128,191128,221458
5500,9794,18733,30156,39861,53270,59920,71722,82036,94943,103316,117472,136378,136980,147532,159905,179636,179636,201316,201316,235494
5501,8958,20184,31740,40949,53661,61175,73797,84819,99717,110148,124936,146614,147472,159508,173417,195038,195038,217701,217701,248770
5502,15262,28787,50648,64197,69365,84071,91371,107914,123512,128771,145603,155972,168840,182012,198883,197854,217638,215720,248322,248322
5503,8192,18697,29963,38918,51639,62215,71861,82177,95124,100664,115312,131583,144228,156107,169700,169732,190803,212704,213318,213318
5504,8439,19174,30038,39515,52256,62926,72632,82401,95954,101253,116416,133256,145913,158203,172506,172202,194435,195496,217258,217258
5505,9229,20355,31968,41148,50903,64534,74070,84584,98030,103090,119088,127337,148480,148284,158792,175280,194016,193071,216493,216493
5506,21955,41420,41780,57234,88655,108996,118690,139785,153002,174219,182078,190916,224255,238991,238153,261745,285656,285091,284347,328337
5507,5775,13007,22407,32879,40574,48967,57225,69077,79140,87755,99761,105830,121643,141764,141349,153527,153124,169335,171000,191844
5508,8537,16725,25745,36528,44365,53836,62442,73513,84859,93798,101663,115301,123034,144706,143684,157796,173439,175213,197131,197029
5509,9649,19805,29460,41717,50772,61765,71413,82441,94876,105722,116071,131088,140188,164719,165093,180744,199443,199773,222584,226037
5510,22304,40255,59449,73085,90905,106636,116038,131871,150700,170464,179857,189905,203045,230961,231775,254995,274898,274338,277079,310750
5511,5460,11412,21777,29550,40539,49095,56610,68550,80012,87776,100008,107068,122496,133693,144057,157612,160001,176060,178188,193342
5512,7198,15521,24265,35238,43871,53725,62334,72515,84622,92515,100502,116049,123556,133687,145197,157639,177641,176364,199876,197284
5513,8452,20491,30213,42540,53415,63778,74184,84872,99230,109033,118799,136019,145725,159511,173879,187492,212992,212840,238195,235211
5514,17418,34729,56904,72322,75010,87385,101050,111751,132290,148215,155868,163997,175362,186114,200058,218088,218341,237527,238520,265524
5515,7133,15765,21537,33498,47221,61032,69856,78327,89447,103615,112741,128671,136673,147711,162379,177247,197065,196235,217689,219043
5516,8091,17524,23726,36238,47315,61149,69992,81646,93332,103331,112771,128368,136121,148415,162410,177097,196059,195988,218090,218925
5517,10526,22505,31550,46568,58496,74454,84597,96823,114191,125204,137441,154549,164051,176456,190803,208467,227203,231925,231530,258217
5518,16756,31008,43895,57435,76287,89733,100345,114284,128265,139139,150543,166772,173644,185349,200514,213457,233120,233437,252079,252733
5519,7489,16214,24542,37749,47712,58087,70704,81406,93815,102290,114030,123921,138845,148811,161015,172304,186164,186491,202640,227826
5520,8624,18577,27985,39218,49073,59387,72298,82038,89530,102547,113859,123369,138877,148430,159677,172589,187222,187788,204557,205432
5521,9499,22146,33571,45548,56120,67760,75900,88266,102152,118944,129166,142760,160195,173040,184835,199630,216266,217362,236651,237158
5522,14630,25174,41246,54953,63039,74141,85319,117420,125722,147215,166891,174980,183810,192871,207206,221789,237167,257864,255663,278657
5523,8160,15534,23727,36104,44017,55643,61973,70674,83994,89987,104725,111090,127152,133894,143713,153300,165363,175428,176570,195753
5524,9201,17532,26471,36526,44561,55982,66678,75657,83016,93665,104417,109728,125794,132363,142259,153301,163665,174333,193378,194789
5525,9761,19969,29158,40051,48625,60962,72297,83622,92286,105450,116097,122278,140365,146641,157439,169894,180857,190267,216401,219056
5526,13423,32317,36578,48470,77119,89153,98068,112938,125147,140024,157064,164797,181898,192300,206868,205804,218078,235038,256123,255864
5527,7542,15224,23430,31750,41647,51910,57062,61870,75455,85395,94361,103862,118342,124822,131446,142633,152752,164759,178971,179017
5528,8448,17216,28176,34981,45506,55464,62118,71350,82282,94597,104803,112891,126643,133598,143578,154773,167278,184910,181474,202558
5529,8145,17533,26510,32392,43595,53161,59317,69566,78912,91464,101729,111784,126232,132544,141637,156535,169044,181990,187951,204998
5530,16728,37350,46316,63023,81652,95506,104650,101839,114103,135282,141875,157642,167203,177652,187084,204237,202603,223140,220049,248360
5531,5824,10525,19151,26420,31688,39979,45399,52215,61813,71661,78810,90135,95861,104532,121319,125543,134369,150587,166861,167964
5532,8416,15219,23386,33234,40127,49117,56531,64935,74111,82386,95225,102030,118280,120417,132167,136389,148813,168089,167055,195187
5533,9631,18980,27563,39093,47941,57947,65112,74224,85252,95272,110986,118741,138256,141043,154744,160411,175877,200318,200265,227776
5534,20218,31060,60228,75340,71515,84731,95617,109758,129463,143220,152070,174063,173419,197018,194719,219621,216238,249393,249301,289831
5535,5109,12578,18300,25503,36632,39524,50212,58675,66426,72664,80189,93406,101168,126873,137709,140089,156463,171670,171498,195958
5536,7507,17458,23557,31618,43320,52808,60235,70574,77731,91099,97171,113606,115464,135520,150506,151867,170178,168535,194562,194504
5537,9701,21681,30495,39396,50938,61468,71211,83250,92012,109207,116279,134511,134506,159922,178596,180848,201975,202141,230736,232019
5538,18096,31004,42649,57844,72854,80346,93831,121320,152539,160782,170993,185488,198098,215274,213681,233218,269668,267507,268072,315206
5539,6080,14309,20856,31408,38892,48523,59888,64806,74772,78808,91256,102380,112217,129666,141494,141296,156342,175395,176732,200066
5540,7599,18317,25926,37760,49121,56339,68263,74675,81927,95253,103122,118890,120206,140924,140829,156988,175503,175272,201764,201787
5541,8928,20752,30398,43716,54635,62774,75607,84391,92575,109619,116872,136428,136819,159539,159626,176747,199372,200407,227518,228964
5542,16709,29043,45651,58260,65790,77337,86532,124115,145933,165180,176265,189511,203665,221400,220673,236949,236575,272253,273109,269292
5543,7633,15785,25740,35441,47481,57900,68787,70796,82379,86221,98212,112118,122223,130387,154106,155029,156140,192336,192989,221974
5544,7849,16384,26503,36008,47222,53750,66873,72758,81206,93476,98088,113682,126217,136070,149400,167480,168868,188557,189217,217394
5545,9526,19730,31853,43041,56005,63916,78856,86534,94092,109704,116713,132057,145642,156216,170848,194684,193302,217065,218180,247808
5546,17058,35315,43719,56235,81825,91558,103952,111727,131743,145949,152707,163617,177397,190270,205433,206343,225495,223152,253982,254087
5547,7382,14673,24897,33887,42551,52187,62604,70292,76074,82902,95809,100763,106583,125060,144888,133850,144957,160065,177906,180578
5548,7992,16276,27554,36721,44076,53953,63902,75035,82079,92874,106094,112771,122289,133169,143290,161949,160917,177467,176971,208601
5549,9959,20336,33471,44567,54030,65503,77367,89037,98583,114018,130646,139134,149399,162478,175581,195809,193251,219734,216934,245595
5550,14431,32305,45367,64194,76547,91175,101964,107153,126390,139676,147384,158194,169074,182994,197438,198029,214684,214615,243355,245685
5551,7386,13459,23436,34830,43714,49829,62388,69716,79665,86887,92049,105309,111827,119086,137109,137605,150685,165467,183907,209584
5552,8358,16401,25745,34797,47017,57085,65684,75630,86534,98614,104613,118657,129189,138890,150417,167369,168778,185813,186925,214746
5553,8724,18253,27455,37940,50218,61453,69622,79131,91947,106169,113319,129703,139611,150795,164334,183194,181182,203330,202712,231587
5554,14379,28832,47002,60378,67219,79964,90741,110900,133620,148386,157254,167960,182949,193571,209829,230352,230092,260474,264167,264584
5555,7192,14508,22152,30922,40516,49467,61428,67307,72953,80910,89544,97905,111214,119227,138960,138901,150867,149882,187220,187730
5556,8268,18790,28013,38791,48662,59445,70123,79947,87197,100492,113612,122238,131477,142865,156133,155117,172879,192458,192645,224051
5557,8721,19453,30185,41085,50596,61756,74167,85842,94405,109443,125315,135148,146182,159359,172826,175967,191460,213144,218319,212440
5558,18137,32085,45654,60398,74633,89165,101664,117316,139957,148161,165161,178074,192572,207171,225352,224102,245585,243682,276314,276561
5559,7070,14308,22013,30760,40260,48861,61244,66999,73240,77047,90435,98778,104573,119434,129693,129870,140152,151924,169733,168629
5560,8288,16915,28303,38757,48264,58725,66900,74725,86856,91801,105739,113603,121481,131388,142255,156618,172047,172285,193911,192361
5561,8927,18871,32428,44425,54325,67272,75986,88076,102391,108123,126690,134260,143634,154364,166567,181794,201388,200136,220952,222017
5562,18915,30913,47284,57189,62982,71719,85053,106494,120596,136721,143686,150993,172609,172063,184375,199324,218593,216171,242223,242074
5563,5979,14052,22710,32263,41611,50388,58400,66880,76466,80708,88724,93990,108667,115907,124322,134914,145226,157138,176868,175427
5564,8409,18578,26123,36673,45800,55683,69007,77855,86231,96244,110935,118745,126804,136703,146784,163132,179818,178034,200045,198921
5565,9303,20816,30509,42718,53853,66088,81690,94104,103712,116725,134904,144566,155101,165869,180062,198332,219495,218374,244625,243669
5566,16935,26110,41321,54734,72732,88924,100947,100987,109339,130797,136550,151155,162163,174261,186046,187505,202994,219965,221656,248993
5567,7518,16899,27879,39014,48660,55306,68850,79202,85503,93733,102789,107292,122793,130803,139546,138892,150451,174768,176303,194801
5568,8868,20035,32351,40935,50998,61973,71148,85676,97316,106748,122175,127573,144014,155636,167210,167979,181941,200140,201345,222675
5569,9430,21160,31370,43772,55288,66603,76648,86660,99201,109365,120636,139571,147697,155694,168214,181386,198087,216010,216888,242463
5570,15396,32741,40978,50144,68736,77136,94447,106785,120067,130029,157929,164915,173150,203125,202051,214435,236544,256087,256365,255494
5571,8480,16299,25801,33384,45517,52646,63803,68185,81606,84281,97097,102413,115699,122790,129940,137839,149675,162488,174322,174174
5572,9211,19335,30159,38244,47825,58915,71447,80704,87718,99656,110205,120179,134670,143297,154143,165989,166464,180915,198567,197516
5573,9231,20294,29275,40631,50702,62101,74712,84609,91920,106269,115628,126222,141194,150266,161942,175019,175455,193690,214461,213502
5574,15114,31306,38632,51397,64379,76594,91392,105562,114252,128676,154278,161272,169032,180596,192811,205785,226593,226222,243508,242874
5575,7133,13285,20998,29856,37831,48105,53910,61623,70210,76219,82172,90043,93775,107214,113969,121497,122411,131053,143111,155368
5576,8313,16890,26535,36473,46727,56795,63722,71039,81183,88973,97839,111463,117841,123987,133850,144776,156712,173722,174933,195171
5577,7732,15809,24241,33443,42480,50736,58000,66291,76213,83974,91433,106015,113286,121028,133105,142225,154956,170391,173768,192585
5578,15582,30090,37949,49563,60820,72502,79859,93420,106262,120578,139626,148707,157016,168136,184708,184529,202376,202658,231254,229909
5579,6022,11944,18919,26588,34106,41758,47917,55096,60755,67062,72799,80838,87833,93866,108359,118316,117715,127115,138912,155087
5580,18128,31930,44280,56330,70162,82783,91832,98831,109740,119159,128044,140767,148681,158324,166828,177733,177733,193966,193966,207955
5581,7170,13486,20984,29834,37938,46556,52801,56873,67690,74221,79147,88048,101798,107462,115648,123196,135222,146873,160304,177490
5582,9415,21288,32074,38969,46528,56157,67282,73082,85024,89455,105878,122002,133468,144571,156835,174817,174817,194292,194292,219211
5583,9413,18763,28422,39177,47651,59515,70695,77341,89643,94900,112146,129484,140261,151733,165518,186119,186119,207622,207622,233623
5584,16424,34763,48771,61308,63034,71350,81223,108257,111313,136686,156089,165120,177757,175804,190863,209452,209452,240537,240537,234869
5585,7265,14167,21638,30148,37413,46486,52362,62337,68377,71379,78494,90909,96849,103992,120653,120004,129528,129779,142193,157441
5586,8169,18435,27317,36937,47592,54338,66393,76981,85950,99135,106031,112897,121792,133417,145141,160587,160587,180735,180735,206961
5587,7870,17066,26289,34987,45368,52446,63990,73378,81610,96476,102670,109098,118840,128563,139253,155099,155099,172033,172033,196831
5588,24416,31517,43011,54202,83980,91156,106241,119752,148634,152521,165338,178247,189321,211776,229344,224976,261974,259463,310583,316809
5589,5209,10898,18116,24621,30938,38256,47800,52458,57674,63458,67899,72829,82929,87537,96292,103993,103843,114901,114683,129228
5590,8084,15968,25542,33801,42420,48028,58143,68034,78455,83887,99039,105957,116317,114668,129316,145445,144521,166948,165412,168712
5591,9154,17899,28500,37976,48654,55646,67274,78471,92746,97889,114925,124200,136021,135912,153098,168496,168227,194463,195526,194286
5592,24859,26040,60681,71177,87421,101052,109564,140161,144351,168901,180306,196556,214684,211332,245212,244036,284671,289548,287629,288865
5593,5368,12531,17889,24878,30621,41650,46059,52650,57865,60222,67027,75997,82722,88812,98379,98256,108331,109360,122355,136907
5594,6320,17266,25473,33658,40656,49937,58275,66188,76009,88770,96880,105900,119100,117986,135561,135860,158809,157815,156591,186395
5595,6602,16316,24941,33887,41657,51153,60621,69875,79920,94068,100863,109437,126247,123639,139354,138149,165374,163941,163264,191612
5596,15991,41367,56763,68233,63531,76632,94577,112998,121493,128764,141460,155913,155865,177485,209958,213881,213104,259802,258097,259652
5597,6232,11926,18860,26739,34777,45410,52911,57745,60754,66184,74336,83622,92610,98867,110546,124825,124753,125237,139646,140609
5598,8891,16365,25471,34418,49091,60449,70093,79987,95009,101950,106587,126035,126299,140274,165502,166204,165709,165386,194318,194825
5599,9334,17892,29885,38652,53262,64379,76901,89504,103737,111094,121640,138388,137196,152754,180533,180670,180787,180115,204982,204491
5600,18877,43119,50148,64238,78029,93862,115849,129111,138891,148362,157231,179654,179291,201133,207001,239082,238710,287019,287691,286674
5601,6626,12143,23319,32255,43529,50477,58316,61451,71492,75822,81799,87346,96577,115001,114075,128700,128701,128180,145809,168271
5602,8261,16322,28847,37952,46738,59084,65062,76463,88546,97221,115623,115586,130271,148404,147491,172262,173423,168449,196795,196663
5603,10177,20885,35315,46269,57539,73290,82061,96625,112305,121164,144944,145433,161629,180986,182774,204445,207578,204410,238819,239210
5604,16624,32681,50528,62509,66158,97957,124876,139224,146442,173212,185716,204977,223852,222807,258109,256543,311728,304013,309633,352838
5605,6460,14460,23411,32041,42683,50651,59035,62488,69431,75655,81117,86461,102036,113064,112781,124291,123239,122068,137520,152962
5606,8157,16499,26518,38634,47930,54768,63660,71174,83470,96901,106003,114938,126874,140884,141988,160288,159275,184010,181719,180987
5607,9143,19950,29556,42531,52256,60393,70764,78613,92943,105920,114379,125718,136567,151779,152847,171205,170627,198739,196499,195947
5608,18819,31352,38130,49066,78145,97084,109416,135425,142995,150280,177335,193214,190507,208566,240719,240360,232828,288394,284399,283560
5609,6855,16528,25856,36285,43569,53814,61574,64507,70635,74582,86025,91403,100079,107566,107507,117778,128024,126157,143854,158146
5610,9369,20061,30163,41045,48777,57879,69751,77615,88790,102402,109464,117961,130618,146951,146389,166039,165653,187641,189223,216754
5611,10103,20471,34114,45708,54906,66668,81074,89878,105661,121579,131839,140806,155554,171368,172328,192047,191079,220592,220722,251768
5612,20394,30147,52786,63334,86414,84839,95579,119616,125720,131127,147242,157907,175063,174258,189928,217542,213514,217041,253558,254418
5613,6638,16000,25308,35298,39240,54293,62429,64843,70962,78988,84679,88773,103248,112589,113294,112045,132973,132309,147953,149061
5614,8299,16542,25734,38779,45741,57869,68963,76082,86984,100190,104438,123047,123513,136554,151673,151506,170188,194883,192412,192529
5615,9261,18262,28283,41016,49173,62075,74309,81672,96145,110996,117942,138429,137992,151252,168422,166842,187509,216088,214474,213456
5616,15913,30177,52185,64746,61137,77356,88389,100048,121208,128567,144949,156764,172429,173733,189479,218039,214440,218569,255364,257550
5617,7387,14197,22019,30536,38846,49021,58093,62712,68416,72352,83238,88519,101748,112527,111300,111130,130039,132229,144575,146979
5618,8760,18698,27645,37820,51085,58694,69748,76286,87021,99791,106134,125608,136405,138393,152211,150360,167840,196231,192394,194603
5619,8482,18257,27459,37495,49386,56842,68680,76183,87533,100967,107994,128685,138464,138811,155270,155128,174097,198981,197913,198643
5620,15502,32598,38821,52145,72133,71674,81536,122679,134950,156025,168346,179230,197219,219482,215562,249586,192264,250438,224246,297221
5621,6578,12267,19297,26342,32487,45720,53943,53506,59352,61577,64936,76631,88116,87942,95324,95043,128505,116363,142093,128384
5622,8628,17510,26659,35907,47278,53311,60504,69034,79914,91200,99961,109097,119508,132818,132974,132993,150878,175054,170600,173431
5623,9314,18334,28172,37984,50988,55897,63868,75528,89484,101626,110358,120233,129247,144517,146188,144482,161685,186580,185149,186845
5624,15032,29347,44891,57202,59984,86209,97281,132197,150635,162378,172990,190133,207482,206741,241904,240461,277777,288788,272220,340453
5625,6926,13679,21452,29708,35616,44940,49526,56078,62972,65596,73225,78044,89232,96003,97666,105502,116006,115390,127341,129244
5626,8426,16214,24293,35406,44254,53001,61687,70215,80289,84907,93420,101080,110501,123379,123191,138140,160974,163079,160560,159540
5627,8483,16328,24324,34533,42461,50881,59777,70080,80147,86188,95302,102930,111970,125107,124312,137739,162731,159511,159946,160352
5628,15060,26824,38822,46848,74866,92565,107076,100089,118755,126752,140774,155765,154788,179527,210616,212624,268088,213492,312053,252671
5629,6769,12782,20516,27665,31138,38199,43874,52847,55299,64656,64652,69486,74215,88563,87925,103156,95762,103336,107429,129014
5630,9105,18793,28285,39086,46273,53393,65273,76307,80740,96448,95146,104860,116952,132082,130707,152262,149908,153803,149718,175014
5631,8002,16319,23624,32551,40663,47111,58834,67824,72766,85767,84844,93380,105993,118565,119508,135735,135072,134426,136662,156870
5632,13235,25473,46150,64534,80807,72566,86748,108792,116344,128204,141660,163946,162293,191501,189289,233570,226197,236958,224887,276251
5633,5633,10845,15802,21516,29186,38521,42200,44837,51339,54708,63200,62814,75610,83004,84014,92558,92608,92033,124447,143069
5634,9255,18774,24453,34369,40830,54743,61180,62725,76287,75605,94849,93698,104338,122141,120626,121628,120985,120086,172248,175261
5635,6823,13917,20404,29241,35984,48053,56166,59636,72370,72687,89097,88150,98877,117023,114005,117051,114830,113550,161613,165385
5636,23185,27697,54507,72146,68573,82785,96123,139840,154460,180751,215798,213663,252318,252947,254147,299356,232535,297364,233044,294617
5637,4410,10956,14332,20515,28127,35067,42578,40710,48127,48349,57012,56851,67566,77926,77753,79512,102881,88078,122265,120253
5638,8103,18722,23832,31218,41723,58641,63947,66502,74258,74127,83160,83733,106650,107260,106324,106003,158233,125517,159337,157276
5639,7865,17359,24033,33755,42924,60621,66686,71414,78873,78360,88462,87736,114560,114276,113912,114855,167079,133578,167142,166558
5640,24664,41322,46298,62164,87201,82653,100927,158329,188871,221227,222913,261267,259185,261834,297777,299427,224114,299740,223483,420190
5641,5042,13222,20054,28371,35409,46106,48127,47487,52021,55958,62177,67612,74840,84134,95638,95886,130697,132622,161190,131047
5642,8101,17479,29955,39910,49581,60284,71216,69180,76436,84065,85345,95302,111280,112897,131652,131486,165542,164742,197378,162792
5643,9586,19863,33250,45728,58062,66227,78370,78261,87008,95512,97376,107360,123512,124570,142826,142915,179693,179329,215436,177369
5644,22539,40063,39491,56833,69833,107523,125252,106019,116958,133954,157326,154586,193500,193876,195584,238489,281131,238093,236601,229923
5645,5375,12845,22012,30612,37661,42457,50498,50445,54266,63608,63485,69304,76631,85884,97238,112379,131693,133106,198262,157354
5646,8132,16497,28756,38121,47324,54135,62226,69004,74583,83127,82847,93450,107809,109320,128734,158939,156684,159475,192278,188448
5647,8248,15669,26097,36192,45665,51925,60870,66594,74320,83311,83903,95585,110898,110722,128905,159812,159539,161616,189125,188041
5648,21132,34548,38295,49957,85810,115071,135651,107255,122781,144619,143138,174422,176393,176231,215645,219385,268866,218824,219463,302207
5649,6050,12331,20103,28881,33285,37578,44951,53626,58982,63821,70034,78644,79233,88018,100982,122360,121729,149707,183154,181544
5650,9013,18900,31200,39917,49616,57828,68987,86094,85047,95281,109049,109162,108978,127208,155735,161188,158517,191963,192121,189639
5651,8586,15937,24972,34948,44048,51155,61043,77050,76995,86642,97900,97710,98105,115298,134929,139050,144390,176336,174926,174648
5652,13755,30729,43296,70057,98932,80427,97105,106615,119470,139978,165750,167165,165246,208915,208628,215248,223423,220371,222469,307534
5653,5630,11512,17928,23313,29458,35663,40727,49734,54839,60160,66496,76429,76686,103749,105673,106334,106555,164165,166335,160513
5654,10384,20073,28288,34349,43897,55545,65959,74535,84511,97509,94779,112054,111830,137510,140364,139857,140379,168614,170862,167504
5655,10334,20365,29199,38074,49800,58477,70744,78145,89837,104846,103901,121697,121145,148610,152047,148275,152538,180241,183113,179817
5656,15422,31648,56628,71408,84741,95317,102383,145204,174789,167768,195114,191732,236427,229903,230872,234633,203519,201532,300551,289733
5657,6001,13642,21313,26383,31785,41513,49023,52918,58486,64879,71578,82047,95247,113265,113114,113460,148751,179736,172891,178678
5658,11131,19648,28431,37929,53735,65866,71821,79688,90449,105486,102080,120221,149603,148757,148705,148723,180814,180739,179914,178832
5659,8436,18609,28924,38277,49749,66147,72409,82569,94449,109331,108249,127913,161155,154453,160754,155906,192114,195063,193845,192985
5660,15398,28277,56669,62137,72272,85169,106979,132912,158978,189904,213357,214667,215452,262228,260511,254647,214456,216527,214179,311449
5661,6479,14675,20602,29066,34274,44663,52884,58441,57551,63166,76038,87253,102805,102475,120561,120595,183590,183936,185153,184281
5662,10326,20472,27999,41311,52032,62999,76221,74891,84557,94642,106897,127339,125454,158333,158453,158796,189067,189360,191289,192996
5663,8533,19960,28614,40734,53244,63049,67982,76996,85846,97503,114488,132494,133967,130601,167888,167604,199027,199510,198233,199338
5664,22865,31014,51931,60622,79065,106494,124055,118265,136331,161870,151732,156735,186518,190331,189969,226484,221574,221557,223571,233412
5665,5334,13945,21181,29122,33817,42080,46339,58890,57729,64139,79082,92364,91245,109078,107831,127848,153954,195766,194916,198511
5666,8135,17226,26019,38570,49716,53972,63890,84389,81889,92506,109431,130673,128514,130381,163952,161634,159711,194553,195224,197917
5667,10414,22909,31523,47263,60028,66739,78468,99190,97849,111353,130909,155546,154382,154097,186371,193172,190957,228646,232004,231109
5668,22585,39619,43117,59130,75844,100819,116663,111390,123416,142292,163008,166776,161525,201057,196322,195521,244717,244541,243628,255030
5669,5488,12369,20451,29920,34684,40345,48631,57698,63851,69343,75540,86598,99088,97928,114428,134635,130725,163491,162980,200947
5670,31558,51988,71994,83058,101276,113375,120815,136804,149127,149127,161572,180060,201824,201824,201824,235694,235694,235694,275782,275782
5671,5954,12557,20086,28857,31697,37570,45529,53166,56640,62748,78412,87568,86764,99608,117734,136992,136992,136992,169225,207503
5672,9250,20386,30575,40901,47490,55308,66929,81922,90412,90412,121356,120215,120488,140706,175408,169613,169613,169613,207561,207561
5673,10970,22763,34957,48860,58500,66621,79781,95787,107239,107239,137819,138071,140462,162559,200803,195410,195410,195410,241239,241239
5674,28328,53218,48786,81386,104788,107406,126520,121414,131213,150807,151042,176051,172500,207519,207519,211055,207458,255493,264359,264359
5675,5881,11197,20887,27406,32582,41248,49223,56631,69410,68560,84181,83339,94627,106778,106778,123171,143498,144423,141492,173606
5676,7038,13605,27179,32440,41194,53091,64093,76570,85719,96333,109938,124641,125228,144616,144616,178276,176497,178100,173753,173753
5677,9657,16711,29940,37164,47708,61301,71134,85404,92732,105040,120029,139860,139889,161493,161493,198038,197798,196458,198102,198102
5678,15255,36058,42945,79828,96935,88870,106486,163792,178626,176907,207484,204379,239861,281678,281678,270680,272232,321167,320886,270687
5679,6482,13636,23134,28343,34804,43939,50488,58328,67925,74035,82656,91240,103251,103441,103441,116912,135128,157337,156564,159160
5680,10137,17822,28506,33617,44759,62981,73860,76434,83783,92633,104373,117690,135697,135436,135436,156204,156238,194232,193377,197121
5681,9275,18304,27188,33924,44041,62147,71802,78972,84841,93452,105903,120248,139972,138306,138306,160899,160468,196849,197823,196748
5682,16790,28737,66696,58389,71380,87848,102831,146927,162308,179660,207164,201195,249335,246976,295452,295035,295937,292072,332915,275800
5683,5664,12826,18174,24955,33182,40676,45172,50404,57527,63266,71178,77980,86816,87182,96103,95830,126476,125769,127652,149335
5684,9440,19360,25631,37001,46287,57211,65636,72585,77188,85786,98803,112720,111758,131435,125383,125640,147289,184637,190109,185976
5685,10518,22896,31208,43420,53475,66780,76600,86009,93307,103261,118678,132803,132149,154174,153559,154787,178950,219832,218505,214560
5686,31367,31167,60131,60403,74047,129078,149936,135627,145672,160292,165109,191536,190895,227527,216748,264304,265180,262182,323247,273768
5687,4695,12438,18038,24901,33343,37856,42590,46272,59780,65021,73469,80530,90336,79596,100266,97252,110169,110894,128640,152167
5688,7319,18053,24601,38799,48753,54250,61410,77433,81535,106459,106442,120187,140266,118406,135865,134044,155570,156260,194285,192974
5689,9058,20720,28579,43815,54500,64770,75889,90317,95460,121306,122850,134895,159310,136297,160102,157655,183139,182702,230174,220955
5690,24289,49199,49823,56122,68549,108219,131191,123765,142721,166483,166846,191305,192574,225198,223121,268576,267046,265932,264961,361603
5691,5608,11909,20314,29096,37023,42949,48418,55120,65245,77583,77801,84993,95430,95048,117947,118274,133944,133615,132249,174022
5692,7502,16365,29724,37023,48614,53620,67736,80889,96050,107558,123052,119896,137162,138772,159155,158751,184684,186656,183028,220009
5693,9094,17178,27226,36839,48317,55050,68385,81103,97859,110146,108024,122676,138532,140607,163398,164279,190973,188579,189511,233538
5694,16895,42103,45466,74847,93870,91408,108776,115287,121816,136566,153636,150275,178308,210212,210946,210491,210744,257020,248180,305981
5695,5797,11990,19632,25206,35216,39860,44246,49535,63666,67827,75035,81260,91373,89326,100515,112676,128224,128268,127009,149208
5696,9022,16308,28696,33562,42984,56533,66513,77950,85814,93369,103288,114654,134314,131204,153337,151760,179766,180132,176949,178564
5697,8773,16692,28009,34907,43477,56243,68015,79609,88103,95585,104546,117120,133950,131095,151860,152230,178076,178729,175808,178791
5698,15678,30256,40585,71898,87454,86317,103000,153298,164687,180526,200411,227664,231074,266204,266208,265172,264863,323863,311499,290733
5699,5519,12655,20972,26894,34321,43164,48058,53157,64342,67962,73092,88015,86827,97928,108139,119753,120016,120512,136613,162442
5700,9142,18773,26353,33901,43174,48409,57148,63658,70060,73908,86086,88850,94632,98533,106501,111249,119862,119862,125221,132052
5701,1337,2555,2729,3036,3247,3469,3776,3753,3993,3989,3984,4286,4302,4323,4540,4535,4568,4568,4603,4582
5702,2386,4051,4066,4318,4462,4730,5143,5124,5458,5415,5456,5908,5863,5848,6265,6220,6317,6317,6334,6357
5703,2427,4342,4370,4728,4994,5436,5234,5343,5758,5746,5735,5768,5666,5760,5687,6234,6278,6278,6267,6217
5704,26925,63227,62295,61193,59124,59698,55415,52378,53703,52244,47767,46888,44116,43082,41237,44150,42420,42420,41285,40159
5705,3141,3550,3788,4069,4388,4607,4613,4664,4933,5357,5367,5433,5428,5453,5424,5872,5999,5999,5917,5967
5706,4640,5012,5392,5691,6197,6702,6749,6746,7166,7934,7925,8203,8069,7973,7984,8757,9021,9021,8868,8824
5707,5098,5769,6305,6865,7400,7865,7939,8090,8665,9335,9264,9225,9534,9296,9457,10081,10111,10111,10329,10217
5708,43597,46825,49820,52121,54191,53529,55344,51764,53846,56270,55842,55371,54808,54240,54252,56838,56485,56485,56366,55861
5709,4090,5076,6315,6926,7883,7841,8575,8620,9435,10267,10026,10227,10085,10173,10223,11296,11407,11407,11305,11245
5710,6286,7634,9888,10902,12742,12553,13900,13984,15091,16376,16330,16352,16268,16208,16286,17701,17774,17774,17636,17780
5711,6880,10271,12771,13492,15529,15659,16768,16928,18251,19447,19475,19460,19350,19599,19501,21090,21408,21408,21019,20959
5712,28953,44241,53797,57140,59579,59367,61898,62355,61391,66204,66133,65777,65896,64915,65868,68505,68564,68564,67975,68504
5713,5780,8252,11613,12610,14865,16321,17972,17882,19725,19415,21666,21392,21727,21502,21493,23680,23225,23225,23633,23478
5714,9272,13545,19149,20980,24344,26446,28974,29207,31656,31108,34884,34397,34910,34381,35211,37474,36772,36772,37410,37164
5715,10788,16451,22549,24646,28497,30378,33523,33670,35152,35755,38293,38489,39508,38676,39516,41806,41849,41849,41142,41248
5716,19277,38672,56664,68529,72106,76309,80482,80934,79838,79558,90689,89318,90641,89982,90502,96041,94648,94648,95693,95958
5717,12005,17733,28437,34506,39707,44415,48286,47325,48725,49533,52751,53329,51905,53229,52719,54532,54912,54912,56166,56017
5718,8957,21731,37888,46599,51245,55725,58917,57523,61224,61741,65577,66401,64115,65209,65613,71517,72191,72191,73746,73448
5719,32053,65144,90312,108312,114549,120760,125648,124000,129131,129441,137458,136960,136471,136842,137870,147466,148937,148937,149903,150085
5720,40220,43752,73726,53669,62988,76102,95906,113872,126519,145668,155205,167984,165533,166493,166836,178759,182023,182023,181850,183133
5721,25011,50748,53139,59569,71794,85476,99454,106669,110615,115313,125034,130402,129578,130113,130764,135992,136107,136107,137823,136733
5722,22404,45649,45544,54093,69294,82142,94826,110064,119108,135211,142978,160498,169576,170446,170987,180390,180662,180662,183659,182587
5723,20908,45120,42479,53758,68890,81198,94560,108418,116386,129449,142618,149498,159060,168439,169878,179831,180132,180132,181130,181191
5724,33933,87218,82076,110271,89319,110634,125269,147523,171425,188561,198310,212584,222773,238875,254984,275633,300569,300569,302898,340051
5725,18390,38015,59235,53778,65125,76308,93188,102350,110567,122345,136254,143168,147856,165655,165918,177617,174859,191347,192511,191639
5726,17923,34763,58545,52451,63674,78317,91129,103197,115130,128866,145255,151931,158345,182095,192881,192981,208806,225221,226437,251834
5727,14112,28593,49493,47069,60996,71210,81445,96792,107679,114428,126051,138369,144993,152327,161473,171824,187072,200702,201215,224887
5728,34772,50174,81924,79295,96009,82349,93694,108624,123456,137162,149626,156568,174672,186147,198512,198586,213569,234483,235383,262730
5729,11120,23642,47515,49968,61497,74499,86290,97116,111040,119698,134042,145880,155293,163905,174393,190546,204103,203320,227911,226813
5730,10603,22724,43048,48766,62779,73215,89096,100993,116587,126014,141238,156323,165197,175279,186904,203001,217092,218027,242056,240324
5731,7738,16225,35276,39342,53710,67361,78622,94716,113197,128146,148022,152508,172790,182651,195630,216490,235578,235671,263240,263100
5732,13974,24495,44617,56275,74576,86743,106034,117360,131004,154332,169788,178544,190304,217726,236125,235060,252822,281352,283801,324778
5733,2468,5353,9633,14250,24231,31591,37732,50293,58607,70082,76713,89844,97044,117138,128963,127714,142777,161819,162092,187333
5734,2931,6790,14100,19615,28704,35705,45975,53432,61822,77924,90864,98477,108076,130877,148721,147095,164392,190540,190078,189723
5735,2497,6452,13634,18362,27563,34355,46248,56006,65797,83355,95736,103776,112379,134577,151417,150762,171885,194377,194659,196887
5736,33838,53587,62798,80734,84231,89553,104236,125182,146917,156648,170452,169623,191766,185927,212020,210245,252554,252709,252024,302444
5737,14038,26640,49122,52570,69579,85467,100490,113210,136792,153999,175037,184769,203709,203700,224849,226051,251179,249877,288452,284028
5738,7514,15274,25220,39902,55447,72240,85429,99474,115475,123731,143669,156211,169473,187709,188031,209304,208307,233454,234882,268509
5739,18268,36651,53242,73493,93918,110396,125771,141887,159449,174891,182350,203558,216377,217234,237622,253781,257484,286269,280709,283940
5740,22315,42839,64574,91618,76893,91869,108965,126629,138012,153710,169643,180235,204081,204585,221087,241597,266441,263607,264256,265440
5741,9459,22595,34017,64400,67896,78518,95558,109743,118525,127976,148654,155562,174472,186560,187350,202888,218547,218126,244304,241957
5742,9901,21854,32827,66292,66448,77764,93799,111357,118534,133665,149916,165815,175537,186731,199210,217021,234359,233515,261895,259251
5743,9358,19431,31186,60022,59583,70691,84001,99571,105925,117457,137206,142436,158135,167270,178329,194215,208734,210706,235397,231776
5744,21994,47590,70458,118241,117838,92916,110134,127915,137937,152528,175473,183606,203760,215434,230616,229502,248954,268586,269836,268063
5745,8816,18215,27461,53253,53233,65119,74868,90348,99438,107242,123382,133661,140721,158821,171581,188998,201136,200063,201632,224594
5746,9301,18919,28465,52443,55214,67672,77331,89948,103803,117021,130663,143829,163246,172421,183215,200731,216964,217320,217234,242226
5747,8555,17733,26921,47753,53555,66164,75804,88793,101448,113069,125812,135433,142985,158749,170543,186810,197943,200634,200248,218644
5748,28949,41565,59304,90992,104795,80643,96566,105968,125770,136154,151534,165802,186479,197313,211280,211058,226718,249256,249069,279742
5749,7205,18920,29055,45868,68628,68925,82335,94891,105254,118244,130000,142048,156272,166310,177727,191725,205802,207012,228069,224701
5750,8601,19496,29951,44133,70234,70271,84582,93182,109151,122304,135771,149091,165024,175420,186730,202588,217405,218967,240197,233588
5751,8010,18852,27194,40413,66328,70196,80428,94098,104591,117317,126349,148154,153785,171771,185647,204250,220122,219444,242422,243741
5752,22741,32075,50408,71129,74683,78816,90384,104212,119660,135156,150901,167017,186674,198817,214616,214480,232531,256693,256744,283519
5753,9336,19622,30548,44653,63416,72592,84233,98465,113100,127956,142864,153506,174096,185113,195667,211553,229703,232245,253986,252844
5754,8518,17874,27844,38214,56057,68352,79522,93578,103695,118302,127304,140872,158310,168421,190920,190667,209820,228972,252038,253112
5755,9314,20051,31625,43686,62768,72676,88054,101814,114788,131005,141542,156039,176258,186928,200145,213571,234569,279804,279639,281554
5756,15681,26972,41932,57441,79822,86780,99431,121414,131903,147033,169943,181938,195271,210961,235392,236122,257603,281285,278530,313187
5757,7570,16092,24943,34603,50379,57689,73331,86548,101356,112882,121909,136890,151224,157676,178265,179307,196828,216507,233149,263725
5758,5074,11780,17120,24068,38242,47376,58195,69417,83431,94938,103709,117695,133019,137799,159148,159417,178076,197635,218259,251463
5759,8408,19976,28088,38891,54059,63554,76292,88900,102207,115769,125976,143818,160953,170379,196522,196150,210951,230287,250125,279505
5760,16761,24904,37868,52092,66379,82034,96227,104827,119315,133245,149428,164242,172897,181723,193581,207372,233179,233440,251168,283360
5761,8679,15880,24616,36868,53301,60225,69125,84123,101504,114877,125317,135906,150425,155754,180482,194763,196741,215363,232031,256794
5762,6257,12479,20181,28567,40380,53401,62313,72718,84807,97588,107543,117277,132548,136642,150282,178249,179862,199498,221161,250868
5763,11839,22373,33871,45784,61213,76444,88201,99059,111806,125342,139707,152245,168989,176452,192389,217144,220595,243136,263394,256850
5764,14272,32533,45499,59968,76859,95485,109186,120088,132016,151937,168702,179691,198913,209809,226551,242835,264083,267143,289971,317201
5765,9101,15824,25494,38313,52450,61927,71944,86867,103280,116204,125990,141735,148378,165198,175226,187531,202446,202279,219140,237192
5766,5126,11788,17913,26189,38027,49690,57821,67779,83148,95174,105001,110339,125012,141956,152877,166422,165228,179738,198260,217659
5767,10771,23655,33073,44659,60527,74534,86463,97822,113285,127974,140741,147433,167055,185885,198576,210843,211416,226936,248519,266363
5768,22288,30463,45833,66513,79498,93284,105919,123691,132307,150527,162921,185690,192913,219461,232733,231620,247913,267466,266010,285907
5769,7537,16339,25578,39508,49395,64654,75742,90746,101400,115025,124883,136645,146155,163820,172532,182288,196722,209410,229719,227886
5770,4765,11300,18869,28004,37039,49870,63346,73780,83218,96554,105274,116617,124738,142863,150930,161763,175835,190284,208990,207461
5771,8999,21781,32241,45686,55947,71455,87735,100026,110367,125074,137485,149590,159555,178949,188162,198424,216233,232617,259705,255544
5772,20142,26955,40706,52308,67571,85743,99182,111668,118736,135930,147305,166266,172953,192926,206337,218514,235541,254124,253724,276141
5773,8565,16284,25895,36288,53065,60206,76523,93558,104512,117880,127997,140607,150690,166443,175709,186630,200629,214283,213536,233288
5774,5156,13916,20357,30709,42580,52913,64598,77819,89982,95552,105956,116470,130951,147780,156616,168675,181218,196353,195468,213131
5775,9460,23357,32151,43702,58850,70947,83889,99476,111242,119368,130298,142739,162103,181670,193446,209723,223060,240912,242527,263672
5776,16962,30335,45955,58676,76478,87185,102466,115510,130398,135188,154484,172132,182879,198160,210268,222183,225377,238918,258873,257977
5777,7883,13484,21239,32447,43714,53893,65583,77805,89164,102666,112417,123227,137968,144533,154657,174051,174837,186177,200241,220926
5778,7852,14677,23556,32942,45412,56430,67171,80057,85729,99220,108734,118818,133812,141083,160361,171456,173210,184442,200712,221008
5779,8957,16713,25578,33552,44967,55414,65902,79271,85391,97580,109277,119288,137419,147145,166219,180059,179968,192889,209748,233532
5780,15604,27282,41101,53390,68843,81635,102971,113614,122075,131866,149905,170556,181149,190880,202861,214318,232758,230447,250334,274320
5781,4919,10249,16945,25415,35072,39743,53543,60628,70036,83156,95660,104992,114781,130971,139698,151665,150959,164642,179494,199214
5782,7505,15242,24402,33014,43112,53246,62906,73184,85145,94535,102437,116658,124171,133156,154983,167414,166497,184235,204073,203866
5783,6576,14136,23030,30754,40366,50483,60570,70508,81706,89510,99133,115630,122726,130833,151364,165696,163839,181438,201820,200746
5784,19595,35463,53010,67133,83533,107293,117352,131903,140219,154779,187105,196252,210316,224479,238919,237516,262170,261778,284777,283524
5785,5615,9440,17179,26040,35238,40393,49690,62423,69058,80343,88571,100610,114925,123976,132467,142995,156165,156347,171698,172414
5786,8630,16717,24301,32881,44805,56331,65537,75206,86706,97076,104401,119260,127266,137411,147345,161803,160853,178837,199457,199686
5787,8237,16748,25437,32896,44020,57126,65974,76057,87525,97818,108769,122965,131187,145143,155263,168225,168023,190412,212185,212182
5788,13359,32248,43854,60725,75614,88355,101583,115596,124984,153789,159441,170047,181006,195148,212963,211797,230671,230763,260118,260640
5789,4822,9879,16683,26979,37486,41885,51931,62783,72421,84590,92545,105126,110835,121752,130411,142278,159400,159074,180429,180398
5790,26082,44833,65075,85757,104828,116433,127773,143786,161234,177266,186890,199186,209941,223586,243984,243984,262361,262361,289784,289784
5791,4611,9658,17752,26941,40244,58635,68666,64856,74428,81999,95130,107492,114961,124527,147275,147275,165841,165841,184104,184104
5792,8267,15986,26420,35730,47286,58977,67910,77200,86381,99332,107127,113085,133640,144961,143848,161254,183770,183770,207700,207700
5793,9321,18011,27904,37403,48575,60679,70772,81587,90040,106174,113406,121456,142743,157869,158862,177570,199288,199288,224725,224725
5794,34496,32891,48591,60576,70601,86871,100029,113807,139374,146549,157896,168988,181253,199482,217194,217194,251356,251356,245864,288652
5795,4015,10215,17861,27080,40428,55314,67382,78249,76574,87953,101829,107505,129325,140911,157070,157070,175895,175895,201572,201593
5796,6874,17531,28996,38645,50518,61380,74297,81094,92481,105130,112867,122282,132663,144445,161554,182904,183146,183146,207372,208320
5797,7860,18906,28653,38394,48717,59041,72527,81418,93224,106657,113280,125881,136461,148364,167348,186772,187486,187486,212438,217918
5798,22198,35647,47159,62789,73555,94633,107980,124482,135428,155608,167532,165639,199647,197117,214306,214306,248965,248965,295993,289966
5799,4992,11078,20431,30153,46095,60553,69598,80294,92491,104122,111637,124037,126700,146723,163379,163379,180644,180644,207928,209840
5800,8997,19523,28941,38040,51137,61604,74208,81070,93011,104298,111534,123864,133871,146424,162271,162271,180217,180217,209230,209394
5801,9500,18769,26403,35360,46214,56244,68495,75363,87143,98062,106573,115467,126550,137829,156251,156251,173860,173860,204879,204388
5802,15497,29062,44227,54436,70617,81232,92675,114382,118897,134536,146489,158881,175871,174518,193511,193511,219246,219246,253709,256370
5803,4943,11988,21957,32331,46207,57097,70025,76074,87732,99901,108058,117300,131332,144143,161575,181761,177401,208313,205102,205839
5804,8650,19167,27321,39225,46108,59452,68986,78613,92606,96978,116957,126696,127813,141276,157801,181282,176439,205879,201842,202319
5805,9265,18464,25811,36314,43703,57307,67842,78609,92405,98185,115804,125772,128257,140149,157927,176127,174660,204739,203650,204127
5806,17929,49541,70080,83865,99472,122616,140589,158070,175831,184365,201410,214326,241283,238614,261265,261265,299538,299538,346501,345938
5807,4920,11255,18915,27909,37676,51580,60508,69962,85492,90368,96686,114383,124128,136539,136137,154860,153109,173311,172205,198215
5808,8589,15979,23075,33737,44083,54429,62784,72886,83950,95540,103060,113305,122949,135695,152240,152240,169437,169437,197229,195645
5809,9190,16907,24560,34201,43546,54543,63414,73754,86371,98868,107026,116553,127715,139441,157072,157072,177856,177856,204590,203883
5810,15391,45452,65373,74026,88160,102065,120568,136803,144213,165039,177378,192398,207046,208197,226597,265132,261336,261336,305070,309061
5811,5343,10111,18355,29069,38776,51894,59845,69408,82031,93273,101029,109889,120465,133796,151211,151766,167319,167319,192397,193199
5812,9274,17257,25532,36094,47187,57228,69349,76844,90738,96172,114256,125198,138493,138208,156583,175293,175289,204738,202436,202819
5813,9092,18198,25287,35905,47569,57474,69669,77070,92617,98665,117213,127054,139308,138625,156379,175563,175706,201694,198168,199867
5814,19707,27301,41101,55337,66642,86178,98430,114327,129225,139166,149907,160853,180049,179354,196859,195950,229587,229587,270114,270659
5815,4740,10988,19742,28719,41604,56811,66728,74471,87814,102411,111820,120701,132165,150325,150259,171818,169161,199046,196790,195688
5816,8278,17869,28518,36951,44546,59267,69852,80660,85260,99382,108923,118903,129763,146754,149059,168323,166425,196567,196547,193966
5817,8932,19924,30505,40601,49678,65441,77433,91833,99141,113577,123840,134115,148061,167163,166684,188593,187798,218998,218688,216986
5818,22909,30639,47143,58863,73864,94826,103115,119152,134241,145208,155674,170504,187727,187692,210022,208859,240409,240409,237710,278723
5819,4469,9983,20129,30704,39908,54622,62901,70958,83765,90116,106214,115310,127385,127177,144546,143124,160380,160380,187628,184080
5820,7377,16591,27033,36407,46376,57190,66818,77862,81832,95925,104061,114816,125979,144427,143196,163342,160590,189022,192195,216971
5821,8734,19922,30128,39239,52216,64212,75332,87946,93567,108799,117137,127916,139397,157446,157703,177440,176604,206424,206295,236809
5822,15010,28959,41347,54606,63530,78987,97739,109869,115485,125064,133823,199632,160468,179237,242048,287108,279617,279617,343188,330876
5823,5236,12102,23981,34171,44757,60436,69362,77058,90640,103767,113279,111429,135774,153137,150538,151177,171998,171998,173585,200471
5824,8923,20141,28095,36628,48188,59516,68268,83487,88888,102071,111257,120369,134725,151874,148906,147876,169476,169476,198776,196526
5825,9497,17666,27523,36210,46961,57814,67640,83490,88348,100399,109523,120166,132345,147977,148439,149273,166223,166223,195049,195081
5826,16061,37501,53722,71190,89473,114054,121922,142405,162144,173432,190673,212534,224898,222407,251724,280806,288124,288124,329761,333392
5827,5843,11227,19821,28078,39903,48676,59081,65813,76840,88456,93752,103121,112308,123764,121284,137332,155071,155071,154178,178925
5828,8068,15626,25345,32747,42670,53157,62343,69639,81399,86355,101456,111769,123039,123498,135154,153788,153057,179574,178663,181577
5829,9629,17811,26360,33890,44761,55672,64450,71720,85681,92264,108368,118117,130430,130014,148562,167340,167578,195108,195435,195094
5830,15453,51534,79542,91109,101769,120282,145984,158424,162993,195356,203537,138902,220175,241425,170078,198089,200382,247923,243177,243558
5831,5510,9833,15407,24582,35707,47081,55024,64535,76084,80588,91622,115380,111802,123143,142608,162198,188366,184249,184404,218327
5832,8008,14699,21410,30748,40883,51053,59919,66763,79732,91776,101037,126521,122092,137035,162851,160414,188822,184735,181666,214259
5833,8466,16129,23378,33541,44250,56864,65022,73025,87593,101657,110338,134071,135979,153630,171721,170994,198505,198283,196852,227717
5834,13980,29358,39698,52472,61735,78600,95552,106437,112446,130539,140102,169337,155076,174205,219976,211206,214496,256750,254037,254683
5835,4271,8920,15988,24495,36002,52800,58184,65155,78237,83806,90200,108620,123028,138629,137739,157489,184431,183977,179877,214393
5836,7714,15432,26579,37406,45935,56054,66189,77460,91313,99728,110094,121235,140739,139809,157907,158841,185048,185293,184347,213969
5837,8339,15686,26243,37549,46464,57250,67901,81533,95973,103818,112818,126656,143203,143161,161842,161336,185238,185900,186032,219143
5838,20338,30841,44457,55387,71403,86778,100794,113469,124551,147047,145134,147540,161844,182106,254587,189127,252684,249407,224593,302136
5839,3821,9129,17441,26830,36004,52776,59272,69496,79229,86104,85700,104106,115241,131075,113561,150423,147848,171389,172717,172227
5840,7389,17287,30750,39785,50092,57902,71760,82220,88347,95339,106055,119420,135193,131749,149077,152631,175208,176371,207282,204556
5841,9141,19595,29394,41181,52954,62472,77446,88840,96367,106204,118365,133391,150816,150302,169176,171121,199058,195968,230068,232543
5842,28290,32438,41747,56749,68356,82381,97566,110092,118875,140015,141357,197285,177759,170625,276965,252829,277050,333381,304523,320093
5843,5796,17205,29066,41242,55597,70709,78255,90123,105738,113146,124229,135994,148104,168125,149629,191486,167815,188694,217719,220092
5844,6455,17725,28168,40107,49848,60511,71758,83190,90247,105561,117307,128342,141018,162036,159715,161356,183140,182503,214522,216293
5845,10035,25174,36002,48562,59596,71340,82546,96899,103113,120067,129473,146191,157873,152190,176340,177877,199161,199798,198169,235782
5846,23036,33407,55221,73349,91396,109601,125625,136044,153825,175100,187820,224024,202787,235786,210985,288599,230557,263530,322260,265067
5847,7982,19981,32555,42186,52199,66466,77983,87169,96463,111126,118023,118042,136062,149434,152171,162187,165726,204938,183452,236731
5848,4717,12175,18665,28640,37852,43763,53259,62181,74128,81297,96071,93722,114045,125135,142306,138036,160657,181858,156808,181131
5849,11136,25609,38152,51706,65055,73733,86658,96780,112894,126198,143960,142144,168049,178860,195528,188725,216115,239320,220657,241261
5850,17142,31392,60811,83709,102114,119807,134710,156100,178464,186317,209431,166988,244050,262476,214479,227945,237436,259247,251056,295962
5851,7802,16242,21304,28561,37146,48498,55940,64752,73806,78748,87234,102575,108151,119776,125627,141882,147416,183280,165274,184863
5852,4996,11380,15987,21917,30663,41116,47914,55027,64034,70825,81608,97534,95363,113888,135924,145204,151450,169743,166485,196601
5853,10752,21998,27288,33781,44723,56218,68300,75093,86552,96212,113100,126879,130014,147836,167105,181634,180629,203880,194797,219015
5854,16354,41397,51928,65792,75685,85724,94888,105991,128150,142058,149176,171264,170151,184927,182604,216706,223071,219072,240735,292126
5855,8399,16238,26558,39509,47785,61371,71128,82769,91726,94934,107795,114399,122033,136484,141219,163132,158419,182120,180826,198749
5856,5611,9820,20298,30405,39679,50966,58397,69943,76350,84928,93577,108097,117491,130191,132917,159210,159814,159614,182227,205439
5857,12121,20504,34824,46807,56261,70957,80315,92083,100007,109172,121371,136868,145241,156939,159381,186663,187677,186380,209860,233079
5858,15855,35768,43886,60354,71848,88991,99173,110798,129459,148287,158119,154212,192432,193968,226157,207273,242856,266482,230012,280779
5859,8202,15600,27449,38121,49837,64090,71904,80792,94287,96503,103205,115888,115236,126981,133165,165286,154937,165256,180142,180970
5860,4356,8223,15898,22080,31712,41896,48276,57117,66492,73823,86624,91234,108297,118703,120398,132336,132157,147004,168219,167679
5861,10878,21627,34863,44258,56870,70579,79060,90299,102678,110772,130277,135214,153629,164480,171451,182686,186306,200606,218785,224068
5862,15474,29694,46499,58927,75059,85558,99962,112329,126170,149938,157747,181871,173728,177513,229196,223581,262337,285445,267289,248693
5863,8437,17691,27507,37734,48011,61222,67485,80853,91882,96374,107366,113869,118391,134200,128319,142671,158096,170533,181086,184835
5864,6473,14714,19726,29100,39039,46797,56672,67802,74177,85281,89242,104600,114321,117641,123357,144138,142249,158412,177779,180010
5865,9028,21431,30733,42283,53161,63007,75455,86001,93230,107527,113261,130117,139895,147886,148904,174163,175232,190997,206728,207791
5866,15777,28147,40617,49689,63349,91976,103497,119294,131675,153010,162660,184040,185081,202913,205606,221161,219902,220571,265314,253155
5867,4873,9149,16492,26079,33094,40585,47988,59889,66749,72326,76222,85673,93027,105648,100904,114226,122827,132599,134477,149589
5868,4734,11035,18285,25300,33045,41527,48312,55280,65044,71965,78171,92067,100969,108722,122646,132859,131605,148905,150577,174890
5869,4639,11064,17004,23749,31320,40695,46950,54738,63005,72038,80560,94113,101195,109566,122118,135306,132187,150106,153032,172093
5870,28882,35359,59262,74347,90065,91641,108923,122361,145279,154049,170339,170171,206184,204951,221123,205182,250951,246112,232510,336980
5871,2980,6945,12730,17776,25472,34395,39611,47261,55493,58480,62100,74749,73230,86330,86665,96216,104830,116853,117236,116030
5872,5255,13806,21734,29763,39411,50106,54989,64425,82269,89861,97502,108922,107140,136112,136054,137591,155793,183872,182665,177852
5873,6816,17436,27002,35374,47068,59412,67024,79713,103859,111059,122849,136738,134086,168428,168627,171034,189918,219943,219567,223167
5874,27779,36162,63188,83660,93644,90334,98904,122363,141509,151927,165853,172691,182464,204595,219403,245478,216343,218452,290242,298640
5875,4039,8839,15584,24067,30484,45250,49852,54242,60668,64157,70151,82166,81481,97092,96783,107379,117645,118502,133059,131768
5876,6415,16412,25980,31157,42641,53980,63671,79329,84613,91235,99630,111243,120875,136095,134225,157534,156352,182384,182398,179486
5877,7878,16823,25023,31379,41816,52121,61846,78933,85734,92771,102585,112356,127061,141066,141452,160762,162544,189228,188526,186217
5878,18410,41199,48778,57490,69774,78323,100095,111755,118743,129924,160873,150559,175572,178546,233399,186544,287230,289893,229150,299454
5879,3742,10507,19015,26997,36210,49032,56884,63256,67193,73547,84147,91630,100031,111919,99626,120883,120067,137065,136999,135905
5880,26514,51030,67902,87730,108766,124734,134961,150772,157754,175627,186497,197258,209890,209890,209890,230984,246672,246672,246672,273768
5881,519,644,948,1066,1054,1237,1603,1636,1735,1856,1933,1987,1995,2114,2114,2636,2486,2486,3111,2674
5882,7012,16226,28336,38479,45834,57281,63674,72954,79786,95774,103733,116603,133159,133159,133159,179696,177850,177850,177850,175736
5883,7517,16466,26309,37404,46333,60931,69666,83493,89060,107677,117211,131320,146929,146929,146929,197854,196607,196607,196607,193623
5884,31712,77226,62156,77116,102311,131120,150390,174173,189532,207781,199998,287032,229309,262429,322603,340244,369203,369203,390320,398460
5885,3270,7017,15249,24507,33579,42250,50199,53128,61619,65766,71671,78714,86789,95404,94301,105737,105740,121914,136988,134175
5886,5464,11820,26781,34915,47012,50605,62232,72443,87513,95855,106825,105309,121766,139584,138637,137971,162600,162600,192751,189610
5887,636,989,1326,1697,2192,2606,3463,3648,4181,4051,4436,4253,5568,5943,5860,5883,6950,6950,9514,9256
5888,58566,63899,93149,93305,122424,176599,207590,222332,257555,305670,307136,286681,299449,351436,302799,339776,362404,362404,389178,381183
5889,4147,10295,21224,33016,44216,51780,57586,68237,74143,74025,86890,97976,106601,116870,116667,133331,132036,152079,176167,171236
5890,6811,18296,26626,40725,49841,55413,68454,80861,87924,97012,106370,136371,133148,153718,181512,179970,179810,211078,210589,254611
5891,7628,19163,26510,38314,47710,52918,66365,77257,83797,92875,103152,114007,131114,150779,176568,177674,175858,203375,203938,197797
5892,26130,37932,43651,80124,100521,105064,129235,150899,160877,174119,194992,197132,213868,245439,214438,267819,254892,254892,321788,348509
5893,512,852,1036,1383,1648,1899,2014,1979,2158,2092,2247,2287,2374,2483,2627,2594,2742,2742,2907,2819
5894,4645,13945,24691,35131,42528,50660,65783,71294,87676,86473,96773,112011,111609,127720,155023,149850,152490,152490,178771,175452
5895,6423,18584,30026,42565,52615,64609,83941,90280,110295,109697,122957,139986,139383,157319,182932,184469,182374,182374,215514,216500
5896,37093,44015,77003,94905,120359,132509,144867,152650,168327,218092,212892,208967,256758,256561,234160,300193,281037,344393,357949,361475
5897,3037,8187,14666,22834,31819,39695,45670,47699,57007,54209,68039,74103,81456,81881,89828,103880,103646,119381,116828,140898
5898,4256,14444,24463,32222,39812,53066,63234,74819,82057,81233,104803,105485,120825,120983,142169,141528,136120,164823,164288,209505
5899,579,1063,1448,1746,2555,3816,4157,4914,5129,5287,6309,6125,6222,6196,7333,7413,7503,9216,9656,11719
5900,43970,90408,96925,101696,113450,159059,175515,199429,234665,228140,280434,259456,267991,271612,375447,311140,366325,377305,308844,434339
5901,3175,9467,18817,29335,37154,46795,52581,58379,62067,66420,72413,88588,98582,98765,110384,129673,129306,155148,179421,176521
5902,4906,15576,24369,35569,48295,60388,72803,80324,87479,97274,112145,127312,151262,151665,149868,177631,174730,176172,224336,219714
5903,692,1334,1643,2101,2824,3895,4499,4598,5013,5103,5573,6020,7434,7360,6878,8587,8911,9280,11937,12676
5904,45488,83659,87050,112167,141581,156359,196770,196449,227518,225893,268014,328636,332163,333764,362564,378972,365301,371335,515019,437420
5905,759,808,1022,1069,1419,1525,1564,1652,1673,1741,1847,1882,1963,2119,2110,2199,2512,2744,2847,3001
5906,4299,12762,24886,37429,44768,64690,70084,80069,76384,101264,100703,115382,136867,138633,134930,164411,209280,207688,204499,204307
5907,4773,18853,34857,50548,60415,79581,97176,106256,106101,134379,134294,151637,180600,177806,175656,209621,258156,258444,257566,257436
5908,28082,41542,55486,67764,87722,131828,143515,168800,189977,189015,214008,250974,260661,256709,266882,294745,272825,276482,289720,369138
5909,531,764,1148,1327,1758,1796,1966,2402,2366,2435,2553,2610,3095,3166,3153,3341,3850,3850,5344,5055
5910,3856,10492,23285,36136,45225,52967,64340,79066,78226,89065,103161,102415,139280,137687,138180,165558,210422,207353,209639,206233
5911,576,908,1306,2126,2930,3490,3423,4185,4369,4506,5383,5150,6725,7057,6672,8136,11229,12639,10880,10141
5912,48488,60411,78757,124764,163878,159131,204137,248572,241352,241809,282905,219996,337194,338549,334994,319862,462710,463396,443704,479960
5913,3333,8267,19884,35546,41395,50795,54713,65223,69628,83977,90222,101120,108776,123771,143776,169519,168505,196378,197608,248228
5914,4245,13499,30199,32565,44474,59900,71287,79153,96973,108514,122693,142672,164373,164075,197213,196891,193280,190100,242023,240311
5915,691,1224,1604,1609,2225,2819,3213,3558,4410,4357,4895,4996,4444,6537,5000,9304,8784,8391,5283,5379
5916,38251,63572,73674,96302,111877,155994,170196,196944,233614,235016,272000,282176,267246,333315,322509,333688,316770,314262,328470,326043
5917,869,845,1075,1070,1337,1360,1503,1551,1724,1851,1913,1859,1838,2199,1847,2489,2472,2690,5233,4666
5918,9437,30702,60557,70440,85983,109543,118598,140520,139647,172585,172562,223805,224153,255415,258140,312716,311174,307190,374397,377107
5919,19396,50235,68031,84007,108520,125174,150791,168177,194405,207150,223972,245187,244836,268381,302295,302259,300376,344006,342559,401841
5920,10089,22862,53939,62605,55176,59863,67977,78300,90969,105579,118078,130799,135197,146031,149099,178961,203730,218158,220283,206146
5921,702,754,883,853,1114,1195,1223,1662,1801,1764,2211,2114,2130,2864,3460,3096,3461,2934,3391,3464
5922,10899,30817,42415,59390,58647,71162,82014,93233,111021,131932,149932,162946,175426,187343,208575,226878,225751,241892,278258,275095
5923,626,1204,1684,2421,3262,4260,5051,5996,7368,9468,11003,11171,12114,13121,13788,14818,15613,17802,19698,19416
5924,71161,111490,126940,142692,149374,171030,176096,196190,223691,256713,276778,253347,299260,298356,333324,310490,327958,357530,353542,373802
5925,450,638,789,899,992,1070,1099,1206,1292,1364,1451,1615,1688,2100,2195,2838,2703,3073,2916,4736
5926,17555,40844,62795,81743,98323,114775,124209,153022,179246,207383,207492,245683,244347,300849,299969,341425,338221,375293,395868,387303
5927,472,581,1027,1386,2070,2598,2993,3129,3243,3264,4308,4398,4968,3977,4709,5075,5037,4689,4682,5975
5928,61519,130739,163157,198620,221978,247682,287576,305373,391562,423634,459534,512052,539828,540736,623104,622918,616874,673419,683540,749998
5929,377,490,676,762,952,1061,1192,1312,1464,1551,1860,2012,2021,2238,2333,2528,2661,2719,2681,2735
5930,10676,22363,42330,53367,70779,86900,104033,127912,143288,162271,181868,225293,245432,280501,283460,349258,351857,389260,386945,410863
5931,506,672,806,1224,1428,2015,2425,2750,3267,3825,4450,4389,4477,4683,5516,4973,5464,6260,6105,6329
5932,63170,103804,136301,149823,161162,177620,191301,200085,219877,232492,257140,277857,287560,299913,300731,335140,330617,355766,360836,367935
5933,322,380,524,498,691,759,796,699,763,1111,1218,1309,1357,1461,1661,1668,1927,2199,2347,2312
5934,13438,28422,46511,68697,83068,97563,109481,129000,139346,152321,180859,201984,232351,247771,270338,293026,296860,323786,321923,365221
5935,477,590,850,1161,1823,2450,3271,3590,4092,4745,4804,4607,5065,5668,6234,6103,7526,6478,7245,7412
5936,70165,125336,148936,154965,163302,196278,215492,224094,239043,259301,289067,297858,354713,384436,374481,412273,414156,411660,460546,420799
5937,383,498,649,738,867,884,941,1019,1050,1161,1159,1273,1345,1392,1488,1521,1719,1695,1807,2157
5938,15853,45729,76635,103674,135925,153641,181235,215357,230430,252351,285910,363777,387515,410784,440982,475396,527406,526450,579697,581800
5939,362,449,611,768,946,1074,1244,1435,1543,1677,1775,1987,1994,2519,2614,2628,2983,3183,3152,3382
5940,68029,107427,140714,176926,195066,203611,221752,228474,241231,261380,269137,321570,326043,342930,396043,396088,410805,442625,456390,487208
5941,442,432,525,570,719,746,823,792,924,904,952,970,1043,1232,1486,1590,1732,1638,1785,1780
5942,5820,15837,27175,35246,50707,64634,81179,91088,102794,124534,132784,139341,152692,168678,195287,224525,263639,263124,287739,284196
5943,500,614,867,1025,1161,1442,2122,2595,3113,5129,5534,5719,6130,6883,8523,7858,6568,8248,7824,7925
5944,77226,108392,145481,194128,220250,211385,224999,232901,251840,282701,294400,307101,352780,374413,402169,439839,410955,453713,490254,511225
5945,355,472,602,652,753,834,910,992,1035,1095,1158,1172,1218,1303,1282,1285,1423,1422,1529,1574
5946,5804,17587,26274,37438,57526,72154,90328,110570,123584,133634,146673,162714,171128,209347,227555,245676,266271,292604,325018,321830
5947,548,683,830,931,1205,1599,1735,2124,2831,3113,4260,4282,5111,4756,4781,4537,4693,4582,4389,4186
5948,61813,109327,148358,164032,196135,215596,234278,242359,250407,299634,315267,334317,384103,415045,388340,446346,453045,508329,499771,498810
5949,332,475,557,687,845,989,1102,1252,1309,1420,1521,1596,1920,2026,2134,2236,2317,2352,2492,2586
5950,9234,16727,22833,36943,61649,77531,94051,109520,124116,134173,148679,164557,188201,230228,245337,273563,269007,293619,326589,326081
5951,557,634,730,954,1255,1410,1499,1828,2226,3227,3169,3598,3502,3917,3780,3549,4285,4128,4174,4202
5952,81794,122029,165502,166164,205692,213796,230800,239769,250907,296926,313755,317309,384058,415855,413966,427626,473950,525861,473210,499944
5953,402,503,598,753,926,1097,1216,1392,1493,1614,1864,1913,2008,2042,2132,2193,2306,2355,2510,2578
5954,8207,16999,21428,37119,57823,79505,95894,109518,125113,133134,147080,169204,184240,209597,244679,271796,263970,287898,325468,322563
5955,419,450,535,634,864,861,1162,1555,2091,3121,3529,4216,3910,4365,3528,3333,4214,3973,2994,3641
5956,72730,129184,135383,162322,194176,202040,217472,225172,236020,277823,295043,351182,359058,388851,434606,446844,440705,490608,493887,493742
5957,430,491,553,642,792,964,980,1085,1229,1354,1357,1375,1433,1501,1521,1573,1682,1704,1809,1893
5958,8033,18849,24870,41720,71868,99794,119692,135634,160064,173762,183053,213038,244385,278735,279157,303097,326630,351644,385871,383887
5959,481,696,715,843,994,1176,1319,1535,1669,1949,2157,2576,2673,2360,2708,3103,3517,3666,3813,3927
5960,76905,122180,135578,167913,205892,214555,232487,240188,257709,290950,289995,328291,338430,358736,387438,435385,411888,479786,503265,476071
5961,479,501,574,590,742,746,786,870,895,977,1017,1031,1088,1474,1550,1542,1800,1721,1670,1868
5962,9023,19379,22475,33924,53108,73586,91391,110719,128037,140702,144933,152140,177794,198959,228030,226687,285799,283514,280824,342059
5963,456,629,627,904,1050,1568,1831,2079,2536,3334,3886,4414,4772,4347,4856,5686,4113,4869,5475,4960
5964,70662,115297,122558,150833,177676,240065,245998,254737,274761,294689,319498,314335,356159,403886,409236,413571,447396,445063,489841,477168
5965,515,522,580,611,695,809,899,950,1229,1312,1476,1558,1573,1674,1705,1742,1853,1881,1929,2113
5966,9859,20542,22596,37032,51419,74292,92412,103785,126183,134367,153655,179647,178347,213662,247364,246012,285778,287721,312842,348632
5967,457,588,652,789,903,1278,1555,1666,1948,2834,3068,2661,3599,3172,3539,4259,3573,4159,4198,4077
5968,74733,116660,121822,158997,184339,218043,227048,234731,255698,275557,302539,314277,338130,384362,419687,412255,450213,450210,495376,497118
5969,438,517,538,653,808,931,1057,1289,1262,1380,1467,1613,1851,1948,2036,2081,2350,2295,2418,2694
5970,54457,92266,110182,145861,168286,195582,214713,232616,241150,252382,269055,295240,311424,331292,347454,347454,401720,401720,401720,432659
5971,419,456,488,558,621,757,836,971,1067,1116,1102,1421,1369,1375,1355,1483,1808,1808,1802,2117
5972,17224,19779,21451,31552,43995,61565,83234,106365,128329,142131,154541,177736,176576,186612,212537,226644,283467,283467,283467,338230
5973,410,486,503,739,878,997,1462,1626,2115,2232,2569,2665,2892,3059,3305,3151,3186,3766,4481,3836
5974,107955,113439,105443,174869,199318,202043,226371,252384,283392,297831,332072,354604,379642,377501,427251,438364,477357,477357,617141,643067
5975,408,478,448,503,569,674,807,938,1018,1001,1054,1216,1183,1207,1195,1277,1401,1443,1485,1673
5976,7542,21845,21969,29710,42333,57921,84832,115140,137974,148963,163694,190972,187793,202821,230519,246450,283054,283054,284790,340300
5977,393,593,556,672,797,1029,1361,1434,1544,1802,1975,1746,2189,2234,2483,2655,2577,2811,3402,3114
5978,63081,132612,131326,146498,161819,185981,216526,234095,254270,274281,300686,301779,339256,363569,439603,399471,472070,472070,484935,516313
5979,349,425,430,496,599,756,918,1096,1257,1376,1524,1637,1679,1717,1810,1870,2115,2294,2110,2440
5980,11994,19847,19880,27643,38820,53623,78253,100849,130047,140933,161474,178068,176985,190319,213947,228134,265787,265787,262504,319438
5981,467,558,572,684,810,901,1254,1482,1373,1418,1981,2114,2577,2602,2980,3206,3026,3386,4115,3001
5982,81187,117437,117561,133386,147190,152809,180442,204555,213932,231007,255324,316176,309915,332540,423498,459663,514743,514743,581090,494410
5983,390,435,427,493,587,703,855,1065,1340,1531,1736,1806,1810,1851,1891,1965,1998,2168,2149,2377
5984,11442,19157,19303,27216,38327,57437,76918,104203,126487,135944,156016,170954,184144,194834,206581,219099,235867,254988,253991,307210
5985,446,541,525,659,822,1018,1340,1658,1714,2026,2119,2512,2620,3111,3166,3194,3339,3599,4073,3780
5986,58656,89477,89581,103099,123659,166493,185824,209905,243136,250637,279428,308172,341921,370572,347589,410280,423317,423317,514625,474214
5987,415,448,459,499,572,733,830,962,1115,1302,1475,1421,1419,1478,1524,1609,1681,1766,1776,2070
5988,12843,18190,18259,27991,38953,52632,71004,95931,114813,131795,151237,157669,178081,190106,190788,216563,234048,234048,233581,280955
5989,406,508,520,632,806,976,1294,1655,1804,2243,2599,3491,3760,3624,3847,4154,4130,4880,5103,5914
5990,76991,82522,82645,116528,133128,172667,184020,216164,228827,252230,284977,265601,348365,344982,310969,380750,382178,445861,435484,556216
5991,393,466,474,479,522,709,773,786,860,933,1448,1481,1539,1534,1505,1654,1769,1727,1788,1846
5992,11954,17238,17507,26634,39624,54246,72667,98133,115147,132392,152622,174491,182961,195768,197481,212734,228815,248336,246888,274571
5993,470,537,550,707,884,1140,1362,1854,2007,2241,2335,2676,2584,2848,2919,3249,3565,3642,3576,3903
5994,86806,71717,71584,126142,150129,138214,156225,176655,201548,224585,255258,306685,299827,330093,317237,372275,411565,401106,431642,528303
5995,396,424,429,496,541,702,757,863,1009,1181,1588,1702,1819,1867,1870,1975,1978,2185,2248,2267
5996,10508,18196,17996,27478,41256,60589,80380,108577,125378,142173,168902,191131,202100,218164,218926,235075,233424,284011,283025,281206
5997,473,537,543,707,851,1076,1301,1596,1765,1980,2296,2089,2794,2857,2887,3210,3589,3143,3151,4195
5998,54125,79680,80190,94950,115852,139442,157858,170992,195381,217249,251341,260133,294825,325227,387512,353531,446332,447310,405802,410959
5999,283,289,262,313,336,404,513,647,744,837,922,961,1023,982,1183,1171,1254,1332,1427,1766
6000,15471,35223,50204,65192,84142,95269,112810,126161,138388,145957,169765,174530,186038,193658,208295,217857,231808,231808,240810,253046
6001,303,404,487,526,514,536,545,562,593,591,607,610,655,663,680,699,700,700,701,720
6002,8736,13488,20578,23847,27795,30142,32646,35337,38065,38061,41458,41203,44822,44522,48185,52037,52373,52373,52259,56577
6003,389,502,507,571,573,610,641,659,671,691,705,687,732,724,731,766,762,762,793,818
6004,51410,107217,119730,127635,120787,125171,126368,123077,120089,118761,114695,113875,119626,117631,115503,120880,118901,118901,117661,116714
6005,367,461,529,561,438,445,478,490,511,529,512,512,495,515,523,522,541,541,524,526
6006,13771,29414,44414,47973,26540,28946,31555,34296,34136,37366,37453,37480,37440,37471,40351,43367,43481,43481,43728,43434
6007,512,693,850,854,761,742,804,833,880,931,899,921,960,917,933,908,908,908,937,907
6008,103819,152366,172696,170501,139206,145372,150463,158009,156199,155860,153856,153468,152081,151707,159095,166616,165644,165644,165547,164720
6009,348,450,654,720,584,650,728,686,753,775,776,836,807,812,868,855,923,923,909,872
6010,17660,28525,45874,61141,42408,49377,53256,57300,60971,61157,61089,65395,65700,65455,70469,75995,75785,75785,75587,75866
6011,385,612,807,1044,938,1036,1044,1091,1208,1257,1241,1263,1290,1168,1348,1457,1383,1383,1523,1410
6012,84465,106986,124143,141284,131813,137788,142324,142030,148430,147847,148628,154923,153978,155166,154081,160371,160790,160790,160248,160271
6013,343,628,825,1033,974,1059,1089,1120,1162,1311,1321,1330,1350,1300,1337,1510,1426,1426,1470,1404
6014,15502,37768,58856,82432,72728,82526,87583,92634,98170,105146,104302,111951,111837,111687,117777,122485,122178,122178,122648,122852
6015,461,685,887,1082,1559,1839,1897,2154,2310,2426,2404,2379,2411,2222,2439,2647,2453,2453,2523,2481
6016,63067,101254,125242,142825,158423,172361,171562,180138,188038,189303,188453,206126,205961,205565,215770,228503,229325,229325,229002,229201
6017,364,526,691,799,858,954,985,1051,1131,1153,1219,1170,1223,1159,1231,1138,1166,1166,1158,1153
6018,16421,36863,57666,86253,109768,122715,127960,139604,146115,152357,152790,160289,159766,159474,167949,180917,180877,180877,180907,181037
6019,383,551,713,952,1262,1449,2162,2748,3870,4055,4010,4501,4278,4562,4574,5504,5258,5258,5087,5225
6020,58316,90064,109289,133679,145509,158835,190733,213443,227031,263626,262921,260373,260750,260641,280793,309002,307959,307959,306821,307008
6021,340,525,656,776,780,875,928,1139,1323,1389,1359,1526,1618,1644,1621,1583,1620,1620,1686,1607
6022,16840,34788,54194,83776,104602,123950,138674,159577,189936,213741,214821,231378,252433,251198,248648,267425,266772,266772,267381,269208
6023,365,657,855,1091,1325,1660,2219,2474,2673,2886,3635,4303,4388,5181,6152,6138,5917,5917,6065,6120
6024,46810,107990,129568,150751,170805,184878,200058,240348,272070,289547,343868,377099,378280,423959,421711,490795,492359,492359,491842,488749
6025,372,541,683,781,984,963,1065,1131,1189,1197,1322,1481,1538,1573,1774,1860,1794,1794,1815,2170
6026,14840,32712,51335,73033,121656,116000,130501,142183,178064,202388,236206,257710,284815,283185,312349,351345,354378,354378,354058,353288
6027,488,714,791,884,1367,1401,1543,2035,2360,2590,3322,3004,3387,3672,3127,2943,3830,3830,5016,5090
6028,58495,107910,128599,149993,190976,189129,197755,250066,288739,308157,335389,334372,407962,406929,404450,466827,472285,472285,537612,537762
6029,407,552,676,805,1383,1198,1385,1532,2092,2168,2386,2468,2544,2656,2818,3152,3437,3437,3586,3484
6030,15253,31209,49466,66004,119097,113453,128713,147103,186016,215882,232548,254250,282701,282157,315959,356825,359154,359154,409052,409430
6031,459,661,812,1014,1389,1603,2323,2745,2791,2853,3546,3734,4150,4950,3531,3726,4585,4585,4576,4719
6032,66420,97222,113491,134212,170073,169601,193824,225576,257816,275896,302087,302219,330291,370854,370519,424924,424086,424086,486758,485715
6033,326,423,429,610,804,937,1081,1180,1307,1528,1615,1699,1767,1898,2027,2359,2191,2606,2503,3127
6034,13341,28762,47929,63482,86681,108606,123346,142626,173119,216255,234852,260367,259901,283958,327623,326192,324467,375785,368986,432413
6035,466,608,721,920,1238,1644,2035,2562,2322,2338,2685,2963,3481,4481,3516,4632,6631,5188,9282,7241
6036,56232,86240,106474,120896,135867,154431,175961,209448,221004,237492,259804,284889,282809,368621,374277,366846,424345,424345,508711,414190
6037,376,477,705,819,1014,1265,1164,1147,1510,1633,1641,2185,2641,2391,2536,3092,3746,3746,3043,6775
6038,16769,27235,54068,76339,102168,135872,149063,181001,223587,246522,270801,298373,300392,335270,341772,388796,458813,458813,459502,459034
6039,465,650,756,947,1308,2345,1975,2100,2875,3309,3920,3769,4332,4459,5014,5247,4536,5540,5206,5348
6040,57419,90063,111347,127987,145792,191181,187240,207603,256491,281250,305236,305756,344902,396739,396890,460043,458215,458215,454706,454796
6041,376,500,639,765,824,1276,962,1452,1703,1751,1926,2030,2211,2717,2631,2788,3867,3867,3879,3440
6042,15357,26806,49046,69735,93994,137609,131748,165635,200984,218109,262429,262982,293319,330790,331594,377333,449103,449103,455358,451855
6043,452,755,892,1090,1382,2700,2283,2611,2934,3542,3462,3760,3727,4571,4474,4325,4303,4303,4401,4485
6044,55010,84731,104628,119666,137170,189014,177517,198235,244601,267257,291796,290734,323731,377854,378110,449851,438890,438890,447872,447117
6045,415,525,671,844,966,1269,1149,1220,1427,1440,1624,1708,1810,2177,2359,2608,3121,3121,3147,2847
6046,15011,24526,45873,69867,88121,131456,131318,165553,218699,218500,264391,263073,291886,330612,329316,380996,453086,453086,455477,451407
6047,540,733,852,1003,1202,2040,1926,2066,2137,2645,2792,3185,2937,4033,3893,4165,3805,3805,3736,3903
6048,51671,92996,117439,132851,147694,198542,197945,218622,270632,296313,322094,320423,359467,421652,421145,484568,479839,479839,476619,476470
6049,385,465,708,957,1141,1383,1498,1872,2157,2384,2662,2763,2823,3490,3465,3701,4629,4629,4915,4669
6050,14619,21599,40992,67952,84634,115134,126906,160134,198693,214789,259546,261022,289422,326943,328256,373126,442313,442313,444762,439962
6051,568,714,963,1080,1384,1402,1874,2364,2302,2955,2789,3242,3392,3995,3821,3695,4111,4111,4108,4154
6052,63144,95396,134203,143479,164730,182661,209104,232205,285407,311414,335047,336492,373701,435563,437092,492322,487449,487449,497438,488743
6053,431,489,776,979,1219,1490,1817,1910,2327,2283,2528,2587,2733,3087,3096,3175,3958,3958,4139,4047
6054,15447,21285,40140,68784,87964,118835,143452,171586,243513,243687,292348,292844,324215,367406,369535,420834,503184,503184,506829,503142
6055,330,408,521,533,814,942,1477,1774,1768,2003,2222,2721,2776,3389,3327,3323,3352,3352,3440,3392
6056,73633,88820,131013,144891,164351,185026,210977,245843,304675,333019,361495,359506,403520,466910,472249,539459,637453,536485,537962,537150
6057,391,436,623,746,859,1115,1423,1613,1579,1808,1991,2006,2024,2310,2273,2437,2805,3023,2960,2995
6058,11736,19133,35383,59606,77692,93499,163093,196297,194897,250414,277557,276508,309144,351187,351689,400839,476685,482091,484741,477937
6059,486,588,904,1052,1443,1549,3060,3147,2820,3552,3942,4513,4916,5757,5672,6465,8096,7894,8049,8134
6060,59925,72731,104232,126505,140460,157445,213736,242022,237335,280616,305559,305718,341358,400228,394492,465961,552111,464259,465286,466433
6061,365,458,571,680,833,893,1504,1552,1531,1835,1837,2252,2292,3005,2748,2824,3266,3897,3972,3943
6062,15908,18648,34417,60666,88346,110357,155513,187903,164428,220865,239740,266298,299054,339090,340141,391154,466493,463792,468509,466425
6063,498,673,919,1179,1498,1914,2468,2808,2965,3063,2940,3527,3925,4921,4937,5081,6535,4824,5228,4950
6064,52520,71820,104354,126643,139223,154921,206066,217441,217258,249498,274036,300773,337845,395475,390838,460435,548851,554214,461549,461078
6065,388,515,594,781,1050,1324,1500,1739,1684,1741,1889,2053,2354,2792,2619,3184,2920,2726,3123,4223
6066,16275,18613,32085,57226,88417,109929,129340,154754,174245,201262,217773,265099,262412,335965,336019,383932,379086,378481,379680,458881
6067,488,618,795,1012,1197,1493,1995,2165,2150,2384,2406,2423,3268,4077,2903,4124,3336,4051,3882,4033
6068,55462,72925,100119,128184,140140,157391,183516,205851,221473,253925,252426,276968,304301,402844,404040,469141,391233,467071,469922,469437
6069,398,506,634,865,1122,1178,1529,1840,2120,2292,2477,2768,3000,2940,3203,3224,3712,4118,3856,4961
6070,17047,21302,35712,62717,94602,113393,132680,152432,171951,210213,226560,272418,270677,300613,342691,342294,338023,390467,389111,465525
6071,489,705,871,1009,1239,1377,2115,2207,2457,2741,3289,3294,3728,4189,4445,3722,4210,5314,5652,5682
6072,50082,74354,100268,122185,138112,149300,183838,192771,203561,232532,250392,275374,303528,333857,393940,335881,392783,464251,463144,460426
6073,400,545,721,962,1234,1510,1798,1753,1976,2095,2250,2422,2406,2496,2792,2794,2752,3340,3205,3857
6074,15295,20796,35336,58391,88777,112477,131188,142021,159714,189201,221222,237710,264770,261005,332843,333531,331692,378511,378236,461915
6075,577,755,985,1126,1272,1403,1863,2468,2772,2871,3266,3655,3633,4234,3860,3376,3807,4285,4286,4097
6076,49276,89227,114704,137154,154633,165096,175729,212147,223882,259676,277099,300367,330314,325234,433325,372578,433279,506886,506473,505291
6077,402,490,549,747,893,982,1021,1092,1142,1297,1375,1785,1470,1574,1617,1578,1645,2042,1915,2431
6078,15448,19752,30837,55589,83982,100854,118972,129010,151633,180654,210826,251409,255676,252471,320108,280535,319405,366574,366556,441395
6079,468,623,752,1018,1165,1533,1860,2822,2791,3721,3816,4875,3941,4337,4264,4828,4494,4841,4847,4961
6080,70593,101651,132515,171364,184286,198585,215043,269370,288487,328731,327617,431467,388016,387294,490155,495255,493467,562880,562362,561814
6081,371,487,541,788,883,986,972,1042,1040,1466,1552,1838,1968,1793,2153,1845,1858,2379,2281,2909
6082,13888,20706,29976,54004,76669,91024,121642,138521,145242,158593,193989,291037,292237,263295,368784,288453,291283,415288,417157,505821
6083,421,567,728,1050,1436,1697,2366,2716,3074,3532,3294,3303,4020,3559,3538,4130,4604,11093,5880,8667
6084,68508,87667,109831,142362,154805,168325,185654,202575,219232,243406,262714,301609,372699,304763,369848,327683,369425,580312,489866,496102
6085,357,488,587,749,1020,1213,1375,1346,1626,1698,1824,2015,2134,2164,2145,2371,2251,2451,2742,3297
6086,11871,19208,28227,47199,75470,90029,116128,120949,137595,165411,202744,218761,263383,264590,261635,293452,292484,329257,380584,459114
6087,701,765,842,1111,1355,1475,1900,2246,2634,2762,2801,3026,3168,3656,3962,3405,4051,4226,4439,4807
6088,63255,89658,109720,138462,162067,173512,202941,209679,249451,266995,309628,307896,333307,377592,372415,373539,433596,427972,501310,498142
6089,371,524,573,840,1127,1310,1400,1532,1946,2116,2230,2370,2569,2515,2622,2741,2830,3234,3329,4054
6090,39043,57585,73596,97736,131458,156547,166542,186313,207168,227284,239607,266894,283913,283913,308181,333002,333002,368693,411697,411697
6091,414,450,514,619,835,955,1113,1338,1541,1609,1789,1974,2114,2114,2648,2279,2279,2905,3301,4953
6092,14141,14917,20272,34514,63467,91092,114776,130447,147329,154291,190770,220385,244857,244857,307210,269753,269753,346337,411891,411891
6093,503,572,702,928,1266,1579,1920,2109,2242,2773,2880,3125,3112,3563,3024,3866,5295,3650,3654,4830
6094,88240,91077,113039,132384,168315,195079,217889,241872,298249,322506,350288,392800,393048,451074,452244,454866,526331,524500,604877,604877
6095,397,443,473,554,715,784,840,890,1124,1177,1180,1334,1396,1545,1634,1616,1583,1858,2398,2398
6096,12412,16839,22947,37624,66917,95375,108541,122848,145867,174989,189736,219834,243648,243430,267737,270182,269198,306162,421578,421578
6097,567,617,735,843,1057,1044,1405,1415,1506,1735,1900,2095,2355,2345,2174,2538,3105,2904,3238,3238
6098,77304,87211,101988,126966,154386,162785,192712,209945,236266,270538,297410,323418,365280,365082,364430,418401,419123,417579,575836,491478
6099,377,447,506,666,897,1166,1297,1395,1791,1885,2043,2219,2375,2417,2694,2603,2596,3016,5566,3961
6100,12451,15871,21974,37033,72295,105432,119903,136271,162782,182793,207114,224320,267348,266969,296162,295732,292355,334253,450052,458402
6101,581,618,638,824,1028,1019,1088,1213,1859,2083,2210,2247,2331,2420,2536,2820,3039,3160,4681,3835
6102,70606,110323,126909,157351,191931,206188,222584,250840,265143,321247,341821,372270,371775,403299,403115,454808,513642,513104,672786,601151
6103,405,478,576,817,1040,1212,1438,1510,1742,1771,1888,2016,2130,2208,2323,2343,2438,2561,2768,3517
6104,9610,13319,16808,29153,50343,66149,85103,92705,101975,111603,133883,152698,181337,182400,199313,220694,219185,245922,280602,397871
6105,547,631,680,831,1164,1299,1586,1883,1988,2056,2696,2777,3507,3270,3793,4203,4102,4874,3566,3312
6106,78299,84045,98016,122494,149448,174186,205954,215259,226126,256698,300318,363540,432650,428554,432850,426573,426346,496409,486491,494100
6107,423,483,539,724,868,1043,1322,1384,1444,1479,1490,1623,1675,1692,1928,1924,2183,2438,5503,12400
6108,9757,12373,16143,27626,48612,71759,93033,106891,112505,128311,146784,170043,183558,180119,208773,208298,237699,274795,298033,383202
6109,508,591,709,948,1391,1689,2223,2719,3229,3277,3324,3971,4442,5504,5913,5744,5787,5445,6368,5204
6110,73848,70132,84295,105765,133460,155893,188328,230991,249272,267007,290092,322701,383049,366097,385230,381625,462260,460686,504927,458022
6111,323,367,368,420,450,505,572,607,623,625,729,689,718,790,962,903,967,1252,1319,3369
6112,11814,12834,17737,28587,49674,79047,101256,125790,134248,142950,151910,177540,193600,217119,243953,247410,246131,283126,321190,398150
6113,553,622,715,961,1356,1836,2061,2231,2548,3178,3165,3555,3612,3902,3611,4298,4276,4652,5495,4455
6114,69363,69775,87154,106436,133616,158107,189654,231612,249378,272851,299448,338060,393096,394175,394326,398578,398898,459735,542947,464746
6115,536,565,686,846,1075,1327,1431,1591,1720,1714,1718,1968,1937,1943,2122,2155,2132,2401,2521,3791
6116,13705,14799,20592,35836,60848,93305,110677,135314,153079,162181,174804,189537,189280,233086,259454,259336,260016,296536,338701,417341
6117,586,682,756,963,1274,1363,1564,1730,2258,2707,3293,3494,3784,3258,3466,3560,4435,4694,3769,4006
6118,64028,68201,86844,112576,140505,157034,179503,197783,226654,268265,292906,291564,330878,382296,382497,383968,385554,448406,441418,444141
6119,483,524,612,819,1134,1426,1589,1857,1944,1978,2121,2298,2272,2351,2816,2968,3097,3103,3167,4582
6120,13450,15565,23573,38020,62942,95269,106685,127717,145668,163814,178203,193672,194621,210420,261902,299476,301301,297067,298899,416620
6121,634,747,807,1017,1143,1180,1361,2254,2548,2694,2727,3123,3774,4336,4240,3956,4513,5471,5309,4859
6122,62489,88100,106204,131499,159481,170094,194175,224801,281522,300747,301852,330295,370109,438135,431526,437865,438783,493985,490695,491764
6123,540,584,620,845,1035,1312,1496,1823,1975,2003,2091,2232,2207,2260,2540,2644,2664,2753,2899,4115
6124,12171,14345,19512,32912,55290,80940,98433,111161,130913,138440,159426,185412,183436,183822,221150,247611,249614,266343,263633,363073
6125,664,712,803,919,1361,1544,1624,1856,1902,2385,2464,2529,2946,3535,3318,3454,3520,3750,7493,3313
6126,57784,78979,96324,114600,141167,166261,190233,207088,236590,277978,302850,341592,338502,392059,388284,393247,391979,426842,496997,495647
6127,564,579,568,749,908,1107,1311,1450,1412,1445,1551,1625,1661,1635,1852,1950,2131,2157,2078,2719
6128,12187,13178,19693,31960,49318,77635,92687,112071,119559,126319,143256,168787,168147,167115,205482,226738,261046,259563,255614,360928
6129,630,710,688,1009,1405,1828,2371,2863,4305,3811,3938,4443,5372,5629,5929,6599,5574,8668,8036,7183
6130,70024,63878,82226,107079,129740,155995,189857,232249,270174,267313,290228,326432,378387,369980,434787,432823,431684,504261,500768,514998
6131,552,534,648,809,976,1106,1268,1663,1653,1746,1782,1949,1954,1945,2126,2333,2503,2768,3023,4642
6132,11157,12387,18596,31923,49271,72215,90102,111048,114642,122280,128626,152285,151712,151387,180612,201068,233865,232029,262263,329382
6133,449,428,612,720,1017,1492,1831,2205,2915,2945,3706,3737,4428,4531,5676,6364,8470,8187,10968,6231
6134,71816,53277,68020,94490,112929,140235,175601,201800,214006,210360,264073,262866,304696,306616,349797,356291,426927,420333,421236,421072
6135,487,517,588,734,871,1089,1254,1382,1414,1452,1469,1611,1648,1633,2024,2159,2332,2629,3488,4991
6136,11351,12479,20135,35229,54109,78458,102300,122617,130098,138758,147996,158514,171333,171047,209148,240706,238666,278112,334895,334671
6137,688,738,845,1218,1581,2234,2584,3093,4199,4467,5699,5419,6289,6319,7832,5989,9195,7132,7514,7426
6138,53697,50699,68316,91449,110905,133014,154920,197829,217107,240396,271211,313275,310851,307012,355834,354929,426844,424614,424825,424497
6139,492,516,640,871,1143,1271,1761,2096,1964,2293,2363,2438,2556,2745,3080,3544,3869,3748,4928,6732
6140,11497,11474,19929,38212,58460,78245,103459,127305,133868,144309,155405,169472,188263,188060,238612,238449,272572,274140,327624,335048
6141,729,770,1011,1459,1913,2373,2759,3013,3870,4829,5126,6350,5418,6897,6358,9405,7897,7655,8218,8256
6142,51726,51106,72960,97338,116099,141057,171284,195959,212272,274782,269917,317838,314846,315025,365059,444984,429319,433381,415006,432011
6143,541,545,762,903,1196,1456,1870,1973,2010,2078,2221,2248,2336,2601,2650,2857,3229,4343,6800,6806
6144,10406,10400,19544,37006,55793,74136,100938,113491,121519,129091,141570,153888,170948,190420,218721,217401,251657,308432,308676,308603
6145,729,801,997,1243,1688,2385,2600,3868,3988,5344,6025,6067,6663,7941,4978,8707,12619,7596,7458,19826
6146,50929,47136,68166,98854,118526,144093,184412,200827,221499,246642,289137,284830,340686,340617,332696,400800,407158,401311,401940,544765
6147,617,595,765,944,1149,1318,1513,1662,1714,1810,2017,2134,2213,2237,2588,2844,2802,3423,5136,4011
6148,11514,11380,22735,43738,65533,83684,115468,133610,146306,157428,155810,191190,191645,244099,243227,278370,279652,339191,339982,335089
6149,665,693,926,1456,1745,2091,2583,3061,3483,4497,5046,5059,5989,5658,6688,6103,7976,6465,8959,9496
6150,50755,63848,90997,118763,140927,171086,205979,222714,248271,310111,302315,308645,361848,360225,416069,405986,498117,405337,491132,487748
6151,589,569,746,952,1075,1180,1554,1708,1708,1883,1918,1948,2103,2380,2316,2621,2634,3035,3421,4313
6152,12609,12537,25613,48836,73603,96826,116570,143895,155752,167279,181348,199972,222125,285420,276951,276604,265523,313671,365606,365775
6153,787,755,1044,1714,2254,2412,2617,2635,2990,3731,4335,4773,4789,3681,4191,5340,6549,5636,5761,7931
6154,51235,69946,104736,136853,155751,159890,189951,233189,247852,270201,296233,335498,333434,331877,373367,368420,412426,429615,409776,487617
6155,435,420,474,561,712,779,904,960,953,1059,1063,1084,1086,1341,1317,1851,1614,2202,3358,2880
6156,12786,12565,25791,43950,65388,83450,94307,106142,133264,142937,164846,165915,180768,221802,222065,254409,251065,294190,349495,350341
6157,737,773,1070,1555,2108,2463,3129,3746,3662,4592,4641,6213,6276,5271,5085,5374,5292,5568,4605,6502
6158,62806,58521,86519,113323,127447,147579,168255,184129,226515,247113,274790,327516,324844,326012,322149,381015,365237,373598,365359,442130
6159,523,539,724,1014,1168,1302,1496,1793,1881,1973,2410,2445,2516,2852,3282,3482,3885,4927,7056,5773
6160,13506,13455,27474,51283,69880,93691,112819,125710,142289,152395,177516,192265,213260,238546,277016,257371,299785,360229,359309,354641
6161,785,857,1018,1542,1719,1864,2599,3167,3778,4652,4732,4790,5149,5251,6209,7313,5668,5954,5890,8509
6162,72991,58760,90186,119244,128810,141384,171717,204601,219433,239847,302769,294536,295431,346304,350324,378482,378091,378424,376321,450358
6163,538,592,838,1025,1204,1441,1821,1888,1981,2032,2144,2266,2359,2521,2740,3184,3202,3967,3979,5086
6164,11827,12865,28168,47540,64839,86454,104185,117062,132854,140835,160877,174811,195316,214916,239778,285324,284682,346984,346366,328343
6165,670,677,989,1551,1898,2293,2494,2989,3514,4210,4987,4839,5238,5724,6143,4691,6581,5106,5190,7860
6166,50360,48317,81286,100740,115651,134290,156732,178777,214804,238053,260434,311704,312931,299531,343565,355953,433298,355214,353915,402198
6167,524,558,727,897,1004,1204,1325,1412,1567,1635,1929,1992,2100,2315,2600,3127,2971,4372,6477,12508
6168,12353,12294,27243,48147,72632,95891,117046,133775,150145,163072,174255,191318,210907,275499,268741,311813,314219,383854,384201,461912
6169,705,733,995,1638,1546,1938,2508,2639,4159,4302,4860,5048,5417,4258,4940,5057,5223,4540,7927,6354
6170,51117,50631,85015,109852,125592,144085,170248,196950,233278,233768,286688,289015,286727,336982,326805,390900,391427,393807,488611,484332
6171,565,593,766,968,1068,1238,1650,1483,1545,1721,1729,1884,2029,2401,2929,2625,3142,3114,3749,5027
6172,10461,10619,26321,42448,65295,86928,105491,120220,135604,148791,159796,175065,195052,253139,249644,235010,290412,288589,332856,332844
6173,746,720,1128,1494,2262,2705,3070,3683,4094,4398,5615,5613,5669,4762,5814,10863,4487,6811,7764,7822
6174,48417,47593,87095,105317,127527,146969,161310,199290,216807,240143,269212,317829,311916,311100,370347,411131,364179,437127,403560,402624
6175,656,655,835,1031,1139,1266,1394,1464,1441,1534,1621,1585,1847,2054,2213,2563,2747,3327,5094,5210
6176,9956,9985,24612,42804,65098,78983,106976,119241,126334,147346,149424,163616,205073,239312,230978,267570,272895,330636,327480,323447
6177,740,753,1031,1562,1968,2480,3035,4192,4804,5492,6047,6132,6133,4643,5825,6399,7056,4685,6506,6844
6178,46299,56681,99700,127580,144594,179891,222167,257229,276104,309544,364578,357601,359792,358679,402428,473125,411967,475709,472890,472422
6179,530,520,786,967,1185,1312,1531,1851,1959,2399,2371,2442,3067,3193,4539,4069,6399,8641,8746,13509
6180,55663,55663,102523,140887,170944,186437,216111,239061,262968,278841,292777,309931,358648,358648,394755,394755,437068,437068,437068,503729
6181,443,443,592,788,1020,1053,1181,1508,1562,1642,1756,1809,1995,2106,2334,2334,2556,2775,5087,6661
6182,8638,8638,18794,32732,52499,74562,90276,101631,109620,135502,146380,159288,193701,193701,254667,254667,246382,286091,353451,426143
6183,498,498,831,1262,2012,3301,4267,4491,5141,4615,4697,5689,7396,7396,5715,9224,8701,10590,7594,6017
6184,67733,118422,145697,164451,185718,222288,257787,276250,321088,341810,384266,449286,496860,428747,495919,572215,555242,555242,555242,542514
6185,462,432,623,801,1006,1165,1304,1276,1544,1747,1635,1928,2127,2379,2311,2374,2692,2955,2955,4594
6186,9460,10451,21793,34827,57399,70848,81195,94071,109080,123839,132408,156093,173032,193452,216590,215435,250895,292659,292659,352953
6187,659,683,905,1332,2229,2553,3151,3863,3969,4457,5060,5475,6817,7696,6237,8203,6408,7318,7318,7994
6188,87261,58447,85230,113195,141512,160478,182661,212244,224861,252017,271544,311298,364845,437414,367793,434575,431717,513463,431717,511393
6189,423,436,632,802,1097,1232,1328,1705,1761,1978,2004,2339,2385,2583,2856,2935,3192,3027,4155,9434
6190,10001,11819,24283,39315,65362,88350,102729,112795,122995,140818,150349,178223,197573,219687,247452,248272,280850,280343,400578,486290
6191,694,616,807,1308,1618,1888,2496,3295,3296,4277,4592,5117,5173,5007,4054,5333,5430,5312,3437,4993
6192,80152,63544,96409,128052,150963,172870,192460,235805,254421,282966,306656,352656,409945,402647,406104,409361,485975,486745,485975,571405
6193,469,483,725,931,1213,1445,1615,1797,1851,1933,1981,2088,2147,2263,2343,2372,2499,2746,3020,3374
6194,14041,14009,28206,44320,72846,93247,105208,119707,129051,147976,158703,186690,185732,228314,227548,228016,290524,289490,338078,407516
6195,603,620,883,1294,1708,1726,2311,2981,3212,3655,4547,4056,4838,4102,4752,6285,4043,5048,4046,3324
6196,64817,65560,95859,130449,144154,158040,191560,198874,226495,275272,301991,341507,339631,339377,395136,395342,392372,465364,466221,463628
6197,547,523,739,854,985,1183,1387,1373,1515,1536,1681,1705,1760,2141,2215,2213,2205,2112,2466,2872
6198,14852,14999,29728,47494,72527,99850,107685,124683,142299,159565,168962,181011,198334,240337,236744,237486,306815,300384,301919,344728
6199,569,561,780,1353,1488,1501,1891,2314,2842,3298,4118,4120,4155,4480,5728,5857,5213,5206,6489,5633
6200,60110,92626,122684,156120,170536,181843,206043,227370,257213,290747,318072,341607,389627,387763,446449,448056,447658,440294,511113,509327
6201,542,510,673,798,908,1036,1051,1158,1787,1837,1876,1923,2052,2192,2239,2348,2528,2702,2962,3298
6202,13822,13856,25532,40892,64671,85921,95808,110626,129843,150905,162020,174243,189599,229203,253430,254746,284033,327437,324218,374979
6203,603,609,938,1179,1537,1730,2049,2434,2553,2686,3316,3817,4013,4044,4182,3999,3933,4466,4535,4404
6204,64022,97589,126108,152663,184315,198676,213997,235346,263668,279679,331588,358318,400695,402088,396617,396090,467075,467145,451834,527890
6205,567,481,626,784,909,1058,1116,1208,1286,1466,1530,1562,1602,1719,1899,1992,2050,2047,2505,2370
6206,13603,14586,27793,40979,64783,84397,101261,110980,128296,146781,164298,177354,193090,209227,257501,254129,283604,287522,329898,329459
6207,649,643,946,1222,1371,1504,1483,2045,2380,2596,3111,3240,3332,3697,2819,3221,3339,4392,3570,4511
6208,88090,90816,119537,152011,176986,189209,198256,235252,247182,279484,323158,323696,348188,391571,391587,390686,458609,463327,464201,527248
6209,531,508,673,788,960,1291,1354,1463,1519,1831,1925,1966,1993,2290,2415,2744,2611,2769,3557,3246
6210,11907,16395,28948,47301,70680,96640,115413,124386,137304,152318,172488,186636,198110,231625,251787,278284,281790,312543,353902,354100
6211,563,586,773,856,909,948,1063,1221,1305,1733,1721,1931,2418,2254,2702,2704,2787,2987,2598,3163
6212,106251,101295,137646,164068,184940,199828,215543,231939,254762,268054,301345,322786,348238,378561,419383,418680,422120,495821,494803,496407
6213,574,513,661,880,991,1183,1333,1471,1575,1865,1919,1953,2017,2116,2291,2484,2431,2593,2943,2943
6214,8310,17588,25994,42539,63881,87099,106618,117910,127511,139610,152150,166233,187490,216106,230671,277480,281169,280519,355166,355915
6215,537,675,874,1014,1378,1478,1541,1682,2015,2096,2321,2229,2656,2773,2792,2278,2669,3086,2558,2886
6216,58404,94099,114027,144451,169176,173002,186806,196905,231964,245810,275960,297228,323238,351484,347455,387939,390905,458263,458695,457924
6217,542,519,576,719,875,986,1100,1297,1322,1470,1413,1467,1567,1629,1749,1848,1957,1905,2173,2449
6218,11788,14985,22568,34578,57440,75668,98207,108702,123627,135736,140671,160848,184461,198897,214628,260916,260698,259613,328928,330646
6219,578,575,738,966,1279,1467,1391,1546,2040,2410,2987,3013,3214,3322,3429,3512,3838,3964,3926,4660
6220,78595,79513,99681,121418,154199,166170,177862,194254,211137,239294,253442,293985,321334,361252,359864,360954,408376,408031,406255,475877
6221,552,469,552,631,729,858,810,899,1142,1339,1348,1441,1730,1456,1722,1502,1777,1965,2595,2487
6222,9070,12585,18794,28955,48584,69214,90270,97869,107792,125617,135556,154026,164796,191387,208232,232466,230179,258550,297329,295080
6223,572,562,784,972,1249,1679,1942,2134,2262,2457,2806,2758,2830,3176,4040,3422,4388,4862,4059,4022
6224,68372,81823,101220,123716,153738,173275,195703,215436,242498,258667,299751,298920,324103,359466,410542,408651,411914,474550,473874,469563
6225,569,475,600,656,780,940,996,1047,1114,1409,1407,1462,1475,1576,1632,1863,1879,1950,2061,2370
6226,9398,11951,17972,27874,46757,73010,94909,103650,121178,139474,147312,171436,184971,200960,216106,241628,268076,305861,305183,350253
6227,497,522,666,790,1097,1570,1534,2078,2180,2567,2651,3084,3200,3299,3451,3555,4164,3560,4301,4090
6228,68363,87844,106794,128211,159098,184060,196725,228141,239990,274537,297863,327361,361303,357046,419218,412981,420590,413092,473468,474298
6229,468,453,534,727,928,1204,1352,1511,1561,1852,1957,2057,2182,2311,2428,2684,2835,3314,3374,3897
6230,9859,11791,17785,27780,46459,71327,90605,104449,115686,130756,150549,159969,173261,189057,205307,229328,255487,293737,293746,339582
6231,623,590,728,978,1267,1532,1738,2297,2666,3483,3471,3657,3619,4700,5237,5958,5158,5009,5144,5523
6232,67499,92537,115570,135493,164582,189259,211141,232501,266380,305808,302002,327395,362847,417358,414450,416558,414608,469373,470057,470629
6233,340,340,401,531,615,787,689,1084,1219,1264,1284,1325,1397,1510,1556,1660,1987,1867,2019,2305
6234,7916,10228,15187,23548,39434,60635,78891,85502,105987,121459,131707,141237,153288,167704,182985,208177,264290,269680,270297,309426
6235,454,511,658,769,1076,1581,2185,2423,3067,3607,3653,4374,4487,5120,4814,5577,4814,4812,7219,5483
6236,64568,70774,89852,106191,136515,156930,177113,196228,223548,259956,259291,319480,315446,369673,363983,368211,423487,425216,509319,425129
6237,531,499,519,664,814,967,1112,1185,1192,1249,1308,1351,1393,1469,1572,1762,1882,1798,2230,3487
6238,11059,11202,16606,28552,43383,65718,90102,104890,125229,143121,153815,165585,180836,178584,217895,246312,277005,279728,321881,389704
6239,520,474,663,826,1017,1651,1960,2731,3268,3641,3784,3991,4046,4751,4381,4730,5086,5089,5583,4654
6240,82626,75152,94056,117826,138593,161105,183452,216577,246865,267475,292344,327311,327308,380928,379325,379914,435547,434464,517144,434123
6241,467,514,533,709,791,995,963,1173,1454,1540,1542,1661,1700,1680,1815,2338,2178,2392,2471,3722
6242,9968,12149,18260,34344,51496,76415,95404,114828,131488,148290,160250,173783,189361,188399,228763,290306,287121,287749,333909,400052
6243,605,602,836,1042,1500,2117,2228,2414,2536,2842,3391,3520,3628,4070,3871,3638,3689,4208,3738,4175
6244,80599,72544,89181,115255,138070,160311,182253,200470,229622,268460,294489,327436,326330,377916,377835,379424,374007,431389,434910,437862
6245,510,495,592,697,814,983,1067,1181,1239,1267,1314,1289,1389,1425,1556,1683,1860,1805,2002,2910
6246,9351,11985,18238,29834,45473,68200,91698,105433,116353,132630,152077,152749,180356,177711,218423,242116,275210,277105,277137,386307
6247,559,571,768,964,1208,1503,1808,1812,2269,2496,2974,3421,3567,3759,3633,4481,4628,4606,7532,4330
6248,64360,67626,84192,109276,129268,150534,170443,202969,215348,250336,273554,304343,351111,348745,349998,350881,405022,404587,479022,407486
6249,458,410,542,674,909,1230,1421,1569,1821,1924,2094,2090,2260,2330,2580,2830,3102,3079,3343,4371
6250,10721,11752,19080,30454,46539,69646,92932,107176,123570,140499,162838,162095,176471,192755,215817,273352,270310,270939,309285,377742
6251,556,544,729,1042,1372,1775,2138,2450,2682,2911,2950,4139,4293,4721,5625,4016,5043,5077,6591,4717
6252,56305,64011,84750,107591,124126,144871,176754,197856,230328,248844,270493,308468,354672,356321,358780,352574,404801,403874,476628,486171
6253,458,431,611,784,1008,1408,1745,1865,1906,1961,2062,2160,2276,2391,2503,3230,2941,3340,3350,4022
6254,11370,11281,20010,32757,49079,72043,94063,108480,124999,133868,156006,169318,168801,207976,207166,267129,265259,304717,303984,367287
6255,318,279,417,774,792,1345,1671,2122,2904,2726,2669,2927,3654,2947,4205,2765,3576,4154,4075,3328
6256,59299,68040,93337,115729,135039,165562,189707,218670,255664,253544,310861,306505,358362,360070,362454,361850,419061,490330,483164,415132
6257,458,411,605,714,886,1063,1320,1362,1380,1489,1531,1591,1646,1732,2009,2472,2244,2481,2476,3517
6258,11992,11960,23553,38473,55749,80683,102312,123231,140444,150238,161758,176684,176761,216344,242275,275617,276921,318782,319460,377643
6259,519,458,730,1105,1507,1816,2343,2362,2952,3533,4135,4275,5203,5097,5190,4788,5634,5038,6401,5455
6260,57509,73662,100327,122692,144805,168654,184463,206446,239076,261546,317374,318978,366597,367380,369088,366894,424699,413926,493573,491161
6261,495,481,542,741,760,874,999,1457,1500,1511,1644,1670,1647,1765,2172,2478,2297,2601,2493,2961
6262,13024,13140,24991,42491,60286,82850,98693,124474,142040,152169,164628,180829,179650,218151,244532,281716,279548,322730,320744,387048
6263,554,523,874,1238,1676,1961,2363,2531,2743,3255,3605,4185,4741,4689,3774,4091,5081,4333,6106,4389
6264,71476,69277,97549,128578,144779,157213,187521,210903,242422,264448,286782,322910,377804,378438,375920,378560,431358,433759,505655,425264
6265,463,451,561,723,879,1198,1396,1493,1573,1590,1636,1769,1728,1868,2098,2195,2353,2751,2570,3590
6266,14548,14595,27810,46690,65126,87499,103741,118449,144901,156279,167315,181552,181006,220783,246693,283707,281387,320955,318140,384100
6267,468,528,740,1134,1326,1639,1952,2274,2547,2742,3297,3660,4670,3400,3472,3746,4524,3794,5641,4223
6268,65034,63261,88556,119560,133988,145050,174828,182471,225872,249580,268702,306644,353158,304993,355245,352904,412662,410336,486942,408236
6269,435,428,594,808,936,1148,1504,1837,1961,2003,2167,2385,2409,2633,2803,3438,3337,3839,3057,4411
6270,48545,48545,74858,106090,126601,149948,170764,183734,212090,212090,235758,235758,247075,262376,282756,303208,334159,370510,334159,370510
6271,441,441,550,700,833,939,1138,1288,1424,1376,1411,1657,1742,1901,2394,3051,2634,2496,2634,5277
6272,14365,14365,24454,41421,59238,83121,101947,120706,136201,144531,162836,176387,190708,229758,254431,287426,285729,283085,285729,386796
6273,451,491,685,1046,1428,2289,2375,3119,3294,4364,3969,5040,4996,4680,4807,5550,4942,7907,7841,5209
6274,103281,81759,108252,135332,148033,172348,194994,233139,264092,289002,310983,353843,403823,406210,400559,460282,461124,534585,547221,534585
6275,388,459,561,668,789,928,1000,1089,1081,1170,1171,1334,1325,1428,1574,2020,1955,1879,1849,2638
6276,12940,18901,31686,48009,66718,93976,111504,132289,141711,158683,167899,194932,193866,230424,258292,287694,291635,287072,286900,392974
6277,267,232,251,313,663,506,646,591,780,1180,1575,1805,2138,2105,1879,2364,2335,3044,3166,2488
6278,63262,89542,113792,139398,150541,165006,186204,202082,228852,261939,283481,347396,339486,340405,406084,396681,399614,453414,452127,453414
6279,383,369,504,632,755,1023,1212,1477,1599,1783,1847,1880,2056,2289,2646,3321,3207,3041,3062,4672
6280,18939,21874,36497,55975,76464,106204,124887,141038,157518,174626,185662,201396,215457,257673,283865,316503,314819,324619,316465,442871
6281,420,607,769,966,1285,1343,1538,1785,2191,2566,3006,3241,3168,3244,3315,3281,4284,4323,5239,3681
6282,56460,104324,131318,153039,169858,181391,193131,215838,237517,288245,313941,311891,338730,385697,380759,431247,433127,433066,497710,506859
6283,404,383,500,690,958,1054,1384,1520,1787,1820,1940,2005,2109,2200,2433,2722,2691,2697,2774,3146
6284,18845,25163,38647,57858,78476,108842,124558,139102,157786,176030,195895,212654,230142,247204,273602,339140,337475,341432,336341,383964
6285,436,622,754,897,1236,1393,1800,1882,2282,2550,2499,3099,3238,3683,3942,3532,3879,3885,4841,4624
6286,52497,106369,129249,158134,169542,182363,200684,226134,236975,274980,290850,338108,341648,369054,408337,410943,471253,468729,466234,539647
6287,328,397,444,636,749,874,949,1066,1085,1139,1127,1234,1320,1425,1512,1558,1548,1817,1853,1806
6288,18517,25178,35627,53854,73289,96421,114137,128883,139832,157484,177816,199441,213959,228989,272713,273310,298785,340886,338477,340062
6289,325,569,655,892,1271,1384,1652,2040,2413,2914,2916,3417,4071,4775,4928,5385,5545,4750,5564,5586
6290,53322,89497,110699,139358,149991,165089,176800,191954,214637,236119,269428,290567,316748,346776,382462,379850,436786,440997,437807,441497
6291,343,440,427,614,765,818,966,1071,1037,1404,1457,1508,1648,1709,1790,1912,2125,2100,2291,2548
6292,18104,24143,31954,47573,69483,86874,113465,126233,136969,147851,166778,174938,199222,213266,253504,255352,281756,281315,317989,319923
6293,326,619,691,993,1381,1614,1849,2507,2791,3402,3679,3953,4376,4314,4382,4254,4245,5167,4298,5095
6294,55525,69936,83091,105124,127167,138565,148499,168207,185508,208339,239282,260825,287337,283868,315753,315630,366096,365672,364183,434026
6295,438,502,568,708,894,1015,1123,1237,1282,1338,1476,1404,1686,1743,1742,2082,1923,2039,2301,2514
6296,15648,22962,30358,45285,65409,85152,107590,119544,128461,148277,167044,174028,201936,215665,233405,265075,257628,294620,296325,333184
6297,444,645,830,996,1414,1546,1706,2149,2332,2901,3376,4278,3944,4510,4941,4287,5607,5876,6085,6871
6298,49558,81480,100167,119649,150638,163862,176878,200935,222235,253233,295454,315044,356791,415574,400302,404014,399004,460833,461561,532182
6299,387,385,466,633,756,965,1149,1247,1470,1754,2004,2066,2369,2441,2617,3078,3249,3183,4226,4011
6300,16858,36341,51177,65640,83210,93439,110388,122101,132973,139098,158935,163823,174081,180371,192660,200481,211540,211540,219761,230172
6301,314,412,482,522,527,566,559,574,592,591,635,624,646,640,686,694,710,710,694,730
6302,11676,17741,25427,28935,33445,35859,37958,40465,43123,43128,46012,45678,48631,49093,51962,55774,55253,55253,55520,59265
6303,350,461,538,546,603,600,633,657,678,694,686,688,677,723,706,734,775,775,766,841
6304,52622,97951,107978,108212,108815,111327,111038,107866,106175,104846,101734,100674,104020,103785,102081,105769,103778,103778,103443,101724
6305,400,483,538,447,474,453,466,502,494,494,521,491,506,522,508,522,520,520,530,539
6306,17126,34462,42064,27535,29799,31873,33961,36152,38821,38899,38768,38993,41251,41074,41278,44160,43738,43738,44342,47342
6307,407,762,1017,719,823,812,870,918,968,981,1021,934,994,1013,1017,1042,1155,1155,1044,1104
6308,68924,114597,134198,106139,108420,111797,115142,119957,118534,118095,115667,115365,121031,120091,119258,123629,122860,122860,122505,121312
6309,353,557,696,587,629,618,664,733,763,767,796,799,769,814,816,825,799,799,841,884
6310,18588,35354,53947,37835,43548,46553,53650,57249,57534,57508,61173,61250,64988,65429,65052,69375,68912,68912,69122,72372
6311,382,584,788,828,920,878,1016,1030,1040,1002,1095,1135,1262,1258,1222,1372,1346,1346,1339,1341
6312,71101,108025,126100,123018,127797,132576,135411,141068,141233,141024,146050,146038,144812,144914,144982,149400,148599,148599,148324,154391
6313,351,695,878,871,949,1055,1118,1208,1260,1250,1277,1334,1379,1382,1365,1469,1367,1367,1432,1453
6314,15629,30915,51534,51346,59526,67326,74442,79138,83956,84264,89805,89643,94095,94052,94426,98001,97866,97866,98037,102028
6315,529,895,1101,1441,1716,1938,2086,2021,2395,2249,2270,2342,2510,2502,2444,2635,2597,2597,2547,2900
6316,59030,87177,107360,123405,128242,138402,144101,150316,150593,150335,162721,163293,171239,170179,171391,180172,180294,180294,180213,180495
6317,439,635,878,863,966,1061,1070,1177,1249,1209,1236,1229,1139,1176,1236,1169,1152,1270,1269,1183
6318,11665,28385,48397,61021,69787,82726,90147,94216,98656,99018,102911,102855,107844,107885,107790,117057,116569,123758,123770,123656
6319,617,843,1147,1674,1901,2291,2702,2861,3104,3036,3193,3178,3693,3667,3777,4459,4303,4517,4558,4644
6320,64413,85287,104884,128187,141055,170956,181398,180917,209030,209776,207162,207603,221900,223775,223050,244235,243937,243937,243352,242409
6321,433,596,789,794,1042,1000,1292,1378,1435,1535,1726,1720,1652,1603,1628,1658,1662,1662,1655,1811
6322,13667,27601,47338,64071,80712,91783,115698,131083,139949,151438,164136,163524,159206,163890,164074,178967,179286,179286,180280,201676
6323,594,955,1122,1682,2309,3394,3468,4001,4843,5531,5538,5603,5739,5581,5561,6357,6094,6094,6042,7532
6324,53309,85088,101780,129585,149046,187194,219524,239750,262124,299310,354563,353135,288495,297158,297632,351589,346086,346086,350962,348302
6325,535,701,823,1043,1030,1159,1237,1466,1621,1647,1747,1754,2252,2143,2322,2594,2422,2422,2483,2547
6326,13944,33856,51525,81040,84618,110334,135905,160348,194230,192010,217245,217438,251032,251805,249957,251117,251516,251516,250854,250821
6327,662,866,1116,1635,1815,2131,2570,3157,2980,4033,3631,5076,5229,5016,7853,7687,7236,7236,7379,8101
6328,65897,99708,118170,158948,166296,193205,225093,271776,267358,299553,359096,357883,414991,415487,492142,485841,486392,486392,485722,482886
6329,447,710,907,1396,1375,1999,2090,2314,2590,2551,2710,2940,3202,3081,3292,4041,3925,3925,5532,5397
6330,13445,27959,43965,83974,84060,110368,135532,159142,196395,193872,220033,250064,251453,251774,286859,348003,348063,348063,349174,346528
6331,578,847,1043,1723,1897,2731,3074,3844,3458,4250,4477,4789,4622,5326,6324,4711,4771,6749,6795,15355
6332,76097,92222,110651,133924,153066,181312,211313,227477,250299,280651,332709,334433,331038,380210,454945,375617,375769,454894,455111,599781
6333,340,409,475,622,753,896,990,1209,1272,1356,1348,1502,1868,1879,2410,2812,5250,4384,4629,3370
6334,13084,30045,47558,78252,89570,109522,144501,168926,208945,231690,232403,268168,267770,308704,376826,376092,375651,379502,376759,376718
6335,623,809,1002,1244,1805,2131,2517,3019,2918,3296,3653,3427,4022,4443,3877,4787,4586,4399,5963,6350
6336,71071,89117,107731,127557,151751,177938,202202,237012,261137,290371,294560,340719,342201,395755,397887,397579,396475,404187,476743,477766
6337,472,643,763,914,944,1307,1566,1710,2253,2312,2273,2825,2692,2912,3809,3651,3596,3524,4374,4535
6338,11904,26433,45003,71461,82447,104381,138048,163619,199775,223226,223762,255900,252309,292207,353041,357130,356202,352274,355450,355751
6339,570,890,1156,1323,1755,2471,2568,2990,3534,3837,3905,4641,4595,4838,5249,5282,5285,8008,7327,7444
6340,62924,97801,113070,140562,156900,196989,211109,248112,267602,300813,302462,352327,351299,410957,412553,411781,412388,489012,487428,487439
6341,533,610,963,1026,1667,1684,1794,2006,2340,2458,2613,3124,3530,3880,3677,3858,3609,4503,6945,8007
6342,13329,28647,51578,79782,140972,155312,193374,228147,282163,314724,363479,359730,413844,501001,499562,500406,500569,496991,589053,594900
6343,630,910,941,1163,2216,2128,2415,2846,3323,3470,3599,4204,4756,5047,4962,4947,4932,7700,13806,13979
6344,70689,101233,115530,142369,218986,217690,253876,295433,321685,364203,413166,414646,489515,485924,483880,489358,486060,573746,725563,722372
6345,534,677,793,1006,1201,1368,1537,1455,1783,1817,1888,2250,2166,2571,2590,2730,2554,3189,4317,4092
6346,13324,25927,44455,62942,116241,162664,205607,201948,250247,278036,317982,317171,360375,435521,435063,434990,433990,430902,515816,519284
6347,688,950,1029,1210,2039,2679,3248,3540,3779,3733,3451,4403,4583,4621,4806,4838,4940,6780,11319,11027
6348,67834,103095,122580,144130,193308,234030,266903,288842,315662,354594,410913,409359,474437,471253,471362,468532,469528,548237,531331,533130
6349,483,589,813,1058,1420,1826,2149,2356,3060,2784,3073,3321,3406,4264,4132,4379,4428,6094,12230,12185
6350,12545,21942,45105,64626,102953,129623,172140,200781,273450,271404,311448,313840,356737,427032,427172,424280,426154,425519,508879,510645
6351,653,773,1015,1119,1308,2105,2224,2818,2532,3423,3281,4085,3973,4220,4165,4198,4233,5802,9446,11173
6352,72068,109057,141951,160042,182609,226423,252957,319131,344758,385308,449083,447727,509603,592181,509007,503288,506943,592712,709341,704789
6353,530,519,766,948,1217,1544,1714,1892,1997,2259,2452,2942,2815,3276,3594,3709,3515,4189,6524,5730
6354,13137,18485,37897,51319,77525,105890,128012,167481,198346,242197,268649,308226,353259,420732,421802,421702,421969,421491,506692,492293
6355,481,525,978,1065,1112,1166,1568,1895,2238,3128,3315,4463,4133,4238,3343,4293,4227,5536,9398,9916
6356,86464,102489,142616,153375,170084,183040,204955,242295,277109,326905,325320,421838,483991,561998,478851,475630,476753,561342,690618,677965
6357,531,532,773,895,1014,1155,1294,1381,1445,1680,1772,2392,3032,2762,2424,2980,2967,3732,6463,6012
6358,10395,16846,35714,51632,67591,87153,100116,121189,138311,187761,205425,291355,398659,394193,310971,385442,384234,392955,483490,456830
6359,609,660,1037,1380,1688,1782,2168,3126,3414,3680,3969,5517,4753,4213,5514,5566,5373,7416,9557,10028
6360,65357,83969,125545,147766,159755,187721,200036,251818,269015,295841,294864,414157,473736,408677,448893,532990,455681,551007,694544,658028
6361,538,573,665,857,916,980,1039,1087,1530,1587,1848,1975,2119,2204,2808,3207,3549,4171,6820,6978
6362,11081,14215,31392,55516,70565,85456,98250,112706,136679,158122,187034,224966,250167,250988,325075,392927,396375,397144,465591,469778
6363,730,752,1147,1497,1835,2185,2526,3201,3220,3779,3494,3736,3875,3934,4941,5176,4900,6737,12686,12115
6364,54338,59652,96660,118671,134763,152318,161727,208926,222285,245944,245570,263499,299251,299188,412849,407550,411422,500105,625709,623022
6365,551,556,724,1011,1310,1570,1620,1897,1741,1956,2136,2537,2270,2628,2788,3180,4104,3613,3726,7940
6366,12087,13160,26945,52805,74790,90026,105990,128902,148880,178666,196187,221974,247845,285679,281641,330413,399183,396336,391846,465940
6367,633,620,872,1409,1785,2205,2596,2897,3480,3704,4274,4015,3641,3774,5005,4955,5612,5365,9403,17925
6368,50497,52838,79110,104493,118980,137359,157119,175438,213454,210318,235781,228249,260498,308984,293259,361547,351026,355501,427112,534628
6369,527,589,762,1145,1346,1721,2074,2259,2516,2653,2802,4062,3692,3600,4643,4182,5556,7729,5965,8609
6370,11889,14093,25748,53757,78834,94893,115119,138973,163429,178302,199485,223826,256223,257733,295624,293738,361457,358993,353859,428942
6371,720,775,1079,1441,1718,2079,2893,2967,3042,3523,3726,4199,3941,4682,5036,5239,5143,7083,7427,10205
6372,47405,51536,72057,101236,108986,125103,171406,178359,195026,215220,250316,248082,286686,286422,343863,339956,343091,416246,472583,539414
6373,568,625,920,1219,1646,1867,2017,2146,2242,2446,2520,2953,2720,3169,3234,4423,6472,5444,4565,6981
6374,11385,13436,26829,55479,80071,96507,125064,145696,156290,191633,191166,247302,243234,242598,278691,343750,345005,338872,339368,405721
6375,781,809,1039,1322,1637,2176,2279,3006,3355,3377,4220,3717,3926,4822,5264,3535,4961,7551,7414,10359
6376,43640,56912,85229,110245,121868,151388,187772,225889,245858,239284,272416,324727,319239,317094,379193,378810,370304,446304,439701,568541
6377,572,643,803,1073,1339,1333,1468,1610,1818,2013,2051,1939,2130,2650,2788,2803,3712,4657,4275,6716
6378,11308,14414,29240,61337,85694,97923,125992,146927,156684,190532,189011,212336,245065,248529,280458,283292,345570,349204,349877,419750
6379,722,812,1123,1517,1741,2443,2821,3247,4339,4429,5910,5891,4906,5861,6393,8460,6485,9250,8677,14476
6380,51653,86312,109329,139070,150907,181221,223166,231459,277611,277520,316194,374444,368676,372892,418319,498648,419565,496720,443691,590020
6381,583,658,905,1198,1148,1337,1418,1894,1952,2134,2143,2106,2526,2443,3853,3478,3653,4555,4784,6310
6382,10736,12618,27849,53277,65168,77832,90830,117473,136375,147221,181430,179569,203785,201386,325418,329472,329842,329748,334919,408979
6383,575,654,938,1596,2409,2863,3195,3856,4489,5370,4770,5793,6086,6202,5315,5317,5345,7561,7338,12939
6384,70124,58900,87582,113825,136926,158728,198297,220505,238087,275102,272947,315134,314528,315104,455960,451217,367284,447485,446030,589620
6385,541,632,811,1188,1416,1900,1896,2031,2149,2357,2551,2600,2566,3095,2752,3614,3893,5239,5321,7582
6386,10273,13232,27785,54760,78477,95490,116924,135489,158625,173555,194536,218747,217547,250656,249972,355664,357761,354729,357179,431802
6387,748,779,1096,1684,2113,2539,2861,3054,3904,4625,4882,5009,5438,5626,6938,5223,5405,7288,5289,13908
6388,51889,52144,83290,112408,123448,152271,188689,204590,226401,252195,288247,287648,335585,332648,400929,399467,401305,476939,396302,631951
6389,475,543,766,1208,1367,1537,2108,2045,2395,2565,2681,2871,3042,3649,3383,6368,4530,5816,4612,7931
6390,48135,62137,93856,136060,162538,175136,204700,215376,227138,255333,271713,293356,314500,345084,345084,432000,378888,432000,432000,494929
6391,416,464,619,843,965,1159,1328,1446,1477,1789,1746,1898,1884,2039,2359,3349,4430,5838,3349,3717
6392,8616,10247,22460,42802,69757,88765,97370,113805,122189,156822,168556,189911,189102,244403,244403,340696,349065,417971,340696,412929
6393,487,581,866,1424,2323,2621,3201,3781,3823,4024,5026,4356,6051,4822,4822,4085,5230,4287,5163,4295
6394,70616,72743,100259,122098,159081,179012,199574,239766,263335,297674,338518,336354,336667,388204,388204,390741,466306,459478,426901,490783
6395,399,517,625,773,945,1075,1517,1561,1600,1843,1871,2005,1995,2121,2418,2555,4445,4029,3669,3903
6396,10157,11981,24929,45827,72661,87828,105923,121008,130590,156717,168228,185196,185531,239301,239301,276828,335998,336003,338843,340708
6397,602,644,841,1186,1458,1539,1769,2420,2922,2715,2925,3161,4156,3442,4120,4755,5020,4873,4938,4876
6398,67298,70772,101731,130899,140126,167579,187965,237091,259846,258655,347075,343863,346661,347009,408857,403734,474495,473687,528973,517787
6399,428,447,653,901,1182,1306,1797,1877,1959,2278,2319,2567,2557,3035,3091,3080,5364,5378,5396,3785
6400,12088,13881,28155,51927,77947,87922,108553,124831,143740,170746,187912,208128,204618,268584,266083,265989,371823,372473,370711,368152
6401,556,622,869,1111,1167,1380,2047,2248,2651,2627,2707,2718,3684,3003,3578,4249,4665,3725,3602,3664
6402,65704,94943,128698,153471,175218,197042,216034,250440,289736,316113,313865,353914,401914,413378,402122,467249,541346,465090,472794,437243
6403,447,493,755,995,1249,1444,1726,1850,1940,2073,2204,2245,2476,2544,2652,2579,4319,3719,3531,3921
6404,11498,14704,26969,50959,69358,81878,93635,108460,133515,155526,169218,183876,203519,229459,263079,259792,359079,357893,360439,359572
6405,601,619,855,1212,1401,1794,2245,2573,3030,3038,2986,3173,4035,4004,3920,4546,3647,3813,3679,3895
6406,78607,96388,130910,157519,175462,196234,222646,256112,296077,320067,358791,356399,352961,411499,407506,466181,462316,466332,437007,437533
6407,506,499,576,772,926,1212,1362,1494,1476,1551,1568,1676,1828,1825,2081,1980,3152,3166,3323,3524
6408,11966,14110,26749,46530,69744,84895,96147,111235,134045,155272,168763,184160,221880,222360,282704,281161,388026,390521,389786,384462
6409,541,598,859,1406,1580,1925,2280,2928,3140,4097,4099,4198,4881,4637,4619,4998,5214,5310,5091,5119
6410,83051,76974,104081,137679,147821,159120,189309,200284,228750,267183,294014,292955,327470,326730,378086,376990,439262,441064,434466,400899
6411,417,477,500,643,759,802,828,960,1119,1185,1314,1312,1420,1502,1632,1912,2835,2813,2692,2833
6412,10045,12745,23948,41232,61297,81026,88138,96468,110799,134276,145690,159088,192928,192537,215368,246453,338947,342682,342090,336861
6413,609,598,1001,1420,1898,2426,2964,3234,3102,3830,3886,4899,4852,6453,7301,6076,5273,5418,7576,7829
6414,62009,67506,100572,134476,159394,180797,216009,228600,245082,291591,321791,373865,371797,432440,430276,427464,427610,426696,483635,527174
6415,520,578,725,886,1109,1315,1387,1401,1446,1498,1540,1791,2003,2066,2251,3073,8358,7462,12110,6504
6416,12701,12674,26435,41738,66268,86965,95186,110858,119563,144922,156705,169511,205074,203382,228550,264324,363781,363670,352743,358861
6417,656,669,923,1277,1657,2026,2537,2884,3074,4577,4676,5127,4464,5283,5489,5653,4836,4711,4762,4898
6418,69713,64823,94819,119824,139335,156361,182157,208689,207202,267764,298863,297384,295075,344625,341025,405872,406111,404990,419565,429428
6419,503,549,686,831,1198,1362,1543,1834,1838,2028,2163,2315,2548,2572,2702,3093,4375,4536,4332,4127
6420,15064,15137,30988,48376,76876,100131,113723,124615,134695,162303,175058,189743,228857,226853,253216,287916,396009,398590,392084,393523
6421,548,563,828,1203,1309,1274,1636,2835,2919,3195,3630,3963,3874,4452,4742,4904,5152,4837,4961,4863
6422,63839,73144,108233,135825,152181,162313,182319,202320,236015,271165,294150,294777,331313,329821,382251,379723,438116,440116,445167,425507
6423,497,528,681,850,1062,1445,1585,1825,1894,1944,2082,2186,2326,2374,2545,2745,3704,3624,3651,3777
6424,13193,14321,25361,43896,66366,92450,100527,109724,120024,136474,154424,180084,196199,216744,238842,272492,370256,371829,369267,369096
6425,583,656,864,1136,1468,1502,1748,2326,2875,3350,3660,3999,4053,4122,4286,3533,3649,3836,3665,3799
6426,56003,76361,105671,131304,153118,165614,185920,218417,234709,268448,291865,331020,384081,382335,379363,377192,504016,502381,480596,481916
6427,481,503,582,740,860,1009,1133,1216,1231,1257,1315,1386,1485,1475,1638,1851,1946,2310,2445,2582
6428,13180,14557,28112,44288,66508,92058,101162,116109,131310,147196,156378,182971,197355,219661,242214,273013,308230,372576,368744,371807
6429,595,598,796,1142,1448,1509,2007,2652,2938,3732,4307,4199,4947,5537,4969,5345,5364,5409,5359,5349
6430,62423,62973,91032,114584,135101,146694,166625,184332,213537,247558,270461,270843,351116,351801,350181,350806,402034,400145,394038,389696
6431,486,476,585,712,786,1012,1054,1198,1489,1532,1607,1732,1855,1969,2220,2697,2812,3456,3508,3673
6432,14162,14114,27567,42783,67998,90869,103314,112908,134908,142407,153037,177313,191735,210417,237149,269673,304526,365030,370833,365655
6433,370,376,588,938,1297,1297,1528,1808,2384,3322,3478,3919,4108,4364,4842,3911,3445,4038,3808,3979
6434,66105,59955,86183,109143,129718,139962,169249,176999,218019,235845,258020,290639,335165,334460,334538,333063,381467,379221,384174,369648
6435,444,486,575,711,915,1127,1296,1347,1396,1419,1532,1671,1661,1779,2273,2599,2741,3597,3577,6463
6436,15194,15285,28863,45256,69939,96841,106234,122897,138193,154691,166358,195252,194266,213855,272931,274466,310347,370408,370055,364692
6437,527,597,832,1117,1385,1641,1779,2025,2271,2915,3229,3207,3749,4128,3955,3966,4202,4805,4800,7192
6438,61693,60629,93234,114671,136872,149264,181764,193752,235490,255612,276279,309572,354659,355366,355752,354661,409082,412664,409472,502013
6439,444,512,639,797,1124,1373,1511,1842,2013,2052,2278,2492,2497,2786,3568,4536,5589,8313,7765,6805
6440,13225,14415,28054,43979,70308,97424,107057,123332,148294,156863,167872,195798,195859,216275,273278,271891,309147,366020,371729,363842
6441,613,635,821,1351,1337,1489,1826,2480,2588,3234,3727,3952,4605,4898,4563,4714,4867,5267,5044,7837
6442,54852,55952,83014,100321,118159,127840,144540,161954,199917,218051,239647,266707,307487,308099,306697,308447,360405,360954,344247,454237
6443,465,576,709,903,1160,1483,1852,1937,2019,2073,2249,2417,2385,2604,3003,4614,4901,4785,5230,5685
6444,14657,16144,29345,49734,72818,100169,114335,135663,151775,160817,188154,201965,199204,221943,278770,319053,378032,374425,382246,378289
6445,574,616,862,1262,1530,1566,1969,2113,2270,2884,2948,3369,4287,4164,3759,2965,3045,4010,4068,6091
6446,61750,64170,85786,116413,128976,140934,159754,189527,199549,235073,256028,286789,326185,326223,326278,327165,382723,383351,415333,496305
6447,511,592,634,758,911,1040,1182,1433,1476,1545,1750,1728,1744,2052,2161,2572,2799,3656,3507,3159
6448,16041,17795,31306,51457,74738,98909,113289,140752,157551,166535,194037,208857,207637,252855,287266,288960,325131,387746,390332,388483
6449,471,615,807,1324,1443,1629,1766,2316,2344,3631,3179,3575,3863,3642,3782,4444,4617,4094,5248,5147
6450,54028,73361,100842,126664,134842,152208,165156,192145,219561,256358,253533,273003,307324,308292,355956,359527,417935,416234,426307,398390
6451,497,544,587,731,828,957,1061,1440,1516,1569,1830,1814,1769,2180,2505,2741,2786,2877,3364,3535
6452,17033,20279,35226,57534,82685,112346,121871,147761,165449,174646,203173,219624,219451,264672,300329,301657,338869,338828,406521,407299
6453,498,643,910,1174,1348,1671,1937,2310,2602,2757,3069,3508,4033,3457,3502,4060,3607,4312,4805,4705
6454,47436,81141,102954,126002,136615,153684,173991,188235,230661,242207,266356,287659,322739,324064,370154,369225,368446,425813,419195,395850
6455,416,432,407,426,521,538,651,713,737,705,818,790,786,975,1011,1496,1408,1641,2587,3056
6456,16722,19999,31149,48389,71151,98862,111175,131825,139963,157528,178481,190752,190005,227869,250627,286290,280896,322716,386017,382948
6457,476,564,682,915,1113,1288,1548,1699,1831,2020,2749,3168,3742,3431,3310,3727,4656,3869,4074,3944
6458,50117,71210,97828,117736,131263,146889,165711,191485,218235,233034,251385,273009,306558,307074,352320,357313,407228,411014,466256,450985
6459,534,521,609,719,1041,1265,1456,1807,1880,1950,2149,2414,2385,2841,2753,3306,3703,3639,5173,5192
6460,16418,18040,33105,47559,72573,100099,112998,127390,143090,153146,174140,201329,201574,244702,241410,275700,313184,315581,369265,371373
6461,545,536,790,1034,1276,1292,1538,2349,2712,3368,3483,3937,4527,4248,5555,4759,4843,4806,7621,7411
6462,57890,68391,94704,122956,139713,157871,172024,200908,243183,266828,288082,320184,365362,364596,359293,361424,412716,413115,474125,467159
6463,499,509,643,803,1061,1401,1512,1856,1929,2018,2188,2332,2317,2769,3271,4275,5134,5104,10814,5972
6464,14777,16348,30749,46780,69287,94122,101736,119717,135383,153488,174867,190896,190436,231476,261128,263816,294677,296275,359315,360406
6465,496,562,745,1158,1556,2051,2768,2906,3034,4004,3790,3805,4667,3987,3626,4936,3994,5571,6536,5980
6466,53607,58782,82409,101937,115501,128291,153503,158827,196240,214166,261269,259511,297631,297780,296888,353561,344165,421604,413948,419031
6467,378,428,517,659,868,1014,1140,1135,1283,1332,1446,1638,1553,2048,2000,2607,2613,2913,4219,4051
6468,12411,13565,26377,40851,63958,88087,104174,117546,131229,150021,160735,192976,190615,245571,245242,275991,274673,335084,335473,333657
6469,507,496,770,1130,1899,1983,2940,2979,4295,4629,4797,4834,5554,5081,6451,6964,7339,5269,6829,6587
6470,55584,51099,77276,91267,114119,128508,148547,171184,198891,244320,245287,242954,279863,284391,335915,404958,329330,399635,391762,426973
6471,418,445,528,684,861,934,1271,1284,1300,1474,1429,1713,1778,2181,2505,3131,3842,4308,4446,4311
6472,10811,10785,22249,35092,55571,76542,93265,114172,120346,140624,141160,170772,170431,221159,219938,301503,304232,300816,302014,299392
6473,552,587,854,1226,2051,2945,3425,3746,4309,4242,4966,6383,6091,5177,8141,4776,4655,6386,6335,14772
6474,41476,39387,61286,79297,98344,129172,159355,173908,214495,209351,246917,246911,245009,294166,355822,352550,353707,345181,363055,523038
6475,467,466,617,746,888,1089,1193,1238,1260,1279,1351,1601,1656,2132,2148,4264,4561,12557,11561,2895
6476,9694,10617,22688,35395,60751,80771,108709,127538,134575,136063,147191,182051,184204,211496,238365,291668,291330,355090,353653,289448
6477,581,566,752,1087,1574,2056,2613,2914,3809,4685,4990,5256,7599,5545,6666,4885,7243,5313,11992,16279
6478,37367,43405,64732,81774,110239,139229,177517,194239,212882,257538,247478,249291,298059,292595,342959,284912,341614,341837,495360,447151
6479,418,446,674,877,1201,1718,1835,2101,2075,2117,2441,2901,3199,3837,4150,6760,5638,11575,7995,8347
6480,31993,34250,56388,80230,106454,131726,152299,170282,178855,190259,205432,220555,244061,244061,271147,313944,313944,313944,368149,368149
6481,443,464,583,785,946,1133,1537,1777,1823,1815,1976,2512,2682,5298,4114,8824,8824,28290,6679,6679
6482,8941,9455,20315,38147,60287,85157,107317,132787,142871,142612,173385,216744,217032,306578,304786,365285,365285,488858,362563,362563
6483,412,428,811,1234,1854,2780,3271,3768,4244,5052,6161,5461,4744,3744,3730,4149,4149,3125,8412,8412
6484,47456,76470,99775,123302,139986,187787,233758,291861,284082,337176,394853,390074,385572,385572,381952,424689,424689,343332,451363,451363
6485,431,425,544,869,1116,1426,1543,1629,1756,1932,2069,2112,2373,2674,2879,3456,4934,5005,7296,7296
6486,10373,12284,22911,42004,64504,85212,111843,130425,140082,140872,172372,194171,223632,223632,257723,313733,313733,315925,380743,380743
6487,580,641,988,1206,1642,2241,2299,2794,3354,3991,3598,3900,4656,6778,5747,7164,7164,12997,23967,23967
6488,60289,65655,91225,107397,131057,147212,181008,197982,242281,239604,238833,284019,283548,329876,330543,324481,324481,424651,465471,465471
6489,425,445,605,906,1239,1835,2039,2150,2190,2305,2559,2820,3461,3854,3776,6990,6990,5629,8279,8279
6490,9897,12358,25239,42247,64981,86132,104844,121013,130306,130570,160738,179513,206632,235574,235830,289415,289415,283235,347901,347901
6491,580,671,925,1351,1563,2223,2558,2764,3196,4002,3800,4451,4604,5294,5409,4192,5592,5242,10388,10388
6492,65011,55328,74711,95822,119458,143188,179468,193173,217611,257227,259846,256817,308889,361972,308424,305427,358984,381767,459421,459421
6493,474,519,792,1051,1460,1866,1944,2057,2149,2306,2503,2881,3245,3128,4496,6848,5393,10802,4277,7044
6494,10927,13645,29905,48526,71477,98483,109348,126267,135473,148119,164859,207879,212504,240623,293430,292249,294860,352966,292657,348386
6495,523,590,818,1229,1536,1884,2573,2760,3151,3210,3361,2994,3785,4544,3417,4945,5057,3552,13587,8475
6496,48166,51108,73990,91751,114621,126998,172195,186853,206124,245991,244249,248010,296416,349966,290935,350247,346892,362460,461960,461960
6497,454,520,725,776,955,1158,1271,1384,1382,1403,1610,2351,2138,2221,3603,4567,11951,10864,3447,6261
6498,11037,15309,30690,52064,76184,101636,120666,140407,141514,153047,172268,217840,217664,245597,301802,302686,362199,356315,299978,359110
6499,518,658,1077,1452,1600,2510,3009,3599,3953,4788,4839,4290,5047,4298,4350,7026,11858,12093,16859,12242
6500,46306,63687,92991,113700,130911,153728,186299,226333,222758,293785,294654,292067,339087,339318,335991,396345,504020,483940,480988,480988
6501,479,521,720,851,923,1635,1734,1890,1973,1964,2206,2993,2830,3173,3977,3487,4192,3961,3985,6474
6502,10254,14262,31012,50102,73295,97178,109020,126501,137485,149616,163951,212895,211839,240332,293854,292466,291017,291436,290502,346896
6503,597,746,1169,1637,2095,2217,2535,2917,2962,3376,3675,3368,4141,3575,4118,3981,5330,5345,14014,10447
6504,36551,62682,90067,111079,134359,148186,183669,222279,221972,302245,301720,299279,343018,346595,348943,341206,395911,349773,466629,466629
6505,545,507,680,767,997,1388,1425,1506,1628,1639,1804,2072,2140,2413,2374,3175,3681,8172,5294,5294
6506,7691,10676,24293,43030,60291,81760,92464,107322,117751,128820,144652,184781,186591,211643,211693,260420,259565,316717,310494,310494
6507,639,660,1089,1471,2075,2420,2934,2747,3394,3742,4780,3702,5511,4746,8002,5438,5232,8099,7766,7766
6508,40720,54269,78077,102118,130480,163588,177100,218972,255621,256037,294720,292803,353119,352467,351142,351296,349797,452687,448782,448782
6509,592,597,845,1224,1431,2068,1974,2116,2287,2327,2538,3080,3125,3414,6070,5894,10224,7590,7315,7315
6510,7527,11413,25417,45633,64043,87428,100745,109161,117533,130276,146006,188273,184297,214996,265941,266476,315823,316220,314589,314589
6511,485,607,946,1437,2082,2216,2950,3096,4029,4091,4892,4132,6564,4483,4660,4458,7528,7722,7538,7538
6512,48010,43769,68701,86110,120045,138144,168631,188533,224950,224288,222361,268493,319915,320531,321445,320686,422076,424588,416380,416380
6513,650,646,924,1232,1741,1953,2052,2079,2243,2317,2581,3259,3081,3455,5853,5773,9091,7210,7969,7969
6514,7640,11857,26913,47476,64981,88321,103347,111287,120582,131425,148138,192297,193121,221726,273543,273343,330033,324710,330644,330644
6515,639,765,1369,1717,2438,3602,3442,3488,4392,4294,4806,4063,5816,4924,3958,5252,4243,8423,8332,8332
6516,49193,53688,81813,100958,137563,177574,192108,214921,251324,249533,250779,297744,359674,359264,299208,356629,357679,472270,474959,474959
6517,600,569,789,887,1050,1182,1274,1287,1443,1531,1939,2237,1952,2205,3101,4271,4346,3122,5471,5471
6518,8460,14065,30465,53676,72116,99954,107175,116915,142495,156330,205929,201692,203267,231000,284296,281731,282837,281081,333923,333923
6519,544,659,1322,1888,2534,2888,4028,4597,4407,5498,4348,5900,5997,6401,5345,7678,7524,7426,10810,10810
6520,45573,56539,84209,99131,126151,154551,173081,214775,212231,249583,249710,291112,295360,351790,295922,351719,349505,381331,471869,471869
6521,611,581,757,857,985,1392,1470,1679,1709,1734,2281,2373,2239,2451,5216,4009,4146,3816,5452,5452
6522,9457,17188,36727,62451,74874,100293,116209,137609,151784,166535,216075,212272,212005,244813,295819,295699,295205,295434,353323,353323
6523,677,903,1629,2087,2674,2764,3667,3869,4591,4500,3859,4787,5461,4866,6227,4736,11767,11491,8238,8238
6524,46654,64797,92149,110763,134318,164013,195750,213030,240332,239490,287018,286543,329298,329078,396085,328914,526134,581288,493455,493455
6525,655,638,847,954,1106,1192,1231,1305,1378,1458,1723,2032,1940,2202,2610,2826,2344,2157,2884,4926
6526,10799,19298,42023,70877,83616,106360,130500,141378,153987,186418,209466,240240,242035,272651,328342,323907,327185,327391,330012,386279
6527,663,788,1146,1215,1433,1710,1693,1952,2402,2454,2385,2395,2876,2742,3298,3320,3229,3301,4682,9925
6528,52590,87828,121628,128052,153241,166369,205862,239568,261532,295395,293543,342032,343641,342404,390314,387957,388911,366627,461200,537413
6529,650,624,899,1156,1248,1565,1775,1977,2257,2426,2594,2634,2709,3204,3246,4258,3379,4129,4636,6223
6530,12628,20146,41046,61133,73272,87707,101288,123716,156533,170697,188628,188544,209528,239940,239752,321027,273012,329432,327677,394143
6531,667,767,1076,1271,1738,2025,2672,2709,2898,3287,3648,4212,3727,3848,4863,4234,5593,4045,5636,10595
6532,48859,83327,109476,128926,141102,168466,188794,216542,236064,255794,289295,336542,337087,337682,385354,383153,446210,368761,450791,546607
6533,559,485,623,764,900,941,1244,1340,1491,1527,1775,1770,1920,1905,2043,4935,2656,3054,3860,5404
6534,13850,20525,41660,61479,78179,88416,108540,133129,168444,167721,201980,224505,257504,256872,255680,347112,351178,354816,353852,421589
6535,566,717,1064,1285,1574,1965,2234,2368,2628,3006,3630,3729,3746,4553,4581,8377,3508,4928,4900,14571
6536,53278,73203,102588,116398,131485,148687,164127,202149,217060,237856,263288,262334,304612,305593,304199,416940,358201,356857,374888,525659
6537,692,622,755,918,1248,1327,1450,1519,1685,1816,2109,2288,2398,2775,3250,3212,3616,3894,4955,3597
6538,15233,22599,43109,67195,88733,101134,116932,132559,161734,173742,209947,232665,265359,264375,302041,357151,358425,356873,356413,354093
6539,534,733,1022,1260,1358,1694,2007,2326,2844,3239,3283,3564,3478,3887,3976,4867,3969,4901,4925,6709
6540,63802,76363,105332,117866,133448,149953,164610,197414,230346,247668,250206,280461,278875,326027,327489,376878,376476,357215,395970,460664
6541,676,588,740,783,887,978,1180,1483,1701,1675,1941,2238,2171,2585,2571,2704,2685,3405,3211,3974
6542,14155,20446,39149,62262,84304,95015,108709,130962,159147,169950,206450,227951,229373,261734,260772,293335,294402,353344,350875,351537
6543,629,835,1166,1488,1687,2009,2283,2370,2621,2793,2717,2976,3430,2878,3223,3656,3545,5372,5256,5121
6544,63080,76568,104394,117431,130745,148153,173182,193996,225858,246738,246994,275615,321701,324181,319804,370201,371286,438311,481795,444249
6545,772,681,783,860,1017,1145,1226,1271,1438,1341,1593,1791,1591,2018,2724,2506,3244,2774,2622,3341
6546,13609,18145,33705,55328,79125,93883,106911,122156,145190,168971,185757,203931,205297,264313,297451,297417,357387,359286,357107,357252
6547,735,836,1049,1359,1547,1961,2229,2086,2316,2902,3060,3050,3486,2804,3182,3569,3046,3939,3941,5228
6548,52873,68868,95155,111978,125199,141908,164557,176182,218209,239315,268487,266433,309560,308576,308764,360639,359628,403125,371165,464822
6549,676,661,785,1009,1279,1452,1875,1878,2035,2243,2520,2658,2714,3164,3768,3470,4068,4092,6210,5358
6550,14122,17442,32570,57126,82301,92610,111709,119177,140792,165663,197084,197717,220561,252601,284233,283457,337111,347486,346713,347616
6551,696,751,1128,1303,1442,1746,2428,2708,3076,2962,3180,3578,3601,3627,4202,4066,4845,4746,6441,6137
6552,63003,73633,100593,117836,132382,152488,175704,200429,230578,251262,279902,278683,318491,318300,369070,367762,367715,384948,439126,469571
6553,632,652,765,944,1334,1449,1681,1786,1872,2012,2163,2463,2393,2858,3004,2903,3572,3408,4153,3929
6554,13695,17105,31875,56842,80676,90704,109410,123895,140935,163808,197167,222198,220955,252841,286836,286881,339147,344751,347785,346143
6555,442,509,490,615,633,998,1228,1153,1803,1923,1726,2089,2164,2548,3030,3088,3479,3209,4913,4769
6556,61753,88272,116400,135189,149203,175228,193219,237749,257958,279601,308775,313114,361974,357373,413918,410588,409649,372808,441615,438728
6557,668,628,742,862,1029,1235,1317,1397,1550,1601,1753,1846,1903,2050,2107,2133,2318,2999,4073,4378
6558,13252,16621,27862,49251,66204,81098,93665,116623,132612,154693,167196,186821,207162,238060,237183,237300,273140,327410,318283,326588
6559,602,649,992,1456,1798,2101,2474,3018,3416,3738,4029,4660,4369,4629,5648,5533,6485,5232,8279,7938
6560,57027,80587,105105,135039,152119,180422,190574,232485,251209,305584,302525,351122,345561,345685,393294,396211,396505,379017,422210,439271
6561,686,636,709,820,919,983,1073,1540,1626,1751,1844,1961,2167,2342,2390,2685,2629,3852,4875,4613
6562,14398,16722,31254,57140,86519,100639,117975,152312,176600,209841,227792,257688,288815,338012,337620,385490,391650,470529,465859,465112
6563,727,860,1083,1400,1610,2051,2510,2531,2723,2814,3479,3230,3286,3402,4012,3551,3541,4303,5610,5670
6564,50118,61260,87473,113564,125934,139052,162053,172694,215474,230647,252965,255010,279322,279220,322566,364020,369542,430321,428838,412275
6565,709,669,775,831,1242,1445,1571,1592,1690,1718,1978,2165,2275,2502,2540,2632,2636,2842,2882,3513
6566,13814,16125,29180,48298,71126,92446,107349,113119,128551,147029,173841,213352,210911,237213,273072,272364,274445,309007,307804,372883
6567,684,764,907,1347,1577,2032,2405,3281,4265,3913,4066,3634,3924,4304,5032,5016,6523,5014,7063,5383
6568,79336,59885,83781,107253,122989,142121,168530,197414,231415,226765,247319,282569,279771,327439,322019,319635,384584,366870,493406,374761
6569,645,577,777,966,1222,1366,1800,1812,2132,2369,2482,2760,2907,3256,3763,4547,4017,4587,4752,7052
6570,42066,57468,86294,116666,149897,169018,198032,207662,218217,232167,244127,280317,301429,332301,332301,368114,368114,423362,423362,423362
6571,403,455,605,800,912,1093,1270,1449,1499,1602,1822,1830,1893,2161,2657,2749,2749,2975,2975,6281
6572,10425,12011,23438,38264,60896,81227,93256,103299,111890,135705,159119,172891,192056,215889,247819,284249,284249,338562,338562,411058
6573,559,643,928,1346,1928,2702,3270,3503,4191,4707,5505,5889,7105,6869,6079,6902,6902,8222,8222,6254
6574,83024,63989,85380,109748,132492,160612,180663,195985,234149,295715,337506,332048,393000,392623,392623,455524,455524,471268,480825,522715
6575,441,488,610,757,879,1021,1091,1065,1151,1163,1318,1348,1406,1397,1752,1893,1893,2523,2537,2350
6576,10000,11516,21224,35994,57394,79141,91651,100588,114856,133505,143161,177271,176490,198528,224996,263121,263121,315092,316016,313055
6577,613,675,838,1266,1943,2334,3290,3622,3886,4730,5630,5273,7157,7909,6795,7276,7276,7612,7813,7464
6578,47621,63397,84649,113041,133352,170321,199740,236170,231609,287504,330045,328637,378814,377965,377965,443959,443959,477435,434984,431699
6579,464,473,685,874,1181,1488,1718,1764,1827,1979,2062,2325,2335,2438,2871,3102,3102,3522,4774,4634
6580,10099,11901,21778,37727,61773,83415,99939,104777,112231,130453,139087,169988,168680,189800,216021,251777,251777,307811,311950,311472
6581,698,742,939,1283,1723,2283,2689,3339,4106,3875,5158,6793,6883,7541,8709,6900,12042,7876,8196,7778
6582,41722,86035,103757,121879,157033,177053,205906,238701,260099,286555,327117,381929,376124,386273,446369,439286,439286,386030,379700,385626
6583,494,468,706,1002,1284,1658,1643,1832,1917,1963,2087,2220,2265,2357,2633,2619,2834,3412,4453,9048
6584,8121,9582,18162,32034,54027,70277,88535,93778,106703,116664,125675,155987,154943,174618,207836,209643,241813,301584,298090,362616
6585,709,650,965,1413,2252,2970,3323,3935,4389,5578,5785,7375,7776,7750,9320,9618,11828,7414,7699,12779
6586,42914,38431,61189,79251,108818,146186,172509,187546,206270,234448,275614,331927,334954,331242,411743,410138,410138,413246,426379,509422
6587,564,615,761,992,1241,1465,1726,1740,1840,1936,2164,2301,2392,2499,2811,3229,4075,6180,7419,10825
6588,6515,7744,15975,30118,47193,59961,78246,85069,98353,106408,105284,130556,129144,169135,168093,194857,243281,242326,242616,289873
6589,623,685,958,1446,1960,2500,3410,3406,4504,4017,4709,5711,6050,8680,8713,11812,17148,17253,16613,22223
6590,55760,31016,49592,66852,86805,104853,138691,135413,177484,172335,200653,247428,197431,305874,295331,295430,399623,378550,525444,379545
6591,544,636,817,1064,1145,1481,1858,1989,2037,2084,2110,2202,2654,3039,3677,3733,4444,4428,3477,13053
6592,5453,6985,16653,32283,49157,64818,88398,96423,102373,112395,128038,126922,167322,190288,234140,234481,242051,238646,236846,407645
6593,646,740,1274,1791,2402,3072,3476,4466,4709,5268,6128,6166,8782,10990,7824,15263,15714,15961,15161,8163
6594,25185,29022,50485,64370,86977,121713,153631,178740,205782,204350,250875,195685,308315,293072,291959,403569,412464,437764,417900,410521
6595,523,600,774,937,1127,1597,1733,1867,1895,2086,2118,2352,2356,3191,4327,3592,3671,6203,5650,5505
6596,5127,7921,18801,36455,55039,78103,91250,99813,110459,124929,140835,167553,163370,237478,239754,235992,238101,297728,296733,299709
6597,727,806,1237,1880,3212,5017,5685,5784,6281,6552,7286,8847,8604,6666,6833,14453,14067,9892,22063,21638
6598,21367,35879,59475,77068,117215,172097,196466,233101,231167,232443,266692,338562,320450,321023,320331,432428,446120,417805,409030,420191
6599,525,601,899,1226,1744,2104,2374,2361,2579,2903,3172,3278,3513,5520,5541,5072,5001,6495,6216,6327
6600,11291,24052,33940,43491,54916,61957,72652,80554,88258,92938,107706,111262,118594,123781,133291,139333,149324,149324,155345,163515
6601,318,400,481,526,537,471,470,493,514,513,524,539,542,541,539,552,557,557,572,570
6602,2934,3829,5580,6599,7652,5103,5543,5596,6018,6000,5977,6421,6448,6450,6444,7039,7056,7056,7042,7087
6603,472,492,568,603,643,611,641,619,665,690,684,687,655,693,694,665,699,699,708,688
6604,32678,62086,71644,69171,65601,46443,44850,43304,44530,43516,39758,39245,38374,37876,36085,35470,33795,33795,32924,32236
6605,374,418,430,472,479,446,447,555,471,491,493,493,494,491,490,488,591,591,490,488
6606,5087,5685,7224,8531,9270,7240,7807,7890,8607,9291,9349,9315,9348,9403,9327,9377,9439,9439,9387,9433
6607,637,657,795,854,902,787,825,849,865,946,901,898,887,904,927,891,920,920,927,901
6608,67160,69083,77006,78702,80381,76912,72893,70747,71908,74700,69688,69017,67201,65609,62749,61840,60171,60171,58831,57949
6609,479,559,649,677,745,716,683,700,766,793,755,760,762,751,772,767,809,809,765,783
6610,7604,8870,12126,14328,16577,14271,15450,15562,16776,17619,17540,17337,17459,17506,17441,17470,17690,17690,17830,18016
6611,667,729,932,918,1004,962,992,1009,959,1054,1101,1267,1076,1179,1185,1089,1117,1117,1092,955
6612,80599,37088,43567,45449,47354,46229,47993,47989,47145,49839,49564,49382,49322,49769,49390,49077,48956,48956,48827,49022
6613,608,841,981,1020,1126,1055,1106,1107,1182,1266,1231,1239,1238,1256,1267,1264,1248,1248,1256,1245
6614,8028,14027,21713,25372,29605,27533,29625,29930,32577,35884,35640,35510,35851,35625,35553,35551,35724,35724,35750,35690
6615,926,1254,1740,1855,2104,1964,2093,2048,2104,2046,2073,2116,2115,2213,2185,2009,2049,2049,2263,2177
6616,33932,50889,57296,60258,66632,65156,69533,69114,81445,79599,78463,79092,80298,79649,79084,79448,77517,77517,77683,77781
6617,819,1003,1161,1446,1444,1418,1458,1456,1410,1487,1487,1449,1494,1499,1566,1632,1543,1543,1544,1583
6618,18180,27675,42377,50812,56332,53395,56591,60368,59277,63106,62736,62594,63242,63383,63023,70078,70263,70263,69814,70128
6619,910,1749,2485,2938,3432,3222,3315,3583,3427,3977,3922,4059,3874,3930,3850,4912,4800,4800,4841,4835
6620,51901,71878,98344,113684,135070,126743,137987,137408,133993,147947,148169,148000,147935,147688,148939,167166,167091,167091,167361,165961
6621,717,1022,1092,1877,2234,2117,2133,2090,2162,2144,2082,2472,2471,2430,2481,2411,2352,2470,2442,2507
6622,14219,30477,45855,62302,94486,86796,105285,105830,106152,103819,104331,114115,114621,114615,114276,113050,113119,130539,129717,130576
6623,984,1620,2735,3396,3841,4615,5310,5314,5230,5424,5444,5837,5651,5657,5763,5667,5635,6115,5854,6150
6624,47785,80854,114840,165331,201868,207266,277599,234076,235298,227891,229860,276391,274989,275972,275353,271146,270957,270957,270759,270528
6625,789,1026,1281,1329,1454,1523,1568,1842,1942,1984,2016,2079,2091,2124,2163,2041,2084,2084,2193,2126
6626,15357,35008,58217,82258,113598,113887,141770,162563,189718,190711,190713,187005,187178,190206,189398,187137,189878,189878,188169,187733
6627,907,1333,2075,2226,2781,4097,3880,3925,4160,5492,5398,8184,7809,7973,7808,7850,7477,7477,7876,7649
6628,51362,100095,125506,159317,182759,230358,219440,321479,322834,365107,364074,425433,422719,427038,428840,426893,428250,428250,428226,426199
6629,724,1262,1435,2087,2457,2632,2952,2991,3197,3254,3253,3659,3587,4213,4174,5327,5015,5015,5101,5072
6630,13386,44707,54970,83890,106300,131957,132393,148605,175318,171627,173688,199461,200124,250303,246593,250401,250429,250429,250527,247314
6631,950,1294,1626,2181,2962,3141,4154,4390,4807,5818,8370,9981,9837,6762,15619,13980,13553,13553,14221,15048
6632,80763,80778,98657,141696,167814,186067,211128,247568,246834,288800,359963,358589,359421,360715,481128,481171,479574,479574,479788,480127
6633,466,709,862,1157,1400,1665,1744,1949,2303,2424,2250,2805,2937,4281,3449,3552,5768,5768,5627,5813
6634,7957,32379,43075,66721,103232,131498,128774,167967,172013,198472,197010,241914,241052,245131,242327,244711,301412,301412,299765,298851
6635,805,1195,2155,2868,2855,3020,3987,4291,4119,4563,6582,4616,6436,7005,15733,14436,9783,25943,26325,26519
6636,38893,69240,90746,119396,140593,160642,179088,212003,213437,255041,315408,250548,314250,325927,426035,429327,430877,430877,429165,430462
6637,769,1029,1504,1588,2169,2620,2680,3307,3858,4495,3789,6663,5764,5673,7645,7450,7471,12352,12544,12340
6638,11054,33906,50045,81840,106013,131640,173827,172477,202865,250215,245930,250062,246701,246504,295174,296140,296523,405584,404983,405058
6639,844,1391,2030,2788,3257,3829,4050,4687,5103,4959,4908,6450,6362,12500,9658,9768,22837,12063,11815,11612
6640,43868,67624,92765,126055,150337,166001,235684,230685,282681,276639,276148,341583,339473,459664,445757,447413,442807,442807,439527,442135
6641,734,1114,1239,1771,2106,2535,2698,3266,3300,4097,4242,5112,9919,6135,5983,6012,11307,11307,11704,11342
6642,11415,32821,51714,84324,108826,135901,180472,178918,207547,254622,253506,251132,312073,310470,309825,309723,415148,415148,416013,418781
6643,984,1380,2011,2411,3024,3532,3723,4141,4398,4603,4787,6043,8537,8452,8459,7767,9902,9902,9639,9388
6644,44467,67446,91151,130762,158808,175435,235740,235702,288027,287753,275670,345397,471048,343988,343746,342454,464078,464078,463818,464771
6645,764,1047,1426,1456,1672,1931,2671,2510,3210,3077,3218,3853,5348,7454,7326,7267,11326,48615,47881,48406
6646,10760,28922,67944,84257,109130,135723,175597,172406,253668,254213,251729,250020,306972,304837,302949,304109,410071,410071,410521,410238
6647,921,1361,2394,2338,3195,3714,3379,4289,4347,4496,4491,5861,8587,9169,9233,9289,11172,11172,47650,46721
6648,44588,72162,120966,137421,163913,182617,240369,242283,293128,291705,282339,339712,340820,341803,339896,339282,458674,458674,677251,680094
6649,667,1107,1908,2414,2464,2984,3473,4124,4428,4259,4443,5718,9124,8975,8908,8952,11277,11277,29898,29709
6650,9686,28477,66067,100915,108256,137336,177336,212403,259734,257515,254882,254508,320813,321106,319912,319002,426123,426123,421254,424042
6651,743,1063,1330,1968,2191,2470,2921,3594,3786,3799,3713,5046,7122,7218,7676,7293,8611,8611,44995,45132
6652,36226,88005,130015,177499,194090,213992,287421,335909,336585,333946,328584,386162,345943,345590,343832,344304,463882,463882,674041,672984
6653,689,1016,1634,1941,2264,2610,2719,3026,3476,3411,3513,3932,7536,7383,7316,7137,9555,9555,19879,20689
6654,8565,21997,50836,74972,106617,135311,175165,207983,258804,255690,253573,256384,311750,311408,311256,311230,420844,420844,418655,419727
6655,563,978,1275,1753,2442,2864,2761,4149,4008,4197,4318,6282,10528,10759,10363,10663,10822,10822,43778,42493
6656,56694,83579,98419,130479,186369,203253,273953,318683,323654,323854,319660,384994,361802,364016,356216,356324,488451,488451,693958,687785
6657,754,934,1156,1450,1728,2453,2679,2725,3122,3096,3169,3722,6675,6530,6094,5924,8767,8767,20929,20854
6658,7929,23148,45668,62626,99706,139242,181184,206458,260627,257465,252333,261994,322039,321948,315886,317618,428164,428164,422874,421270
6659,850,1304,1926,2496,2779,3615,4820,5273,4243,5364,5572,7107,10048,9687,10922,10632,11864,11864,48112,46696
6660,53315,76325,102156,120112,137254,183834,248467,289428,295454,294225,290801,352772,469282,354531,347767,348900,466151,466151,675449,677792
6661,791,1090,1214,1315,1728,2308,2323,3262,3248,3898,3989,4400,5189,7398,7364,7666,9686,9686,25905,25616
6662,8148,30732,47843,60383,84799,151034,147013,225213,227057,272756,271930,275107,329146,339549,328858,329370,442859,442859,436066,436168
6663,760,1334,1862,3142,3421,5126,3755,4848,4472,4929,4935,6404,9042,9332,9424,9240,10502,10502,42576,41274
6664,40462,74539,88465,109785,145466,221670,189963,306907,308827,375452,305537,368461,477932,369131,368094,368338,483630,483630,680635,678661
6665,744,860,1377,1428,1894,2340,2414,2634,3659,3297,4345,5442,7315,10134,9467,10790,13463,13463,29055,32166
6666,7457,29545,50342,61863,83673,138004,123940,176839,237570,236964,287760,285540,350406,356415,348276,353576,450970,450970,454668,461690
6667,779,1094,1405,2283,2257,2972,3892,3365,3519,4102,4576,6074,9106,8085,8377,8495,10022,10022,40511,39162
6668,39362,72983,90801,117025,140564,177834,176343,198471,267687,313762,313077,376538,503266,381359,380129,379693,485882,485882,699477,699249
6669,729,1075,1329,1376,2252,2755,2930,3129,3513,4328,5116,5840,6687,9129,9681,9721,12480,12480,35020,35156
6670,8318,31172,48123,59782,77655,125983,126102,155930,174661,232287,285979,286142,340312,349047,349442,347903,451860,451860,452330,451510
6671,760,1103,1246,1885,2486,2120,2864,3089,3739,4196,4573,6151,8251,8837,8364,7893,10058,10058,42619,43391
6672,42443,75651,92814,110860,142730,162066,179794,196265,221961,310461,310915,379846,506391,514630,387073,386069,495623,495623,699108,701051
6673,851,1028,1185,1529,1715,1982,2178,2327,2422,3614,3560,4226,4976,4909,8265,8095,10138,10138,31774,31962
6674,9525,31100,44533,62707,79861,114876,133637,147813,165683,298604,298615,296947,351082,353412,356983,357963,467630,467630,459586,457280
6675,827,1145,1273,1600,2106,2040,2413,2792,2784,2834,3574,5037,7996,8155,7582,7908,9227,9227,40291,39816
6676,39149,81631,94991,122514,158247,168451,178340,219713,219122,341616,339208,404184,506372,517221,392034,390625,505509,505509,684593,685493
6677,774,738,893,962,1032,1117,1256,1363,1430,1562,3083,3550,4834,4935,7954,8220,9803,9803,32959,32254
6678,10120,33348,51642,71462,81514,110042,137324,147613,182089,199124,311609,317282,380271,381451,387443,385981,504730,504730,499036,499034
6679,670,1011,1228,1577,2163,2517,2822,3491,3597,3794,5449,5409,4719,11885,11163,11243,13758,13758,56183,55875
6680,47937,90847,111209,124495,148993,181654,212724,230944,252804,244852,457084,385403,359409,552578,569009,415257,546359,546359,727082,728577
6681,798,741,826,1033,1089,1169,1493,1728,1725,1929,2771,3075,2240,4456,4265,8360,11376,11376,37494,37448
6682,11441,32240,46676,63494,78670,94964,117293,148241,159716,195739,344578,350615,256745,419815,420996,419284,566208,566208,557792,557636
6683,545,898,1206,1544,1844,2373,2475,2881,3165,3046,10069,6349,3695,19778,19771,19921,23654,23654,70706,71471
6684,58448,96223,114723,128196,151628,175475,202474,215845,237963,256628,456012,391884,344683,582167,579747,429533,595991,595991,827112,830222
6685,759,805,966,1176,1394,1590,1681,1868,2046,2208,2773,5720,2362,6584,6652,11692,12987,12987,2609,38053
6686,12964,27518,44982,61394,77613,88918,111719,134586,159800,172370,248033,338498,215096,414321,416039,413763,549954,549954,285660,562977
6687,818,1025,1231,1544,2193,2576,3054,3438,3848,4070,3125,4556,4473,10058,10479,10730,13296,13296,5643,52239
6688,66655,77354,95550,115478,136652,150949,182475,214717,236755,232793,266647,364386,333035,578294,576171,434752,577431,577431,450286,831142
6689,727,761,1090,1335,1433,1610,2193,2385,2480,2924,2909,3476,3286,3339,8113,13239,17143,17143,3571,4165
6690,55886,88475,132296,144905,161876,186295,205928,229980,243391,282823,282823,310683,310683,342763,456035,456035,456035,456035,393804,456035
6691,456,579,855,1069,1129,1370,1575,1686,1905,1962,2365,2818,2395,3689,12935,12935,4765,12935,2756,3553
6692,12915,21872,42990,69012,86926,104079,117777,142575,168660,202116,222444,255807,255807,358740,553369,553369,418254,553369,296443,349447
6693,537,765,1295,1516,1882,2190,2361,2667,2830,2887,2916,2935,3411,2908,5062,5062,3312,11074,8095,5049
6694,64579,83244,113715,127092,138194,164276,201145,234126,252881,283687,283687,333340,328163,305478,545195,410853,345785,545195,427255,445687
6695,425,502,639,796,880,940,1364,1452,1627,1691,1959,1914,1878,2443,5199,7224,3032,11938,2334,3508
6696,13916,21939,44941,71656,88392,101735,126863,143863,168808,185465,206750,232785,232464,270810,448486,431729,352869,586133,305409,356295
6697,655,726,911,988,1131,1467,1498,1744,2203,2119,2394,2244,2525,2156,4045,11415,2683,16139,4391,5304
6698,56584,68964,92821,102275,117576,141125,152846,177995,210008,229318,260368,260701,321979,344343,423732,530823,368234,551717,462267,394322
6699,497,519,806,1134,1336,1476,1875,2064,2240,2342,2580,2727,2631,3017,3129,6362,3912,6289,3309,5239
6700,10927,16157,34415,55443,73918,85096,102974,116371,147361,161228,177018,201445,201733,234144,265933,388996,323527,386302,265213,324127
6701,603,768,1112,1244,1310,2029,2212,2836,2509,3009,3243,3354,4343,3618,3697,10795,3937,4637,9606,5529
6702,41149,68062,101687,115500,139282,161351,203930,219386,240577,272052,267431,313574,259562,333079,362745,506795,299244,373200,434408,415575
6703,491,593,953,1365,1488,1871,1902,2014,2131,2233,2441,2563,2723,2708,3046,6478,6134,4766,3408,4592
6704,9130,13451,28631,45790,61060,78759,91234,104785,124649,136274,151247,171803,203425,200339,225175,331674,276869,279024,276309,275642
6705,546,656,1164,1624,2150,2651,2892,3118,3658,4792,5430,5722,4599,7662,5978,11261,5696,5736,17295,16762
6706,53886,75029,104373,130673,157280,210458,225542,243601,273591,322215,370829,371186,356214,388783,369252,484693,405400,383913,496624,567826
6707,478,506,772,1031,1071,1174,1183,1252,1326,1387,1562,1650,2076,1839,3517,20337,11023,9828,4520,7562
6708,9371,13996,30364,52502,68812,84087,96769,110599,129615,129546,157428,175762,204776,204661,233311,344648,282822,282688,281944,280172
6709,532,667,1294,1729,2061,2660,3554,3830,4414,5210,4727,5134,5246,7216,6152,12245,7446,7195,14343,14580
6710,58353,58909,87437,106796,129435,144585,184942,201761,227213,264493,263289,263573,343642,359849,370501,464234,399819,332395,482007,481032
6711,411,428,668,808,798,1164,1180,1331,1361,1401,1535,1709,1718,1901,2647,6541,3966,9818,2621,5615
6712,7927,11931,26446,47014,65510,83689,93850,113000,122278,133855,149644,167886,195158,190663,271691,320814,272490,333814,270237,327133
6713,547,663,1194,1993,2458,3096,3793,3894,5071,5229,5233,5602,4735,7296,4314,10036,5970,9289,13608,9625
6714,44923,48891,76784,96368,125559,158888,170232,216938,252535,250802,304424,294475,315732,344845,297838,468918,371999,514826,455754,468336
6715,487,603,928,1326,1374,1448,1484,1515,1751,1858,1843,2137,2318,2188,6239,6728,4923,3766,4000,6649
6716,7290,11870,26409,47522,64193,83123,88472,102895,111589,122983,137450,180394,180360,177784,257902,305243,258359,254276,255485,307788
6717,684,786,1216,1796,2265,2943,3289,3825,4671,4893,5840,5092,6915,7197,5326,8098,11280,11034,11122,20591
6718,31820,43284,69558,92647,118802,153680,152485,191935,224478,221023,272540,269494,331241,352299,327662,428117,440455,509346,477670,438690
6719,482,572,947,1350,1434,1905,1950,2388,2353,2593,2737,3052,3283,3163,7059,9180,5894,5376,5403,9155
6720,6610,11797,26818,48997,65493,85977,92818,107158,106819,131287,130823,173212,175879,174681,248809,298948,249466,247675,247291,298546
6721,565,690,1417,1762,3063,3637,3863,4620,5295,6746,6469,8341,7881,7519,6070,8795,11413,10922,11488,22511
6722,30595,52411,76344,110646,147230,171616,193231,216316,253857,299376,253944,355187,328319,348309,353839,446674,433406,456917,487109,448031
6723,490,658,972,1494,1720,1879,1980,2021,2144,2218,2436,2566,2806,2844,5250,4073,4200,7131,4065,6827
6724,6025,10665,24462,44419,56964,74385,86170,95033,103602,114573,129053,164701,165345,164721,238355,240742,238315,290943,237794,292754
6725,709,877,1314,2048,2575,2893,3307,3847,4188,4505,5028,6780,6606,6758,4593,9024,9503,7003,9585,18858
6726,25421,53215,77819,108899,130766,167550,185593,210487,253645,249419,253174,341617,288445,338676,345285,420011,454298,421693,455158,427606
6727,459,504,843,1129,1048,1118,1243,1310,1315,2070,2558,2388,3340,3004,5562,8804,4361,8621,7897,8261
6728,6578,12827,28412,49067,63245,83087,98614,106064,105244,128234,171191,167740,195044,194062,240972,298039,238636,297403,291605,292400
6729,614,833,1512,2439,3548,4219,4536,4891,5592,7354,5948,7983,10061,10220,6859,9068,12601,8583,21025,20964
6730,35026,56121,78878,104952,137727,162025,204340,203629,237764,280848,283668,333821,325637,310530,335805,412994,464069,427411,420656,427170
6731,472,537,786,1204,1391,1758,1964,1733,2000,2401,2993,2753,6315,11521,11459,17821,8596,17722,17549,17493
6732,6124,12680,27931,47218,60945,77045,91240,99798,109552,121999,164890,162166,234332,238157,235192,279559,229332,285240,278352,284908
6733,442,613,1049,2106,2835,3521,3892,4461,4952,5194,4376,5901,3834,5377,5781,7726,9477,7336,18184,20347
6734,36603,45561,71051,97536,118714,142729,177708,216263,210399,253440,254654,300813,256949,294410,300405,396861,424501,400453,394524,393666
6735,464,621,856,1411,1344,1482,1563,1599,1719,1819,2546,2110,3533,5032,10281,7077,6160,6971,6984,12060
6736,6280,14386,31230,52629,71569,90665,108883,107795,133211,133596,177612,172946,251891,253792,303332,302522,296413,302142,301389,414873
6737,698,896,1390,2113,2664,3225,3133,4380,4112,5348,4624,7193,4387,5996,4510,8202,7810,8325,8075,4803
6738,34159,48194,70970,97578,132014,146934,186962,220352,217238,218948,269197,320029,284818,317334,321602,431916,419832,436376,434356,432335
6739,477,682,1072,1643,1904,2022,2277,2371,2741,2926,3400,2995,4881,6014,5746,7889,7587,7577,7794,7798
6740,6364,15147,32786,51672,75289,87462,102758,102044,125677,143883,169932,166489,242441,242108,242681,289010,294260,293308,296136,295654
6741,679,1108,1701,2768,3105,4246,5064,6209,7352,7391,5918,8420,4737,6400,6172,7568,7462,7066,19538,20063
6742,33783,51598,72424,100941,126493,153544,178963,208803,250669,256947,253687,300726,267885,290427,301282,415851,415124,419043,417683,415418
6743,567,885,1307,1782,1951,2061,2199,2303,2522,2871,3753,2991,4761,6338,12452,8714,5001,8584,8670,8654
6744,5294,14000,29838,45784,64386,74503,88630,88722,111328,152486,174264,149508,217359,216961,270461,261207,214199,255732,255984,260342
6745,690,1004,1519,2260,2441,3207,2878,3497,4298,3866,4495,5072,4659,4094,6127,5775,8271,16191,16241,15033
6746,24917,42445,66382,95038,121401,155333,150447,175679,210741,209798,264294,260856,282184,285111,351812,364369,364682,357526,358446,365416
6747,508,785,1096,1311,1427,1589,2043,2033,2209,3323,3514,3567,7478,6810,11379,11249,9334,17500,16962,17676
6748,5962,17158,39470,53918,73951,87498,96017,105760,117067,158105,179318,178468,220803,229154,267703,274576,270237,376601,376681,381105
6749,596,1087,1826,2853,3718,4319,5352,5704,6281,6354,7084,10666,8380,7793,9733,9767,9895,6623,9709,9655
6750,24074,55247,72604,104369,133650,172804,210343,203991,198700,239472,285851,284836,277782,299364,378329,369365,373126,364325,364755,373770
6751,547,728,985,1185,1520,1683,1760,1898,2409,2976,3360,3248,7719,6846,10464,11168,10388,10302,16326,16445
6752,5372,17018,38175,51094,69230,81274,89543,111279,125492,150078,174933,175218,219376,219195,266632,267749,268360,267628,372597,378522
6753,653,1173,2348,3379,3528,3651,4707,5643,6146,5056,5989,9197,5907,6148,8628,8305,8635,19090,10101,10478
6754,22766,59749,91816,128740,148357,183521,215814,255676,255004,245485,296651,298020,274666,295397,370596,372879,380830,369481,371775,375846
6755,424,474,657,688,800,889,915,877,1215,2002,1936,2767,9973,8953,18411,18170,18017,18493,29357,29297
6756,5659,16810,34690,48039,63345,72585,86347,94392,116704,137852,135953,158593,197528,202529,240981,241489,243580,241353,347313,348423
6757,727,1124,1915,2752,2840,3573,4014,4736,6309,7012,7371,8923,12905,11171,9281,18301,17804,18886,8562,9556
6758,29839,56671,82696,103318,130541,138039,154131,187550,217606,275502,264511,263904,367764,374893,327816,324385,334430,325134,329067,332254
6759,534,971,1156,1511,2109,2424,2518,2698,3309,3860,4231,5121,6755,6626,9588,16862,16544,16740,17008,51516
6760,5310,17602,36687,50637,67794,80580,88353,109171,150038,149667,174141,217241,216776,217554,262520,369486,368282,369569,371849,370417
6761,686,1236,1590,2259,2666,2798,3586,4607,4498,4341,5588,4257,5871,12179,8872,5446,5343,5747,10122,10204
6762,30789,57276,83428,98976,129745,162819,196255,225137,224682,222545,272453,220687,277447,352332,348088,347935,351079,347167,349456,350853
6763,570,1028,1563,1897,2051,2098,2284,2531,2774,3281,4758,8026,6815,9282,8346,8692,8406,16492,16380,16104
6764,5370,19418,39916,54799,69455,82089,88604,108612,142443,141774,208850,208338,210003,250240,247361,250229,248745,356755,357047,356282
6765,633,1112,1659,2508,2867,3330,4022,5185,4530,6934,4595,6219,6012,9249,8967,20762,20556,9521,9287,9923
6766,29496,56721,76644,108755,129247,162434,195345,231471,229585,282116,285814,280408,299577,384720,382590,382890,382220,383766,386740,382882
6767,610,812,1146,1201,1406,1523,1771,1740,1859,2339,2611,5772,5741,15855,15394,7900,7965,15252,15372,15019
6768,6095,24119,44282,60846,80204,94961,94444,116603,151686,150998,185103,225029,227852,381229,380026,276313,275037,380141,379161,380189
6769,639,1537,1663,2533,3243,3663,4921,4708,4667,5657,6380,5014,6774,4638,6897,10631,11076,12062,12350,12403
6770,31607,55367,66405,87737,124770,158623,187737,186337,186609,219234,278537,219802,293195,270010,374559,375392,374721,375349,377388,374475
6771,564,887,1185,1534,1606,1812,1943,2187,2811,4109,3715,8677,7077,6805,5838,9248,9058,15485,15656,15140
6772,6246,23711,44263,60577,74545,86894,94357,115966,153834,173965,174500,213398,216820,213053,213396,258220,258034,361981,363917,362159
6773,620,1385,1818,2346,2846,3317,4165,4054,3702,4470,6015,6601,6217,13776,12560,10249,22209,11676,11205,11514
6774,25487,52347,63860,85043,118991,151818,177832,177028,177417,209721,263281,275269,270891,380053,371654,370192,367575,367166,370920,366797
6775,612,959,1244,1420,1461,1488,1649,1950,3553,4037,3298,8311,7805,5836,6103,11051,11158,16435,17051,17057
6776,6491,24526,45660,61253,82288,88865,95917,117684,156687,178749,177312,221518,223408,220780,220836,265949,271419,374069,372252,372415
6777,376,793,856,1445,1791,2379,3394,3235,2862,2861,4365,3076,4529,4676,10804,8255,17826,9699,9900,9769
6778,27654,64873,78598,104574,150959,190271,224807,226745,225937,267613,316570,257125,303148,294241,414494,410209,410387,411174,412382,410283
6779,621,894,1414,1659,1962,2140,2311,2710,3342,3653,3709,8486,10344,9163,8556,17595,15721,28080,28972,28361
6780,28916,69961,97449,117803,138871,155676,164276,190739,205366,227905,227905,252712,295279,295279,295279,343697,343697,343697,343697,343697
6781,430,757,1028,1089,1466,1553,1769,2007,2321,2500,2500,5521,7784,7784,7784,11898,11898,11898,11898,11898
6782,6492,22378,41427,57236,67595,83881,100060,130706,171827,164683,164683,239041,269830,269830,269830,365733,365733,365733,365733,365733
6783,400,1024,1906,2683,2780,3313,4133,4149,4163,5158,8031,5138,6176,11828,11828,7730,12737,12737,12737,52326
6784,42037,100418,125992,173220,182603,213386,264534,306118,296588,328080,383661,325166,284471,431347,389780,382953,382953,382953,382953,553949
6785,421,618,919,1086,1365,1403,1587,1804,2105,1989,2205,2835,5093,2910,3917,7132,7132,13530,13530,10705
6786,9498,25544,43274,55734,64727,90279,104732,122394,147240,165462,189436,220113,265691,262985,264364,315941,315941,420152,420152,415681
6787,639,947,1161,1745,2041,2275,3152,3348,3451,3220,3390,3484,3996,4054,6146,11445,11445,15965,15965,13735
6788,55551,88716,101963,112029,140784,164246,194411,210840,237499,284191,282668,332892,308729,317523,365687,428736,428736,428736,428736,420974
6789,402,620,1014,1225,1552,1817,1958,2496,2822,3003,2967,3315,3669,4148,4966,4345,6026,9815,9815,11230
6790,10062,23487,46537,63641,77827,94292,114436,133687,163120,180788,183826,212543,241515,294490,294338,290664,346407,464791,464791,467470
6791,648,987,1276,1516,1967,2404,3245,3318,3399,3555,4007,4394,4184,3467,4852,6705,11606,14152,14152,14203
6792,58867,69947,83113,98836,120302,126780,178308,193917,221744,221536,261150,262035,349737,338152,351276,391567,478729,478729,478729,477754
6793,449,754,1059,1472,1648,1886,1966,2183,2425,2708,2491,3495,2919,3219,3808,4259,5301,5301,9321,9182
6794,10168,22160,45150,65911,75777,88390,106440,136340,162817,184607,164395,237217,209272,238542,294762,295552,344018,344018,462143,462136
6795,584,956,1139,1487,2118,2589,3431,3289,3473,3580,5152,3809,6481,7605,5562,8422,14037,6635,14967,14662
6796,51644,58986,76136,92920,115641,134967,172790,190889,213738,218625,248843,247547,338056,379379,346430,420412,479466,365551,479466,479268
6797,545,737,909,1088,1177,1249,1357,1595,1699,1880,1869,2800,2115,2284,2890,2776,4814,3599,8142,8204
6798,10525,22572,45561,65236,75496,88196,106819,134880,161770,183380,180276,239384,206441,236740,289430,285576,337862,281668,456172,455918
6799,580,911,1293,1567,1977,2568,3339,3340,3556,4090,4829,4777,6591,7972,6617,6344,7759,10152,16905,17002
6800,43327,76613,97545,115506,142060,164239,204442,226144,253122,255141,292056,294671,313722,361179,314166,349319,407626,374159,483178,482232
6801,525,643,716,835,980,1600,1933,2227,2191,2433,2382,3483,3571,3322,4431,4110,4956,8367,6423,11601
6802,12159,24383,48121,69657,83344,96130,117120,148731,160252,181124,178560,235004,268247,263469,327295,325481,323752,388257,389415,506693
6803,616,934,1272,1484,1909,2158,2403,2896,3236,3394,4147,3573,4111,5426,4155,6085,10672,9100,20173,27377
6804,44980,82054,109039,118055,141423,165571,202627,221465,243048,274869,267527,324388,267333,352358,315294,333970,404083,386184,506728,505960
6805,536,699,870,1089,1127,1275,1294,1401,1492,1599,1940,2147,2518,2481,2793,3760,4367,4649,3812,11914
6806,13826,25094,49739,71221,81660,98457,112695,146021,157129,188179,188535,235791,237973,235432,266490,318827,318318,319069,311050,492135
6807,599,878,994,1135,1284,1505,1552,1827,2492,2408,3577,3311,4134,3998,4402,4452,4680,7162,6662,13252
6808,56763,84946,107124,127350,136558,164464,170887,212649,251773,251609,280463,322693,318408,319719,364641,327855,323562,433199,430483,514936
6809,448,640,849,1068,1222,1452,1846,1986,2495,2737,2881,3157,3720,3579,4077,5030,4856,6446,6268,13175
6810,16263,27411,50381,72358,90391,101671,118081,142433,179393,216616,217246,239537,269314,267728,307927,366179,367067,362839,359791,565454
6811,644,811,1057,1195,1256,1405,2075,2435,3092,2824,3296,3341,4011,3951,3883,4002,4802,4797,5070,6108
6812,61013,84865,110916,124467,134592,157440,172932,207441,242851,242048,263788,266259,366549,367769,367599,418108,416964,418633,400566,443845
6813,481,627,866,1079,1313,1615,1798,1927,2010,2259,2431,2548,2532,2546,2935,2890,3209,3679,3869,7152
6814,16284,23787,44439,64342,82911,95224,109176,129462,154695,179319,213390,214543,236471,235816,269821,269540,301476,357381,354484,424645
6815,615,878,1197,1221,1573,1755,2039,2118,2096,2429,2724,2905,2929,3305,3553,3687,3823,4271,4207,5127
6816,50251,69857,96090,107969,117921,128572,155916,162490,200740,220478,241052,273809,287149,320724,343382,345468,402282,401697,400922,424351
6817,510,657,787,950,1091,1258,1331,1372,1553,1914,2121,2163,2312,2178,2477,2903,2579,3347,3685,4267
6818,14784,24207,43088,67062,86439,102290,111048,131813,157586,183588,218017,217049,275828,270921,273408,312134,311697,365216,371566,368686
6819,509,684,961,1266,1365,1660,2004,2487,2872,3204,3371,3831,3722,4318,5067,4551,5650,6112,5969,9606
6820,60222,70106,92680,110850,120143,131303,157522,179531,204789,225011,244649,272572,303794,329755,344317,362270,416471,387072,427622,474937
6821,469,591,766,919,1148,1184,1374,1923,1915,2046,2546,2339,2872,2763,3446,3390,3431,4353,4092,4800
6822,17308,25275,46840,68574,91582,105611,120805,136785,161864,184115,222160,211871,239526,262647,272698,274072,307908,364489,364275,365146
6823,535,812,966,1114,1337,1661,2008,2226,2496,2906,2939,3296,3346,3392,4056,4407,4624,5140,5248,5205
6824,46872,76714,99956,113268,121763,137287,155928,175129,217525,235761,260516,278315,286017,310155,332257,346746,391525,387348,429279,382777
6825,537,631,779,1103,998,1294,1389,1274,1328,1753,1739,1749,2287,2099,2367,2413,2596,3429,3288,3090
6826,17933,25693,44333,70538,94643,110030,123413,148149,175040,205775,227050,244201,312386,303606,312175,316090,350871,417784,419458,413352
6827,531,778,960,1005,1152,1392,1566,1744,1816,1763,2267,2442,2256,2355,2340,2655,3201,3243,3160,5766
6828,48685,88059,118117,126436,142724,161362,173999,190260,230127,244529,264833,284424,259425,287034,287822,339925,338439,403737,393376,415846
6829,436,528,735,991,1200,1382,1408,1867,1989,2557,2561,2884,3482,3204,4264,4001,4722,4218,5922,5212
6830,18913,25647,44983,70348,87016,106166,115172,136762,163460,200858,201369,239766,264859,260547,297265,296698,334040,331257,394316,393322
6831,606,803,974,1168,1319,1544,1854,2662,2634,2584,3160,3388,3135,3792,3754,4833,4115,5275,4257,5708
6832,42351,81607,111228,127122,136373,152866,172561,189513,227166,244262,264601,287668,259931,337603,360058,350320,328785,450169,411356,454631
6833,333,387,547,526,747,866,1076,1165,1301,1426,1664,1888,2104,2059,2074,2807,3650,2730,3909,3514
6834,19206,25246,44189,68844,91625,111641,125329,142109,170590,193925,206719,245685,245819,268393,306434,305433,347340,344531,405281,405637
6835,461,650,801,989,1046,1360,1524,1867,1885,2200,2510,2455,3787,3861,3344,3688,4135,4730,3685,4892
6836,43626,81122,109697,131648,142669,152089,177528,184300,215923,246132,266087,265333,275696,313523,384556,354026,359183,422103,419683,435634
6837,518,626,765,887,1054,1150,1277,1438,1416,1679,2121,2341,2465,2299,2265,2882,3561,2996,3769,4026
6838,17678,21950,38904,60318,81697,101725,113790,128607,152077,182031,194522,230449,256910,229041,283576,290996,328893,321950,384244,376579
6839,519,731,854,1151,1344,1683,1765,2493,2436,2902,3326,3541,3627,4697,4388,5082,5301,5406,6050,6192
6840,49657,66276,89914,109129,118407,132743,148843,164997,194632,208341,228830,249275,275171,290216,339147,358061,411182,373398,412226,377607
6841,441,613,733,931,1059,1253,1390,1830,1772,2014,2054,2207,2886,2589,2725,3230,3476,3419,4077,6002
6842,15988,18469,34006,50309,73138,95904,108452,133439,140345,169801,182434,216928,242107,239791,274395,270694,307952,308636,361057,364751
6843,597,705,1094,1532,1691,1862,2331,2521,2814,3267,3780,3667,3782,4327,4585,6081,4827,6392,5468,7283
6844,41083,50845,75882,97123,110117,119294,144608,162982,186792,204349,222144,250632,264778,291059,303884,367609,363405,342119,358108,419082
6845,604,672,775,900,1133,1262,1437,1512,1472,1566,1708,1787,2113,2104,2243,2736,2526,3846,3265,4119
6846,11564,13443,22507,36605,54083,71873,85737,101085,106916,131007,142519,172236,192245,190777,217748,246450,245979,299740,294758,295924
6847,735,809,918,1218,1647,1995,2568,3346,3733,4573,5014,6384,5060,7278,9773,7072,12867,8970,8601,19492
6848,46784,43987,57959,79995,95439,117606,141412,181081,177011,223224,259622,310082,275640,307968,367901,381076,371417,368008,361711,496902
6849,505,541,716,908,1217,1396,1878,2069,2369,2462,2640,2776,3798,3708,3418,4249,6421,7035,12484,9211
6850,11121,11786,21261,37881,59591,76202,96975,116453,126654,136755,163770,164441,217672,216223,211925,298008,297830,298188,357661,360648
6851,693,787,976,1277,1693,2637,3630,3610,4878,5221,5216,8072,7281,7171,13653,6806,12885,12967,21819,21215
6852,37554,38470,56044,77038,104482,134354,172888,186734,213942,246522,239245,237526,278968,271735,332352,331823,331912,316826,451533,429395
6853,544,551,845,1094,1525,1881,2138,2263,2291,2403,2618,2972,3742,3622,3329,5399,10235,9836,7739,6688
6854,8585,10006,19896,35416,55019,72821,96458,113625,112939,124545,137580,181700,202626,203277,202113,251449,299956,295864,295932,301064
6855,470,513,573,905,1564,2533,2507,2697,3449,4559,5235,4602,5989,11422,10664,7201,12113,13199,12343,27200
6856,31218,44291,70291,90641,113826,162839,189465,215714,257957,248897,251297,292940,303143,312066,298675,299479,417100,414537,403503,402520
6857,533,544,729,921,1133,1404,1431,1880,1867,1993,2061,2578,3387,2967,3275,7539,6066,5803,5242,5352
6858,7043,8987,18865,36901,55586,78835,98725,105091,116950,129112,146380,167952,235921,241991,240109,285724,284573,286664,282904,282990
6859,661,730,1157,1806,2761,4138,4325,5482,5983,6756,7415,8667,5525,7700,7547,13296,11615,11454,25927,26182
6860,28580,42365,61885,81721,112937,157460,195464,232722,233024,273843,276903,330248,237274,339229,312674,399235,412406,409963,403833,401968
6861,691,630,836,1068,1293,1799,2032,2128,2134,2159,2524,2818,5958,3754,4794,6752,3871,5583,10323,10385
6862,7140,9877,22769,43633,62161,93448,110769,121046,137038,135547,177083,176468,235260,251940,252472,282223,251388,298428,400654,399696
6863,774,923,1231,2066,3003,3670,3922,4908,4800,6005,5212,7740,4761,4657,6751,9794,11398,9430,11936,11959
6864,34337,49239,71823,93634,130791,165970,204854,238782,239082,237153,274270,332442,305749,288168,360874,410419,436744,431299,430543,427560
6865,623,577,764,1249,1603,1659,1868,1956,2001,2196,2519,2443,3687,3266,3288,3593,3484,5601,10707,10725
6866,7373,10981,24094,45594,68149,92041,107672,117428,133776,132530,175009,174934,237039,242728,244433,241133,242518,293202,390073,390141
6867,688,777,1131,1874,2675,3437,3691,3764,3792,4843,3937,6387,4093,5807,5835,12893,12759,9604,11370,11355
6868,44838,45124,71915,98928,135032,160141,200452,235545,234720,233664,279751,335103,307457,338557,361639,449495,443582,443631,441872,442353
6869,673,680,925,1265,1887,2000,2385,2463,2680,3099,3454,3322,3546,3954,3943,4129,5639,5639,5728,9339
6870,30638,41729,69900,98338,131487,143477,161363,169236,179714,209125,230974,230974,256458,256458,256458,298209,347929,347929,347929,347929
6871,429,534,712,898,1260,1499,1496,1755,1761,2159,2544,2544,6187,6187,6187,7926,5456,13609,13609,13609
6872,7538,11253,26356,47738,71359,88653,102512,120115,131586,164730,188535,188535,263153,263153,263153,313798,313670,422822,422822,422822
6873,549,721,1117,1962,3023,3868,3731,4131,5272,4795,4677,7242,3916,5462,5462,8450,8314,4976,4976,10290
6874,70377,65245,87541,110403,167059,196278,210999,239154,277071,274911,323658,387245,364773,395008,400518,500751,489274,489274,362116,489274
6875,449,544,723,933,1099,1176,1256,1293,1486,1637,1737,1673,2533,4835,5034,4091,4092,7068,17561,23811
6876,10316,16479,34000,61745,80977,104280,111775,132520,144347,178343,205562,203899,204582,287416,287464,285101,281139,281139,339562,450659
6877,591,713,1074,1341,1722,2277,3013,3152,3441,2987,3035,3847,4631,3186,4092,4106,5716,14027,10334,13572
6878,50213,71200,105225,121804,141862,177148,208434,227237,256347,254476,302553,294660,333923,304009,323212,345209,351395,470424,480930,470424
6879,486,539,865,1068,1439,1741,1905,1996,2128,2550,2649,2655,3600,4398,4471,4256,5073,4507,4590,12174
6880,12265,19676,43497,67947,85084,107804,120249,141513,152200,184119,203917,204238,266250,323277,323347,317353,322365,320863,320255,506559
6881,624,714,1005,1247,1379,2173,2411,2686,2917,3149,3286,4079,3517,3107,3443,4102,4094,5841,5583,5373
6882,53928,94814,124775,136490,157999,170301,220982,240310,261266,297550,290533,335469,293593,321608,320511,389293,377417,458657,403500,396393
6883,523,539,807,999,1385,1733,1869,1980,2141,2292,2395,2366,3000,3029,3200,3000,3872,3552,4680,8268
6884,13235,21004,39845,62286,77612,88687,108666,131796,154088,183734,184660,182997,238543,235813,269280,268991,325543,322895,324609,380616
6885,661,826,1221,1443,1959,2237,3262,3990,4230,4348,4702,5430,4953,6084,5339,7105,5920,5826,17185,13337
6886,62370,75468,105036,119303,133857,158882,175750,220026,241661,265975,266986,316184,328809,407436,376433,374108,404172,373150,610254,532829
6887,505,615,793,960,1141,1318,1154,1211,1601,1473,1547,2016,1779,1651,2181,2288,2156,2822,2417,2810
6888,14567,21194,43030,63596,84218,99625,108608,130843,166768,177929,201644,201360,252569,250781,287761,290610,287502,344494,335292,342938
6889,513,678,1087,1204,1380,1760,2325,2864,2950,3266,3370,3864,3792,4074,4507,4432,5807,4605,6158,5685
6890,74367,77126,107057,118021,132881,156426,173373,211148,231668,252292,287383,286757,377415,332153,419446,395850,465898,396160,474684,497020
6891,498,543,749,805,980,1090,1283,1536,1984,1881,1884,2025,2077,2942,2262,2678,3806,4115,2981,3026
6892,614,746,1041,1382,1964,2080,2190,2501,3197,3966,4430,4226,4239,7144,4979,8213,15388,19013,14249,13332
6893,17024,25163,50824,72771,97661,113069,123338,147756,179154,209907,234281,234439,255039,296484,288222,341992,408683,405383,398664,402241
6894,19215,31886,47651,65122,81365,100625,113814,135168,153572,172044,197247,212913,247051,248010,269130,252331,304355,399309,359088,421623
6895,604,607,710,870,980,1107,1087,1397,1577,1911,1903,1933,2265,2558,2616,2489,2872,2475,2973,3179
6896,13359,19289,37763,60194,75726,95146,106823,122314,148448,167636,198394,214157,236014,235276,260197,258980,295351,333206,335033,391489
6897,597,783,1018,1039,1332,1888,1982,2673,2658,3464,3271,3523,3536,3551,3821,4868,4440,4376,4219,3985
6898,50550,69079,102260,108525,123040,138732,151256,178468,207233,244535,241087,265413,255173,279075,337990,348338,314357,399243,400190,410401
6899,11620,17480,31436,50558,68522,85492,97140,109014,119578,151297,161320,186755,203838,242699,243505,262692,264621,302775,301967,300637
6900,12825,27419,38872,50197,63647,71820,84479,93852,103223,108798,126857,131297,139328,144799,155520,162335,173290,173290,180090,189425
6901,318,395,481,505,531,568,555,574,592,589,624,623,658,528,511,555,552,552,571,572
6902,7013,10946,16437,18877,21816,23762,25235,27275,29284,29219,31288,31327,34047,18875,18810,20406,20384,20384,20431,20323
6903,404,525,613,615,652,637,695,694,716,721,737,744,741,642,686,646,632,632,684,696
6904,37110,73732,86085,85621,85208,82028,81405,78579,76502,75360,71932,71174,74321,60809,59482,58905,57353,57353,56638,56041
6905,7797,17198,11707,12642,14948,14815,15851,15964,20284,20292,20421,20072,22254,17361,17087,17160,17281,17281,17393,17588
6906,9580,24916,19525,21183,25004,24839,26762,26684,28930,28794,28830,28352,30722,24351,23991,24368,24396,24396,24390,24850
6907,742,799,720,804,932,869,867,893,933,944,915,961,1006,903,919,884,893,893,862,867
6908,65997,111485,100891,103949,112836,112487,116836,115480,115080,114102,111806,111267,116918,104533,103734,102563,103270,103270,102277,100838
6909,433,623,542,688,695,780,744,763,853,847,817,839,884,756,745,849,799,799,845,804
6910,713,935,901,1043,1131,1196,1195,1198,1399,1390,1281,1262,1469,1240,1197,1307,1257,1257,1266,1260
6911,17437,34347,32106,39700,45479,48535,51358,51771,54768,54873,55384,55063,58797,48867,48857,51735,51479,51479,51637,51533
6912,28793,41943,63811,83155,102638,110818,116419,116484,120327,121365,121634,120699,120007,110744,110613,117337,117114,117114,116785,116475
6913,540,803,794,916,1009,1065,1140,1219,1278,1311,1303,1275,1343,1228,1206,1291,1301,1301,1321,1323
6914,743,941,890,1118,1159,1183,1321,1420,1564,1600,1549,1536,1812,1481,1507,1682,1606,1606,1658,1695
6915,16024,32082,39801,55238,67456,75352,79667,84407,90669,90832,90384,90490,95303,84638,85079,90675,90659,90659,90881,91084
6916,34337,62346,98843,73698,91642,109123,123913,130693,142104,142890,143018,142184,151136,131423,131733,143842,142725,142725,143011,143742
6917,13617,26431,40004,48499,59859,70617,86018,91321,93887,94667,94731,97765,97851,95092,95018,97804,97980,97980,97721,97428
6918,11807,22991,35459,51120,65313,79167,93865,111578,116263,116867,116963,122402,121857,117151,116778,122435,122592,122592,122242,122350
6919,541,720,995,1434,1512,1762,2132,2569,3771,3689,3813,4158,4368,3809,3732,4302,4338,4338,4358,4372
6920,43704,69582,85387,102307,113491,123473,141222,158671,198061,183203,183886,199140,196765,185316,184820,198433,199256,199256,198888,197621
6921,9950,20914,36828,48166,61069,76795,82747,90575,107692,99515,107313,113708,113833,107283,107932,113419,113939,113939,113841,114007
6922,10262,21802,38263,50488,63698,80049,89538,102579,116747,135118,145223,156406,156768,157081,157543,157198,157036,157036,157057,157572
6923,9466,20681,37054,49057,63105,77124,91627,111032,129238,135450,157156,169778,170315,169506,170446,171906,170387,170387,169563,170660
6924,15179,30915,52039,55528,70070,82730,98668,126081,128276,146936,161485,183260,183723,207263,230158,257843,257610,257610,257239,257613
6925,686,794,906,1076,1170,1275,1541,1484,1789,1901,2221,2172,2503,2201,2038,1980,1951,1951,1939,1963
6926,948,1117,1567,1555,1895,2179,2446,3212,3281,3911,4632,5686,5587,6371,7975,10411,10010,10010,10235,9780
6927,10320,21054,37769,40810,52446,63172,74810,93396,99474,112154,121316,143351,143696,161410,177304,203186,202182,202182,201689,202373
6928,29505,78075,79115,105777,130989,147600,177397,217291,213890,228445,256883,305332,303739,299709,343088,384895,386749,386749,382333,383646
6929,9326,13839,27593,38718,51877,63913,77410,97165,114254,123123,135494,151638,151468,169875,169409,193980,194137,194137,226327,226818
6930,10242,17689,30509,46888,58112,69831,85408,105786,113806,131625,144111,159665,177408,177964,201725,203085,233272,233272,283250,283129
6931,675,838,1214,1343,1756,2449,3274,3684,4259,5353,5459,6137,4849,6119,7881,7234,9002,9002,5682,14270
6932,58522,55766,73198,81857,97710,124630,144706,156877,175032,198049,236740,235102,235411,279522,332699,334799,335898,335898,333011,461255
6933,5534,15430,31034,33152,44143,53168,74128,84284,91474,109447,130727,136882,147529,168939,167267,196132,196743,196743,196598,240792
6934,7366,19467,32938,49542,59646,77116,87477,103727,129650,143707,141985,166827,166916,188452,189150,235166,235319,235319,235549,232810
6935,7280,19702,32448,46143,58955,76669,88477,104471,114446,128026,143734,167286,166620,192809,192811,191694,233916,233916,233632,237741
6936,15365,26729,37172,50290,65966,86650,100328,119232,130717,145556,143185,165050,196726,194662,239132,239224,239109,239109,288718,285226
6937,5842,16379,30268,37237,48759,60218,76426,90069,109464,121360,138583,138310,156475,158492,182695,182284,182586,225222,223753,222673
6938,8103,16903,28877,41552,53209,64992,73640,86434,104704,117169,132591,132207,154504,153797,174680,174473,174163,217828,215981,215291
6939,8558,17715,30063,42769,54487,68016,77727,92010,98922,122032,138799,139591,159880,160983,187157,188703,187740,235328,232048,232315
6940,12892,24879,40772,53850,69398,85096,98750,106290,114742,142922,143001,164228,192533,192258,191420,230885,230015,230015,229124,278041
6941,6427,14975,26734,36800,49883,62197,69950,82736,100813,111121,125237,123542,139157,143462,165260,161851,203046,203046,202788,200685
6942,8001,16795,27841,39357,50519,57813,71392,77244,94857,104639,118338,133926,134540,155582,154279,150654,191258,191258,190635,189951
6943,7974,17270,29651,41171,52391,62443,76668,83806,101278,113882,127914,147674,145399,171856,172930,171559,214771,214771,214232,214982
6944,13808,21673,35304,45899,62569,75025,88572,96298,110900,121208,142674,137226,161790,163385,197725,198097,198444,251502,246218,247291
6945,6168,14420,26084,36707,54322,62618,73109,89273,98653,116306,133231,154792,184738,184889,180640,226217,228561,227352,226760,274648
6946,9564,20392,29967,45992,53287,65685,76500,93357,103680,115800,130229,153173,154470,179062,175668,175867,222270,220377,220164,269083
6947,10155,21215,33112,44185,54683,68913,79803,96318,106285,118450,135550,156282,155611,183446,182426,182222,229878,230189,230628,227429
6948,13238,29880,37367,51000,71955,86361,92155,111589,120057,132661,129499,149989,150026,184392,217065,215675,216777,209719,260305,250327
6949,7813,19300,32788,43660,51997,64297,75460,88411,98765,109424,124900,143811,144080,175028,183255,170484,212939,228110,229523,229933
6950,9484,19376,33168,45948,55568,68235,79687,93424,103816,117662,131385,152340,152331,181167,176447,178496,221795,221572,222953,224255
6951,9637,20470,31695,47904,58394,73276,82700,100448,110070,121873,137132,135833,157327,180950,180820,181343,226956,225545,227684,227219
6952,13211,43697,66026,79001,98025,120154,136522,145995,174799,190905,189793,215813,265028,259763,249919,290424,290660,284413,345764,219266
6953,7505,12928,22572,31840,41643,54149,67292,76242,91737,101099,111383,112214,141766,141256,143730,168490,167143,170338,217458,221468
6954,9388,15696,26402,35977,48443,53639,62717,71207,85126,93901,105553,117100,115226,137301,158363,157524,157069,212710,207886,211428
6955,10465,18096,30305,41099,55832,61311,71005,82461,96654,105778,117903,133261,133946,158721,183256,184052,184806,227375,225468,226810
6956,21128,31689,46476,60115,71236,87961,99292,106522,133377,146577,146256,165289,198112,199591,193211,233049,233863,234585,207936,272060
6957,7415,17622,28279,40423,55373,67969,75922,89297,95010,117083,133941,131420,151318,152585,177350,176604,216808,215686,217762,217296
6958,7803,17220,29476,39557,51824,66050,74395,86158,93514,115070,115773,128965,147856,147687,173153,173409,213447,212766,213132,213697
6959,8234,19274,32747,44477,57337,74391,86453,99833,108180,133523,132279,148986,172538,169897,198569,200972,246802,247249,241770,246201
6960,17941,26068,36794,49554,64409,79022,89526,105018,112376,124322,139274,159979,158290,189078,190933,225382,227066,226135,229382,228006
6961,7025,17865,31130,41363,54116,63365,80640,93896,101974,113228,128305,143293,167602,169648,195325,194675,190117,228228,230767,231587
6962,8106,18564,30070,42612,51476,60669,77084,89658,97621,107574,121699,138559,138297,161014,186050,185215,181761,224766,228828,225204
6963,9013,20770,32797,47784,58117,67345,85726,102709,111353,122550,137847,154557,152754,179538,206422,203970,205022,250306,252903,246760
6964,14459,32818,41581,53630,73436,88893,100683,107529,124839,140310,140779,154267,175972,212732,209497,209449,241260,241672,249423,242641
6965,6400,15611,26074,38224,46364,58378,68511,80514,86866,103623,119554,118745,133202,166454,166698,179140,191964,193444,239920,238024
6966,7863,17603,28778,39023,50668,58965,74763,82489,97122,106982,122677,136378,135621,157519,158053,181011,179207,180202,223452,224021
6967,10370,22738,36134,48634,63065,73499,93722,101274,121713,134523,149954,167753,168541,193873,190218,225155,225149,224355,277146,276576
6968,17489,32113,40587,59986,76025,88688,98960,117383,127041,136867,153992,167161,194008,189189,222625,230335,223227,271254,273660,274780
6969,9317,20922,36463,53900,75585,79764,97302,115258,139875,154730,167191,188422,211990,213692,244521,286754,283851,284490,346666,348176
6970,10212,20868,33010,51796,70114,68951,79950,96190,112985,138042,149670,163599,185088,209453,209280,241432,240491,279850,341741,337807
6971,9257,18627,31089,48622,61900,65239,78017,80854,97282,111169,133015,146226,144033,188308,184651,212200,211664,245268,300018,301965
6972,15597,27855,39241,54905,76937,97292,92320,113962,121080,143123,154148,165701,186313,205874,206040,235857,233783,276603,312857,305946
6973,7332,16425,27842,36328,51384,62479,66665,69932,83156,88378,106004,115302,125504,141978,141634,159064,182680,182164,283629,282577
6974,8945,19303,29234,40757,50382,61112,68806,79912,92311,98821,108475,117747,128129,144925,165204,163973,189917,187754,272173,268956
6975,9109,20706,31360,44741,50947,66749,74845,87997,100757,106425,118080,128516,138872,154129,174476,174798,200983,198285,285682,284273
6976,12762,34691,53972,71473,85085,110136,139334,144837,151642,177624,190820,188988,204304,223993,228163,252902,256527,301005,288000,282066
6977,6878,13371,20420,29720,37159,49587,58436,68059,68306,78173,85153,103178,114007,129592,129696,146243,145346,168184,266995,243102
6978,9082,17087,25857,36372,45332,55038,61197,71124,82898,97934,107521,120151,134200,134567,150643,151175,175645,173762,249559,249716
6979,9514,19116,28652,40333,50357,61488,68243,82167,95276,111538,122301,134153,150762,149598,168690,169108,192867,191477,277579,274857
6980,25240,41983,49732,64921,71505,85550,104415,111132,131696,141030,152734,170142,185505,184370,206779,207082,247751,243878,264900,265405
6981,5953,12856,25338,37027,50195,60080,67472,85753,92038,109592,119085,130173,144810,146282,162325,188230,191473,190502,222209,269801
6982,7995,16082,26442,37997,48099,57497,68608,81318,87351,104033,113311,125298,139052,141019,156800,180781,182147,184137,211224,260295
6983,8914,18231,30727,43262,53458,65655,77024,92420,97843,114169,125624,138592,154642,154133,170517,195749,197100,198894,228906,281510
6984,26016,33169,40267,53781,62872,83118,96221,108214,125384,136378,146643,162012,177481,177942,202989,203307,250025,246000,263668,283913
6985,6217,18806,28387,40359,55095,65659,73591,86698,99837,107756,127417,140092,156514,156979,174204,204127,202443,203064,201497,286029
6986,7494,18055,30755,39783,50174,64483,72544,84537,96559,104338,124793,122929,136546,152730,171389,172226,199174,199167,196162,281708
6987,8555,20997,33874,44135,54627,69734,77778,91704,105698,113746,122410,134490,146821,164645,184857,184645,213348,213312,213955,300462
6988,17070,32619,39264,52647,64908,83461,103422,108154,122412,131220,140828,153619,169630,189299,182901,215392,209711,256421,255943,302277
6989,8218,18335,31728,45499,57095,66680,83108,92912,104741,128030,130466,142206,156210,175587,194933,206552,235897,235265,234787,271056
6990,39804,64585,84050,103925,114650,134992,150684,167575,178459,200747,218003,218003,235106,259834,289309,289309,289309,289309,289309,336486
6991,9206,18095,28818,41276,51618,61911,71963,79306,91888,103910,122665,122665,133065,145896,162690,162690,179903,179903,206780,238716
6992,8666,17256,27500,39971,50292,60146,69388,76161,87661,100242,120093,120093,128431,141482,156222,156222,174866,201307,201307,231839
6993,10045,19836,32070,45934,56873,68108,79177,88025,103666,117398,125944,139021,149103,164096,182515,182515,203759,231942,231942,230687
6994,16512,26780,40701,53047,66854,72789,90705,112042,119579,135808,144259,156673,167684,186428,182084,205575,232364,232364,246550,275169
6995,8070,16046,28576,41233,50136,61888,71330,78636,86353,100311,116006,127276,136940,150796,169161,168206,185169,185169,213354,213207
6996,9161,20077,30006,42744,51757,63644,72484,79151,95959,101016,116308,128357,139162,154916,174018,171094,189054,189054,220090,217879
6997,10995,22889,33485,45104,58202,66414,80660,88943,107860,114876,131759,143269,156080,169323,187081,185880,204880,204880,203505,235911
6998,14997,37362,55273,66544,76978,91255,111133,126885,148512,153875,163076,196098,192701,204450,225063,242925,239183,275116,227548,293855
6999,8798,16406,28461,38335,49876,56686,66675,77118,83674,98185,113719,121089,143743,143554,153772,170979,171248,189107,192954,189881
7000,9598,19181,30830,41140,52765,59554,70543,85555,93237,102726,118018,125993,149843,149235,163090,178540,179041,198533,203126,229822
7001,11489,23719,34457,49847,64011,72303,86045,98551,113458,124800,140520,150247,173424,171749,186732,207921,207187,228535,231428,263069
7002,20262,48892,65959,85658,91950,110416,117773,139463,153920,173684,183683,191556,224505,222006,236661,256168,256364,274348,300795,287573
7003,10149,17275,26461,38723,47383,61300,69822,82869,94248,103683,118324,125502,143256,155215,167049,180699,181737,198969,222385,225125
7004,10245,17140,26494,38363,47049,60168,68544,81497,91943,101096,116827,123171,140840,152561,166865,164558,180740,200431,203751,227186
7005,10623,20379,32120,46059,56740,72032,81292,94375,108618,117996,135701,142397,152022,177844,190651,189678,205929,225493,224318,253983
7006,26135,35144,52691,70819,74907,85456,102783,112263,132280,144111,156175,171640,181030,208052,222819,221243,222228,240041,268804,264314
7007,7037,16567,25575,37250,45286,55802,66552,76565,87982,100439,105280,120981,135863,142788,152887,165711,182407,199308,197774,202401
7008,8372,18470,26428,38286,46725,57067,67718,78309,90138,102845,113374,122896,137575,145010,156844,170692,185742,183542,201774,208402
7009,8707,20144,29501,42493,51928,62934,75690,86505,99391,114786,127316,138701,155109,166925,179636,191729,209482,210277,232740,230087
7010,14937,32347,44705,61240,68603,79930,94134,103781,118235,133759,151139,157572,166333,186470,185181,216329,216568,235201,250552,275086
7011,8549,14874,23402,33866,45165,55431,65237,74644,81091,91786,100497,114462,121475,138730,149129,159861,174869,173866,189269,188111
7012,8924,18302,26393,38321,47078,57636,67626,76731,86798,98710,108534,117859,132915,141990,153545,163514,179282,198636,196707,193018
7013,8680,18559,28246,40478,49554,60598,71495,81282,92533,105056,115968,126881,142688,152366,164121,177745,193192,192977,210457,210536
7014,16190,22538,35207,45226,51598,65458,91939,100423,114011,136012,157665,165918,176407,190143,206120,220903,242890,240625,239821,267174
7015,7337,13032,20952,30888,41348,50975,56374,64335,75370,85954,93620,108025,122412,128791,139158,150436,162703,162545,182057,179436
7016,8318,17541,25579,34788,46395,55497,66388,74569,84367,96331,100468,115938,123011,143564,141112,153601,166983,185219,188222,204272
7017,8045,17558,25755,34956,46290,56695,68098,77704,87343,100962,107950,124403,134082,155498,155477,166394,183913,202970,203991,226544
7018,15001,37108,55579,67584,74254,84778,105957,120755,135987,161147,178504,187451,201927,218002,232049,230452,252296,276127,267180,238860
7019,6738,11847,18874,27964,34672,43194,51371,59609,69435,76375,83784,96687,110035,117758,126918,138046,151532,169048,168528,191296
7020,8393,15679,25196,33303,41905,54414,60665,70204,82422,89925,98321,111114,119102,130041,140638,153916,154469,172332,194424,196987
7021,8263,16070,26263,35154,43998,56030,63705,74282,85571,95325,104550,118861,127327,139391,150055,166239,165043,184034,200402,202167
7022,22539,54363,71300,82646,86090,98664,91378,103364,112496,135569,142992,153358,165919,177084,194223,194309,211135,211818,245383,243747
7023,6183,10829,17511,25934,32334,39859,50322,57417,66073,72390,79922,92800,99081,115003,123942,152658,150962,151647,167203,194116
7024,7673,15545,23153,33564,41731,51988,65998,75269,83041,96407,103349,110549,130109,142404,139377,157568,177593,177632,174167,202735
7025,7758,16601,25038,36525,44929,54632,67763,78934,86144,102107,109057,116372,139254,149193,149015,166574,183532,189391,185718,213979
7026,23153,35764,49066,55463,65203,76730,88934,95832,123807,129287,139804,151181,161134,177579,193649,193700,191070,222745,228739,304129
7027,5806,10203,18504,25569,33022,43572,59064,64969,75362,79208,91716,105635,111120,133469,144913,162733,183614,181936,178489,187804
7028,7822,16580,27474,37712,46140,56701,65344,76847,88731,94028,109259,117645,127997,142199,155821,156536,176674,176192,203207,198647
7029,7661,16591,27626,37655,46469,56643,64038,75039,88873,94128,109681,120463,128906,141210,156477,156762,177805,176972,199678,203412
7030,18358,27568,38626,47385,60893,70860,98052,129490,134536,141881,170582,184585,179413,199199,215930,215192,250335,248548,204651,296836
7031,5339,10138,18910,26044,34865,47563,50845,59486,65928,69954,81827,95412,104306,123363,139867,140543,157425,157351,198740,177178
7032,7929,17211,27787,38291,50252,57494,65434,73028,85003,99705,107633,118322,129870,128874,145296,164595,164291,190138,194425,188681
7033,8548,18932,30828,40654,54730,62895,72649,80638,93979,107953,116303,125761,137120,137167,152418,173017,171927,197197,199687,196131
7034,14572,25586,37105,47358,62068,71220,113280,136700,153153,163110,177058,188934,207580,224570,225980,260872,257179,310040,299289,263589
7035,5893,11131,19910,29615,38664,48005,50709,59438,62591,72389,76599,87940,95351,114111,129092,128634,143845,144558,144247,165871
7036,8711,18498,27070,38584,47564,55043,61623,75486,80152,92223,99663,109385,119524,135441,135347,150742,150569,176352,176039,202285
7037,9506,20196,30034,41953,52444,60059,69914,85546,91645,106798,116335,126808,138757,153602,154024,172659,172447,200101,199794,229898
7038,13483,37268,50269,66104,77226,94096,95920,116070,135317,145507,157043,173336,172434,187246,187833,216131,213069,253948,298360,244603
7039,6347,11763,20577,30577,39931,51156,56938,62636,69214,75648,86854,100243,100432,120844,133988,133789,149061,173391,147799,184843
7040,9765,17606,27871,36859,49243,56416,69659,79239,89985,96214,114096,125491,125715,141855,156345,154966,181522,181096,179474,206653
7041,9778,18424,29197,38873,51290,59500,73082,84595,97604,104091,124951,135210,135183,152642,171283,171185,193639,195435,195616,225046
7042,12365,34499,53181,65567,80556,96946,103296,113177,119678,140947,152107,168209,168025,184332,214259,211543,208693,246571,253597,293389
7043,6237,11797,20558,30545,39696,51547,59068,65264,69595,75113,85553,99329,109509,119319,134145,133291,149770,168828,146398,169888
7044,9079,16594,24106,34931,46387,53912,66018,76177,87487,92630,111439,121355,122346,136645,152440,152062,178609,176533,202777,201473
7045,9666,18548,27345,39276,52117,59124,72267,84097,95889,103122,121241,132832,133125,148807,164079,163925,187700,187204,217649,214954
7046,19106,35606,44729,60574,71032,85587,119593,100506,154109,165402,175425,191120,212781,208068,234204,235680,285676,278715,242154,330663
7047,6598,12168,19603,28794,37404,48413,55304,61433,64021,69818,80470,86366,92949,112536,111616,125314,138680,160535,153684,138866
7048,8190,16801,26212,37548,46428,56280,64790,81483,84519,89824,107508,118066,131092,131048,146640,172862,169208,169358,195728,191838
7049,8971,18616,29494,42376,52372,62621,73602,92173,97268,104669,123948,135523,151345,151318,169361,194900,189647,193447,222857,222782
7050,19494,31284,38526,53731,63390,77336,119043,127921,149154,159484,171166,186964,200975,200467,230398,230144,271897,278106,274347,291038
7051,5979,11968,21558,29362,38037,49561,53411,62105,65004,70582,81087,86846,93728,101189,111913,126800,124023,164046,141235,155131
7052,8149,18058,29331,37911,50043,59845,64168,73628,83982,89863,104846,117178,131088,130703,147955,148536,168781,169839,193348,194272
7053,8821,19807,31876,40621,53812,64927,70795,83876,94876,101251,121521,131223,145157,145424,162564,161989,183378,188364,209682,212718
7054,18740,31716,37982,44499,56695,67789,95551,125237,121603,130255,139987,154193,169202,167795,193817,194511,224452,227226,254228,265741
7055,6479,12091,24435,33364,46856,54916,60614,60887,68915,78713,89504,97173,105280,125390,126340,142485,142413,188382,160478,159424
7056,8282,18853,28305,40066,49899,59126,68504,78621,88698,102805,112033,123778,138488,137616,155478,180699,181693,180357,207645,204889
7057,8253,19410,28391,41116,50559,60504,70623,82410,91406,106339,113574,123582,139071,140320,156340,154781,176279,181986,209241,204250
7058,15972,32670,46174,60482,72002,86119,86890,113875,121431,129416,139847,154201,171976,170607,194001,194053,226945,228762,237160,311041
7059,5531,11333,20416,29524,36088,47204,51175,57238,62394,69816,78018,84605,91415,110754,110417,124129,123618,159688,135277,134463
7060,8494,19232,28486,36525,45366,59197,69682,80818,90084,99597,106458,118539,132628,149618,148751,173119,169637,199154,194293,194782
7061,9199,20530,30434,39695,49071,61940,73149,85352,97414,103155,111094,121550,134387,152012,152533,172812,172907,199354,199337,196769
7062,13607,35120,45118,64029,73708,90182,115751,98640,135544,163486,177077,199013,194808,226074,221575,222996,264703,261647,256003,297136
7063,6176,11483,20662,29690,36393,46897,54028,59667,61291,71974,76382,82477,89221,104196,105075,117538,117036,131182,130069,128720
7064,9318,16857,27406,35829,47417,56382,65285,76738,85848,91799,100154,110177,122007,137011,138067,159745,155492,183809,186279,182281
7065,9805,18696,29826,39293,51106,62082,72091,86098,99245,108142,118427,129575,143493,163455,159940,186577,185974,216701,217027,216826
7066,19220,43119,39322,55315,67971,77075,109832,95627,132608,153938,170342,187743,187287,211976,212294,260016,253762,254248,307577,262175
7067,6369,13318,21897,29700,39385,49232,54602,59929,62608,72644,77433,83513,90281,106708,106559,117840,118011,131889,131834,130661
7068,8792,16737,27100,38640,50219,60723,66895,83125,87943,94392,102278,111196,125570,139679,139688,161760,162006,188159,187026,185821
7069,9630,19048,30501,43031,55880,67362,74483,94302,98719,108208,117424,129335,142924,162726,165871,185440,184748,215952,216333,213049
7070,17327,38362,34674,47861,55454,67759,96600,120107,114795,133375,147159,144315,159802,180745,179316,211963,211354,211926,274059,236386
7071,7494,14276,23294,33449,41417,59795,56848,62086,65673,76371,82017,88111,103493,114244,113490,128482,126566,144408,143286,186287
7072,9516,19541,29192,40877,52298,60113,69358,80168,93003,101184,108405,119368,135707,151651,151570,176680,175670,205160,201407,199734
7073,12434,23412,36864,51704,65709,74387,86524,101485,115184,125766,134899,148320,165455,184504,183935,211485,208767,240644,239227,238955
7074,20909,32686,45458,45070,59940,68655,89670,123542,117901,136781,147113,163346,163553,179121,206636,206662,240551,240700,260226,316831
7075,8830,16608,28720,39175,51165,60586,65947,72391,80029,87108,99071,104898,114603,123886,135262,134897,149163,149100,149318,168197
7076,9324,20349,30372,41109,53537,63465,75100,82671,96187,110133,119344,128163,140584,156374,175211,175668,174084,201057,203598,229745
7077,9721,20653,33201,43985,57104,67532,77172,83924,104520,110824,129311,138814,153323,168404,167919,187772,188719,221737,219659,215217
7078,21524,30757,56852,51809,67306,78988,95360,107769,130417,136348,161297,171009,190231,188972,204446,206274,235769,234321,237963,274917
7079,6771,13177,23298,32037,38051,48013,55617,61327,68486,72267,78243,88618,94256,102513,111022,121296,122211,135267,134673,152091
7080,27221,44424,59000,69358,86333,96757,106913,116450,128773,135151,142687,159489,159489,169445,183152,197139,197139,197139,218049,218049
7081,7126,12414,23807,32429,41428,51250,57315,62456,68901,72364,84085,88478,101149,101018,119037,118514,127817,145801,145937,163225
7082,8835,18265,26546,36347,46277,55519,63607,73553,85386,90954,106304,113007,124678,140546,139345,155648,155648,181661,178534,207822
7083,9408,19736,29527,39750,52780,62074,70708,82012,95308,100957,116798,126677,137598,152571,153843,170602,170602,192497,194887,226341
7084,21230,38787,55408,67121,81442,96428,107902,99122,144141,168796,170328,194724,194724,213246,244830,240479,240479,283186,271748,261778
7085,5820,11164,20117,29846,36156,48339,52784,58080,63048,70012,77315,81405,92809,98975,109503,119063,119063,118606,131400,147645
7086,8114,18265,25036,36477,46875,55704,63905,81837,83888,95604,105153,112623,123637,136874,135801,154726,178376,180566,178940,204554
7087,8667,18506,25491,36041,47245,55176,63991,81791,86136,98146,107223,115787,127351,142503,142162,160987,185169,186715,189339,215452
7088,16289,36836,43492,56621,65105,77168,85170,91372,114578,135090,147335,161447,178804,176453,204858,204970,244078,240928,269026,272370
7089,5722,10512,18134,26838,34827,43263,48021,56142,58188,63299,71423,81505,93660,93009,102207,111024,125285,125675,126208,138732
7090,8546,16718,26589,37662,45625,55911,65766,75909,84878,99315,107244,118019,130204,131907,148953,173245,174680,174483,172460,195164
7091,8853,18604,29083,41022,50580,61741,71233,83540,93557,110124,119183,131077,145464,144413,162176,189169,185964,186497,188667,216102
7092,14635,34749,38248,51505,60752,72448,83733,125545,116426,124417,134814,147638,162766,188849,190467,188480,221592,221600,291071,296381
7093,5885,10864,20990,30522,39286,49687,53635,62036,65161,75443,80170,92265,99441,108126,119705,119240,133070,132891,133685,147661
7094,9495,17152,27874,39226,51352,58986,68131,77694,89275,103784,113132,123759,137686,157077,156013,179709,180131,180248,179650,206275
7095,10375,19358,31575,43929,54592,66452,77459,89994,102832,119925,131147,141574,158201,156304,176518,204394,204391,203800,205567,237084
7096,21428,27314,38106,42842,55807,68133,106716,135106,136391,161378,172110,188831,185703,202652,235624,234881,275163,276347,238592,278673
7097,6560,13105,28488,38893,50700,62095,66995,73592,81641,93755,99833,106139,123572,124129,134563,146969,147014,165728,163819,165068
7098,9265,21981,32758,43622,57300,67480,77300,85241,98230,110458,118488,138764,152419,154315,174001,172711,192468,191957,220739,221635
7099,10476,22490,34303,49119,59084,71851,81883,90119,111225,117292,135203,147003,160734,175277,193943,193850,219102,218124,250708,251102
7100,19293,25880,53707,69770,80166,94233,104633,106717,142175,147384,170101,184211,197000,197383,215081,236333,232269,266451,255003,244923
7101,6883,13729,27020,36249,47772,57874,65708,71243,79046,86594,90030,99017,110293,119297,129502,128983,139939,154804,173265,171472
7102,9758,20908,28790,38142,50392,60490,71420,80749,89771,102863,114710,122824,132883,145166,159101,158595,175671,176382,199599,230051
7103,9470,20790,31246,42161,54557,66058,75086,89654,98071,112780,118461,134836,147350,159531,172870,172970,191091,191405,214551,214420
7104,18693,38197,56999,73202,79910,94047,90726,92920,117032,133774,148790,160409,172578,186602,204067,203287,221855,221146,276447,235139
7105,8140,14976,25751,34213,42311,50338,58204,68255,75216,78763,85450,89215,103255,110425,117142,127074,126666,136329,148346,149417
7106,9308,18475,27616,35921,46681,56341,69069,81608,89234,93807,106852,122950,131702,141751,154721,155303,169705,190581,192021,218839
7107,10556,21615,30773,40437,52432,62465,74859,88348,96490,101343,117049,131705,142435,154491,167761,168531,185941,205170,206251,234672
7108,16480,41941,56344,69202,72529,84094,84528,109386,109631,126147,139792,150163,161682,173332,189834,208981,206975,235641,256930,269339
7109,7541,14113,23848,31773,39080,46563,52470,62640,76532,83098,90843,95105,103331,116367,123062,133285,132562,142594,140899,138285
7110,9401,17049,27020,35088,46093,54779,68195,77006,85498,96585,102584,116806,126169,135277,147985,147436,164248,183815,180606,204706
7111,11191,20524,31593,40816,52589,63238,79273,88585,97259,112284,119240,135545,146902,160022,174843,174196,192092,210039,209245,237631
7112,13925,37232,43631,58961,64485,75758,100956,120306,130583,150019,166271,179876,194610,206689,224788,243958,241212,272899,237139,277222
7113,8086,15241,27502,40921,50900,59646,60743,69217,79341,82162,91642,94963,108884,115520,121346,129335,141845,141923,163355,180897
7114,9250,18766,29173,38260,51897,59303,71299,81777,95641,103668,114136,127461,137758,151329,160256,177406,198238,195604,220535,218279
7115,10398,21320,32805,42722,56372,65824,79522,86421,97757,105168,122062,127376,144976,157870,169787,184715,182838,202881,201115,227285
7116,16939,27574,37116,70511,73353,88522,103166,108830,128434,138488,166605,174819,186274,203074,213911,230674,231303,249301,242567,269390
7117,8892,18128,29890,37211,45252,60672,68068,75737,85209,90450,98971,107010,110977,121631,128215,145670,144612,155427,152777,165440
7118,9415,19377,27923,38838,50589,59895,67765,75971,87010,97667,106570,122258,128476,136886,147326,157527,172534,171005,191446,189170
7119,10514,21524,31082,44035,56450,67298,76528,85966,97079,111006,120898,140193,148456,158911,170130,184195,198242,200544,217775,218664
7120,18007,25443,51123,72818,81271,92115,103671,97629,126020,134934,156717,172097,180753,193382,208157,221095,241736,240225,272611,234091
7121,9069,16532,25694,36943,48065,58294,64698,79444,91590,99467,107269,111562,120860,127918,137160,152454,160985,157754,171493,185645
7122,9497,20186,28774,40778,49444,59999,71217,79696,89360,99652,108262,118537,126944,142644,149408,160950,172405,183702,185342,211926
7123,10317,22751,32673,43779,56619,68614,81833,90940,102333,114152,125275,136316,148519,166711,175723,191556,205289,220339,222613,239320
7124,19570,31327,55298,73321,91368,94934,89504,114948,109688,122462,131992,143175,161108,179303,190648,203780,218983,214984,263429,290244
7125,7469,18107,27882,37967,49858,60175,73813,79826,89929,100824,111141,119784,129989,134696,140952,159188,167830,167364,176673,175323
7126,8801,20449,31461,39743,51714,61728,73480,87395,90352,104593,113804,124113,135144,144897,161830,171087,183970,198689,195538,211339
7127,10044,23990,34982,45873,56134,72056,80902,94499,107107,117727,131466,144809,155548,168646,179964,189692,201425,216446,234428,250368
7128,14774,32918,56191,59500,77623,89665,99069,120551,125357,137224,154160,166097,195573,203604,214020,223052,239186,259754,255487,281398
7129,8135,16728,24411,41323,54196,64486,64295,73696,81251,90472,102848,112123,119497,130160,134609,140100,149048,156522,197081,194413
7130,8838,19269,27893,37716,46295,55490,71335,80097,94580,98748,110769,123332,133846,139917,154880,162796,169980,181008,196125,193633
7131,9033,20847,30077,40335,50030,60633,77679,87131,95893,107914,118831,134194,145068,150536,171281,180619,191604,204417,221602,219570
7132,16515,36039,47256,51261,78666,89689,105182,115620,130826,143380,153975,166277,178379,210714,216602,227290,236619,253774,263643,269905
7133,7540,15908,29142,33571,41321,54556,61358,78812,78996,88045,101463,114046,123704,131721,137773,148763,147549,166453,159570,175259
7134,9300,18150,26389,37912,46191,56353,67422,72510,85383,100134,105564,115067,123465,132956,138293,154401,160877,171304,181656,195317
7135,9671,19733,28553,40764,49490,60207,71767,79017,91729,108498,115493,124448,134006,144619,150900,169492,180599,192083,204211,222457
7136,16375,30203,40142,63121,90390,106907,111813,97120,122687,135011,147918,159332,170202,181744,203715,223242,233401,248608,274073,247180
7137,8384,18164,28441,38472,46717,56707,68884,73153,83182,92256,97402,109561,122489,130925,134608,146573,151075,158911,174092,182968
7138,9034,16250,25512,37029,45484,55134,62478,72288,80217,94921,100280,112844,122176,132200,143615,148884,169396,180004,179295,193125
7139,9366,17632,27955,39284,48818,59203,66652,76258,85495,100867,106637,119699,129185,139618,149863,158597,182590,192818,192994,203367
7140,19919,28579,47685,75413,79582,92495,99039,97447,109003,120433,125980,135609,147362,156893,169187,199210,197722,208332,238827,256031
7141,7635,15532,22217,29174,45367,54646,61879,65441,73842,87288,86562,97158,109795,119134,127947,132883,138218,149640,161248,152897
7142,8936,17238,26508,34605,40462,48527,58644,72177,79611,88841,93480,104898,112457,126369,131131,147998,156113,164600,173701,187971
7143,9585,19649,30418,40102,47030,57066,69402,84045,92883,103816,110378,121725,130533,147118,152673,172277,181755,192342,204135,215846
7144,19638,28848,56445,66659,71960,85621,103891,117607,114738,126258,137496,148924,160095,172986,196628,212848,223464,238772,233448,287683
7145,6597,14975,21729,34182,42942,51996,53873,56329,65075,72793,76686,85542,97171,105146,109085,118261,122426,127385,162468,148557
7146,8638,18357,25693,31892,39337,47771,61169,69265,82806,91752,97315,105662,119673,129625,135051,145160,162300,172220,173210,179615
7147,8924,19426,28392,35143,43714,53265,67772,76460,90508,101290,106621,116260,130328,140650,146725,159899,179897,189558,192572,204202
7148,15601,36651,46762,53347,68017,80535,102888,95666,124401,134899,143125,155582,167065,181367,201834,222077,238870,236177,235804,231496
7149,7353,14562,19557,30466,37497,45685,47770,63340,62171,69891,74248,83813,93441,100606,104203,114345,118518,140104,134243,157716
7150,8718,16381,25351,31240,40638,49454,58743,68501,78813,83501,93179,105398,115227,125764,135351,142370,151678,161394,175543,187372
7151,8814,17209,27076,33966,44646,55181,65025,74464,87059,92507,102599,115463,124840,136888,149799,158254,167782,178223,192174,207629
7152,15569,33064,42515,46326,80211,94571,82562,91294,100084,111092,124367,135237,146647,164779,181715,194543,194000,207659,256183,218312
7153,5898,11759,18804,23430,30422,38219,44808,51495,58182,65234,73788,82704,88945,97139,100688,106043,111081,119278,126420,135155
7154,8925,14642,23416,31503,37190,45376,57526,64447,72199,80607,90255,99442,109336,125757,134009,142817,142195,153168,163473,180976
7155,8503,15371,24430,33259,40575,49230,60847,68084,77409,87849,97432,107221,118301,137364,144179,155099,152729,166952,180092,195452
7156,12647,27775,33447,53453,62731,69941,77577,100858,99069,112572,121997,137049,152071,159562,170421,182346,196429,213698,214653,264539
7157,5572,9475,15818,21141,28647,34175,42641,47027,53538,60795,72055,74587,80605,88902,93980,102384,102464,114811,122018,120442
7158,7882,14323,23533,30910,40733,46676,53287,63492,70559,76767,88621,93101,106723,113725,121402,132416,144115,155983,173414,169631
7159,7984,16184,26472,35711,48081,52917,60696,72974,81355,87576,101396,106893,124507,131928,141632,154092,164495,179082,200540,197441
7160,15786,29339,46682,69532,58536,72744,91986,113087,117876,130030,151337,169122,181970,198487,211012,230826,229494,248675,245923,288438
7161,5800,10882,15653,20808,27413,37073,41321,50287,58053,64786,70083,77300,81357,84829,93426,99053,106820,114134,123456,123904
7162,8615,15804,22899,30352,40159,51026,57396,66040,72744,81146,92929,106885,115615,124496,137116,135659,150780,165341,165672,165100
7163,8715,16357,23799,31539,39172,50485,58233,66304,72311,79357,93376,105895,113655,123437,132412,133683,144505,159124,159225,159349
7164,21778,26171,53431,46200,68165,79000,98168,90109,132948,146115,165091,178018,189087,204490,224142,218877,251944,248898,240466,245220
7165,4662,8878,14300,20034,27344,34532,38669,51561,55729,61207,66460,70339,77566,82516,88979,88127,104453,104083,113917,124101
7166,7574,14084,21831,30943,40822,50473,54175,66545,72185,84966,97214,107469,117575,117280,128803,128807,143947,143140,162810,188627
7167,7842,14681,23748,32552,42077,51266,56699,68947,76831,91538,103672,113827,124885,123903,134695,134950,152661,152127,169782,195472
7168,19923,37909,38540,51617,88427,98213,91263,104248,123744,133779,142206,153692,170451,187049,185855,212482,212194,248188,295274,243335
7169,4829,9138,16016,22271,29996,35971,50423,60428,67669,70628,82614,87753,93448,101483,110341,110475,119794,131928,120336,148396
7170,18588,34285,49704,62612,76901,91289,102483,114020,133112,138700,145721,154268,164093,172592,183970,183970,199611,215430,215430,215430
7171,4772,9329,16776,25514,31525,38408,47794,59344,65747,73147,76387,84734,90504,96962,105272,113960,125326,137394,137394,153067
7172,8202,15086,27181,38720,45173,55017,61396,75662,89254,96447,103212,112775,121649,135935,151869,151869,169864,193082,193082,193082
7173,8171,15522,27404,39046,47663,58538,66611,83232,96001,102666,111164,121772,132276,143679,160335,160335,178993,203299,203299,203299
7174,20908,41278,46550,53766,79436,89149,97296,140997,130839,141573,166492,164104,181562,198182,196476,225184,225741,259141,275318,311700
7175,5029,10058,16448,25933,30590,39449,48857,58417,64673,68349,80163,80150,92349,101430,101426,109065,121584,120811,135346,134195
7176,7965,16477,26811,34884,45287,54157,66287,70733,91201,97978,106845,116092,127969,143534,144089,159964,160500,183823,185041,182294
7177,8690,18416,29813,39883,52353,61569,74880,82656,104514,112728,123130,133511,145987,164376,164033,183501,183366,212673,211946,211145
7178,15072,29088,36416,65698,66069,76306,108087,149471,148524,160919,173592,187882,206052,224266,223903,254902,253899,298203,251671,317805
7179,4963,10527,18852,27197,37700,49079,53778,61489,68306,79749,84465,90579,97212,104320,104562,113293,124645,123832,151811,138552
7180,8624,17620,27969,36073,47820,56573,68867,75370,88775,94100,110913,119337,132355,129446,147705,163613,163358,188285,188262,187239
7181,8971,18865,29945,39601,51492,60945,73699,81276,95041,101907,119339,128761,140411,139294,155915,175496,173676,204362,203260,204748
7182,13806,28168,56746,74334,76955,93122,114919,110933,150812,163891,176868,188200,206051,223008,224310,256101,255518,250310,282689,257067
7183,5995,14038,22106,29129,39339,53311,62623,72694,79028,84205,97655,102758,109197,118720,118825,130170,140759,138193,155130,174572
7184,9218,19197,27477,35668,47269,58113,64899,76035,86884,98352,104955,112323,121483,135362,149223,150158,167268,164391,191730,194972
7185,9678,19870,28755,38647,49198,59496,67262,78660,90246,103057,109089,120632,130547,143388,158836,159208,179356,179220,200102,203167
7186,22793,43228,74008,52619,94344,99290,95883,115762,129359,136618,159588,170775,187015,206315,206214,202154,232255,229418,318261,264415
7187,5533,10849,17202,26737,30436,42301,54505,61989,64981,73025,80526,91034,97664,96769,107661,115251,124436,122937,121748,155995
7188,7937,15684,22067,32987,41896,44760,58979,68185,80873,86259,92421,109429,120587,117472,135466,153125,149316,173760,164835,198695
7189,8550,17750,25712,37297,47193,50947,65203,75757,89120,95665,103559,121746,134333,131790,149709,164402,164003,189158,189449,222258
7190,31624,60504,45940,48844,63260,73435,80813,96578,112346,131821,141850,155832,153937,165683,199258,199107,230848,230899,228209,263425
7191,4926,10781,20360,29825,36170,44209,55597,63919,67238,78552,83070,88410,95493,103359,111933,122680,121029,122437,137664,151750
7192,7065,15411,26074,36003,46061,53683,66016,75611,85813,93936,111010,121626,121236,135769,150457,150943,172230,174689,172534,196932
7193,7452,16562,28813,38248,50101,57655,70651,81464,94306,101035,120569,132901,131646,147618,165014,165298,187459,190209,189564,215239
7194,17494,32929,45298,44889,58051,72522,98512,116344,142712,153630,166491,181951,202017,198583,228569,227213,270878,267203,278787,333980
7195,5621,11406,21250,31513,35328,47435,54045,63049,66107,77620,83356,89069,96335,105295,114957,125524,124659,124456,141684,153981
7196,7828,15765,25056,37020,45558,56306,64537,75654,86261,92981,102531,110862,123690,139250,155020,155568,176569,177852,177711,205556
7197,8839,17501,27797,39817,48658,58353,67708,79898,92474,98259,106679,116500,128888,144013,162726,162403,186106,187449,186992,212682
7198,14361,29368,35063,58054,58640,74087,131137,143589,164624,180440,191059,209579,228634,228763,261752,258609,306993,306714,276920,248554
7199,5457,11641,21441,32776,38993,50764,57611,64916,66163,78888,83432,87603,94552,103111,102533,111694,121841,121642,138331,155011
7200,9713,20848,29354,37725,47995,53842,63302,70888,77889,82199,96155,99812,106161,110681,119518,124756,134413,134413,139941,147306
7201,877,3421,3804,4469,5015,5439,5945,5980,6582,6585,6581,7171,7149,7073,7229,7721,7814,7814,7885,7791
7202,2649,5610,5853,6259,6777,7351,7963,8146,8697,8729,8738,9336,9482,9401,9430,10160,10276,10276,10242,10289
