frame_index,5Mbps,10Mbps,15Mbps,20Mbps,25Mbps,30Mbps,35Mbps,40Mbps,45Mbps,50Mbps,55Mbps,60Mbps,65Mbps,70Mbps,75Mbps,80Mbps,85Mbps,90Mbps,95Mbps,100Mbps
0,16486,27548,31219,40691,49723,56755,61553,67568,73574,90562,96906,103602,105542,112409,122284,123023,134256,134805,148592,149370
1,12311,26198,40710,52234,57674,69558,77391,94326,96921,112759,124244,126101,139564,149768,163550,165613,166778,168313,182251,196764
2,10584,26294,34939,46290,56853,68245,76942,93706,102890,112335,122788,136621,148193,150723,164006,167918,180758,182121,197323,212359
3,10544,21872,34150,45509,55401,67176,76466,85577,102447,111983,123009,135742,148173,148861,163734,167324,179918,182379,197485,209944
4,10704,24232,34124,44559,54922,67156,75701,84973,103147,112830,123960,136733,149237,149382,164594,168416,170661,185440,199217,210939
5,10356,23182,32930,44328,54920,66954,75078,85263,103066,112896,124172,136707,149237,149509,164808,167706,171086,185101,199325,210793
6,10302,23145,33063,44441,55302,68172,76465,86404,95050,114893,126303,139316,151936,151936,168027,170125,184248,187889,200204,215165
7,10293,19768,32227,44167,55156,68062,76199,85585,94624,114494,125741,125741,151726,151726,167555,168611,172986,187416,199291,199315
8,10459,19976,31672,44619,55800,61951,77397,86760,96850,116330,128122,128122,154571,154571,169696,170166,175315,188277,200823,203935
9,10397,20022,31658,44115,55492,61970,77434,86400,96970,106421,128036,128036,141819,154620,169819,170347,175899,187738,200781,206798
10,10767,20051,31686,43779,50030,69060,77670,86603,96258,105898,128062,128062,141460,154897,171050,171050,176134,188829,202462,208452
11,10471,23529,31577,43540,55757,61825,68933,86267,96098,105760,127544,127544,141173,154199,170538,170538,176415,187649,202403,207834
12,10296,20399,31847,44527,57058,63033,78960,88551,98185,108016,130752,130752,144378,158156,174644,174644,178573,191177,205824,211090
13,10558,20514,31834,44420,50741,63050,78992,88186,98268,108098,118929,130815,144615,158147,158147,174639,178759,190587,190206,208093
14,10476,20476,31810,44067,50477,62762,78372,87399,97400,107039,117567,129272,143051,156190,156190,172732,176910,177585,188630,207668
15,10477,20524,31793,44079,50455,62641,69656,87389,97429,107083,117631,129172,142986,156116,156116,172516,176915,178639,190511,208122
16,10506,20546,32070,44262,50800,62853,70425,88158,98368,108030,118575,130857,144632,157951,157951,174604,178091,179798,194048,208502
17,10470,20471,31629,44115,50940,62664,78816,87799,98084,107692,118230,130444,144090,157750,157750,173930,177122,178744,194166,208411
18,10324,23609,31367,43701,50603,62219,77989,86631,96368,105993,116581,128450,141895,154841,154841,171011,176108,178370,191830,206226
19,10529,20355,30921,43617,56144,62167,69264,86581,96319,106022,116232,128170,141567,154704,154704,170803,175731,189117,192040,206647
20,10222,20260,31150,43505,55897,61862,68895,86061,95695,105348,115664,127224,140476,153562,153562,169159,174735,187320,189831,204876
21,10460,20242,31040,43470,49966,61653,68558,85794,95507,105018,126808,126808,140030,153097,168504,168504,174649,187335,189714,204928
22,10298,20048,30925,43117,55327,61299,68462,85265,94980,104369,114690,125981,139104,151618,167507,167507,176530,187171,190382,204989
23,10334,20255,30922,43157,49843,61363,68433,85213,95125,104503,114706,126126,139056,151711,167706,167706,177078,187384,190192,205179
24,10291,23271,31087,42740,49330,60831,75730,84225,93707,103146,112997,124256,137142,149757,165201,165201,173575,186416,189958,203522
25,10580,23136,30930,42787,54812,67481,75732,84320,93597,103508,113134,124323,137000,150022,165276,165276,173628,186963,189572,203466
26,10326,19841,30980,42695,54661,67540,75822,84183,93675,103380,113428,124484,137446,149777,165552,165552,174560,185318,188935,204001
27,10524,19812,30895,42581,54973,67450,75565,84054,93564,103055,112895,124012,137077,149533,164874,164874,182365,184948,189245,203983
28,10208,19852,30858,42678,54899,67890,76120,84610,94369,103926,125319,125319,138026,150661,166300,166300,173488,187426,201116,204666
29,10508,19860,30893,42538,49350,67986,76141,84669,94315,103701,125274,125274,138038,150745,166434,166434,174023,187521,198233,204679
30,10364,19712,30751,42539,49050,67456,75659,84067,93411,103207,124082,124082,137131,149725,165234,165234,173689,186858,198299,203578
31,10322,23052,30679,42488,49344,67256,75404,83841,93401,102759,123932,123932,136416,149096,164762,164762,182791,186321,197884,202816
32,10439,23131,31115,43296,55532,68650,77245,85578,96293,115705,127136,127136,141405,154127,169126,169126,174431,188287,201944,207458
33,10477,19855,31098,43320,50411,61905,68750,85673,96490,106113,115865,127490,141727,154769,169617,169617,175884,188021,201642,208039
34,10584,19954,31278,43265,50304,61708,68955,86210,95996,105608,116088,127461,140944,153877,170202,170202,176050,189202,202247,207696
35,10306,19885,31261,43328,50406,61774,68924,86231,96016,105746,116066,127595,141003,153775,170131,170131,175977,188732,202421,207384
36,10332,19887,31408,43484,55892,61955,69067,86064,96313,105845,116361,128104,140901,154485,154485,170484,176716,188400,201687,207323
37,10570,20128,31416,43345,50406,61773,68800,85802,95900,105450,116005,127618,140670,153881,153881,170080,175226,187934,201235,207045
38,10414,23716,31716,43743,50653,62547,69922,86877,96902,106745,117196,128797,142325,155231,171479,171479,176972,188452,202621,207253
39,10393,20172,31700,43785,50487,62532,69615,86857,96866,106779,116924,128791,142000,155197,155197,171278,177347,188250,202446,207211
40,10457,20474,32234,44445,51391,63660,79490,88326,98514,108813,119273,131374,144574,158117,158117,174697,179663,190823,206220,210307
41,10507,20444,32160,44479,51289,63472,79085,88021,98380,108488,118895,130864,143959,157791,157791,174128,177695,177903,189503,209475
42,10642,20675,32688,45252,52256,64771,80891,89940,100399,110527,121289,133201,147310,147310,160482,177428,179887,182241,193378,211399
43,10411,20853,32265,40349,52313,64713,80767,90208,100558,110637,121310,133199,147266,147266,160541,177531,179306,182518,193367,210897
44,10477,21233,32131,40938,52969,65529,82377,91490,101692,112273,123137,135833,149657,149657,163487,180260,181760,184934,196046,212079
45,10487,21142,31854,45969,52995,65590,73363,91367,101673,112105,123021,135579,149666,149666,163526,180470,195900,184827,196178,198317
46,10572,21507,32281,41163,53157,65953,73776,91678,102020,112520,123600,135521,149820,149820,163625,180534,180873,184339,195933,200735
47,10607,21454,32032,46382,53046,65779,73502,91124,101716,112043,123065,134964,149386,149386,162950,179820,195207,184476,195723,201123
48,10604,21541,32469,46835,53456,66958,74135,91119,101712,112519,123890,135990,149303,149303,162348,177993,177993,184071,192435,200921
49,10519,21547,28635,46775,53423,66944,74030,91065,101724,112591,123774,136069,149233,149233,162298,177780,177780,184412,192598,210367
50,10774,22056,29212,47684,54130,67592,75242,92924,103510,114281,125824,138265,152087,152087,165439,181682,181682,187680,197899,214081
51,10546,21993,33289,47578,53941,67332,75049,92790,103444,113909,125613,125613,137765,151535,165104,180977,195945,187754,197439,202335
52,10698,22385,33157,47779,54172,67844,75324,93361,104020,114902,126187,126187,138554,152140,165909,182216,182216,189122,200000,207315
53,10549,22341,29336,47705,54131,67854,75434,93475,104088,114849,126337,126337,138581,152510,166031,182298,197726,188563,199276,207619
54,10575,22431,29345,47489,54172,67550,74988,93498,93498,115064,126029,126029,138295,152082,166477,183568,183568,189669,201054,209221
55,10545,19645,33716,47554,54291,67603,75101,93784,104422,115218,126078,126078,138611,152610,166676,184152,199427,189324,200969,209789
56,10651,22334,29343,47180,53526,66756,74360,92214,92214,113186,124146,124146,136530,150047,163746,179894,179894,183201,196369,204071
57,10384,22274,29474,46913,53350,66701,74170,92010,102263,112712,124033,124033,135852,149577,163333,179610,195016,185772,196005,204804
58,10395,22219,33325,46359,52673,65440,72874,89645,100050,110466,121030,121030,132648,145977,159227,175623,175623,183906,191665,201272
59,10349,19503,32697,46393,52519,65285,72706,89703,100087,110379,121137,132701,145998,145998,159108,175139,175139,184328,193795,212515
60,10446,22115,32415,46075,52161,64931,72026,89059,99568,109657,120137,131940,145164,145164,158215,174407,174407,183190,195939,210159
61,10499,19417,28656,46057,51914,64769,80144,88969,88969,109503,119839,131377,144459,144459,157906,173934,173934,182876,196678,208843
62,10239,21641,28327,44924,50911,63198,78053,86503,96330,106002,116166,127089,139740,139740,152576,168191,168191,177783,194038,205414
63,10418,21622,32177,40214,50892,63322,70031,86504,96297,105938,116089,127162,139777,139777,152537,168122,168122,189192,194144,207566
64,10317,19357,31966,40183,50766,63072,69789,86151,95922,105503,115650,126926,139300,139300,151819,167598,167598,187779,193814,206921
65,10303,21733,31921,40208,50697,62954,69684,86295,95743,105409,115794,127048,139220,139220,151691,167702,167702,187806,193805,208440
66,10206,21352,31500,39625,50238,62192,68892,77024,94899,104586,114465,125493,137920,137920,150419,166165,166165,186696,191810,205914
67,10198,18783,31489,39553,50132,61956,68723,85151,94688,104271,114163,124970,137532,137532,150128,165622,165622,186578,191582,206037
68,10271,21448,31862,40651,51190,64421,71035,88852,99261,109061,120867,132191,144786,144786,160682,178547,178547,195421,202036,215447
69,10398,21434,31816,40536,51117,64406,79442,88728,88728,109094,120877,131930,144732,144732,160422,178467,178467,183605,199685,212375
70,10315,21196,31007,39533,50362,62790,78101,78101,87450,107377,117928,129658,129658,143030,156924,173950,173950,182658,195649,209046
71,10329,21151,30921,39480,50104,62478,69652,77934,86946,107164,117459,129148,142632,142632,156210,173153,173153,183000,197955,208546
72,10326,20806,30497,39013,49742,62051,68661,85648,85648,105586,115414,127203,127203,140288,153813,170419,170419,180870,195387,206651
73,10347,20856,30455,39105,49867,61905,68644,85782,95838,105686,115593,127020,140325,140325,153654,170416,170416,191815,195681,207017
74,10132,20288,29689,37870,47913,59749,66361,82511,92047,101106,110597,121652,134328,134328,147077,162968,162968,184102,188698,201921
75,10316,20207,29937,42414,53639,59896,74008,82583,92030,101052,110709,134319,134319,146943,162950,162950,162950,185996,201582,202466
76,10180,19646,29196,40953,52178,57855,71709,80063,89272,98276,107588,118263,130242,142640,158026,158026,158233,181504,194831,212167
77,10341,22645,29964,40795,51984,63890,71361,79885,88851,107289,117703,130182,130182,142236,157477,171556,159965,180788,196431,210135
78,10163,19000,29556,39576,50146,61726,69092,76949,85798,103377,113298,124506,124506,136331,150756,150756,159527,187135,189141,205011
79,10365,21941,33234,39510,50220,61703,76784,85447,94210,103000,113112,124347,136096,150613,150613,150613,173275,186688,188747,204861
80,10177,21375,31362,38216,48481,59373,73785,82406,90371,98903,108609,119411,130602,144463,144463,144463,175961,180028,180347,195294
81,10229,21257,31201,43153,53630,66192,73564,82027,90069,98668,119094,119094,130116,143907,143907,143907,176165,179425,194302,210083
82,10195,20655,30371,42044,52031,64422,71962,79854,87751,96264,116327,116327,127000,140723,140723,153156,174943,186623,190515,206497
83,10394,20656,30745,41997,52086,64547,71866,79955,87873,105527,116294,127217,140762,140762,140762,153189,174549,186699,201927,206447
84,10070,20191,30902,41090,50840,62960,70151,78139,85953,103387,113803,124498,137727,137727,137727,150228,171546,184821,197539,203209
85,10327,20194,33940,41117,50807,62827,70056,78133,94182,103291,113870,124432,137858,137858,137858,150196,171789,184726,197919,214282
86,10529,19731,32296,40281,49945,61563,68539,76532,92253,101366,111548,121935,135158,135158,135158,147081,167966,181111,195530,209747
87,10451,19662,31962,40057,55044,61383,68229,83906,91752,111268,111268,121616,134533,134533,146602,146602,178591,180389,195802,207309
88,10177,19583,31818,40151,55174,61876,76871,84140,92325,101354,111585,122119,135304,135304,147703,147703,177441,181442,196989,210937
89,10419,19554,31767,40043,55162,61891,76728,84077,92059,111392,111392,122134,135307,135307,147638,147638,177221,181019,197067,208523
90,10244,19433,31286,39670,54724,61057,75782,83645,91628,100599,110715,121395,134398,134398,146491,146491,177638,180648,197488,208054
91,10558,19383,31149,39492,54498,60835,75354,83291,91319,100196,110248,120778,133862,133862,145677,145677,175663,179680,196562,207391
92,10291,21971,31492,39814,49545,61789,77042,85081,93624,113871,113871,124800,137826,137826,150190,150190,181747,185947,200750,215079
93,10659,22077,31506,39822,55356,61893,77007,85076,93736,102828,114031,124897,138015,138015,150438,150438,180184,186101,200723,213433
94,10291,19452,31589,39929,49618,61762,77177,84970,93426,102935,113366,124667,137855,137855,150677,150677,178733,185730,200406,214086
95,10308,22076,31399,39978,55167,61878,69076,84870,93494,102897,113458,124444,138246,138246,150679,150679,178688,185761,199917,214334
96,10581,21938,31378,39809,49449,61496,68782,84590,92920,102356,113078,124081,137456,137456,150239,150239,177870,184447,195970,212933
97,10181,21880,31262,39666,49215,61303,68347,84221,92509,102111,112563,123435,136934,136934,149530,149530,176959,183665,195453,212431
98,10577,21823,31236,39889,54782,61328,76472,84001,92110,101230,111755,122504,135768,135768,147948,147948,175108,183033,194863,192266
99,10221,21910,31190,39900,54881,61211,76408,83942,92006,111661,111661,122200,135382,135382,147826,161254,175009,182812,195736,208936
100,10589,22317,31720,40208,49875,61892,77304,85075,93455,102669,113253,124225,137412,137412,149572,163468,177593,182938,198849,211342
101,10651,19427,31621,40024,49618,61754,68751,84946,93045,102384,112829,123688,137016,137016,149144,162522,176989,183408,198162,210477
102,10385,19992,32356,40982,56632,63193,70699,87051,95511,104635,115470,126539,140235,140235,152739,166406,180628,184872,200934,215346
103,10396,20015,28647,40938,50873,63141,70856,78815,95230,104675,115475,126292,139961,139961,152558,166375,180110,185262,200497,197657
104,10510,20193,29247,41472,51472,63807,71115,79351,95707,105234,116017,126852,140856,140856,153083,167719,181071,187654,200795,199772
105,10175,20189,33019,41383,51451,63793,71241,79421,95883,105213,116226,126882,140532,140532,153404,167306,180888,187997,200234,200996
106,10563,20622,33096,42061,52124,64615,71804,79632,96305,106050,116688,127556,140439,140439,152558,165887,179680,187231,199409,202716
107,10318,20458,29308,41822,51915,64372,71424,79406,95851,105545,116142,126948,140028,140028,151824,165192,178709,187153,198138,205583
108,10490,20722,29889,42803,53048,65978,72966,80801,97744,107656,118342,129048,142523,142523,154477,168296,181521,189024,200135,217942
109,10447,20677,30238,42759,52850,65836,72747,80726,89027,107471,118069,129079,142454,142454,154520,167927,167927,188424,199975,216660
110,10360,20855,30542,42644,52781,65652,72767,80765,89101,107388,117796,128768,141907,141907,154110,168211,168694,188360,200416,216786
111,10525,20714,30545,42499,52695,65309,72440,80385,88624,106900,117319,128402,141387,141387,153849,167102,169883,187582,198592,215795
112,10472,20963,30938,43008,53261,66148,73237,81232,89562,108262,118972,129788,143256,143256,154768,168381,171948,188002,199132,215780
113,10506,20939,30968,43071,53343,66144,73167,81379,89612,108375,118841,129776,143250,143250,154899,155047,175520,187827,199183,199039
114,10398,20724,30829,42593,47701,65326,72490,80558,88533,106879,117837,128286,141438,141438,153538,155510,174631,183590,198235,198235
115,10381,20742,30843,42607,47609,58690,72436,80730,88778,106941,117663,128154,141333,141333,153566,160236,175190,185448,198321,198354
116,11069,22412,32749,45395,56327,69775,77302,86247,104079,114021,125575,136890,151205,151205,164996,168640,181822,195817,214293,215029
117,10752,22312,32669,40051,50609,62391,76876,85989,94659,103766,113597,125093,136440,150849,150849,167602,172563,181454,195091,195334
118,10619,22285,31839,39335,49815,60987,75429,83842,92319,100960,110864,122066,133307,147249,147249,164861,166675,180533,188745,197296
119,10316,22121,31869,39376,49657,60955,75242,83869,92249,101108,110982,122171,133363,147132,147132,165421,178428,180942,188936,212505
120,10559,22669,32232,40346,51047,62532,77476,85999,94558,103754,113970,125673,137295,151196,151196,168120,180811,186212,194916,214660
121,10573,19794,32020,40128,50849,62332,77164,85739,94290,103330,113438,125273,136789,150737,150737,167214,171274,185866,194198,213441
122,10558,19894,29060,40838,51783,63643,78703,87390,96147,105449,115771,127536,139485,154197,154197,169564,184287,189313,198374,217094
123,10336,19797,29560,40941,51754,63716,71000,87326,96273,105451,115948,127625,139520,154146,154146,159960,171590,188209,198420,198447
124,10305,20015,30185,41182,51967,63926,71109,87466,96258,105727,116163,127818,139743,154286,154286,160040,174261,188171,198424,200672
125,10629,19926,30490,41079,51864,63765,71241,87497,96114,105638,116251,127868,139640,154191,154191,160004,174505,187949,198379,205848
126,10381,20209,31271,41919,52952,65214,72606,89275,98422,107928,118185,130605,142248,156922,156922,162138,176379,188352,200364,207161
127,10413,20138,31351,41744,52721,65006,72338,79997,98032,107516,117914,130112,141755,156313,156313,161913,176211,176432,187160,206972
128,10462,20445,31347,42526,53646,66279,74014,81778,99866,109313,120235,132242,144556,159108,159108,164507,178756,191539,193234,209530
129,10467,20505,31257,42539,53594,59404,73806,81588,90671,109142,120215,132321,132321,159281,159281,164490,178176,190235,194720,208947
130,10586,20739,31606,42533,53900,59775,73860,81740,90828,109385,120039,120039,131964,159237,159237,164033,177757,178628,193862,209082
131,10387,20641,31423,42451,53658,59556,73721,81385,90511,108835,119555,119555,131688,158441,158441,163410,177038,178509,193175,208308
132,10420,20789,31502,42984,54496,60305,74896,82764,92177,101240,121674,121674,133674,146076,160906,165306,177765,179873,194794,208334
133,10393,20792,31502,43028,48749,60308,74735,82845,92182,101301,121576,121576,134008,146335,161011,165452,177931,180076,194917,208846
134,10458,21003,31185,43633,55039,61053,75901,84152,93296,102492,123742,123742,136270,148862,163932,168186,179965,183556,198576,210568
135,10493,21005,31323,39014,49343,60931,75915,83953,93356,102751,112922,123639,136439,148902,164127,167935,168987,183700,198689,210660
136,10592,21340,31956,39789,50622,62703,77837,86257,95839,105460,115535,127037,139915,152714,168219,170308,184278,187485,200122,214667
137,10565,21273,31769,39615,50429,62445,77688,85990,95431,105020,115033,126482,139429,152251,167941,169445,172633,187159,199434,213777
138,10674,22074,32677,41011,52237,64718,80506,89120,98892,109039,119729,131367,144948,157904,174322,175228,177578,191725,206801,222338
139,10687,19384,32785,45829,52215,64551,80290,89015,98945,109028,119598,131315,144611,157756,174184,174184,177440,191161,191161,205615
140,10820,19983,33477,42179,53560,66592,82742,91519,102295,112436,123061,135126,148343,161984,179289,179289,182482,196487,198204,212215
141,10627,19937,29688,46995,53363,66500,73953,91205,102079,112019,122767,134987,147945,161547,161547,178701,180839,181013,197808,195371
142,10726,20108,30105,46937,53225,65810,73234,90417,100530,110657,121248,132790,146452,159410,159410,175935,177587,179917,195116,194270
143,10689,20133,30452,46847,53239,65886,73282,90661,100606,110685,121306,132959,146431,159439,175999,175999,177528,181890,195812,198050
144,10530,20310,30992,47272,53611,66351,73613,91174,101546,111672,122348,134027,147474,160949,177504,177504,178009,183493,197272,200464
145,10514,20205,30697,47302,53636,66412,73820,91426,101554,111621,122392,134086,147422,161274,177311,177311,177731,183349,197541,200030
146,10715,20294,31117,47451,53958,66593,73791,82528,101484,111529,121982,133764,147228,160551,176778,176778,177102,182601,197755,199434
147,10591,20205,31032,47354,53759,66277,73612,82171,101154,111280,121626,133319,146633,159888,176442,176442,176666,182174,197212,198372
148,10718,20532,31485,48126,54459,67320,74730,83024,102107,112435,123071,134934,148035,161329,177520,177520,177699,183106,197504,199567
149,10610,20429,31384,48024,54394,67139,74568,82896,102090,112106,123088,134803,147916,161190,177342,177342,177477,182874,197624,199370
150,10474,20289,31060,47324,53462,66305,73367,81688,100294,110233,120631,132358,145306,158494,173986,173986,174587,179548,195098,196116
151,10406,20381,30890,47242,53318,66119,73301,81390,99890,110131,120380,131995,131995,158121,173662,173662,175003,179099,194538,210166
152,10406,20393,30803,47067,53162,65911,73249,81544,99794,109691,120032,131485,131485,157133,173272,173272,175284,178131,193679,208831
153,10422,20517,30841,47224,53175,65954,73028,81441,99922,109819,119998,131499,144433,157255,173314,173314,175713,178179,193490,208510
154,10211,20444,30711,46593,52544,64889,71914,80023,88554,108011,118293,129867,129867,154708,170581,170581,174249,176484,191089,207006
155,10272,20533,30712,46491,52474,64968,79929,88601,98075,108034,118478,129570,129570,154720,170651,170651,175235,176571,191577,207644
156,10170,20254,30278,45948,51925,64461,79457,87673,97369,107520,117274,128699,140987,153596,169012,169012,174090,175423,189226,205566
157,10109,20530,30485,40990,51688,64066,79071,87556,97151,106971,116720,128305,140655,153085,168329,168329,173785,187741,202186,205211
158,10161,20698,33433,45927,51865,64325,79060,87676,97378,107308,117408,128499,141036,153690,168901,168901,174479,187686,201030,204698
159,10319,20734,33366,41139,51651,64350,79020,87554,97376,107232,117367,128637,141176,153399,168519,168519,174258,187501,200413,205124
160,10225,20659,32863,45409,51452,63853,78690,86867,96578,106489,116461,127877,140245,152429,167871,167871,172985,187203,199172,203461
161,10287,20576,32563,40555,51247,63513,70742,78386,96202,106317,116123,127474,139775,151955,167463,167463,172743,186982,198534,202820
162,10247,23140,31885,40265,50864,62851,77541,77541,95127,104951,115085,125840,137949,150030,165661,165661,170478,184967,197075,201783
163,10279,22121,31965,40224,50830,62902,69870,77603,95199,104958,115083,125998,138032,150188,165844,165844,170553,185020,197275,201799
164,10409,21793,31572,40148,50467,62732,69520,77331,95611,105130,115071,126379,138722,151205,167294,167294,171848,186688,198681,202720
165,10348,21784,31559,40147,50420,62657,69352,77437,95564,105127,115181,126501,138464,151463,167463,167463,171969,186779,198668,203023
166,10340,21407,31718,39867,50637,62801,69930,77803,95919,105525,115835,126948,139849,152404,152404,167898,172070,186979,199119,203525
167,10288,18968,31554,39668,50428,62605,69636,77685,95662,105430,115509,126804,139376,152134,152134,167628,171830,186496,198509,203077
168,10532,19139,31576,39942,50429,62670,69552,77554,95556,105401,115442,126866,139379,152367,152367,168131,172670,187182,199053,203757
169,10483,21981,31558,39799,50488,62701,69647,85885,95476,105256,115448,126732,139120,151978,151978,167804,172472,186961,198624,203439
170,10532,21817,31700,40034,50852,62863,70028,86122,95731,105551,115997,127261,139914,152490,152490,168097,172208,186781,197780,202660
171,10314,21641,31487,39942,50625,62672,69704,85715,95175,105092,115377,126795,139715,152080,152080,167320,171478,186289,197311,202736
172,10710,21965,32325,40779,51844,64062,71226,87617,97386,107494,117771,129148,141962,154679,154679,170851,174958,189049,201687,206185
173,10474,19426,28773,40782,51879,64074,79337,79337,97636,107515,117849,129049,129049,154992,154992,170649,174858,188831,201321,206309
174,10617,19888,29344,46460,52780,64925,80031,88524,98552,108561,119022,130437,130437,156439,156439,172191,177025,189017,203977,208682
175,10510,19957,29808,46346,52680,64944,80120,80120,98466,108559,119051,130608,130608,143304,156509,172281,177029,188897,203798,208167
176,10599,23109,30719,47117,53635,65894,81272,89965,100130,110199,120823,132526,132526,145280,157823,173620,178249,189045,205104,209595
177,10644,20125,31059,46902,53379,65826,72894,89564,89564,109856,120593,132006,132006,144905,157460,173025,177565,188703,204513,208971
178,10753,20832,31845,48182,54661,67664,74917,92121,92121,113018,123782,135559,135559,148664,161783,177658,180480,193006,209740,213366
179,10602,20708,31481,48101,54548,67543,74952,83320,91928,112905,123640,135508,135508,148518,161625,177625,179516,179353,192742,212654
180,10778,20927,31595,48315,54851,67772,75096,83391,92201,112578,123321,135104,135104,148048,161195,177348,178142,181058,192649,210315
181,10660,20939,31437,48226,54777,67769,74907,83121,91806,112396,122867,134751,134751,147937,160866,176981,177917,181530,192198,210276
182,10795,20939,31929,48857,55231,68430,75495,83617,92736,103421,124922,136485,136485,149024,161953,177688,177907,182451,192874,209961
183,10765,21036,31601,43915,55114,68335,75516,83616,92891,103553,124937,136549,136549,149158,162109,177706,177899,182880,192881,209512
184,10796,21045,31817,44348,55711,69280,76566,84734,93942,104427,126108,137968,137968,151060,164165,180310,180787,185673,195673,213249
185,10837,21020,31801,44395,55769,69112,76275,84817,93901,104536,126161,138019,138019,151246,164232,180313,195503,185695,195873,212776
186,10911,21095,31635,44323,55630,62405,76610,85155,94144,105053,126381,138421,138421,151477,164920,181108,181108,187260,196731,214107
187,10869,21052,31673,44150,55588,62180,76326,84866,93788,104700,126127,126127,137870,151134,164725,180731,195984,187119,195984,196592
188,11024,21425,31779,44923,56940,63710,78684,87395,96882,107669,129766,129766,141830,156162,170855,188500,188500,191935,204310,204920
189,11000,21364,31674,44953,56917,63765,78393,87382,96821,107703,118714,129792,141780,156023,170874,188494,188494,190786,188946,204827
190,10897,21357,31410,44869,56758,63324,78204,86985,96018,106735,117744,129529,141839,155897,169730,186576,186576,188826,188597,204115
191,10923,21362,31408,44730,56651,63134,78171,86765,95733,106539,117367,129116,141302,155482,169276,186224,186224,188514,190218,205063
192,10963,21493,31718,45149,57080,63598,78450,87364,96191,107066,118457,129473,142517,156520,170285,187131,187131,189918,194129,209127
193,11008,21387,31708,45107,57195,63685,78613,87542,96514,107402,118572,129623,142679,156643,170670,187638,187638,189760,195903,208559
194,10998,21427,31295,44672,56330,63038,77506,86302,95308,105952,116565,128215,140602,154364,167728,184777,184777,187724,193961,207944
195,10966,21394,31347,44652,56433,62946,77439,86231,95325,105920,116760,128165,140531,154312,167983,184808,184808,186967,194219,207697
196,11002,21331,31275,44071,56025,62380,76056,84368,93680,104646,115169,125878,137755,150618,163111,179358,179358,179947,187753,204359
197,10933,21315,31188,43993,55747,62107,75854,84213,93369,104478,114774,125756,137151,150039,162992,178982,194175,184156,201392,204371
198,10912,21204,30908,44066,55782,62236,75927,84459,93794,104729,115390,126149,137752,150476,163663,179784,179784,184123,201970,205797
199,10899,21176,30890,44017,55564,62104,75860,84207,93640,104696,115255,125778,137484,150341,163276,179706,194983,187489,198470,205785
200,10806,20792,30403,43247,54874,61258,74768,83153,92013,102561,112646,123196,134941,147782,160971,176792,176792,183694,198928,203594
201,10790,20725,30594,43170,54606,61097,74504,82980,91807,102330,112252,122816,134596,147452,160081,176164,176164,182868,198395,216628
202,10751,20770,30417,43075,54454,60846,74010,82208,91234,101977,122301,133193,133193,145660,158151,173379,173379,181645,190978,210310
203,10745,20867,30975,43143,54496,60868,73930,82322,91166,101945,112016,133329,133329,145837,157933,173255,173255,181653,196681,211064
204,10861,21080,30975,43522,54908,61212,74591,82675,91784,102082,122596,134059,134059,146105,158547,174659,174659,182187,198357,211163
205,10802,21038,31100,43374,54937,61183,74478,82780,91773,102084,112227,122672,133929,146172,158782,174502,174502,182387,198334,209213
206,10926,20926,31262,43043,54638,60772,74040,82498,91435,101646,122218,122218,133207,145889,158644,174303,174303,182273,195294,207603
207,10883,20924,31299,42935,54527,67014,73789,82239,90950,101477,111507,121897,132892,145538,158155,173917,173917,182112,195141,206964
208,10864,20819,31131,42739,54068,66447,73382,81492,90331,100554,120812,120812,132102,144669,157194,172623,172623,180102,194785,205425
209,10812,20836,31198,42835,53888,66429,73338,81464,90264,100596,110656,120805,132096,144512,157216,172574,172574,180872,194933,205806
210,10784,20871,30993,42722,53894,66287,73438,81633,90576,100806,120924,120924,132406,144808,157686,173311,173311,180433,195092,207753
211,10794,20819,30973,42673,53718,66128,73236,81331,90369,100711,110634,120558,131928,144588,157193,172997,172997,180164,195291,207597
212,10931,20905,31351,43077,54593,67596,74585,83207,91795,102329,122973,122973,134794,148599,161942,178364,178364,185172,198351,212202
213,10940,20940,31303,43186,54832,60946,74671,83335,92167,102618,113245,123241,135499,148963,162374,178724,178724,185925,198675,212000
214,10955,20962,31491,43433,54761,61357,74936,83075,92155,102874,113621,124164,136012,149173,161818,178003,178003,183247,199115,211455
215,10905,20933,31505,43393,54766,61326,74917,83358,92316,102921,113528,124324,135960,149097,161908,177901,177901,183419,198573,211582
216,11154,21275,31953,44162,55362,61910,76065,84663,93788,104294,115109,125885,138166,151306,164558,181132,181132,186374,199493,214172
217,11165,21245,31665,39046,55237,61985,75814,84578,93504,104180,114915,125534,137636,150687,164096,164096,196177,185979,198805,196462
218,11293,21563,31816,44857,56189,63289,77562,85868,95210,106267,117129,128339,140351,153719,166829,166829,183390,188371,200119,200646
219,11278,18904,31554,39633,56181,63179,77415,85634,95031,106202,116949,128091,140335,153536,166749,183418,198635,188290,199107,203731
220,11338,19016,31786,39778,56189,62811,76717,85219,94148,104660,115360,126005,137714,151087,164158,164158,180450,184837,196654,202096
221,11298,19079,31728,39665,56115,62720,76574,85096,93974,104479,115093,125650,137255,150738,163847,163847,195253,185808,197307,202190
222,11415,19343,32134,40362,56600,63639,77307,85844,94939,105861,116809,127734,139979,153007,165918,165918,182460,187086,198526,204801
223,11474,19351,32111,40313,56728,63604,77330,85804,95070,106045,116855,127791,139971,152999,166018,182704,197688,187128,198693,205287
224,11333,19091,31546,39731,55888,62396,76269,84482,93458,103962,114630,124834,136875,149813,163275,163275,179253,186241,196302,203126
225,11323,21947,31708,39769,55882,62385,76294,84621,93616,103847,114716,125254,136989,149737,163184,163184,194611,186262,196870,203239
226,11366,21754,31804,40123,56682,63300,77300,85645,94784,105696,116478,127394,139316,152566,165569,165569,181824,186926,199836,205732
227,11367,21670,31772,40056,56519,63209,77042,85468,94494,105339,116203,126874,138923,152159,165026,181216,196270,187667,198179,204964
228,11492,21782,31898,39958,56473,63033,77034,85498,94269,104810,115926,126256,138329,151173,164093,164093,180630,187435,198426,204464
229,11468,21716,31827,39992,56224,62966,76977,85378,94385,105012,115679,126293,137956,151082,164015,164015,195563,187316,198101,204315
230,11569,22201,32540,40885,57689,64469,78862,87098,96507,107371,118254,129481,141609,154861,167876,167876,184348,189140,200530,208457
231,11640,19544,32481,40804,51157,64403,78692,86754,96224,107134,118044,129108,141242,154461,167473,183881,199247,187959,201293,206270
232,11616,19299,31946,40046,50092,63209,77013,85467,94666,105245,115962,126633,138792,152001,165148,165148,181628,185683,196821,204975
233,11577,21927,31959,40022,56575,63220,77271,85728,94714,105055,116280,126848,138965,151940,165355,181392,196845,186747,197187,205469
234,11531,21826,31692,39784,56235,62688,69319,84864,94499,105059,115597,126578,138273,151356,164422,164422,180724,186830,197692,204775
235,11484,21821,31678,39854,56153,62814,76673,85126,94343,105030,115715,126542,138366,151314,164432,164432,195872,186966,197734,205110
236,11291,21598,31312,44504,55993,62486,69099,85007,94740,105121,115348,126296,138899,152225,165112,165112,181415,187446,198526,206405
237,11244,21409,31308,39321,55840,62313,76643,85014,94856,105100,115245,126247,138782,152019,165248,181443,197173,187754,198250,205955
238,11303,21574,31385,44614,56118,62581,69490,85868,94891,105365,116105,127100,139244,152773,152773,166104,182567,187232,198446,205282
239,11237,21588,31345,39615,56126,62527,76984,85469,94538,105169,116063,126817,139345,152619,165923,182309,197831,187053,198302,205511
240,11068,21067,30826,38765,54900,61113,67835,83483,92466,102806,113105,123713,135770,148993,148993,162180,178653,184195,194170,201634
241,10973,21062,30817,43639,54839,61007,75002,83367,92380,102538,112807,123501,135575,148638,148638,161957,178246,183942,195714,201359
242,10839,20973,30641,43696,54810,61219,75239,83732,92879,103054,113583,124523,136470,149284,162623,162623,178844,184716,196759,201939
243,10854,21031,30753,43579,54955,61490,75207,83744,92851,103071,113633,124452,136364,149428,162687,162687,178983,185073,196907,201942
244,10698,20449,30213,42662,53681,59887,73658,82036,90528,100750,110787,121628,132666,145799,158552,158552,188916,181973,193370,198470
245,10709,20479,30066,42581,53663,59927,73653,82013,90568,100808,110728,121555,133022,145786,158592,174201,174201,182054,195133,210854
246,10615,20377,29916,42544,53688,59817,73811,81977,90873,101136,111435,122122,133671,146696,159468,159468,175485,183163,197198,209960
247,10605,20253,29804,42478,53664,66521,73518,81855,90538,100738,111083,121754,133345,146237,158968,174845,174845,182660,196590,209221
248,10506,20207,29622,42170,53187,66148,73094,81171,89706,99822,109953,120362,131568,144521,157367,157367,173231,183626,197241,208598
249,10482,20081,29568,42057,53075,65992,72952,81155,89676,109710,109710,120211,131666,144436,157159,173004,173004,183454,197485,208528
250,10538,20222,29879,42789,54003,66850,74078,82070,90960,111796,111796,122458,133986,146933,160116,175793,175793,185950,200055,210455
251,10520,20147,30121,42650,53794,66607,73663,81873,90582,101049,111331,121993,133439,146743,159562,159562,175310,185554,197688,210240
252,10549,20245,30209,42464,53822,66604,73884,81689,90612,100607,110829,121603,133165,146474,159471,159471,175347,185133,197911,210801
253,10547,20214,30560,42407,53695,66370,73583,81828,90722,100846,111056,121554,133289,146353,159519,175331,175331,185020,197943,210013
254,10597,20415,30979,42553,53682,66714,73860,81940,91059,101263,111467,121973,133540,146792,159655,159655,175376,184062,197853,207769
255,10624,20406,30995,42598,53641,66755,73803,81899,91134,101160,111420,122093,133662,146942,159865,159865,175384,184135,198326,207711
256,10618,20384,31182,43019,54291,67259,74714,83067,92167,102266,112946,123466,135679,148582,161849,161849,178170,185909,198686,210558
257,10503,20306,31411,43043,54039,67354,74542,82756,91951,102127,112689,123083,135063,148242,161576,161576,177746,185986,197843,210132
258,10607,20522,31346,43039,54292,67566,74967,83089,92086,102435,112940,123606,135124,148281,161468,161468,177773,186191,197556,210006
259,10613,20491,31214,42958,54171,60776,74795,83021,92186,102265,112718,123512,135279,148536,161559,161559,177911,184928,197684,209873
260,10775,20937,31850,44062,55918,62602,77362,86052,95899,106782,117222,128196,141398,155556,169658,169658,186353,190233,203249,220319
261,10796,21040,31915,43938,49195,62532,69379,86099,95502,106573,117109,128050,140886,155335,155335,186161,186161,188886,202917,202677
262,10833,21098,31805,44394,49852,63008,77885,86749,96030,106874,118107,129669,142253,156275,156275,187433,187433,189687,203475,203475
263,10855,21152,31564,39426,49833,62933,70148,86890,96087,106914,118123,129807,142543,156453,156453,187362,187362,189556,189556,203967
264,10907,21298,31852,39731,50034,63732,78067,86821,96630,107681,119439,130469,142822,156086,156086,169875,187056,190051,194055,204197
265,10950,21274,31777,39742,49965,63785,78086,86945,96875,107896,119416,130786,143307,156481,156481,170387,187180,190132,195148,205195
266,10871,20847,30828,38993,48870,62403,76364,85054,94604,105626,116550,127836,139661,152710,152710,165813,182507,186207,192996,205445
267,10739,20822,30862,43785,48751,62115,68797,84736,94248,105384,115973,127509,139138,152249,152249,165395,197393,185912,203992,206043
268,10416,20252,30088,42414,47396,60638,66949,82356,91636,102497,112964,124045,135395,148117,148117,160675,176711,183073,198284,202810
269,10401,20314,30639,42414,54058,60445,73874,82244,91654,102635,112917,123787,135353,147818,147818,160492,176548,185260,197790,213572
270,9950,19328,29436,40519,51485,57625,70516,78510,87764,97818,107669,118015,129115,141351,141351,153537,169315,179251,191924,206570
271,9933,22008,33284,35909,51431,63482,70330,78252,87479,107521,107521,128634,128634,140673,153002,168671,168671,190147,203260,207293
272,9712,21253,31802,35079,50420,62158,68784,76780,85418,95436,105085,125844,125844,137891,149857,164669,164669,185136,196975,201198
273,9701,21151,31563,39490,50443,62432,68817,76854,95636,95636,105127,125851,125851,137841,149652,164585,164585,185564,197358,201962
274,9512,20866,31193,39024,49757,61584,68111,76064,94932,94932,104619,125221,125221,137074,149354,164225,164225,184685,196603,201154
275,9531,20956,31188,39121,49662,61564,68210,85042,95041,95041,104540,125144,125144,137068,149251,164393,164393,184698,197274,201341
276,9607,20819,31338,39183,49902,61872,68510,85388,95425,95425,105072,126160,126160,137988,150335,165006,165006,184801,198052,200863
277,9504,20715,31260,38932,49743,61690,68145,85171,95115,95115,104891,125735,125735,137640,149581,164379,164379,184642,197721,200848
278,9543,21049,31506,39395,50227,62247,69180,85807,95709,95709,105440,126116,126116,138578,150912,165844,165844,185067,198702,202252
279,9545,20975,31301,39390,50175,62164,69027,85690,95612,95612,105417,126142,126142,138415,150746,165873,165873,185335,198253,202122
280,9627,21380,31592,39865,50834,62865,69594,86689,96639,106712,106712,128036,128036,140164,152715,168049,168049,187379,199533,203917
281,9644,21271,31593,39710,50657,62731,69372,77458,96340,106315,116447,127450,127450,139824,152123,167598,167598,187057,198746,203877
282,9907,21897,32255,40940,52154,64567,71719,80226,100061,110354,110354,120908,132375,144916,157751,173499,173499,191976,205138,211362
283,9908,21899,32226,40941,52234,64698,71796,89591,89591,110196,110196,120839,132277,144865,157715,157715,173865,190838,192313,210394
284,10161,22192,32670,41870,53430,66412,73884,91719,91719,113394,113394,123807,136121,150486,164265,164265,181109,196633,198847,215308
285,10091,22269,29147,41822,53485,66416,73912,83103,91822,102715,113353,123952,136604,150806,164578,164578,196516,182715,198972,203178
286,10172,22601,29700,42556,54006,67893,75114,83555,92721,103767,114817,126350,138477,152210,165611,165611,182076,185540,199346,205346
287,10121,19801,29740,42513,53981,60665,75045,83384,92466,103305,114426,125776,138300,151924,151924,181541,196991,185766,198468,205211
288,10409,23024,31022,43239,55060,61825,76149,84945,94195,105182,116277,127184,140029,153588,153588,167583,184522,188625,201373,210142
289,10317,20263,31026,43338,54870,61703,76231,84683,94176,105028,116272,127329,140154,153667,153667,184417,200586,188064,201356,209432
290,10364,20286,30847,42952,54653,61374,75530,84136,93354,104357,115286,126778,138970,152298,152298,165621,182707,185985,199159,208120
291,10312,20182,31059,42857,48049,61170,75272,83962,93052,103998,114968,126099,138629,151999,151999,165060,197833,186048,198209,207541
292,10331,20122,30706,42296,54067,60393,73580,82353,91505,102243,112754,123380,134925,147206,147206,160310,176184,185088,192154,202270
293,10363,20179,31000,42216,54144,60467,73737,82435,91713,102260,112891,123494,134825,147603,160295,160295,176331,186846,194532,213551
294,10458,20309,31188,42589,54221,60506,74230,82697,91883,102788,113135,123560,135295,147905,161066,161066,176790,187192,195238,211579
295,10381,20382,31183,42562,54204,60599,74093,82529,91962,102855,113155,123837,135120,147943,160892,160892,177133,186943,196668,210580
296,10446,20183,30851,42382,53878,60091,73466,81745,91159,101421,111499,122277,133540,146370,159117,159117,175248,185149,195798,208279
297,10414,20212,31101,42193,53667,59920,73102,81438,101048,101048,111084,121708,132890,145666,158691,174437,174437,186191,197155,207639
298,10432,20232,31502,42280,53818,59861,73134,81810,91081,101363,111174,121341,132125,144348,157178,157178,172726,183404,195589,205305
299,17978,30064,35415,45310,54563,63913,71246,77918,87415,95528,105922,115465,116169,125174,136656,137645,149425,151042,162581,163917
300,12469,26409,37127,53131,60400,73012,81525,95100,104527,113529,123400,133359,141459,153671,165318,167852,182126,184871,197867,201278
301,11313,24101,35184,45470,57304,69129,77923,92354,103197,112529,121921,132519,147047,158278,162268,176341,179775,183824,197002,210268
302,10841,22586,34032,44587,55833,67661,76086,91799,102597,111906,121680,132052,144941,157267,159690,173689,178822,191951,197201,209940
303,10709,24453,33731,44411,55302,66805,75670,92139,103420,113105,123171,133461,145792,158240,159909,175051,179264,191411,197911,209917
304,10654,20490,33643,49367,55204,66793,75151,92207,103263,113023,123086,133685,145903,158683,159654,174857,178609,190613,198213,209381
305,10565,23077,32661,43648,54200,65801,73854,90486,101118,110866,120766,131439,143840,156521,157397,172144,176869,188014,196540,208254
306,10465,22883,32142,43685,54016,65555,73794,90159,101035,110651,120347,131163,143486,155913,156854,171727,176883,187871,197256,208277
307,10423,20328,32371,48435,54858,67656,75016,93207,103938,113772,124696,137484,150355,163651,164231,179752,182154,195321,202780,213742
308,10432,20293,31889,42924,54883,67674,75085,93408,103554,114031,125194,138097,150851,150851,163937,180389,181825,182621,200965,203402
309,10478,20149,31326,47400,54553,67008,73837,82225,91148,112860,123530,134998,134998,147324,159966,175786,190655,180613,196702,200850
310,10439,20140,31229,42353,54536,66645,73647,91033,101929,112634,123383,134414,134414,146903,159783,175599,175599,181875,197276,213089
311,10269,19981,30968,42216,54118,66409,73380,90989,90989,112413,123028,134731,134731,147084,159676,175055,175055,184581,197338,211044
312,10288,20052,31087,46948,54226,66519,73498,90982,101899,112566,123284,134752,134752,147231,159554,175114,175114,185812,197627,209937
313,10101,22195,30646,45900,52722,64629,71372,88257,88257,108871,119410,130521,130521,142508,154959,170179,170869,181408,193704,206367
314,10174,22076,34332,40993,52688,64610,79388,88187,98687,109083,119301,130515,142738,142738,154952,170294,170999,189279,194939,206792
315,10131,21828,32867,45197,51993,63617,78204,87054,97280,107162,117451,128208,140258,140258,152095,166844,170551,188450,192209,204910
316,10222,21674,32366,40327,51685,63387,70226,86721,97116,106900,116925,127814,139665,151711,166249,166249,173168,187781,191327,205535
317,10428,21898,32189,40758,52319,63896,78985,87998,98244,108392,118546,129390,141455,153708,168893,168893,176185,190785,194619,209002
318,10495,21841,32001,40721,52192,63956,78822,87860,98266,108030,118234,129147,141423,153463,168760,168760,175951,189431,194303,208530
319,10416,21795,31734,40402,51733,63503,78072,86823,96936,106687,116733,127830,139670,152052,167290,167290,176207,186755,193579,208262
320,10360,21764,31736,40438,51814,63341,69916,86514,96529,106450,116187,127268,139349,151658,166854,166854,175556,186564,193012,207908
321,10338,21681,31547,40121,51627,63156,69813,86205,96409,106251,116393,126982,138748,150632,165222,165222,174712,186481,191432,204882
322,10393,21695,31583,40203,51608,63131,69765,86289,96542,106277,116117,127075,138802,150600,165124,165124,185870,186022,202949,215336
323,10402,21747,31830,40605,51794,63434,70105,86901,97141,106766,116661,127716,139639,152004,166962,166962,174400,190206,202299,214948
324,10560,21760,31876,40643,51993,63508,78415,86989,97085,106870,116706,127732,139721,151969,167294,167294,175066,188734,200017,213488
325,10460,21797,31822,40531,51736,63169,69998,86402,96658,106012,116034,126915,138866,151173,165920,165920,177113,187687,199045,211649
326,10442,21681,31786,40342,51619,62942,69878,86152,96242,105860,115863,126587,138486,150600,165575,165575,177506,187648,198590,211280
327,10392,21712,31747,40275,51723,63210,69835,86407,96235,105928,115880,126854,138746,150944,165793,165793,174543,187292,197347,210821
328,10391,19187,31732,40250,51726,62916,69803,86100,96143,105996,115975,126822,138670,150719,165659,165659,185650,187396,198346,210828
329,10424,21832,28379,40390,51757,63264,78054,86784,96626,106152,116291,127279,139329,151407,166546,166546,174216,184892,198733,211942
330,10430,21823,31733,40214,51659,62999,69793,86581,96345,106055,116099,126926,139039,151163,166247,166247,174450,189172,198115,211594
331,10509,19399,32074,40968,52358,64411,71676,88696,98343,108786,119541,130549,142634,155054,171691,171691,178558,190565,203190,219680
332,10508,22102,32095,45868,52422,64350,80462,88730,98640,108981,119811,130843,142690,155110,172279,172279,178212,189609,189967,203798
333,10502,19625,32335,41210,53120,65278,80636,89375,99939,110741,121232,132996,145769,158186,173573,173573,178665,189620,193352,205053
334,10354,22184,28816,46066,53013,65445,80602,89217,100097,110715,121379,132992,145770,158215,158215,173839,178367,189380,194763,205192
335,10414,19346,28458,45439,51870,64204,78933,87575,97994,108200,118947,130049,142713,155302,155302,170499,174404,185905,193945,201425
336,10432,21770,31801,40594,51967,63933,78824,87352,97661,107848,118259,129637,142296,154842,154842,170149,174865,186384,194423,201164
337,10334,19024,31516,40207,51572,63455,78092,86572,96931,106945,117455,128229,140432,152617,152617,167276,172864,182989,190182,198148
338,10329,21500,31467,40217,51517,63231,70046,86418,96981,106940,117326,128118,140198,152449,167263,167263,174012,184606,189993,201078
339,10240,21353,31357,39803,51089,62878,69783,86034,96315,106234,116513,127534,139825,151931,166884,166884,173184,184738,189143,202598
340,10396,21297,31318,39719,50902,62747,69583,85749,96016,105956,116161,127204,139541,151441,166563,166563,173060,185396,188709,202431
341,10324,21357,31164,44362,50912,62557,69195,85378,95337,105465,115420,126655,138579,150722,165350,165350,172794,185379,187816,202470
342,10329,18828,31180,44407,51377,62546,69328,85431,95387,105536,115649,126855,138706,150579,165402,165402,173778,185026,188450,201978
343,10446,21363,31074,44304,51290,62335,68991,85104,95053,104760,115282,126075,138208,150041,165062,165062,181790,183636,186590,200764
344,10276,21249,31041,44313,51252,62308,69142,85178,95202,104648,115341,126139,138233,150138,164921,164921,170971,183489,197645,200256
345,10513,21594,31641,45222,52361,63968,70695,87485,97770,107898,118328,129409,142128,154052,169284,169284,175132,187287,201628,204686
346,10578,19087,31495,40378,52146,63738,78454,86980,97347,107593,117897,128959,141588,153616,153616,168596,174990,186894,188760,204393
347,10544,21733,32016,40924,52604,64153,70950,87576,98103,108011,118615,130072,142646,155281,155281,170762,177748,189402,194140,207289
348,10501,21744,31996,45468,52397,63967,79005,87737,97926,107952,118594,129710,142391,142391,154961,170765,177486,188384,193686,207102
349,10569,19363,32058,40901,52858,64537,79189,87711,98174,108755,118959,130127,142614,142614,155078,169820,178117,187517,193244,206965
350,10402,22003,31948,45558,52678,64469,79001,87627,97876,108526,118735,129942,142316,142316,154540,169461,177081,187944,194124,206161
351,10387,22254,32476,41593,53950,65777,80711,89959,100539,111765,122077,133802,146173,146173,158209,173611,181344,191766,197894,211317
352,10346,19577,29117,46402,53746,65813,80804,90195,100679,111725,122154,134019,146299,146299,158542,173869,179695,189957,198266,210655
353,10632,22410,29288,46614,53723,65809,81069,90095,100767,111048,121490,133287,145570,145570,158247,173927,177737,190452,198202,209628
354,10424,19763,29377,46763,53791,65735,72780,89953,100726,111100,121611,133286,145706,145706,158353,173992,177577,189785,198244,208788
355,10389,19832,29420,47210,53889,66583,73839,91971,102066,113635,124945,136761,149145,149145,162188,179079,180836,195316,201716,214091
356,10365,22365,33113,47003,53772,66379,73696,82750,101974,113648,124580,136446,148989,148989,161711,178786,180469,180469,200204,213763
357,10440,19855,33168,47670,54218,68022,75349,83809,104052,115827,127519,139980,153514,153514,166231,182404,183935,183935,200120,215777
358,10399,19796,29657,47806,53916,67949,75372,83775,92804,104117,127522,127522,139889,153400,166299,182463,197644,184708,199215,199087
359,10480,19878,29661,47961,53987,68052,75559,83631,92841,103664,126782,126782,139390,152947,166014,181978,181978,186259,199074,200568
360,10389,19843,29905,47745,53946,67843,75185,83542,92674,103566,126441,126441,139062,152623,165474,181793,196966,186543,198112,205328
361,10525,22996,30743,48726,54998,69450,76951,85415,94743,106027,130276,130276,142717,156427,169415,185124,185124,189106,202033,208289
362,10604,20185,31060,43649,55026,69398,76988,85404,94852,106072,130279,130279,142872,156737,169533,185457,185457,189567,202201,208387
363,10400,20192,30811,43270,54497,67988,75559,83957,92844,103723,126449,126449,139220,152199,165393,181559,181559,185690,198208,206636
364,10394,20150,31072,43318,54551,68198,75440,84061,93034,104050,126629,126629,139263,152600,165725,181788,196706,186550,198326,207020
365,10442,20135,31137,43172,54589,68259,75699,83855,92805,103920,115521,126891,139110,152150,164405,180353,180353,187192,196835,207726
366,10413,20107,31144,43166,54318,68113,75389,83540,92469,103686,115215,126594,138729,151627,164175,180013,194516,186121,195972,207977
367,10550,20257,30774,42864,54983,67815,75064,83562,93794,105124,115892,126904,138231,150749,163577,179529,179529,187570,197165,215125
368,10519,20258,30984,48000,54992,67728,74761,83495,93785,105134,126773,126773,138240,150579,163628,179294,194814,187479,197220,213909
369,10400,19951,30906,47236,53982,66082,73159,81681,91087,102237,112297,122944,134217,146492,158895,174191,174191,185342,194227,208910
370,10405,19871,30776,47117,53934,65937,73042,90990,102074,112055,122815,122815,133799,145888,158395,174168,174168,186425,194361,208384
371,10275,22064,30657,46460,52257,63921,70816,89246,98984,108621,117753,117753,128256,140110,152137,167537,167537,179589,192862,202908
372,10257,22106,34232,46272,52290,64023,80096,89258,89258,108553,118030,128331,140198,140198,152198,167613,167613,189236,202012,205673
373,10150,21908,32758,45772,51512,63437,79364,88525,98424,108007,117405,127933,139963,139963,152106,167171,167171,189629,199704,206670
374,10242,21864,32249,41024,51442,63493,79516,79516,88504,107958,117620,127961,139982,139982,152594,167432,167432,188043,199453,206173
375,10390,21544,31501,44863,50703,62644,77922,86997,86997,106060,115805,126180,138424,138424,150748,166021,166021,188404,199810,208197
376,10319,21448,31474,39937,50442,62445,69315,77691,86464,105715,115395,125726,137841,137841,150158,165563,165563,188206,197775,207848
377,10233,21499,31791,40581,51296,64202,71452,80518,89190,110499,121200,132518,144316,144316,157321,174438,174438,193257,210047,215230
378,10433,21520,31822,40666,51325,63936,80415,89133,99267,110437,121272,132448,144209,144209,157508,174173,174173,180037,192251,212710
379,10369,21363,31565,39849,51097,63215,78361,87371,87371,107444,117610,128596,140972,140972,153697,169095,169095,181625,188032,205470
380,10406,21286,31361,39799,50775,62976,69708,78177,87125,107209,117346,128443,140459,140459,153241,168604,168604,190641,191529,205992
381,10304,18672,31022,39526,50394,62140,68948,77095,85689,105431,115307,125817,137861,137861,150286,165654,165993,186907,193647,204897
382,10334,21210,31147,39529,50355,62096,69053,86003,95809,105422,115289,125780,137969,137969,150335,165883,166310,187562,201384,207012
383,10312,20929,30813,39588,49627,61262,68390,84656,94318,103128,112501,122674,134714,134714,146433,161493,161848,185361,197868,203393
384,10574,20965,30930,39580,49597,61118,68255,84674,94283,103348,112559,122837,134608,146692,161559,175539,165087,186384,198644,214189
385,10420,21075,31119,39700,50057,61764,68681,84940,94617,103651,113314,123412,135658,147787,162632,162632,169935,188559,199731,212180
386,10347,21053,31077,39539,49717,61601,68463,84674,94274,103210,112765,123257,135110,147406,162352,162352,172505,187165,197999,210466
387,9192,17397,25959,32932,42068,52569,58604,73627,82390,91419,100794,110993,122576,135199,150419,150419,177972,178663,193972,205971
388,10130,20235,34609,42151,46986,58561,73603,82381,91291,100736,110835,122338,134872,150700,150700,150700,177597,190594,194638,206345
389,10749,19934,29647,41610,52273,57725,72736,81428,89904,98971,109171,121145,132634,147211,147211,147211,173808,187190,189687,204063
390,10149,19833,33647,41481,52008,64644,72381,81159,89885,98525,120619,120619,132182,146660,146660,146660,184640,187143,201617,205821
391,10196,20184,32930,41831,52294,64861,72571,81277,89898,98497,119956,119956,131776,146455,146455,146455,178946,186005,198841,204215
392,10744,20254,32762,41781,52440,64897,72691,81380,90031,98721,119986,119986,131791,146719,146719,146719,178354,186368,199092,216747
393,10329,20551,29565,42375,53115,65658,73522,82219,90894,109662,121205,121205,133173,147736,147736,147736,179142,187671,199942,215247
394,10322,20493,29618,42423,52991,58681,73310,82323,91089,110016,121344,121344,133133,147758,147758,147758,168482,187482,197167,212106
395,10440,20519,29772,42270,52682,58552,73007,81629,90142,98879,120376,120376,131784,146246,146246,146246,172182,185746,197383,210042
396,10507,20329,30548,42124,52401,58202,72576,81241,89854,98466,119910,119910,131080,145806,145806,145806,180775,185148,197417,208915
397,10506,20837,31183,43053,53586,59516,74530,83287,91870,110766,122402,122402,133774,148437,148437,148437,180535,187706,196025,211532
398,10458,20815,31053,42898,48090,59397,74347,83149,91806,100576,122186,122186,133553,148139,148139,148139,172737,187460,199507,211274
399,10522,20716,31134,42825,48144,59176,73754,82505,90870,109297,120709,120709,132213,146020,146020,146020,178835,185103,197409,207279
400,10576,20657,31045,42679,53452,59009,73526,82162,90586,108948,120285,120285,131653,145628,145628,145628,178126,184331,197301,206696
401,10418,21109,31636,43672,54490,60229,75256,83997,92598,111432,122729,122729,134007,148499,148499,148499,181664,187957,199671,211543
402,10429,21160,31719,38347,54326,60186,75323,84026,92593,101499,122516,122516,133958,148719,148719,148719,170502,187460,198742,211810
403,10350,21187,31679,43746,54074,60318,75299,84233,92810,101655,122800,122800,134526,149162,149162,149162,180122,188366,198343,212270
404,10366,21271,31281,38494,48948,60383,75273,84009,92663,101670,122855,122855,134427,149063,149063,149063,172342,187918,198392,212019
405,10410,21295,31493,43798,49226,60566,75210,84021,92481,101294,122332,122332,133686,147907,147907,147907,180115,184842,195748,209576
406,10392,21304,31458,38384,49212,60374,75068,83712,92225,100948,122022,122022,133310,147288,147288,147288,179062,185692,197334,209021
407,10373,21635,31521,44460,49845,60862,75542,84381,93124,101974,123049,123049,134514,148460,148460,149529,181394,186525,197664,209506
408,10336,21612,31430,38983,49748,60711,75531,84028,93021,101894,122900,122900,134327,148347,148347,152742,180195,186614,197680,209403
409,10920,21610,31603,38998,50076,60863,75504,84249,92882,101608,122932,122932,134250,148711,148711,157382,178168,187618,197918,210498
410,10453,21604,31535,38822,54761,60676,75354,83821,92523,101228,122458,122458,133909,148012,148012,167543,177553,187027,197511,209731
411,10599,22022,32110,40175,51604,63414,78618,87985,97113,106169,129050,129050,140950,156968,156968,175132,187108,193864,203882,221377
412,10251,22058,32002,40111,51626,63402,70532,88086,97318,106349,117526,129009,141076,141076,157080,163147,173043,183765,194445,202856
413,10402,22127,31992,40277,51909,63402,70869,88418,97570,107107,117692,129977,142081,142081,157307,164808,174385,191245,193885,204438
414,10378,22066,31862,40295,51908,63489,70853,79232,97761,107153,117887,129933,142255,142255,157270,166489,174858,183054,197326,204693
415,10880,19426,28451,40751,52133,63908,71608,79823,98447,108008,118609,130696,143384,143384,158700,168748,176002,193203,198721,205892
416,10380,22323,28842,40559,51916,63823,71205,79456,97914,107548,118440,130559,142739,142739,158112,164203,175942,184266,198206,205408
417,10659,19577,33346,40745,51952,63914,71318,79310,97455,106728,117305,129081,141348,141348,156056,167087,175823,183101,196801,201649
418,10258,22637,28957,40766,51730,63753,71086,79259,97342,106644,117061,128935,141277,141277,155996,166872,175901,192074,197330,201221
419,10521,19917,33940,41350,52624,64734,72107,80407,98782,108392,118798,130846,143096,143096,157973,168319,177755,184488,198510,204136
420,10515,22980,29425,41219,52512,64501,71903,80018,98473,107961,118425,130453,142294,142294,157522,166935,176869,191956,197526,204202
421,10650,20098,30159,41531,52850,64768,72271,80354,98775,108316,118636,130729,142996,142996,158150,165461,177957,184179,199414,206518
422,10596,19992,30678,41445,52620,64997,72408,80487,98714,108137,118659,130900,142960,142960,157929,168655,177405,185514,198263,206685
423,10371,20174,31363,41525,52504,64574,71782,79884,97757,106898,117176,128822,140841,140841,155749,165597,174685,185070,196616,204110
424,10356,20187,30792,41566,52559,64587,71743,79812,88996,106868,117204,129137,140789,140789,169482,165971,176285,191437,197321,205173
425,10521,20533,31385,41959,52924,65123,72520,80665,89806,108041,118708,130322,142600,142600,171527,164094,176254,192317,198084,208863
426,10471,20355,31216,41852,52715,65060,72490,80213,89541,107827,118442,129811,142148,142148,171027,168465,177672,182915,197458,208406
427,10695,20590,31390,42237,53016,65305,72610,80762,90063,108116,118428,130655,142233,142233,171148,164134,177003,184478,198172,207810
428,10494,20596,31325,42112,52967,65319,72554,80637,89962,108176,118498,130480,142297,142297,171117,169279,176661,192156,197835,207838
429,10621,20990,32045,42964,54131,66337,74066,81968,91248,109748,120704,132473,144845,144845,159872,168682,178224,183869,198790,209731
430,10548,21038,31971,42962,48633,59784,73679,81896,90957,109590,109590,120237,132260,144276,159579,167799,177807,185910,198349,209370
431,10611,21595,31966,43462,54818,60820,74802,82859,92263,111102,111102,121660,133720,146143,161835,167450,179824,188012,199777,210057
432,10609,21541,31709,43554,49439,60770,74889,82754,92333,101565,111010,121689,133871,146105,161615,167292,178750,188473,198264,210166
433,10711,21887,32312,39937,50264,61875,76250,84477,94178,103773,113380,124258,136231,149360,165012,170634,182036,189241,200597,213314
434,10626,19513,31801,39985,50663,61971,76309,84587,94234,103539,113203,124405,136692,149257,164752,168908,170492,188291,199822,213054
435,10778,22579,32657,41062,52234,63811,78837,87727,97787,107602,117266,129199,141769,154711,172190,173972,177707,192439,205164,220859
436,10768,19927,32474,45710,52042,63674,78757,87581,97297,107227,116967,128894,141253,154392,154392,173344,177297,190524,203831,203571
437,10989,20680,30145,42371,53868,65716,72812,89929,100063,110063,120474,132423,145324,158947,158947,176370,180260,193393,208663,208663
438,10949,20771,30058,47214,53771,65585,72641,89721,99932,110061,120389,132117,145508,158873,158873,176033,179157,181689,192419,208859
439,11555,21794,31517,49181,55970,68352,75899,93457,103903,114351,124782,137195,151056,151056,164984,182324,184376,187424,199887,216378
440,11584,19371,31466,44086,55917,68176,75752,93021,103567,103567,124533,136721,136721,150435,164506,181782,198292,187450,199223,199399
441,11816,22088,31908,44623,56101,68704,76041,93916,104248,114838,114838,137444,137444,151117,165170,182732,182732,189139,199825,200906
442,11806,19576,31777,44650,55904,68780,75951,84751,104478,104478,114927,137419,137419,151148,165231,182565,198887,188004,199618,202115
443,11912,19649,31960,45059,56531,69346,76858,85600,94827,115609,115609,138744,138744,152936,166701,184615,184615,190245,201680,206273
444,11914,19544,31929,44903,56379,69314,76888,85583,94823,104974,115704,138628,138628,152763,167018,184517,200924,190188,201181,206705
445,11661,19414,31508,44122,55493,68085,75625,83878,92914,113556,113556,136226,136226,149645,163392,180480,180480,185430,196594,203250
446,11634,21787,31468,44094,55357,67932,75272,83838,92622,102688,113023,136039,136039,149189,162823,179959,195279,185071,195873,206172
447,11039,20603,29848,41747,52354,63982,70970,78998,87536,97220,106872,127871,127871,140375,153263,169429,169429,178128,185963,199418
448,11066,20601,29759,46292,52333,63907,78921,87335,87335,106690,116678,127679,140585,140585,153149,169244,169244,190558,187572,211162
449,10795,20343,29233,45589,51450,63281,77676,77676,86060,105330,114883,125986,138218,138218,150869,166940,166940,187324,189883,208665
450,10902,20339,32960,40893,51248,63156,69794,77528,95329,104962,114430,125535,137945,137945,150609,166260,166260,187015,201724,209326
451,10673,19866,32246,44720,50633,62249,68841,84715,94165,103518,112966,123856,135999,135999,148720,164029,164029,187834,199890,207116
452,10736,22503,32111,40140,50670,62249,69031,84735,94289,103552,112979,123802,135762,148472,163832,163832,163832,187044,199257,216643
453,10685,20079,32316,40602,50818,62518,69330,85342,94687,104213,113978,125070,136739,149571,165591,165591,165591,189646,201465,217424
454,10760,20011,29045,40584,50780,62503,69317,85312,94616,104345,114096,124752,136996,149450,165113,165113,165191,189439,200555,215521
455,10472,19616,28235,39906,50344,61732,68456,84164,93424,102905,112339,123165,135037,147307,162871,162871,163115,187932,198341,210944
456,10503,21963,32477,39816,50097,61637,68191,83710,93038,102454,111910,122508,134350,146800,162187,162187,167091,186513,198121,210363
457,10466,21830,31761,39447,49946,61491,68084,84028,93484,102883,112375,123304,135478,147928,163113,163113,169728,189152,198969,211660
458,10416,21817,31675,39472,49752,61414,68033,83916,93592,102809,112223,123128,135210,147737,163630,163630,176142,188265,198830,211151
459,10336,21599,31338,39291,49632,61119,75483,83792,93306,102900,112534,123934,135823,148494,164890,164890,177885,188497,197778,211530
460,10300,21476,31143,39231,49441,60977,75355,83478,93223,102701,111887,123402,135558,148016,164299,164299,177330,187435,197725,210936
461,10228,21237,30871,38978,49173,60620,74874,83302,92546,102012,111684,122282,134786,147016,162927,162927,176035,187126,196323,209909
462,10195,21342,31086,39011,49328,60550,75134,83434,92644,101749,111567,122535,134801,147275,163025,163025,177109,183834,196179,210024
463,10153,21014,30748,38697,49434,60236,74348,82536,91966,101201,110914,121729,133714,146180,161474,161474,175999,187924,195854,208615
464,10151,21069,30883,38723,49781,60372,74275,82509,92051,101148,110682,121767,133435,145943,161533,161533,176982,187521,198125,208570
465,10034,20922,30724,38138,48893,59255,73186,81386,90444,99739,109123,119614,131968,143719,159293,159293,174096,185341,193126,205902
466,9943,20755,30977,42430,53864,59015,72893,81024,90357,99400,108623,119358,131140,143636,158711,158711,183177,185401,196881,204904
467,10017,20907,31096,42157,53606,58878,72584,80519,89714,98649,107703,118233,129933,142096,156846,156846,176736,183731,194643,202215
468,9987,20824,31013,42229,53554,58694,72458,80330,89604,98552,118004,118004,130012,142110,156751,156751,176809,192768,195054,202780
469,9969,20854,30922,41886,53313,58559,72183,80037,89308,98305,117702,117702,129514,141270,156418,156418,179129,182724,195960,203074
470,9939,20913,31225,41922,53157,64526,72042,79869,88963,97934,117078,128870,128870,140763,155749,155749,177943,192926,196449,203975
471,10092,20832,30990,41825,52967,64201,71790,79685,88727,97330,116975,128270,128270,140391,155199,155199,176475,181314,195860,203974
472,10012,20850,31366,41852,52776,64275,71862,79702,88671,106501,116647,128314,128314,140265,155310,155310,176953,192613,196976,205390
473,10099,20631,31047,41413,52055,63465,70915,78756,87338,104905,114888,126469,126469,137952,152210,152558,174285,187996,195621,203096
474,10082,20761,30976,41412,52108,63602,70758,78829,96144,105070,115025,126267,137881,152552,152552,152807,172278,186979,195755,205850
475,10011,20755,31227,41501,52143,63807,71030,78690,96135,104796,115119,126622,138488,152728,152728,154179,175129,187650,194836,205490
476,10025,20618,30981,41280,51867,63421,70722,78461,95754,104613,114648,125874,138028,152446,152446,155130,177222,187790,196110,208651
477,10059,20616,30818,41027,51487,63226,70246,86542,95154,103813,113857,125321,136889,151249,151249,165157,176060,185832,194345,206495
478,10080,20603,30926,41077,51661,63029,70223,86443,95091,103685,113553,125274,136467,150912,150912,171818,177050,186660,201991,206973
479,10173,20923,31419,41648,52410,63919,71164,87582,96507,104890,115315,126821,138256,152862,152862,170333,177501,187585,202293,211916
480,10135,20906,31346,41577,52124,63742,70722,87521,96202,104749,115118,126375,137921,152365,152365,160394,177307,187447,200005,207478
481,10201,21120,31400,41662,52217,63660,71113,87468,96104,104918,114971,126780,138329,152889,152889,165021,176720,187392,200974,208619
482,10245,21016,31558,41560,52153,63729,71072,87476,96305,105019,115033,126511,138440,152730,152730,166165,177218,187191,199868,208803
483,10283,21165,31354,42116,52676,64581,71628,88733,97497,106413,116701,127928,139795,155387,155387,172902,178236,189757,201150,209260
484,10257,21175,31462,41993,52631,64334,71659,79435,97569,106433,116819,128147,140246,155497,155497,158912,177881,188997,189192,208412
485,10199,20979,31189,41884,52693,64541,71865,79663,97758,106628,117146,128837,140683,155830,155830,168433,177175,189307,192996,209460
486,10130,20896,31153,41751,52488,64338,71543,79672,88417,106144,116687,128294,140377,140377,155464,167068,176862,180158,195857,208383
487,10225,21148,31423,42110,52816,58571,71745,79857,97610,106556,117106,128866,140856,140856,155587,167237,176488,191327,195797,208600
488,10189,21086,31316,41983,52783,64445,71796,79719,97709,106446,116903,128354,140361,140361,155491,166537,177814,183046,197771,208548
489,10304,21087,31651,42078,52822,64449,71633,79644,88538,106379,116622,128345,140222,140222,154819,166775,175649,190197,196709,207679
490,10282,21138,31030,41989,52693,58127,71954,79378,88332,106068,116186,128037,139915,139915,154494,166252,177533,189898,196009,207349
491,10275,21429,31283,42358,53336,65043,72329,80420,98168,107146,117805,129482,141249,141249,156428,167948,178137,190943,197713,209345
492,10247,21407,31427,42416,53223,65036,72566,80467,98203,107291,117832,129547,141492,141492,156154,166938,177713,179098,197480,208981
493,10424,19085,31445,42465,53327,58779,72137,79784,88959,106410,116843,128553,140614,140614,155407,162368,176601,190733,196198,208290
494,10410,21299,31384,42490,53198,58820,71973,79810,88883,106385,116969,128469,140492,140492,155180,166947,176743,182684,197521,208167
495,10460,21751,31567,42524,53313,59023,72357,80189,89245,106873,117174,128757,140807,140807,155323,167168,177955,191672,196300,208020
496,10481,21693,31269,42390,53051,58790,72035,79925,88836,106369,116819,128350,140173,140173,154663,166635,176964,181214,195838,207843
497,10855,19897,32133,43560,54285,59933,73251,81475,90534,108145,118675,130324,141888,141888,157094,166926,178099,193193,197464,209208
498,10768,19875,31810,39278,48909,59939,73575,81232,90394,108228,108228,130135,142053,142053,156794,165857,177531,181422,197334,208459
499,10884,22403,31936,39331,48866,59618,73123,81171,89882,107420,107420,129305,141220,141220,156031,167314,177724,192766,196302,209206
500,10877,20021,31709,39299,48684,59596,72683,80867,89481,106910,106910,128905,140571,140571,155274,166864,176312,181277,195754,207765
501,11059,20260,31838,39467,48971,59932,73278,81059,90248,107534,107534,129476,141245,141245,156084,165469,176470,192129,196701,207399
502,11198,20115,31737,39455,48933,59892,73422,80986,90006,107717,117582,129455,141380,141380,156117,166999,177479,181568,197150,208253
503,11191,20331,31925,39637,49283,60003,73171,81280,90285,107537,118286,129742,141515,141515,156369,167861,178237,192026,196530,208359
504,11182,20334,32038,39676,49296,60101,73269,81500,90465,107565,107565,129839,141261,141261,156251,167775,177292,182386,196626,208376
505,11327,20486,31972,39574,49045,59840,73233,80960,90026,107457,117807,129363,141377,141377,156022,165995,175873,192558,196536,209310
506,11289,20438,31921,39498,48870,59668,72874,80786,89604,106940,117357,128764,140815,140815,155102,164663,177202,182902,196722,208652
507,11053,20322,31751,39411,53944,60003,73186,81056,90086,108040,118283,129552,142019,142019,157232,167515,178670,193460,197932,209686
508,11092,20232,31733,39294,53970,59703,73114,81209,89964,107942,107942,129215,142068,142068,157265,167414,178391,182208,197497,208799
509,11069,19800,31049,38365,47747,58315,71586,79485,88403,105837,115897,128086,128086,139949,154751,165139,177397,191723,197294,208072
510,10954,22134,30980,42459,52627,64188,71416,79276,96909,105093,115839,127603,127603,139474,154377,165823,176795,190347,198977,207727
511,10934,21992,30889,42069,52421,63764,71079,78994,96840,105268,115692,127477,139151,139151,154327,166331,175730,189445,196514,208328
512,10885,21962,30859,42194,52423,63854,71083,78897,96837,105293,115642,127443,139303,139303,154441,166025,175325,189020,196695,207714
513,10912,21933,30704,41939,52188,63475,70688,78373,96068,104728,114784,126576,138354,138354,153390,167279,177726,187333,198032,207145
514,10922,21978,30778,41872,52129,63324,70454,87412,96009,104877,114911,126626,138398,153341,153341,176609,177709,187547,197057,208074
515,10948,21713,30338,41453,51738,62804,70132,86447,95248,103677,114098,125540,137372,152280,152280,163388,174214,186408,196449,207837
516,10777,19400,30351,41375,51530,62621,69932,86186,94914,103218,113589,124747,136876,151881,151881,163918,175576,186432,195775,207489
517,10694,21588,30082,41151,51145,61996,68727,84838,93506,101446,111376,122565,133883,148198,148198,163682,174713,183999,194551,207597
518,10757,21473,30196,41174,51095,61797,68656,84663,93128,101362,111389,122115,133782,147850,147850,171214,183493,185184,201298,214557
519,10602,19250,30152,41055,50879,61963,68731,84742,93442,101476,111552,122800,133925,148098,148098,170371,182059,186781,199789,214185
520,10745,21277,29980,40823,51005,61590,75976,84492,93030,101266,110918,122045,133576,147760,147760,168995,179870,186279,199063,212115
521,10527,21408,29905,40817,51011,61431,75620,84184,92519,101002,110523,121780,132970,147212,147212,167566,179265,187439,198502,211940
522,10529,21432,29932,40827,51250,61462,75554,84117,92754,100786,110804,121669,132966,147305,147305,167250,178977,187281,197792,210791
523,10634,18965,30022,40398,50795,60899,75059,83155,91426,99666,109160,119745,130773,144336,144336,165163,174435,184994,195202,206724
524,10576,21010,30229,40465,50732,60886,74877,83329,91571,99648,109130,120204,130590,144440,144440,164899,175085,185867,196453,207369
525,10610,21175,30257,40590,51253,61057,75046,83342,91678,99851,109618,120113,131538,145508,145508,164879,175920,193180,196571,209091
526,10571,21072,30274,40342,51325,60740,74811,83065,91252,99418,109241,119768,130973,144857,144857,164990,175790,192456,196521,208064
527,10582,21283,30875,40546,51723,61024,74760,82808,90880,99125,108559,119267,130413,143728,143728,167611,176227,189768,197588,206714
528,10527,21230,30786,40500,51690,60695,74643,82851,90880,99114,108521,119255,130339,143779,143779,167172,176071,189040,198188,206580
529,10633,18757,30950,40229,51551,60648,74379,82495,90659,98824,108483,118894,130124,144062,144062,164453,177091,189079,198354,207469
530,10595,21078,31109,40148,55185,60277,74084,82270,90216,98289,107869,118500,129916,143229,143229,167303,177215,188110,199258,207141
531,10503,20986,31033,40049,55168,60335,73897,82312,90570,98623,118669,118669,129650,143375,143375,166810,176853,187548,198353,207641
532,10541,21060,31198,40114,55155,60392,74429,82419,90768,98572,108135,118813,129812,143622,143622,167610,177668,187518,197165,206857
533,10466,20812,30939,39622,54379,59922,73161,81530,89406,97506,117429,117429,128280,142344,142344,164398,176732,187881,198226,208072
534,10426,20958,31089,39695,54461,66045,73240,81384,97341,107001,117498,128429,128429,142487,142487,166429,177479,187542,198103,208033
535,10407,20800,31198,39682,54235,59649,73165,81490,97516,106872,117643,128534,142436,142436,142436,166804,175206,187330,197615,206866
536,10489,20744,31128,39571,49100,65787,72790,80955,97016,106470,117170,127877,127877,141811,141811,166916,176759,186880,198142,206532
537,10403,20829,31391,44942,49638,60012,73725,81642,97703,107120,117946,128822,142297,142297,142297,167460,177885,187546,207255,208006
538,10412,20741,31470,39772,49256,66471,73551,81540,97590,106998,117876,117876,128621,142354,142354,167054,177276,187333,205134,207810
539,10369,21003,31696,40036,49699,60092,73843,81802,98047,107562,118309,129396,143081,143081,143081,167065,176991,188265,204148,208404
540,10378,21011,31512,39762,54723,59826,73444,81482,89677,107033,117786,117786,128857,142441,142441,166575,176785,187313,202918,207903
541,10482,20930,31457,45392,55152,67242,74334,82641,98729,107951,118663,129770,129770,143487,143487,164394,175361,187308,203658,208447
542,10445,21028,31502,40406,50033,60698,74491,82601,90742,108107,108107,118489,129635,143517,143517,166773,176582,187285,186677,208528
543,10480,21279,31728,40792,50695,61424,75023,83187,91327,109276,109276,130674,130674,144360,144360,164997,176288,188166,189185,208764
544,10555,21311,31710,40772,50589,61420,75118,83148,91480,108974,108974,119440,130723,144238,144238,168711,176556,188083,191674,208474
545,10655,21510,31687,41481,51621,62484,76586,84784,93457,111241,111241,122218,133725,147758,147758,166111,179232,191819,196280,212332
546,10521,19211,31553,41228,51383,62215,68957,84671,93025,101203,110749,121613,133116,147028,147028,166336,178531,177941,196216,210627
547,11004,22459,33031,43303,53755,65152,72271,88517,97267,105861,115846,127261,138611,153302,153302,170889,183040,185340,201513,215756
548,11053,19997,32713,43184,53654,64991,72229,79898,97219,105707,115796,126780,138553,153139,153139,161442,170312,185766,200200,198997
549,11176,20438,33381,43762,54217,65922,73098,80873,98604,106996,117043,128894,140620,155347,155347,168870,176390,188818,201664,204104
550,11107,20307,33148,39477,54053,65690,72833,80712,98270,106775,116761,128363,140081,154846,154846,164101,176885,188262,191304,205294
551,11049,20311,32452,43796,54584,66474,73682,81347,99332,108077,118270,129683,141810,156143,156143,167462,177532,189408,193826,208145
552,11107,20292,32444,39745,49203,60233,73754,81527,99337,107862,118273,129669,141632,141632,156176,167427,174686,179816,196866,207847
553,11064,20435,32525,40121,50253,61041,74663,82780,101125,109898,120518,132145,144471,144471,159190,167110,177512,185198,198207,210649
554,11158,20400,32409,40155,50284,61032,74535,82820,91683,100931,120371,132081,132081,144309,158995,165187,177350,186999,197971,210244
555,11097,20480,29048,40445,50413,61363,75268,83612,92852,102032,121536,133339,133339,145767,160876,168072,178914,187850,197913,210338
556,11037,20348,29203,40475,50375,61403,75091,83439,92350,101596,121108,121108,132815,145505,160488,166597,175843,187246,198215,208997
557,11103,20418,33167,40734,50880,61873,76095,84116,93482,102693,122470,122470,134456,146845,162466,167263,178291,189159,199814,211415
558,11075,20454,32827,40592,50977,61987,75641,84000,93543,102580,111368,122273,134738,147031,162168,166829,170431,187898,199183,210453
559,11029,20598,32747,40581,51097,62360,76177,84341,93669,103371,112636,123389,135567,147855,163350,167145,177105,187011,200255,211699
560,10984,20402,29270,40483,51453,62177,75963,84176,93789,103109,112217,123002,134951,147204,162894,167089,176857,187900,199298,210826
561,11134,20543,29515,40793,51659,62411,76244,84483,94063,103312,112433,123115,135168,147496,163019,166727,179969,189669,198710,210541
562,11232,20559,29710,40775,51778,62416,76206,84572,94050,103482,112358,123273,135170,147882,163058,166470,176363,188262,198455,210255
563,11189,20476,29948,40656,51650,62208,75927,84081,93432,102610,111672,122582,134459,146860,162006,166489,175804,186578,197765,209130
564,11172,20426,30677,40665,51832,62082,75979,84091,93421,102514,111451,122551,134716,147013,161816,166105,176549,186810,196717,209184
565,11050,20413,30824,40803,51953,62261,68401,84613,93742,102984,111976,122500,134623,146937,162319,166813,175785,186914,195973,209393
566,11035,20438,31183,40587,51867,62170,68292,84064,93543,102590,111487,122301,134247,146472,161650,166674,182497,187381,197196,208481
567,11090,20525,31319,41095,52519,62809,69127,85036,94428,103884,113070,124067,135771,148179,163824,168063,179766,188560,198284,210585
568,11154,20663,31316,45639,52356,62861,69214,84915,94271,103857,112959,123609,135666,148295,163675,167499,170078,188266,198084,210069
569,11059,20591,31266,41008,52164,62617,69021,84678,94262,103387,112555,123693,135692,148287,163191,166474,175730,184371,197783,209674
570,11032,20515,31172,45312,52091,62477,68837,84533,93794,103386,112207,122922,135217,147579,162731,166329,181405,188828,198811,208925
571,11090,20627,31354,41285,52271,63208,69331,85382,94705,104214,113372,124220,136486,148839,164339,167706,173439,189275,198730,210614
572,11017,20707,31488,45534,52349,63065,69453,85522,94757,104513,113263,124308,136513,148834,164240,167425,180564,188668,199142,210652
573,11177,20640,31448,41257,52466,63025,69548,85630,95225,104534,113574,124822,136779,149209,164729,167133,175852,187935,198272,211625
574,11163,20650,30866,45582,52392,62972,69558,85558,95199,104260,113683,124430,137001,149300,164628,166713,175229,183614,198496,211542
575,11082,20716,31410,41304,52331,63180,69739,86208,95591,105476,114740,125579,137954,150493,166148,168524,185691,190151,199659,213325
576,11092,20656,31333,45793,52293,62997,69814,85942,95472,105174,114649,125208,137477,150319,165625,167905,170563,188831,199147,213102
577,11180,20880,31669,41728,52824,63973,70529,86700,96231,105850,115308,126146,138589,151525,166960,168773,175986,187234,199838,214717
578,11218,20757,31142,46175,52607,63763,78031,86578,96269,105467,115123,126004,138430,151162,167099,167962,177673,187078,199118,197810
579,11365,20959,31411,46671,53228,64412,70994,87568,97109,106739,116380,127437,140009,153273,169048,169899,175052,187964,200551,199889
580,11330,20928,31362,46605,53126,64412,78762,87591,97036,106711,116377,127476,140134,152946,169070,170154,176984,187869,200153,199675
581,11197,21073,31504,46690,53306,64507,71399,87697,97388,107109,116614,128074,140650,153323,169364,169852,177204,188803,201133,201118
582,11252,21069,31522,46734,53385,64656,79034,87844,97704,107348,116978,127948,140637,153666,169529,169825,176518,188558,201115,201482
583,11227,20855,31297,46694,53428,64672,79042,87595,97572,107070,116961,127766,140407,153704,169414,169544,180530,188933,200830,202765
584,11289,20922,31397,46768,53188,64589,79059,87761,97446,107341,116883,128043,140684,153493,169479,169479,174554,187419,200927,204651
585,11367,21123,31179,46826,53612,64939,79476,88270,98158,107874,117571,128807,141657,154505,170495,170495,178856,188445,201926,206013
586,11349,21102,31402,46720,53396,64710,79211,88014,97667,107465,117439,128181,140790,153760,169906,169906,180686,186397,201366,206392
587,11370,21143,31189,46965,53445,64919,79340,88139,97790,107619,117268,128638,141045,154032,170332,170332,173789,187954,201703,207104
588,11368,21123,31642,46843,53498,64728,79352,87932,97847,107467,117342,128270,140876,153992,169924,169924,175070,188267,201242,207195
589,11333,20871,31081,46640,53322,64501,79159,87589,97162,106973,116547,127765,140158,153225,168787,168787,176498,188000,200130,207511
590,11270,20896,31030,46417,53119,64299,78573,87417,96965,106617,116168,127409,139572,152633,168428,168428,176804,187516,199463,207930
591,11292,21063,31502,46805,53290,64531,71267,87635,97457,107220,116920,127866,140511,153528,169317,169317,178725,188085,200546,208420
592,11328,21105,31292,46844,53386,64678,79221,87780,97534,107184,116802,128043,140456,153254,169160,169160,177598,188185,200557,208504
593,11362,20944,31095,46619,53312,64434,78919,87351,97141,106635,116009,127184,139989,152483,168372,168372,177070,187203,199324,207998
594,11399,20927,31395,46479,53093,64360,78925,87380,97221,106485,116127,127335,139879,152362,168415,168415,175753,187628,199314,208092
595,11392,21080,31029,46707,53348,64705,79157,87617,97437,106957,116711,128080,140198,153021,168838,168838,177079,184826,199638,209071
596,11377,21073,31333,46645,53302,64501,79094,87315,96972,106504,116222,127631,139547,152216,168292,168292,177790,184431,198912,207783
597,11320,20945,31306,46946,52945,64498,78889,87418,97050,106808,116148,127094,139778,152455,168046,168046,177396,188622,198973,208599
598,18174,28104,33497,42748,51156,61279,67493,73900,82912,91300,99308,108689,108950,121197,131739,131740,144411,145388,157564,158300
599,13391,28364,39350,52338,58859,71503,82836,92018,101248,112703,122426,134352,144185,155754,169408,171651,179953,180116,195050,195916
600,11568,23976,34705,49214,57243,73005,80867,89445,99818,116797,127551,139282,153042,153422,168626,170621,178318,191813,196568,210536
601,11232,23963,33546,47586,55636,70676,79148,88199,98559,115906,126893,138907,151835,153359,167671,170352,177724,186678,196593,209432
602,11086,21995,33314,47604,54939,64403,78761,87975,97726,116575,127523,127523,152561,153034,168704,170177,175949,188579,195745,209367
603,11122,21291,32602,47259,54302,64478,78790,87515,97724,116842,127683,127683,152720,152720,168721,170317,178669,187017,196083,209078
604,11002,20987,32384,47224,53752,64607,79180,87735,98729,116829,128080,128080,153480,153480,169897,170647,175785,187678,196935,210119
605,10997,23488,32350,42287,53312,64535,70964,87439,97293,107060,127894,127894,152925,152925,169301,170006,178530,187194,196380,209650
606,11193,23459,32727,42261,53897,65040,71825,88536,99274,108263,128931,128931,141775,154796,171177,171381,176541,188448,197939,209339
607,11104,20862,32710,42236,53790,65103,71711,88443,99094,108204,128722,128722,141547,154779,170839,170943,176637,187957,197861,208625
608,11133,20955,32686,46581,53469,64785,79360,87945,97924,107450,128597,128597,141316,154341,170373,170908,177837,187911,197313,207766
609,11106,20919,32009,46472,53271,64724,79146,87712,97602,107337,128284,128284,140667,153717,169778,169778,176881,187312,197195,208045
610,11065,20758,31475,41914,53285,64830,71242,87679,97709,107512,128173,128173,140514,153879,169667,169667,176920,186923,196760,208205
611,11092,20757,31442,46506,53264,64801,79211,87794,97508,107401,128127,128127,140725,153640,169598,169598,176798,186790,196354,206790
612,11005,20508,31203,46034,52957,64439,78511,87023,96812,106445,115662,127005,139491,152266,167951,167951,176978,186755,195134,208254
613,11042,20536,31142,46068,52942,64232,70548,86896,96527,106478,115593,126789,139297,152249,167980,167980,176773,187368,195109,208263
614,11135,20723,31327,46487,53276,64594,79232,87729,97596,107258,116836,128024,140482,153224,169221,169221,176163,187185,196189,209166
615,11078,20709,31337,46400,52934,64391,78807,87355,97172,106585,115976,127330,139892,152559,168573,168573,176719,186938,194948,208585
616,11072,20780,31366,46486,53517,64527,79495,87838,97464,107443,116837,127975,140470,153516,169536,169536,176845,187526,196187,208717
617,11097,20754,31432,46570,53587,64391,79291,87845,97532,107261,116632,127883,140292,153367,169071,169071,178118,187399,196165,208218
618,11001,20787,31316,41919,53294,64400,70999,87557,97538,107132,116873,128200,140558,153700,169450,169450,176648,187406,195523,208679
619,11041,20585,31266,46321,53243,64116,78648,87269,96873,106777,116400,127588,140270,152881,168746,168746,177173,187662,195177,208088
620,11034,20595,31358,46449,52947,64372,71036,87285,97109,106517,116307,127525,140053,153033,168665,168665,177039,187434,196340,207138
621,11095,20623,31337,46388,53241,64404,78904,87458,96986,106666,116287,127555,139913,152742,168598,168598,177073,187223,195689,206767
622,11027,20704,31191,46336,53098,64120,78779,87257,97047,106723,116374,127501,140277,153187,153187,168961,176706,188152,196731,209507
623,11008,20611,31337,46385,53210,64126,70885,87233,97153,106782,116366,127406,140228,152841,168886,168886,178072,188024,196775,208824
624,11054,20524,31239,46209,52883,64159,78881,87633,97348,107060,116707,127721,140547,153674,153674,169741,176948,188630,197560,208171
625,11005,20484,31036,41414,52693,63932,78585,87123,97072,106657,116390,127463,139852,153142,153142,169268,176928,187852,197395,207777
626,10969,20059,29550,42981,50084,59811,65755,81532,91117,100287,108974,119253,131463,143516,143516,160098,173421,186088,189403,202770
627,10942,20055,33407,43031,49909,65751,72988,81340,91082,108949,119015,130962,143327,143327,160191,160191,180389,185902,201189,212804
628,11793,22323,37062,49614,57116,76043,84467,93467,103880,124298,136218,149843,163816,163816,180634,180634,198068,200069,215271,232610
629,11756,22086,32068,44573,56413,68754,75685,93312,103613,113935,124124,136011,149112,149112,162983,179984,181235,182424,197440,214172
630,9966,16629,27017,38302,48246,60726,67428,81642,89968,99909,110567,121427,133338,133338,144467,156851,161727,175572,181133,179740
631,9979,21936,30840,43070,54536,60639,74713,81633,90093,110515,121568,133543,133543,144364,156787,156854,176434,189843,197724,206605
632,12882,28788,42556,59977,76584,85589,106604,118327,132960,160877,177309,197250,197250,215989,238326,240606,263428,289129,315972,345721
633,12819,25144,33019,47281,53503,68504,76451,94831,94831,118354,133066,147413,147413,160583,177582,197754,218882,218882,240790,239927
634,13320,23417,35263,50960,57954,73792,82600,91760,101991,126913,126913,141636,156078,171145,188676,188676,209451,229048,228788,252224
635,13288,23302,30409,45073,50809,64735,73588,91566,101806,113796,126563,126563,155863,155863,170686,188391,188493,208305,208097,227821
636,14024,25036,32685,48332,61898,69317,78653,97567,109095,121903,135054,135054,166156,166156,181753,200981,200981,221737,221737,242938
637,14077,21552,32674,42732,54486,69232,78838,87965,97556,108824,121671,134998,150511,165980,165980,181608,200871,200871,221451,221451
638,14820,26470,34706,45552,57191,73799,83039,92119,101260,111935,127186,143923,160397,176613,176613,191037,207534,207534,226267,226267
639,14822,22700,30191,45567,51119,64673,73828,91763,101157,111693,126923,126923,143541,159789,176187,190558,190558,206859,225486,225486
640,13832,21493,28665,43852,49443,62727,71241,89422,98827,109467,124196,124196,138739,156950,172411,187597,187597,203700,222741,222741
641,13919,25118,33109,43881,55272,71434,71434,89472,98912,109584,124153,138817,156902,156902,172683,187510,187510,203807,222745,222745
642,12171,18581,28148,37361,47641,54177,61388,77812,86368,95931,108126,121367,135733,135733,149822,163536,163536,179211,196856,196856
643,12144,24647,32462,47541,54107,69576,77763,86420,95920,108324,121305,135813,149659,149659,163595,179222,179222,196740,214808,214808
644,11427,22625,30049,43706,49980,63899,71601,79600,88950,99784,111382,125448,137842,137842,151162,165733,182194,182194,199226,220615
645,11469,22550,29874,43695,55947,63630,71226,88512,99647,111098,124936,137700,150519,150519,164988,181941,198907,198907,219892,219892
646,11627,22577,33832,43138,55093,62653,70352,87403,98293,109497,122684,135501,148711,148711,163970,180673,198277,198277,219456,219456
647,11510,22580,33817,43076,55081,70338,78507,87472,98283,109689,122563,135549,148785,148785,163608,180257,198283,198283,218972,218972
648,11692,22587,33793,43274,55389,70886,79068,88469,99163,110701,123979,137269,151002,151002,166223,183181,201266,201266,222527,222527
649,11657,22640,33692,43171,55193,70721,78966,88161,98859,110369,123657,136996,150696,150696,165911,182745,201101,201101,221958,221958
650,11475,22743,33974,43399,55666,71464,79760,89046,99909,111539,124622,138027,151882,151882,167091,184801,202922,202922,225022,225022
651,11476,22770,29988,43435,55675,63707,79857,89161,99811,111444,124848,138076,151872,151872,167180,184883,202792,202792,224967,224967
652,11745,23038,34318,44107,56431,64342,80756,90204,101477,112886,126754,140012,154415,154415,169921,187942,205943,205943,228505,228505
653,11751,22974,30332,44154,56412,64387,72448,90248,101398,113048,126712,140347,154234,154234,169812,187844,187844,206040,206040,228298
654,11751,23144,30504,44463,56687,64776,72773,90849,102060,113640,127859,141146,155262,155262,171263,189412,189412,207860,207860,230329
655,11741,23055,30429,44357,56576,64608,72581,90448,101749,113435,127241,140743,154790,154790,170708,188941,188941,207558,207558,229703
656,11743,23139,30668,44980,57424,65869,74138,92427,103838,116079,130161,144146,158879,158879,175314,193695,193695,212774,212774,237031
657,11752,23169,30652,44953,51032,65789,74098,92461,92461,115975,130035,130035,144027,158797,175250,175250,193705,193705,212703,236596
658,11856,23371,30837,44993,51099,65800,73854,92370,92370,116381,130740,130740,144804,159288,175475,175475,194342,194342,213637,237369
659,11843,23339,30701,44927,50982,65546,73758,92252,92252,116331,130422,130422,144527,158905,174985,174985,194083,194083,213313,236914
660,11803,23213,30626,44529,50850,65382,73793,92161,92161,115867,130012,130012,143963,158416,175199,175199,194276,194276,213386,236726
661,11769,23222,30695,44663,50951,65348,73736,92353,92353,116003,129954,129954,144088,158740,175121,175121,194114,194114,213329,236881
662,11656,23025,30423,44300,50338,64764,72876,90805,90805,114451,128190,128190,141961,156267,172387,172387,191010,191010,210129,233020
663,11654,22978,30400,44213,56628,64669,72732,90804,102394,114157,128350,128350,141946,156384,172454,172454,191055,191055,210238,233040
664,11854,23139,30409,44301,56490,64726,72559,90641,101784,113824,127351,127351,140975,154928,171030,171030,188968,188968,208112,231019
665,11811,23084,30410,44131,56330,64521,72536,90444,101650,113274,126914,126914,140663,154484,170701,170701,188787,188787,207595,230511
666,11703,22819,30087,43413,55158,62988,70739,88174,99298,110969,124124,124124,137347,150844,166307,184529,184529,184529,203058,225502
667,11749,22881,29982,43292,55173,70685,79298,88227,99162,110762,124168,137277,150550,150550,166247,184226,184226,203016,203016,225426
668,11902,22985,33945,43211,54718,70016,78130,86970,97860,109078,121687,133698,146870,146870,162247,179886,179886,197277,197277,219096
669,11919,23028,29953,43012,54694,69781,77928,86754,97617,108585,121325,133475,146567,161871,179525,179525,196632,196632,218717,218717
670,12387,23436,34437,49180,54557,69646,77379,85134,94736,105259,118444,130387,143220,156803,171878,171878,187087,187087,205953,205953
671,12417,23544,30926,43689,54711,69580,77272,85302,94874,105334,118422,130615,142980,156664,171904,171904,187402,206023,206023,224151
672,12711,24185,31656,45220,56062,71411,78868,86883,96460,107252,120671,133575,145833,159575,173606,173606,189404,208034,208034,208034
673,12699,24155,31677,45190,56104,64124,78881,86898,96425,107345,120684,133444,146005,159871,159871,173911,189284,208041,208041,208041
674,13031,25329,33038,47428,59166,67650,83291,91753,101872,113750,126345,140511,152898,167593,182590,182590,197560,217854,217854,217854
675,12981,21991,33079,47260,53052,67389,75212,91345,101711,113349,126162,140293,152416,152416,167255,182255,197036,197036,217052,217052
676,12766,22078,33188,47911,53875,68636,76600,93368,103901,115508,129423,142857,155886,155886,170490,185471,202412,202412,222350,222350
677,12818,22056,33209,47861,53827,68650,76528,93299,93299,115394,129361,129361,142789,155865,170239,185490,202430,202430,222066,222066
678,12456,21625,32498,46567,52469,66675,74362,91404,91404,113276,126379,126379,139881,153029,168289,185237,201670,201670,223687,223687
679,12514,24672,32546,46326,52132,66423,74263,90955,101611,113101,125862,125862,139652,152510,167233,184464,200569,200569,222733,222733
680,12574,24833,32868,47481,53878,68441,76816,95257,106530,119076,132041,132041,148174,161257,176500,197407,215403,215403,239302,239302
681,12602,21749,32893,47528,53916,68490,77061,85875,95274,119256,119256,132318,148123,161137,176494,176494,197585,197585,215574,239624
682,12295,24450,32138,46509,52769,67360,75389,83951,93578,104582,116104,129874,143428,157789,173929,173929,191530,191530,209903,232167
683,12230,24389,32173,46668,52866,67259,75346,84065,93656,116068,129936,129936,143279,157840,173575,173575,191889,191889,209812,232405
684,12155,24322,32034,46333,52717,66939,75032,83811,93070,115816,129467,129467,143320,156791,172996,172996,190624,190624,208714,230721
685,12118,24267,31983,46208,52547,66825,74803,83605,92934,115382,129224,129224,142892,156297,172709,172709,190228,190228,208248,230296
686,12173,24197,31917,46242,52391,66585,74713,83402,92716,115191,128776,128776,142392,155792,171834,171834,189401,189401,207581,229554
687,12138,24086,31838,46184,52153,66597,74719,92759,92759,115268,128728,128728,142263,156042,171772,171772,189521,189521,207376,229320
688,12108,24027,31801,46226,52294,66581,74637,92755,92755,115097,128398,128398,142117,155785,171306,171306,188948,188948,206793,228812
689,12152,23973,31796,46033,52213,66680,74480,92339,92339,114800,128307,128307,141684,155555,171044,171044,188630,188630,206191,228270
690,12053,24035,31726,46100,52218,66415,74520,92460,92460,115137,128334,128334,142315,155994,171522,171522,188991,188991,206865,229034
691,12091,24099,31760,45822,52185,66516,74609,92610,92610,115053,128682,128682,142375,155850,171656,171656,189389,189389,206874,229134
692,11987,23919,31614,45752,52100,66261,74239,91927,91927,114352,127861,127861,141284,154818,170699,170699,187832,187832,206163,227779
693,11975,23964,31636,45767,52083,66258,74329,91845,102812,114511,127897,127897,141544,154982,170387,187855,187855,187855,205987,227899
694,12030,23880,31431,45691,52049,66179,74267,92168,103371,114738,127950,127950,141668,155251,170663,187864,187864,187864,205572,227532
695,11981,23766,31500,45823,51968,65950,74044,91843,102903,114413,127877,127877,141191,154670,170391,187991,187991,187991,205422,227129
696,11825,23754,31287,45707,51837,66124,74118,92224,102989,114478,128084,128084,141641,155308,171061,188403,188403,188403,205929,227268
697,11818,23629,31280,45593,51678,66165,74171,92186,102897,114582,128080,128080,141602,155426,170596,188279,188279,188279,206144,227170
698,11643,23451,30967,45184,51166,65472,73399,91081,101972,113256,126761,126761,140193,154087,169398,186908,186908,186908,204688,226231
699,11744,23427,30892,44957,51020,65315,73212,90796,101681,113100,126666,126666,140134,153855,169052,186686,186686,204307,204307,225618
700,11711,23483,31205,45413,51549,66201,74331,92452,103615,115534,129337,129337,143209,157519,173382,191058,191058,209036,209036,231253
701,11668,23623,31204,45530,51656,66214,74194,92570,92570,115395,129368,129368,143213,157657,173511,191081,191081,209332,209332,231203
702,11774,23446,31345,45717,51873,66678,74934,93494,93494,116551,130438,130438,144685,159011,175426,193807,193807,211802,211802,234351
703,11780,23431,31438,45717,51941,66554,74918,93238,93238,116532,130147,130147,144681,158990,175177,175177,193613,193613,212290,234298
704,11779,23777,31634,46407,52636,68122,76389,95720,95720,120022,135077,135077,149569,164544,181423,181423,201263,201263,220593,244440
705,11751,23723,31483,46313,52584,67787,76263,85352,95634,107285,119914,134963,149590,164048,164048,180969,200963,200963,220117,220117
706,11701,23580,31366,46117,52342,67384,75919,84854,94899,106386,118625,132698,147341,161770,161770,179116,197632,197632,216664,216664
707,11647,23556,31240,45948,52376,67341,75811,84888,94900,106312,118617,132733,147097,161561,161561,178886,197789,197789,216569,216569
708,11820,23764,31433,46356,52495,67823,76077,84985,95053,106713,118991,133390,147736,162888,162888,179406,198634,198634,217310,217310
709,11800,23760,31358,46244,52292,67700,75888,84929,94917,106448,118602,133020,147507,162527,162527,179002,197953,197953,216726,216726
710,11745,23498,31154,45664,51798,66333,74500,83147,93157,104317,116219,129628,143838,158095,158095,174475,193144,193144,211448,211448
711,11697,23456,31084,45730,52003,66423,74748,93081,93081,116042,129822,129822,144033,157985,174614,174614,193052,193052,211574,233975
712,11775,23634,31577,45841,52131,66703,75094,93718,93718,116579,130413,130413,144280,158889,174708,174708,193377,193377,211510,234172
713,11772,23633,31579,45891,52118,66746,75021,93713,93713,116514,130390,130390,144274,158915,174835,174835,193321,193321,211325,234512
714,11575,23385,30830,45180,51075,65363,73291,91375,91375,113718,127295,127295,140775,154694,170316,170316,188388,188388,205616,227748
715,11533,23272,30901,44960,51004,65347,72987,91113,102035,113451,127030,127030,140383,154188,169924,187894,187894,187894,205306,227185
716,11638,23340,30937,45177,51269,65477,73563,91537,102299,114033,127071,127071,140499,154346,170046,170046,187313,187313,205462,226587
717,11617,23309,30977,45110,51191,65459,73503,91512,102333,113846,127052,127052,140384,154193,170013,170013,187477,187477,205364,226629
718,11736,23438,31045,45341,51308,65537,73299,91311,101693,113174,126478,126478,140207,153683,169261,169261,186643,186643,203615,225020
719,11724,23455,30973,45204,51283,65347,73318,90867,101557,112786,126379,126379,140077,153370,168676,168676,186188,203145,203145,224630
720,11842,23473,30966,45109,51204,65150,73405,90855,101141,112561,125711,125711,139116,152628,168001,168001,184561,201749,201749,222046
721,11850,23435,30977,45116,51370,65192,73287,90959,101190,112683,125944,125944,139220,152857,168181,168181,184795,201681,201681,221840
722,11448,22726,30038,43645,49569,62866,70866,87479,97724,108735,121316,121316,134820,147262,162043,162043,178218,194703,194703,214651
723,11420,22680,34144,43692,55428,70738,78774,87533,97747,108661,121387,134786,134786,147270,161928,178367,178367,194521,194521,215009
724,11288,22064,29030,41898,52954,67557,75317,83648,93382,103671,116070,128845,128845,141034,154613,170307,170307,185832,185832,205443
725,11255,16833,32948,41785,52818,67392,75082,93058,93058,103502,115665,128511,140824,140824,154243,170102,170102,185151,185151,204778
726,11331,16728,32468,41373,52578,66891,74558,92818,92818,103224,115332,127579,139713,139713,153617,169777,169777,185634,205055,205055
727,11277,16695,32402,41397,52660,66756,74422,92597,92597,103186,115080,127337,139768,139768,153538,169526,169526,185525,205123,205123
728,11286,16868,32870,41940,53498,68391,76403,96056,96056,106362,120206,132535,144816,144816,160095,178202,178202,195439,214662,214662
729,11269,16789,32819,41893,53354,68312,76241,84787,95733,105952,119956,132112,144328,144328,159660,159660,177739,194799,194799,214319
730,11206,16885,32747,41907,53554,68431,76295,85273,95277,106176,119028,132040,145421,145421,160226,160226,177259,194458,194458,215222
731,11251,16893,32774,41983,53603,68246,76399,85204,95608,106322,119047,132155,145428,145428,160380,160380,177613,194705,194705,215282
732,11274,16842,32907,41966,53776,68625,76739,85569,95997,106870,119831,132651,146077,146077,160991,160991,178058,195214,195214,216123
733,11246,16757,32982,41894,53742,68526,76763,85603,95931,106652,119723,132776,145655,145655,161125,177961,177961,195354,195354,216108
734,11192,16771,32795,42115,53757,68638,76710,85542,95703,106527,119272,132404,145390,145390,160314,160314,177549,194509,194509,215099
735,11159,16665,32791,37047,53532,68467,76589,85243,95532,106315,119116,132142,145158,145158,160189,160189,176997,194013,194013,214761
736,11192,16704,32735,41757,53559,61055,76469,85081,95438,106180,119107,132084,145260,145260,160159,176810,176810,193460,193460,214016
737,11157,16705,32720,41703,53611,60876,76277,85046,95414,106020,119233,132055,145170,145170,160063,176626,176626,193353,193353,214299
738,11288,16782,32810,41942,53374,68232,75835,84287,94404,105275,118129,130730,130730,143608,158220,174800,174800,191341,191341,211946
739,11315,16853,32737,41712,53123,60473,75582,84001,94140,104848,117623,130304,143030,143030,157542,174280,174280,190458,190458,211126
740,11425,17115,33082,42348,53894,61360,76694,85215,95344,106339,119041,131908,131908,144945,159187,175661,175661,192145,192145,212930
741,11439,17109,33114,37434,53898,61392,76827,85320,95529,106235,119241,132025,132025,144858,159402,175743,175743,192121,192121,213106
742,11509,17212,33466,37734,54140,61680,76864,85261,95641,106294,119252,131736,131736,144584,159328,175637,175637,192394,192394,213020
743,11555,17118,33498,37909,54176,69039,76990,85467,95793,106499,119286,131660,144771,144771,158998,175734,175734,192380,192380,212807
744,11677,17308,33733,37936,54573,62206,77486,86122,96673,107301,120225,132962,132962,145798,160628,176541,176541,193911,193911,214455
745,11645,17375,33628,37890,54505,69512,77501,85783,96248,107055,120035,132652,132652,145469,160071,176419,176419,192998,192998,213676
746,11711,17568,33977,38438,55082,70163,78016,86793,97049,107949,120575,133400,133400,146449,161068,177588,177588,194441,194441,215244
747,11654,17464,30036,43379,54798,70088,77979,86874,97076,107765,120605,133159,133159,146379,161136,177739,177739,194471,194471,215601
748,11817,17531,34062,43522,55062,70259,78095,86897,97186,108040,120674,133519,133519,146648,161348,178328,178328,195036,195036,216153
749,11779,17457,29989,43339,55112,69922,77934,86660,97138,107759,120421,133311,133311,146379,160959,160959,177510,194496,194496,215644
750,11787,20071,34177,43706,55591,71177,79273,88262,98942,109971,123454,136548,136548,150053,165145,165145,182439,200142,200142,221356
751,11800,22881,30177,43795,55688,63528,79284,88305,98798,110090,123572,136620,136620,150179,165192,165192,182411,200058,200058,221579
752,11933,23318,30672,44744,57083,64861,81289,91647,101863,113857,129144,141039,141039,154424,173360,173360,191464,208005,208005,226915
753,11925,23350,30753,44684,57119,64869,73571,91596,101684,114020,114020,141323,141323,154413,154413,173377,191529,208047,208047,208047
754,11875,23420,30709,44800,57286,65261,73288,91312,102280,114235,128093,141734,141734,156274,156274,172030,190359,208552,208552,208552
755,11898,23401,30694,44707,50722,65106,73236,91272,102462,114105,127819,127819,141556,155867,155867,171913,190181,208331,208331,208331
756,12081,23762,31286,45328,57896,65702,73991,92394,103280,115372,115372,129012,142896,157466,157466,173471,191371,209817,209817,209817
757,12115,23724,31290,45262,51479,65750,73896,92106,103342,115236,115236,128998,142869,157482,157482,173294,191267,209635,209635,209635
758,12146,23910,31455,45835,52145,66434,74483,92804,103932,115716,115716,130014,143911,157936,157936,174327,192520,210836,210836,210836
759,12187,23918,31392,45715,51967,66231,74421,92611,92611,115554,115554,129910,143534,157986,157986,173875,192211,192211,210703,210703
760,12258,24053,31649,46084,52047,66789,74786,93146,93146,116139,116139,130274,143975,158456,158456,174688,192408,192408,211053,211053
761,12265,24031,31642,46009,52086,66782,74875,93055,93055,116198,116198,130321,144436,158376,158376,174617,192800,192800,210993,210993
762,12216,24177,31821,46206,52616,66868,75086,93133,93133,116255,116255,129943,143334,157770,157770,173281,191170,191170,209864,209864
763,12194,24237,31795,46187,52467,67140,75170,93225,93225,116107,116107,130063,143396,157643,157643,173507,191305,191305,209504,209504
764,12259,24287,32017,46592,53046,67789,76119,94184,94184,117055,117055,130742,144605,158983,158983,174934,192527,192527,210945,210945
765,12236,24350,31868,46516,52884,67695,75921,84583,93873,116834,116834,130555,144149,158454,158454,174235,192231,192231,210506,210506
766,12378,24364,32120,46655,53010,67447,75684,84568,94279,116978,116978,130908,144591,158688,158688,174647,192226,192226,210696,210696
767,12254,24283,32242,46721,52890,67394,75626,84557,94163,116906,116906,130657,144366,158720,158720,174321,191948,191948,210762,210762
768,11939,23938,31690,46154,52356,66591,74500,82974,92425,114818,114818,128453,141605,155400,155400,170717,187877,187877,205505,205505
769,12017,23923,31644,46160,52194,66420,74330,92141,92141,114590,114590,128032,141335,155125,155125,170346,187265,187265,205109,205109
770,12039,23843,31352,40232,51620,65960,73549,91263,91263,113688,113688,126837,139941,153525,153525,168763,185599,185599,202943,202943
771,12043,23886,31311,45623,51567,65897,73562,91236,101951,101951,113804,127012,139858,153465,153465,168714,185871,185871,203219,203219
772,11762,23391,30698,44554,50511,64605,72283,89547,99934,111255,111255,124466,137296,150759,150759,165267,181719,181719,198412,198412
773,11709,23335,30699,44553,56825,64744,72237,89606,100079,111256,124583,137316,137316,150756,150756,165328,181659,198489,198489,218974
774,11715,23292,30972,45135,57807,65610,74099,91680,104036,115584,128808,143754,143754,158439,158439,173574,189984,206609,206609,229627
775,11589,23273,30834,44952,51207,65561,73941,91648,91648,115356,115356,128419,143341,158052,158052,173459,189368,189368,206018,206018
776,11694,23261,30925,45359,51427,66021,74305,92230,103302,115164,115164,129389,143015,157213,157213,172762,190052,190052,208159,208159
777,11636,23175,30898,45350,51399,65903,74083,92092,103247,115118,115118,129402,142997,157079,157079,172885,189980,189980,208244,208244
778,11702,23301,30965,45333,51398,65718,73875,91680,102613,114194,114194,127985,141304,155364,155364,170824,188341,188341,205665,205665
779,11758,23340,30883,45175,51393,65642,73724,91465,102505,114044,114044,127693,141039,154970,154970,170429,187944,187944,205569,205569
780,11784,23525,31192,39985,51393,65673,73466,90618,101530,101530,113092,126775,139703,153084,153084,167847,185368,185368,202132,202132
781,11860,23533,31186,45315,51376,65636,73462,90679,101599,101599,113049,126641,139810,153237,153237,167964,185359,185359,202280,202280
782,11840,23601,31055,39744,50895,64677,72318,89595,100097,111447,111447,124445,137598,150432,150432,165037,181780,181780,199076,199076
783,11841,23546,31064,39796,50923,64811,72431,89374,100029,100029,124403,137388,137388,150415,150415,165196,181660,198939,198939,220274
784,10852,21198,27952,40694,46141,59308,66761,83129,93575,93575,117987,131041,131041,144863,144863,159935,176958,194207,194207,219465
785,10775,16199,31596,40515,51906,59057,74373,82893,93383,104281,117624,130655,130655,144511,159492,159492,176300,193940,193940,218944
786,10741,16063,31397,40205,51393,58843,73741,82606,92518,103672,116599,129382,129382,142799,157961,157961,175248,193160,193160,215459
787,10751,16046,31355,40123,51428,58542,73570,82396,92392,103729,116367,129428,129428,142729,157764,175037,175037,193224,193224,215382
788,10777,16052,31430,40213,51328,65837,73569,82441,92609,103608,116320,129068,129068,142606,157488,174763,174763,192464,192464,214418
789,10753,15995,31469,40151,51316,65770,73419,82280,92348,103317,116004,128966,128966,142177,156977,174150,174150,191889,191889,213768
790,10737,16174,31561,40448,51714,66128,73641,82445,92835,103456,116256,128829,128829,141880,156809,156809,173694,191484,191484,212999
791,10746,18639,31611,40335,51846,66270,73876,82546,92848,103598,116283,128948,128948,142071,156835,173925,173925,191471,191471,213362
792,10791,16222,31582,40248,51560,58543,73553,82397,92453,103288,115951,128496,128496,141342,156425,156425,173371,190915,190915,212383
793,10721,18511,31516,40217,51555,65888,73486,82353,92368,103306,115990,128324,128324,141519,156279,173294,173294,190478,190478,212080
794,10751,15959,31412,40198,51462,65757,73401,81951,92000,102841,115365,127749,127749,140713,154810,154810,171977,188596,188596,209612
795,10717,18360,31468,40134,51383,65707,73183,81786,102522,102522,115093,127271,127271,140322,154718,171496,171496,188199,188199,209205
796,10631,18442,31510,40263,51394,66082,73687,82320,103161,103161,115686,128109,128109,140796,155656,155656,172280,189321,189321,210878
797,10674,16015,31568,40260,51426,65927,73661,82236,103060,103060,115483,128081,128081,140815,155463,172013,172013,188992,188992,210321
798,10664,18465,31431,40211,51532,65722,73193,81610,102404,102404,114677,126794,126794,139677,154096,154096,170722,187523,187523,207909
799,10653,15998,31295,40124,51148,65556,72919,81360,102003,102003,114368,126654,126654,139396,153695,153695,170163,186728,186728,207185
800,10645,18402,31168,39985,50980,65356,72683,81235,101805,101805,114046,125984,125984,138950,152932,152932,169335,185822,185822,206538
801,10675,18426,31208,40069,50976,65133,72725,81001,101957,101957,114211,126255,126255,138915,153101,153101,169021,185901,185901,206260
802,10538,18254,31044,40014,50812,65140,72699,81072,101791,101791,113966,125896,125896,138557,152842,152842,168957,185424,185424,205760
803,10587,18232,31184,39996,57843,65047,72528,80830,101643,101643,114073,126231,126231,138735,152680,168855,168855,185787,185787,205990
804,10429,18041,30768,39460,50486,64848,72193,80516,100917,100917,113084,125102,125102,137734,151864,167974,167974,183958,183958,204735
805,10456,18090,30712,39442,57399,57399,71916,80259,90070,100594,112890,124726,137259,137259,151512,167327,167327,183811,203897,203897
806,10340,17977,30528,39328,57161,64314,71687,80245,100843,100843,113147,125150,137896,137896,151981,168535,168535,184880,205398,205398
807,10293,17931,30586,39256,57073,64163,71591,80056,89891,100679,112963,124876,137836,137836,151931,168297,168297,184635,205342,205342
808,10226,17658,30250,39037,57150,64307,72129,80372,90620,100938,113844,125820,139370,139370,153759,169655,169655,186862,186862,208141
809,10196,17709,30146,38949,49989,64230,71943,80228,100774,100774,113372,125369,138937,138937,153274,169453,169453,186531,186531,207663
810,10215,17519,30232,38724,56411,63651,70864,79418,89181,99920,112262,124589,137514,137514,151790,168107,168107,184966,184966,205376
811,10266,17530,30176,38694,49541,63724,79316,79316,89302,99995,112491,124652,137739,137739,152067,152067,168148,185036,205797,205797
812,10121,17536,30017,38670,56440,63550,79511,79511,89528,99999,112326,124700,137381,137381,151919,168401,168401,184818,205335,205335
813,10132,17590,26408,38674,49368,63630,79543,79543,89356,99839,112274,124180,137406,137406,151667,168188,168188,184881,205284,205284
814,10127,17543,30050,38536,56232,63339,78943,78943,88769,99339,111642,123513,136102,136102,149945,166596,166596,182745,202789,202789
815,10148,17417,29931,38351,49074,62931,78887,78887,88656,99147,111166,123180,135577,135577,149749,166075,166075,182297,202442,202442
816,10060,19810,29855,38282,48897,55678,78141,78141,88124,98231,110250,122094,134636,134636,148718,164477,164477,180499,200419,200419
817,10053,19782,29803,38177,55675,55675,78061,78061,87975,98125,110125,122082,134446,134446,148275,164349,164349,180217,200226,200226
818,10128,19960,29640,37949,48496,55435,69503,77647,86958,97191,109100,120695,133124,133124,146374,162256,162256,177699,196963,196963
819,10041,17344,29619,37867,55181,55181,77376,77376,97038,97038,108790,120681,132742,132742,146104,161660,161660,177288,196707,196707
820,10018,19793,29622,37906,48498,55270,69601,77583,97258,97258,109275,120969,133267,146831,146831,162383,162383,177960,197621,197621
821,9957,19748,29685,37990,55353,55353,69579,77660,97429,97429,109501,121192,133214,146854,146854,162286,162286,177985,197752,197752
822,9976,19641,29386,37667,54944,54944,76795,76795,96055,96055,107810,119237,131143,144391,144391,159750,159750,175378,194276,194276
823,9988,19564,29375,37706,48226,54805,68868,76675,86159,95921,107723,119298,131283,144422,144422,159618,159618,175256,194331,194331
824,9902,19522,29349,37567,54512,54512,68344,76281,95529,95529,106928,118288,130023,143476,143476,158388,158388,173706,192867,192867
825,9846,19409,29220,37455,54365,61049,68123,76233,85490,95306,106647,117853,129619,142704,142704,158175,158175,173181,192075,192075
826,9908,19492,29113,37304,54308,60894,67829,75769,85025,94782,106445,117454,129251,142544,142544,157417,157417,172628,191424,191424
827,9882,19529,29154,37295,54164,60932,67836,75622,85109,94798,106458,117486,129181,142447,142447,157337,157337,172602,191221,191221
828,9821,19123,28753,36554,53382,59914,66679,74558,83676,93164,104493,115535,127182,139850,139850,154812,169668,169668,187745,187745
829,9775,19087,28693,41536,53199,59841,66397,74293,83363,93036,104396,115042,126680,139324,139324,154184,169010,169010,187416,187416
830,9694,18944,28324,41200,52712,59362,73836,73836,82982,92576,103551,114626,126440,139097,139097,154062,168877,168877,187558,187558
831,9693,18947,28410,41165,52809,59365,73852,73852,92488,92488,103619,114654,126510,139219,139219,153930,168794,168794,187536,187536
832,9678,18941,28224,41112,52599,59135,73856,73856,92923,92923,104308,115105,127587,140379,140379,155176,170089,170089,189977,189977
833,9682,18905,28254,41012,52638,59147,73805,73805,93029,93029,104186,115173,127687,140299,140299,155137,170304,170304,190110,190110
834,9764,19079,28327,41141,52874,59540,74140,74140,92988,92988,104306,115583,127496,140423,140423,155625,170952,170952,189641,189641
835,9697,19073,28243,41071,52632,59273,66059,73825,92839,92839,104013,115378,127073,140005,140005,155007,170251,170251,189216,189216
836,9768,19209,28475,41176,52710,59472,73880,73880,92818,92818,104118,115236,126721,139919,139919,154807,169998,169998,188720,188720
837,9752,19173,28489,41196,52715,59414,73651,73651,92632,92632,104072,115274,126674,139929,139929,154729,169829,169829,188724,188724
838,9776,19166,28398,41182,52681,59285,73821,73821,92133,92133,103351,114361,125762,138721,138721,153458,168546,168546,186871,186871
839,9783,19200,28396,41077,52504,59144,73518,73518,91920,91920,103147,113893,125342,138469,138469,152889,168004,186410,186410,186410
840,9722,19173,28587,41310,52810,59654,74130,74130,92611,92611,103812,114807,126356,139117,139117,154244,169146,187326,187326,187326
841,9771,19158,28513,41405,53016,59468,66525,74083,92763,92763,103642,114624,126314,139084,139084,154179,169198,187474,187474,187474
842,9772,19005,28339,41224,52430,58913,72945,72945,91395,91395,102146,113182,124323,136993,136993,151328,166150,184065,184065,184065
843,9734,18982,32106,41074,52340,58937,73145,81926,91265,91265,102280,113215,124184,136600,136600,151281,166355,184367,184367,184367
844,9774,18882,31723,40774,52095,58349,72571,81304,90556,101595,101595,112142,123535,135824,135824,149906,164719,182694,182694,182694
845,9709,18874,31636,35786,51824,58162,72412,81187,90325,101283,101283,122978,122978,135302,149788,149788,164243,182044,182044,182044
846,9686,18886,27992,35494,51264,57524,71236,79922,88649,99149,99149,120255,120255,132474,146219,146219,160153,177517,177517,177517
847,9722,18944,31405,35454,51286,57474,71182,79667,88635,99085,109518,120220,120220,132337,146188,146188,160064,177461,177461,177461
848,9706,18893,31457,35532,51057,57465,71105,79662,88381,98980,109239,120106,120106,132078,145654,145654,159749,176975,176975,176975
849,9673,18846,31273,35538,50988,57305,70945,79379,88195,98563,108821,119961,119961,131529,145377,159161,159161,176390,176390,176390
850,9625,18675,31130,35024,50647,56787,70068,78483,87141,97316,107587,118027,118027,129804,143257,156913,174032,174032,174032,174032
851,9676,21282,31106,35138,50514,56773,70113,78440,87199,97563,107300,118056,129708,129708,143281,156924,173772,173772,173772,173772
852,9572,18556,31066,34927,50276,56254,69606,78166,86822,96832,106837,117466,129110,129110,142408,156237,172857,172857,172857,172857
853,9598,20946,30963,34936,50227,56222,69662,77963,86758,97025,107079,117440,129050,129050,142350,155786,172651,188317,172651,172651
854,9586,20858,30541,34540,49609,55399,68659,76882,85539,95751,105509,116003,127553,140800,140800,154226,170929,186434,170929,186434
855,9482,20730,30472,34408,49426,55317,68329,76558,85300,95243,105206,115710,126970,140437,140437,153818,170307,170307,170307,185476
856,9486,20823,30586,39187,49849,55982,69409,77462,86797,96266,106855,117816,129333,143197,143197,157318,174827,189998,174827,189998
857,9550,20806,30674,39070,49731,55910,69207,77257,86681,96346,106775,117828,129053,143085,143085,157613,174780,190019,174780,190019
858,9495,20801,30696,39042,49629,56026,69526,77718,86731,96896,107251,117949,130041,143819,143819,157907,175280,191396,175280,191396
859,9451,20724,30633,38916,49478,55852,69204,77531,86492,96606,107020,117804,129564,143428,143428,157364,174741,190908,174741,190908
860,9504,20973,30887,39248,49922,55957,69508,77811,86748,96776,107458,118250,130174,144204,144204,157891,175555,191621,175555,191621
861,9587,21011,31101,39244,49921,56071,69538,77713,86935,96955,107492,118248,130440,144044,144044,158007,175539,191695,175539,191695
862,9713,21084,31092,39202,49749,55721,69307,77385,86014,96219,106158,116868,128397,141885,141885,155682,172235,187643,172235,187643
863,9711,21057,31080,39145,49691,55677,69084,77385,86137,96105,106191,116748,128482,141869,141869,155566,172238,172238,172238,187941
864,9755,21235,31641,39535,50282,56383,69793,77977,87054,97069,107312,118114,129770,142988,142988,157128,173941,189711,173941,189711
865,9684,18688,31377,39464,50111,56177,69462,77930,86712,96899,106989,117655,129295,142781,142781,156312,173358,188949,173358,188949
866,9653,21098,31072,39241,50048,56015,69076,77482,86464,96419,106448,117010,129024,142430,142430,155639,172791,188544,172791,188544
867,9664,21042,31152,39358,49904,55898,69084,77302,86152,96254,106309,116922,128597,141939,141939,155534,172098,188099,172098,188099
868,9518,20567,30469,38435,48652,54435,67433,75578,83998,93884,103771,113940,125386,138338,138338,151264,167621,167621,167621,182103
869,9530,20511,30753,38232,48634,54392,67245,75296,83755,93609,103437,113977,125155,137956,150810,150810,166912,181566,166912,181566
870,9630,20683,30947,38132,48628,54421,67318,75195,83638,93392,103215,113333,124597,137676,150279,150279,166477,166477,181697,181697
871,9572,20681,30957,38047,48736,54409,67407,75243,93542,93542,103449,113397,124563,137428,150663,150663,166470,166470,181812,181812
872,9493,20603,30972,38174,48461,54301,66922,74647,92966,92966,102955,112733,124276,136569,149450,149450,165627,165627,180540,180540
873,9522,20592,31028,38198,48482,54374,67055,74644,93232,93232,102905,113028,124021,136654,149405,149405,165823,165823,180632,180632
874,9467,20140,30457,37625,47737,53438,65723,73427,91372,91372,101107,110876,121808,133646,146218,146218,161862,161862,176034,176034
875,9401,20105,30666,37424,47600,59063,65602,73305,91187,91187,100929,121115,133711,133711,146040,161516,161516,161516,175601,175601
876,9454,20133,30760,37363,47245,58983,65294,72939,90951,100356,100356,120767,133340,133340,145351,161003,161003,161003,174782,174782
877,9419,20115,30838,37259,47284,58922,65065,72994,90872,100254,100254,120777,133065,133065,145481,161131,161131,161131,174897,191348
878,9252,19825,30213,36474,46016,57138,63529,70986,88320,97602,97602,117891,129512,129512,142259,157436,157436,157436,171437,187526
879,9265,19686,30755,36298,51330,57143,71061,78699,87894,97293,106673,117353,129325,141430,156741,156741,156741,156741,170886,186902
880,9386,19970,31184,41186,52403,58605,73264,81382,91642,101128,111458,123009,135301,148521,166950,166950,166950,166950,181713,197949
881,9344,19789,31252,36901,46931,58834,65274,73270,91855,101141,111532,123001,135445,148716,148716,166970,166970,166970,181932,198233
882,9302,19801,30949,36499,46546,58063,64834,72696,90282,100046,110334,121839,134739,147940,147940,164036,164036,164036,179497,197203
883,9311,19722,31172,36642,46519,58142,64930,80815,90332,100289,110209,121560,134703,147663,147663,164419,164419,164419,179301,196712
884,9270,19500,30932,36246,45904,57416,63912,79783,89058,98528,108562,119525,131956,144614,144614,160388,160388,160388,174907,191373
885,9225,19547,30836,40311,51392,57177,71080,79213,88896,98042,108431,119228,131796,144204,144204,159884,159884,159884,174095,190628
886,9223,19508,30777,40135,51185,56871,70850,78800,88197,97607,107158,118086,130438,142990,142990,158537,158537,158537,172930,189223
887,9219,19506,31019,40259,51021,56793,70523,78811,88089,97568,107125,118084,130531,142926,158286,158286,158286,158286,172993,189196
888,9057,18903,30240,39061,49606,55253,68549,76837,85745,94652,104175,114789,126702,138883,153860,153860,153860,153860,183462,183462
889,9039,18850,34011,38920,49374,54886,68429,76345,85467,94380,103883,114256,126282,138420,153359,166961,153359,166961,183126,183126
890,8886,18387,32395,38125,48331,59885,67036,74635,92041,92041,101251,111626,123149,135121,149378,149378,149378,162646,177776,177776
891,8911,21207,31449,38149,48417,59733,66957,74657,92270,101190,101190,123276,134822,134822,149205,149205,149205,162797,178311,193531
892,8834,18360,31595,37900,48112,59465,66434,74093,91571,100668,110865,122207,133553,133553,148222,148222,148222,161430,176482,191200
893,8789,20955,31481,37914,47949,59508,66270,82568,91457,100572,110744,122425,133737,147985,147985,147985,147985,176439,176439,191054
894,8625,20605,30765,37049,47076,58310,65134,81001,89728,98841,108669,119861,131103,145585,145585,145585,158821,173673,173673,188950
895,8546,20478,30638,36941,52221,58200,72152,80705,89284,98465,108284,119517,130709,144986,144986,144986,158164,173077,188459,188459
896,8660,20612,30948,42096,52354,58424,72495,81166,89872,98934,108777,120434,131494,146113,146113,146113,159138,174106,189431,189431
897,16687,25633,27104,34873,43954,54212,60564,67369,75065,83505,92347,101886,102053,112068,122855,122856,135383,135383,148426,149096
898,11702,27875,40907,55714,62390,73028,83028,91188,102938,117755,128997,137111,147657,151870,158367,167008,182438,188810,199888,209776
899,10750,25600,37968,51289,62197,69204,81219,89557,99345,119321,131905,133401,144920,148553,161446,174959,179251,192261,208669,213212
900,10495,24035,35619,49364,60855,68266,80815,88977,98243,118355,131003,132235,145755,147774,159978,174419,178027,189110,206571,210449
901,10183,23165,34577,47203,59060,67077,80261,88612,97157,106929,129142,130920,144897,146978,158806,172331,177327,188766,205807,209940
902,10332,21924,32354,39886,56238,64174,76955,85324,93642,101766,122487,127090,138004,142222,153519,165525,174740,183041,198408,202794
903,10308,21530,31822,44247,54398,69521,76633,92366,92954,112634,122703,137052,137398,143699,153800,163953,180043,184305,197695,216153
904,10457,21479,31760,43298,54100,69238,76276,92063,102268,111470,121967,135890,136851,144655,154583,164346,178957,187142,197047,215124
905,10360,21567,31672,43664,54249,69320,76865,93491,103853,113657,123363,137291,139062,145882,155698,167167,181928,187986,200059,217325
906,10360,21533,31420,43603,54178,68100,76760,84461,103716,112754,123116,136987,138628,145745,156205,167359,180992,187805,199499,216565
907,10342,21453,31228,43552,48362,67519,76373,84182,102340,112097,122647,135992,137730,145351,155743,166752,179769,187430,198840,215190
908,10621,21342,31226,43157,48198,66441,74760,83459,100487,110319,121212,134375,136303,146073,156013,164705,178251,186912,198008,198369
909,11225,21699,31763,43836,55564,68459,76590,85878,103422,113794,124914,138196,140109,147598,158759,170096,182694,191434,201951,219231
910,10700,21807,31653,44105,54883,68318,76507,85853,93378,114049,124855,137940,139794,147087,157586,169273,182737,189143,201566,202322
911,10528,21583,31199,43526,53988,67624,75673,84337,92037,102007,123188,136744,137899,146244,156285,167317,179438,188047,199512,201377
912,10350,21589,31305,43579,54022,67574,75696,84394,92603,101878,123619,136733,138045,146448,156239,167552,179481,188699,200451,216630
913,10444,21670,31278,43655,54427,67838,75720,84882,93198,102185,123982,137073,138222,146305,156458,167805,179630,187832,199775,202052
914,10459,21501,31292,43533,48565,67689,75696,84741,92808,101768,123173,136588,137399,146005,157580,166605,179077,185301,198320,201495
915,10523,21765,31451,43672,48691,67656,75522,83797,92913,101287,122236,135273,136154,147033,156808,164985,177944,184670,196805,216351
916,10297,21723,31262,43602,48895,67494,75386,83870,92756,111498,122476,135336,136471,146530,156688,165753,178052,186518,195715,215592
917,10510,21699,31280,43708,54925,67632,75660,83588,92756,112185,122664,135851,136801,146530,156718,167224,178916,187238,197161,200075
918,10346,21508,31117,43671,54026,67507,75491,83566,92608,112227,122940,136334,136715,147230,157151,167377,179340,188007,198387,218397
919,10536,21578,31207,43790,54065,67987,75700,83847,93102,112476,123409,136676,137088,147394,157505,167520,179950,193106,198591,201639
920,10269,21448,30864,43059,47924,66282,74039,82258,90676,109759,120396,133290,133489,144083,155099,164803,176278,185257,194333,213594
921,10620,21468,31249,43391,53896,66940,75037,83974,101482,111262,121771,121771,134759,144949,155413,165007,176393,186817,198077,212564
922,10424,21602,31326,43248,53901,67032,74991,83500,101002,111563,121769,121769,134453,145399,155653,164752,176544,188589,195488,212221
923,10423,19167,31334,43363,53916,67207,75356,83538,101053,111758,122036,122036,134932,146051,156250,167594,176854,187217,198054,212665
924,10513,21239,31009,42861,53181,66008,73800,82277,99200,109467,120063,132881,133162,144044,155138,164428,175401,186445,196770,196465
925,10434,21411,31227,43071,53541,66551,74234,82940,99640,110231,120828,120828,133759,145119,164869,165357,175722,186942,197601,198398
926,10283,21549,31430,43293,53616,66951,74647,83190,100111,110591,120655,120655,134226,145825,164415,166503,177714,187752,196998,215371
927,10432,21610,31417,43489,54191,67913,75566,84457,101596,112167,124352,138373,138664,149365,168397,169901,181676,192024,201801,204558
928,10381,19017,31357,43405,48286,67607,75410,84058,101258,111967,123967,123967,137785,148211,155347,170208,180627,190940,201982,204410
929,10450,21544,31334,43531,48534,67823,75693,83939,101542,112063,124026,124026,138088,147851,156734,169155,180751,191493,200963,206140
930,10327,21580,31471,43791,48771,61085,76149,84777,102740,113999,124941,124941,138500,147662,156613,170528,181857,191653,200818,206072
931,10449,19132,31378,43670,48825,60975,75905,84254,92941,113895,113895,124587,138411,147559,156431,170061,181049,191097,199848,208753
932,10469,21634,31183,43519,54510,60625,75712,83763,92339,112970,112970,123982,137130,146302,155284,169094,179762,187945,198740,206327
933,10380,19092,31267,43698,54336,67882,75924,84069,92754,113378,124229,124229,137472,146849,155693,169498,180222,191933,199238,222914
934,10381,21510,31086,43360,54001,60453,74968,83123,91738,111931,111931,122834,136020,146003,156587,167587,177556,185999,196694,204696
935,10429,21597,31271,43609,54325,67752,75432,83471,92225,112824,112824,123319,136947,146154,156836,167668,178269,185545,197244,219770
936,9542,21670,31550,44068,49057,61238,76381,84329,92922,113676,113676,124845,137840,147071,159890,170689,180813,186129,200612,208528
937,10106,19177,31356,44020,48895,61064,76144,84296,92824,113236,113236,124405,137642,146908,158902,169435,179907,186049,199617,207450
938,11259,21543,31054,43370,48481,60493,75199,82959,91793,111821,111821,122794,136225,145349,155622,168657,179906,190067,200995,201452
939,9816,21575,31051,43588,55220,67588,75424,83258,92206,112412,122976,136526,136526,145788,156867,168880,180158,186947,200395,208103
940,10161,19269,31559,44325,55060,61318,76450,84658,93492,113578,123997,123997,137145,146518,157473,171092,180525,188800,200389,208407
941,11275,21634,31407,39481,49227,61255,76219,84432,93199,113484,113484,123849,137008,146004,157183,169855,179365,188788,199744,206886
942,9828,22108,32041,40196,50535,62267,77567,85891,95093,104438,115487,126453,139752,148898,160485,172265,183759,191961,204346,213033
943,10170,19584,31797,40256,51081,62578,69625,86139,95306,104706,115555,126839,140233,149017,159337,172226,183622,191783,204867,213278
944,11323,22182,31913,40086,51219,62299,69187,85780,94371,104220,114790,125736,138541,147825,157022,170129,167642,188401,200339,209811
945,9898,19739,31958,40375,51869,62744,69769,86209,95003,104715,115623,126277,139356,147974,158394,171057,169165,188236,201201,208909
946,10291,22414,31719,40278,51407,62091,69347,85705,93931,103126,113149,123368,136529,144710,155433,165789,165789,187431,197699,202567
947,10389,19988,31648,40296,51513,62005,69190,85459,94063,102893,113273,123491,136605,144135,155655,164831,165913,187469,197581,205347
948,10519,20008,31941,40404,52176,62080,69465,85668,94321,103223,113486,123852,136923,145287,155257,167205,170787,187092,198018,205722
949,10360,20014,32027,40516,51995,62252,69734,86018,94599,103582,113944,124314,137499,145684,153808,167852,171830,188312,198450,207390
950,10600,19967,28192,39809,51304,61061,68197,84037,92408,101401,111506,122075,135421,142770,153193,163269,169184,185554,196261,205241
951,10457,19930,31653,39811,51600,60904,76182,83920,92227,101318,111701,121826,135136,142983,155455,163006,181784,186062,196152,221529
952,10514,20256,32455,41318,54009,64190,80196,89595,98265,107899,119776,132374,146794,155637,165656,177520,194821,196766,211637,218315
953,10397,20291,32553,41339,53153,64330,72212,89619,98524,108167,119984,132756,147495,155772,162821,162623,179424,197052,193125,215472
954,10391,20161,28623,40960,52547,63292,70757,88129,96961,106840,118201,129404,143365,150949,157725,157725,177331,193919,191625,213330
955,10386,20248,28992,41091,52562,63707,71179,88407,97364,107278,118738,129967,143924,147039,159922,163791,177510,194639,192526,214079
956,10591,20910,33717,42220,53968,65446,72931,90538,99548,109580,120639,131881,145460,148375,159644,166553,179598,194822,194822,212029
957,10655,20921,29715,42360,53319,65434,73044,90743,99523,109609,120938,131998,145930,148504,160110,166790,178863,193796,195259,211737
958,10735,21366,30622,43104,54190,66612,74425,91811,101587,111602,122962,134194,148318,150760,162060,170149,182257,195827,198900,214497
959,10434,21337,30681,43215,54071,67002,74612,92289,101940,111998,123253,134721,148681,150752,162338,166762,180892,181846,197921,214281
960,10550,21410,30974,43312,53828,66433,73999,91701,100775,110731,121695,132914,146687,148527,160271,165912,176634,181897,196041,211648
961,10471,21413,31034,43152,53776,66427,73894,91689,100673,110553,121771,132869,146688,148191,160245,165881,176538,181741,196462,211834
962,10294,21398,31227,43254,54131,66845,74465,91786,101522,111414,122528,133589,147883,149013,160683,164851,177735,182457,197371,211901
963,10342,21408,31240,43350,54334,67063,74591,92368,101553,111755,122779,134057,147975,149179,161039,168514,178183,182952,197855,211613
964,10426,21160,30826,42826,48199,65838,73337,90754,99682,109580,120187,131367,144635,145788,157578,162035,173366,179422,194433,207405
965,10457,21199,31032,43073,48396,66348,73738,91240,100228,109989,120904,132056,145134,146286,158341,165860,175469,181000,195392,208502
966,10319,21005,30876,42624,48137,65933,73147,90731,100154,109850,120967,131452,145161,146147,158086,165172,178097,180790,194660,208189
967,10394,20934,30867,42335,47992,65497,72812,90486,99646,109478,120317,131071,144660,145438,157516,165057,177696,180305,194254,207192
968,10172,20296,30010,40981,52484,63340,70724,87656,96768,105971,116700,127325,140245,141133,152537,160136,167926,176106,189335,201317
969,10415,20344,34221,41167,52546,63740,70824,88069,97054,106351,116918,127695,140596,142273,153148,161368,173753,192121,206047,202604
970,10158,20049,29203,40789,51952,62929,70153,87052,96325,105797,116461,127073,140006,141706,152534,160462,172106,190014,203588,201064
971,10420,19989,33480,40701,51902,62812,70126,86967,96033,105349,116262,126829,139819,141475,152050,160345,172567,189132,203683,202582
972,11286,19785,32275,40096,51364,62011,68935,85655,94181,103533,114037,124608,137396,139333,149564,158466,169823,186982,199269,199269
973,9742,22335,31967,39998,51571,62235,69220,85953,94482,103925,114432,124572,137771,140169,150397,171305,170352,187624,199357,201110
974,10358,22082,31576,39666,50972,61257,68517,84897,93683,102761,113151,123859,136709,139644,149171,170540,169958,186615,198528,200330
975,11033,22221,31785,39811,51737,61779,68882,85227,94273,103154,114014,124296,137541,142456,150303,170542,170892,187370,199126,204640
976,9547,21925,31359,39640,51552,61635,69439,85809,94213,105175,115743,126482,139317,145136,152754,174492,175612,192657,204724,208656
977,10348,22066,31557,39715,51742,61980,69784,85829,94522,105396,116152,126745,139644,145732,153382,174391,176295,191356,204124,209385
978,11661,19752,31801,40388,52651,63178,70258,86870,96352,105872,117378,128647,142127,147695,156559,174661,177055,190937,204397,210064
979,9585,19813,31824,40429,52532,63302,70422,87173,96563,106171,117695,129158,142401,147980,156716,174802,177374,190566,204702,210468
980,10417,22896,32503,41594,53540,64351,71836,88659,97887,107923,119185,130535,143943,148893,158325,171708,179259,192975,205776,211466
981,10400,20256,28992,41424,53005,64101,71549,79850,97721,107647,118886,130211,143733,149112,158011,158201,178569,192087,204429,209183
982,10664,21081,30197,42823,54441,66387,73826,82184,100637,110547,122441,133751,147922,151596,161901,162707,183308,196284,209711,214148
983,10645,21100,30222,43004,53791,59684,74099,82526,100693,110768,122603,134213,148083,151751,161872,165204,181831,195715,191907,214138
984,10845,21911,31407,44044,54966,60894,75303,83706,102136,112324,124116,135544,149233,151416,162478,168791,183496,182639,193657,214272
985,10374,19154,31422,44251,49332,68266,75620,93134,93134,113033,124753,136381,149801,151663,162634,167553,183667,183667,194370,214869
986,10725,19595,32004,44989,56161,69615,77540,86261,95142,115178,127264,138877,153004,154300,166404,168994,187574,187574,197919,218862
987,10448,22456,31850,39988,56117,69633,77345,85990,94734,104918,127089,138879,152681,153226,153025,168716,186024,186999,197827,200213
988,10309,19295,31064,39305,55289,68274,75698,84407,93168,102751,124626,135871,149371,149805,149805,166170,178928,183163,193595,198045
989,10415,22069,31209,44455,55425,68408,75860,84531,93357,103093,124780,136197,149922,150115,150292,166866,178471,184367,194972,199148
990,10404,19374,31552,44845,55959,68827,76638,85310,94011,103864,125660,137149,151116,151116,152486,167728,180047,186486,196777,203137
991,10382,22294,31598,39654,55752,68670,76413,85118,93992,103752,125656,137074,150789,150789,151948,168563,179889,186152,196556,203748
992,10224,19245,31300,44387,55441,68244,75900,84699,93913,103525,124825,135963,149783,149783,151239,165764,178913,184596,195340,202028
993,10400,22075,31473,44543,55585,68360,76056,84958,93971,103801,125199,125199,150084,150084,152175,167165,179238,185057,196242,202767
994,10310,21549,30723,43726,54591,67314,74971,83756,93062,101951,122828,133913,133913,147377,149541,162972,175546,182651,193222,201385
995,10315,18988,30965,38711,49525,60937,75396,84211,93644,102358,123305,123305,134109,147988,150266,166872,178635,183393,193842,219079
996,10348,21289,30691,43477,54016,66674,74282,83449,92282,100965,121839,132595,132595,145872,150472,164995,173997,183155,193000,213300
997,10346,21334,30551,38108,48730,59526,73833,82936,91861,110491,121244,121244,145059,145059,153426,164294,176148,182457,192144,213551
998,10361,21104,30469,42980,48263,59525,73784,82482,91667,110430,121057,121057,145789,145789,166100,165602,174482,182866,193217,212026
999,10406,21185,30865,43146,48446,59853,74093,82652,91991,110545,121459,121459,146205,146205,163323,165616,177827,183681,195651,212873
1000,10524,18847,31325,43911,49430,61222,76236,85985,94574,114764,126928,126928,138831,153224,168954,173612,187308,193567,204697,225388
1001,10304,21549,31260,38719,54551,68338,75806,85717,94499,103188,126942,138654,138654,153080,154419,171638,186044,192526,203867,205327
1002,10585,21807,31811,44599,50093,69520,77115,86013,96054,105338,128901,128901,140923,155593,156897,171297,184309,194608,204576,205407
1003,10351,21883,31611,39728,56287,69557,77299,86233,96055,105534,117120,129089,141696,155708,157322,170966,185124,193873,204829,205971
1004,10645,19069,31670,44918,56216,69503,77339,86526,95831,105646,116393,128167,139750,154443,155678,169679,168102,192700,201955,204838
1005,10428,22019,31792,39921,56456,70000,77747,86831,96250,106112,117103,128720,140549,155244,156819,169946,169655,193374,201901,205858
1006,10603,19704,32445,41008,57785,64300,79535,88777,98174,108631,119423,131700,143913,158355,159810,173534,173173,195698,205910,210013
1007,10479,22533,28666,46061,51417,64190,79129,88335,97797,108276,118826,131236,143226,157749,158770,158770,172908,193498,204506,209100
1008,10546,19650,32919,40769,51844,64298,79177,88986,98290,108468,119225,131121,142835,157406,158090,158937,172978,192115,203445,208287
1009,10385,22718,29088,40866,51971,64362,79556,89118,98766,108853,119652,131693,143492,157979,158816,160338,174145,192130,203599,208946
1010,10613,20345,30003,41697,53407,65298,81425,91277,100853,110741,121397,132975,145014,159817,160507,167921,176200,195150,207061,213288
1011,10331,20299,30392,47379,53318,65248,72572,90969,100617,110668,121090,132755,144728,159360,159662,162874,175473,193958,205583,211193
1012,10345,20013,30217,46819,52372,64091,71192,89210,98798,108468,118796,130168,142039,156728,157032,164790,172781,189103,202610,207718
1013,10357,20080,30525,46915,52334,64323,79958,89536,99104,108666,119097,130409,142308,156959,157159,165227,174952,189171,202620,207891
1014,10511,20078,30986,47139,52380,64108,80097,89403,98912,108094,118575,129487,141271,155906,156370,163884,173706,188240,201472,206816
1015,10556,20175,31175,47372,52627,64507,80572,89790,99404,108581,118697,130007,141956,156796,157065,163824,176649,188650,201886,207905
1016,10400,20485,31456,47730,52991,64747,81529,91114,100604,109849,119892,131334,143234,157765,157998,166648,179332,189480,203198,208364
1017,10525,20393,31356,41930,52911,64868,72867,91438,100591,110135,120085,131503,143580,158240,158417,167006,177686,189865,203540,208869
1018,10190,19707,30189,40044,50640,62001,69406,86763,95778,105028,114344,125403,137011,151007,151274,160006,170139,181322,194492,199595
1019,10380,22557,30486,40153,50655,62136,77639,87114,96249,105386,115012,125592,137179,151686,152069,172875,172171,182900,194921,200999
1020,10011,19030,33276,39075,49422,60471,76660,85740,94782,103305,112574,123330,134729,148389,148831,168132,168132,179777,191435,197967
1021,10282,21754,32567,39020,49414,60495,76593,85466,94217,103122,112685,123268,134360,148201,148772,167700,180938,179136,190772,200868
1022,10027,20759,30811,37114,47051,57837,72674,81202,89771,98288,108094,118716,129756,144005,144968,160927,175935,175122,186655,198608
1023,10435,20684,30813,42336,52369,58006,72811,81453,90064,98500,108164,118976,130303,144303,145486,163065,176669,177268,187420,215598
1024,10027,20644,31296,42577,53152,59840,74322,84500,92633,101476,113713,126037,137358,151651,153938,170969,184648,187105,197461,228239
1025,10438,20680,31312,42883,53522,60148,66743,84762,93014,102180,114121,126299,137928,151991,154354,170987,185182,187472,197969,202533
1026,11338,20622,31176,42673,48100,59478,74273,83463,93221,102280,112932,124434,136124,150317,157163,168250,181231,184397,195848,200572
1027,9645,20657,31217,42720,48095,59814,74420,83423,93321,102587,112991,124476,136063,150341,157094,168090,180615,184486,195851,208033
1028,10396,20864,31754,43562,48830,60083,74874,84398,94196,103690,113748,125246,136539,150909,157121,168181,180838,184689,194880,201560
1029,10269,20894,31628,37959,48907,60427,67368,84991,94602,104077,114454,125412,137208,151299,157809,168874,181390,186174,195739,208405
1030,10647,20848,31351,43246,48737,59966,74629,83762,93381,102369,112831,124002,135343,149550,154213,167285,178587,184120,193592,200281
1031,11356,20866,31242,43159,48512,59680,74505,83675,93226,102125,112418,123678,135086,149573,154834,166763,178171,184970,193730,203885
1032,9641,21061,31749,43999,49391,60654,75768,85473,94968,104571,114873,126190,137270,151543,157244,169013,180371,187733,195401,207849
1033,10296,21107,31531,38563,49555,60887,67757,85627,95532,105008,115097,126683,137727,151624,156631,169722,180543,188150,195956,208613
1034,10496,21189,31439,38288,49054,60465,75436,84546,93784,103401,113324,124686,135490,149927,155982,166293,178291,184665,194330,206494
1035,10541,21148,31582,43856,49381,60825,75845,85099,94308,103907,113842,125260,136505,150666,156787,167085,179000,185654,195347,207078
1036,10482,21377,31720,38705,50317,61301,68202,86282,95767,105505,115852,126894,137869,151510,156425,167344,179749,186385,194896,204423
1037,10317,21350,31740,38707,50390,61166,76350,86057,95677,105344,115666,126692,137538,151540,156088,166886,179572,186033,194647,206372
1038,10349,20848,30891,37892,49699,59479,74135,83724,92837,102079,112333,123367,134343,148395,154145,164286,176134,186052,191915,203244
1039,10350,20940,30882,43216,50690,59707,66678,83973,92717,102379,112406,123521,134806,148648,154952,165405,176715,186696,193196,205994
1040,10374,21374,31565,44443,52252,60923,76577,86180,95201,104584,114616,125518,136471,150577,156340,166989,178506,187360,195545,208019
1041,10385,21244,31396,38697,52160,60834,76324,86148,95289,104385,114325,125278,136146,150319,155973,166709,178103,188337,195484,207735
1042,10433,21338,31319,38506,51697,60249,75324,84455,93900,103056,112728,123854,134581,148688,154069,165683,176580,183785,194087,206539
1043,10419,21323,31337,44209,51811,60380,67484,84816,94193,103189,113092,124021,135071,148881,154357,166143,176744,184781,194277,205399
1044,10712,21898,32162,39753,53484,61984,69301,87910,96805,106060,115900,126929,138278,152315,158175,168589,181018,189072,199086,208361
1045,10423,19205,31988,39851,53104,62379,78453,88255,97508,106672,116456,127349,138872,152931,158039,168905,181157,189353,199707,208139
1046,10668,22249,31979,39842,52673,61793,69281,86559,96044,104914,114647,125664,137112,151097,155997,166915,179481,188301,197823,209639
1047,10628,22224,31871,39815,52512,61978,69266,86498,95851,104743,114628,125896,137093,151140,155996,166663,179350,187982,197758,209617
1048,10583,19782,32676,41283,54192,64878,73292,90280,100151,111099,121718,132959,144699,160803,165668,178972,194671,201218,212872,220630
1049,10338,19827,28986,41327,53603,65127,73447,81587,90505,111385,122216,133232,145231,161384,165655,163997,176970,183848,197892,220645
1050,10649,23074,29389,41569,53525,65659,72909,90934,90934,110805,121960,133772,146035,161081,165519,164165,175349,182673,193198,216780
1051,10391,20132,29712,41498,52997,65438,72530,80751,90563,110514,121592,133601,145922,160917,162966,165177,175132,182309,194115,214804
1052,10728,20795,31319,43005,55200,67255,74947,83342,93674,114251,125410,137256,149305,164166,166035,167391,178306,186503,198695,216228
1053,10424,20842,31305,43209,55240,67554,75060,94156,104061,114480,125811,137983,149524,164882,166168,167933,179022,187300,199076,216474
1054,10368,20659,30929,42363,54088,66129,73712,91975,101696,112131,122532,134673,146261,161447,162327,164299,175445,184329,195141,212992
1055,10394,20701,31197,42554,54184,66571,74001,92286,92286,112591,123154,135086,147046,162085,162712,164897,176113,185294,196298,212686
1056,10461,20765,31206,42752,54611,66877,74030,92622,102886,112769,123824,135498,147455,162073,162191,165671,175992,184397,194235,210814
1057,10473,20844,31222,42873,54610,66797,74303,92829,103067,113277,123859,136211,147765,162676,162676,166198,176283,188005,195405,211390
1058,10351,20341,30468,41650,52938,64761,72139,89861,99260,109201,119645,131247,142789,157422,157422,160076,171118,180651,190792,204968
1059,10376,20353,30531,41692,53099,65014,72073,80332,99287,109279,119779,131618,143332,157816,157816,162174,171486,181509,191795,206248
1060,10318,20349,30849,41747,53176,65348,72510,80755,100667,110145,120759,132481,143520,158342,158342,162128,171971,188888,192301,206375
1061,10446,20372,31225,41684,53080,65128,72175,80873,90505,110096,120612,132215,143699,157858,157858,162089,171960,196150,193133,206457
1062,10085,19778,30165,40070,50957,62454,69569,77008,86549,105028,115153,126545,137593,152149,152149,156592,165948,188054,185686,200131
1063,10431,22427,30581,40260,51158,62666,69530,86838,96017,105359,115324,127015,137881,152253,152253,157640,166626,188227,201318,200765
1064,10180,22065,30262,39267,50048,61303,68292,85309,94470,103601,113859,124517,135891,149221,149221,155092,163574,184071,196801,197083
1065,10500,22212,34138,39565,50377,61452,68392,85703,94887,104066,114241,125259,136352,149890,149890,168239,178075,186177,197274,199064
1066,10437,19368,29508,39608,50666,61837,68842,85767,94737,104397,114465,125657,136581,150806,150854,169096,179626,187189,198914,202355
1067,10466,22010,33751,39321,50358,61656,68427,85451,94481,104047,114110,125133,136234,150330,150775,168519,178473,186540,198792,201472
1068,10375,19050,32528,38948,49298,60309,67080,83689,92493,101131,111243,122059,133210,146759,147798,165894,174539,185262,195180,200142
1069,10403,21928,32279,38946,49411,60523,74941,83864,92804,101552,111516,122408,133488,147273,148515,166355,175853,185817,195847,216655
1070,10185,18730,31247,43422,48720,59801,73967,82719,91542,100390,110373,120894,132282,146312,147747,164952,175095,186643,194491,215715
1071,10452,21444,31191,43490,48725,59775,73709,82546,91491,100278,110109,120996,131926,145913,148268,164464,175103,186455,194456,213465
1072,10388,21316,31237,38255,49128,59941,75080,83370,92396,102192,111847,122476,133511,148330,151091,168565,179476,189925,199585,220163
1073,10500,21372,31174,43567,50187,60113,75214,83677,92692,102296,112067,122883,133885,148374,152328,169011,179339,190582,199862,219820
1074,10287,21281,31013,38272,49848,59821,74355,83151,92017,101720,111892,123674,135051,148780,152910,168360,177453,188072,200211,214760
1075,10347,18495,31219,43246,50996,60250,74874,83632,92604,102337,112404,123855,135508,149320,153870,169005,177912,188393,198632,215220
1076,10259,20861,30680,42314,50204,58755,72779,81539,90019,98858,109087,120100,131245,144804,149925,164309,173032,182416,194814,210013
1077,10398,21005,30786,42529,56273,58990,73011,81757,90437,99412,109458,120605,131919,145705,150749,165382,174562,185473,193809,209795
1078,10309,21058,31218,42830,55295,59690,73638,82310,91222,100646,110883,122334,133509,147559,154926,168492,176287,189248,198700,210504
1079,10547,21127,31348,42961,54620,59750,73992,82616,91577,101187,111280,122507,134161,147883,155161,168889,176493,188910,198796,210461
1080,10403,20971,31197,43073,53847,59820,73916,82800,91549,100819,110858,122157,133687,146958,154482,168196,177497,188313,200499,210319
1081,10465,21058,31240,43028,53736,59633,73804,82661,91418,100496,110662,122014,133264,146989,154983,167863,177243,187912,197027,210129
1082,10369,21150,31371,43140,48667,59575,73803,82630,91288,100310,110218,121127,132014,145421,153549,166268,175383,187247,196825,208503
1083,10330,21073,31347,43304,49173,59945,74061,82762,91496,100537,110415,121156,132315,145680,153901,166720,176004,187898,196789,209189
1084,10388,21315,31541,43744,50008,60156,74847,83706,92659,101519,111790,122613,133700,147465,157284,169808,179294,189348,202630,211141
1085,10405,21395,31514,38406,50913,60561,75096,83992,93110,102196,112118,123411,134241,148189,157565,168957,179735,189677,200769,212283
1086,10612,18681,31584,43570,51174,60315,75155,83775,92687,101516,111827,122639,134094,148402,157635,169469,180411,188020,200089,213871
1087,11417,21280,31457,38297,51396,60287,74725,83373,92558,101403,111541,122855,134055,147999,157641,168736,178880,187615,199002,213038
1088,9627,21519,31767,44100,51822,60490,75342,84486,93243,102049,111621,122443,133545,147223,156898,168283,177618,187672,199572,210385
1089,10221,21575,31687,38965,52086,60551,75438,84488,93462,102343,112046,122812,133988,147435,157230,168473,178033,188539,199022,210854
1090,10513,22120,32258,39798,53236,61831,69188,86474,95538,104893,114931,126169,137687,151819,161542,174304,183398,193806,206832,217500
1091,10571,19182,31935,39785,52964,61864,69329,77234,95584,104747,114480,125812,137167,151627,161441,173662,182219,192442,203766,199184
1092,10465,22330,32115,40029,52915,62208,69720,77779,95975,104877,114969,125973,137191,151991,161490,172944,181271,193237,202500,199141
1093,10610,19509,32233,40180,52858,69730,69730,78054,95991,105028,115373,126305,137911,152135,161059,170035,181321,192267,202503,200140
1094,10664,22997,33103,41553,54341,64712,72357,80599,99534,109025,119423,131000,142860,158224,161336,173515,187821,197871,209725,209486
1095,10618,20191,29658,41758,53920,64949,72789,80946,100039,109501,120067,131641,143379,143379,161498,160903,172779,197294,208392,209592
1096,10569,20557,30345,43178,55106,67577,75623,85116,94472,115392,126790,139452,151788,151788,169343,172029,184015,210213,222896,224423
1097,10407,20590,30244,43046,54362,67535,75359,84971,94018,114996,114996,139138,139138,150981,168006,170638,167311,190750,204936,207053
1098,10536,20981,30932,43733,55691,68257,76437,85402,106294,116259,116259,140264,140264,153025,168835,172359,170125,192199,203725,207184
1099,10449,21044,30943,43741,55871,68475,76757,85388,95857,106456,127978,140475,140475,153038,169050,170845,170845,191751,203417,207536
1100,10548,21262,31615,44436,56432,69129,77087,86197,96776,106830,117024,140584,140584,152882,169199,170886,173112,190630,200920,207975
1101,10395,18831,31630,44234,56442,69120,77043,85950,96490,106598,128152,140000,140000,152787,169002,170776,173189,190185,200430,207983
1102,10905,22463,32857,46670,59413,65697,80878,90425,101198,111981,122468,146292,146292,159210,175538,176098,179867,197655,207669,214723
1103,10627,19720,32882,46702,53702,65641,81163,90477,101184,112133,122648,134228,146655,159626,175718,175908,180064,179095,191170,213928
1104,10964,23443,34647,48896,56183,69043,76118,94977,106773,117867,128755,140440,152788,165964,182607,182607,186790,187096,197666,217336
1105,10762,20780,30765,44124,56403,69229,76360,85246,95342,117982,129183,140821,153375,153375,166490,183065,201048,187956,198517,205506
1106,10864,21470,31657,45304,58385,71135,78484,87558,98098,121296,132663,144609,157533,157533,170866,187537,187696,192168,204103,209973
1107,10689,18663,31587,45177,50460,64420,78128,87133,97749,109365,132069,132069,144260,156786,170153,186670,186670,191100,186787,208929
1108,10844,18983,31866,45912,59287,65730,79461,88689,99200,111816,134484,134484,146424,158940,171489,188639,188639,192070,189298,210703
1109,10825,24527,31991,46060,51298,65836,79543,88755,99510,112121,123236,134930,146506,158940,172288,189134,189134,191934,189952,211174
1110,11103,24794,32208,45782,51534,65159,78737,88238,98418,110785,121552,133119,144153,157229,170621,187339,187339,189133,190580,209624
1111,11119,24836,32085,45699,51624,64980,78658,88036,98134,110831,121327,132599,144013,157235,170453,187016,187016,188305,190789,209296
1112,10888,24490,31588,44768,50655,63509,77198,86519,96925,108527,119159,129952,140819,153262,165890,182748,182748,184266,189001,200930
1113,10931,24501,31730,44830,57481,63742,77376,86767,97236,108596,119490,130241,141362,153587,166440,183064,198293,184937,191049,205386
1114,10612,23375,30146,42806,48111,60401,73324,82031,91223,102724,112583,123032,133665,145599,158310,174141,174141,175943,183490,196275
1115,10669,20646,30298,48378,54863,66699,73426,91399,103020,113077,123639,134164,146291,158907,174878,174878,174878,178880,198966,213634
1116,10582,20689,30631,48830,54905,66625,73735,93368,103908,113874,123613,133750,145508,157807,172995,172995,172995,178763,197660,209276
1117,10582,20718,30671,43118,55025,66559,73713,93396,103870,114145,123892,133812,145688,157974,173443,173443,173443,182248,197822,209549
1118,10433,20106,29552,41610,52683,64178,70980,88354,98659,108079,117935,127628,139267,151332,166769,166769,166769,176019,190142,202577
1119,10424,20151,33146,47089,52856,64243,71224,88560,98946,108430,118042,127945,139711,151805,166942,166942,166942,190040,205484,203611
1120,10222,19978,33043,47023,53454,65546,73624,90571,101283,113372,123555,134350,146132,159996,178836,178836,178836,204947,220607,219740
1121,10182,19961,32972,46881,53365,65413,73432,90373,101228,113144,123390,134177,146012,159470,178250,178250,178250,183726,202379,202379
1122,10226,19578,32424,45550,52187,63648,70180,87188,98501,108379,118776,129165,140807,152862,168265,168265,168265,174470,188142,189493
1123,10146,19670,32481,45533,52304,63873,70238,78452,98712,108441,118810,129496,141239,153392,168524,168524,168524,191089,205672,205784
1124,10116,19670,32818,45813,52728,64146,70600,78845,100094,109935,119788,129838,140971,152754,167385,167385,167385,189507,201901,203628
1125,10143,19847,32978,46055,52962,64443,70983,89107,100334,110310,120169,130373,141551,153239,168117,168117,168117,190239,202252,205046
1126,10250,19880,32953,46408,52985,64816,71520,88800,100388,110260,120876,131215,143008,155042,170488,170488,170488,191921,206145,210189
1127,10272,19925,32938,46398,53006,64905,71454,88921,100309,110246,120778,131470,142924,155300,170520,170520,170520,191937,205085,210020
1128,10404,20287,33665,47421,54385,66496,72962,91719,103257,113918,124273,134851,146263,158591,173886,173886,173886,195901,204687,212778
1129,10348,20320,33692,47489,54442,66603,73272,81909,103516,114024,124537,135231,135231,158981,174410,174410,174410,195649,205061,212764
1130,10305,19933,33239,46783,53640,65587,72188,80945,102565,112445,123576,134224,134224,157719,173299,173299,173299,193331,204756,212774
1131,10320,19904,33246,46590,53579,65641,72205,89837,102344,112227,123273,133974,133974,145691,173100,173100,173213,192736,204659,212383
1132,10176,19780,33306,47118,54511,66270,73061,92142,104157,104157,126099,136832,136832,148353,176500,176500,176663,195805,191381,215228
1133,10198,19764,33321,47184,54512,66464,73328,82065,104618,104618,126281,137121,137121,148855,177008,177008,177139,177380,192322,213593
1134,9980,19206,31737,44881,51485,63044,69486,77303,97832,97832,118402,128903,128903,140865,168056,168056,168296,169823,182792,205241
1135,10084,19276,28179,45091,51763,63084,77939,77939,98383,108036,118835,129440,141276,141276,168866,168866,169358,190183,203103,205619
1136,10061,19169,28000,45135,51812,63275,78095,78095,99050,109458,119732,130081,141627,141627,168484,168484,169651,190019,198383,204913
1137,10056,21680,27969,45091,51747,63215,69703,77694,98834,98834,119297,130142,141200,153221,168396,168396,170225,189563,197858,204586
1138,9851,18781,27378,43882,50653,62101,68586,76776,97822,97822,118914,129268,140777,152858,167560,167560,170518,188409,198218,205429
1139,9936,21135,27355,39179,50711,62149,76927,76927,98135,107977,118913,129204,141371,153069,168004,168004,171270,188423,198391,205941
1140,9685,20629,26746,38151,49097,60532,66598,74493,94705,104637,114743,124974,136562,147827,162524,162524,165656,182316,192038,199366
1141,9974,20520,30392,38132,54525,60264,74463,83674,94490,104524,114720,124787,136219,147480,162222,162222,183470,183213,192135,199283
1142,9880,19859,29237,37161,53504,59229,73215,81688,81688,102257,112731,122683,134208,145476,160025,160025,180413,180413,192811,198169
1143,10189,22924,29382,37215,47935,59397,73247,81995,93126,102377,112881,123063,134358,145686,160364,160364,180986,180986,195063,214510
1144,10090,19144,28044,35888,51092,57002,71207,79030,89802,99809,108959,118693,130527,143649,160449,160449,183579,183579,196012,216072
1145,10363,22066,28195,40239,51426,57343,71571,79397,90194,100073,109481,119119,130953,144027,161076,161076,183344,184312,197061,215415
1146,10104,21949,27860,39966,52332,58025,71132,79525,90958,101909,112562,123614,134615,145963,159511,159511,177472,180190,192407,209253
1147,10204,22025,33035,40176,46724,58107,71482,80405,91526,102550,113180,124310,135162,146355,160104,160104,178248,180886,189627,210187
1148,10345,18334,31376,38781,44787,55985,69067,77436,86961,97945,107805,118628,129729,140825,154658,154658,172363,175010,187266,204411
1149,11311,21231,31307,38779,50514,62097,69228,77314,87129,98163,107785,119115,130198,140992,155170,155170,172981,191167,203203,204316
1150,9616,21325,31313,38900,50724,61768,68970,77631,88758,99306,109029,119985,130275,141057,154807,154807,173806,190103,201907,203734
1151,10118,21355,31378,38795,50603,61617,68901,77593,88506,98807,108968,119609,130022,140882,154498,154498,174607,190109,201232,203881
1152,10082,20207,29751,36648,47739,58314,65218,73511,82341,92777,101993,112210,122163,132769,146264,146264,166142,180610,191737,194796
1153,11291,20266,30179,42568,47622,58652,73520,82597,93037,93037,102230,112556,122556,133373,146739,146739,166351,180828,192967,212216
1154,9414,19326,28695,34698,45115,55213,69591,78937,88018,88018,97139,106690,116311,126195,138984,138984,158237,173226,183092,201660
1155,10193,21811,32883,40374,50096,62125,70033,79381,88530,97660,107229,116734,126667,139522,139522,151532,173076,189715,185178,202514
1156,10927,20722,31038,38517,48081,59470,66917,76080,84534,93861,102801,112637,122454,134669,134669,146397,168110,184132,179272,197009
1157,10650,20790,31033,38488,48197,59416,66742,76114,84670,103331,103331,112804,122371,134811,134811,146665,182822,184177,197065,197508
1158,10238,19932,29832,36832,45813,56409,63708,72220,80550,97681,97681,106960,116233,128072,128072,139212,172830,176008,188236,205363
1159,10239,22325,33043,41350,50735,56470,72525,80797,89520,98252,107312,116675,128729,128729,139672,152326,174538,189920,189202,208957
1160,10512,22190,32260,40909,50360,56160,72054,80061,88649,97514,106784,115588,127398,127398,138617,150897,172639,188552,188552,207067
1161,10303,22155,32010,40859,50154,63276,71959,79971,88610,97208,106604,115302,127010,127010,138389,150702,173260,187936,191684,207021
1162,10478,19550,31907,40765,50164,63315,72378,80699,88987,97414,106647,116278,127719,138978,138978,151653,176449,189195,194574,206601
1163,11313,22152,31812,40892,50245,63603,72546,80768,89338,97782,106952,116559,128054,128054,139502,151969,176814,189399,195991,208460
1164,9652,18999,30659,39266,48208,53707,68626,76463,84487,92742,101828,110598,122167,132744,132744,144889,170121,181777,194165,200930
1165,10158,21595,30680,39416,48423,60950,69034,85150,85150,102180,111059,111059,122551,122551,133481,159448,181810,184337,203819,203504
1166,10274,21197,30587,38798,47406,59793,67917,83182,83182,100006,108653,119796,119796,119796,142305,156541,178433,182796,199746,204739
1167,11045,21061,30919,38652,52771,59451,75139,82797,82797,99513,108077,119491,119491,119491,141567,156864,177725,185333,198685,214844
1168,9729,20976,30953,38453,53815,60046,75688,83431,91642,100306,109524,121951,121951,121951,148044,163948,183525,203443,204624,219157
1169,10213,20927,30868,38613,54078,60281,75853,83970,92112,100734,110035,122433,122433,122433,148571,164373,184842,185445,203249,218371
1170,11095,20203,29645,37407,45812,56972,72228,80107,88514,97902,106361,117105,117105,117105,138680,155856,172255,180911,189696,207205
1171,9775,20026,33009,41303,50795,64147,72045,79839,88274,97304,106226,116630,116630,126642,138310,155628,172377,189526,195791,207496
1172,10087,19847,32318,40455,49948,62735,70705,78300,87243,96051,104651,114816,114816,125305,136255,153673,171660,187208,194075,203321
1173,11145,22508,32126,40589,50183,62911,71016,78695,87585,96197,104727,115135,115135,125411,136776,168274,174540,187314,205667,204052
1174,10563,22434,32158,40827,56394,63702,71873,80285,88821,97697,106209,116793,116793,126634,138190,169626,174643,190903,203759,207952
1175,10611,20051,32113,41001,56538,56538,72337,80823,89660,98487,107014,117655,117655,127494,151283,170404,176211,189736,203193,208910
1176,10362,19438,30907,39253,48512,61351,68999,76244,84770,93315,101783,112020,112020,122185,145055,164131,171975,183066,186297,204005
1177,10418,22068,31068,39562,54544,61663,69450,76582,93979,102318,112619,122715,112619,122715,146102,164788,179145,184030,200485,204932
1178,10427,19219,30745,38920,53228,60114,67543,75462,91721,99774,109787,109787,109787,130132,141541,160135,179142,181657,198679,202778
1179,9702,21737,30822,39002,53219,60253,67895,83771,92028,99938,110386,119641,110386,130730,141848,161625,179159,188702,196674,214067
1180,10074,21648,30827,43443,53803,61016,68890,84421,92798,101048,111109,111109,111109,131752,143421,163725,180826,189406,199461,212930
1181,11060,19167,30707,43228,53790,60931,68615,84222,92572,100767,110798,120692,110798,131460,143066,164268,177830,186993,198867,212290
1182,10735,21159,29821,37538,51589,58147,65271,80126,87996,95874,105692,105692,105692,125552,136707,160586,172175,182860,192279,204993
1183,9845,21166,30024,41695,51997,58355,72664,80411,88378,96629,106067,106067,115631,126073,151156,164250,187014,194155,194558,206060
1184,10851,21269,29854,41533,51164,57610,71663,79507,87449,95332,105019,105019,113980,124634,148746,166109,181566,189335,194405,204770
1185,9884,21380,30437,41841,51757,58120,72090,80250,88316,95807,105602,105602,114759,125402,149414,171376,181966,189621,196016,218761
1186,10927,21575,31085,42535,52763,59581,75163,82768,90817,109127,109127,109127,128545,128545,153673,172450,185701,191833,200655,223950
1187,9921,19282,31184,42584,52558,59514,74844,82577,90868,109057,109057,109057,128362,128362,153268,161754,169610,191869,199737,222007
1188,10962,21569,31145,41630,52128,59644,73089,80290,87718,95238,105432,105432,125622,125622,149455,159897,166430,185792,193739,216073
1189,10061,19219,31308,41834,52515,60099,73416,80676,88186,105830,105830,105830,125991,125991,149916,171082,183203,186403,195473,216508
1190,10291,22083,31797,42900,54084,60629,74281,81824,89638,110140,110140,110140,132954,132954,159145,179225,191407,195000,212885,225734
1191,10470,21974,31566,38484,53980,60341,74040,81473,89576,97906,109895,109895,120360,132439,144209,164124,175013,179396,198574,205893
1192,10602,19538,30559,41344,51032,57124,69690,76931,84706,92263,101933,101933,111357,121515,132234,155243,163126,170497,188477,193058
1193,10453,21769,30984,41561,51353,57323,70180,85351,92650,102397,102397,111709,122141,132824,146221,168525,179641,189753,192021,212822
1194,10373,19423,30753,40840,50597,56469,68616,82926,90276,100180,100180,108690,119012,129729,142866,163166,174941,185954,199509,208853
1195,10422,21728,31024,41240,50903,62829,76196,83528,91094,100802,100802,109546,119852,130396,143703,166765,176796,196397,199542,210507
1196,14493,19012,20247,25483,31915,38317,42212,46874,52358,57544,63814,70670,70670,77544,84147,84183,92390,92827,102079,102080
1197,13264,27441,36510,49119,59229,70322,77378,89793,97577,107654,115481,125566,134491,137059,149586,161100,175002,178771,196127,210221
1198,11065,25754,35693,52209,63546,73468,80235,92756,101416,104576,120687,129732,141037,151340,165083,180327,184004,195661,199854,215587
1199,9570,23515,33140,46956,57094,68559,75974,87118,95754,102458,116340,125295,135467,144624,154065,158102,176753,179599,196927,205261
1200,10226,22736,35211,45348,56327,67122,75012,86692,95647,113858,121402,130867,141371,145261,155111,161099,185519,189188,203851,206695
1201,10792,22168,34477,44912,56568,68093,76059,87788,96681,106469,117246,129745,140792,145748,156241,173020,181969,188650,201933,207751
1202,9960,21861,30862,44010,55394,67619,75783,87299,96874,108921,117549,127185,139965,146070,157065,170643,182503,188791,202140,208927
1203,11012,22240,32267,46646,58661,72396,81533,97742,109892,121425,132568,146660,161303,165410,180096,180679,213089,217177,234674,238038
1204,9952,21751,31868,42010,52676,65359,81171,89207,98376,110091,120974,121765,133209,149605,163002,166151,176078,181154,196880,217569
1205,10413,21818,31654,41335,52300,64488,72545,86754,96031,107435,107924,118512,129024,145738,146708,160527,167080,173957,186090,190538
1206,10906,21651,31520,41015,52091,63951,72114,86080,95590,106506,108205,119808,129714,145803,157873,161232,166670,191314,185792,207159
1207,9715,20434,29705,43032,48327,59635,67542,79741,88509,98174,101417,114849,126722,138362,148568,159472,160030,181367,182046,198722
1208,10749,22828,32993,43371,48680,65778,73719,88487,98710,99113,112130,128849,137154,148571,150570,170757,177597,185103,199653,214922
1209,11044,22134,31790,42142,53147,64306,72355,86669,96995,97750,112304,123202,134095,145547,151628,164525,173899,184766,196344,207232
1210,9989,19836,31685,42202,53033,64150,72218,86402,96693,97805,112940,123630,134199,145388,159901,163887,174661,186225,207045,207252
1211,10019,18896,29694,39493,49391,59714,66953,79770,89076,93598,108931,115961,122836,135673,150643,159558,166279,177482,191784,195521
1212,10145,21196,32958,44368,49684,65996,80705,89390,89554,102201,116207,124020,137284,146900,162027,169012,179685,188114,194093,215236
1213,10579,21564,33597,46145,52391,68637,83857,93819,93981,106682,119998,129106,138519,151331,165146,170158,182310,188420,199987,218105
1214,11162,21734,30482,41448,52667,69280,76991,84619,94617,106871,119157,128897,139105,141403,151854,169901,182310,188288,201086,201224
1215,10291,23032,32687,44062,55955,67179,81409,90182,100526,112847,125058,134962,146837,150266,161460,166930,192343,198131,211705,213985
1216,10481,20584,32462,44138,49813,67377,73956,90582,100734,103027,113563,125950,135129,149596,150797,166664,177091,184533,196093,212795
1217,10724,21510,33613,46029,57743,69626,76622,93323,104108,106446,116479,130222,139465,154385,156440,171193,182142,192384,201549,219060
1218,9864,21614,30279,41357,51664,64078,76996,85201,93871,106841,116304,129987,139332,142869,157065,170794,166710,191279,189633,219925
1219,10330,21353,29937,40717,51097,62950,75941,83551,92278,104611,114122,116563,137412,141097,154459,167417,180862,185675,189444,216522
1220,10304,21297,30008,40603,50977,62744,75628,83322,102164,104164,113770,118157,136674,142414,155176,166299,180472,186040,192878,215355
1221,10275,21094,30108,40313,50745,62573,75624,84098,102816,105161,115303,123489,136940,142919,153753,165317,163540,185565,197366,215731
1222,10316,21148,30530,40497,51270,63018,76037,84179,103212,104533,114847,130646,137350,143732,156699,166141,182822,188150,197680,216731
1223,10372,21267,30691,40786,57802,63911,77490,85877,105081,106128,120712,131879,138943,146210,157498,168016,185700,189985,198407,220823
1224,11210,21377,30950,41256,51896,64359,70576,86362,95000,106413,120054,122934,139686,146535,157577,168758,167927,190484,196654,202255
1225,10539,21376,31139,41392,52490,64895,71270,87285,96064,107897,118295,120607,141044,145914,158171,159286,171351,190149,198290,204303
1226,10442,21421,31209,41513,52428,65006,71556,87449,96170,107865,118048,122735,140919,145917,157466,162349,171085,174616,198284,204709
1227,10453,21546,31924,42594,53866,67092,73998,91142,100416,112442,123475,128474,149385,154072,167629,170906,185548,189853,209350,220647
1228,10487,21634,31679,42740,54025,67553,74156,91451,101092,112923,112923,127674,136957,153122,153312,170114,170114,189037,190268,201880
1229,9730,21932,32045,43383,55310,61876,75263,83162,102087,114714,114714,128964,137727,144032,154147,168891,171930,189852,193413,199514
1230,10120,21896,31856,43406,55044,61756,75084,83026,101752,114435,114417,117596,137244,143865,153961,168016,172387,189150,197232,199164
1231,10895,21932,31876,43370,55067,61849,75001,82886,102217,113937,113937,121651,137006,144148,153725,168088,175768,183922,194064,199174
1232,9889,21868,31774,43484,55320,62031,75334,83085,102447,114387,114387,120999,137336,144682,154060,168107,174872,190455,197042,199724
1233,11224,22706,32806,45354,57972,64865,78724,86914,107275,119931,120412,127653,144055,149743,161455,174639,182029,191588,202374,208810
1234,10734,20200,32687,41113,51584,65463,79270,87591,97544,107590,120733,126670,132332,148939,161510,161857,180511,191024,201536,210264
1235,9853,20398,29035,41314,51744,65458,79107,87380,96962,107753,119504,124754,131398,147618,159651,160612,180374,179685,198058,207140
1236,10285,20399,29306,41385,51695,65262,71958,87035,96769,107563,119453,124995,131077,147224,158805,161648,176269,181474,198403,206636
1237,11326,21154,34790,42990,53881,68154,82244,90830,101275,111807,125234,129070,136808,153977,164772,168250,183053,188391,201116,215582
1238,9853,21176,30379,43167,54114,68313,82602,91331,101780,112231,125692,128856,137289,140070,154610,169254,170209,188394,200331,196088
1239,10442,21645,31045,43467,54417,68257,82304,90960,101209,112050,124268,127220,136203,141899,152966,167313,169923,186914,201219,199161
1240,10526,21653,30898,43333,54349,68101,82231,90695,100819,111828,124117,127561,136031,140351,153075,166896,175848,187717,198699,198699
1241,10619,22028,31741,44428,56221,69647,85243,95013,105148,115133,127499,128987,138030,144904,155277,168307,179526,189869,201644,202468
1242,10404,19859,31762,44587,56368,69934,77251,85559,95179,115648,127713,141006,138670,144982,155657,168055,176228,188804,201415,205286
1243,10415,19487,31712,44532,55605,69048,76252,85075,93537,113703,125504,136850,135702,142273,152426,166036,176017,184384,197323,203750
1244,10480,19675,31998,44790,56117,69448,76648,85303,93900,114344,125817,126122,136625,143132,153276,166741,176248,186945,198178,206565
1245,10529,19856,32583,46135,57215,71048,79182,97324,97324,117286,128647,139615,139515,145644,157412,168954,176630,189299,202173,209145
1246,10280,22639,32464,46164,57126,70928,79259,88109,97245,117057,128647,139416,139345,145771,156411,168858,176825,188115,202895,208434
1247,10619,20175,32738,46859,57700,72435,80499,89885,99286,119504,131476,142790,142790,149285,160207,172459,180298,193306,205762,212181
1248,10449,20135,32642,46907,57829,64586,72819,90128,99592,110212,132051,132051,132051,149181,160388,161240,181043,192495,191701,210943
1249,10428,20140,32245,46142,57201,63609,71689,88070,96897,106985,128881,128881,128881,145901,157100,158764,174116,172655,188793,208207
1250,10484,20095,32144,46012,57033,63591,71680,87920,96883,106926,128469,128469,128469,146098,156731,159586,175426,182114,190693,207418
1251,10427,20499,32916,46856,58682,65540,73608,90022,99200,110082,135048,135048,135386,153545,165862,168775,186349,204462,202850,220656
1252,10555,20546,33082,46904,52221,65851,73675,90237,99439,110360,121337,135271,135503,152859,165556,168711,184551,184796,202402,219185
1253,10751,21325,34735,49490,55170,68623,76566,94825,104827,116186,127152,140011,140011,156464,156034,171744,184987,189800,204368,204485
1254,10428,21461,35014,43977,55618,69001,77020,85707,105363,116891,128023,140217,140217,143323,156377,171327,184810,188825,203829,205338
1255,10679,21802,31146,44390,55814,69386,77324,85623,105076,116775,127866,141208,141208,145017,156290,173444,186643,190101,205404,208951
1256,9592,21842,31340,44515,55931,69550,77644,85929,105321,117014,128168,141645,141645,144986,156790,173077,173077,190051,204036,206934
1257,10419,19503,31484,44824,56717,69862,77789,86636,106688,117986,129006,141839,141839,147098,156057,172330,172330,188237,202462,208732
1258,11316,22059,31680,44942,56796,70109,78060,86991,96618,118405,129398,142264,142264,146933,157163,172318,173585,189839,202468,208885
1259,9542,19523,31699,45238,56825,70747,78454,86959,97058,118779,129829,143165,143165,146557,159248,173377,175467,191779,205505,209218
1260,10359,21990,31637,45068,56710,70605,78390,86832,96764,106478,129884,142923,142923,147699,158914,159559,175282,190287,205268,209189
1261,11056,19229,31454,45139,56467,70400,78540,87053,96543,106969,129482,142675,142675,145992,159301,160678,174897,190059,204426,209577
1262,10557,21744,31604,45275,56834,70634,78970,87453,96961,107306,129986,143106,143106,146072,159316,161221,175496,190348,205107,208518
1263,10568,22353,32427,46418,58365,72524,80690,89321,99456,109409,133402,146877,146877,149567,161881,165461,180196,194543,208540,215446
1264,10382,22503,32657,46709,52460,65453,72734,89707,99873,109920,133731,133731,147540,150219,161622,165957,180202,194237,190146,214138
1265,10757,20634,34294,49452,55107,67970,75695,95205,104988,115634,138330,138330,151948,153660,166346,170841,185219,199200,196617,219128
1266,9563,20595,29767,43106,55013,67602,75403,94604,94604,115148,126592,137819,151439,152521,152521,170757,184629,183954,197306,201754
1267,10599,21037,35040,50183,55681,68674,76158,95158,95158,115970,127488,138669,152636,153895,153895,172168,186327,185980,199272,202851
1268,10546,21070,30645,44182,55828,68855,76400,95393,95393,116044,127769,138854,153181,154040,154136,171757,186358,186341,199920,204215
1269,10401,21925,31807,46595,57453,70522,80045,100009,100009,119544,130290,141823,155572,156263,156864,174443,188403,189698,201484,207166
1270,10459,21943,31887,46374,51868,70515,79877,90372,99790,109451,130289,141404,155359,155648,156158,173729,173130,189504,200942,206867
1271,10344,21753,31311,45696,50987,69819,78350,87993,97902,107095,128076,139523,153449,153508,155381,170848,171603,187065,198356,205732
1272,10338,24401,31370,45814,51003,69689,78456,88107,98076,107453,128398,139848,153946,153946,155204,170529,172048,187389,198795,205555
1273,10831,25011,31965,46952,52502,72243,81903,91825,101335,110634,131980,143988,158414,158414,160248,175228,178261,192406,204200,212129
1274,10582,22162,32212,47247,52682,64377,72666,92242,101597,111044,132573,144380,144380,158975,160380,160873,178124,192706,204427,213714
1275,10217,22079,32030,46732,52273,64952,72950,91274,101212,111480,122657,135013,149395,166628,167549,168398,186221,202285,215612,222195
1276,10612,22242,32221,46917,52486,65156,73071,91440,101616,111813,123164,135802,150052,167049,167341,169377,184910,184743,198580,205494
1277,10519,22989,33834,48858,55175,67354,74806,95125,105813,116741,127869,139394,151384,166290,166614,167950,183241,184244,197135,204798
1278,10266,23096,33980,42423,55399,67579,75072,84115,106195,116674,128172,139623,151504,166846,166846,168744,181886,184149,197631,205250
1279,10644,23536,34401,42998,55735,68189,75635,84425,94634,116202,128078,140149,151939,166874,166874,168555,182198,185803,197692,206900
1280,10301,23500,29672,42872,55746,67942,75576,84292,94436,116021,127801,139446,151460,166524,166524,168036,181809,185909,197396,206422
1281,11056,24854,36409,45497,59473,71981,79558,88932,100983,123282,135090,147003,158689,174236,174236,175355,189095,193757,205137,214531
1282,10334,21500,31512,45609,52681,72041,79823,89339,101268,112796,123782,135539,159166,159166,174340,175369,174856,193511,205831,214686
1283,10681,25380,32327,45920,52712,72224,80355,89769,100007,112177,122775,134697,159385,159385,175121,175759,175759,192783,190054,214194
1284,10673,22054,32339,46076,53020,65940,80586,89886,100517,112502,123051,134897,159721,159721,175741,175957,176317,178743,191028,214137
1285,10784,22677,33236,47460,54640,68076,82980,92673,104741,116530,127686,139759,151791,163865,179630,179729,180170,183975,194366,218096
1286,10666,22708,33202,47501,54544,68165,74669,92317,104628,116249,127448,139500,151349,163709,163709,179131,179807,183494,194278,216585
1287,10678,22720,33216,47162,54106,67142,74030,91109,101923,114257,124726,137002,148981,161190,161190,176573,177300,182629,192024,213834
1288,10629,22810,33158,47350,54223,67147,74168,91093,102185,114274,124807,136850,149257,161654,161654,176989,177714,183404,192933,214055
1289,10838,23411,34054,48384,55624,68841,75782,93321,105567,117247,128298,140276,152593,164754,164754,180271,180680,186501,196542,217376
1290,10666,23400,30345,48287,55642,68657,75567,93157,105473,117097,128207,140072,152267,164434,164434,180051,180432,187148,196470,216652
1291,10759,23235,30301,47737,54456,67145,73991,91174,102100,114047,124695,136591,148698,161340,161340,176648,176927,183752,193087,210444
1292,10718,23299,30347,47793,54589,67348,74221,91499,102213,114370,125014,136644,148776,161511,161511,176867,177191,183912,193618,211740
1293,10637,23187,30203,47978,55202,67761,74576,91763,104113,115321,126254,137984,149441,161019,161019,176417,176680,183724,192120,211728
1294,10771,23411,30377,48158,55571,68154,74738,92242,104523,115909,126847,138305,149935,161895,161895,176901,177189,184646,193008,209916
1295,10310,22270,29005,45269,51992,63948,70301,86913,97187,108542,118637,129611,141152,152574,152574,167846,168006,176036,185666,198578
1296,10328,22354,32255,45332,52020,70287,78123,87137,97241,108483,129661,129661,152820,152820,167699,181606,168265,189421,201839,200681
1297,9938,21363,30848,43920,50462,68230,75539,84532,95411,105898,126863,126863,148490,148490,162810,162810,163591,185018,194548,194548
1298,9982,24773,30899,43960,50561,68381,75837,84518,95728,116053,126942,126942,149190,163334,163334,163334,164929,184746,195330,197428
1299,9323,19537,28294,40299,45605,63087,69935,78007,87214,105218,116811,116811,140361,155056,155056,155056,158245,177116,190307,190830
1300,9613,19500,31834,40304,51085,69928,77720,86911,95902,105112,116416,128462,140330,154932,154932,154932,173639,191838,190450,208659
1301,9491,18868,31065,38490,49822,66707,66707,84723,94766,103916,114000,124244,133983,146656,146656,146656,163497,179344,177545,192693
1302,10200,18914,27106,38588,55022,60820,74785,84715,94810,104285,114429,134459,147194,147194,147194,158966,177995,181329,194391,210314
1303,10287,17453,25103,40691,51000,56206,69392,78024,87624,96477,106004,116105,137854,137854,137854,149146,167338,175229,184146,199017
1304,10275,20074,28713,35972,51284,62591,69898,78136,88070,106359,116747,126309,138364,138364,149803,162605,168762,191356,200491,200491
1305,10166,18845,27128,38815,48623,53183,66406,75407,84105,101800,111498,120730,132261,132261,143495,156683,163991,185476,191856,207477
1306,10171,21236,30381,38798,48254,58880,65980,74920,92715,101542,111037,120493,131864,131864,143214,155806,179098,186676,192976,208362
1307,9851,19369,27388,34469,42890,52671,58604,66246,81254,89147,97805,106373,117223,117223,127397,139181,162489,182936,180819,192476
1308,10584,19353,30409,38940,47538,58684,66656,73763,89334,98305,106678,117723,117723,128188,139567,151985,177836,195210,198071,210402
1309,10584,18729,29362,37851,45867,57121,64611,79713,87801,96247,104418,114905,114905,124610,136396,147905,173964,184484,196136,203394
1310,10597,20828,29438,37648,50982,57034,72023,79508,87762,96152,104375,114701,114701,124473,147357,162522,175586,185579,206368,204530
1311,10382,20035,28125,35822,48494,54112,67748,75001,82184,90380,98625,108869,108869,118518,141011,155840,180184,182562,195489,203249
1312,10419,19912,28168,39710,48682,61235,67876,82554,90777,98707,109246,109246,118813,129765,141171,156228,179204,186537,196383,213751
1313,10086,19325,27148,38302,47097,59458,65872,79989,87502,95679,105180,105180,114606,125403,136193,152111,173629,190437,192427,206533
1314,10633,19617,31068,38710,53054,59938,73020,80314,88330,96157,106026,106026,115306,126113,151025,153661,187845,190572,206427,207181
1315,10136,19347,27209,38323,52477,58904,71980,79390,87171,95076,105128,105128,114700,125065,150140,153026,186407,187826,191762,207851
1316,10481,19338,30964,38335,52519,59119,71960,79635,87539,95520,105088,105088,114928,125421,150386,156028,184371,188266,196470,208073
1317,10593,19281,30468,37644,51573,57918,70530,77440,85303,93019,102976,102976,112161,122708,147368,154166,179536,185387,201074,207159
1318,10129,19336,30540,37683,51616,58112,70890,77858,93670,93670,103522,112750,123181,133962,147723,168042,180310,186143,200899,219167
1319,10540,19206,30481,37720,51624,57941,70407,77443,93163,93163,103027,112324,122951,133665,147619,168262,163379,187693,200342,218043
1320,10533,19268,30382,37494,51464,57558,70019,77278,92775,92775,102633,111994,122583,133373,147415,165636,180204,186607,199329,216040
1321,10188,19277,30436,37751,51794,57947,70753,77672,93439,93439,103550,112770,123479,134267,149180,169811,180821,188148,199987,217352
1322,10591,19271,30530,37698,52009,58226,70884,77921,93843,103725,103725,113180,123858,134840,149734,169086,181087,188799,200625,217751
1323,10475,19570,30899,37935,52338,58327,70861,78071,94836,105163,105163,114851,125564,136837,152659,171592,185485,190302,204090,220492
1324,10435,19662,31194,38312,52830,58773,71263,78402,95536,105953,105953,115423,126237,137581,153320,171857,168718,190248,190007,220759
1325,10262,19893,31463,38815,53353,59803,72773,80528,97505,107651,107651,117287,127897,138869,155040,157866,169147,189191,190515,222040
1326,10704,19854,31451,38924,48147,59674,73097,80683,97505,107702,107702,107702,128117,139064,155055,161044,172428,189613,194103,201874
1327,10339,19652,31010,38272,47373,58473,70924,78751,95220,95220,114700,105521,125350,136374,151963,162925,171505,187598,196757,198821
1328,10427,19736,31217,38447,47529,58642,71422,79153,95739,105673,105673,105673,125865,137037,152621,173404,185010,186910,206191,200854
1329,10487,20039,31840,39123,48428,59866,72961,80433,97056,107469,117046,107469,127848,139122,154804,173530,187528,189675,193642,203541
1330,9939,19988,31712,38957,48185,59600,72758,80317,97031,107382,116752,107382,127427,138472,154587,160416,186239,189866,196097,203264
1331,10783,19974,31334,38630,47420,58476,71096,78290,86581,94879,104753,104753,125023,136110,151903,160102,165882,186592,196436,199929
1332,9901,19990,31428,38833,47636,58703,71458,78622,95489,105123,114958,105123,125429,136752,152555,171937,183543,187032,197621,202009
1333,10685,19886,30812,38216,46802,57860,70189,77299,93405,103398,103398,103398,123331,134058,150487,168387,164472,184786,194760,198619
1334,10138,19946,31255,38393,52190,58280,70777,77960,94009,103967,103967,113209,124275,134933,151992,167223,182375,185775,205602,217362
1335,11083,20088,31613,38716,53203,59245,71818,78910,95648,105663,115086,115086,125932,137245,154749,170938,185693,188476,205059,221878
1336,10339,20141,31516,38579,53146,59010,71607,78853,95356,105423,105423,114786,125399,136539,153770,168788,168396,188397,191969,220275
1337,9767,20075,31278,38568,52674,58662,71018,78197,94345,104434,114012,114012,124716,135498,152882,167266,182853,187403,192462,219173
1338,11093,20133,31323,38798,52709,58872,71341,78460,86640,105094,105094,114574,125041,137353,153922,168072,167736,188335,195165,219953
1339,10601,20591,32227,39617,54273,60471,73502,81262,97690,108222,117650,117650,128951,141079,157580,171219,189089,191197,210425,223090
1340,9673,20611,28466,39731,48887,60236,73161,80952,97605,107813,117478,117478,128536,140971,158112,157711,170941,190355,194558,202495
1341,10290,20889,32939,40794,50229,62150,75919,83720,92402,100896,121277,121277,132362,145448,162615,163519,176057,194835,197052,208844
1342,11272,20967,32940,40900,50507,62546,69179,84008,92749,101444,121809,121809,121809,146218,148620,164225,176680,178121,198431,209345
1343,10781,21388,29573,41292,51104,62990,69789,84738,93393,102250,122621,122621,122621,147394,150809,165823,179624,181121,200427,194665
1344,9693,21346,29846,41562,51316,57098,70272,85418,94063,102693,123347,123347,123347,148055,151219,166279,179331,182798,200154,195019
1345,10620,22172,31321,43836,53990,60048,73954,81822,100067,108899,120066,120066,130025,153989,158673,174302,187189,189472,208087,204242
1346,11011,19840,31351,38970,54019,60019,66626,81820,90199,99819,120011,120011,120011,141951,158742,159311,172249,189468,189468,204310
1347,10088,20012,31463,39489,54309,60170,67459,81704,89721,99356,120693,120693,120693,145569,162318,165902,177627,195520,196095,211192
1348,10051,20052,31543,39565,48627,60463,67691,81789,90226,99739,121158,121158,121158,145582,162357,166460,178355,179695,196235,211282
1349,10713,20846,32839,41281,51130,63400,70187,84804,94252,104316,114275,126265,136974,149495,165084,169256,181102,184469,198173,213401
1350,11359,20928,32791,41129,50995,57240,70037,84725,84725,103881,114031,126193,126193,137649,152093,167550,180515,184659,198255,194536
1351,10211,21901,30804,43355,54132,60317,73758,89515,89515,110097,120624,132091,132091,144399,160000,175433,187972,193381,207556,205054
1352,10158,19337,30758,39288,48638,60411,74063,81907,89780,110198,110198,132668,132668,144938,160326,161223,173140,192806,192806,205897
1353,10818,19895,31489,39693,49220,61048,74874,82794,91335,111279,111279,133669,133669,146244,161627,163849,173705,195911,196398,208017
1354,10555,20167,31696,39997,49497,61263,67971,83315,91730,101739,111831,134656,134656,146668,161945,165346,174891,178362,197010,209312
1355,10713,21084,33012,41577,51578,63585,70249,85600,94067,104591,114957,138127,138127,150334,165174,169263,178477,183842,200466,212803
1356,10421,21085,29616,46183,51682,63718,77665,85911,94161,104872,115218,138252,138252,150104,152237,169161,178742,183844,200649,196903
1357,10682,21914,30746,48034,53661,66440,80757,89172,98530,109097,119798,143159,143159,155025,157353,174507,184147,192027,206361,204401
1358,10500,19217,30948,48059,53770,66650,73447,89306,98998,109324,120379,143765,143765,144339,157992,172563,184386,190320,205143,205239
1359,10674,19506,31067,48195,53563,66012,72840,88596,96817,107604,117875,141866,141866,142262,156700,171166,183175,189843,203631,204118
1360,10518,19477,31017,48029,53533,65851,72506,88223,96641,107441,118012,141448,141448,142714,156314,170798,182760,188150,202644,204484
1361,10404,19542,31150,48327,53801,66588,73438,89212,98698,109061,120075,143295,143295,144737,157369,171274,183238,190114,202057,205993
1362,10484,19646,31224,48282,53872,66688,73506,89590,99034,109572,120363,144016,144016,144889,157928,171559,183843,188330,203070,206732
1363,10366,19321,30832,47752,53625,65989,72642,88283,98321,107686,119220,142575,142575,143592,158039,171123,182010,190080,203463,205343
1364,10460,19507,30967,48157,53919,66416,73089,88809,98630,107980,119819,143177,143177,144239,156829,171123,181409,190401,203073,206245
1365,10229,18964,29869,46277,51949,63526,69762,85223,93871,103463,113827,136136,136136,137541,149162,164133,173949,183695,194672,198766
1366,10420,18896,29984,46019,51383,63066,76917,84829,93481,103207,113394,135875,135875,137324,149481,163772,173265,183619,194722,213579
1367,10309,18478,29771,45325,50495,61955,68241,83296,92302,101194,111917,134463,134463,136189,149506,161356,171411,181218,192565,210858
1368,10339,21054,30046,41119,50671,62223,68517,83476,92473,101485,112440,134702,134702,136952,149646,162236,173106,182659,193381,210182
1369,10266,20426,29284,43346,48368,59372,72697,80192,88283,97224,106900,128740,128740,132641,145648,156541,167706,181029,185478,206104
1370,10260,20349,33019,39387,48165,59196,72329,80058,88145,97015,106905,128598,128598,144479,156350,157447,167350,195825,187337,207617
1371,10478,19828,31478,38404,47070,58044,71817,79034,86469,94904,105769,127824,127824,144941,158175,160264,168901,194147,192980,211500
1372,10502,19888,31487,38322,51890,58189,71919,79551,86703,95016,105724,127992,127992,145055,158615,163296,169244,191990,193959,211752
1373,10127,18935,29887,36487,49375,55014,67818,74479,82006,100168,100168,121262,121262,137904,150310,156703,161709,179876,185786,197427
1374,10544,21241,33462,40494,49789,61400,74828,82546,91168,100866,110421,121946,121946,140075,152217,171554,176254,183437,200545,214124
1375,10192,21183,33049,40361,49508,61439,74915,82524,90836,100566,110291,122330,122330,141473,154031,170127,177655,187362,201983,214762
1376,10576,21299,32814,40672,49921,61812,75053,83050,91332,101121,110671,122842,122842,143985,154895,169611,178594,187837,201493,214117
1377,10281,20552,31503,39208,48240,59513,73030,80022,87979,97547,107008,118247,118247,141489,150311,164063,173178,183122,196030,207743
1378,10354,20558,31617,39466,48348,59810,73506,80384,88579,97965,118668,118668,129460,151417,163831,165025,173311,195551,196282,209013
1379,10084,20112,30832,38597,47377,58599,71635,78664,86273,95576,116389,116389,126581,146409,156191,162792,173017,190679,195791,206212
1380,10374,20139,30778,38496,52522,58371,71365,78217,86202,104586,116030,116030,126273,146823,155675,166091,173670,188997,196027,206345
1381,10068,19379,29936,37177,51234,56476,69345,76071,83799,101495,112341,112341,122539,142027,150823,168743,166479,184338,190930,201649
1382,10439,21702,30166,41512,51162,56762,69750,76286,92943,101915,112952,112952,123129,143619,153647,169220,169625,185605,205080,203021
1383,10245,21710,30588,41466,51404,57145,70068,76997,93769,103022,114235,114235,124094,144704,156256,170108,174918,186011,205209,206863
1384,10275,21868,30696,41891,51724,63874,70697,85306,94102,103386,114468,114468,124986,145064,156166,170853,176254,187579,205405,207292
1385,10646,22064,31304,42303,52401,58313,71149,86643,95273,104607,115966,115966,126350,147029,158233,173153,188365,188365,205403,209973
1386,11027,22017,31339,42282,52330,64517,71033,78269,95229,104271,115897,115897,126133,146451,157898,171676,176296,187354,187354,208757
1387,11009,22743,32168,43643,53645,66391,73609,88967,97764,106810,117670,117670,129051,150032,159997,173594,177505,194426,194897,211912
1388,10364,20345,32163,39396,53848,59615,73735,81000,89226,107070,118101,118101,129224,149657,162036,159407,177311,192365,195972,211986
1389,10336,20451,31924,39492,53403,59301,72939,80394,88369,106068,117172,117172,128555,147239,159023,159281,176822,189874,193953,208736
1390,10559,20354,31749,39372,53383,59194,72948,80305,88341,105940,116959,116959,128919,146714,157908,161139,176983,188927,194198,208134
1391,10416,20510,31931,40271,54220,60443,75257,82110,90073,107202,117581,117581,131459,149390,159388,164503,180600,192971,196840,211900
1392,10457,20715,31864,40324,49038,60491,75188,82452,90620,107569,118121,118121,131800,149048,159614,165213,180587,191018,196428,212398
1393,10214,20439,31245,39624,48079,59466,73467,80584,88029,105002,115958,115958,131366,146983,156197,164193,175099,187613,195430,207818
1394,10525,20569,31490,39926,48322,59850,74027,80967,88819,105746,116713,116713,130211,147529,156868,174797,176842,186444,196730,209047
1395,10422,20238,31316,39223,47833,59513,73358,80290,88162,107380,119420,119420,136302,150841,160886,181347,181609,195438,205442,216498
1396,10451,20322,31426,39378,54069,59880,74099,81100,88966,108377,120486,120486,137536,149807,163588,165213,183837,181797,205647,219053
1397,10100,19319,29596,36960,45690,55699,68757,75901,83581,92219,100685,110666,126452,138966,138966,153408,165435,165435,187378,182109
1398,10322,21630,29951,41280,50801,62317,69154,84079,92516,100806,111083,111083,138892,150013,150932,166882,183278,186895,204212,203070
1399,10387,21212,29679,40415,49450,61001,67603,82095,90338,98397,107914,107914,134694,146154,148461,162899,177057,181085,196193,196768
1400,10397,21153,33211,40334,49331,60809,67400,81921,90313,98268,116942,116942,135130,145623,160330,164065,189913,194393,197275,214052
1401,10069,20340,31672,38809,47438,58327,71397,78865,86608,94179,112303,112303,130643,140068,153767,159760,166767,186021,190976,205206
1402,10273,20344,31436,39007,52684,58632,71556,79175,94507,103650,103650,112803,139878,141601,154518,172173,180878,186389,205955,218452
1403,10109,19337,30076,37156,49897,55736,67974,74702,89374,97944,97944,106420,133087,136724,148074,163366,171959,181924,194147,207208
1404,10201,21732,30671,41160,50479,62122,75191,82792,89746,98527,98527,116833,133861,147040,159976,164477,174672,183523,207845,207845
1405,10175,20963,29749,39565,48737,60079,72802,79819,87178,95432,95432,113211,130524,143239,154906,172253,170773,182518,200519,203166
1406,10948,20914,30061,39476,48224,59673,72476,79469,94910,94910,103078,112656,139829,143620,154889,171400,184897,189549,199739,202470
1407,10496,19878,28709,37240,45530,55844,67898,74653,89070,89070,96784,105699,131668,138657,148941,161346,172848,185382,189156,201071
1408,10531,19932,32331,41323,50834,62131,75125,81814,89762,89762,106124,115452,132278,147387,160379,173723,173723,193206,192827,214710
1409,9973,19330,30794,39740,48703,59925,72063,78480,85850,85850,101288,110556,127431,142890,155231,166894,168969,184105,191003,202260
1410,10568,21532,30878,39561,48632,59919,71931,78162,85688,92738,101219,110173,136992,151752,156037,166532,172023,196848,199880,218938
1411,10132,20937,30153,38082,46781,57030,68594,74493,81568,88690,96654,105145,132286,144832,151211,159862,176641,187335,194146,208089
1412,10416,21052,33632,42413,52037,62920,68898,81960,81960,97149,97149,116217,132660,145049,161317,172604,176392,188186,197730,208038
1413,10729,21213,33177,42836,52772,63866,70104,83278,83278,98306,98306,117864,134206,147004,162879,174705,178360,189482,199101,211032
1414,10924,21401,33147,43339,53334,64423,70541,83867,83867,99046,99046,118280,135203,146438,161917,172358,178762,191790,197304,213024
1415,10610,21056,32488,38461,52255,63447,69240,82369,82369,97859,97859,116756,133504,145590,158805,170248,175945,189032,197590,208272
1416,10430,21233,32264,38751,52664,63685,69568,82782,82782,98061,98061,117437,134091,146644,158956,170666,175491,189343,198547,208506
1417,10742,21894,33067,39944,54246,65645,72077,85642,85642,102066,102066,121797,138742,151113,163365,177188,182337,196805,200357,218204
1418,10605,21935,29802,40076,54669,60152,72221,86242,86242,102706,102706,122351,138558,152037,150981,163336,182093,197293,201945,218028
1419,10655,22250,30468,40799,50650,60563,74169,88951,88951,97183,107125,129749,146101,159988,161379,171647,188981,187362,206032,220949
1420,10555,19860,30387,40675,50538,60403,73941,80539,88664,96871,106867,117863,133522,144736,159895,171320,174382,185726,189974,220056
1421,9679,20112,30598,41172,50096,61344,74490,81136,88997,96103,104639,114651,130031,139616,153445,164751,169754,181804,190399,218510
1422,10302,20216,30936,41350,50493,61743,74721,81326,89339,96593,105352,125578,131175,140586,155731,166204,171744,183926,194026,219455
1423,10314,19340,29418,39159,47726,57911,69981,76528,84333,91413,100111,119897,128209,136897,149185,160846,169374,179692,192749,210754
1424,10360,21493,33208,39487,53137,58309,70856,84977,84977,92223,109621,121188,138499,150604,150604,161859,182470,197314,202172,211884
1425,9909,20425,31056,37500,50529,55713,67719,81287,81287,88179,104819,116135,133756,144155,145895,155698,174436,188742,195761,204658
1426,10271,20477,31288,41723,50761,61442,73896,81387,81387,96385,105021,116712,134503,144489,159531,169856,175464,188251,197184,205574
1427,10318,19823,30042,40360,48902,59459,71384,78638,78638,93130,101476,114962,133312,138980,153993,164107,173019,181761,194845,197427
1428,10759,22036,30416,40593,49265,65925,71827,79012,85876,93838,102070,125129,139899,142235,155021,164993,184676,182926,203017,199071
1429,10564,21811,30387,40532,49247,65773,71833,79018,85827,94015,102134,125103,139623,145180,155561,165371,184433,184857,204293,200988
1430,10219,21717,30547,40450,49048,65531,71842,78884,85682,93592,101807,124971,138903,153671,155301,165144,185015,184594,203446,201116
1431,10243,21345,29930,39406,47936,63720,69920,76935,83718,91645,100021,123275,137006,139161,154160,163095,181335,181886,199630,197965
1432,10769,21447,33510,39571,52863,64014,70208,77265,84299,92257,100512,123773,137398,143800,156350,163936,182633,184894,199967,200133
1433,10029,21504,33032,39740,53237,64852,70893,77999,84782,93026,101091,125014,138715,153015,156791,166997,182253,184278,204103,204103
1434,10304,21677,32754,40076,53760,65367,71281,78654,85562,93826,101875,125936,139945,141807,157285,168146,183576,186412,203564,206058
1435,10503,21479,32355,39625,53147,64834,70718,77778,84809,92875,101327,124807,137967,144494,155592,165720,181702,185153,200146,201420
1436,10224,21475,29241,39441,52849,64622,70354,77616,84685,92599,100911,124317,137598,145646,155902,165432,180571,187085,199736,201953
1437,10407,21454,32614,40064,53726,65232,71597,78796,85598,93969,102356,126013,139168,145567,158219,168780,182831,190686,203671,206157
1438,10528,21598,32766,40262,53949,65919,71994,79264,86365,103017,103017,126363,140016,145880,158116,168854,166789,189602,204718,208563
1439,10414,19443,29379,39818,53574,59019,71227,78645,85771,101989,101989,126483,138521,145405,157736,167371,167767,186680,203605,208227
1440,10373,21349,29330,39756,53352,64995,70950,78390,85687,101999,101999,126291,137840,155506,156613,168992,168992,186878,203191,207557
1441,10632,21617,30228,40369,55145,60513,71894,79470,87222,103766,114210,127944,141269,143826,158322,170523,173931,192897,209325,213847
1442,10439,19783,30527,40644,50577,66698,72467,79882,87871,104320,115042,118956,141293,145003,159770,171461,175046,191757,189945,214586
1443,10650,21606,30510,40109,49264,59202,71904,79366,87915,104971,116308,120277,129009,147271,157403,169499,170755,187035,184231,204118
1444,10472,21874,30855,40430,49685,59724,72517,79941,89035,105688,117225,122009,130059,145262,158610,156619,173408,188128,201674,205556
1445,10468,20038,31923,41691,51379,69158,75130,82786,91249,106838,117148,122904,130252,145249,158647,174149,174956,193594,211419,215009
1446,10425,20004,31779,41645,51505,62665,75306,82882,91021,107030,107030,123080,130362,145560,158752,172825,175287,192571,190987,214876
1447,10545,19749,31200,40365,49689,60317,72580,79680,88078,94844,103103,121361,126972,142904,153800,152917,171580,186786,185731,206472
1448,10368,22019,31309,40757,50251,60716,72869,80255,89039,103735,114131,123305,140272,144433,155854,169239,173753,187441,187441,207232
1449,10408,21972,31189,40799,50231,60944,73287,80791,90463,104522,114954,124250,141349,146624,155446,170872,178460,189139,189139,209454
1450,10407,19713,31146,40570,50125,67275,73128,80504,90717,104387,114666,125028,140701,146358,157204,170341,178492,188075,189877,209569
1451,10145,21110,29963,39097,48399,57947,69896,76827,92018,100136,110192,121204,135393,144673,152215,151599,178835,182313,185884,202766
1452,10379,21131,33239,43553,54228,64297,70135,77342,95985,100527,110522,130152,136000,145100,153671,166471,184400,183390,205872,205317
1453,10435,20584,32110,38662,53032,57512,69412,76673,95468,99532,109578,127788,135329,145361,152294,165215,182028,182810,203320,205195
1454,10471,20858,31970,43280,53232,64245,69936,77220,94868,100510,110776,126455,136166,146444,154607,166525,182921,184462,204765,207262
1455,10390,20663,31296,38313,51788,62602,68497,75459,92912,98383,108375,122226,133438,143405,153249,163490,179798,182474,197515,201910
1456,10391,20683,31440,42652,52019,62866,68750,75761,93118,98366,108780,122940,133853,150595,155078,163208,180589,184152,198103,205584
1457,10718,21119,32355,43280,53500,64403,70219,77541,95319,100555,110460,126396,135614,142858,156733,165620,181070,187312,202654,208058
1458,10367,21230,32056,43605,53288,64916,70767,78108,95331,101123,111124,126976,136437,144633,157278,166435,182452,187601,203461,210142
1459,10640,21104,28726,38808,52563,57864,69164,76455,93164,99166,109496,123967,133834,150520,154530,163679,178622,187325,197660,206971
1460,10380,20966,29228,42832,52286,63366,69125,76217,92992,98885,109180,124272,133585,142680,155415,164338,178323,187805,196938,207065
1461,10274,21512,33485,44286,54140,65811,71807,79067,96555,102569,112968,129220,138144,145805,157754,169120,184125,191232,204405,210793
1462,10695,19586,33115,40121,54413,59910,72252,79651,96803,103329,113431,128663,138761,146157,157982,170750,167419,190261,205257,210748
1463,10337,21676,32668,40067,49136,65998,72003,79297,95965,102673,113188,128465,138447,146563,159899,169870,168228,190952,185356,210477
1464,10435,19848,29969,44825,49755,60324,72637,79833,96356,103429,113863,128614,139027,146740,156562,170157,169875,191653,187347,210280
1465,10638,22337,31176,42268,52747,63989,76640,83942,100987,109371,120277,133613,147127,152249,163911,177561,178641,198733,198792,220960
1466,10241,20046,30994,41947,52390,63621,76003,83820,92258,99649,108592,120534,130956,150381,151549,176819,177834,197405,198235,218978
1467,9771,20335,31124,42891,52187,63960,76305,84236,93460,102864,113032,128030,136491,152769,155886,163283,178729,178680,198233,215170
1468,10172,20371,31364,43112,52469,64342,76775,84859,87838,93136,113799,126081,125777,152440,156871,163960,179501,197382,198764,215697
1469,10473,20772,32042,43706,53607,65671,79240,87542,90290,95124,113084,125470,124680,152125,155387,166498,166794,183014,203719,225941
1470,10444,20621,31893,39234,53515,59239,72539,87164,90315,94726,112867,125381,126327,136974,155638,166340,168420,182988,183514,203320
1471,10747,21461,33282,40727,55531,61402,75119,90044,93518,97753,116101,127991,130292,140726,157563,170040,172914,187562,191767,208071
1472,10434,21495,29808,40885,50169,61653,75474,90528,93737,98076,107106,128564,132042,143219,158173,156445,180341,188354,194347,209433
1473,10645,21824,29972,40960,50038,60716,74054,89395,93083,96927,105992,126728,130721,142290,156172,156172,173174,186709,193017,207646
1474,10504,19895,30378,41206,50481,61243,74715,90164,93660,97462,106705,127336,133303,142881,156731,158129,177401,187637,194513,208296
1475,10799,20860,32315,43984,53904,66202,80738,96673,99444,104713,114100,136498,140335,150870,165660,167319,181542,198866,202313,220564
1476,10439,21019,32391,39819,54520,60264,73531,88687,98761,97590,114717,125072,139482,140618,151502,158540,182243,181148,203152,200150
1477,9700,21384,33114,40970,50598,62420,76163,92000,102333,101553,120016,120016,143951,146965,157858,175237,189234,189234,209754,208562
1478,10479,21517,29863,41116,50879,62503,76511,92403,102031,102031,110229,120178,132051,146990,148121,161976,174593,174593,190782,209221
1479,10297,22162,31250,43693,53540,67444,82586,98640,108452,108588,117646,128055,140211,155348,158063,171118,184538,184974,202477,220960
1480,10623,19896,31181,43420,53517,60360,74736,90687,98703,108470,108080,117239,139783,142468,157629,160593,184074,185008,186157,200505
1481,10411,20241,31611,43993,54307,60973,75260,91488,99651,108950,108950,118672,140330,143240,158005,166752,168282,187546,192121,202280
1482,10410,20231,31792,44216,54519,61219,75469,83591,100198,109355,109355,119059,140648,143484,158039,165646,169961,187975,197949,202729
1483,10658,20535,32692,40530,55568,63142,76981,84304,99508,109051,109051,119008,129327,145278,156835,164918,169926,186743,194138,202215
1484,10445,20636,28670,40670,56037,63624,70733,84795,100064,109568,109921,120254,130079,146072,157188,166397,171564,187414,208121,203068
1485,10556,21108,29603,41163,50883,64933,71851,85464,101040,110934,110934,122533,132101,147389,159167,166128,175204,191151,195882,206892
1486,10582,21099,29685,40995,50676,64565,71685,85206,100803,110723,110723,122888,132071,147387,158221,165795,176660,175205,195723,206514
1487,10428,21418,34843,41931,53218,66473,72739,86104,102428,113215,113408,126385,133743,149417,161660,169031,179474,181721,198233,211482
1488,10411,21473,30519,42075,53647,59875,73118,86524,102946,113537,113812,125324,134484,149701,149781,168573,179372,184036,201939,194995
1489,10670,21894,30857,43540,53779,60788,74435,91394,100549,121025,121430,133635,145679,159895,162509,181917,194207,198658,212280,211159
1490,9688,19701,30908,43352,53647,60578,74264,91232,100261,108921,120959,123157,132795,145277,150367,166023,179166,184666,195316,195114
1491,10436,19689,30834,42385,52503,59145,72860,86475,94296,102790,113321,116914,124322,134782,137867,154725,165360,176752,182974,186379
1492,10501,19662,30974,42595,52648,59245,73225,86853,94831,113761,113761,118408,135712,136109,155166,168797,167980,189320,200719,207821
1493,10069,21619,30142,40949,50433,56411,69154,82407,90068,108705,108705,119502,130073,132292,150669,162484,165657,182639,193417,201657
1494,10457,21744,30583,41106,50785,63180,69528,82722,98631,109062,109341,126083,131825,146920,162153,163992,177596,182602,196002,214451
1495,15254,21693,22822,28763,35676,43515,48355,54162,58915,64953,69670,78961,79124,86716,94682,94683,104067,104173,113722,113723
1496,11993,29312,39775,49677,55999,64265,78625,86733,92701,101386,110177,111997,121555,132615,145899,146729,158116,159150,175680,194069
1497,10787,27116,37302,49514,56397,75553,80683,95130,105086,107179,118392,119886,139562,143876,165888,168218,185204,188097,203561,207574
1498,10287,22470,35081,47761,54539,64603,77797,90963,100054,105576,115738,127197,137089,150921,151172,166613,181486,186262,198933,218023
1499,10626,24257,33922,47359,53744,64113,76877,90735,99994,104079,115049,125950,135982,148643,153742,166330,180756,198099,198802,214079
1500,10190,22391,31769,44785,50870,60886,72430,86477,95422,101908,111484,121185,132062,142707,157854,159999,170834,177041,192482,206569
1501,10081,21631,32083,44950,55776,66745,73127,86929,96073,103082,118209,123264,141852,143633,158368,173675,173757,190334,206899,207493
1502,10444,21014,30482,43666,53939,64202,70789,83735,92704,99718,115890,118670,134998,140639,154203,155027,171198,184825,197809,200848
1503,10109,21071,30833,43745,54340,65225,77152,84464,93256,107569,115604,126788,135836,141580,164293,169626,184210,186937,198739,205203
1504,10000,20054,30702,43662,54753,66650,80930,90038,100221,111138,120442,131838,146160,149175,178485,178485,194859,195949,211879,215302
1505,10455,20024,33212,43279,54284,65689,73757,89670,99744,102222,111079,122610,129647,148074,144756,161106,177608,183646,193852,212670
1506,9968,19107,31083,40613,51361,61719,68137,84121,93499,98825,107097,116272,125263,138758,137654,151890,161694,168545,180924,199303
1507,10250,21940,31270,40849,51726,62134,77451,84673,93997,105626,115626,116365,136799,139289,152175,167180,177109,183835,198568,200905
1508,10076,20980,30371,44127,49306,59275,72457,80642,89187,102272,111298,112190,131765,133896,146538,161500,172578,176003,191031,192478
1509,10247,21000,32829,43968,49432,65634,80464,88680,88680,108266,111527,119924,140405,144762,159028,160785,173327,188289,191273,209858
1510,10232,20358,32423,43870,53963,65243,72619,89462,89462,101617,111229,129255,132044,144633,158375,161148,184775,189120,191474,208692
1511,10279,22932,32120,43988,54258,65216,72839,89850,89850,107943,111601,127951,142497,145155,158380,161454,171941,188832,192514,209614
1512,10557,20731,29897,39854,49225,58981,65708,80922,81918,94110,103056,119782,122090,133834,148139,148918,161693,176140,178027,196724
1513,10657,21140,32611,44915,54473,66452,73489,81648,91110,102390,119811,122513,134137,147077,160867,172867,177137,191419,195649,212506
1514,9960,19493,30228,41434,50124,61203,67950,75419,88662,96667,112526,116021,126331,139413,151736,163495,166632,183034,185858,204399
1515,10693,21906,30458,41702,55257,67978,76223,75731,95113,104533,120531,125457,138930,149522,162829,165214,180436,184713,199787,216506
1516,10288,20281,28317,39061,51927,63562,71186,70942,90938,106695,114103,119468,132198,142840,155964,158412,175138,175462,193062,194340
1517,10628,20514,31904,43381,52122,64067,71512,78738,92334,106464,115010,130131,142230,145182,156466,159213,187371,189565,206510,227535
1518,10159,18816,29073,38672,46627,56689,63712,76655,83171,89134,104579,116860,127103,128671,140483,141721,169464,171491,187333,187754
1519,10755,21372,32060,41996,51165,63079,70182,76455,88374,104119,116471,126120,138308,139530,165606,168761,183356,187025,204273,221510
1520,10041,20338,30269,39962,48591,60296,67808,73932,91131,99240,110364,121030,132220,146988,157161,161845,173007,177714,195762,196983
1521,10534,22327,30543,40291,53852,60316,73508,81453,91608,99848,111430,130454,143893,146557,158298,163133,177329,179184,197383,213759
1522,10258,20539,29473,37709,50199,56159,69351,79245,86659,94322,105768,123917,136425,140412,150836,155165,169061,170287,188478,190262
1523,10627,20752,32813,42051,56833,62509,71135,85535,94033,105525,117038,125006,137152,141307,153150,156409,170731,171625,189776,204358
1524,10429,20368,31626,41153,55731,61290,70690,84016,93830,103989,114675,124378,136070,140463,154471,155030,169975,171596,188571,202665
1525,10087,20734,31397,41289,55811,61480,71612,83768,93780,103990,114853,124942,136217,141049,154949,155244,170173,171947,189457,204018
1526,10635,20977,31822,41661,56404,62556,72396,84913,94670,105764,116673,126078,137428,142191,156096,156648,170638,171942,189313,202750
1527,10625,21112,31941,41981,56807,63149,73080,84824,94958,105638,115255,126214,138212,142543,156717,157383,171632,172880,190179,204138
1528,10510,21664,33096,43918,59205,65338,75018,88466,98018,109011,120495,132748,148212,149117,163307,166959,179340,183474,201169,216623
1529,10562,21499,29896,43737,52995,59198,74174,79861,90603,100201,110470,120056,147980,148306,163376,167799,178368,183272,200000,202823
1530,10724,22525,31484,45853,55623,62525,76414,83903,94543,103717,114492,124929,136438,152127,167781,168094,182856,187262,204985,225299
1531,10599,22469,31489,42028,56044,62626,70392,84154,94468,104299,115125,125498,137232,138171,168516,168575,183750,187997,206066,206066
1532,10454,21061,32453,42549,56826,63498,71174,78449,94407,105006,115507,126299,138799,142833,154591,171175,187527,188330,209749,209749
1533,10333,21194,32735,43031,52288,64234,72448,80728,89410,105237,115921,127645,139840,143893,155829,157991,189060,189358,189060,192863
1534,10689,20364,35009,46436,56090,68998,76690,85043,94915,110570,123183,135737,148654,149507,165591,166746,181846,184488,198804,222056
1535,10527,20274,30823,46246,50739,68650,70086,84752,88741,101577,110359,122981,135013,139669,165237,166501,181653,185243,198519,198565
1536,10873,21724,32996,49683,54459,73695,75325,90887,94622,108072,118075,131143,144024,146703,175952,176124,194402,194528,213142,213717
1537,10197,21810,29415,45418,54728,66335,74541,83261,94598,100413,118336,118336,131827,146861,159280,159862,177180,180272,196135,198945
1538,10729,22935,31507,42667,56707,68439,79324,85680,96178,102702,121950,122228,135604,149569,163593,164894,181454,186043,199416,217916
1539,10434,20321,31280,42648,56452,68200,76389,84721,95688,102550,121533,122027,135407,139415,148332,165265,180841,185838,199195,201065
1540,10398,22245,33809,46388,61381,74220,83330,91971,102915,111081,132108,132201,146926,161849,161370,177550,196134,197237,216367,216367
1541,10443,20110,30608,41978,51463,68193,75020,83579,92814,103420,121402,122227,132780,147561,147516,177954,177954,197757,197282,217742
1542,10878,21201,32393,44120,54545,72395,79328,88868,90629,109658,116719,129342,140493,157107,156359,171539,170885,207545,207545,228377
1543,10465,21491,32655,44603,55122,66201,72749,89129,90726,100518,108870,129913,129635,141483,157200,158791,172043,188126,188126,208577
1544,10475,21787,32927,45259,50608,67211,73913,91573,94187,102873,110170,131695,131471,145703,159534,161061,174968,192094,192094,212130
1545,10421,21813,32961,45144,50673,67107,74071,91290,94538,102985,110279,120293,131843,145668,159720,161142,174519,192321,192321,212618
1546,10671,21855,30005,45753,51389,67772,75245,92683,96999,104617,111458,121419,133752,146933,161673,163864,177011,194671,194671,215002
1547,9889,21920,30137,40985,51461,68207,75137,92622,96899,104999,112508,122391,134203,147310,162600,165187,177992,178143,195928,215949
1548,10712,22322,30799,41922,52498,69406,76918,84770,98051,106933,114630,124399,136238,136952,148837,168869,180656,181458,199140,219538
1549,10492,19934,30772,41807,52308,62939,76731,84223,97675,106440,114355,124696,135878,138871,148564,159380,180287,180892,198665,198335
1550,10238,20636,32114,43753,54666,66018,80683,88389,102193,110693,119042,130438,142001,144962,154863,173492,187776,188081,206511,206642
1551,10192,20656,32104,43834,49284,66293,73025,88833,101145,103536,109266,120381,129523,144822,155393,161653,172322,173729,206778,206778
1552,10438,21355,29861,45454,50407,68192,75416,91237,103352,106630,114151,125987,134286,151256,148844,183433,181296,183433,218569,218569
1553,10510,21577,30140,40952,50696,68631,75840,91949,103056,106689,114473,125945,135045,150438,149332,166691,163285,184463,199658,218803
1554,10758,22797,31848,43577,54347,74179,81448,98435,110313,114079,123893,135806,145613,148204,160132,177728,174456,196181,193022,230516
1555,10565,20418,31942,43645,54423,67909,74489,89924,98734,114174,114174,125550,133619,147908,145832,162646,174667,179311,193450,211012
1556,10933,21314,33625,45936,57620,64344,78376,94764,104328,118268,119066,131802,141224,156557,155034,171815,185078,192661,204733,204733
1557,10381,21492,29734,41585,51532,64638,78785,86407,95185,105075,119264,121722,129195,145661,155644,158451,170066,192521,185963,205809
1558,10663,22306,30879,43141,53090,66499,80497,88221,97781,108504,121149,123937,133090,147225,158427,162512,172326,194437,189505,208159
1559,10640,19852,30760,43033,53048,66283,80332,88213,97335,107581,120856,124149,132720,146846,157742,162617,172715,176649,189612,207905
1560,10609,20807,32112,44775,55381,68981,83396,91295,101030,110938,124835,129949,136577,152706,162951,171347,178074,185404,197082,214728
1561,10579,23189,32125,44884,55288,69313,76304,91680,101256,111436,124752,139939,137352,141695,151692,169678,164583,186023,196432,194298
1562,10440,20911,32065,44527,54906,68492,75272,90800,100332,110653,122915,125220,135465,140731,150395,166198,163108,184107,194993,192334
1563,10476,23297,32326,44747,55188,68917,75673,91169,100921,111184,123685,136363,136363,142183,151404,167548,166371,186956,196404,193783
1564,10582,21439,32883,45870,56635,70571,78045,93766,103468,114185,126664,128456,139697,145710,155740,171214,171214,189952,201406,201406
1565,10468,23647,32804,45562,56235,70386,77340,93293,103128,113529,126149,138677,138933,145636,155244,169260,172354,189597,184581,201290
1566,10447,23868,33213,46199,56883,70814,78002,93951,103865,114572,127378,139263,140191,147781,156978,171218,175703,190251,190847,204925
1567,10390,23815,33384,46509,57138,71313,78433,94419,104548,114894,127762,127762,140399,147253,157759,171449,176412,190059,191668,205638
1568,10340,23982,33459,46590,57744,72209,79281,95327,105446,115935,129244,129244,141379,149266,158388,161515,176740,191742,194158,210517
1569,10458,23979,33356,46409,57555,64472,79142,95210,95210,115622,128685,128685,141248,148112,158174,162104,176366,189924,196619,209830
1570,10536,24320,33865,47387,58861,65596,80764,97460,97460,118303,131707,131707,144181,151478,161190,165559,181874,194918,201100,215580
1571,10510,24368,33993,47561,52494,65852,73506,97722,97722,118760,132062,132062,132062,150814,161583,166268,182114,180727,200642,213543
1572,10502,24716,34379,47765,52897,65968,73593,88918,97542,107889,131898,131898,131898,150042,161168,166833,181193,182714,199134,212104
1573,10438,24916,34537,48064,53274,66273,74039,89425,98283,108584,132765,132765,132765,150803,161276,167520,179903,184438,201087,210689
1574,10672,25491,35387,44611,54693,68347,76159,92082,101559,112376,123344,137411,137411,154694,165862,172113,185498,190600,204583,199577
1575,10449,23025,31958,44863,55020,68774,76556,92573,102100,112962,123973,137775,137775,153923,152435,172207,184053,191562,204526,202156
1576,10522,23434,32309,45205,55509,69024,77100,93510,102832,113680,124554,138601,139104,140670,154901,172569,185411,190622,205919,206524
1577,10549,23363,32472,45207,55591,69200,77582,93756,102993,113781,125067,139042,139042,143280,156241,171948,184997,190680,206196,208917
1578,10663,24022,33493,46950,57754,71876,80676,97447,107208,118273,130095,145083,145083,149227,161819,178157,190805,196523,210852,214976
1579,10468,23989,33414,46823,57799,64341,71888,88736,97134,118402,130291,130291,144793,148428,161112,163860,176263,194660,192540,214600
1580,10392,23818,33423,46640,57344,63835,71314,87879,96651,117118,128589,128589,143646,146080,158959,163105,175267,192132,192132,210424
1581,10383,23982,33505,46785,57371,64055,71621,88238,96817,117603,128773,143937,143937,147151,158790,164440,175672,191389,192974,210093
1582,10527,23966,33732,47307,58160,64772,72416,89140,97893,118921,130776,145234,145234,147811,159887,166150,177694,192314,196225,211132
1583,10413,24206,34015,47585,52720,65139,72862,89584,98244,107919,131428,131428,145837,147576,160396,166758,177638,192667,196047,211879
1584,10259,23899,33563,46952,52047,64158,71467,87650,96072,105315,128031,128031,142069,144175,156544,163596,173127,187590,192100,206057
1585,10438,23878,33471,46727,51875,63892,71366,87448,95845,116450,127662,141820,141820,144287,156173,163903,174173,187635,193818,206807
1586,10711,24508,34159,48159,53272,65860,73526,90249,98517,119608,131677,146516,146516,151258,161003,168473,178403,191830,200889,211206
1587,10382,24497,34359,48314,53642,66282,73904,90731,98803,108691,132175,132175,146876,149433,161206,168944,178853,191793,198583,210784
1588,10470,24396,30290,47522,52527,64927,72366,88604,97080,106607,129101,129101,143331,145265,157529,164309,175233,188367,195354,207722
1589,10497,24357,33894,47465,52502,64782,72371,88429,96848,106435,128705,128705,143126,145162,157459,164908,175210,187827,196840,207633
1590,10367,24286,33946,47852,52950,65331,72994,89448,97503,107084,130080,130080,144130,144963,158871,167026,176279,189568,197910,208618
1591,10338,24393,34104,47773,52797,65530,73263,89724,97706,107307,130501,130501,144991,146749,158831,166472,176828,189954,200516,209097
1592,9959,23487,32812,45974,51080,63359,70533,86989,95115,104184,126448,126448,141093,141698,155197,162304,172442,185139,196669,204830
1593,10364,23530,33010,46226,56858,63611,79196,87094,95561,116340,127301,141652,141652,143930,155113,163422,174235,185910,195454,205991
1594,10137,22820,32188,45338,55757,62418,78164,86071,94274,115163,126881,141225,141225,142869,154588,162978,172591,184682,192249,203947
1595,10411,22847,32301,45387,55843,70170,78320,86327,94404,115491,126904,141518,141518,142964,154783,163469,173753,185316,206623,204325
1596,9952,21834,30403,42924,52860,66095,73820,81456,89089,108679,119195,133011,133011,134183,145699,156253,165814,175835,198123,195830
1597,10300,24358,34008,42964,53094,66412,74174,89338,98325,109065,119800,133188,133188,148669,146258,168674,179375,176492,198206,198876
1598,10191,24007,33761,42720,52687,66040,74137,89668,98567,109095,120575,134402,134402,149885,147672,169139,179624,179346,196462,202247
1599,10249,19167,33707,42729,52653,66193,74140,89186,98026,108941,120333,134044,134044,149394,148566,168107,178346,180708,196830,217090
1600,10403,24013,33655,42752,52835,66008,73879,89997,98918,109368,119766,133787,133787,148892,149878,167572,178653,182323,199036,217541
1601,10477,19192,33793,42836,52876,66169,74059,90167,98981,109506,120096,134248,134248,149283,150607,168189,179013,183214,198934,199913
1602,10369,23964,33824,43032,52957,67179,75234,90813,100056,111569,123486,137554,137554,153147,156338,172700,184329,191581,202319,206167
1603,10475,19259,34010,43315,53393,67495,75799,91303,100764,112273,124099,138366,138366,138896,156840,172624,183498,186852,202217,207462
1604,10394,19110,33430,42431,52316,65818,73846,89360,98609,109622,120578,135241,135241,136219,153548,169602,180815,190412,199866,206143
1605,10337,19082,33244,42175,52029,65542,73462,88972,98225,109166,120187,134474,134474,135768,152011,168888,180065,191046,199034,221404
1606,10436,18963,33352,42353,58360,66174,73979,89475,98777,110122,121855,136361,136361,138959,153801,170481,180096,188836,198564,204614
1607,10332,19103,33541,42437,58757,66379,74307,89876,98970,110512,122375,136774,136774,139683,155245,170862,180639,189028,199461,206337
1608,10504,19041,33505,42450,52702,66597,74650,90395,99669,110861,123609,137356,137356,143776,155158,171354,181640,190051,203104,207906
1609,10342,18926,33453,42370,52497,66369,74457,90343,99845,110561,123140,137059,137059,143250,158157,170080,182033,190085,201906,207684
1610,10312,18778,32768,41648,51620,64864,72962,88438,97277,108751,120779,134641,134641,144077,151042,165968,176879,185085,196990,204596
1611,10373,18732,33061,41711,57964,65056,73167,88833,97796,109062,120788,134948,134948,154551,154551,167019,177328,184962,197652,204153
1612,10422,18526,32308,40981,56617,63840,71599,86358,95272,105662,117640,131061,131061,151211,151895,163255,173233,181501,192300,215350
1613,10390,18669,29336,41349,56962,64235,72161,87039,95546,106520,118274,131631,131631,147987,165762,163801,174143,183303,193737,213300
1614,10356,18308,32047,40528,56300,63696,71127,86079,94806,105559,117047,130746,130746,146910,162660,163515,172244,182899,192217,211489
1615,10348,18277,28706,45188,56383,63753,78980,86484,95138,105879,117373,131378,131378,146940,161493,164102,173496,184096,194090,209386
1616,10314,17672,30847,38814,53407,60132,73945,80764,88665,98779,108620,121578,121578,137076,150307,153556,161757,176173,181727,197026
1617,11293,19916,27654,38882,53436,67267,74078,81254,88917,99016,108737,122284,134582,142281,151812,166418,164705,191224,200783,201144
1618,9563,19619,27286,38263,52737,66683,73535,80388,88845,98844,109085,121820,121820,137045,151270,166551,167297,185441,198144,203373
1619,10166,19538,27246,38201,52611,66477,80171,80171,88564,98445,109081,121414,133464,141438,151400,166214,168071,187356,197663,203838
1620,11144,19051,26447,37193,50980,63999,77154,77154,84910,93957,103845,116099,127448,136324,147244,160500,165086,182803,191860,198356
1621,10655,19140,29572,37312,51066,57304,70907,77445,94407,104350,116334,116334,127689,148968,158600,162170,178378,196153,195112,216891
1622,9571,18844,29235,36612,50334,56336,76018,76018,92895,102409,113845,113845,124726,145274,155395,158997,174122,189973,190833,208803
1623,10061,18837,29386,36908,50694,56740,69786,76521,93462,103061,114472,114472,125401,146377,155182,171177,176462,190795,209409,210049
1624,10902,18171,27919,34998,48051,53520,66284,72525,88416,96956,107895,107895,118330,139662,149580,164240,171834,180557,198462,202110
1625,10695,18308,27865,38946,48234,60034,72576,80070,88401,107930,118504,107930,118504,150673,150673,164524,185104,185204,197145,206862
1626,10436,17647,26985,37561,46605,58083,70082,77344,85687,104997,114915,104997,114915,145165,148019,160451,176496,178238,191361,198583
1627,10353,19533,30593,37716,52339,58431,70535,77519,94678,105424,105424,105424,126371,146027,159947,163403,189761,194851,193385,213913
1628,10138,18691,28826,35609,49002,54630,66252,72688,88452,98601,108138,98601,118437,139744,151312,158157,178854,187476,189710,205076
1629,10202,20897,28772,39233,48849,60072,72591,80359,88300,98417,98417,107807,128922,149083,153963,170914,178595,186783,202322,219304
1630,10912,19904,27614,37759,46978,57879,69576,77000,84643,94604,94604,103682,124184,143201,146733,164657,170505,179355,192161,206742
1631,9924,19941,30879,37934,47383,58246,70103,85150,95021,95021,104063,114048,136837,144437,161210,174281,172346,192394,207475,209153
1632,9870,18658,28858,35392,44062,54442,65649,79760,89323,89323,97914,107338,129392,139165,155009,156259,169564,186486,200548,203231
1633,10856,18851,29178,40010,49596,60213,73310,80692,89965,89965,98517,118129,130520,150148,166661,173416,183367,187519,198938,220768
1634,10290,17972,27769,37947,47309,57225,69903,76811,85824,85824,93836,112206,123621,143591,156198,163934,173849,181067,190112,205657
1635,10415,20101,27707,42335,47136,62790,69667,85432,85432,93734,102847,111890,123515,155408,155480,173430,174379,192578,192578,206749
1636,10733,19201,26564,40714,45342,60590,67236,82676,82676,91000,99849,108736,121353,150247,154219,171923,175471,192055,194069,204569
1637,9971,19354,29516,40882,50397,60844,74154,83107,83107,91335,100156,109387,133630,150381,155476,167714,176512,199647,206804,222195
1638,9755,17929,26964,37402,45971,55346,67630,75685,75685,82924,91322,99515,121844,136341,146064,155442,167504,181873,189999,201129
1639,10755,19572,29823,41679,50189,61504,67580,75400,82768,91058,99407,109865,135959,139492,157206,168789,178788,184557,206220,202474
1640,10137,18427,28097,39440,47682,58417,64251,79137,79137,87257,95183,114753,131034,135893,153577,162347,181214,178545,196215,198319
1641,10284,20702,28300,39553,47936,64711,72752,72752,79633,95712,105694,115450,142360,148470,161757,165319,177599,183542,197233,204582
1642,10039,19290,25944,36483,44022,59221,66236,66236,72868,87631,96916,106317,131174,140112,151574,157167,170707,173119,188454,191464
1643,10217,21656,29548,40545,49127,59940,67050,73625,80956,97824,107461,119851,145550,150276,162939,167297,181087,188115,200573,220556
1644,10104,21395,29217,40419,48910,59907,66959,73638,81020,98003,107320,119920,146081,147960,163042,167282,180719,186348,199248,202155
1645,10264,21375,29214,40248,49078,60171,67038,73524,81168,98116,107667,120622,146743,148115,164123,167044,181656,187056,198939,206215
1646,10342,20907,28540,39640,47980,58441,65497,72137,79390,96489,105856,118692,144585,145748,161961,165422,179794,184853,198279,222072
1647,10368,21097,28777,39879,53543,58980,65999,72767,87552,97155,106681,119459,145628,146559,163249,166655,181285,185712,199834,199834
1648,10508,21139,28773,39837,53695,58757,65975,72567,87230,96849,106546,119906,144969,146706,162027,166875,178313,186634,194786,202307
1649,10359,21103,28654,39645,53458,58682,65421,72082,87139,96607,106325,119396,144829,145781,161420,166366,177906,187013,195306,216165
1650,10336,21220,29082,40526,54517,59959,66944,74092,89329,99036,108633,121775,148339,148339,165143,168104,183725,186952,201486,204652
1651,10454,21291,29228,40646,54792,60435,67494,74544,90052,99518,109435,122629,134797,138385,166397,168140,184935,188375,202923,205972
1652,10584,21617,33179,41126,50048,60963,68133,75458,91354,101177,111147,124047,136467,142613,150508,168410,185991,188393,203277,208020
1653,10510,21741,29917,41802,50491,61596,68999,76479,84091,102034,111841,125267,137595,144356,151613,160091,186946,188010,204784,209050
1654,10357,21419,29413,36695,49268,60081,67166,74263,81863,89536,108869,121996,134632,142781,148757,160502,166149,186939,202967,206643
1655,10397,21597,29537,40881,49490,60511,67618,74484,82195,99991,109707,122642,135288,143652,149720,168772,167000,187661,204470,229770
1656,10569,21896,30148,41389,50398,61299,68392,75534,83323,100689,110205,123073,135337,145538,149183,161401,166237,185927,201277,201277
1657,10505,22034,30227,41703,50915,61605,68854,76129,83877,101299,110793,124020,136191,146016,150184,169659,167335,188897,202641,203000
1658,10500,22456,30677,42371,51495,62562,69948,77130,85218,103260,112822,126282,138917,146540,153284,163913,171882,191850,208454,208984
1659,10477,20177,30474,38049,51380,62369,69837,76832,85235,93065,112675,125903,138333,145929,152863,164837,172883,181585,207747,208355
1660,10456,20176,30596,38350,51457,62734,69939,77132,85357,92743,112684,125867,138434,146161,152617,166039,175556,184517,207195,207932
1661,10372,20337,30781,38454,51821,62941,70423,77547,86124,93443,113414,126660,139371,146026,153869,165620,176650,184859,208249,208987
1662,10532,20427,31167,38764,52086,63102,70775,78053,89157,93729,113345,125852,138143,145829,153578,166324,178149,184066,205902,207689
1663,10413,20701,31531,39185,52909,63846,71447,71447,90319,94618,114047,127135,139539,146779,154849,167848,177404,184323,207691,209647
1664,10517,21168,32331,40683,49125,66328,74462,74462,94472,97861,107907,130851,144019,149152,158737,166982,179778,187620,212255,212899
1665,10371,18528,31830,40290,48687,66082,73977,73977,94795,97172,107179,117351,130608,146845,158586,166391,180138,187327,193671,198732
1666,10435,20893,28328,39752,47987,65050,72530,72530,92349,95736,105368,115471,128970,146282,157241,168809,177231,188561,193057,203638
1667,10470,21031,31859,39955,48490,65314,73145,73145,93748,96479,106290,116063,129857,146508,158104,167874,178013,186919,194940,207762
1668,10347,18786,32211,44447,48854,66195,74033,74033,94327,96573,106141,115804,129180,146272,156912,166600,177159,186698,191064,213568
1669,10441,18715,32067,40269,48569,66055,73969,81044,93871,96436,105836,115988,128880,146071,156523,166185,175218,186883,190873,202329
1670,10613,19144,32883,41749,50356,68268,76733,84361,96619,100713,110957,121207,135328,149722,163022,168125,184689,189893,200927,221632
1671,10501,19237,29502,42065,50775,62315,77197,77197,96927,101273,101273,122046,136125,140986,149885,167813,183026,189408,202080,204525
1672,10448,19133,29872,41694,50665,61824,76586,76586,93651,100528,100528,123353,137849,144911,153080,171148,184335,191047,201552,206758
1673,10436,19384,29952,42048,51140,62362,77207,77207,94251,101461,101461,123850,138940,146019,154211,170489,168880,190801,202598,207641
1674,10295,19606,30163,42495,52317,63335,77916,77916,100328,103494,103494,124899,138695,145345,154133,168475,169280,189277,203603,208807
1675,11049,19806,30790,42883,52561,63712,78693,78693,96185,104238,104238,115477,139556,146272,155168,169549,175124,189244,204834,208273
1676,10711,20072,31820,39074,54263,65884,82270,82270,100549,109164,109164,119758,130208,149752,160441,175236,180358,193621,210972,214493
1677,10639,20216,31830,39364,49541,59976,73579,82700,92441,100576,109646,120499,130795,149094,150222,175217,180034,193760,192445,213266
1678,10635,20057,31274,38923,48982,58902,72436,81150,91037,98227,106810,117287,128070,145543,149862,171200,176915,190964,189361,210704
1679,9837,19996,31268,38850,48730,58880,72251,81023,90672,98161,106529,117270,127833,145591,152409,156402,176612,190139,189464,210114
1680,10676,20203,31245,39442,48751,58727,72443,81514,91809,98592,116754,116754,127209,145825,159885,170608,176227,189510,187764,208771
1681,10541,20294,31449,39546,48888,59127,72830,81997,92454,99077,117495,117495,127838,146133,161224,170733,176990,190082,188772,208571
1682,10558,20595,31939,40571,50242,60836,75223,83816,96055,101825,109242,120015,130778,150399,167198,160524,181739,177919,192214,214627
1683,10538,20877,32234,41199,50876,61391,75742,84475,89731,102657,110016,121098,131896,150339,151932,161886,181852,196031,193269,215004
1684,9873,20801,29134,40754,50409,60720,74945,83688,88839,102147,109038,119802,131041,149369,152838,162000,181184,192970,191835,212068
1685,10806,20757,29355,40765,50086,60535,74628,83432,92147,102015,108681,120175,130980,148363,158431,163109,179117,178282,191913,212247
1686,10661,20650,32590,40615,49923,60420,74316,82990,92568,102961,107504,119239,129994,147720,157177,165480,176870,191371,188243,208520
1687,10540,20838,32547,40906,50409,60634,74757,83431,98598,103292,108144,119670,131143,147765,164513,178084,177462,191192,189911,209815
1688,9797,21384,33177,42222,51743,61961,76732,86037,100130,106888,110898,126993,134911,150824,164394,176963,179042,179042,195201,212433
1689,10922,18982,29863,42050,51383,61857,76640,85848,93028,105876,110680,126436,134702,150056,153379,162534,178515,196221,194870,212167
1690,10426,18476,28804,40339,49522,59765,73592,82031,89057,103207,106842,119501,133038,146309,151396,161021,176002,180167,194710,209807
1691,9760,20564,32270,40577,49669,60218,74079,82392,97860,103867,118036,124187,134030,147034,154264,175123,176552,194573,197094,210318
1692,10696,20398,31808,40291,49438,59455,73214,82114,96185,102686,116281,123359,131712,145069,151132,158947,174734,176688,192289,204420
1693,10619,20625,32102,40648,49855,59900,73825,82550,96384,103771,116985,124404,132946,145775,165836,171337,174285,192509,194271,205986
1694,10564,20832,32235,40965,50554,60975,74914,83527,95085,107076,119377,123684,136566,149016,167366,175130,182921,196928,201886,213645
1695,10395,20585,28926,40596,49913,60591,74525,82982,95935,106519,118907,124700,135466,148101,150932,161431,178804,178804,200058,212674
1696,10715,20845,32470,40339,49913,60516,73482,82646,94898,104592,118303,128634,134988,149146,155284,165510,181088,197553,202136,211834
1697,10497,20989,32435,40489,50113,60845,73875,82914,95377,103406,118622,127109,137618,149216,154917,167771,180954,181161,199378,211932
1698,9905,21066,32030,40567,49874,60127,74076,82605,94018,106011,118066,121701,133891,144687,152500,161967,173988,181456,196433,208284
1699,10229,20933,31996,40546,49719,60065,73691,82383,93669,105336,117907,125977,133841,144632,152838,173691,174804,193375,196705,207976
1700,10144,19862,30117,38060,46741,56325,68969,76868,89498,99613,110486,117769,128140,137536,146186,153234,167877,171839,187385,197378
1701,10889,19881,30199,38208,51628,62686,69210,77461,98970,106631,111102,128396,140471,140160,158872,168464,183943,189268,203298,199031
1702,10630,19404,29581,36931,49756,60642,67092,75092,93604,103297,107827,125611,135798,137762,154797,165120,178180,185279,197734,197339
1703,10565,19610,30168,41636,55178,61390,67689,75525,93869,104651,108425,126389,136752,140334,167106,165957,180560,187014,198484,202180
1704,10618,19504,30005,40590,53622,59467,65269,72950,93249,100973,104968,121942,133456,137526,159570,162254,173889,182622,195839,200418
1705,10478,19362,30148,40145,53211,59033,72454,79371,92847,101917,104185,122092,141945,148679,157507,164804,175121,182576,195247,202581
1706,10612,19653,31196,41027,54289,66392,73894,80959,92701,104476,106149,136074,144091,152081,160367,170070,181277,187663,214207,221174
1707,10529,19674,31474,41250,54593,66701,74323,81524,92948,105158,106823,123977,143225,149738,160956,169125,178192,187604,211773,202432
1708,9843,19728,31227,41005,54274,66019,73813,81025,92500,104181,106359,123464,142464,149015,159489,167599,177500,188488,192317,206699
1709,10246,19654,31131,40869,53968,65722,73695,80700,93565,104152,106224,123450,141994,148377,158836,167278,177374,188726,194611,209045
1710,10410,19565,31573,41216,54465,66764,74628,81582,94071,105848,106923,125182,142851,148489,159818,168613,179300,191081,197436,210683
1711,10428,19623,31216,41373,54643,67059,74831,82288,94069,105148,107506,125530,143252,147859,159513,166416,181082,188921,197511,211619
1712,10087,19057,30504,39304,51827,57554,70764,77418,89339,100611,103796,119352,136310,142932,151642,161656,173090,182708,189624,198256
1713,10955,19346,30731,43703,52353,63874,71346,78205,90762,102660,113939,132591,137474,144260,153463,164567,186596,197471,206284,218076
1714,10520,18814,30510,42922,51429,62507,69591,76582,89079,101039,111875,128934,134759,141677,152832,162794,181816,192196,202204,210809
1715,10492,18933,33554,43079,51676,63035,69996,77599,90848,108783,112898,128028,135272,143687,153776,175779,183280,191724,202752,212876
1716,10357,18943,32892,43156,51628,62960,70302,78434,91059,107563,112271,127195,134942,143763,154119,171201,181013,188477,198754,207100
1717,10378,19040,32548,43457,51885,63153,70764,79899,92023,107141,113277,127098,135680,144723,167246,170949,181781,188832,199331,208005
1718,10414,20664,31436,42276,50920,61687,68749,83871,90241,104113,111816,123529,134298,142059,164175,166930,181713,186793,199191,207812
1719,10384,20574,31180,42179,50726,61592,68876,83693,94413,103641,112229,123542,134025,145715,163965,166713,181244,186907,199484,208251
1720,10379,20130,30370,40745,49164,59818,67032,81181,100438,100804,110555,120973,130669,142584,158047,161165,173067,178823,187850,199344
1721,10414,20203,34120,40935,49415,60127,67341,81846,97265,101743,110813,121992,131282,151546,158638,165399,173716,181427,208857,215875
1722,10310,19866,33224,40717,49093,59126,66583,81595,96325,102839,112083,122342,130554,147797,159626,166230,176507,185546,216581,219167
1723,10358,20097,33375,41238,49632,59920,67177,82412,96310,103366,116103,123874,144682,149734,160605,167569,178113,186734,195155,200462
1724,10159,19678,29195,40191,48285,58484,65641,80756,92287,101688,114336,120836,140706,143378,156430,163241,172510,183211,188440,196890
1725,10970,19621,32576,40233,53412,58711,65450,81512,94291,102316,114334,130414,141100,143803,157018,163130,172950,186975,188489,199697
1726,10490,21090,31472,38708,51344,56320,63240,78490,89320,103737,110640,125132,135903,139062,150844,161001,166592,181441,182976,199824
1727,9882,21209,31620,38959,51735,63393,70373,79811,91037,106969,117978,125793,136715,144476,151898,161829,183841,194927,206318,215621
1728,10690,21152,31774,39366,51851,64069,70862,82283,94393,108644,118591,125728,137127,145280,152429,163678,182861,190371,204231,213009
1729,10536,21132,31770,39198,51666,57020,70780,82115,93438,107593,117211,125430,136729,146129,152068,166065,182865,188314,204159,211728
1730,10258,20414,30676,37566,49890,54770,68058,80230,91421,102599,112036,121144,132704,139997,147820,161350,178819,184660,200308,204427
1731,10302,22414,30850,41516,55095,61570,69024,88131,100066,103648,112814,122283,133592,153526,164368,171393,180189,186270,201999,207206
1732,10227,22009,29964,40197,53340,59609,67777,83940,91920,99546,108599,117254,127339,144693,155575,163705,169487,179587,189667,197651
1733,10379,22446,30432,40678,53888,60285,74032,82359,92768,101400,118097,128492,128079,145653,156809,165007,170721,184940,190826,202692
1734,10300,22253,30349,40876,53831,60435,73346,89129,95513,102633,118303,129820,129820,147665,159849,167411,174828,186754,196122,216118
1735,10424,22218,30237,40473,53626,60168,73146,83798,91782,102318,117701,129349,129349,147061,160002,166742,174929,186542,196163,206407
1736,10192,19687,29403,39317,52102,58171,70830,81796,92999,100048,105510,125480,125480,142206,154428,164263,168746,185597,188694,202830
1737,10332,21756,29832,43534,52605,58613,72203,82457,93631,107675,115584,126346,126346,143646,155528,164944,169875,185852,190157,209999
1738,10334,19753,29907,43542,52208,58457,71474,78636,90870,106038,114172,124544,124544,142917,152807,165882,167062,185777,187299,205719
1739,10400,21600,30340,43207,51940,57979,72187,79441,91069,105458,114016,124479,124479,142835,152934,166255,167424,186089,188342,206363
1740,10360,21584,30473,43252,52114,58202,71415,85247,91752,104839,113919,123490,136812,141857,150485,166115,165133,184488,187722,199333
1741,10450,19607,30815,43529,52339,58607,72342,85388,98792,105061,114485,123984,137167,146023,151333,166166,169582,184726,192035,200496
1742,10179,21076,30112,42337,51464,57408,71824,79754,95152,104193,114807,123473,135690,145888,148264,165274,172513,183375,194932,196777
1743,10325,21385,30692,42901,58201,58201,72895,84976,95640,105227,115295,124469,136630,146984,149997,165340,176845,184196,197616,198948
1744,10253,19192,30578,42632,51328,56976,71483,79434,94152,103214,112794,122724,135469,143122,149395,163753,177025,180543,196959,197864
1745,10289,21110,30711,42555,56980,56980,72145,83365,94061,103160,112770,122822,135428,144498,149463,163840,177949,180973,197134,197979
1746,10110,20633,30027,41571,55520,55520,70532,85629,92513,100693,111100,119965,133118,144517,149218,159707,174721,177240,194547,197673
1747,10245,20797,33371,41892,56197,56197,71744,84330,93245,101648,112559,120983,133745,145491,151868,160859,176230,178465,196089,199547
1748,10401,21029,33187,42600,57149,57149,72898,86333,94915,104598,114728,124483,136366,145386,154328,162261,176503,177852,196825,200598
1749,10532,20976,32702,42428,56993,56993,72518,85798,94150,103859,114002,124093,135916,144707,154489,162837,176271,178203,195735,200716
1750,10513,21297,32434,42790,57809,57809,73637,85778,95086,105022,115194,124887,137931,147613,159124,164429,178615,185252,199161,207023
1751,10466,21441,32400,43326,51950,57932,73515,85069,95534,105183,114943,125818,138762,146020,157734,165167,177621,184393,198416,208227
1752,10404,21296,29658,43551,52053,58149,73904,78707,95601,105887,115476,126200,138647,146764,156565,166567,177711,183961,196747,206023
1753,10424,21561,30126,44033,52616,58809,74543,81552,96389,106387,115824,126732,126192,146119,157767,166740,177291,185040,198249,207595
1754,10206,19118,29609,43403,52302,58446,73200,79895,93920,106379,116557,127314,140531,147539,158729,166433,177243,185691,199212,211283
1755,10337,21110,30230,43736,52617,58849,73267,84644,94435,106203,117004,127283,141350,146816,157747,166639,178278,185111,199887,212591
1756,10562,22760,33262,49231,59992,68124,83094,93855,111791,126188,138923,151887,151571,168123,183299,184575,198255,198941,218533,219631
1757,10456,20558,32819,40027,54899,68602,70095,83456,90640,100618,112523,126965,139184,140217,168231,169181,184761,187899,198590,201464
1758,10322,20110,31578,39070,47469,64858,67330,79945,87531,96016,106631,117177,128430,132654,141045,149156,173110,177834,189675,200057
1759,10373,20055,31494,38849,52071,64748,69108,80176,87761,96406,106355,128063,140233,144391,156271,165068,174003,184497,190304,214928
1760,10246,21983,31310,38813,52189,64629,71007,80439,86531,97376,106173,126319,138411,145063,153162,164773,169283,183118,192195,200736
1761,10706,19966,31342,39041,52462,65017,75765,82040,90743,98544,116886,126705,138829,145777,153785,166232,184321,191058,206810,225350
1762,10105,20333,28424,35154,47096,57975,68571,75347,80673,92101,105089,114004,125290,134748,138894,150429,167528,176883,188107,191327
1763,10285,20590,32571,43216,52259,58912,74182,82497,92375,102666,116135,125996,125996,146338,155318,162923,169798,178386,195876,208282
1764,10695,19814,30816,40892,49547,55598,69982,76942,87225,102487,108632,118735,118735,135748,145936,148439,160343,163293,179573,191746
1765,9815,19494,30600,40503,55171,55171,70101,86105,92863,101914,109953,117945,130615,134958,147352,148559,160626,162832,179113,190848
1766,10026,18881,29846,43511,47653,53729,69274,84125,92295,102834,110356,115720,128091,134416,145747,148832,161770,163543,178882,189533
1767,10551,20989,30446,44069,54325,54325,75391,84404,93022,103262,112267,116802,129104,134995,146680,149669,162238,164658,179555,191128
1768,11413,24486,35786,51931,64771,64771,87137,97072,105637,115215,125520,136134,149942,152245,165063,167723,179948,185297,200023,218685
1769,10257,21855,31010,42950,51797,64540,72360,80687,96932,105703,115228,124820,149571,150033,165046,167002,179012,185921,199546,201503
1770,11234,25973,36564,50228,60284,75145,84802,93093,100365,118984,130540,140895,153249,168760,185421,185854,202099,202397,225221,247286
1771,10877,21184,32528,46118,50569,60593,76738,85721,94014,101766,119374,129926,141376,142052,168936,170596,186265,186816,203318,203318
1772,10998,19291,29805,42842,51116,63289,79813,87046,94846,103137,121430,121430,143314,145354,156603,159614,189075,191356,205552,206638
1773,10176,19549,30140,38828,51639,63747,80278,81298,95671,103816,111923,122203,144125,146360,156868,160416,172835,176714,206910,207984
1774,10294,19047,29124,36912,49289,60114,74973,76102,90760,99898,116050,116296,138941,141700,153326,158932,169534,179208,205479,206268
1775,11020,19194,29782,41528,49758,60644,75060,83615,91744,101466,107742,118354,140080,142580,154164,163532,170456,184490,206517,207853
1776,9683,19829,28034,38123,45945,56386,69773,77646,85119,95960,110995,113773,132117,133996,145356,163938,161542,182749,193170,194147
1777,10565,19993,31653,42135,50791,62567,70315,85632,85904,105663,112008,124806,132950,138588,161644,168599,178837,186418,194285,196670
1778,9945,20205,31411,42765,51573,63440,71191,86536,90197,108464,115298,128425,138202,144795,169122,173145,188266,191362,206473,209879
1779,10231,20047,31159,42512,51520,63290,71141,86241,96458,106893,114987,128303,137909,145459,151997,161329,187720,189803,206770,209403
1780,10411,20328,31557,42935,52218,64220,72337,88032,92000,109360,119014,131990,143187,148268,158525,168408,196094,197721,212879,215254
1781,10482,20317,31745,43264,52580,64698,72618,88298,93212,99418,118924,120643,144237,147832,159309,168308,177490,181438,196994,200211
1782,10387,20039,31129,42298,51234,62775,70952,85006,92306,99921,113054,117782,123593,142627,149855,161118,166492,178991,184666,203332
1783,10496,20231,31619,42700,51459,63341,71560,85549,95210,102542,114176,127505,137178,145890,150921,167639,168029,190847,204153,229715
1784,10480,20606,32166,43651,52576,64671,72576,79485,92523,97018,115950,129011,139816,146141,153431,165604,171133,191192,206473,206912
1785,10348,20529,32060,43469,52329,64421,72264,79503,93278,101321,115481,128967,139498,146013,153344,166907,171751,179833,206743,206880
1786,10505,20582,31680,43293,52578,63909,71995,79080,93668,112567,115878,128937,139992,146300,154814,167458,173544,185506,210274,210274
1787,10504,20730,31864,43610,52819,64396,72645,87417,93519,98307,116400,129651,141289,146332,155832,166452,175095,187710,192732,195656
1788,10601,21133,32441,44441,53654,65732,73746,88415,94924,112566,106143,117528,140887,145751,154600,166129,172419,187140,189300,200380
1789,10633,21106,32096,44343,48401,65523,73506,88252,93835,97937,116006,118744,140381,145632,154364,169174,173058,186365,189005,211283
1790,10648,21716,33013,45598,49915,67467,75679,82821,94958,109278,121325,123990,147191,149646,162125,167072,181445,189274,200070,220518
1791,9958,21721,29486,41625,50226,61427,75782,83414,95135,102246,110537,124396,134654,141966,147955,167782,182175,188639,201297,202433
1792,10274,21731,29949,41214,54857,61089,75187,82810,94578,107353,120991,124033,134308,149799,147295,165300,180942,188017,200148,203236
1793,10350,21928,30428,41770,50414,61445,75942,83419,95125,102227,110945,124955,135304,142966,148886,167301,182355,188124,201319,206053
1794,12531,14370,15283,19234,24139,29312,32790,37061,41408,45598,50056,55164,55164,61108,67344,67755,75486,75486,83340,83341
1795,14232,31062,39074,51027,59798,70922,78487,87146,91053,104956,109690,128275,139160,142309,158816,162326,175255,176012,193918,196828
1796,11483,25611,35819,51028,60773,73228,81982,85359,97363,107083,124047,131276,142492,154520,157370,173796,180176,191824,199714,212102
1797,11144,24416,34316,48611,58569,70909,80035,84260,97311,107243,120675,129297,142341,144649,158001,171163,178023,191583,198619,231737
1798,9889,23561,33063,47247,57953,70240,79445,83990,96224,106690,118352,121602,130869,144849,157364,171580,179366,191544,198626,210717
1799,10269,22806,32808,47326,57172,70524,79048,83494,96634,106216,117084,123388,131230,144116,155555,167596,173249,187146,197188,204441
1800,10368,22341,32815,43288,52123,70752,79510,84134,95652,106208,115331,124138,141253,144927,155744,168397,179451,187493,197750,204977
1801,10431,22435,32948,43993,53095,71664,80039,83935,98476,109077,119513,126316,144375,157775,159532,174244,178759,194131,200112,214114
1802,10437,22693,32354,44091,53581,72243,80889,84577,90949,108228,119008,125335,131307,145268,159380,174440,179065,194894,198870,214931
1803,10580,22768,32231,43626,52953,64635,71004,83192,88878,106796,119027,125826,132942,145604,150173,174995,176826,194474,200085,215511
1804,10400,22654,31961,43189,52729,64086,78776,82600,89118,106709,117656,125419,132349,145416,154142,156893,178420,193139,198522,214511
1805,10391,22490,31562,43413,52747,64399,79647,82976,91220,106142,116564,123928,132640,143310,154938,155003,174343,171211,196967,208917
1806,11253,22555,31642,43732,52859,64735,80162,83786,92868,106854,116824,125273,133888,145104,159882,171335,175835,189928,196743,209928
1807,10042,22820,32352,44417,54153,66348,82281,84628,94874,109093,119729,126361,135795,147563,161121,176459,181516,195634,199316,215866
1808,10241,20317,32071,44378,53932,66196,73315,84050,93160,99476,119051,125445,136218,145869,150853,175844,179643,194967,199496,215211
1809,10364,22536,31827,43519,53253,64985,71621,82688,92347,98426,117820,123720,135121,144894,154226,158627,178091,175524,197306,215691
1810,10486,20078,31923,43701,53311,65123,80555,82959,94064,98756,118323,125206,134979,146106,154794,159131,178488,196221,197907,216443
1811,10313,20085,31750,43574,52932,64829,80472,83033,92885,99910,116607,124690,134139,143764,156142,156640,174181,172575,195595,210364
1812,10454,22711,31776,43873,53436,65649,81171,83725,93818,100661,117876,124288,134972,145531,160704,172598,174866,191998,197073,211061
1813,10529,20504,31953,44928,54558,67091,74359,84793,94686,102879,121063,126999,137615,149906,163807,178662,182011,198868,201142,219743
1814,10514,20655,31906,45179,54731,67231,74568,85322,94527,103098,121578,125885,136972,149107,151609,162966,166709,180027,200127,220618
1815,10466,20440,31648,44402,49124,66209,73038,83406,93860,101422,107842,125530,135043,146640,152325,162428,176384,178400,198002,217583
1816,10285,20612,31778,44662,49302,66456,73746,84912,94382,102650,108273,125072,135557,147009,154937,161342,181993,197862,198633,218232
1817,10565,20666,31773,45049,49784,66909,74020,85299,94493,104115,108207,124381,135163,147385,156669,160942,179026,195319,197423,215929
1818,10359,20642,31722,44832,49575,66578,73669,83806,94273,103647,108047,124677,135511,146762,155319,161044,178299,176892,197616,215432
1819,10630,21017,32571,45939,50955,68859,75981,86937,96651,110702,112186,126979,137457,151716,157164,167276,183385,202463,203787,221941
1820,10447,21175,29592,41389,51255,62046,76574,87411,90639,106207,112623,126994,138018,151503,157951,167456,170167,182449,188207,222868
1821,10470,20841,28973,40502,50168,60563,74100,83809,90774,104356,110448,125112,130014,148759,154497,165662,171589,180640,193321,198831
1822,10545,21099,29298,45732,50442,67898,74947,85498,93023,104581,111341,125266,137412,149370,156806,165129,173868,181706,196531,221766
1823,10268,21074,33742,41654,51839,69363,76311,87059,93547,107006,113280,126556,137912,152132,157805,167312,184856,184132,198194,202447
1824,10535,21238,32877,41600,56368,62114,76360,87003,93542,106868,113089,126483,130629,151807,156732,167982,171926,184094,197223,202257
1825,10359,21312,33075,41964,52671,63276,78303,87832,96365,108935,117075,129943,134198,156195,158108,172824,177175,190272,199710,209138
1826,10613,21419,30114,42143,52848,63907,71058,88833,93565,100873,117163,129282,135123,141119,159851,171878,177731,190619,198541,209749
1827,10391,20975,29537,41321,51518,61993,68594,85031,93137,95090,113138,126016,133926,137426,155445,155200,174820,187136,198235,206728
1828,10416,20983,29426,40901,51196,61603,68177,84333,91814,97150,112455,125191,134980,136816,155624,157911,187272,186550,196609,205388
1829,10378,21092,30009,41231,51567,61788,76319,86029,93463,100824,113618,125244,134936,136926,154937,169002,170373,184034,197228,202479
1830,10328,21122,30533,41517,51908,62230,76727,86067,94163,114948,113946,125756,135556,138028,155884,168845,173718,184490,198059,203023
1831,10594,21395,30859,42045,52826,63183,77931,87814,95682,109554,116566,128210,136386,140716,159058,172552,190065,190065,198195,208661
1832,10516,21624,31363,42388,53273,63682,70933,88200,93637,99207,116870,128998,135707,142166,157914,172108,174015,190075,198708,209529
1833,10404,21489,31012,42072,52307,63369,70311,87077,93245,99148,116239,127544,135318,142094,156884,157576,175102,189865,198009,209711
1834,10428,21507,30821,41975,52246,63130,70122,86783,92750,100648,115375,127283,135600,143162,158623,160561,174624,189139,198087,209519
1835,10473,21393,30701,41827,52212,62559,69672,86575,93153,102030,114951,126180,135336,143583,153124,162750,173875,185078,197324,202928
1836,10485,21518,31027,42079,52490,62893,70038,87119,93865,108723,114764,126463,135000,144246,155044,171568,174916,185474,197226,204156
1837,10368,21797,31779,42928,53329,64497,71544,88690,95108,101536,117296,129410,136448,146645,160418,174660,192182,191864,199140,211150
1838,10623,21737,31377,42822,53196,64222,71542,88586,93832,102474,107688,129271,136711,146485,158698,159634,174982,191203,198871,211228
1839,10372,21622,31431,42331,52819,63618,70523,87626,93660,109915,106572,127803,134034,145747,157018,162063,172198,189453,197642,208402
1840,10450,21732,31465,42561,53064,64165,71007,88016,94184,101177,107437,128599,135775,146118,157256,165538,174679,189970,198318,209423
1841,10349,21461,31259,42131,52166,63034,70183,86676,93411,101967,106527,125685,134687,144356,153901,166142,172512,185061,196192,204046
1842,10398,21705,31398,42511,52629,63657,70765,87423,94041,109324,107933,126182,134862,145262,154285,171469,174889,186046,197799,205179
1843,10311,21855,31860,43196,53641,64658,71884,88923,95110,101754,110878,128944,136274,148017,157739,172287,190749,189419,198515,209205
1844,10295,21822,31652,43217,53270,64684,71992,88871,93988,102609,112571,128806,135971,146353,157913,161572,174445,189893,198097,209353
1845,10649,21659,31230,42503,52825,64034,70887,87429,92830,102261,112722,127248,134965,146010,156140,165046,174187,187869,198411,208210
1846,10470,21918,31418,42839,52935,64485,71266,87971,93959,109536,114108,127754,135653,145703,156946,165190,174989,189054,198858,209411
1847,10709,22336,32230,43973,54626,66297,73619,90312,95533,104838,116806,130227,137411,148425,159364,167799,178915,191653,197270,211322
1848,9593,22147,31511,38708,54414,65954,73307,90184,94582,103912,114950,117718,134189,147092,159174,166465,177710,190818,199415,211129
1849,10120,22883,32426,44995,55760,67609,75226,92427,97025,106623,118073,121587,139958,150186,164740,170178,182955,198157,202664,219756
1850,10238,20613,32220,40175,50655,61650,75296,83205,96962,106141,118316,122339,137631,141733,149924,169318,182194,180842,201384,198968
1851,11343,20779,32656,45425,50937,62089,76382,83962,95609,105615,118212,124264,140183,143824,152624,159741,186028,184878,206342,203278
1852,10097,21029,32766,40771,51176,62634,76733,84507,96846,106170,117969,114045,140254,145620,153782,172541,170117,169864,206058,204203
1853,10341,21486,30132,42143,53129,65196,79662,87728,100052,111075,122481,120003,145985,149408,159526,162731,176397,177066,211037,209732
1854,10298,21386,30357,42367,53414,59335,72322,87981,99521,100720,111540,120524,133862,149264,147987,165238,176428,178582,193242,191286
1855,10558,22243,31653,44317,55980,69010,76085,93394,105557,108509,118003,127721,142405,157122,158678,173291,188001,193516,206495,203763
1856,9667,19703,28443,39355,49962,62781,76569,84812,105072,108514,117937,117018,142277,144029,159603,162682,188182,191522,188355,204296
1857,10923,20546,29393,40910,51593,64676,79072,87858,97287,109921,121001,121001,145336,149385,163372,169437,177465,198711,197748,214458
1858,10788,20439,30029,40774,51613,64562,71414,87552,96687,108639,109980,121410,131568,147899,149647,168621,177030,181089,197777,194903
1859,10962,21230,31672,42904,54279,67955,74770,91866,101509,114894,117968,128389,138750,154865,157385,174312,181324,185835,202146,199394
1860,9831,21262,31577,43068,54509,61333,75050,82984,102193,115031,117760,118703,138922,141621,157355,171330,169086,187515,184758,200263
1861,9338,21723,32041,43900,55749,62875,76771,85250,104182,117502,118635,123847,141739,145795,160566,173467,172996,192213,193683,206213
1862,10789,21921,31995,44295,56146,63161,70114,85374,95091,105408,119003,124937,129521,146010,159961,161542,174326,190604,195307,207214
1863,10620,21842,31890,39591,49983,63292,70418,85561,95131,105553,118723,124681,129739,146640,159560,162344,173827,189820,195161,206118
1864,10628,21766,31634,39455,49690,63075,69930,85208,94692,104855,117996,124824,129791,146231,159193,163943,176180,189143,196090,205525
1865,10468,21595,31296,39333,49250,62610,69558,84088,94071,103919,117705,124076,130837,146217,157299,162862,172114,186131,195175,202043
1866,11303,21735,31407,39468,56120,63082,69827,84424,94370,104329,118158,125129,131159,146432,157233,164164,172983,186271,195750,202289
1867,10936,21747,31454,39649,49168,62966,69873,84411,94584,104241,118103,125253,132594,146388,157555,165148,175290,186618,196778,202430
1868,9719,22011,31825,40196,57454,64084,71059,86113,96621,107484,120853,127345,139105,149402,160756,168909,179276,191467,200649,208501
1869,10060,21566,30756,38746,48424,61968,75053,83219,93042,103013,116031,121244,130238,141996,155112,163779,172543,184149,194528,201186
1870,10207,21517,30797,43200,55305,62068,75386,83423,93526,103187,116933,123145,131996,145027,155382,165136,175919,185105,195697,202455
1871,11437,21943,31531,44077,56677,63428,76609,84765,95397,106479,119780,126038,134364,147190,158561,167230,179775,187714,198050,206175
1872,10222,22181,31820,40026,49991,63869,70586,85211,95945,107288,120552,127475,135948,147748,159228,166842,176926,188222,198907,206753
1873,9210,22058,31721,39980,49988,63693,70508,85351,95805,106908,120008,125108,134977,147038,158969,165980,176728,187390,198762,207064
1874,10294,22392,31697,39972,49704,62951,69514,84105,94200,103807,117329,121646,134388,143613,153964,163529,172696,184669,194716,205087
1875,10541,22953,32811,41185,51560,64609,71865,87369,97317,106972,119499,124366,137142,147786,159529,167877,180707,194152,203404,216488
1876,10388,20451,29152,41276,51562,64909,79394,87817,97458,107021,119695,124798,137480,147924,147924,168837,180364,179391,202101,193618
1877,10485,20568,29176,41052,51060,64332,71147,86294,95632,106946,118638,123418,134463,146401,147398,164884,176463,176593,194679,191084
1878,10540,20575,33081,41000,50868,64341,77768,85989,95299,106321,118509,123727,134041,146011,148066,164703,176504,180718,195398,210333
1879,10417,20595,32850,40965,50876,64194,71037,85801,95345,106582,118463,123394,134090,146000,148363,165877,176856,185167,196131,210421
1880,10641,21226,33707,42036,52181,65642,78982,87393,97451,108262,120539,126161,136200,147326,150435,169679,177441,186963,196846,211578
1881,10779,21704,30569,43183,53483,67406,74358,89825,99954,109964,123415,131470,140343,149790,154297,173259,181310,188915,200560,216599
1882,10497,21953,30883,43581,53924,67700,75002,90001,100403,110569,124008,127235,140033,139332,155116,172578,181206,189391,201833,199497
1883,10522,22403,31589,44291,55179,69464,76553,92116,102810,114253,127476,131036,143232,144278,159403,171194,183820,189011,204492,204298
1884,10456,22321,31499,44276,55112,69278,76241,91843,102674,113988,127161,130401,142153,144480,159013,169632,169632,188551,204231,205565
1885,10373,22229,31344,44085,54897,68971,75858,91445,102480,113534,126658,141245,140301,143983,158103,169391,170878,187932,199566,203667
1886,10742,22690,31797,44198,54794,68283,75456,91089,100878,111585,124162,136954,136783,141671,156768,167240,170047,185430,199212,203820
1887,10945,21498,33425,46529,57530,71869,78987,95282,105615,116714,129622,130685,143207,148097,161490,173982,179483,193422,206815,211308
1888,9768,21527,33357,46534,57324,64260,78709,86122,95053,116637,129539,130268,142487,147111,160626,160300,177434,191133,189777,211651
1889,9967,21549,33355,46550,57388,64321,78863,86110,94976,116476,129807,130020,142132,146765,160275,160998,179049,190206,191984,210818
1890,10532,21893,34057,47380,58277,65404,80017,87123,96140,116864,131078,131063,143044,148645,161539,163539,181122,194743,195754,214290
1891,10565,24110,33884,47211,58050,65053,79653,86885,95594,116565,130097,130367,130635,147115,160969,163486,179063,181493,197275,212400
1892,10548,22912,35548,49659,61340,68819,84360,92234,101186,124211,137810,137810,138379,155454,168433,171908,186376,188763,206518,221407
1893,10404,25585,32282,45103,55470,69603,77389,93424,102634,113980,125451,139933,140436,144947,157185,175035,187109,193835,208237,207944
1894,10420,25615,32275,45290,55390,69682,77649,93404,102767,114130,125946,140019,140263,145085,157282,174367,187069,191194,206003,207979
1895,10475,25556,32247,45023,55130,69378,77362,93042,102379,113847,125568,139484,139602,145002,156893,172555,184505,189991,204444,208242
1896,10441,25884,32784,45997,56502,70787,78798,94819,105230,115868,127867,142240,142240,147745,158163,173670,185345,191740,204357,209125
1897,10528,25931,32835,46029,56578,70965,78751,86325,105068,115867,127765,142375,142375,147679,158442,172664,172431,189738,204129,208713
1898,10294,25964,32723,45855,56239,70404,78043,85953,104102,115765,126957,141051,141051,145264,157044,171044,171416,188162,201315,206732
1899,10217,25398,32202,45508,56260,70349,78844,87343,105222,116766,128267,143584,143584,147898,160781,174489,177711,193865,210219,215167
1900,10418,25546,32305,45670,56395,70667,79095,87492,105530,116949,128569,143909,143909,148064,159764,161360,177421,192374,190953,215259
1901,10411,25380,32151,45497,56264,70415,78623,87011,105072,116678,128233,143583,143583,147366,159008,161749,177254,191138,190965,214235
1902,9922,24376,30885,43947,53967,68655,76400,83716,102554,114510,125887,140651,140651,144511,154233,159480,170735,183335,183335,201611
1903,10327,24323,34189,43989,53881,68687,76503,83873,102413,114655,125916,140535,140535,144811,154077,159683,171863,184148,201186,203887
1904,10887,18648,33737,43496,52977,68363,75756,83081,100625,115164,125638,140735,140735,146128,155810,160673,171258,184198,199942,203213
1905,10614,18659,33534,43419,52628,68088,75535,90899,100176,114487,125303,140517,140517,145435,155187,161232,171991,184777,198753,203378
1906,10197,17887,31816,40987,50422,64423,71502,86746,96539,108576,119797,133638,133638,138174,147826,153851,165063,177379,191510,197384
1907,10371,20017,31881,45578,57865,64378,71877,86708,96323,108481,119888,133567,133567,149209,149045,165750,178657,178952,192438,212759
1908,10299,19578,31058,44402,56204,63131,70350,84978,93860,106746,116973,131247,131247,147491,147963,163623,176987,179685,190020,208543
1909,10393,19594,31012,44356,56315,62994,77363,84966,93757,106702,116976,131125,131125,147111,159824,164809,176334,180387,191580,208462
1910,10356,19527,31208,44685,57060,64079,78609,86259,96316,108735,120524,134713,134713,149224,162358,169609,181614,187750,195944,215097
1911,10331,19411,31134,44468,56716,63908,78249,85976,95832,108316,119926,133945,133945,148235,161710,168403,180166,188096,194970,214082
1912,10585,19651,31218,44091,55749,62810,77483,84981,94361,106334,116574,130973,130973,146012,158001,165222,177237,185490,196960,210971
1913,10502,19692,31140,44107,55561,62691,77208,84994,94218,105998,116568,130815,130815,145225,157644,165547,177133,185760,196877,210967
1914,10574,20112,31699,44785,56763,62962,77639,86115,96008,107228,118286,131566,131566,144167,156063,163454,174499,184321,193901,207157
1915,10466,20085,31691,44503,56394,62971,77380,85826,95780,106967,117996,130966,130966,144522,155495,163831,174650,186001,193685,206614
1916,10516,20234,32528,45951,57940,64509,79812,89663,98872,111222,122832,135253,135253,148183,159921,169137,181333,203350,201318,213374
1917,10447,20273,32617,45926,58010,64550,79848,89675,99036,111240,122473,134969,134969,148262,160485,168006,179465,184860,201300,213453
1918,10559,20407,32279,45530,56846,63077,70479,86818,96367,107361,117904,130390,130390,142954,154876,164251,174801,179684,195012,205638
1919,10449,20430,32289,45498,56905,63186,78145,86884,96468,107181,118013,130452,130452,143350,155216,165743,174844,184644,195516,205481
1920,10496,20588,32579,45905,57743,64176,71658,88202,97476,109095,119614,132241,132241,145341,156565,165413,175860,198774,197501,207657
1921,10440,20502,32364,45671,57578,63968,71174,88040,97068,108363,118807,131810,131810,144959,156363,165437,177910,193559,196233,207988
1922,10415,20362,32084,45076,56061,62457,76945,85081,94431,104117,114377,126324,126324,139379,150591,158762,170380,185797,191163,200396
1923,10423,20331,32018,45024,55994,62377,76878,84938,94297,104468,114461,126442,137283,140502,151019,166048,174106,185857,192480,202818
1924,10397,20497,32116,45196,56440,62680,77692,85181,93619,104212,114219,127551,140037,145049,154357,179599,176871,193562,197743,206775
1925,10374,20348,31930,45137,56107,62641,69879,84654,93316,103619,113671,127107,139753,143306,154177,161624,176540,189828,198044,207683
1926,10338,20311,31784,44359,55402,61598,68460,83520,92352,102560,112582,124762,135677,141172,149576,158796,171499,182899,193804,201177
1927,10349,20417,31844,44299,55361,61905,75976,83466,92757,102650,112781,124790,135860,141696,150176,174415,173849,183488,204225,202641
1928,10449,20377,31518,43977,54969,61203,75356,82514,91776,101331,111943,124157,135093,142204,153227,170679,172455,183186,203971,202716
1929,10455,20320,31479,43951,54941,61225,75228,82497,91637,101559,111929,124055,135189,142166,153558,169802,174971,187636,202574,203875
1930,10512,20340,31711,43968,54608,60926,74817,82307,91087,100954,110671,122858,133590,141996,152539,169145,175466,186337,200865,202799
1931,10510,20261,31536,43805,54436,60783,74570,81969,91028,100493,110067,122281,133235,141912,152132,168501,176130,186420,199844,204792
1932,10458,20440,32060,44830,55872,69224,76385,83961,93320,103119,113266,125832,137075,145386,156575,172238,190149,190149,203621,208585
1933,9490,20526,32114,44655,55760,62247,76531,83835,93297,103011,113002,125271,136974,145900,156104,171509,173666,189565,201531,208786
1934,11014,20525,32048,44301,55055,61495,75382,82830,91707,101810,111763,124029,135220,144313,154253,168501,171675,187406,199175,207537
1935,10598,20387,31867,44180,54744,61147,75262,82605,91109,101261,110999,123312,134620,144681,153668,167446,177580,186693,198505,207753
1936,10649,20734,32073,44602,56228,62588,76801,84108,94354,103883,114903,127084,138286,148099,157187,171153,189489,189489,201551,210682
1937,10580,20673,32029,44841,56141,62519,76786,84309,94326,104150,114955,127307,138445,147523,157278,169242,174934,189341,201376,210438
1938,9383,20235,31411,43601,54664,60691,74230,81957,91149,101026,111052,123304,134032,143102,152984,164890,170904,184276,196682,205737
1939,10099,20320,31324,43548,54562,67428,74495,82011,91116,101246,111110,123204,134014,144310,153732,164670,171439,185288,196677,206940
1940,11166,20400,31643,44121,55445,68553,75479,83692,92257,103611,113871,126592,137541,146539,157380,166507,177548,188909,199699,208424
1941,10602,20405,31454,43887,55309,61572,75266,83361,92080,103209,113238,125757,136989,145810,156278,168070,177746,188557,198977,208081
1942,10516,20298,31761,44680,56124,62715,76731,85078,95213,106704,117721,130089,141374,149760,160230,171306,180130,190993,203976,212174
1943,10486,20227,31663,44445,49934,62607,76456,84826,95028,106389,117751,130127,141256,149062,158855,158855,178027,189724,188478,210206
1944,10164,19410,30001,41747,52422,58402,71627,79238,87396,98115,107779,119590,130659,137466,147799,147799,169967,178207,176755,200394
1945,10224,19343,29687,37320,52298,64586,71279,79020,87091,97819,119288,119288,129984,148116,148244,164201,180550,180550,192605,214463
1946,10245,18750,29167,37090,51949,58070,71410,78906,88081,98603,120533,120533,130973,147774,151464,163524,178919,183097,193844,213455
1947,10349,18802,29315,37079,52051,58101,71455,79060,88468,98721,120790,120790,131053,147687,153237,164372,178934,184930,194499,212855
1948,10480,19125,29621,37233,51407,57368,70905,78245,86039,95172,116770,116770,128037,145093,153488,163324,176612,192865,194794,210526
1949,10505,21287,29691,37324,51313,57426,71110,78040,86011,104558,116758,116758,128026,145464,163361,167336,177262,190930,196933,210585
1950,10518,19528,30255,38321,53296,59513,72827,80472,99670,109638,122180,122180,132829,149808,165397,167069,180051,195461,199980,213885
1951,10462,21574,30257,42392,53122,65756,72784,79985,99239,99239,109083,121802,132415,149421,163491,166351,178565,180725,198922,213054
1952,10508,21780,30064,37892,52134,65009,71597,78784,87073,96239,106186,118032,128995,146035,158582,164943,175608,179286,195969,209455
1953,10425,19505,30037,41838,52172,58190,71643,78579,96030,96030,118026,118026,129116,146022,158526,166005,175478,185796,199157,209158
1954,10547,22040,30352,38081,52294,58462,71370,78624,86838,96564,117641,117641,128182,144830,157573,166935,175350,193910,198686,207386
1955,10505,19785,30282,42032,52094,64638,71300,78197,96034,105540,117282,117282,127951,144407,156494,166605,175260,190801,198067,208733
1956,10582,22225,30671,38435,52261,58469,71846,78812,96661,106167,118103,118103,129308,145973,159324,167115,176639,192464,196002,210094
1957,10585,20061,30712,42424,52508,65107,72038,78874,96337,106134,118126,118126,129400,145728,158182,165996,175853,191773,198577,211635
1958,9544,20112,30545,38218,52478,58674,71882,78824,86974,105842,117522,117522,129163,146468,157336,166433,176592,191150,197263,208509
1959,11014,20070,30554,38116,52633,65190,71744,78858,96654,105770,117760,117760,129425,146236,156753,166562,176598,189127,197925,208839
1960,10717,20245,30746,38459,52751,58707,71813,87003,96360,105902,117534,117534,131752,146358,157463,167113,176208,188406,197188,209242
1961,10633,20054,30530,38203,52328,64799,71476,86555,86555,105073,116907,116907,129482,145594,156453,165643,175644,186504,196571,207665
1962,9415,20204,31041,38848,53263,59550,72935,80134,98180,107504,119768,119768,132378,148169,159143,167856,179383,191045,199923,212262
1963,9997,20141,31002,38789,53155,66106,72743,88387,97808,107901,119602,119602,135181,147931,158762,167582,178694,190209,197740,209300
1964,10414,20192,30777,38539,52729,65125,71996,79051,87363,106332,118426,118426,132651,147160,157617,166765,178232,190295,199166,208103
1965,11160,20053,30582,38331,52462,58413,71599,78487,96161,105871,117814,117814,133969,146107,156955,166748,176570,188463,198158,208103
1966,10661,19964,30617,38418,52821,65518,72185,87785,97355,106788,119073,119073,133719,147252,157147,166692,177628,189332,196428,208556
1967,10612,22309,30671,38401,52962,58901,72160,79371,87718,106934,119031,119031,134453,146075,157326,166468,178040,189771,196562,207716
1968,10334,21800,29910,37316,51320,63732,70142,85092,93752,103405,115113,115113,131974,143091,153363,163632,175359,185211,194736,203873
1969,9455,21763,29912,41172,45697,57019,69933,84967,93456,103190,114771,114771,132180,142822,152101,174962,175606,185371,195557,204870
1970,10893,21875,30227,41888,46503,58192,71669,86659,96400,105790,117970,117970,134943,146359,156540,174451,176892,187727,197502,209384
1971,10549,21792,29975,41773,51964,57933,71032,78300,96155,105265,117467,117467,134335,145924,155942,174204,175885,186855,197070,208769
1972,10322,21566,29877,41714,51832,57800,71426,86731,95769,105773,117811,117811,135875,147203,158147,174981,179358,191594,200589,213031
1973,10385,21563,29936,41827,51733,57924,71419,78470,95692,105725,117564,117564,135749,146846,158313,159997,178999,191110,199750,210124
1974,10326,21697,30056,42277,53394,59499,72942,89566,99626,109684,122311,122311,140163,151480,161143,164974,182058,192459,199732,212738
1975,10350,19207,30014,42098,53032,66125,72703,80151,88982,99178,109434,122160,137700,150575,149817,165025,180218,176377,198989,211084
1976,10625,22068,30714,43146,54038,67298,74391,90459,90459,100269,110944,122946,139196,151601,152957,166856,183931,181629,203321,214438
1977,10403,19703,30799,39106,54062,67245,74206,81233,90292,100170,110832,123013,138750,151374,153054,166704,182917,182593,201824,195794
1978,10599,22419,31328,39851,49041,69044,75880,83321,103323,103323,113676,126211,142784,152798,157296,171094,185658,188347,206644,201806
1979,10464,20048,28291,44141,55477,61797,75747,83283,92475,103348,113692,126328,141426,140136,156910,169978,169978,188102,202442,202985
1980,10327,19422,27374,38293,47131,59045,72510,79377,87727,97524,107724,119340,133071,134141,150165,162566,165232,181407,197484,197300
1981,10265,21662,29946,38084,52666,65599,72044,79059,87474,97054,118941,118941,132961,146853,149977,163187,178145,182703,196658,215103
1982,10353,21361,29787,37622,52128,58036,71109,86440,96282,96282,117676,117676,132104,144586,148839,162168,174006,180265,191400,209787
1983,10310,21492,29677,41583,51965,57781,71023,86157,96263,105817,117528,117528,132762,145501,160078,163489,174368,194946,192075,209631
1984,10114,18146,27831,39042,48481,54046,66389,73155,89459,98231,109962,109962,124793,137982,151958,156630,171483,185204,190247,202502
1985,10252,20166,27765,38825,48224,59949,65991,79939,89157,97675,109228,109228,137623,148931,153057,169441,182010,185033,203932,202430
1986,10077,19590,27124,37961,47708,59603,65869,80334,89747,110434,110434,120772,138327,149029,153539,166711,182220,187154,201534,202094
1987,11103,21827,30874,38118,47811,59881,72612,80414,89964,99005,110506,120768,136882,149402,154148,166949,182076,185293,201039,203336
1988,10548,21637,30552,37647,47249,59148,71865,79436,88634,97568,109202,119496,136549,148407,154327,166924,181114,187561,201346,206936
1989,10556,21597,30426,37769,47254,59148,71812,79190,89076,109148,109148,119480,136510,148115,160017,167248,179051,187528,199124,207512
1990,10342,21864,31334,38927,49652,62243,75074,84218,94859,117306,117306,128078,146791,156387,162546,178298,187645,195556,213230,217183
1991,10281,21745,31229,38771,49345,61878,75078,83668,94313,104703,117015,117015,145414,145415,161567,175117,173010,194580,188587,214511
1992,10247,19205,30932,38267,48668,60860,74384,82744,92762,102212,114340,114340,139325,142295,159094,173718,174000,189711,192240,213874
1993,11134,21514,30772,38285,48542,60709,74203,82568,92644,102422,114454,114454,139083,142100,158885,171714,173963,189252,194596,213669
1994,11120,22244,31827,39478,50345,62841,69247,84823,95390,105428,117880,117880,141388,145628,161678,173090,176895,192848,199560,215652
1995,9878,19846,31671,39310,50124,55848,69076,84762,94952,105197,117335,117335,128731,145097,160343,160196,176325,190045,197559,213412
1996,9321,22704,32562,40728,51060,57449,71577,87314,96590,107419,119667,119667,131873,148540,163631,164740,183044,196670,205825,219489
1997,10843,20153,28745,40692,51107,64349,71592,87169,96631,107699,119710,119710,133531,148411,162664,164716,181199,181357,203376,196937
1998,10833,20689,29015,41316,52497,65928,72656,88295,99592,110056,123090,123090,137154,150718,163257,167243,180020,183355,201792,202120
1999,10450,20626,29517,41258,52434,65866,72597,88363,99620,99620,110258,123064,137583,150571,151459,167267,179923,185363,198652,203554
2000,10584,20344,33071,40651,51386,64501,70783,86461,95836,95836,107445,119351,131410,145651,148836,162578,174353,180826,191317,198643
2001,10454,20305,32452,40457,51178,57475,70330,85948,95610,106746,118789,118789,132614,145095,148818,162995,173555,182144,195830,216525
2002,10203,19825,31358,38656,48290,53734,66169,72653,89411,98438,109685,109685,122766,134891,140358,152841,164192,176609,183949,201026
2003,10423,21889,31302,42666,48063,59867,72384,80093,88901,98233,109608,109608,135432,145150,152351,167066,177820,190092,202583,203417
2004,10229,21408,29911,40627,45753,56627,68393,75420,83217,92338,102539,112371,127628,135974,146007,157960,167533,181977,190169,195209
2005,10471,21279,29909,40454,45377,62365,68127,82924,91559,101752,101752,112073,136542,138153,156776,167953,182540,191540,192362,208256
2006,10156,20925,29647,39885,49939,61050,66942,81863,90054,100141,100141,110993,134167,146631,154388,164532,178812,187473,192889,216982
2007,10432,20908,29828,39764,49668,61154,66931,81927,90169,100384,100384,124235,134004,146737,155103,165964,177412,187602,202879,214504
2008,10097,20057,28846,37659,46926,57588,62970,76416,84228,93474,93474,116936,126438,139359,151880,162160,168667,179315,192526,203772
2009,10873,20063,32246,41954,46654,62841,68973,84041,93286,93286,102143,119971,139022,139631,160270,172161,172161,191619,204313,203828
2010,10568,19774,31988,42523,47503,63388,70066,85038,94411,94411,103341,121955,138337,141180,154749,159338,173320,188377,203574,204522
2011,10426,19716,31611,42241,47121,63014,69397,84351,93798,93798,102657,122185,137740,140922,155245,172095,173060,188435,202502,204910
2012,10488,19997,32067,42342,47388,63202,69536,84670,94112,94112,102541,129927,137801,142218,157280,162048,175741,187090,201324,206852
2013,9646,19891,31663,42337,47321,63222,69585,84351,93786,93786,102252,128620,136823,144031,156588,171233,176023,186730,200824,207470
2014,11226,20705,32698,44082,49187,66060,72400,88048,98042,98042,107254,132281,142123,148309,159712,163201,179656,192354,207115,211836
2015,10909,20609,32406,39154,48930,59782,72131,79655,97309,97309,106284,123184,128876,146406,157491,174305,177010,179231,205276,209584
2016,9753,20997,32797,40073,49818,61290,73777,81385,99524,99524,108863,125696,133151,148429,161145,164743,181199,197956,210717,215265
2017,9389,21005,29392,40042,50156,61146,73657,81509,89823,99567,108717,125313,132872,147398,150604,163015,180445,184398,190341,214777
2018,10807,21607,30561,41236,51574,63301,76157,84258,92090,102891,111855,128366,136643,151507,154898,167354,181779,184682,194485,216597
2019,10693,21557,30734,41272,51576,63400,76054,84305,92123,102685,102685,126844,136893,150154,155130,165572,180771,185338,194391,215981
2020,10829,22605,32566,43848,54595,67145,73764,89119,97735,109324,109324,133688,144904,159705,164469,176868,193421,199790,208347,228435
2021,10699,20175,32035,43635,48634,60618,73398,80230,97284,108708,108708,119823,132732,145071,161203,163688,172707,179225,190833,207324
2022,10722,20935,33033,44978,50296,62609,75854,83409,100997,112740,112740,125762,139802,150975,166941,169323,181159,189000,199036,215115
2023,9679,20801,32888,40516,50199,62718,75840,83368,91974,100738,112461,125519,138139,150558,152772,169315,167054,188343,198114,197513
2024,10082,20911,33195,41132,50825,63468,76705,84195,92600,102050,113634,126305,139370,152646,153918,169469,169469,187437,199079,199423
2025,10309,20931,29161,40950,50459,63205,69506,83601,92304,101679,112934,115722,136930,150552,153150,168570,169507,186320,197896,201003
2026,10443,21635,30576,42833,52800,65968,72600,87337,96776,106115,118538,122429,143366,154946,159945,172966,179080,192688,204051,208671
2027,10496,21597,30601,42768,52878,65895,79355,87524,96851,106524,118697,123404,130248,143116,159422,160085,178869,192698,185862,207415
2028,10844,22681,31827,43944,54292,67739,74234,89364,98924,109013,120828,125268,132755,146077,161681,163786,179744,193152,191742,214211
2029,10538,20333,31772,43815,54215,67691,74375,89379,98829,108994,120756,126838,132945,147563,160888,164080,179630,179630,192931,213643
2030,11128,21751,34265,47568,58803,72944,80192,96356,106787,117116,130352,133408,142837,154822,170816,174233,189972,191577,205016,222290
2031,9682,19281,33950,47276,52166,65527,79937,87019,95946,116536,116536,132381,141777,141554,156740,164004,172878,190702,189679,202644
2032,10300,22267,34557,47988,52974,66424,80917,88150,97137,118183,118183,132622,143064,143706,159994,164730,176780,190980,192965,206362
2033,10332,19762,34497,43327,52895,66115,73505,88254,97027,118040,118040,131877,142940,143553,156930,165190,177119,190415,195486,207093
2034,10960,24092,37504,47400,57638,72316,80020,95944,105810,128197,128197,142949,154696,155415,170960,177611,189415,207012,210990,221494
2035,10652,24108,33627,47319,57293,64521,71861,87470,95694,116747,127811,141860,141860,142443,155202,175571,187604,187604,208206,204035
2036,11140,25096,35152,49001,59624,66777,74315,90495,98463,119692,131639,145918,145918,146998,159928,179144,192247,194130,211101,210783
2037,10654,25139,31343,43969,54120,66750,74307,90471,98519,108476,131754,131754,145638,147018,159609,167064,177346,192234,194360,210590
2038,10954,26503,33139,46448,56743,70330,77860,94435,103208,114032,137235,137235,151580,153053,165042,170663,182613,197193,200309,214979
2039,10649,23692,33136,46367,56717,70430,77613,94280,103245,114052,125880,137191,151581,152428,152784,170596,182461,182700,199047,213736
2040,10687,23854,33105,46427,56744,70212,77632,94095,102832,112883,125004,136443,150720,151316,152210,170519,180309,182945,199200,215105
2041,10562,23761,32904,46205,56668,69734,77309,93593,102333,112374,124374,135964,150356,150862,152242,167118,179708,183456,199142,214000
2042,10373,23691,33107,46345,56882,69906,77489,94616,103628,113791,125192,136404,149966,150356,152442,165701,177654,183659,198505,212235
2043,10476,23642,33091,46335,51246,69908,77425,94357,103623,113836,124939,136095,149954,150420,152474,165859,177529,184029,198393,212066
2044,10265,23302,32439,45633,50734,68764,76601,93719,102712,112721,124203,135916,151834,151776,154796,171441,183482,188781,202549,218395
2045,10242,23226,32262,45469,50655,68553,76279,93286,102299,112335,123804,136015,151235,151235,154445,167808,180568,188232,201197,198870
2046,10150,22787,32182,45434,50385,69392,77045,93966,103094,113748,125653,137472,151807,151807,155036,167895,179984,187470,198298,197142
2047,10234,22840,32181,45432,55895,69527,77010,94012,103303,113941,125685,137589,151830,151830,156070,167172,179828,186800,197809,197718
2048,10021,22062,31241,43937,54065,67194,74522,90899,99522,109756,122014,133279,147448,147448,151275,162983,175426,183883,195452,195519
2049,10472,24802,31231,44071,53905,67196,74495,90882,99620,109524,121476,133105,147678,147678,152108,165661,175233,185280,195535,214110
2050,10405,24983,31408,44548,54600,68275,75825,92119,101508,112457,124506,135885,150354,150354,157221,169203,178062,187343,197200,213394
2051,10364,24862,31406,44516,54429,67973,75579,91861,100920,112015,123911,135655,149816,149816,154513,168184,178399,187210,197203,213328
2052,9992,24205,30395,43231,52845,66094,73333,89377,97990,107975,120424,131532,146153,146153,152960,163108,173508,183197,193488,208646
2053,10496,18694,30272,47758,52683,66025,73317,89115,98081,107890,120459,131637,146027,146027,154736,163400,173541,183560,195184,208790
2054,10300,18264,33608,47134,52277,65389,72817,88405,97334,108008,120185,130962,145009,145009,164041,163691,170923,181193,192325,204550
2055,10258,18246,33455,42394,51970,65116,72461,88112,97227,107723,119516,130641,144353,144353,159518,163123,172696,196335,193722,205617
2056,10446,17799,32146,45279,49913,62551,69312,84652,93216,102522,114152,124792,138481,138481,154591,157606,165346,186975,186975,198340
2057,10439,20377,32222,45163,55742,69380,76770,84677,102605,114771,125099,138526,138526,138913,154478,170162,167703,186388,202849,199965
2058,10283,19655,31100,43615,53803,67122,74285,81826,99765,110777,121200,134071,134071,134144,150299,164571,164300,179727,195234,194722
2059,10233,19614,31102,43809,53997,67122,74401,81766,99691,110791,121275,134054,134054,134421,152457,164510,178229,182042,196722,199053
2060,10394,19046,29523,41215,50542,62811,69638,76788,92659,102801,112672,125207,125207,125976,143700,155731,167773,175580,187833,205556
2061,10373,18961,29572,40950,56511,62627,69472,84066,92085,102582,112059,124543,124543,137423,156404,157618,168385,189962,201051,205516
2062,10394,19112,29548,41127,56139,62285,68947,83517,92006,101521,111321,123193,123193,135489,152453,166439,167787,185617,197803,202976
2063,10376,19093,29538,40998,56212,62352,68912,83229,91920,101469,111376,122996,122996,137745,154299,167020,183306,186345,198041,218575
2064,10237,18325,28380,39007,52996,58916,65390,78646,86277,95916,104845,116092,116092,131272,146942,159641,173728,181443,191220,208852
2065,10426,20281,28116,38787,47361,58589,71467,78519,86097,95288,115532,115532,115532,142468,158377,160967,174208,193308,191406,208176
2066,10224,20127,27766,38372,47281,58399,71124,77908,85926,104151,115370,115370,115370,142502,156793,171421,172097,190233,191603,205940
2067,10393,20100,27834,38482,47137,58349,71276,78207,86131,104323,115203,115203,125514,143483,157426,171359,175870,190224,207618,206852
2068,10101,19252,26554,36561,44515,55253,67657,74027,81251,98818,109998,109998,120592,138138,152540,166670,173326,184157,201542,202435
2069,10275,19307,29434,36633,49406,61309,67703,81325,89957,98950,110263,110263,120463,149652,152493,166530,183710,186141,200696,204191
2070,10424,18935,28961,36094,49163,60594,66698,80441,89377,97931,108349,108349,117960,145972,149658,160881,176318,180129,192905,197608
2071,10302,18841,28705,39450,49029,60330,72542,80211,88862,97296,108081,117644,117644,144692,163248,163853,190989,195340,194723,214035
2072,10201,18502,27873,38461,47050,58162,69964,77375,85175,103912,103912,113258,113258,139645,154285,160510,182751,187638,190000,205772
2073,10290,18421,27871,38391,52221,58128,69953,77029,93716,103851,103851,113230,123595,142105,155880,171431,166717,188103,192225,221583
2074,10432,19934,27481,37661,51418,57126,68833,75824,92051,102225,102225,111165,121253,139286,152398,167907,178418,183828,193162,214941
2075,11110,19966,30722,37467,51296,56864,68387,75448,91564,101591,101591,110659,120687,149867,152628,166329,178726,185749,202797,212398
2076,10523,19521,29896,36526,49957,60639,66747,73099,88723,98480,98480,107481,116950,145800,151956,162761,173308,182846,196602,207099
2077,10510,19569,29963,40221,49842,60548,66438,81148,88788,98642,98642,117037,117037,145920,162490,165938,174018,183377,210236,207382
2078,10548,19188,29562,39563,48833,59364,65008,79658,87288,96569,96569,114651,114651,143642,156380,164225,170549,191639,203147,201447
2079,10224,19188,29867,39439,48825,59530,71614,79691,96805,96805,105266,114632,123970,144116,157681,172939,184454,189262,200105,203157
2080,10082,18354,28946,37380,46366,56255,67919,75340,91841,91841,99736,108673,118170,138865,150765,164452,174466,184210,194578,198375
2081,10217,20116,32141,41549,46118,56072,67424,81932,90888,90888,98936,117523,129928,149093,163036,165582,175464,195551,194440,214280
2082,10090,19843,31633,41090,45526,55426,66771,81394,90409,90409,98256,116053,128667,146840,159128,161380,172023,191444,192446,208763
2083,10162,19881,31550,40876,50324,55178,66681,81348,90286,90286,98082,115843,128829,146451,158234,167777,173154,189663,193289,209200
2084,9915,18637,29605,38184,47170,51807,62741,75921,84169,84169,91703,108555,122556,141010,149958,166285,170857,178830,191540,199758
2085,10438,18481,32043,42421,46925,56365,68790,83805,83805,90993,99349,119083,132750,150351,152096,176890,182378,194520,201876,215988
2086,10411,19440,30318,40127,44625,59207,65639,79977,79977,87169,103945,114633,129654,144757,152181,169192,172334,188117,196151,207683
2087,10458,19466,33707,40306,49129,59257,72033,80280,80280,95777,104000,114965,132399,145438,158758,169041,175182,187739,196444,206721
2088,10106,18131,31209,37603,45871,55608,67682,75218,75218,90098,98259,109116,136297,141228,154793,161972,175406,179404,194697,201595
2089,10352,19962,31245,41707,50444,61397,67831,75245,75245,90258,108649,119610,136562,149639,155868,162339,181006,181582,203271,205268
2090,10104,19363,30321,40422,48890,59571,65587,72796,72796,87651,105406,116251,133700,140813,155394,161843,177325,186051,195970,205996
2091,10264,21636,30180,40223,48565,58932,72445,72445,79228,94926,105192,116359,134879,148501,160264,164159,177058,187975,196532,214574
2092,10494,21556,30085,40240,48563,64683,72113,72113,79374,95014,105706,123448,144079,148420,160265,167850,177037,186746,200098,203502
2093,12517,14466,15079,18808,23412,28290,31508,35272,39331,43452,47571,50205,52369,58019,63950,63951,71400,71400,78485,78486
2094,14131,29432,35632,45964,54640,67131,73284,79542,80381,95922,107240,117290,127438,140986,141290,154957,170000,171138,172873,190705
2095,11700,26086,36221,47211,60347,67847,76291,85482,93733,108753,119653,125594,146410,149287,162266,166242,180262,185076,201076,215941
2096,11110,25527,34747,45478,54874,65691,75617,90579,94154,101903,118315,131930,141732,147940,159825,166100,178622,185280,199185,204373
2097,10039,24418,33368,44651,52944,64355,73794,87188,92892,107411,116314,127716,139647,146716,156378,164972,176731,180900,195918,210380
2098,9639,23085,33099,44705,53125,63754,73500,86780,93056,101083,115954,127392,139612,146420,155473,164119,176625,180514,198485,208808
2099,10154,25867,33524,44432,53614,64804,74018,87694,93599,109537,117165,129574,141827,146497,157760,166156,178639,185247,196921,212665
2100,10113,23064,33141,44716,53041,64186,73174,87930,93844,100240,116506,117214,140903,145322,157418,166359,177312,184733,198452,201941
2101,10389,23638,33443,45033,54260,65362,74811,88124,94203,110176,118081,121393,142979,144660,158576,166321,178197,187159,198991,214709
2102,10306,23615,33411,44895,53628,65254,74012,88075,94055,99698,116768,122367,142816,147117,157594,166469,177851,186788,198328,202752
2103,10522,23765,33351,44535,53574,65266,73448,87872,93830,102099,115539,123874,140646,146558,156915,165758,175780,186705,196474,204261
2104,10404,21445,33035,44409,53427,64622,73107,79105,93132,108113,115600,130786,139511,144439,155419,164798,175812,182873,197742,214197
2105,10498,22197,33959,45836,55570,67603,75857,82940,95387,104053,119570,134579,145535,148798,162410,168594,179747,187990,199536,216888
2106,10444,22211,29822,45689,55437,67711,75669,82564,94943,103540,119847,120201,132744,140535,161879,166864,179116,186362,199377,200086
2107,10520,22033,29815,41372,55400,67219,75134,81998,94613,103118,119798,121664,133505,143698,162889,167707,180184,187408,199807,205291
2108,10504,22125,30157,41410,55167,67186,75065,81967,94466,104878,109517,126057,133203,150794,162296,166415,180473,189021,199447,219125
2109,10422,22308,30820,41774,56014,68024,75903,83360,95191,105729,120452,126268,133773,143021,162086,167643,179859,188893,199796,202592
2110,10432,22137,30902,41388,55517,67616,75160,82535,94098,105269,109192,125330,132723,143493,161224,166918,179047,189149,197892,204982
2111,10423,22493,31455,42127,56214,68513,76511,84267,95090,103944,121774,124380,135560,152645,163836,168366,182246,186220,202204,209491
2112,10524,19904,31501,42013,56188,68479,76251,83963,95064,103646,111144,126700,135293,142163,148599,167472,181816,186583,202034,208935
2113,10433,20230,31510,42653,56962,69853,77793,85426,95769,105839,112798,125798,137295,145379,150579,167903,183893,187622,203554,207827
2114,10298,20127,31223,42328,51544,69249,77065,84652,96023,105087,112226,125191,136928,145138,150287,167010,165486,188241,202475,207781
2115,10639,20592,32408,43814,53192,71731,79856,87750,98306,110833,116633,129060,142418,158215,156709,171888,171537,190962,208431,212642
2116,10510,20626,31906,43837,53197,71995,80245,80236,98198,106709,117094,119643,128419,145059,157491,172641,172773,190681,189734,211171
2117,10484,20237,31244,43234,52316,63594,78501,78501,87135,105394,114516,120283,125310,143494,153392,168473,171272,188752,187584,207146
2118,10342,20365,31359,43288,52389,63818,78687,78794,88327,105722,114746,121845,125458,143448,153812,168966,172836,188561,188970,207366
2119,10442,20611,31617,43651,52899,64137,79167,79739,90305,106105,115414,125350,125889,144828,154156,168959,174964,188548,191367,208836
2120,10473,20676,31335,43345,52654,63843,78719,78785,90851,104689,114831,122695,125168,144992,153849,168059,175992,187265,195785,207454
2121,10451,20847,32118,44611,54015,65797,81546,82189,95153,107718,117809,124125,129433,148054,157013,173205,178228,192561,199120,212348
2122,10433,20902,31971,44415,53719,65949,72469,82029,94730,107324,117375,127913,129383,147372,143715,172720,177773,192258,198194,210785
2123,10364,20687,31398,43730,52747,64509,71364,81010,92028,105844,115882,123620,131646,143009,143733,155531,176941,190280,198622,210579
2124,10389,20590,31121,43391,52562,63988,79096,80675,93384,105069,115153,123889,131970,144923,151040,170383,177198,189554,197451,209572
2125,10594,21160,32093,44987,54328,66642,82030,85003,94605,107389,117878,127429,138025,146828,161980,172846,177049,191309,196929,210789
2126,10508,21181,29156,44965,49611,66574,73325,83451,93639,107370,117799,124310,136689,146769,159785,157137,177128,190997,197138,210558
2127,10669,21921,30423,46785,51655,69276,76457,86147,96086,111628,122807,130818,139113,150418,164452,163795,181840,199636,201362,220404
2128,10608,21960,30469,42082,51638,62644,76339,86049,90298,102416,111108,128298,137782,150066,151675,164204,172510,179938,200740,220139
2129,10719,22377,31293,43090,52781,64215,77942,87607,92882,104685,113429,127544,139223,152361,154645,167307,176648,183640,203515,224040
2130,10594,20260,31247,42536,52548,63722,70652,86845,92483,94625,112674,126248,130584,137766,155180,166697,176629,182355,191239,201801
2131,9653,20568,31730,43530,53245,64354,71319,87656,93209,96677,113978,126801,132881,140630,156426,165623,177544,181923,192699,201537
2132,10721,20464,31465,43510,53144,64413,71179,87783,93802,96536,113623,126410,133276,142446,155924,166123,176792,181856,195431,201218
2133,10879,21351,32934,45635,55728,67713,75377,92519,96874,102588,119922,132668,138062,147477,162260,175114,181939,191888,200907,212713
2134,10488,21215,32649,45367,50481,67381,74857,82543,95244,102548,110217,121954,136958,146200,160599,160183,179747,177186,198988,211670
2135,10712,21534,32920,45679,50933,67933,75356,83386,94753,106360,110820,123188,137273,147873,161984,162270,180280,183172,200606,215636
2136,9827,21606,29916,40991,50977,67799,75436,92132,94563,103400,111041,123860,136640,147065,161920,162711,179218,184480,200291,194657
2137,9385,21507,29877,40808,50603,67485,74770,91731,93822,103372,110371,123180,135090,145292,159733,161821,175845,183873,194727,192474
2138,10604,21491,29820,40805,50863,61025,74964,91986,93996,104242,111039,124514,135134,145940,160380,163997,177668,186821,197850,194813
2139,10678,21978,30774,42100,52161,69988,77739,95065,96453,107663,115148,127302,139141,151769,167762,169680,183716,191255,203652,204247
2140,10472,21776,30713,41934,51961,63222,69702,84763,95752,107939,114699,126741,137706,140055,149699,157204,182898,189544,200756,205191
2141,10480,22106,31217,42134,52680,63411,69805,85519,96250,107100,115819,126298,137890,142276,150099,171875,182362,187436,200263,206470
2142,10458,19687,31051,41978,52890,63477,69805,85525,96111,107619,115907,125857,137565,142550,149954,159943,181512,189214,200325,208105
2143,10469,20006,31804,42855,53643,64241,70932,87345,97721,108983,117647,127614,138763,145479,151144,174001,182757,187281,201095,208316
2144,10318,19925,31569,42582,53338,64109,70376,86836,97352,97352,116718,120035,137998,145350,151271,159828,181689,188706,199955,208322
2145,10393,19965,31401,42995,53437,64690,71145,87196,97683,97683,117005,121695,139043,145313,152074,172681,184357,187000,202759,208442
2146,10438,19905,31495,42958,53540,64586,71444,87143,97654,98067,116880,122639,139149,145450,152873,160420,168674,179902,202132,208481
2147,10213,19524,30706,41797,52173,62658,69212,84809,94740,95978,112979,120267,134517,144006,149893,172090,163348,187167,196706,205554
2148,11071,21803,30974,41757,52168,62550,69179,84724,94499,98282,112892,121939,134413,145262,152667,167761,163419,187035,196218,206581
2149,10780,21736,30460,41402,51501,62045,68495,83943,93174,101930,111419,127212,132041,144320,153450,164229,174273,186463,190561,206905
2150,10375,21569,30342,41083,51318,61574,75514,83476,92595,113456,111457,124961,131219,148422,161924,164562,174133,187250,189650,214121
2151,10493,21957,30956,42122,52306,62874,77577,85274,94976,110769,113562,126898,134243,149145,163010,167026,177706,195412,194741,215345
2152,10328,21792,30903,42226,52430,62807,69338,84952,94749,107895,113960,125934,134222,141737,163517,166570,177459,182154,194914,214725
2153,10410,21627,30796,41419,51658,62003,68368,83579,93519,106116,113085,125069,132766,144294,160111,166530,175449,184918,193853,212087
2154,10441,21635,30779,41053,51262,61648,75534,83083,92551,103553,112599,124326,132120,148288,159004,166099,174605,186758,195991,210396
2155,10562,22406,31841,42920,53599,64213,79082,87120,96963,110123,117508,128496,137731,151219,164948,169643,181123,188333,201052,217132
2156,9778,19910,31511,42988,53534,64191,70968,87117,97013,98039,117250,120610,137938,142460,148920,160852,181021,187629,199447,197080
2157,11041,20120,32038,38141,53428,64136,70562,86198,96210,98375,116340,120587,136663,142890,148131,170140,179547,186865,197297,196034
2158,10747,20121,31712,42855,53348,63962,70263,86487,96196,98986,116258,123799,136112,144899,148687,169036,179160,186492,197097,201548
2159,10702,20491,32434,44487,55414,66445,73494,90306,100127,104289,120979,125868,141942,147145,155088,174524,185643,188360,204603,207053
2160,9747,20415,32215,39194,49588,60276,72944,89588,99756,103631,109313,124940,130302,145466,155959,156473,169566,187628,202089,208533
2161,10994,20755,32265,44756,49918,61908,74503,91731,101840,104469,110917,128860,136123,150806,163534,186017,181579,199580,213485,217653
2162,10604,20675,29162,39840,49627,61825,74392,91426,101748,104202,111096,127582,135958,150409,150409,162533,181586,185620,197808,214476
2163,9842,21827,31277,49007,55344,67645,81614,101728,112843,118421,123847,138395,147147,159948,161258,172175,188807,194796,205349,223887
2164,11131,21750,31080,42858,55192,61391,73333,91446,101001,113727,112689,126219,136882,147566,160289,160673,170297,192478,191550,205550
2165,11040,23350,33702,47873,58742,64839,80611,88827,108207,118848,118848,135271,143297,154595,167577,169514,179318,200591,200591,215056
2166,9737,20603,29737,41979,53406,64912,80507,88782,99253,108632,118697,120698,141800,144642,155930,169151,168046,179966,201096,202595
2167,9091,20806,29330,42035,51393,66605,80506,87174,94220,102049,111975,115435,135536,140158,150897,162766,163382,178588,193673,197032
2168,10951,20832,34565,42017,51353,66441,80497,87143,94237,111617,112084,120897,135674,150162,150956,163360,179247,181911,195281,210259
2169,10149,19440,27393,38939,47720,61753,75335,81698,88750,105384,105911,126842,128665,142803,146524,161091,171535,180287,187714,205326
2170,11054,21718,32087,42296,53620,61324,74926,81176,95296,104713,105989,125256,136935,142496,158361,169231,186760,192183,191299,217051
2171,10502,21511,31865,42047,54557,62111,75221,88541,95965,105341,117978,124862,136870,143517,156318,168971,184949,191599,192946,216520
2172,10417,21414,31727,41857,54478,61959,75001,88379,95811,105270,117496,127305,137163,143620,157213,167079,184185,191147,194396,215492
2173,11962,23311,34968,50552,65268,74682,92859,116380,129967,145875,162920,166453,197504,201359,225228,247269,246309,278279,280652,319991
2174,9107,20484,30223,44610,57410,65035,74283,92445,103906,115863,129222,145852,145459,146165,161813,161579,180726,182833,199146,217122
2175,10034,20052,29248,42767,54016,62114,69856,84932,94149,106005,118875,119074,133511,135218,149360,150069,163535,164261,178480,173113
2176,11118,20102,29482,42863,54019,69924,77487,94097,94097,106178,118880,133791,133565,150771,148754,165908,176949,178419,194608,190367
2177,10661,20251,34441,42972,56141,70527,77849,97018,97018,107880,121070,135295,135295,148258,154333,164698,176055,178650,194004,190516
2178,10440,20222,29321,42913,55978,70273,77737,86045,97126,108223,121067,135055,135055,147982,154487,164675,175680,179079,195250,192578
2179,9227,19508,33224,41663,53742,68065,75227,83521,93088,104640,115978,129711,129711,141843,149482,159983,170257,175586,191868,191618
2180,10861,21959,32818,41550,53591,67798,75028,83144,104445,115706,129113,129113,129113,142613,158560,160984,170182,178183,192500,210932
2181,10699,22296,28731,41778,53957,67081,74640,82964,104593,116286,128475,128475,128475,141100,156173,159926,168705,178862,188284,206758
2182,10535,22318,28810,41737,53902,66951,74576,94213,104488,116319,128312,128312,128312,144234,156082,160902,169038,196191,195632,204416
2183,11473,21876,32394,40259,51260,64409,71613,79604,99433,109736,121842,121842,121842,138744,149923,155592,164274,185748,187877,199880
2184,9792,21767,32019,40070,51091,64081,79395,88698,99100,109471,121348,121348,132365,138932,151364,167554,165715,187194,205256,203968
2185,10349,22065,32254,40681,51718,65631,72838,90698,101064,111871,124194,124194,135949,143849,154605,168752,184661,189441,205084,207660
2186,10334,22146,32444,40730,52059,65682,81110,90920,101027,111905,124095,124095,135997,144294,155016,168664,181930,188441,204969,208513
2187,10529,21838,31740,39985,50900,63916,79028,87653,97837,107885,120007,120007,131312,141068,150947,166387,176988,184012,194566,203350
2188,11425,21716,31684,39997,50830,63846,70931,87486,97804,108077,119910,119910,131521,151038,151701,166361,177656,185821,196878,205095
2189,9823,22144,32402,40539,51718,65131,80298,89520,99432,110140,121773,121773,134037,151958,153482,167428,179022,187847,197406,207415
2190,10242,21980,28072,40513,51594,64911,79670,89009,99096,109521,121274,121274,133175,149025,154001,166840,177707,189230,199496,207618
2191,10411,22028,32095,39985,50586,63128,77900,86780,96332,106074,117438,127661,128175,142678,148421,160892,170560,177341,187682,198397
2192,10349,22040,31899,39879,50418,63060,70165,86729,96368,105907,117197,117197,131384,142824,160102,162007,171717,195752,194615,215363
2193,10407,22073,31846,39742,50412,62669,69747,85463,95335,104841,116875,116875,132225,145274,158880,164087,174270,192807,196572,214751
2194,10564,22022,31670,39643,50034,62662,69266,85030,94946,104314,116319,116572,132037,144745,158147,162302,174280,190495,195734,212417
2195,9524,21887,31115,38761,48566,61202,67949,82895,92239,101636,113032,113387,127528,140617,154829,161097,170840,186141,192802,208740
2196,10037,21923,31195,43155,48632,61108,67765,83064,92334,113152,123945,114493,141453,142206,155167,172496,171640,186572,193576,208346
2197,11257,22503,32111,44993,51003,64419,71748,88048,98172,121211,133131,123059,152311,152956,167828,185829,186528,200619,206518,226570
2198,10811,22436,32142,40419,51001,64365,79483,88244,98193,108184,121383,122945,134226,152619,153129,166769,168533,185428,206626,200735
2199,9896,22539,32227,39978,50175,62947,69801,85331,94854,104709,116993,118798,129138,145471,146661,160478,164819,177321,194873,194908
2200,10133,20034,28135,39772,49916,62628,69536,85042,94337,104385,116249,119480,129462,143039,147523,160324,182614,180446,196007,215229
2201,11494,20785,32967,40897,51382,64220,71105,86455,95940,105912,117864,121056,133269,146960,160594,162173,182294,182865,196889,216277
2202,10942,20709,29072,40885,51352,64133,78271,86418,95792,105695,117748,121663,133499,146680,160485,162869,178118,183371,196221,212924
2203,9665,20694,28829,40774,50880,63677,70347,85667,94642,104043,115768,122515,128841,143016,157511,165270,174819,180720,194430,207808
2204,10078,20516,28961,40541,50547,63352,69890,85215,94343,103576,114976,122364,131994,143989,157580,163242,174574,193685,193685,209536
2205,9539,21279,34523,42108,52530,65689,72746,88300,97789,107461,130864,128083,135917,148481,162098,168123,181090,199237,200067,214217
2206,10958,21369,29997,42179,52863,65799,79909,88418,97949,107762,119718,126245,135632,148460,161569,168095,178979,181176,199661,193971
2207,10760,21383,30362,42259,52585,65766,80046,80046,97698,107216,119488,125940,134795,147971,161469,168387,180072,183153,200256,197461
2208,10676,21340,30390,42205,52701,65773,80145,88166,97700,107354,119191,124131,137196,148002,160667,167931,180006,182933,199733,199733
2209,10551,21584,30931,42605,53500,66548,81008,81008,99219,108912,121072,126552,137656,148677,161804,167685,180933,187442,199811,201664
2210,10413,21502,30893,42268,52981,66081,80866,80866,98741,108386,120697,125807,136930,147560,149183,166490,179746,187506,198792,201906
2211,10876,22432,32507,44639,55742,69426,84460,93083,93083,113325,125958,131698,142202,153028,156299,173303,185650,193797,207034,210481
2212,9495,22434,31983,44466,55584,62047,76716,84377,92955,112963,125693,139800,139800,138803,156013,172892,170932,191157,205514,209543
2213,10074,22748,32356,45048,56265,62387,77306,84929,93674,113650,126592,128402,140321,140563,155956,171798,172178,194553,188896,211231
2214,10377,20345,32157,44723,55846,62140,76861,84520,93239,113411,126076,138809,139689,141542,154750,170399,172117,189823,192972,210052
2215,10537,20944,33191,46614,57948,64667,79904,88160,96918,117244,117244,141777,142899,144603,159669,173860,178339,193534,195889,213342
2216,10388,20908,33125,46705,58200,64605,80134,88162,96926,117230,117230,141897,142609,144876,158443,161000,176944,194156,196128,211922
2217,10412,20953,32738,45973,57104,63317,78460,86208,95086,115099,115099,127811,139722,144393,157562,159196,176542,187960,194232,210632
2218,10631,20871,32804,46083,57181,63422,78322,86233,95094,115125,115125,127785,139761,144592,157819,159184,175495,188261,196254,209780
2219,10303,20938,32942,46321,57472,64183,79240,87120,96021,115762,115762,128374,140080,144584,156786,160305,177555,187171,195475,208999
2220,10504,20702,32806,46216,57103,63801,71260,86935,95486,105306,115666,127532,139743,144777,155334,159929,177537,186199,195751,208115
2221,10089,20810,32660,45648,57167,63865,78823,86256,95594,105374,115810,129141,141338,145401,157775,164849,177871,189543,196244,210863
2222,10497,20785,32622,45750,57044,63848,71304,86490,95595,105468,116145,129007,141665,145868,157303,168686,177347,190087,198246,210712
2223,10698,21020,33415,47124,58644,65582,72731,89019,98380,108907,119171,132154,143798,148678,159701,166822,179621,177237,200780,212242
2224,10398,20911,33214,46977,52267,65204,72650,88484,98046,108607,118952,131817,131989,148015,159276,166530,178614,179049,199903,211515
2225,10363,21183,33414,46626,51962,64844,72293,87846,96821,107362,117756,130372,130547,147211,157897,169322,176437,179621,198866,211950
2226,10485,21254,33404,46595,58190,65099,72429,88074,97074,107384,117864,130661,130671,147012,157788,166385,178509,182232,198972,210111
2227,10333,20960,33207,46863,58417,64936,72386,88192,97396,107746,117849,131207,130895,145151,157800,166869,175248,186399,195042,210388
2228,10520,20884,33368,46832,58396,64931,72338,88340,97168,107750,118136,131084,131234,145682,157762,166686,175409,186778,195536,208757
2229,10167,20759,32768,46229,57866,64514,71949,87867,96682,107166,117544,130564,130467,146838,157809,164290,176413,185435,194804,210693
2230,10343,20607,32651,46092,57448,64223,71541,87379,96451,106568,117141,129603,130310,146028,156711,167456,174743,186115,198086,208996
2231,10253,20400,32486,46031,57658,64261,71792,87686,96729,107112,117348,130071,130867,144698,156626,163480,174075,180955,193936,206573
2232,10445,20328,32451,45964,57459,64217,71407,87410,96711,107062,117345,129785,130567,144818,156423,164302,174753,183986,195591,205996
2233,10137,19339,30615,42620,53467,59393,66314,80826,88981,98578,108112,120115,120629,135896,145520,154708,166133,178642,186710,196020
2234,11326,21556,30375,42527,53181,65913,72791,80312,88434,97854,107395,119190,132232,147920,145302,169227,179299,188160,201215,194950
2235,11034,22345,31361,44146,55150,67903,75198,82981,91653,101488,122676,122676,136102,149853,149853,168392,181439,187834,202305,200436
2236,10753,22470,31281,44119,55002,68076,75163,83154,91705,101794,111307,122700,136190,150022,150022,167972,180735,189879,201291,201291
2237,9547,22623,31774,44347,55162,67999,74627,82592,90848,100764,110149,121886,135570,149590,149590,170553,180978,186263,201059,202432
2238,10067,20268,31730,44260,55102,68007,75050,82678,90702,100623,110179,121546,135453,149772,149772,168530,180044,186871,200584,202687
2239,10477,20931,32663,45782,56528,69952,77428,85273,93547,103094,112231,123382,136209,151668,152521,168693,181989,187655,201539,207002
2240,10453,20772,32605,45678,56403,62412,69714,84929,93046,102647,111858,123035,135566,149613,153287,168179,180331,187407,201128,207375
2241,10563,21317,33090,46351,57094,63406,78220,86099,94606,103952,113218,125165,138481,152653,156741,170103,183848,189725,203559,226106
2242,10612,21273,32976,46261,56909,63264,70808,86018,94377,103884,113260,125025,137202,137202,156384,170095,168059,189448,201689,205434
2243,10711,21786,34242,47768,58806,65806,73661,89309,97617,107236,116726,128525,141635,143670,159607,174603,174096,192328,206391,209433
2244,10556,24350,34157,47526,52468,65693,73509,89034,97284,106833,116255,128188,140889,143247,159589,159589,174216,191902,190004,208288
2245,10331,24532,34760,49033,54482,68237,76125,92836,102064,112781,123531,139184,153905,154808,172423,174575,188472,211112,209619,230197
2246,10343,22005,34713,44098,54437,68307,76262,92958,102228,113084,123808,139416,139797,141926,158590,173557,187167,188816,207184,211389
2247,9836,20368,32705,41319,51610,63817,71366,88516,97951,107846,117459,129010,129252,132696,144142,159604,170729,173070,186159,190049
2248,10188,20384,32611,46433,57456,63640,71415,88622,97812,108154,117568,129072,129190,142807,158899,160433,171867,189474,188716,208768
2249,10243,20449,33087,47714,58895,65344,73067,91117,100204,111009,121003,132625,133459,147227,162103,163547,174145,192005,192427,209941
2250,10350,20383,32984,42046,52512,64888,72648,90653,99860,110836,120556,132086,132858,146684,161547,164057,173981,190331,194094,209099
2251,10182,20222,33021,42100,52829,64894,72445,90446,99581,110140,119365,130736,131217,144306,158152,161817,173399,187856,190689,206820
2252,11119,20100,33011,42137,52800,64705,72583,90325,99593,109835,119331,130572,131401,144340,157960,163031,173384,186960,193226,206754
2253,10110,18470,29838,37610,47384,58286,65312,81230,89335,99163,107743,118064,119236,131883,143232,155354,158698,171978,185324,192554
2254,11289,20898,29617,37418,52335,58208,72221,80801,88856,98697,117594,117594,128781,144453,154007,169534,172796,187509,196866,207530
2255,10100,19624,28251,35704,49980,55475,69599,77829,86014,95098,113179,113179,124403,138772,149088,168157,170237,177976,202587,204949
2256,10230,22003,28122,40723,49986,62255,69596,77925,86060,103414,113112,113112,135439,148881,148809,166874,182232,185295,200502,213079
2257,9516,20721,26212,37368,46198,57343,63707,71382,78700,95252,104465,104465,128231,139283,140781,160968,172229,176743,189569,202995
2258,10679,20707,29511,37219,46317,57427,71439,78602,87455,104760,104760,113131,138169,139626,152478,170472,184702,188238,200874,215914
2259,11335,23013,33528,47738,53150,66313,83491,92676,102342,121498,121498,130848,157893,160817,174094,189658,208077,222785,223964,242151
2260,10598,20482,29419,37697,53039,66035,74066,83195,92055,101878,110465,120854,144332,147982,160516,172294,172108,188316,207478,206629
2261,10441,22776,32607,41859,58379,72708,80598,91303,100484,111158,120090,131523,143302,159218,172743,187205,187025,201618,202845,223518
2262,9240,20168,32609,47164,58281,64534,72768,90992,100432,111024,120197,131423,142779,146368,159251,170970,173105,186745,202016,201689
2263,11652,21390,34447,50055,61102,69227,79625,97672,107367,116178,125317,137228,148785,152189,167597,167824,181849,194197,210808,212362
2264,9679,21336,34267,45112,54764,69006,79349,88146,97290,115878,125053,136922,137075,151127,165742,167213,180498,180498,193188,211970
2265,10719,22078,35294,46322,56407,70851,80659,89828,99313,117835,127933,140338,140338,154204,169478,171089,185773,186043,200489,215466
2266,10304,22067,31850,46448,56459,71044,71044,89764,99414,118108,127965,140341,140341,143478,154044,170915,184865,186303,200058,201004
2267,10986,23428,33677,48602,59405,66661,75380,94122,103314,122838,133161,146717,146717,148646,161129,178541,191747,194933,209674,212022
2268,10476,23365,33553,48701,54058,66811,75436,94293,103125,112391,133360,133360,146887,148658,163075,164431,178309,194027,193918,210566
2269,9428,22689,32543,46443,51903,64815,72387,90002,98506,108138,132554,132554,147171,148914,160893,162354,177712,195744,196421,216646
2270,11424,25337,32309,46249,51797,64617,72119,89752,98002,107879,131904,131904,146952,148173,160464,162078,178458,180186,195813,215067
2271,10585,25866,33121,47526,53144,65299,72648,92368,102046,112353,134059,134059,146407,147419,159130,164459,175064,179156,193524,208519
2272,9244,25765,33156,47434,53034,65245,72613,92068,102096,112567,123407,133877,146669,147659,159031,164798,177528,179511,193868,208407
2273,11292,25357,32470,46263,51549,63848,70852,88521,98472,108522,119486,129913,142950,143990,155154,159767,174185,176427,191271,205275
2274,10457,25287,32354,45987,51357,63636,79596,88110,97997,107976,119112,129505,142461,143272,154633,158316,173354,191415,191276,205138
2275,10508,25790,33243,47879,59080,65517,82318,92760,103007,113463,124411,135118,148121,149134,160480,166893,178890,197584,198037,210000
2276,9440,25804,33266,47920,53470,65682,73114,92774,102904,113374,124594,135044,147990,148673,160566,167055,179145,195455,198763,209643
2277,10967,25158,32048,45808,51246,62963,69962,87716,97551,107453,118480,129036,141859,142574,153838,160137,171995,187503,191104,203573
2278,10538,19918,32102,45830,56775,70182,79045,87684,97771,107418,128834,128834,141826,142777,153898,161085,172424,187758,208093,204542
2279,10507,25383,32921,47234,58016,71880,81139,91192,100856,111253,132521,132521,144776,146006,157087,164510,175411,190501,207206,206273
2280,10538,19808,32704,47034,57958,64144,71501,90781,100641,111099,131671,131671,144256,144919,156644,163989,175251,189338,206374,206374
2281,10264,19679,32302,46180,57077,63558,70254,88066,98500,108404,129687,129687,141912,143134,154166,162045,172762,186881,202881,204030
2282,9351,19725,32264,46200,56896,63328,79239,87910,98306,108509,129614,129614,142219,143035,154040,162482,173075,186271,201297,202595
2283,11002,19880,32732,47314,58528,64499,81100,91649,101849,112412,133259,133259,145295,146513,157361,166320,176072,189202,203407,205906
2284,10461,19733,32747,46980,52574,64382,71506,91248,101374,111847,132578,132578,144393,145957,156740,165253,175633,188516,202675,205931
2285,10456,19337,31689,45326,50630,62162,68876,86277,96531,106093,126920,126920,139288,140936,150855,160111,170474,182828,197291,201116
2286,10405,19295,31722,39923,55929,68986,77838,86536,96728,106342,127006,139193,139193,141111,151182,174100,170640,183488,197077,201936
2287,10236,18882,31194,38926,50112,68234,77487,87256,97029,106965,127162,139022,139022,141596,150840,169707,169644,183054,195574,201182
2288,10245,18894,31207,44753,55431,68320,77388,87164,96989,106937,127184,139046,139046,142073,152766,169738,169902,183479,195923,217372
2289,9995,18057,29922,37674,48167,66275,75154,83661,94582,104159,125265,137258,137258,140565,148934,167530,167884,181621,194699,200771
2290,10545,20386,33081,42948,48126,65989,74851,83265,94105,114935,124637,136797,136797,140647,148699,167173,182921,181164,193909,215712
2291,10396,20234,32185,41410,46326,63775,71780,80481,89123,108287,118032,129734,129734,134349,144597,159729,174153,174153,186303,205770
2292,10467,20218,28882,41337,51307,63656,71856,80405,98580,108610,118038,129729,129729,146568,157872,160300,175297,176909,187598,206238
2293,10474,21212,34262,44043,54629,68674,77352,85591,103739,116119,127158,140696,140696,157891,170330,173950,189833,194016,208547,227372
2294,10485,18737,33988,43893,48779,68464,77159,85304,103397,116142,126730,140266,140266,144839,153398,172600,173365,191888,207628,209625
2295,10570,19127,34726,43446,49347,68232,75816,84169,104747,116256,116256,139438,139438,142223,151731,168522,169880,185741,196483,198359
2296,10470,19178,34645,43484,49329,68235,75948,84285,104857,116176,116176,139903,139903,143350,152099,168819,171011,185365,196508,201203
2297,10498,19295,34994,43811,49527,68401,76036,84105,104022,116213,116213,139866,139866,143700,152214,168733,173038,186634,197462,201200
2298,10448,19262,30909,43837,49541,68334,76023,84362,104323,116352,116352,139706,139706,144764,151899,168802,176621,186500,197568,218086
2299,10233,18532,29246,41447,46752,64660,72083,80164,99019,109820,109820,131896,131896,137949,143741,159907,167558,179948,187042,192303
2300,10355,18391,29093,41142,52052,64444,71657,88678,98461,109368,109368,131433,131433,147638,158623,159887,178919,183030,188218,208157
2301,10267,20148,28602,40566,51121,63526,70693,87757,96587,107926,118000,130334,130334,146723,156626,159075,178235,184683,185478,205559
2302,10405,20135,28604,40609,51068,63290,70467,87483,96583,107688,118067,130170,130170,146655,156430,160672,177278,191956,188474,205858
2303,10310,19733,27933,39307,49182,60936,67927,83715,92774,102811,112517,124103,124103,140280,150199,157179,174855,185739,183091,199090
2304,10330,19755,27869,39124,54658,60722,74977,83364,92337,102275,111956,123374,123374,139434,150173,168638,183073,187299,198100,202027
2305,10364,19938,28096,39657,49386,61279,75847,84548,93122,103724,113454,125053,125053,140915,151689,168926,180112,186910,197995,216338
2306,10427,19989,28179,35721,55185,61506,75960,84607,93373,103846,113529,125156,125156,143474,151853,168109,178984,187386,198002,215579
2307,10606,20392,28881,36020,50516,62304,78864,87888,96864,106694,115799,126775,137271,144875,154515,169648,182292,187704,201102,219525
2308,10563,20363,28805,35966,50436,62329,70276,87696,96778,106715,115789,127109,137566,145394,155048,169153,169742,187588,200568,199930
2309,10482,20498,28858,36000,50340,62489,70274,86646,95669,105199,114650,126105,137160,145088,154610,168884,171642,187911,199918,201443
2310,10431,20416,28682,35917,50108,62142,69811,86123,95362,104854,114175,125717,125717,144541,154010,167826,173880,187154,198262,202034
2311,10498,20439,28893,36806,50374,63086,71526,87291,96001,104931,113722,125070,136078,145686,153967,166230,174089,187344,196255,203341
2312,10381,20362,28823,41318,50444,63025,71421,87301,95861,104797,113838,124964,124964,145862,154155,166499,183948,187438,197227,218860
2313,10373,20679,29292,42057,51190,64230,72790,89151,98457,107420,116563,128380,139181,148302,158715,170691,186178,189483,202373,223012
2314,10598,20538,29164,41959,50939,63739,72551,88681,97719,106793,116173,127603,138539,147398,158265,169226,171065,188412,201418,201822
2315,10230,20380,28868,41296,50434,62747,71110,86685,95024,104309,113359,124891,135928,145140,155566,167388,173107,186918,199450,201390
2316,10422,20413,29005,41330,50477,62963,71215,86902,95240,104739,113710,125355,125355,145591,155048,167834,174560,187015,200046,203385
2317,10719,20835,29497,41773,51695,64638,72071,87785,96917,106824,118008,131371,143395,150543,163266,173988,180532,195221,210309,217237
2318,10365,18562,29503,41648,51671,64660,72378,88110,96603,106941,118025,131300,131300,150448,162465,163390,180609,180649,192295,215287
2319,10523,18969,30241,42804,53848,66689,74458,83193,103008,113574,123814,135751,135751,154349,164415,166283,183470,188007,193934,212098
2320,10525,18897,33817,42595,53668,66276,74204,82890,102641,113348,113348,135606,135606,151110,163367,165939,180700,186767,194183,210061
2321,10367,18532,33506,42086,52799,65701,73482,81963,100154,110792,110792,133627,133627,148454,161779,164212,177919,187351,193407,210359
2322,9535,20971,29661,42087,52665,58881,73241,81817,100139,110530,110530,133259,133259,148067,161143,164366,178116,187282,194639,209721
2323,10949,21124,30116,42709,53681,66635,74277,83028,102268,113349,113349,135463,135463,148776,161919,166743,178649,184724,196433,210385
2324,10583,21049,33685,42531,53453,66397,74050,82679,101961,112674,112674,134929,134929,147950,159980,166126,177742,187807,196335,209544
2325,10483,21262,34543,43652,54791,68148,75754,84696,104454,115119,115119,138104,138104,151782,164075,170015,182518,192565,202743,214057
2326,10365,21339,34474,43620,54878,67965,75784,84975,104320,115266,115266,138473,138473,151466,150347,169622,182599,190642,201889,199390
2327,9534,19053,34007,42780,53691,66486,74240,82505,101075,111529,111529,133843,133843,146414,145748,165284,176472,182970,195589,211159
2328,11196,21261,33979,42992,53657,66439,74206,82427,91604,111469,111469,133780,133780,146195,146634,165033,176437,185683,197531,210393
2329,10720,21285,34078,42832,53298,65937,73491,82054,100021,100021,110350,131986,131986,143611,145409,162619,173893,187128,192442,205468
2330,10409,21234,33907,42538,53147,65495,73133,81661,89981,99755,109967,131644,131644,143095,159427,162364,174831,196302,196302,205474
2331,9777,21733,34561,43624,54150,60414,74543,82681,91530,111103,121002,133115,133115,144997,161151,165678,177303,197555,198422,210772
2332,10242,19333,34571,43478,48686,66680,74477,82595,100730,100730,120900,132817,132817,144682,160009,165569,176731,191304,198088,210032
2333,10353,21526,33803,42427,47605,64703,72108,80018,87927,106995,116840,128764,128764,140751,154033,161191,171797,175725,194183,202659
2334,10539,21403,33661,42321,52483,58079,71877,87419,87419,106671,116250,127912,127912,140115,153971,161866,172589,187294,194647,203195
2335,10192,18891,32877,41438,50983,56589,70040,85588,85588,103685,112708,124126,124126,137263,149391,164004,168743,181823,193678,198297
2336,10381,21152,29643,41475,50814,56643,70085,85631,94246,103489,112739,124224,134759,138684,150919,174729,175297,186718,201347,200773
2337,10385,20862,29256,41002,50097,55605,69148,76723,92644,101952,110985,122481,132952,140552,149758,165171,179498,185251,199175,203618
2338,10551,20921,29210,40874,50189,61875,69041,84153,92668,101825,111296,122178,133046,141261,150627,165811,178401,186737,197400,215631
2339,10262,20679,28886,36110,49495,61003,67971,82709,91019,100126,109262,120341,130695,141104,149813,164223,176035,187401,197677,213224
2340,10464,20587,28800,36023,49401,60666,75122,82403,90649,99993,108891,119915,130279,150192,150208,165618,176128,193837,196370,211813
2341,10277,20470,28864,35900,49244,54944,75486,82831,91035,100548,110577,122545,133586,152846,154174,168133,180067,196091,202146,216997
2342,10462,20504,28728,35845,49084,61135,75367,82832,91055,100465,110282,122703,133756,151199,155240,167108,179126,180792,201279,197318
2343,10416,20619,28735,36046,49332,61388,75538,83158,91601,101589,110731,122260,132997,149870,154842,165235,175565,179055,195072,200064
2344,10361,20460,28509,35873,49116,61136,75088,82748,91274,100988,110391,121670,132317,148634,154458,165605,175919,185580,197034,213474
2345,10387,20363,28321,35799,49194,61162,74964,82734,91510,101063,110781,122249,133064,148272,156940,167060,176911,188640,197199,213238
2346,10420,20442,28371,35705,49216,61045,75183,82738,91621,101131,110503,122521,133173,148023,156409,166853,176597,188865,196540,212746
2347,10345,20180,28247,35541,49154,60899,75080,82705,91451,100822,110659,122360,132869,147408,155875,165633,176825,185417,198187,211851
2348,10336,20132,28145,35571,49082,60845,74989,82739,91379,101087,110612,122339,132771,147174,156162,166274,176251,186469,196678,210943
2349,10356,19864,27677,38664,47542,58995,72574,79628,87808,97171,106270,117973,128337,142355,153962,164561,173611,186250,193088,205656
2350,10467,21974,27605,38331,47265,58702,65376,79260,87334,96351,105782,117065,127668,142341,160065,166370,173882,190799,198364,205669
2351,11208,22232,27741,38674,47647,58919,65537,79296,87476,96566,105659,116832,126938,141250,156926,163816,174023,187434,196016,203238
2352,10767,22171,27692,38511,47506,58781,65314,79248,87235,96241,105392,116721,126684,142154,156536,170510,182814,187439,197818,203568
2353,9653,22371,28050,38883,48036,59481,66056,79945,88223,97275,106626,117704,128282,143817,157105,170880,172793,190531,208482,208248
2354,10282,22335,27984,38811,47775,59191,72604,79558,88052,96776,105948,117485,127625,143328,156574,160535,175267,187747,191298,207247
2355,10436,20249,28092,38982,47888,59016,72091,79366,87467,96286,105564,116697,127013,142885,155776,162883,186187,188669,195835,206647
2356,10518,20270,28113,39041,47885,58971,72379,79306,87404,96390,105551,116633,126979,143446,156115,165185,171223,188487,196020,206625
2357,10438,20018,27916,38597,47034,58022,71060,77996,85664,94187,103028,114005,124416,143637,155431,169547,172959,183994,196772,206289
2358,10396,22400,27751,38421,47134,57862,71054,77678,85648,94236,103259,114101,124222,144759,154977,167289,183881,186672,204962,207312
2359,10293,19862,27472,38213,47018,57847,71332,78462,86189,95027,114908,114908,136716,146025,156874,168864,183098,187057,203288,208344
2360,10335,22083,30497,38073,46646,57698,70860,77952,85831,94559,114429,114429,135984,145553,156364,168077,168990,188626,202496,208281
2361,10326,19724,30279,37725,46458,57388,70344,77170,85008,102359,113313,113313,135403,142595,156514,167587,172518,185704,198854,207732
2362,10466,21817,30298,37724,46432,57310,70146,77149,84745,102271,113066,113066,135107,146239,156780,166930,184076,185830,199238,207562
2363,10498,19417,30199,37469,46279,57190,70346,77001,84925,102652,113484,113484,135590,144156,155609,167534,182777,188616,200494,206916
2364,10388,21568,30054,37381,46048,56917,69958,76679,93313,102087,113236,113236,135336,144864,155935,167773,181175,188066,200144,208317
2365,10303,21889,30584,38430,47248,58899,72546,79328,96499,105993,117231,117231,139905,149690,159008,172513,186255,191840,206878,210877
2366,10552,19799,30574,38521,47434,58733,72523,79404,87342,106010,117567,117567,128223,146009,158084,158773,172909,189885,186533,210390
2367,10484,22426,30960,38854,47793,59653,73127,80382,88326,107175,119057,119057,130615,148085,159339,163686,174363,190269,190269,212058
2368,10470,20102,30990,38986,47753,59451,73081,80435,88591,107258,107258,119247,130363,147010,159154,163922,174400,190088,193014,211511
2369,10738,21281,33182,41638,57255,63648,78021,85605,94702,114284,126701,126701,139357,155933,167447,172793,184036,199637,204637,223370
2370,10570,19106,29828,45705,56963,63352,70434,85213,94071,103943,113897,126073,138448,143128,154220,168822,168081,183294,201900,200649
2371,10597,21929,34008,42708,58539,65021,72065,87664,96267,106489,116555,129194,141143,146248,157857,171951,174045,188181,204514,207540
2372,10446,21771,34076,42606,58423,64834,72161,87530,96246,106134,116775,128824,140892,146181,156906,163602,174933,188497,191559,206969
2373,10764,20220,35326,44128,60705,67387,74817,90151,99577,109842,120493,133089,144570,150444,161710,164860,178432,190350,195060,210948
2374,10646,20174,31758,44095,54065,67155,74407,89814,99387,109273,119913,132367,133139,149396,160629,165483,177788,176292,195531,209575
2375,10585,20509,28797,45188,55693,68847,76383,84176,101961,112520,123231,136407,136334,152521,165083,168134,182368,186058,201445,216178
2376,10437,20562,32327,45109,55530,68932,76485,84435,102084,112684,123099,136243,136404,152156,163997,168347,180937,186529,200162,214618
2377,10344,20438,32114,44952,55048,67960,75679,83523,100910,111119,121939,135703,135844,151272,151292,168855,179461,184472,198186,196096
2378,10563,20361,32143,44857,54827,68142,75761,83522,100854,111400,122124,135279,135408,150850,151133,168661,179438,186995,196998,216488
2379,10276,20602,32253,45062,55525,68631,76485,84212,101946,112434,122868,136101,136345,150591,152087,166745,178679,186241,196923,215084
2380,10435,20630,32083,44909,55118,68336,76042,83763,101451,112125,122630,135603,135933,149555,151454,166557,178747,185768,196798,196173
2381,10580,20770,32704,45848,56427,69926,77457,85513,103819,114307,125502,138881,138881,152575,154921,169421,181794,187468,200705,219682
2382,10491,20737,32604,45749,56322,63022,77613,85469,103653,114185,125218,138810,138810,139657,154966,169062,180850,189837,199366,198719
2383,10165,20310,31915,40187,54839,61079,75615,83182,100721,111019,121764,134476,134715,135421,151841,164836,176528,184669,195613,198461
2384,10374,20169,28366,44371,54476,60921,75217,82946,100204,110690,121301,134041,134183,135943,151633,165334,176312,184483,197970,212942
2385,10344,20399,28506,44725,55197,61624,76118,83868,101525,112456,122847,136153,136379,151844,154153,166053,179316,186315,200568,214880
2386,10412,20428,32016,44700,55221,61698,76079,84018,101494,112490,123040,136219,136265,151818,155199,166954,178657,187940,200379,214719
2387,10397,20173,31686,44336,54470,60708,75122,82908,100237,110749,121318,133893,134191,148741,151927,164811,175656,187443,198120,194807
2388,10412,20142,28347,44145,54501,60793,74981,82853,100045,110852,121624,134015,134015,148654,153022,165867,176310,187833,197295,212975
2389,10474,20630,28762,45658,56180,63149,78719,86927,104568,104568,127294,141372,141372,156194,160614,173642,186021,192993,206448,225989
2390,10467,20521,32340,45484,55925,62710,78270,86674,104165,104165,115851,140823,140803,141953,159963,172054,171329,192592,205876,205876
2391,10414,20339,32202,45249,56080,62886,77669,85907,103892,103892,115273,140161,140161,140768,158436,170480,170389,190194,199335,199726
2392,16618,26343,28301,35873,45550,54741,60939,67713,73741,82602,95481,103338,103974,113185,124009,123970,137213,140078,149111,151828
2393,11675,26148,41605,54721,60318,71903,79102,94557,104118,115083,127270,139332,152562,154197,158858,168879,172776,186804,191271,205964
2394,10671,23982,35103,51374,56398,68696,83293,91989,100606,122017,122319,132675,149920,150569,163748,165911,181400,195343,198178,213681
2395,10561,25359,36844,49433,55993,68131,82242,90223,100461,118835,122367,134303,145022,150347,162885,166507,178450,193782,210799,212452
2396,10387,21026,34262,46324,54595,66829,78680,87030,96242,105156,117677,127505,138283,145053,156613,162652,174097,185654,200108,206189
2397,10367,23425,33159,45178,60152,72081,78819,94721,96083,114196,125742,138067,138088,145552,156125,172804,186148,185739,201678,219810
2398,9999,21443,30684,42552,56484,67291,74323,81005,90368,107712,118288,131855,131936,139881,149347,164701,175244,182575,191126,207529
2399,10121,23782,34134,42444,54739,66016,73967,88476,100215,106784,117900,130206,130925,140600,161205,164872,175568,190722,195303,208533
2400,9697,20958,30835,38376,48776,59410,67672,81031,91630,97193,106937,118763,120296,140907,150273,158171,169979,179717,186138,195109
2401,10198,20918,30672,42810,54463,65577,74111,89035,99324,106578,118525,118525,133193,151326,159741,167207,189629,193840,197552,212694
2402,9982,19370,28518,39998,49855,61073,76209,82242,92608,100107,110831,111170,126820,142518,153839,167738,167866,181449,189844,203072
2403,10267,21705,32690,44170,54955,67415,75196,90439,100495,109610,110886,121078,136721,152417,162006,167071,180328,197124,211475,215206
2404,10122,20647,30813,42442,52590,63799,71248,86362,94934,104332,104722,114974,132410,146016,155689,160753,184338,186529,188406,204599
2405,10219,20703,30825,42508,58155,64033,71220,86133,94879,104450,114699,117358,138599,151235,156079,171317,182312,186929,203159,216054
2406,10171,18529,27323,36437,45107,55112,60920,73121,80341,88913,99494,106894,124763,136150,138577,151953,163482,168719,182523,196898
2407,10381,21595,33671,44874,55213,66556,73467,88985,89189,96942,111752,125275,144567,147817,164467,167014,176663,192883,198374,212487
2408,10893,19602,31088,41905,50899,61847,74262,81521,82075,90038,105604,124690,124690,136925,150404,162760,163680,179487,181061,197119
2409,10446,22318,30913,45961,55611,67488,81437,81023,90836,97488,121188,124745,136292,154979,159512,173608,178798,190223,206895,222044
2410,9976,19469,27570,39613,48681,58892,71243,71243,83128,96655,108273,111228,132167,132697,145865,158150,173143,174220,190951,192436
2411,10391,22436,30635,43977,53461,64343,71036,78278,90772,99045,117441,129106,141689,145153,158107,169509,185030,189035,202652,222056
2412,10136,20506,28891,41294,51109,60805,68329,81384,88506,105746,116518,126749,138376,144032,164015,166026,177697,182766,194085,197604
2413,10213,20366,31482,44620,56257,67001,67644,81530,96060,105744,114078,125035,145393,150511,158299,165381,176830,191825,206501,217647
2414,9574,17849,27509,38350,47610,56638,58725,68759,81014,89217,99848,109346,123910,130368,142836,143520,170320,171565,186643,188557
2415,10792,22520,30577,42357,56847,62079,71471,77415,97025,106975,118201,128072,135772,142465,155924,156195,170694,171842,187249,192682
2416,9874,19018,26536,35284,46999,51111,61696,73977,82231,89789,98670,106887,117953,118438,129555,130258,140950,142209,155807,155649
2417,10584,21286,31284,42795,47306,56555,68988,74537,83235,90359,98484,106938,117992,118634,129206,130025,141353,142323,155653,155938
2418,9138,18965,29175,35154,39027,47562,57099,63284,68511,77039,82921,89665,98280,98416,107881,108405,117669,118505,128979,128390
2419,10222,21400,29434,35236,40677,51082,57206,63218,67877,76261,82841,89732,97428,97560,107694,108570,117561,117859,127514,140901
2420,8639,17912,25506,29420,36103,43395,47350,52674,57196,63234,68910,73907,81144,81424,88728,89004,103567,103148,103148,114627
2421,9295,18142,25359,32878,36423,43606,52161,62629,62629,68016,73766,80477,87246,87455,94981,103246,114331,114331,122814,122814
2422,9793,19894,28019,37108,40414,47509,57310,67871,68117,73050,79504,86395,93437,93437,101136,110084,120611,120611,127969,127969
2423,9734,19903,27641,36698,40050,47034,56690,67061,67338,72249,78635,85613,92469,92469,100362,108996,119612,119612,126938,126938
2424,9302,20040,27790,36346,39311,46734,55712,66346,66346,71096,77537,84459,91082,91082,100719,104265,115336,115336,122803,122803
2425,9350,20242,28315,36456,39415,46833,55697,66409,66409,71297,77760,84538,91183,91967,100906,104371,115400,115400,122953,122953
2426,9721,21028,29097,39529,42744,50119,59066,70217,70446,76010,82060,89485,96288,96834,104444,109899,119707,119707,127195,127195
2427,9707,20974,29124,39503,42710,50321,59120,70344,70571,76036,82141,89577,96209,96831,104562,109903,119795,119795,127250,127250
2428,10196,21710,30729,42440,45909,53121,62443,73296,73621,77986,84146,91351,98970,98970,107630,111615,122961,122961,130075,130075
2429,10091,21277,30063,41977,45393,52552,61863,72505,72844,77260,83421,90768,98016,98016,106845,110398,121970,121970,128902,128902
2430,9636,20914,29822,41140,44261,51254,60113,71070,71070,76200,81788,89413,96230,96590,104972,107815,118040,118040,124815,124815
2431,9513,20775,29664,41046,44123,51248,60006,70726,70759,76038,81503,88966,95914,96232,104516,107528,117517,117517,124336,124336
2432,9825,21597,31033,39873,43026,51867,59075,71060,71213,76480,83003,90396,99141,99141,109600,109920,122315,122315,129859,129859
2433,10931,21279,30356,39417,42635,51257,58795,70238,70360,75649,82010,89621,98195,98195,108397,108643,120929,120929,128455,128455
2434,11075,21579,32342,42000,45091,54194,61738,72878,74857,80098,86340,95174,102863,103380,112807,113621,125315,125315,132515,132515
2435,11098,21456,32280,42021,45154,53846,62047,72726,74706,79887,86552,95074,102560,103198,112772,113440,125091,125091,132313,132313
2436,11249,22190,33303,45191,49472,58954,70664,86034,88196,96278,104097,111804,121715,123544,136221,140324,154933,154933,165041,165041
2437,11014,21857,32641,43868,49532,58896,70488,83895,88304,96118,103861,111878,121032,123748,135016,140375,155171,155171,165246,165246
2438,10445,24597,34925,47253,54868,63853,73335,83609,86343,94863,101890,109287,118486,119846,130896,137256,151681,151681,161351,161351
2439,9689,21612,33449,46077,53624,63154,72663,83263,87051,94098,100682,108604,117667,119448,129496,135760,150399,150399,159639,159639
2440,10851,22268,33359,45470,54082,64209,73662,83877,88060,95084,101910,110575,118295,119757,131710,137403,153836,153836,163410,163410
2441,10711,22167,32870,45424,53541,63649,73424,83416,86471,94869,101750,110207,119242,119686,131348,137063,153435,153435,162915,162915
2442,9558,20107,30286,41767,50054,60487,70877,80952,83605,91645,98531,106998,116300,117070,128579,133866,148476,148476,157820,157820
2443,9566,19877,30021,41193,50157,59802,70443,80846,82993,90779,97543,105843,115024,115826,127000,132342,146912,146912,156001,156001
2444,8674,17477,27422,35566,44421,52574,62216,74131,74438,79690,86239,93714,101828,101983,111660,117349,130914,130914,139585,139585
2445,9541,19620,28427,37015,44496,52627,62350,74291,74638,79867,86457,93822,102065,102065,111748,117426,130869,130869,139763,139763
2446,8750,17456,26315,34296,38383,45114,54437,64742,64785,69283,74641,81028,88698,88698,96288,102156,113177,113177,120468,120468
2447,9802,18154,26345,35245,38531,45081,54469,64627,64745,69504,74663,80866,88495,88495,101929,101929,112836,112836,120042,120042
2448,9645,18313,25220,33718,36962,43923,52574,62273,62709,67571,72613,78938,85994,86153,100033,100033,110673,110673,117452,117452
2449,9570,18729,24815,33195,36421,43433,51929,61487,62408,66833,71870,78025,92171,99606,99262,99262,109878,109878,116394,116394
2450,9100,17988,22929,31291,33906,40125,48071,56581,56879,61589,66163,71461,83729,91279,91069,91069,100231,100231,106912,106912
2451,9048,19480,22823,31334,36811,43567,47900,56554,56724,61518,76560,76965,83919,91035,90545,90545,100097,100097,106534,106534
2452,9145,19479,22814,31182,37154,44036,48785,57674,58481,73091,79039,79039,85171,92709,92469,92469,102117,102117,108310,108310
2453,9033,19181,22448,30818,36731,43575,48055,57381,57838,72233,78272,78367,84248,91911,91518,91518,101184,101184,107209,107209
2454,9222,19769,23307,31616,38035,45479,50363,60331,60331,77754,84861,84861,92277,100634,98463,98463,109044,109044,116349,116349
2455,9301,19834,23239,31630,38250,45581,50489,60801,60801,78019,84904,84904,92558,100675,98835,98835,109349,109349,116466,116466
2456,9910,20946,24643,33521,40379,48823,54077,65032,65032,83974,90725,91067,99468,107900,104271,104271,115973,115973,123498,123498
2457,9913,20866,24651,33575,40516,48907,54225,65373,65551,83801,90846,91262,99382,107847,104139,104139,115983,115983,123267,123267
2458,10782,23133,27466,37242,44620,53601,59510,71406,71962,93173,100946,101299,110746,119947,114508,114508,127035,127035,135755,135755
2459,10674,22803,27249,36674,44022,52978,58923,70948,70948,92315,99753,100000,109702,119266,113361,113361,125914,125914,134875,134875
2460,11785,22975,31009,41803,49853,62007,68326,82826,84245,105427,117132,118836,132150,142684,134711,134711,151154,151154,161530,161530
2461,10577,22309,30912,41665,49700,62013,68486,82766,83363,104048,115341,118718,131654,142824,134381,134381,150932,150932,161966,161966
2462,11563,25038,35312,46147,54116,65543,72518,86341,87543,106217,117162,125876,138119,147224,141799,141799,158879,158879,169027,169027
2463,11221,23371,33667,43805,52788,62487,71835,84530,86705,105394,116013,124761,135588,145309,140563,140563,157449,157449,167736,167736
2464,11754,24839,35509,46465,55099,65703,74255,83368,93759,111701,120528,126231,136885,149353,151937,151937,171172,171172,182334,182334
2465,9926,21773,34834,45260,54209,64761,73602,84031,93178,109877,119259,126338,136000,147375,151993,151993,170786,170786,182241,182241
2466,10467,24762,38260,51169,61091,72040,79829,90655,99684,121045,132814,137912,148163,162171,169898,169898,190426,190426,202825,202825
2467,10490,22057,34207,48894,60271,71126,78856,86450,98354,119596,130787,134025,145424,159095,162525,169679,190068,190068,202981,202981
2468,11056,22409,37685,53059,64811,77348,86246,93413,102788,131005,142338,144308,155421,172261,175073,186784,209521,209521,223782,223782
2469,10725,22224,29885,47007,58282,70361,83947,92030,101069,129783,141417,141989,154020,170716,172909,185564,208480,208480,222787,222787
2470,11400,26025,35172,50970,67815,81830,97661,106390,117432,150907,165492,165492,180156,200219,200741,218242,244710,244710,244710,262110
2471,10324,21567,31518,46580,60617,74319,81185,88942,104988,126081,165280,165280,179482,199355,199355,217186,217186,243726,243726,261096
2472,11096,23662,34703,51384,67281,75121,89450,96666,105480,137229,163803,178673,193654,193654,215253,234275,234275,263031,263031,280800
2473,10126,20956,31319,42840,55369,66875,74568,88980,95988,125292,148838,162635,177557,177557,192361,232972,232972,214027,232972,278852
2474,10658,22545,33801,46529,60547,80542,80542,87624,103009,135735,147818,177639,177639,195157,213370,259820,259820,237642,293704,314131
2475,9960,20541,30821,42098,60679,73059,80382,87633,95123,122460,135526,161364,161364,177375,195118,213240,237529,213240,237529,259481
2476,10736,22126,30161,45307,59298,71677,86552,93818,102351,131497,145438,158389,172995,189820,207402,207402,225527,225527,250671,274012
2477,9778,19848,30147,45312,54421,71655,77865,86729,93691,121011,131700,145307,158449,173073,173073,189252,207306,225335,250453,250453
2478,10619,20976,32451,48578,58520,77036,84378,93226,101204,119531,142462,142462,157603,188103,188103,207063,207063,248766,276680,276680
2479,10604,20902,29090,43581,53229,69740,76411,92739,92739,109605,130137,141865,141865,171113,171113,186808,186808,226533,226533,247360
2480,10814,21831,30739,46225,56655,74599,81879,99365,99365,118173,128317,153862,153862,170415,185333,202319,202319,222939,222939,265329
2481,9698,19712,30567,41359,56541,67583,81881,89540,99246,107874,118066,140828,153691,153691,170195,185302,202332,202332,222638,243642
2482,10340,19985,31370,42589,58721,70917,85756,94535,104958,114157,124283,135604,163594,163594,181626,181626,214630,214630,233704,233704
2483,10310,19931,31225,42222,52542,64770,77411,94130,94130,104506,113657,123810,149070,149070,162587,180831,197331,197331,213671,213671
2484,10593,19628,29983,40778,49353,59376,70668,84131,84131,92676,101215,110597,120340,132860,145552,161786,161786,176401,193805,193805
2485,10289,21763,29996,40774,54248,64618,77438,92724,92724,101322,110666,120491,145672,145672,161762,176348,194041,194041,214147,214147
2486,10300,22053,31128,42353,58907,71498,87009,107175,107175,128207,128207,154202,168265,168265,206014,206014,224902,224902,245842,268439
2487,10554,19764,31187,42504,52793,64924,78779,96042,96042,106858,117188,128140,139528,154098,168452,188147,188147,206029,224845,224845
2488,10333,22296,31336,42594,52883,64875,77657,94419,94419,105557,115186,125821,136658,149736,149736,163647,180951,196901,196901,215333
2489,10322,19894,31043,42387,52655,64525,77305,94189,94189,104732,114364,125181,135963,149108,149108,162773,180299,196012,196012,214334
2490,10521,20405,31898,43039,53654,65766,79350,87600,96404,107137,117183,128519,139336,153686,153686,185884,185884,203312,203312,222215
2491,10439,20311,31751,43041,53370,65631,79200,87333,96314,106862,117047,128090,139282,153250,153250,167064,167064,202649,202649,221970
2492,10395,20311,31840,43100,53580,65937,79122,87575,96222,107186,117221,128139,138845,152785,152785,166593,184915,201096,201096,219979
2493,10453,20298,31691,42827,53319,65579,78870,87314,95760,106719,116527,127363,138321,152383,165806,165806,184175,200547,200547,219259
2494,10402,20118,31447,42960,53324,65669,78879,86993,95890,106472,116510,127535,138783,152955,152955,166809,185123,202654,202654,221686
2495,10480,20201,31512,42907,53323,65496,71914,87047,95960,106599,116660,127666,138759,153059,153059,166916,185216,202749,202749,221513
2496,10359,20321,31699,43151,53700,65833,72189,87756,96691,107392,117286,128562,139127,153337,153337,167020,185484,202607,202607,221100
2497,10364,20336,31678,43325,53678,65855,72341,87752,96527,107355,117292,128375,139318,153222,167186,167186,185380,202196,202196,221278
2498,10358,20237,31627,43221,53856,66109,72311,88104,97046,107473,118303,129367,140507,154700,154700,168505,187169,204348,204348,223649
2499,10275,20044,31525,42937,53378,65723,71921,87673,96523,107203,117591,128668,140167,154086,154086,167970,167970,203448,203448,222564
2500,10517,20422,31942,43548,54136,66568,72588,88554,97709,108671,118850,129961,141146,154774,154774,168605,168605,186867,203093,222248
2501,10310,20424,28407,43480,54077,66514,72592,88535,97697,108528,118642,129668,140791,154674,154674,168140,168140,186434,202917,221881
2502,10325,19809,30783,41923,52031,64055,70076,85158,93866,104233,114310,125043,135722,149201,149201,162504,162504,180127,196678,214955
2503,10439,21953,30678,41755,51811,63805,76860,84797,93487,103818,113871,124650,135011,148750,161779,161779,179513,195530,195530,214200
2504,10506,22448,31205,42524,53040,65314,78527,86677,95641,106371,116543,127538,138266,152142,165414,165414,183352,199921,218506,218506
2505,10332,20068,31146,42574,53093,65280,71241,86876,95697,106452,116412,127621,138419,152202,165398,165398,183565,183565,218493,218493
2506,10470,20134,31576,42923,53693,66287,72607,88612,97707,108620,118855,130398,141755,156552,170822,170822,189350,189350,226800,226800
2507,10391,20170,31523,42990,53639,66207,72517,88636,97732,108689,119136,130210,141881,156428,156428,170831,170831,189660,207050,207050
2508,10466,20472,31848,43482,54256,67152,73463,89579,98816,109782,120077,131639,143393,158171,158171,172460,172460,191498,208413,208413
2509,10525,20329,31662,43226,53972,66808,73198,89383,98156,109305,119722,119722,142936,142936,157283,171294,171294,190683,207684,207684
2510,10576,20638,32103,43671,54511,67410,73838,90427,99404,110650,121187,121187,145683,145683,160899,175443,175443,195460,213361,213361
2511,10389,20567,32022,43605,54427,67285,73870,90190,99676,110661,120951,120951,145432,145432,160133,175434,175434,195105,195105,212841
2512,10445,20745,32236,44040,54785,67827,73984,90448,99512,111034,121419,121419,133150,144558,159321,174241,174241,193440,193440,211362
2513,10462,20737,28615,43750,54570,60956,73686,89770,99092,110316,120783,120783,132386,144018,158722,173153,173153,192943,192943,210485
2514,10561,21083,29404,44641,55829,62483,75820,92280,101475,113081,123839,123839,135675,148254,162972,177857,177857,197715,197715,215469
2515,10398,21162,29485,40537,50030,62594,75772,83206,101772,113129,113129,123822,135959,135959,163213,163213,178154,178154,198032,215838
2516,10438,21375,29595,40853,50448,62720,75693,83281,101340,112498,112498,123309,134760,134760,161841,161841,176971,176971,196549,214221
2517,10430,21235,33863,40802,50570,62872,75630,83346,101094,112675,112675,123323,134717,134717,161559,161559,176694,176694,196305,214071
2518,10481,21914,30447,42305,52151,64874,78387,86294,104800,116371,116371,127564,139312,139312,167315,167315,182595,182595,202911,221139
2519,10541,21791,30320,42101,51914,64426,78012,85719,94851,115976,115976,126779,126779,138782,151154,166505,181804,181804,201858,219921
2520,10520,22240,31905,43327,53365,66751,80427,88662,98044,120352,120352,131754,131754,143720,156240,172176,187885,187885,208504,227170
2521,10335,22258,31437,43165,53371,66630,73552,88549,97730,120050,120050,120050,131505,143523,156117,171793,171793,187732,208129,208129
2522,10491,22173,30674,42750,52461,58537,71711,86429,95618,104854,116732,116732,127547,139630,151980,167563,167563,182872,203203,203203
2523,10449,22085,31260,42426,52134,64914,71537,85983,95072,104415,115932,115932,126872,139024,151060,166720,166720,181940,202075,202075
2524,10569,22407,31516,43354,53579,66549,73234,88164,97398,107354,119196,119196,130571,142643,155073,170324,170324,185869,206575,206575
2525,10458,20251,31473,43349,53479,59774,73261,88121,97563,107344,119253,119253,130583,142715,155081,170418,170418,185855,206845,206845
2526,10390,20089,31316,43003,53159,59214,72808,87933,97131,106798,118439,118439,129935,142101,154618,170085,170085,185865,205816,205816
2527,10320,20110,31110,43054,52958,66172,72944,87837,97022,106839,118445,118445,129741,141948,154669,170134,170134,185719,206143,206143
2528,10460,20324,31851,43626,53926,60258,74562,89991,99450,109607,121800,121800,133430,145563,158170,173735,173735,190100,210994,210994
2529,10481,20164,31321,43500,53805,59908,74127,80927,99013,109107,121173,121173,132554,145110,157709,173526,173526,189138,189138,210142
2530,10420,20198,31373,43639,53816,66944,73805,80806,98627,108502,120160,120160,131950,144467,157063,173001,173001,188995,188995,210006
2531,10343,20191,31269,43543,53626,59829,73677,80837,98595,108214,120061,120061,131361,144265,156656,172783,172783,188777,188777,209657
2532,10540,20342,31412,43351,53629,66907,73727,80558,98311,108090,120273,120273,131086,143641,155982,171818,171818,187822,187822,208282
2533,10389,20247,31310,43170,53517,59553,73190,79925,97934,107446,119418,119418,130759,142916,155463,171075,171075,186790,186790,207651
2534,10609,20405,31467,43633,54210,60132,74835,81905,99680,109656,121510,121510,133294,146211,159119,175439,175439,191651,191651,212558
2535,10438,20424,31485,43697,54097,67639,74913,81861,99974,109590,121639,121639,133235,133235,159216,175334,175334,191616,191616,212808
2536,10616,20507,31469,43733,53739,59807,73983,81077,98604,108406,120853,120853,132414,144884,157932,173616,173616,189957,189957,210738
2537,10606,20480,31474,43681,53714,59889,74091,80824,98762,108624,132294,120750,132294,144733,157901,173956,173956,189954,189954,211052
2538,10236,20627,31694,44101,54413,67594,74644,81770,99568,109631,133348,121743,133348,145950,158424,174451,174451,190738,190738,211478
2539,10517,20553,31401,43782,54101,60262,74256,81232,99121,109119,132802,121259,132802,145295,157818,173836,173836,190223,190223,210623
2540,10380,20919,32514,45093,55855,62221,76680,83877,102135,112489,125348,125348,137146,149713,163128,179497,179497,195947,195947,216956
2541,10651,23383,32509,45088,55751,69496,76727,83784,92377,112367,125232,125232,136849,149642,162862,162862,179435,195517,195517,217132
2542,10362,20968,32136,44925,55279,68775,75908,83163,91643,111308,123522,123522,135116,147993,161044,161044,177257,193770,193770,215478
2543,10315,23260,31977,44667,55138,68542,75598,82490,90903,110924,123039,123039,134445,147254,160262,160262,176596,192690,192690,214415
2544,10435,20946,32459,45244,55525,69534,76557,83708,91899,112011,124201,124201,136068,148463,161142,161142,177584,193439,193439,214862
2545,10430,23355,32402,45220,55470,69236,76365,83625,92050,111826,124029,124029,135812,135812,161102,161102,177507,193391,193391,214407
2546,10682,21161,32887,45946,56678,70531,77691,85205,93558,113855,126853,126853,138648,152010,165282,165282,181703,198501,198501,220658
2547,10323,23656,32862,45779,56662,70645,77835,85087,93573,113755,126878,126878,138507,151827,151827,165007,181722,181722,198514,198514
2548,10228,23470,32864,45787,56723,70493,77443,85012,93455,103596,126805,126805,138591,138591,151343,164739,181392,181392,197848,197848
2549,10627,23553,32590,45411,56462,70079,77317,84625,93096,103054,126369,126369,137795,137795,150518,163911,180606,180606,197070,197070
2550,10269,23580,32981,46080,56633,70782,77800,85161,93613,103767,126886,126886,138963,138963,151830,164781,181174,181174,197569,197569
2551,10339,23621,32910,45959,56635,70678,77755,84890,93403,103430,126548,126548,138624,138624,151524,164425,180811,180811,196897,196897
2552,10476,23642,32943,46064,57007,71268,78631,86050,94871,105026,128887,128887,140918,140918,154379,167680,184149,184149,200749,200749
2553,10256,23585,32923,45841,56985,71230,78478,85907,94300,104754,115333,128426,140465,140465,153766,167079,183450,183450,200193,200193
2554,10631,23414,32651,45551,56643,70862,78006,85315,93752,104085,114347,127344,139436,139436,152741,166014,182434,182434,199309,199309
2555,10283,21159,32683,45633,56468,70726,77983,85420,93747,104037,114305,127370,139308,139308,152576,165902,182355,182355,199343,199343
2556,10622,23604,32807,45720,56622,70554,77952,85257,93875,103757,114346,127092,139294,139294,152418,165731,181948,181948,198680,198680
2557,10307,23531,32886,45730,56599,70627,78189,85375,93761,104030,114328,127202,139254,139254,152632,165779,182201,182201,198642,198642
2558,10434,23572,32701,45866,56920,63583,78681,86386,95043,104905,115387,128131,140201,140201,153669,167521,184986,184986,202490,202490
2559,10421,23374,32605,45500,56920,63241,78326,85860,94863,104375,114797,127711,139724,139724,153047,167023,167023,184649,201421,201421
2560,10345,20924,32564,45550,56361,63019,77935,85587,93966,104304,114729,127996,140324,140324,153395,167222,167222,184099,201308,201308
2561,10694,23405,32440,45533,50265,63000,77727,85407,93969,104073,114600,127910,139879,139879,153410,167048,167048,184165,201172,201172
2562,10368,20896,32583,45822,50821,63466,78366,85894,94601,104597,115726,128407,140956,140956,154154,168022,168022,184695,201603,201603
2563,10295,23301,32517,45356,56407,63310,78115,85604,94223,104178,114953,128101,140298,140298,153604,167119,167119,183596,200823,200823
2564,10567,21525,33543,47135,52289,65855,81304,88882,98134,108546,120101,134056,146969,146969,160789,174869,174869,192202,209741,209741
2565,10279,24056,33537,42623,52197,65927,73650,89140,98145,108919,120353,134167,134167,147020,147020,160939,175259,192353,192353,209856
2566,10620,24043,33924,42629,52590,66052,73664,89265,98345,109037,120365,133919,133919,147174,147174,161149,175298,193195,193195,210871
2567,10332,24065,33809,42847,52587,65840,73729,89375,98233,109132,120568,133847,133847,146835,146835,160926,175181,192882,192882,210956
2568,10474,24403,34397,43571,53679,67420,75182,90788,99971,111139,122731,137006,137006,149763,149763,163793,177967,195040,195040,212578
2569,10469,24463,34327,43387,53265,66881,74823,90487,99389,110441,121962,136100,136100,148965,148965,162955,177054,177054,193847,211244
2570,10577,24466,34668,43792,53875,67536,75647,91402,100728,111332,123355,136980,136980,150538,150538,164883,179028,179028,196670,214485
2571,10534,24510,34592,43718,53725,67581,75398,91276,100497,111022,123160,137106,137106,150121,150121,164626,178790,178790,196347,214407
2572,10456,24707,34634,43600,53728,67500,75242,90938,100492,110992,122652,136742,136742,149596,149596,163701,177885,177885,195416,213173
2573,10384,24665,34539,43466,53524,67078,74870,90574,99927,110583,122187,136182,136182,149069,149069,162860,177036,177036,194634,212225
2574,10650,24837,34537,43838,53746,67336,74977,90684,100315,110860,122617,136150,136150,148547,148547,161750,175043,175043,192071,209474
2575,10358,24808,34441,43763,53753,67395,75193,90558,100229,110905,122848,135945,135945,148713,148713,161724,175468,175468,192307,209549
2576,10439,24769,34756,43935,53968,67709,75391,90980,100605,111868,123198,137200,137200,149585,149585,162888,176706,176706,194380,211768
2577,10368,24750,31320,43830,53777,67947,75463,91101,100710,111966,123448,137084,137084,137084,149578,162809,176794,176794,194027,212146
2578,10365,24792,31469,44035,54472,68167,76095,91963,101942,112734,124544,138234,138234,150515,150515,164633,177797,177797,195596,213724
2579,10499,24729,31319,43783,54120,67898,75651,91593,101737,112199,124094,137685,137685,137685,149866,163470,177234,177234,194993,212599
2580,10426,24640,31123,43435,53379,66637,74235,89772,99034,109579,120373,133518,133518,145734,145734,158994,172593,172593,190217,207448
2581,10424,24754,31055,43356,53461,66565,74250,89560,99130,109773,120521,133580,133580,145560,145560,158871,172787,189997,189997,207389
2582,10373,24210,30438,42524,52586,65168,73034,88291,97447,107451,118133,131297,131297,144189,144189,157857,171780,189191,189191,206909
2583,10365,24284,33911,42503,52196,64940,72614,88221,96977,107201,117786,130898,130898,143775,157632,157632,171220,188629,188629,206248
2584,10457,24623,34505,43538,53397,67105,74641,89786,99551,111029,122335,135623,135623,147503,160078,160078,173715,190528,190528,208327
2585,10258,24718,34475,43392,53426,67038,74704,90283,99816,111111,122132,135589,135589,147715,160593,160593,174176,190878,190878,207944
2586,10403,23951,33393,42205,51550,64586,72057,86941,96261,106632,117806,130507,130507,142648,155832,155832,168807,185399,185399,202869
2587,10459,24026,33331,42205,51528,64567,72099,87062,96173,106526,117687,130706,130706,142596,155675,155675,168898,185570,185570,202286
2588,10261,23400,32645,41385,50754,63546,70903,85419,94447,105083,115507,128703,128703,139676,152229,152229,164679,180846,180846,197084
2589,10167,23389,32469,41179,50520,63426,77454,85029,93926,104716,115022,128091,128091,139299,151847,163866,163866,180314,196469,196469
2590,10515,23214,32217,40502,49653,62364,76534,83761,92891,102768,113833,126398,126398,137878,150072,162786,179054,179054,195503,216139
2591,10578,18476,32114,40567,56036,62429,76347,83730,92886,102476,113655,126316,137776,137776,150256,162627,178468,178468,195048,215775
2592,10162,22528,31326,39479,54431,60551,73943,80960,89542,99536,109399,121664,132746,132746,144794,156902,172196,172196,188030,208441
2593,10454,18153,31152,39388,53954,60277,73477,80698,89047,109025,121009,121009,132221,144061,156274,156274,171471,187158,187158,207462
2594,10361,18033,30813,38928,47661,59785,73147,80370,98639,108337,120713,120713,131182,143100,155458,155458,170787,186048,186048,206325
2595,10376,18053,27682,43065,47559,59606,73063,80428,98756,108253,120731,120731,131329,143196,155275,170661,170661,185859,206244,206244
2596,10339,17574,29900,41459,45660,57507,70200,76950,94268,103741,115332,115332,125560,137265,149514,164287,164287,179086,198894,198894
2597,10268,19506,27060,37443,51621,57475,70209,76928,94266,103770,115076,125698,125698,149382,149382,163819,178969,178969,198610,198610
2598,10472,19038,26493,36894,50796,56556,69030,83530,92687,102051,113444,123903,123903,146059,146059,161005,175438,175438,194396,194396
2599,10398,18943,26373,36730,50507,56258,68702,83231,92406,112804,112804,123408,134536,145896,160073,160073,193922,193922,193922,211063
2600,10348,18991,29131,36741,50562,56642,69230,84086,93593,114596,114596,124858,136093,147811,161894,161894,196493,196493,196493,213872
2601,10344,18933,29074,36624,50651,56348,69075,84026,93648,114539,114539,124823,136122,147690,162348,162348,196578,196578,196578,213563
2602,10106,18436,28274,35390,48800,60583,66735,80799,89288,109651,109651,119628,130871,142148,156665,156665,190053,190053,190053,207186
2603,10377,18365,28039,38884,48399,60176,72754,80257,97987,108959,108959,119160,141475,141475,170318,170318,188984,188984,188984,206149
2604,10272,18146,27994,38832,48441,60103,72534,80544,98250,109479,109479,119300,141429,141429,170230,170230,188913,188913,206226,206226
2605,10368,18266,28069,38926,48408,60179,72939,80586,98447,109710,109710,119645,141959,141959,170456,170456,189249,189249,206448,206448
2606,10332,18243,28093,39220,48564,60361,73003,80668,97810,97810,108862,119337,142753,142753,172624,172624,193148,193148,210569,210569
2607,10509,18203,28093,39200,48527,60256,73149,80513,97666,108814,108814,119270,142978,142978,172351,172351,192956,192956,192956,210448
2608,10421,18351,27950,38900,48344,60277,72690,80138,98172,109312,109312,119675,142265,142265,171383,171383,190524,190524,190524,208050
2609,10397,18211,27828,38637,48173,60099,72601,80211,88774,108810,108810,119199,141644,141644,171093,171093,171093,190449,190449,207607
2610,10522,18456,28222,39207,48702,60598,73414,80873,98771,109736,109736,120067,142999,142999,157470,171964,191267,191267,191267,208417
2611,10533,18425,28239,39050,48546,60553,73223,80577,89538,98346,109683,119808,142850,142850,157132,171777,171777,191007,191007,208299
2612,10482,18699,28651,39868,49615,61944,74764,82793,101427,101427,112913,123544,146883,146883,161610,176534,176534,196426,214092,214092
2613,10511,18591,28496,39931,49495,61803,74547,82441,91496,100732,112186,123147,146299,146299,160994,160994,175884,195744,195744,213407
2614,10426,18587,28586,39776,49368,61427,74270,81870,90878,99712,111190,121811,133593,145485,160031,160031,175066,195088,195088,212445
2615,10515,18547,28681,39823,49116,61332,74252,81634,99563,111230,111230,121905,133190,145361,160286,160286,175139,194946,194946,212629
2616,10175,18671,28873,40177,49952,62045,74810,82735,91471,100931,112311,122645,133986,145546,160205,160205,174898,194041,194041,211436
2617,10469,18668,28776,40155,49673,61988,74751,82281,91629,100716,112143,122629,133637,145234,160179,160179,193859,193859,211461,211461
2618,10309,18564,28865,40245,50162,62627,75693,83264,92660,113650,113650,123953,135862,147520,162213,162213,177360,196900,196900,214580
2619,10209,18579,28721,40214,49819,62371,75288,82561,92096,101007,112849,123345,134921,146675,161495,161495,176501,196127,196127,213504
2620,10639,18719,28612,40211,49725,61946,75035,82622,91477,100745,112250,122431,133943,145534,160559,160559,175407,194511,194511,212083
2621,10426,20526,28719,39923,49552,62014,74773,82368,91612,100424,111998,122427,133803,145402,160390,160390,175183,194402,194402,212025
2622,10223,20445,28460,39601,49221,61133,73706,81201,90955,110833,110833,120949,131809,143389,157714,157714,172255,191063,191063,207769
2623,10435,20374,28234,39277,48941,60771,73586,80965,99099,99099,110380,120264,131232,142676,157269,157269,171105,190096,206811,206811
2624,10560,20516,32650,40519,50432,62341,75937,84037,102888,113796,113796,123817,146692,146692,161278,161278,176028,195307,212491,212491
2625,10350,20524,28761,40448,50493,62572,69020,84136,93795,102687,113948,124009,134815,146589,161743,161743,175911,195432,195432,212203
2626,10447,20272,28125,39032,49124,60766,66955,81185,90405,99358,110284,119911,130783,142069,156460,156460,170562,189540,189540,206310
2627,10485,20225,31916,39220,48917,60872,73712,81178,90357,99068,110250,119784,141908,141908,156427,170611,189434,189434,189434,205979
2628,10426,20187,31973,39297,48966,60756,73640,81523,99263,109830,109830,119802,130799,142518,156654,170654,170654,189624,205925,205925
2629,10334,19989,31776,39097,54338,60321,73424,81119,90025,98770,109754,119582,141588,141588,155877,170300,188785,188785,205411,205411
2630,10520,20055,31361,38584,53037,59043,71730,78751,87651,106573,106573,116625,128292,139694,154043,168835,168835,188576,205609,205609
2631,10283,20071,31300,38595,52853,59024,71853,78761,95562,106323,106323,127912,139394,154054,154054,168445,168445,188175,205387,205387
2632,10524,19934,31210,38218,53059,58890,71358,78742,95921,106412,106412,126690,137619,151714,151714,165593,183777,183777,200341,200341
2633,10455,19830,31209,38085,52845,59047,70944,78607,95153,105966,105966,126136,137028,151079,151079,164803,183037,199467,199467,199467
2634,10482,20057,31631,38700,53650,59767,72240,88595,97114,108086,108086,128739,140403,154257,154257,187200,187200,204136,204136,204136
2635,10192,20181,31520,38768,48115,59774,72355,79724,97458,108094,108094,128793,128793,154031,154031,168578,168578,187161,203556,203556
2636,10556,20201,31820,39011,48709,60623,73616,90150,99265,110401,110401,131005,131005,156803,156803,170965,170965,190085,206603,206603
2637,10482,20146,31781,39011,54378,60435,73227,81292,89959,99331,110163,131159,142066,156660,156660,171249,171249,190063,206473,206473
2638,10407,19711,30833,38022,52361,58266,70672,77617,86448,94705,105197,126101,126101,151105,151105,165517,184086,184086,200284,200284
2639,10375,19652,30536,37650,52108,63972,70127,85768,94103,104371,104371,125199,136154,150215,150215,164196,183138,183138,199351,199351
2640,10438,20149,31486,38784,53778,66068,72522,88606,97479,108238,108238,129015,139988,154186,154186,187061,187061,187061,203639,203639
2641,10404,20043,31373,38732,48117,59811,72483,79795,97052,107837,107837,128448,128448,153884,153884,168316,168316,186802,203246,203246
2642,10469,20334,31595,38869,53851,66152,72277,80072,96667,107651,107651,128397,139790,154047,154047,168612,168612,187720,203803,203803
2643,10436,20268,31443,38669,53327,59416,72010,88023,96409,106996,106996,127888,139210,153390,153390,167969,167969,186394,203118,203118
2644,10706,20880,32977,45038,50502,62518,75158,83349,101320,112635,112635,133711,145622,159983,159983,175020,193817,193817,211514,211514
2645,10325,20972,29126,40429,50507,62469,75190,83139,91912,101285,112545,122695,133941,145316,160214,175100,175100,193950,193950,211381
2646,10444,20818,28728,40041,49629,61371,74216,81626,90603,99518,110497,120384,131709,142885,157154,171795,171795,190558,190558,207813
2647,10418,20796,28758,40051,49687,61459,74078,81732,90741,99546,110237,120184,131548,143025,157185,171637,171637,190757,190757,207746
2648,10499,20352,28541,39006,48406,59983,71945,79439,87795,96606,107402,117189,127729,138804,152664,166596,184812,184812,184812,201502
2649,10224,20257,32654,42887,53463,59568,71689,87384,87384,106911,106911,116562,137957,152180,152180,165711,184020,184020,200888,200888
2650,10479,20288,32754,43441,54489,66704,73092,89737,89737,109449,109449,130232,141503,155521,155521,169620,188407,188407,204726,204726
2651,10492,20324,31901,43433,54316,66607,73105,80714,98350,109325,109325,130189,130189,155453,155453,169566,169566,188313,204881,204881
2652,10361,20121,31498,42833,53455,59447,71999,79402,87834,107355,107355,127634,139012,153356,153356,167514,167514,185975,202906,222819
2653,10629,20047,31355,42512,53131,65242,71443,87356,96090,106606,106606,127204,138263,152171,152171,166670,166670,184855,201594,201594
2654,10380,20609,32261,39862,54700,61047,73900,81229,98723,110352,110352,131989,143470,158843,158843,174153,194113,194113,211703,211703
2655,10443,20741,32155,39713,49059,61000,74127,81353,89895,98911,110558,120619,132090,143790,158982,174262,174262,194572,194572,212157
2656,10400,20705,32418,39962,55684,61903,74884,82707,91415,100616,112154,122525,134149,145722,159943,175069,175069,194203,194203,211939
2657,10403,20924,28612,39872,49497,62020,74748,82429,91341,100515,111964,122364,134015,145397,159857,174773,174773,193889,193889,211669
2658,10538,21068,29254,40677,56469,63116,75987,83729,93281,102505,113945,124596,135957,147785,162612,177449,177449,196788,196788,214584
2659,10499,21075,33213,40611,50371,62621,68937,83416,92755,102021,113501,123632,135568,147313,162133,162133,176831,196602,196602,213962
2660,10919,22209,34926,43080,53542,66539,73169,88872,98144,108507,120910,131882,144070,156223,171684,171684,187549,207574,207574,226457
2661,10511,19872,30847,42903,53407,59617,73344,88670,98120,108351,120442,120442,131724,156075,156075,171741,171741,187217,207706,207706
2662,10457,20802,32003,44528,55372,61625,75454,91070,100930,111358,123356,123356,134839,159608,159608,175109,175109,191328,212313,212313
2663,10474,23053,31834,44300,55173,68353,75188,81928,90729,110905,123118,123118,134205,146632,158886,174316,174316,190243,190243,211360
2664,10560,21153,32581,45422,56413,63055,76753,84515,93625,113603,126515,126515,137549,137549,162659,178892,178892,194975,194975,216174
2665,10634,23472,32486,45467,56571,62910,77080,84670,93599,103203,126593,126593,126593,137432,162705,162705,178362,195328,195328,216328
2666,10112,22487,31109,43191,53667,59773,73007,80121,88372,98006,119551,119551,119551,130121,154354,154354,169529,185301,185301,205937
2667,10379,20144,31169,43117,53797,59590,72853,80007,97846,107525,119638,119638,130203,141987,154038,169341,169341,185168,205453,205453
2668,10155,20016,30753,42712,53316,59299,72826,79985,97870,107265,119143,119143,129637,141729,154074,169409,169409,185160,205941,205941
2669,10374,19858,30521,42530,52932,59062,72467,79476,97429,106580,118373,118373,129093,141028,153271,168773,168773,184270,205223,205223
2670,10221,19733,30533,42254,52488,58106,71384,86498,95735,104848,116603,116603,126638,138120,150306,165045,165045,180281,200889,200889
2671,10449,19654,30365,42201,52361,64793,71373,86304,95578,104757,116008,116008,126513,150205,150205,164672,180492,180492,200615,200615
2672,10354,19646,30469,42398,52371,64758,71584,86929,95794,105090,116412,116412,126753,150634,150634,165417,181082,181082,201196,201196
2673,10343,19664,30317,42149,52107,64503,71107,86421,95438,104609,115872,115872,125979,149817,149817,164539,180141,180141,199864,199864
2674,10291,19458,29909,41609,51168,63300,69956,84807,93673,102541,113195,113195,123682,146646,146646,161576,176174,176174,196281,196281
2675,10608,19492,29925,41546,51216,63316,70186,84853,93768,102256,113364,123438,134394,146727,161236,161236,176446,176446,196197,213834
2676,10368,19131,29428,40516,50042,61914,68312,82702,91621,100143,110983,120840,131812,143814,157895,157895,172746,172746,192455,210539
2677,10337,21152,32969,40478,50061,61747,68373,82755,91440,100149,110838,120641,131832,143754,157715,157715,192067,192067,192067,209802
2678,10366,20934,32737,40405,49964,62174,69256,83116,92302,101788,113254,123401,134535,146668,162310,162310,199955,199955,199955,217832
2679,10356,20814,32419,40203,49809,61923,68872,82789,91870,101217,112731,122852,133772,145861,161772,161772,178208,178208,199160,216981
2680,10358,20745,28837,40205,50291,62287,68689,84130,93225,102162,113578,123870,135300,147830,162858,162858,177898,177898,198346,216804
2681,10301,20767,28852,40098,50166,62147,68611,83792,93049,102099,113472,123785,135257,147411,162443,162443,177415,177415,197759,216381
2682,10358,20361,32091,39208,48627,60524,66747,81050,89569,98363,109029,118886,129717,141402,155803,155803,170633,170633,189561,206989
2683,10325,20274,31885,39105,48490,60122,72975,80527,88944,98000,108706,118293,140822,140822,154997,169939,169939,189032,189032,206246
2684,10431,20333,31912,39204,48756,60546,73515,81460,90022,98967,109873,119817,142500,142500,157235,172197,191538,191538,191538,209038
2685,10435,20263,31875,39097,48845,60457,73675,81617,98893,98893,109877,120002,142583,142583,157002,172309,172309,191463,191463,209564
2686,10266,20118,31420,42953,53857,59760,72880,80585,88935,97998,108610,118238,141225,141225,155135,169955,169955,189061,189061,206554
2687,10264,20048,31398,42907,53794,65985,72883,80509,97878,97878,108408,118367,141085,141085,155248,170006,189099,189099,189099,206787
2688,10409,20270,31688,43841,48837,67297,73870,81930,90730,110788,110788,121116,144284,144284,159277,174157,174157,193972,193972,212439
2689,10560,20114,31584,43378,54214,66997,73695,81582,90145,99147,110229,120633,143702,143702,158549,173639,173639,193241,193241,211453
2690,10415,20299,31729,39177,54907,67398,74272,81857,99399,110208,110208,120326,143335,143335,157745,172410,172410,191716,191716,209041
2691,15265,21327,22040,27921,35207,43686,48745,54690,59504,65000,72842,79611,82139,91161,99871,100117,109004,110293,119568,119569
2692,11673,29577,39413,51696,57838,68665,75679,90125,98448,108125,120239,122993,134230,136697,146925,160206,173184,174571,189331,191650
2693,10886,27519,38347,50876,60286,72556,81667,98499,107358,118391,120689,130001,144878,147303,161583,170821,184737,188626,204983,220732
2694,10582,25523,36586,49043,54989,72153,80363,97016,98515,117822,120277,122662,141733,147679,158045,169302,173643,187927,191044,204194
2695,10520,21420,31908,47469,54018,70256,78268,94293,95651,114522,116254,123394,137925,143034,154174,168110,173546,186424,190601,204911
2696,10227,21198,34906,47024,58066,70004,78512,85452,95290,114085,116125,124208,137805,144163,156137,168091,183553,187626,202881,206569
2697,10632,23978,35115,43289,60034,66340,81692,89658,99280,120579,121689,125983,143965,151124,160255,172287,175306,190785,207449,225684
2698,10293,21105,30215,43158,53508,66277,73497,89135,98853,107491,120305,125683,131354,144184,159498,159898,177068,189265,189670,206798
2699,10329,20999,30392,41859,53171,64912,72146,87068,96403,105550,118838,124039,130120,144978,156403,161754,176191,188793,193452,206139
2700,10568,20988,30570,41661,52842,64608,78821,86904,96275,105596,118612,124476,129971,145251,157358,164248,176795,188063,195025,206210
2701,10544,21438,31610,43377,55175,68234,82482,90645,101907,111470,124717,129173,137035,152577,164606,171106,184468,199698,202499,220392
2702,10587,21388,31538,43021,54994,67477,75028,90138,101418,111006,123932,127668,136875,151913,151810,168077,170811,182716,201645,199288
2703,10324,21432,31392,42658,54388,66213,74233,90327,100173,110088,122154,125775,135893,147809,150443,166629,170679,180773,197580,198245
2704,10626,21558,31246,42451,54279,66407,74145,90205,99766,110080,122205,126036,135650,147536,151257,166657,182471,182471,197869,202680
2705,10356,21506,31289,42866,54284,66983,74497,91471,101502,111779,123863,127162,137367,149081,153517,167932,181595,186136,198710,217321
2706,10402,21332,31300,42924,53958,66970,74526,82436,101719,111814,123573,126977,137351,149562,156161,165119,179352,185363,198349,202260
2707,10296,21012,30679,41725,52066,65093,72197,79291,97341,107052,119013,122360,132670,143886,150950,161774,174733,182165,192723,199953
2708,10766,20942,30693,41428,51841,64659,71856,87661,96957,106711,118542,122404,132274,143671,162337,165717,176119,182560,196831,214029
2709,10607,21274,31313,41859,52298,64646,71767,87772,97286,106838,117733,122778,131242,142285,157374,160866,172953,178153,193569,208009
2710,10065,21230,31287,41933,52179,64713,71714,87736,97185,106678,117729,123073,132171,142699,158467,162443,174995,190478,194325,208864
2711,10510,21452,31446,42199,52944,65614,80061,88914,98353,108065,119874,126224,134865,145607,158219,166922,191347,191898,197453,211588
2712,10616,21218,31368,42034,52859,65381,72432,88710,97914,107581,119218,125751,135367,145266,157559,165883,175297,190733,197231,210037
2713,9840,20854,30587,41193,51179,63773,70593,86389,95578,104661,116078,122635,132479,141658,153778,162785,171212,184876,192415,205968
2714,10314,20946,30938,41300,51369,63778,78131,86445,95602,104718,116124,123631,133337,142287,154396,164892,172081,186596,193532,206801
2715,10662,20599,30260,40359,50281,62388,76277,84809,93806,103039,113713,122967,131358,141918,152277,157883,173625,181781,187807,205343
2716,10236,20503,34538,40358,50557,62492,76431,84693,93857,102896,113881,123239,140534,142648,154801,167914,181239,185567,201559,217886
2717,10551,20563,33715,40567,51039,63131,77742,85970,95208,115506,115506,125264,141384,145744,156785,168855,183565,187611,202895,203435
2718,10557,20449,32797,40525,51192,62825,77319,85621,95005,104025,115055,124642,139106,145711,155062,168918,170035,187423,200927,203646
2719,10478,20599,32844,40806,51731,63183,76991,85379,94128,103461,114597,126389,139454,145913,156504,166860,173755,187931,201809,219408
2720,10562,20627,28967,40710,51649,63029,76822,85272,94130,103192,114342,125119,138631,144908,156551,167495,181697,187270,201294,201825
2721,10087,21417,29996,42219,53573,65215,79784,88343,97617,107046,118373,127076,143331,146997,158849,171021,175599,189264,207223,208695
2722,10476,21223,29942,42051,52959,65009,72005,87944,97271,106676,117740,126258,131494,146587,158662,159145,175968,189286,188265,207720
2723,10409,21086,30147,41500,52010,64109,71182,86570,95839,105167,116674,124327,130695,146051,157656,160765,187383,187801,187862,207956
2724,10356,21058,30517,41325,52001,64197,71131,86700,95916,105547,116763,125131,130789,145969,156849,163469,174507,187969,191208,208197
2725,11001,21832,31764,43465,54555,67996,75033,92247,102085,111403,123407,130478,138962,153027,166488,170470,184938,201304,202880,220635
2726,10535,21780,31735,43311,54165,68135,75106,82586,101916,111416,123370,129200,138747,142387,152085,170574,170349,185087,201256,201256
2727,10191,22122,32123,43933,55225,68433,75945,84011,102807,112855,125634,129861,140468,144887,153256,167181,171139,183981,200930,202554
2728,10581,22167,31882,43676,48920,68278,75539,83434,102517,112500,125148,129985,139658,145230,153621,166303,173614,185270,200534,206221
2729,10207,22758,32472,44943,50194,69734,77274,85517,104603,114327,126709,128766,140377,145773,155596,169056,185850,186311,201056,207372
2730,10582,20374,32252,40292,56063,62249,77079,85357,104547,114577,126366,128601,140069,146387,155871,168482,170837,186301,200800,223409
2731,10156,19432,30141,38133,47184,58858,72750,80063,97951,107676,119351,123451,132769,141782,152565,162266,171336,181690,191937,195658
2732,10156,21548,30349,42115,52852,65338,72493,79690,97463,107055,118761,122996,132299,148156,154302,163606,181061,184929,192139,212128
2733,10615,21408,30473,42343,52296,65346,72655,80063,96980,105825,116977,121985,130232,147196,157081,164481,177034,184176,191358,207008
2734,10271,21495,30814,42497,52337,65441,72761,80155,97094,105875,116748,122313,130787,146366,156828,166338,187052,190451,195169,207503
2735,10487,21703,30748,42550,52634,65410,72700,79922,97281,106290,117187,122256,131450,146561,159023,165512,173275,189263,198569,210121
2736,10456,21683,30882,42448,52411,65450,72817,80112,97605,106365,117220,123466,131773,146561,158016,166135,173720,189268,197050,209525
2737,10470,21435,30945,41966,51671,64455,71695,78806,95389,104185,115295,120963,129978,143224,155039,164305,175580,186200,194698,204404
2738,10473,21221,30950,41814,51420,64132,71277,86418,94909,103696,114561,122606,131573,143805,155198,171855,174768,186223,194341,206456
2739,9994,21294,30914,41736,51193,63597,70712,85661,94157,102592,112979,121190,138197,144027,152150,168176,181785,185092,191064,206414
2740,10298,21289,30915,41582,51135,63474,70703,85560,93974,112805,112805,121660,137187,150447,155443,167437,178730,186769,199880,216536
2741,10723,21458,31427,41834,52027,64279,71322,86371,95107,114305,114305,124061,137738,151071,157112,167604,180870,187367,201871,202839
2742,10421,21387,31221,41687,51915,64099,71018,85957,94525,113699,113699,124146,137305,148844,155840,166583,168346,186982,200091,205834
2743,10483,21173,30797,40891,50877,62588,69566,84079,92040,100818,111412,121662,135410,146504,155937,163825,173138,184835,196657,215468
2744,10192,21281,30926,40973,50980,62689,76164,83815,92075,100844,111469,129502,135169,146658,156589,164672,181517,184259,197001,201780
2745,10736,21670,31640,42177,58404,65045,79209,87181,96198,105195,116321,131551,140610,152723,159030,171327,185961,189441,205197,223775
2746,10380,21627,31676,42260,52119,65199,72197,87238,96244,105073,116426,121714,140464,141068,156506,170682,171661,188332,188874,205193
2747,10531,22279,32955,44413,55222,69669,76731,93557,103887,113661,125203,130103,151022,151999,167810,184525,186027,201632,203370,221281
2748,10463,19872,32405,44114,49346,61930,76274,93272,103523,113227,124798,128996,137969,138918,152455,165760,169981,186412,191355,201447
2749,10585,20295,33025,45740,51043,63431,78743,87226,106530,116785,129200,131809,141858,143018,156362,169052,174704,187338,204549,204570
2750,10206,20337,32519,40777,56852,63380,78753,87150,96323,116670,128939,131396,141292,143638,156096,155640,175021,186805,191332,204302
2751,10795,21131,33755,42421,59410,66027,81636,90643,99656,121233,133897,136287,146163,149282,160756,161390,180742,192778,210318,209862
2752,10422,21019,29712,42155,53086,65808,73476,90201,99214,109992,120883,135095,134368,148093,160581,161706,177488,177251,193966,209101
2753,10450,21214,30274,43074,53955,66920,74485,91224,100842,111360,121988,136145,136011,150309,161990,165820,180414,182237,197723,211998
2754,10460,21363,30292,43119,53678,66951,74632,91420,100946,111427,121712,135655,135918,150298,160958,165634,180276,184511,197540,211180
2755,10627,22092,31421,44270,55290,68086,75948,93205,102304,113139,123368,136269,136873,150456,162236,167114,180879,187827,198689,212035
2756,10296,19848,31404,44431,55234,68084,76022,93314,102491,113321,123420,136229,136665,149962,161283,167011,178177,186880,196605,211966
2757,10425,19893,31798,44299,55035,67804,75844,93084,102144,112456,122354,134835,135622,148436,159998,168252,176871,186621,196451,209348
2758,10704,19732,31554,44121,54828,67474,75673,92565,101922,112018,121962,133914,135177,147692,159255,164576,176656,187832,195952,208746
2759,10570,20134,31929,45344,55208,68706,77048,93476,102594,112073,121535,134218,135234,147967,159582,168284,178829,187307,197822,209464
2760,10294,20044,31695,45289,55003,68509,77005,93301,102248,111870,121324,133994,135037,147261,159395,164813,177944,186930,196820,208686
2761,10438,19967,31538,44560,54166,67225,75455,91445,99995,109461,118914,130822,132105,144376,156134,163976,172050,186559,195198,204910
2762,10431,19902,31271,44341,53917,67059,75264,91039,99735,108873,118494,130382,131691,143988,155396,165128,175318,185955,205404,204159
2763,10403,19864,31308,44338,54003,66999,75346,91298,99997,109322,118844,131153,132870,144563,156572,167112,174497,192340,193141,205355
2764,10454,19904,31336,44424,54088,67088,75329,91176,99924,109436,118877,131308,132942,144717,156812,167215,175472,192089,195713,206327
2765,10295,19504,30816,43432,52922,65542,73409,80937,96735,106280,115531,127738,129904,141346,152374,162614,174520,188351,202282,201661
2766,10293,21895,30818,43447,53027,65503,73481,80819,96965,106505,115799,127604,140648,141760,152714,168462,175523,187366,192085,202999
2767,10681,19723,30991,43725,53592,66662,74731,82433,99361,109296,118914,131776,143779,146356,157297,165892,178948,193180,208839,210047
2768,10321,21867,30792,43539,53355,66212,74296,81915,98672,108661,118489,131118,142480,145281,156523,166846,176285,177080,193301,208033
2769,10485,22561,32078,45062,55794,70688,78249,85987,105789,115639,125510,138541,152229,154607,167754,174630,189240,193343,207507,221401
2770,10419,20120,28522,45115,55632,70426,78302,86050,96060,115418,125237,138734,138734,142775,153074,171508,171508,191220,206201,220728
2771,10282,19735,28398,43694,54388,60904,75525,82793,90600,109190,119434,132109,132109,137194,145208,160435,166709,180297,193807,208217
2772,10665,22015,32597,43619,53971,60629,75238,82572,98746,108762,118923,131853,131853,146480,145511,163324,179797,183316,193593,207582
2773,10339,20333,33011,45903,56682,71311,79679,87947,107008,117792,131132,146410,146410,160671,173846,179522,197503,198469,214008,231407
2774,10447,20341,32640,46000,56821,63708,79740,87935,97615,117669,131375,131375,146366,148807,160025,165949,175252,197595,195612,210304
2775,10460,19951,31637,44844,55311,62001,77411,85398,93715,113874,126251,126251,140694,143111,154060,161602,170268,189060,189969,202319
2776,10414,19838,31621,44851,55256,61855,77481,85399,103107,114063,126401,140536,140536,143775,154053,162142,172050,187179,206114,202831
2777,10424,19667,31225,43770,54061,60482,75709,83776,100829,112104,123471,137214,137214,140628,150652,162497,170066,186472,200270,199709
2778,10372,21941,31058,43597,53855,67729,75527,83187,100507,111836,122857,136600,136600,141376,150940,169564,173013,186002,198608,200435
2779,10328,21791,30505,43090,52710,66026,73626,81307,97702,107903,118181,131789,131789,138515,145861,164354,186739,177270,191569,195414
2780,10286,21882,30610,42838,52804,66024,73716,81089,97276,107538,118172,131395,131395,147393,157140,165744,179627,181521,193598,206896
2781,10658,21673,30308,42520,52015,65121,72678,79642,87481,106071,116476,129473,129473,144742,154366,165392,176231,182435,191452,205293
2782,10340,19140,30385,42277,51786,64710,71995,86947,95625,105543,115975,128864,128864,144783,153961,166123,176686,186595,193699,205607
2783,10468,21037,29753,41182,50297,62518,69835,84239,92631,102471,112252,124811,124811,141480,150282,165654,172419,192752,191056,205586
2784,10157,21123,33553,41070,50325,62640,69754,84237,92610,102250,112004,124823,136256,142610,150738,173402,174118,189454,197569,207118
2785,10309,20484,31830,39996,48943,60973,68117,81774,89693,99613,109018,120938,131901,141411,147797,164717,172441,183967,196992,204773
2786,10573,20507,31848,39865,48906,61059,74833,81560,89732,99394,108945,121067,131718,146876,152278,165400,182199,185089,198296,213264
2787,9981,20020,31148,38901,47913,59433,73103,79940,87900,96782,106102,118415,128965,144956,153580,163952,178808,185897,194541,207455
2788,10577,22177,31006,42875,53054,59247,72514,79653,87202,96590,117358,117358,127995,144457,158593,166659,178839,186905,197392,208566
2789,10242,21720,30529,42124,52190,58127,71147,78087,85715,94543,115350,115350,125796,144127,155222,163674,173901,189636,197976,206111
2790,10150,21683,30474,42066,52029,64620,71045,85750,85750,103758,115109,115109,126001,145018,155358,173955,177097,188665,197802,207156
2791,10340,21213,29908,40779,50476,63058,69046,83156,83156,100353,111600,111600,123304,143911,154218,166464,172755,186139,196009,205794
2792,10306,21135,30058,40703,50322,62684,68901,82433,91502,99935,111010,111010,132559,148331,155772,161868,181790,187734,199816,212246
2793,10281,20797,33069,40309,49771,61925,68075,81964,90352,99409,109827,109827,132835,148210,158575,164956,181976,187147,198716,211383
2794,11102,20830,32714,40219,49802,62005,68175,81985,90471,99167,109999,109999,133118,147023,160217,166134,179948,188273,198772,209982
2795,10445,20196,31608,38784,48100,59591,65625,79163,87410,96119,106617,106617,131219,145206,156936,167817,178157,187343,197862,211507
2796,10615,20198,31623,42868,47986,59448,71676,79122,87197,106349,106349,116554,131923,145301,156489,169072,177999,186838,207789,206623
2797,10253,19713,30879,42230,52835,59136,71717,79031,87724,106882,106882,117357,134958,148350,159688,169955,179352,197917,197917,212602
2798,10392,21952,30729,41982,52554,58778,71486,87264,87264,106384,106384,116653,134534,147379,158339,167543,177824,184392,197210,209608
2799,10222,19593,30258,41296,51772,57659,69534,84661,84661,103741,103741,113722,132819,143739,155158,161270,175160,182153,193089,206646
2800,10157,21615,30227,41202,51692,57442,69498,84623,92990,103395,103395,113654,139681,145152,155636,166435,187840,192314,196052,207147
2801,10447,21195,30234,39837,49874,55472,66931,81684,89982,99894,99894,109104,134841,141459,151166,172907,179507,186876,193865,202536
2802,11275,21143,30232,39624,49558,60678,73303,81151,89274,99164,99164,118902,134347,149430,155836,168855,178413,186956,202105,216439
2803,10858,21145,30630,40143,49893,61252,73838,81286,89447,99608,99608,119273,136345,149685,154710,169869,179534,187922,201045,215525
2804,10564,21171,30940,40138,49909,61024,73680,81320,89457,99420,99420,118992,135790,148336,163438,164025,178261,187874,199977,211694
2805,10458,21288,31212,40118,50179,61355,74192,81893,89955,99933,99933,119229,135902,148100,153155,172135,178764,188487,197993,211022
2806,10417,21257,31194,40100,50074,61463,73990,81919,89991,99877,99877,119266,136288,147912,153507,161698,176239,188132,198854,211201
2807,10422,21349,31367,40717,50534,61927,74963,82494,90780,100918,100918,120790,137987,150526,157122,174335,182506,191406,203787,215997
2808,10553,21235,31181,40228,50315,61601,74265,81897,90064,100089,100089,119917,136593,148724,157614,166181,160371,190006,200870,213734
2809,10397,21699,31781,41262,51325,62901,75710,83707,91727,102250,102250,122326,138227,150240,163158,168700,184341,190643,202054,215993
2810,10382,19357,31663,41062,51272,62891,75664,83538,91638,101904,101904,122194,137620,149324,156117,169153,184868,189201,200303,215242
2811,10454,19329,31277,40864,50781,62232,75625,83309,91665,101645,101645,122365,138573,150110,155847,164984,164759,189374,202726,218484
2812,10448,19233,31222,40696,50632,62047,74994,82837,90848,101186,101186,121639,136934,148575,155200,164313,186073,189860,189851,217086
2813,10461,21642,31399,40922,51138,62578,75513,83589,91805,101512,111400,122899,136578,149112,156908,169854,163763,188943,192843,216149
2814,10408,21536,31405,40932,51208,62620,75651,83525,91710,101671,111267,123144,137155,148104,156201,165786,187098,189181,193921,216022
2815,10392,21533,31313,40997,50817,62406,75377,83304,91408,101512,111060,122767,137351,148498,156666,165471,186569,190622,197725,217782
2816,10393,21525,31217,40730,50603,62230,75494,83120,91258,101535,110957,122895,136743,148081,157009,166568,163815,189063,196218,196348
2817,10460,21577,31383,40890,51131,62870,75992,83944,92126,102503,112052,124104,137382,149004,159142,170708,185095,187140,197672,198062
2818,10356,19349,31259,40652,50746,62450,75619,83357,91430,101678,111312,123594,136337,147847,156154,168054,165462,188858,197973,197010
2819,10580,19488,31331,41397,51716,63731,77305,85497,94058,105072,114829,128187,140862,153359,160647,172450,194610,195202,204458,206617
2820,10390,21655,31152,41156,51563,63530,69685,85327,93852,104615,114411,117459,139504,139504,159248,159248,169651,171877,199505,205718
2821,10519,19506,31431,41508,51722,63694,70264,85841,93924,104330,114613,121339,138918,140333,156877,161974,170883,183174,199350,203090
2822,10504,21647,31368,41210,51461,63308,69770,85117,93272,103732,114044,121677,137814,141192,156346,163809,187620,194286,198132,203135
2823,10289,21874,31410,41453,51715,63646,70091,85491,94099,104939,114651,123003,139044,142976,159512,164698,172546,195871,200382,208998
2824,10443,19565,31530,41596,51682,63752,70089,85206,93837,104966,114348,123208,138843,143256,158816,171602,173220,194837,199344,208836
2825,10501,21882,31655,41793,51840,64015,70384,85696,94208,104647,115023,124096,138295,143685,158137,164289,171935,192285,198916,206546
2826,10505,19635,31433,41685,51814,63893,70427,85611,93971,104652,114887,119768,137561,143939,156926,167790,189837,191184,198555,205901
2827,10439,22012,31739,42183,52499,64634,70979,86133,94790,105363,115500,125892,138156,145453,158553,165921,172505,189816,197854,208623
2828,10484,19737,31425,41850,52046,58197,70539,85815,94146,104890,114575,124728,137527,144960,156949,167301,172869,188111,197081,207085
2829,10475,22366,31719,42485,52927,58754,71384,86724,95116,105709,115971,126610,138705,146747,157723,167434,192087,189734,199286,209372
2830,10425,20061,31615,42221,52775,58622,71120,78217,94880,105364,115660,125726,138128,145407,157468,168390,171383,188643,200145,208199
2831,10559,20321,31775,42528,52941,59064,71325,78305,94609,105646,115219,117657,137593,146412,157513,169453,174775,185686,199574,208545
2832,9599,20178,31590,42492,52621,58664,70854,77935,94045,104853,114610,127347,136409,145895,155676,169143,173908,185957,198949,207938
2833,10047,20403,32113,43084,53126,65052,71239,86615,94856,105286,115177,128341,137249,147852,158163,169687,175317,188291,200905,208982
2834,10363,20431,31952,43095,53241,59113,71366,86587,94876,105149,114921,117531,137334,147127,158416,163947,192365,188417,200364,208599
2835,10356,20405,31718,42947,53119,64873,70926,86068,94168,104998,114624,121895,136566,147799,157300,168352,170867,187034,199568,209901
2836,10456,20464,31610,42884,52957,64750,70889,86158,94076,104723,114086,124237,136218,146260,156655,164761,172517,185941,196849,209863
2837,11295,20586,31785,42958,53588,59216,71207,86525,94753,104912,114274,124223,135207,146457,156997,165170,175517,185378,196101,205147
2838,9944,20541,31666,42762,53282,64450,70824,86047,94198,104212,113702,125026,134399,145577,156438,177166,175926,185159,196917,218420
2839,10306,20899,32266,43641,54061,60003,72322,87714,95700,106085,115503,138869,137827,148046,159778,174239,179935,190077,212541,223972
2840,10317,20889,28684,43621,53923,60006,72099,79006,95539,105898,115400,136414,137325,147603,158785,171545,175933,189567,197137,219334
2841,10400,20875,28641,43293,53720,59704,71785,78786,95186,105106,114891,127330,136581,148347,158414,172545,180538,187808,197747,219968
2842,10361,20705,32455,43028,53441,65010,71360,78278,94307,104605,114301,126628,136104,147436,157646,169672,178209,189078,196937,218268
2843,11284,20806,32156,43451,53916,66061,72400,79403,96476,107021,117159,130149,128394,150334,162926,174139,180785,193549,203599,205389
2844,9917,20730,32215,43411,53907,65982,72428,79595,96444,106669,106669,118346,128279,150006,158582,162765,179497,176567,200092,205098
2845,10294,20783,32054,43415,53930,59862,71938,79319,95744,106695,106695,120169,128669,148602,159201,162108,177596,182499,199443,203933
2846,10361,20767,31976,43415,53874,66071,72206,87870,95668,106470,106470,120762,129380,146922,157312,163468,177813,200530,198035,204338
2847,10412,20871,32242,43780,54332,60409,72859,80019,97123,107435,107435,126747,129689,147963,157973,164441,178814,192398,198353,205878
2848,10350,20739,28554,43471,54130,60057,72315,87753,96185,106958,106958,125851,129917,143697,157554,163995,177999,176440,195119,207313
2849,10439,20903,32558,44270,54804,60753,73216,80634,97651,108468,108468,122379,132719,148236,158707,165929,180239,183800,201453,208755
2850,10435,20988,28913,39794,54651,60804,73230,88734,97558,108389,108389,122463,132595,147602,158520,166055,182965,185503,198120,208398
2851,10273,20747,28821,39479,48543,60046,72264,79405,95951,106801,106801,121319,132384,145422,157364,164645,176548,183203,199159,205955
2852,10354,20684,32642,39192,53705,59659,72006,79001,95294,106234,106234,126533,134334,144995,158284,165248,176209,186221,196492,205793
2853,10528,20646,32312,39315,48377,65681,71916,87371,95852,106333,106333,120812,134391,141596,154211,163272,173651,197504,196957,203601
2854,10379,20738,32240,39330,53980,65797,71851,79100,95694,106228,106228,126342,134373,142332,154331,163819,174800,193129,196405,204029
2855,10479,20733,32141,39181,54003,65731,72063,87654,96281,106600,106600,122281,135439,146730,156921,169290,175805,196121,197182,209905
2856,10458,20752,32157,39217,48316,65703,72055,79208,95877,106501,106501,123063,135189,147524,156213,168353,175341,193588,198004,206945
2857,10346,20576,31969,39120,53832,59763,71976,87322,95705,106176,106176,125223,133109,142645,155460,165730,175332,188788,197898,208014
2858,10456,20520,31679,38989,53672,59236,71529,78554,95178,105349,105349,125571,131476,143993,154194,163815,178093,187637,195897,205970
2859,11269,20691,32354,43685,54342,66248,72641,88074,96431,107032,107324,124713,148258,147761,159132,167443,176083,190347,198900,210091
2860,10893,20700,28531,43569,48541,60211,72570,79353,96209,106767,107619,124191,144064,147073,158340,167989,176115,189210,197900,209389
2861,9611,20402,31716,43233,53473,59412,71568,86560,94957,105472,107007,125585,141430,145219,153837,163651,174282,187697,198847,206880
2862,9943,20305,31566,42963,53128,64824,71146,86180,94495,105025,106835,124967,137982,143654,153716,165717,174438,186666,197400,206769
2863,11143,20363,31776,43058,53377,65058,71220,86430,94754,105461,107846,125308,138140,146173,154235,174716,175687,187145,197106,207634
2864,10892,20825,32329,43780,48917,66655,72942,88069,96879,107570,109765,124730,141370,147364,156615,175215,181493,189651,198116,210927
2865,9737,20988,29437,44850,55605,61936,74546,82030,99753,110588,113094,131000,144486,149081,160182,166295,181263,194285,202962,215499
2866,10257,21061,29340,40431,49896,61906,74610,82106,90787,99547,112707,129582,132004,148733,159743,166063,179517,176338,201842,213329
2867,11300,21193,29450,40873,50396,62738,75624,83187,91938,101073,114772,125647,134548,150207,161912,169109,182796,180542,201524,215280
2868,9881,21118,33179,40747,50133,62538,75254,82844,91573,100639,113871,124738,134079,148858,147717,168431,180938,180938,200583,196405
2869,10167,21276,33288,41048,50583,63004,75963,83385,92208,101452,114992,125495,136021,149201,149333,168796,181083,182602,200761,200062
2870,10218,21143,29090,40273,49739,61728,68082,82105,90380,99049,113278,124058,132559,146677,149004,165788,179282,183098,196776,200023
2871,10352,21427,29689,41001,50615,63111,69272,83630,92258,101354,115381,128650,136634,148804,154252,169081,181953,185735,200076,207685
2872,10449,21400,29624,40823,50464,62572,68993,83242,91930,100431,114877,125475,135988,147885,153961,168068,179723,185710,199122,204868
2873,10411,21360,30196,41155,50803,63339,69685,83980,92548,101728,114680,126910,136309,149088,154357,168120,179181,189150,197976,203703
2874,10396,21425,30454,41076,50799,63297,69605,84001,92542,101792,114821,125618,136400,149851,154657,167932,179038,185086,198247,207623
2875,10457,21320,30587,40934,50679,62922,69340,83710,92301,101491,114577,125069,135761,148062,154446,166449,178623,186549,197587,207986
2876,10616,21767,31461,41861,51740,64236,70827,85164,94046,103381,115648,134283,138217,149572,156284,167968,179567,185549,198275,207390
2877,10646,22124,31850,42654,52693,65263,71776,86442,95396,104803,116408,130317,138929,150481,157029,167842,166843,185883,200567,208303
2878,10493,22010,31536,42367,52407,64924,71306,85947,95071,104143,115904,115844,137643,138529,156640,166831,167036,187856,181692,209497
2879,10785,20510,32532,43593,54129,67441,74101,88832,97998,107654,123902,121362,142469,142852,158549,170359,171671,189619,188284,209183
2880,10364,20436,32217,43605,48332,60375,74068,88618,88618,107717,120640,120640,130420,142951,158196,157793,173060,189044,189880,207807
2881,10431,20444,31836,43538,48259,60348,73807,88552,88552,107466,119528,120378,130324,142767,157379,158717,173274,188436,192048,208847
2882,10318,20312,31399,43255,47682,59576,72690,87667,87667,105494,117289,118565,129095,141493,154872,159303,171268,185410,194203,211197
2883,10726,20578,32042,44279,54744,61215,74271,89716,89716,108969,121164,129928,131820,143060,155665,161373,172381,186435,195161,207171
2884,10528,20587,32009,44128,48846,67902,74448,89784,89784,99298,120898,129197,132014,143571,155889,161849,173149,187554,197683,207417
2885,9515,20539,31873,44040,48818,61023,74191,89552,89552,98964,120792,128348,132010,143920,155485,162815,173468,186828,201554,207635
2886,10386,20994,32254,44514,49281,67885,74375,89638,89638,99542,120094,120526,131847,142201,154733,162361,173399,187719,189953,205738
2887,10400,21005,32223,40329,49557,61454,74515,89868,89868,99834,120634,120983,132299,142872,155154,165098,174494,187423,199393,206648
2888,10232,20633,31336,39279,47962,59007,71392,78928,86064,95332,115143,121976,127337,137978,148938,158404,169742,178274,190808,199592
2889,10281,21395,33049,45684,55608,61556,75685,91261,99884,108294,118330,124051,128805,138974,151248,171568,175844,183561,201397,199359
2890,10522,21369,29743,41013,50213,61207,75477,83228,91199,99749,118228,123774,129912,140103,151718,167166,175609,183946,200414,200930
2891,10272,21447,29890,45878,55909,61627,76100,83788,91858,100333,119138,125338,132182,142004,153417,171246,177020,189515,203071,205004
2892,10641,22001,30553,42368,51774,63640,78187,85423,103089,103089,123342,127170,134872,146544,158466,174447,181428,191551,193584,211805
2893,10350,19758,30565,42548,57378,63780,78565,85736,94158,103547,123570,134992,135679,147037,148492,160789,176925,177965,194687,199234
2894,10793,23177,32336,44995,61530,68385,83706,91097,100614,110877,134570,134570,148607,148607,161281,174426,190536,190868,205789,208311
2895,10615,21527,34088,48257,60174,74391,81954,100040,110940,122234,133481,146590,147023,159337,159642,173063,187606,189228,205049,224237
2896,10619,18673,34082,48325,53993,66914,74195,90437,100028,110750,133423,134032,146777,147403,159420,159420,173203,189193,204663,205079
2897,10328,21497,34164,48362,54037,67168,74284,90729,100479,111159,133721,133721,147125,147950,159776,159776,174056,189070,205230,206188
2898,10327,18771,34516,48880,54530,68444,75372,92515,101820,113088,136584,136584,150091,151912,164672,165715,180003,193685,192887,214719
2899,10446,21543,30970,44195,54848,68623,75801,92945,102172,113929,125131,136960,150388,151871,165092,165989,180614,182602,194263,212096
2900,10451,22056,31394,45022,56804,70138,77987,95721,104252,115958,128181,138819,152410,153201,167121,169831,182525,184449,196383,215071
2901,10752,23219,33317,47676,60035,73589,81666,101590,111629,121723,133912,144840,159731,160167,160726,177256,192936,195099,208421,224675
2902,10479,23178,33238,42127,53863,66277,73407,90927,101326,111076,121149,133634,144461,159153,159893,164034,175899,192560,206904,206904
2903,10516,23245,33239,47679,53890,66326,73604,91216,101521,111450,121887,133612,144678,159791,160445,164908,176456,193558,207515,207741
2904,10396,23550,33942,43007,54805,67023,74795,92727,102296,112722,123675,135742,147838,163070,164365,170118,181504,198926,211727,214883
2905,10404,23489,33885,42861,54796,66931,74585,92583,102219,112752,123788,135673,147685,162519,163554,169762,181864,182210,195627,212684
2906,10689,23378,33842,42843,54612,66846,74663,92339,102272,112362,122986,134659,147310,161956,163729,168760,181335,183548,196588,214286
2907,10508,23385,33924,42794,54541,67196,74811,92691,102575,112595,123304,135082,147636,162127,164498,169096,181951,183755,196951,214172
2908,10506,23502,33876,42794,54545,67380,75449,93980,103663,113952,124890,137926,150630,166876,168316,174333,186872,191655,205674,221306
2909,10519,23646,33938,43058,54787,68000,75729,94454,104143,114513,125295,138443,151378,167432,168102,174604,188405,192350,205773,205727
2910,10449,23257,33482,42561,54314,66896,75019,83400,103203,113539,125007,137728,150693,150693,167777,173329,185081,190120,202967,204827
2911,10461,23355,33596,42665,54244,67123,75333,93509,103403,113646,125272,137984,151059,151059,167447,173995,185305,190411,203064,205365
2912,10251,22954,33202,42260,53845,66565,74686,93152,102826,113110,124562,137408,150926,150926,167326,173047,184602,190881,203380,205905
2913,10549,23075,33397,42418,54080,66993,74803,93433,103033,113265,124579,137914,151263,151263,167402,171736,184703,190459,203646,206557
2914,10489,23333,33832,43080,55106,68682,76934,96559,106923,117826,129941,143270,157260,157260,173889,178400,175618,195689,209663,213496
2915,10506,23318,33765,43054,54852,68398,76880,86022,96266,117603,129649,129649,156942,156942,173836,191981,175501,181032,191981,212750
2916,10344,23311,33853,43086,55026,68541,77013,86019,96650,117739,129751,129751,157521,157521,174633,192370,176433,182225,193021,213659
2917,10380,23302,33923,43143,55205,68749,77380,86378,96893,117997,130034,130034,157807,157807,174931,192295,177111,183432,193747,213413
2918,10364,23302,33902,42928,55215,68988,77511,86157,97506,117416,130849,130849,158503,158503,174104,189420,175244,181504,192389,211610
2919,10392,23329,34122,43113,55582,69282,77702,86311,98035,117933,131275,131275,158990,158990,174687,189901,176244,182318,193178,211445
2920,10410,23564,30476,43760,56161,69777,78578,87540,98219,119703,131907,131907,160289,160289,177848,194336,179884,186829,198449,215110
2921,10469,23689,30343,43986,56211,69680,78424,87662,98112,108670,132107,132107,145805,160426,178057,193961,179493,186931,197860,214922
2922,10645,23790,30499,43908,56384,70105,78957,87990,98960,109494,132730,132730,147016,161223,178661,195664,180233,188521,199159,215739
2923,10686,23887,30512,44175,56502,70250,79165,88336,99241,109727,133020,133020,147209,161824,179302,179302,180939,188535,199924,216426
2924,10315,24030,30868,44619,57074,71101,79757,89137,100247,110911,134237,134237,148553,163148,163148,180864,182310,190187,201450,218341
2925,10262,24030,30795,44437,50717,71052,79611,89132,99952,110776,121774,134132,148298,162861,162861,180748,181859,190410,200865,217850
2926,10612,23852,30674,44373,50388,70561,79500,88549,99498,110093,121453,133384,147914,162185,162185,180201,181571,188068,199070,216315
2927,10302,23941,30680,44343,50649,70753,79453,88832,99668,110394,121716,133891,148587,162853,162853,180301,181591,187292,199525,216796
2928,10323,23842,30494,43862,50215,69763,78589,87637,98389,109007,119908,132327,146204,160459,160459,177875,178904,184158,196053,213675
2929,10648,23913,30582,44079,56400,70061,78898,88056,98943,109416,120406,132891,146884,161230,161230,178542,179511,185880,197284,214641
2930,10278,23594,30241,43808,55937,69549,78152,87422,98225,108733,119617,131951,145948,160110,160110,177435,178515,184473,196322,213039
2931,10306,23496,30261,43718,56031,69757,78201,87351,97988,108584,119543,131750,145500,160087,160087,177289,178398,184968,196837,212928
2932,10380,23532,30197,43529,55767,69812,78219,87032,97819,108431,119301,131292,145601,159542,159542,177001,178103,185482,195827,211895
2933,10374,23585,34349,43733,55961,69874,78152,87161,98139,108601,119466,131821,145866,160213,160213,177519,178257,185720,196361,212408
2934,10420,23594,30278,43888,55878,69549,78313,87479,98245,108854,119404,131834,145492,159746,159746,177102,177847,185338,196567,211909
2935,10423,23564,30213,43671,55970,69723,78054,87239,97813,108408,119018,131477,145493,159596,159596,177066,177626,185527,196555,211216
2936,10400,23487,30187,43704,55929,69820,78409,87560,98394,109023,132395,132395,146680,161141,161141,178700,179333,186443,198130,213449
2937,10463,23576,34463,43799,55883,69870,78701,87992,98495,109152,132859,132859,146990,161710,161710,179161,179701,186792,198789,213990
2938,10331,23513,30198,43718,56162,69962,78855,88172,99086,109719,133495,133495,147746,162170,162170,179965,179965,188819,199364,215207
2939,10364,23574,34203,43856,56279,70187,79154,88203,99075,110106,133407,133407,147677,162311,162311,179874,179874,187428,198979,214930
2940,10479,23761,30418,44091,56583,71011,79646,89677,101014,111647,136656,136656,151179,165521,165521,183093,183093,192266,203186,219971
2941,10475,23731,30357,44012,56766,71053,79868,89600,100592,111582,122966,136490,151129,165438,165438,182985,182985,189863,202462,200378
2942,10523,23816,30590,44243,50422,71084,80172,89585,100629,111504,122887,135772,150546,165149,165149,183294,183294,191749,201662,200346
2943,10525,23757,30586,44347,50508,71168,80191,89806,100820,111485,122852,135564,150381,165032,165032,182930,182930,191004,202005,200362
2944,10280,23885,30902,44682,51015,71538,80767,90202,101438,112826,123818,136745,151288,166016,166016,184504,184504,190908,203661,201380
2945,10651,24023,30897,44559,50919,71525,80440,90119,101325,112301,123678,136663,150988,166104,166104,184071,184071,189745,203129,201087
2946,10449,24309,30897,44842,51138,71905,80884,90222,101523,112437,124137,136835,151598,166580,166580,184891,184891,190476,204017,202116
2947,10464,24228,31114,44886,51135,72021,80973,90519,101679,112612,124179,137095,151495,166763,166763,184924,184924,190906,186539,202718
2948,10497,24435,31355,45249,51515,64658,81155,90701,101982,113096,124315,137278,151870,166824,166824,185152,185152,191230,186960,202850
2949,10589,21185,31556,45468,51845,64908,72548,91165,102284,113452,124717,137573,152442,167383,167383,185620,185620,191884,187809,203836
2950,18887,50288,63181,87742,96666,123880,134009,159588,177028,196393,224454,245479,268232,287703,287703,310496,310496,310496,310496,333530
2951,18660,22281,29484,43626,55830,69001,80653,96820,108831,123886,134033,146982,159796,177240,196587,196587,224638,224638,245552,268506
2952,17589,21012,32697,42066,53785,67302,67302,85278,94687,105852,120989,131335,144387,157361,175923,175923,194614,194614,221461,241609
2953,17602,24652,32742,48778,53882,67377,77538,85567,94761,106007,121080,131544,144657,157417,176010,176010,194822,194822,221934,241581
2954,10397,13673,17656,22770,29381,37142,42205,46966,53248,59673,66883,74239,83692,93734,105525,105525,117481,117481,129641,142938
2955,10409,22674,33040,46938,53204,66853,74194,83523,93565,105242,117508,129237,143003,158376,158376,174675,174675,197045,197045,197045
2956,10544,22934,33368,47373,53707,67040,74568,83357,104222,115212,126316,126316,139288,154485,170295,170295,190127,190127,190127,190127
2957,10564,23067,33360,47449,53627,66929,74424,83491,104400,115181,126460,139537,154610,154610,170577,170577,190405,190405,190405,208055
2958,10546,22967,33378,47386,53589,66631,74101,83106,103581,114712,125661,138593,153720,153720,169202,169202,188837,188837,188837,206330
2959,10647,23004,33406,47344,53873,66861,74454,92994,104256,115045,126260,139326,154226,154226,169993,189129,189129,189129,189129,207132
2960,10706,23103,33661,47607,53861,66852,74451,92638,103538,114166,125251,138242,152757,152757,167799,186322,186322,186322,186322,203423
2961,10678,22981,33567,47234,53733,66679,74230,92302,102886,113912,124796,137933,152313,152313,167215,185939,185939,185939,185939,202874
2962,10645,22896,33513,47440,53966,66997,74260,92758,103481,114317,125519,138598,152972,152972,167692,186730,186730,186730,186730,204088
2963,10642,23042,33589,47541,54074,67028,74575,92694,103737,114585,125991,138747,153423,153423,168344,187155,187155,187155,187155,204351
2964,10861,23267,33845,47743,54126,66987,74213,92165,102815,113358,123941,136799,151116,151116,165649,183853,183853,183853,183853,200705
2965,10861,23267,33835,47638,54148,66778,73961,91937,102291,113321,123744,136622,150698,150698,165229,183743,183743,183743,183743,200241
2966,10829,23405,33974,47990,54317,67482,74661,92720,103393,114216,125103,137776,151698,151698,166289,184693,184693,184693,184926,201298
2967,10869,23351,30317,48020,54206,67502,74802,92761,103474,114508,125269,137987,152067,152067,166578,185131,185131,185131,185515,201751
2968,10862,23491,30506,48489,54905,67949,75471,93565,104625,115164,126482,139100,153412,153412,167963,186506,186506,186506,187199,203757
2969,10935,23631,30651,43617,54921,68336,75847,93870,104830,115866,126986,139354,153906,153906,168667,187226,187226,187226,187939,204355
2970,10953,23635,30565,43576,55145,68762,76000,84896,105256,116061,127124,140004,154366,154366,169438,187862,187862,187862,188909,205075
2971,10998,23783,30683,43772,55428,68913,76433,85175,105408,116468,127493,140443,155079,155079,169875,188243,188243,188243,189049,205856
2972,10975,23899,30902,44132,55719,69305,76769,85892,106438,117550,128769,141701,156495,156495,171392,189797,189797,189797,191448,207418
2973,10910,23934,30924,44209,55999,69428,76929,85971,95625,117776,128953,142107,156849,156849,171677,190475,190475,190475,191518,207789
2974,11030,24228,31219,44590,56544,70185,77805,86719,96508,119053,130015,143255,158041,158041,173431,173431,191921,191921,193681,209421
2975,10978,24138,31230,44547,56452,69997,77677,86727,96431,107732,129740,129740,157787,157787,172832,172832,191797,191797,193345,208843
2976,11150,24169,31247,44765,56529,69951,77652,86652,96171,107500,130248,130248,157973,157973,173243,173243,192093,192093,193602,209615
2977,11160,24177,31404,44801,56784,69968,77727,86968,96582,107771,130233,130233,158419,158419,173705,173705,192373,192373,193897,210057
2978,11128,24271,31575,45210,57187,71195,78989,88273,98320,109903,133140,133140,162341,162341,177956,177956,197871,197871,199570,216413
2979,11173,24286,31698,45316,57474,64097,79224,88592,98453,110331,133531,133531,147646,162896,178562,178562,198562,198562,200059,198562
2980,11162,21614,31639,45382,50635,64305,79455,89062,99185,110703,134088,134088,148179,163632,179609,179609,199272,199272,200999,199272
2981,11158,21514,31637,45341,57614,64409,79301,88853,98878,110539,122420,133916,148142,163420,179367,179367,198943,198943,200834,198943
2982,11138,21608,31735,45317,50747,64226,79271,88784,98671,110168,121848,133443,147123,162604,178594,178594,198113,198113,199818,198113
2983,11163,21623,31890,45429,57447,64161,79613,88958,98852,110502,122106,133765,147645,163056,179211,179211,198717,198717,200740,198717
2984,11198,21627,31880,45283,50531,64131,79430,88688,98624,109611,121424,132777,146478,161543,177286,177286,196242,196242,197730,196242
2985,11242,21471,31824,45284,57212,64004,79225,88672,98256,109762,121329,132567,146023,161406,176920,176920,196063,196063,197517,196063
2986,11131,21659,32042,45568,57821,64428,79726,89016,98761,110211,121830,133613,147048,162437,178054,178054,197359,197359,198589,197359
2987,11093,21787,31995,45686,51148,64520,79900,88974,98910,110343,122242,134046,147698,162702,178266,178266,197960,197960,198862,197960
2988,11290,21876,31975,45569,50887,64162,79210,88697,98357,109768,121287,132829,146022,160936,176586,176586,195840,195840,196832,195840
2989,11351,21966,32137,45763,58013,64456,79677,89062,98794,110273,122043,133233,146509,161707,177181,177181,196134,196134,197383,196134
2990,19748,30944,37403,46717,56044,68021,75586,85350,92782,102157,113935,121681,126461,136656,151556,152299,167065,167750,182765,183641
2991,12250,27194,37763,51526,58557,71081,79317,93451,102306,114043,124753,138230,150748,155024,167557,180492,185815,197904,203070,207743
2992,11543,25174,33238,44770,56523,67975,77908,91193,100706,112974,124124,136815,149788,163935,178674,178725,196759,197873,200759,207777
2993,11388,22804,36583,44277,55142,66909,76259,89988,100532,111315,123359,134453,147266,148896,162667,177660,196476,196877,200450,208922
2994,11339,22123,36073,44081,53922,66912,74817,89934,100655,111197,122657,134606,147383,148646,162316,177396,195494,196457,198156,207525
2995,11450,22151,30738,49207,60292,66821,74857,90184,100091,111170,122573,133560,146405,146880,161760,176847,194397,195478,197676,207923
2996,11563,19542,34694,44486,53562,66562,74208,90191,99845,111109,122652,133423,146459,147365,161877,176555,194644,195315,197298,217414
2997,11469,19741,33793,43688,54146,67002,74681,90773,100501,112071,124081,135359,148218,149423,164264,178331,196950,197495,199786,205222
2998,11533,19936,33377,48516,54319,66626,74564,91194,100973,112447,123969,135425,148601,149586,164733,178985,178781,198165,200344,207541
2999,11564,22939,33215,41909,54573,67160,74822,91408,101025,112929,124304,135960,149364,150514,164921,180018,179977,199086,202880,209013
3000,11551,22601,33167,47300,54444,66920,74504,90947,100751,112405,124240,135523,148778,150386,164225,179142,179142,198634,200917,209127
3001,11710,22829,33548,48119,55418,68440,76462,93566,103829,115739,127777,139613,154149,155653,169842,185558,185558,206431,208625,211291
3002,11680,22834,33638,42713,55282,68146,76730,93778,103848,116063,128027,140068,140068,155427,170321,169786,185811,206789,207935,212041
3003,11827,23109,34078,42890,55623,68733,77128,94733,104635,117299,129417,142194,156149,157275,172496,172496,188938,209484,209933,212392
3004,11764,23037,30122,48561,54465,68444,77065,84402,94427,104576,129443,129443,141603,156703,171990,171990,188443,209296,209557,212229
3005,11938,23127,30329,43180,54523,68600,77440,84950,94732,104961,129535,129535,141681,156025,172143,172143,188430,209177,209360,213327
3006,11963,23191,30345,43209,54316,68734,77137,85000,94989,105253,129782,129782,142007,156851,172671,172671,189132,189132,209566,211380
3007,11956,23374,30350,43301,54202,68282,76324,84163,93926,104100,128398,128398,140439,154463,169851,169851,185990,205467,205467,208064
3008,12021,23328,30444,43403,54547,68708,76332,84596,94227,104639,128961,128961,154667,154667,170108,170108,186388,206400,206400,209319
3009,12002,23461,30608,43610,54806,69412,77158,85123,95175,105360,129434,129434,155780,155780,171212,171212,187402,207402,207402,209217
3010,11968,23479,30636,43670,54997,69332,77245,85316,95097,105494,129439,129439,155861,155861,171783,171783,187823,207781,207781,210260
3011,12065,23650,30707,43742,55130,69271,76835,85082,94826,105012,129289,129289,141211,154973,170247,170247,186233,186233,206301,208166
3012,12032,23616,30794,43901,55081,69469,76975,85338,95125,105246,129417,129417,141409,155025,170586,170586,186670,186670,206543,209053
3013,12248,23735,30718,44013,55199,69595,77162,85515,95305,105331,129204,129204,141230,155017,170267,170267,186358,206200,206200,208895
3014,12196,23803,30789,44025,55087,69488,76942,85405,95005,105215,129024,129024,140989,154853,170001,170001,186195,205876,205876,207885
3015,12228,23804,30859,44016,55055,69089,76714,84474,94398,104550,128055,128055,139447,152779,168008,168008,183681,202955,202955,204778
3016,12238,23843,30863,43821,55004,69079,76580,84754,94590,104681,128336,128336,153375,153375,168466,183869,183869,203227,203227,206123
3017,12348,24040,31394,44343,55426,69891,77118,85250,94973,105063,128543,128543,140264,153741,169246,184572,184572,203965,203965,206184
3018,12378,24142,31298,44259,55635,69959,77423,85483,95290,105268,129063,129063,154229,154229,169714,185118,185118,204795,204795,207244
3019,12350,24018,31235,44091,55493,69408,76830,84884,94539,104422,127736,127736,139644,153110,168545,183843,183843,203379,203379,206585
3020,12362,24018,31266,44246,55322,69282,77000,84889,94506,104611,127777,127777,153367,153367,168249,184156,184156,203504,203504,206387
3021,12346,24107,31038,44223,55375,69362,76749,84841,94579,105061,128463,128463,140000,153393,168377,183746,183746,203634,203634,207509
3022,12407,24047,31041,44138,55460,69671,77102,85252,94927,105015,128886,128886,153756,153756,168581,184131,184131,203717,203717,207484
3023,12397,23972,31150,44357,55572,70017,77437,85687,95430,105978,129644,129644,141481,155125,170937,186950,186950,186950,206802,210160
3024,12366,23963,31217,44328,55513,69694,77454,85666,95316,105750,129539,129539,141242,155142,170499,170499,186607,186607,206604,210274
3025,12320,24119,31541,45066,56664,71391,79541,88019,97950,108413,120971,133428,146498,160542,176578,176578,194098,194098,215438,217625
3026,12338,24100,31624,45144,56683,64252,79654,88328,98208,108799,121311,133839,146585,160653,176934,176934,194939,194939,215884,217387
3027,12322,24178,31301,44747,56254,63686,78615,87049,97143,107649,120324,132370,145004,159286,174843,174843,191037,191037,211120,212743
3028,12400,24271,31484,44926,56373,63867,79195,87336,97573,107837,120794,132936,145438,159608,175407,175407,191599,191599,211853,212463
3029,12371,24247,31629,45298,56879,64401,79425,88129,98057,108693,121451,133753,146154,160452,176589,176589,192752,192752,213567,214179
3030,12376,24190,31657,45334,56852,64392,79218,87693,97990,108699,121054,133710,146055,160634,176354,176354,192543,192543,213227,213534
3031,12448,24432,31769,44870,56391,63736,78594,87039,96829,107432,119679,131925,144251,158111,158111,174574,190552,190552,210507,211246
3032,12508,24446,31807,44892,56420,63918,78741,87059,97069,107518,119985,132024,144483,158507,174612,174612,191081,191081,211258,211731
3033,12704,24619,31950,45390,56912,64553,79222,87322,97505,107828,120359,132841,144743,158751,158751,174435,190157,190157,210301,211071
3034,12611,24656,31870,45409,56900,64352,79478,87314,97425,107854,120033,132622,144374,158600,174292,174292,190112,210079,210079,210426
3035,12692,24670,32113,45792,57062,64452,79580,87750,97692,108088,120212,132454,144768,158419,173933,173933,190375,210303,210303,210731
3036,12682,24797,32179,45774,57067,64466,79545,87821,97898,108230,120450,132535,144798,158738,158738,174817,190649,211008,211008,211008
3037,12659,21634,32048,45616,56977,64442,79309,87577,97472,107804,119921,132119,143874,158020,173808,173808,189870,209422,209422,210012
3038,12668,24713,32226,45813,57219,64768,79578,87879,97975,108419,120711,132434,144266,158611,174063,174063,190482,210096,210096,210471
3039,12737,24825,32208,45601,51138,64361,79131,87497,97100,107467,119326,131754,143537,157316,157316,172235,188080,207600,207600,207960
3040,12658,21869,32206,45291,51151,64268,79032,87502,97120,107282,119177,131758,143496,156948,172159,172159,188017,188017,207570,207954
3041,12788,24863,32287,45389,51239,64393,79089,87235,97062,107445,119303,131473,143309,156918,172343,172343,188416,207820,207820,208595
3042,12848,21944,32333,45528,51326,64374,79194,87457,97398,107782,119812,131445,143830,157532,172619,172619,188602,188602,208299,208904
3043,12749,21744,32345,45369,50879,63821,78698,86966,96668,106805,118860,130725,142365,155913,171726,171726,187580,206807,206807,207311
3044,12764,24798,32258,45287,50951,63678,78665,86778,96522,106591,118744,130517,142072,155749,171240,171240,186969,186969,206846,207076
3045,12659,21508,31710,44667,50328,63269,77616,85598,95283,105556,117528,129238,140891,153942,169343,169343,184530,203671,203671,204875
3046,12649,24391,31693,44657,56034,63215,77666,85843,95417,105940,117916,129408,154677,154677,169450,169450,184859,184859,204110,205238
3047,12572,24263,31371,44624,55876,63018,77609,85754,95764,105737,117137,129565,154886,154886,169956,169956,185605,185605,205087,206673
3048,12584,24474,31560,44762,56075,70223,77993,86044,95985,106122,117838,129792,155426,155426,170551,170551,186381,205833,205833,207353
3049,12668,24505,31852,45178,56876,71828,79507,88378,98030,108812,122023,133821,161328,161328,177238,177238,192800,192800,211828,213651
3050,12644,24551,31840,45324,57030,64481,79442,88611,98140,109119,122084,133820,146063,161641,161641,177495,193187,193187,212094,213041
3051,12687,24704,32166,45877,57500,64960,80416,89192,99313,110012,122654,135628,147984,162387,179111,179111,195691,195691,216446,217768
3052,12648,24666,32125,45863,51666,65136,72699,89518,99545,110484,122628,135825,148455,163160,179381,179381,195913,195913,216852,217673
3053,12799,24854,32217,46067,51904,65243,72697,89281,99220,110054,122887,135641,148442,162918,178742,178742,195243,195243,215839,216735
3054,12844,21843,32237,45997,51821,65164,72712,89234,99048,109807,122891,135512,148097,162352,178727,178727,194872,194872,215711,216624
3055,12704,25103,32795,46538,52462,65952,73544,90351,100622,111187,123959,136299,149123,163550,179922,179922,196363,196363,216704,217791
3056,12701,22138,32734,46488,52567,65941,73654,90297,100750,111244,124133,136496,149392,163862,180178,180178,196515,196515,217010,217833
3057,12742,22058,32555,46400,52309,65945,73359,89965,100321,110782,123458,136374,148848,163170,179253,179253,195552,195552,216462,217206
3058,12763,22061,32640,46518,52431,66124,73505,90459,100673,111239,124040,136855,149366,163836,179894,179894,196573,196573,216943,217663
3059,12753,21966,32552,46326,52182,65446,72858,89357,99337,110033,122683,134985,147013,160677,176513,176513,192405,192405,212314,213386
3060,12743,21946,32484,46193,51913,65301,72690,88961,99156,109194,122225,134584,146638,160400,160400,175990,192152,192152,212053,212536
3061,12780,22004,32745,46665,52355,65941,73136,89935,99784,110403,123072,135282,147359,161468,177020,177020,193742,193742,213441,214203
3062,12797,22082,32750,46571,52317,65985,73142,89845,100229,110659,123252,135555,147627,161669,161669,177370,194092,194092,214173,214173
3063,12713,22055,32685,46558,52473,65760,73168,89414,99556,110221,122721,134857,147014,160953,176390,176390,193211,193211,213251,213251
3064,12773,22114,32717,46452,52433,65500,72991,89409,99458,110035,122569,134715,146680,160897,160897,176456,192940,192940,213004,213004
3065,12807,22119,32920,46221,52090,65377,72459,88642,98766,109411,121632,133502,145283,159154,159154,174139,190134,190134,209803,209803
3066,12802,22085,32787,46225,52187,65407,72656,89052,99132,109702,121790,133680,145590,159441,159441,174504,190720,190720,210299,210299
3067,12855,22143,32700,46519,52128,65574,72839,89147,99166,109732,121864,134123,146179,160045,160045,176066,192124,192124,211783,211783
3068,12873,22298,32734,46580,52530,65660,73093,89439,99389,110221,122219,134571,146675,160627,160627,176288,192403,192403,212451,212451
3069,12802,22236,32883,46577,52554,65891,73401,89671,99798,110626,122705,135517,147314,161264,161264,176324,192340,192340,212218,212218
3070,12892,22274,33033,46704,52709,66196,73548,89757,100138,110745,123456,135544,147589,161525,161525,176818,193118,193118,212858,212858
3071,12855,21920,32578,46169,51930,64896,72342,88523,98676,109246,121207,133296,145174,159412,159412,175064,191209,191209,211023,211023
3072,12910,25085,32564,46175,51944,65028,72347,88750,98575,109498,121302,133754,145695,159960,159960,175459,191491,191491,211532,211532
3073,13153,22575,33593,47799,54038,67949,76075,93798,104103,115426,129301,142068,154869,171910,171910,188871,205429,205429,225437,225437
3074,13137,22651,33532,47760,53869,67870,76052,93549,93549,115253,129121,129121,154568,154568,171459,188668,188668,205015,205015,225260
3075,13007,22544,33478,47635,53813,67979,75750,93137,93137,115569,128693,128693,155593,155593,170767,188068,188068,205612,205612,227646
3076,13017,22606,33440,47611,53955,67907,75855,93191,93191,115714,128907,128907,142779,155943,171249,188257,188257,206085,206085,227942
3077,12895,22329,33197,47143,53202,67302,74780,91577,91577,113523,126634,126634,139710,152526,166766,183334,183334,200050,200050,221161
3078,12951,22491,33230,47390,53269,67598,75098,91923,102410,113842,127375,127375,140136,152910,167455,183794,183794,200419,221582,221582
3079,13024,22405,33305,47313,53141,66834,74568,90851,101418,112365,125100,125100,138199,150953,165558,181252,181252,197974,219013,219013
3080,13007,22455,33228,47269,53101,66772,74292,90821,101093,112186,124769,137937,150397,150397,165055,181096,181096,197665,218643,218643
3081,13074,22362,33259,46836,52745,66332,73582,90048,99689,110542,123151,135552,147638,147638,161575,177219,177219,193113,213809,213809
3082,13062,22333,33279,46950,52850,66306,73769,90138,100025,110792,123531,135772,148112,162131,162131,177651,193377,193377,214509,214509
3083,13211,22503,33616,47565,53649,67401,74803,91325,101493,112554,125288,137835,150457,164575,164575,180322,196643,196643,217061,217061
3084,13263,22571,33604,47630,53416,67061,74801,91327,101428,112201,124915,137601,150115,150115,163936,179821,179821,196272,216971,216971
3085,13396,23027,34004,47952,53978,67837,75400,91611,102231,113494,125918,138393,151079,151079,165463,181406,181406,197683,218126,218126
3086,13341,22906,33899,42773,53913,67942,75490,91832,102431,113253,126071,138882,151625,151625,165839,181491,181491,198093,218691,218691
3087,13353,22787,33771,42541,53573,67182,74193,90758,101273,112227,124268,136591,148237,148237,162013,177619,177619,193662,213770,213770
3088,13402,22933,33706,47846,53756,67276,74535,91100,101838,112707,124750,137083,148768,148768,162640,178042,178042,194311,214194,214194
3089,13518,23000,34225,48224,54183,67758,75261,91851,101956,113056,125572,137824,149642,149642,163711,178931,178931,195142,215381,215381
3090,13509,22966,29858,42935,54113,67605,74997,91541,101706,112715,125271,137299,137299,149346,163140,178579,178579,194393,214774,214774
3091,13651,23175,34154,42884,53821,67179,74390,91157,101228,111887,123907,135956,147955,147955,161580,177344,177344,193399,213459,213459
3092,13669,23149,34282,42895,53941,67239,74612,91054,101334,112285,124296,136427,148264,148264,161907,177675,177675,193713,214210,214210
3093,13880,23678,30196,43833,54961,68694,76225,92932,103287,114388,126542,139253,139253,151055,164644,180868,180868,196993,217510,217510
3094,13863,23615,34818,43800,54863,68657,76036,92746,103235,114212,126374,139144,139144,150896,164492,180517,180517,196675,217017,217017
3095,13747,23330,30107,43346,54398,67685,75258,91897,102003,112789,125048,137548,137548,149671,163928,180009,180009,196405,216647,216647
3096,13762,23293,34466,43434,54394,67902,75614,92018,102248,112978,125457,137829,150162,150162,164313,180152,180152,196623,217379,217379
3097,13981,23790,30674,44734,56490,70989,78562,96717,108056,120017,132611,146123,146123,160613,176210,192441,192441,208313,229892,229892
3098,13978,20909,30771,44902,56657,71323,78906,87972,97085,108204,120450,133163,146474,161164,176548,176548,193034,209033,209033,230582
3099,14068,21035,30778,44622,56144,70942,78655,87238,96308,107249,119225,132272,145973,159114,174366,174366,191455,208768,208768,230661
3100,14002,20969,30871,44563,56205,70636,78470,86998,96184,106914,118987,131957,145604,158780,173909,173909,190938,208207,208207,230007
3101,14270,21208,31187,45243,56860,71484,79319,87832,96967,107930,119882,133258,146667,159651,174452,174452,191562,208632,208632,230369
3102,14316,21259,31261,45362,56942,63465,79532,87921,97087,108031,120308,133456,146935,159821,174621,174621,191915,208678,208678,230868
3103,14157,21142,30973,44945,56196,62654,78290,86514,95490,106375,117930,130890,144152,156837,171881,171881,188637,205660,205660,227240
3104,14182,21094,30981,44728,56280,70661,78281,86389,95527,106044,117783,130765,143733,156746,171640,171640,188054,205250,205250,227041
3105,14232,21267,31164,44970,56684,71408,79020,87338,96391,107150,119178,132440,145617,158438,172692,172692,189351,205794,205794,227357
3106,14251,21216,31194,45150,56798,71531,79332,87377,96524,107552,119308,132735,145837,158542,172886,172886,189491,206185,206185,227825
3107,14126,21214,31127,44844,56273,62516,78242,85974,94941,105728,117333,129980,142974,155589,169689,169689,186429,202730,202730,224109
3108,14187,21153,31201,45016,56519,70849,78370,86403,95225,117454,117454,130441,143526,156029,170570,187041,187041,203419,203419,224836
3109,14344,21404,31441,45515,57064,71522,79241,87389,96102,118477,118477,131727,144763,157003,171072,187523,187523,203438,203438,224782
3110,14382,21388,31489,45568,57184,63581,79400,87367,96461,118578,118578,131957,144788,157354,171279,187692,187692,203682,203682,224913
3111,14391,21423,31476,45419,56708,63001,78418,86510,95484,117340,117340,129856,143043,155259,169827,186106,186106,202361,202361,223782
3112,14375,21421,31514,45340,56639,70938,78480,86725,95578,117485,117485,129949,143258,155710,170166,186195,186195,202902,202902,223916
3113,14701,21735,32141,46132,57851,72346,80103,88591,97488,120059,120059,132944,146572,158886,172941,189352,189352,206037,206037,226934
3114,14655,21847,32049,46129,51508,64229,80112,88462,97447,108036,119789,132957,146241,158811,172942,172942,189409,189409,205824,226744
3115,14437,21362,31282,45143,50420,62874,78274,86493,95203,106056,117231,129832,143011,155226,169374,169374,185901,185901,202129,223212
3116,14413,21426,31370,45152,56511,70800,78400,86470,95245,105721,117590,130040,142836,155315,169949,169949,186316,186316,202926,223585
3117,14440,21499,31276,45296,56874,71074,78877,86902,95644,117875,117875,131044,143900,156260,170697,170697,186249,186249,203192,223009
3118,14408,21541,31392,45349,57066,71462,79136,87139,95988,118481,118481,131367,144412,156714,171328,171328,186922,186922,203457,223941
3119,14166,21060,30561,43891,55087,61201,76039,84079,92946,114376,114376,126488,139266,151550,165753,165753,181476,181476,197797,218125
3120,14208,21073,30585,43866,55071,68921,76341,84056,93038,114207,126679,126679,139146,151475,165730,165730,181386,197585,197585,218129
3121,13948,20641,30356,43743,55265,69012,77134,85088,93853,116091,128533,128533,142953,155893,170189,170189,185388,201364,201364,222648
3122,13909,20631,30428,43888,55285,68969,77253,85171,93895,116366,128806,128806,142987,156084,156084,170378,185654,201715,201715,223367
3123,13554,20152,29500,42639,53762,67375,74805,82758,91254,112724,125166,125166,138210,150790,150790,165256,181274,197411,197411,218011
3124,13569,20222,33807,42627,53705,67329,74819,91168,101204,112250,125155,138294,138294,150632,150632,165215,180974,197154,197154,217645
3125,13478,20101,33792,42637,53669,67240,74725,90779,100869,111899,124721,137403,137403,149593,149593,163585,179094,195563,195563,214912
3126,13501,20166,33827,42680,53579,67237,74799,90887,100815,112144,124981,137853,137853,149836,149836,164286,179656,195892,195892,215574
3127,13407,20012,33611,42306,53057,66736,74190,90131,100140,111386,123440,135962,135962,148136,148136,177642,177642,193449,193449,213339
3128,13476,20132,33674,47668,53330,66986,74425,90497,100306,111569,123716,136428,136428,148597,162785,178467,178467,193643,193643,213692
3129,13123,19674,32836,46102,51849,64711,71950,87423,97152,107620,120040,131979,131979,143638,157365,157365,171736,187820,187820,206410
3130,13156,22424,32850,46244,51855,64618,71746,87335,96910,107441,120057,131903,131903,143444,157118,171590,171590,187373,187373,206205
3131,12993,19266,32293,45544,50777,63821,70718,85979,95797,106319,117924,130264,130264,141708,154862,169320,169320,184418,184418,203472
3132,12967,21930,32418,45442,50868,63874,78434,86222,95815,106563,118124,130415,130415,141986,155206,169747,169747,184783,203817,203817
3133,12997,21890,32250,45264,50835,63348,77742,85593,95156,105200,117179,129021,129021,140553,153381,168268,168268,183256,202357,202357
3134,12990,21874,32239,45268,50801,63318,77622,85539,95140,105078,116900,128871,128871,140312,152971,167995,167995,182700,202209,202209
3135,12919,21702,31924,44791,50048,63200,77239,84965,94491,104759,116401,128639,128639,140304,153262,167862,167862,182575,201330,201330
3136,12843,21781,31935,44782,55950,63211,77451,85244,94478,105078,116625,128864,128864,140403,153462,168072,168072,182800,201401,201401
3137,12665,21200,31118,43758,54404,61621,75468,82851,92016,101944,113759,125206,125206,136507,149151,163228,163228,177238,196376,196376
3138,12719,21306,31178,43872,54713,61681,75651,92230,102296,102296,113975,125825,136886,136886,149487,163912,177757,177757,196940,196940
3139,12534,21144,31032,43605,54447,68086,75302,82806,102451,102451,114459,125929,137245,137245,149661,164139,178177,178177,196732,196732
3140,12525,21201,31050,43657,54445,61477,75403,92153,102903,102903,114622,126464,137505,137505,149617,164063,177755,177755,196678,196678
3141,12396,20860,30527,42759,53018,59910,73308,80544,99372,99372,110570,121825,132931,132931,145329,159627,173736,173736,191650,191650
3142,12449,20799,30604,38238,53280,60064,73382,80684,89838,99459,110881,122022,133185,133185,145673,159665,174026,174026,191986,191986
3143,12383,20757,30338,42598,52985,59990,73420,80714,89534,99521,110569,121908,132029,132029,145005,158227,172618,172618,189658,189658
3144,12380,20741,30331,38147,53078,59970,73153,80641,89421,99441,110539,121694,132415,132415,144594,158227,172284,172284,189410,189410
3145,12349,20667,30280,38050,53068,59790,73420,80923,90292,100263,111021,122796,133979,133979,146858,160732,175297,175297,193759,193759
3146,12314,20779,30307,38034,53188,59855,73576,81288,100348,100348,111316,122912,134302,134302,146979,161144,175185,175185,193782,193782
3147,12384,20929,30606,38486,53654,60804,74789,82370,91521,101514,113633,125266,136612,136612,149695,163513,177874,177874,195489,195489
3148,12441,21050,30711,43345,53853,60938,75084,91890,101729,114103,114103,125721,137340,137340,150445,164318,178447,178447,196224,196224
3149,12422,20790,30484,42805,53089,60178,73978,81328,100323,100323,111650,123407,134370,134370,147625,161544,175434,175434,193404,193404
3150,12438,20879,30497,38249,53266,60091,74073,81394,90540,100350,111651,123554,134542,134542,147692,161780,175849,175849,193400,193400
3151,12197,20374,30044,42384,52514,59514,73109,80352,99227,99227,111076,122520,133596,133596,146312,160504,173932,173932,191977,191977
3152,12189,20477,33685,37699,52597,59716,73252,80578,89567,99282,111308,122815,133962,146615,146615,160812,174361,174361,192054,192054
3153,11861,19820,32561,36422,50660,57295,70607,77577,86003,95735,106591,117674,128495,140616,140616,153921,167618,167618,184655,184655
3154,11872,17286,32590,40936,50690,63695,70397,85928,95609,106103,106103,117504,128107,140181,140181,153947,167199,167199,184433,184433
3155,11522,17070,31908,40174,49937,62817,69114,84594,84594,105400,105400,116347,126763,138461,138461,151471,164679,164679,181427,181427
3156,11537,17126,31863,40226,49973,62825,69257,76285,84903,105747,116381,116381,126902,138656,138656,151763,164935,164935,181827,181827
3157,10754,15899,29642,37151,46233,57968,64174,78574,87686,97705,108139,108139,117743,128732,128732,140907,152782,152782,168275,168275
3158,10803,15905,26444,37368,52622,58300,70946,78955,88018,97966,108363,108363,117905,129205,141203,153388,168875,168875,168875,183982
3159,10239,15204,25587,35971,50945,56629,69096,77088,85656,95985,105764,105764,115511,126154,138279,150300,165652,165652,165652,179502
3160,10264,17286,28422,35795,50750,56337,68711,76672,85187,95519,105554,115334,125767,125767,137830,149705,165487,165487,165487,195610
3161,9903,16332,26787,33725,47896,53175,64721,72270,80358,89837,99256,108274,118674,130291,130291,142406,157007,157007,157007,187075
3162,9825,16366,26727,33721,47847,53384,64905,72352,89989,99638,108835,118925,118925,130596,142662,157819,157819,157819,171481,187675
3163,9702,18102,26654,33626,47841,53125,64648,71957,90002,99390,108729,118694,118694,129680,141582,156064,156064,156064,169487,184888
3164,9665,18040,26620,33568,47658,53051,64569,80153,89908,99166,108506,118551,118551,129608,141256,155577,155577,155577,169191,184276
3165,9372,17603,25557,32168,45695,50810,62172,77181,86282,95078,104340,114252,114252,125414,137132,151377,151377,151377,164794,180352
3166,9423,17673,28825,36324,45688,56296,62354,77389,86711,95364,104581,114545,125860,137749,137749,151828,151828,151828,165282,196554
3167,9108,17296,28084,35472,44645,55172,61025,75838,84814,93530,102593,112338,123411,135104,149351,149351,149351,162760,162760,192829
3168,9200,17299,28281,35689,44913,55461,68524,76327,85313,94098,103013,112786,123878,135518,149670,149670,149670,163544,163544,193496
3169,9148,17278,28273,35955,45361,56469,70135,78327,87177,96598,106769,117194,128659,140079,155384,155384,155384,170324,170324,204056
3170,9197,17298,28367,36102,45606,56676,62710,78746,87486,96673,106928,117596,129303,140637,155904,155904,155904,170906,170906,204420
3171,9067,17040,27917,35447,44580,55513,68344,76291,85471,94876,104162,114366,126005,137946,137946,152428,152428,166127,166127,197593
3172,9080,17033,27957,35459,50234,55702,68714,76405,85687,95102,104427,114813,126529,138356,152862,152862,152862,166538,166538,197924
3173,8942,16912,28033,35360,49813,55064,68350,75924,85209,94274,103169,113054,124210,135279,149377,149377,149377,162930,162930,193222
3174,9001,16934,28021,35197,49859,55008,68244,75720,85226,93948,103037,112936,123806,134992,149367,149367,149367,162354,162354,193083
3175,8758,16620,27519,34714,49323,60698,67608,75612,84678,93811,102549,112301,123622,135131,149111,149111,149111,162337,177286,192794
3176,8765,18945,27683,34839,49600,60941,67737,75692,84875,94084,103051,112792,124012,135369,149605,149605,149605,162897,177741,193312
3177,8627,16349,26872,33941,47995,58636,65559,73397,82070,90756,99159,109009,119960,131043,145035,145035,145035,158277,172970,188258
3178,8725,18520,30244,37980,48243,59000,65897,82287,91145,99680,109672,120307,120307,131567,145685,145685,145685,158696,173374,207932
3179,8579,18393,29861,37929,47549,58203,65392,81966,90729,98539,107613,117839,117839,128853,142078,142078,142078,154717,168722,201287
3180,8589,18388,29881,37959,47371,58079,65249,81714,90493,98304,107229,117741,128454,128454,142019,142019,154652,168256,168256,201106
3181,8529,18279,29712,37401,47224,57907,64893,81149,89680,97770,107295,117809,128655,142632,142632,142632,155337,169661,169661,203187
3182,8546,18364,29790,37400,47314,58106,72869,81268,89836,97960,107698,118337,129127,142886,142886,142886,155693,169937,169937,203981
3183,8601,18167,29609,37371,47349,57779,72455,80989,89380,97612,106718,117574,128243,141732,141732,141732,154654,168806,168806,203079
3184,8552,18167,29524,37344,47244,57728,72365,80903,89267,97552,106901,117342,128062,141471,141471,141471,154596,168664,168664,203140
3185,8525,18062,29393,37209,46681,57236,71715,80375,88808,97077,106397,116769,127492,141417,141417,141417,153956,168135,168135,203465
3186,8521,18047,29452,37158,46768,57439,71981,80451,88984,97170,106578,117068,127900,141871,141871,141871,154258,168661,168661,204004
3187,8445,17861,28930,36613,45847,56217,70006,78272,86466,94177,103248,113459,124008,137638,137638,137638,149953,163662,163662,198179
3188,8515,17908,29171,36725,46122,56374,70417,78626,86994,94750,103731,124870,124870,138398,138398,150537,150537,164613,178605,199266
3189,8469,17759,28987,36411,45735,56064,70014,78222,86332,94132,103350,123848,123848,136944,136944,149315,149315,163080,177428,198314
3190,8399,17804,28987,36500,45911,56174,70097,78185,86653,94423,103669,124016,124016,137313,137313,149597,149597,163390,177845,198189
3191,8369,17564,28595,36019,45514,55601,69563,77701,85889,93434,102936,123553,123553,137330,137330,149741,149741,163782,177549,199175
3192,8368,20247,28630,40909,50510,62347,69840,77673,86168,103185,103185,124174,124174,137787,137787,150138,150138,164108,178450,199627
3193,8361,17555,28771,36213,50851,63075,70538,78744,86735,106235,106235,127718,127718,141100,141100,154425,154425,169932,185602,207233
3194,8338,20253,28740,36104,50761,56178,70447,78536,86761,95166,105625,127306,127306,140726,140726,153839,153839,169258,185385,206577
3195,8432,17809,28977,36295,51246,56565,70638,79286,96430,96430,105953,126973,126973,140593,140593,153395,153395,167223,181938,203223
3196,8448,17761,33237,36424,51299,56576,70805,79497,88075,106439,106439,127457,127457,141133,141133,153618,153618,167703,182355,203727
3197,8456,17928,33233,36682,52079,57724,71864,80730,89544,108071,108071,130045,130045,144025,144025,157013,157013,171498,186837,209856
3198,8412,17980,29441,37068,47160,58094,72191,80982,89909,98223,108505,119444,130411,144503,144503,144503,157534,172146,187743,212298
3199,8534,18075,29607,37094,47178,57662,71991,80917,89643,98217,107987,118838,129853,144153,144153,144153,156963,171874,186371,209949
3200,8480,18023,29799,36961,46848,57544,71679,80487,89237,97717,107667,118389,129298,143423,143423,143423,156084,170874,185759,208562
3201,8454,17931,30506,36928,47139,57447,71805,80765,89417,98020,107681,118164,128780,142561,142561,142561,155184,169950,184229,207635
3202,8481,17986,30719,37092,47280,57692,72025,80795,89616,98190,107839,118440,129030,142912,142912,142912,169913,170760,184644,206862
3203,8499,18345,31649,37872,48386,59363,74155,83416,92648,101449,111296,122431,133477,147524,147524,147524,175708,177532,190787,213757
3204,8529,18338,31578,37748,48137,59197,66242,73881,92274,101288,111055,122314,133345,147560,147560,147560,160480,177602,190705,214702
3205,8566,18424,31493,38076,48302,59242,66381,82633,92056,100700,110736,121781,133173,147251,147251,147251,160925,180072,191755,214654
3206,8644,18452,31408,38128,48426,59556,66449,82874,92322,100838,111039,122158,133463,147739,147739,147739,161157,180637,192406,214679
3207,8669,18586,31573,38478,49030,59771,67130,84474,93621,102262,111731,122336,133249,147216,147216,147216,160454,179880,190077,213212
3208,8742,21555,31528,38767,49214,60129,67270,85013,93809,102711,112139,122784,133965,147754,147754,147754,161285,180426,191053,213366
3209,8967,19065,32348,39771,50474,61891,69332,87001,96578,105492,115465,126547,138100,152871,152871,152871,166566,186260,198956,221729
3210,8904,19080,31980,39767,50461,62027,69549,77804,87165,105622,115552,126898,138465,138465,153112,153112,166789,186253,199317,199180
3211,8942,19365,31970,39902,50511,61414,68763,76857,86300,104034,113697,124855,135886,135886,150137,150137,163477,183949,195218,195948
3212,8996,19432,31863,39965,50529,61579,68923,77145,86555,104415,114091,125083,136253,136253,150945,150945,164496,184755,195582,197306
3213,9109,19554,32385,40942,51206,63013,71604,79696,88568,105647,115585,126422,138294,138294,153094,153094,167360,186778,199628,201556
3214,9064,19659,28683,40782,50936,62881,71414,79487,88420,105321,115238,126193,138034,138034,152725,152725,166838,186400,198710,201329
3215,9160,19557,28718,40235,50340,61934,69847,77729,86256,103205,112563,123870,134866,134866,150039,150039,164011,183608,194425,198721
3216,9142,19576,33091,40261,50406,62198,70092,77885,86465,103202,112978,124077,135368,135368,150261,150261,166595,183749,196033,198489
3217,9396,20124,33282,41552,52815,64760,72994,80862,90344,110445,121000,132128,144681,144681,161212,161408,178773,197825,212708,216701
3218,9444,20176,29509,41775,47096,58575,73099,81527,90418,101742,110944,121501,132785,145045,162021,162334,178619,180872,194514,216649
3219,9449,20255,29770,41576,47173,57698,71799,80625,90220,99636,108269,118450,129358,140574,140574,156629,158606,174590,185836,205281
3220,9467,20281,30136,41509,47118,57706,71953,80505,90196,99717,108436,118364,129465,140858,155750,156559,173586,174523,186288,205408
3221,9552,19922,30424,41135,46727,57083,70820,79378,88715,98274,106973,116683,126907,138479,153060,154352,171192,173339,185623,202946
3222,9564,19983,30801,41264,46723,57119,71047,79920,89088,98561,107293,117056,127493,139087,153566,155803,171609,181281,185546,202866
3223,9356,19770,30299,39831,45099,54776,67957,76165,85141,93945,102327,111289,121351,132045,146246,149162,163214,186512,177302,193067
3224,9301,19681,33811,39771,49856,60479,68017,76108,93622,102019,111229,121078,132124,145939,145939,149815,163376,194548,193088,212274
3225,9195,19351,32182,39056,48957,59402,66926,74808,92416,100271,109151,119353,130063,143337,143337,147310,160519,190836,190703,208030
3226,9135,19360,31657,38895,49024,59538,66753,83876,92480,100721,109666,119689,130195,143579,143579,160862,175697,191106,189836,208464
3227,9033,18885,30906,37923,47343,57442,64496,80638,88720,96530,104862,114765,125004,138192,138192,154882,169262,184953,184181,201231
3228,9128,19037,31208,38171,47597,57871,72804,81179,89246,105668,115370,115370,125491,138939,138939,169637,171584,186338,202424,201509
3229,9070,18871,31051,37938,47455,64821,72500,81001,89568,105812,115340,115340,125564,138468,138468,168932,170892,185876,200027,200027
3230,9068,18775,30968,37917,47388,57358,72253,80618,89096,105523,115001,115001,125334,138490,138490,168033,173563,186094,200396,218251
3231,9001,21003,30237,36706,45701,62092,69346,77284,85062,101043,110272,110272,119849,132918,132918,162253,180930,183289,194198,194198
3232,8918,21023,30785,41386,50524,62198,69405,77776,92741,101355,110671,120601,133262,133262,133262,162567,180555,185785,194886,212074
3233,8936,20993,30897,41651,50547,62677,70055,78295,93634,102175,111412,121285,133668,133668,133668,163711,182417,187206,195999,212693
3234,8983,20980,31145,41592,50567,62521,69785,77985,93520,102068,111265,121001,133674,133674,133674,163027,179088,187648,195618,211130
3235,8875,20669,30769,40631,49531,60887,68094,75877,90735,98602,108244,117195,130017,130017,130017,159103,173110,184787,190204,205420
3236,8832,20752,34387,40775,49677,61274,68455,83782,91037,98992,108229,117738,130368,130368,141355,160843,176103,193242,191701,206937
3237,8643,20438,32636,40206,48913,60401,67631,83099,90051,98649,107726,116846,129490,129490,140898,160897,175802,190617,192093,205431
3238,8694,20487,32264,40489,49308,60732,67986,83573,90556,98990,108171,117367,130011,130011,141343,164273,176413,190827,207580,205999
3239,8516,19923,31298,39260,48136,59142,65919,80567,87996,95819,105215,114597,126795,126795,137897,163206,172765,187691,188872,203928
3240,8494,19937,31267,39232,48002,59183,73209,80464,87826,105047,105047,114604,126947,126947,137896,166428,173946,188317,194945,203926
3241,8555,20108,31800,39943,55878,60663,75638,83608,90882,108472,108472,119375,133111,133111,145027,179723,194606,194606,212128,211800
3242,8574,20121,31876,39919,54844,60784,67905,83750,91018,108849,108849,119942,133481,133481,145501,164952,178992,180088,195950,212131
3243,8716,20713,32801,41458,56116,62465,70125,86810,94932,113159,113159,122935,135780,135780,147640,168515,180962,183282,201794,216180
3244,8801,20713,32709,41423,50849,62378,69784,78186,94562,103434,113043,122884,135726,135726,147229,168097,181911,184339,199858,214914
3245,8630,20439,28511,40290,49473,60531,67757,75610,91375,99996,109590,119330,131652,131652,143285,164240,176690,183587,194612,193828
3246,8655,20423,28606,40395,49554,60838,68007,83712,91682,100225,109811,119747,132417,132417,143903,165096,176871,186840,195519,212608
3247,8511,20168,28811,40292,49382,60356,67469,83515,91179,99765,108914,118664,131197,131197,142293,164306,173330,189279,193821,208692
3248,8562,20276,32983,40456,50177,60561,67947,84131,91882,100412,109418,119159,131972,131972,143144,165393,174531,186847,194683,209445
3249,8447,19862,31509,38800,48956,58405,73103,80395,88138,96125,105315,114637,126882,126882,138131,164133,171185,184938,195773,203691
3250,8439,19867,31521,38907,54567,65625,73304,80684,88235,105627,105627,127064,127064,127064,138251,164869,172683,190121,197620,203805
3251,8159,19333,30657,38169,52775,63857,71643,79148,86730,103584,103584,124421,124421,124421,135200,165177,170867,190644,199832,198407
3252,8212,19325,30816,42597,52918,64200,72010,79469,94883,103996,113198,124746,124746,124746,148238,171195,172755,186347,203254,206617
3253,7940,18409,29427,40358,50169,61142,68342,75349,90083,98675,107782,119277,119277,119277,141616,164006,178549,182073,193981,201194
3254,8006,20469,33113,40209,50509,61074,75112,81997,89978,107400,118910,118910,118910,129490,141325,166203,176995,185481,194898,214448
3255,7833,20456,32775,40473,51185,61154,75641,82700,90405,108111,119598,119598,119598,130099,141988,166995,177331,193993,196951,212719
3256,7904,20473,32398,40572,51327,61363,75951,82927,90977,99688,120197,120197,120197,130550,142636,165970,178565,191860,196924,212136
3257,7809,20362,31718,40118,51286,60642,74669,81769,89536,98349,118661,118661,118661,129445,141432,166482,177251,191087,197203,210889
3258,7805,20509,31940,40445,51306,60917,75007,82216,89991,107994,119443,119443,119443,130069,141846,165924,178218,189950,198323,211952
3259,7860,21026,32927,41552,53487,63312,78051,85476,93693,111530,123144,123144,123144,133975,146351,168668,182011,194391,199946,215640
3260,7841,20898,29555,41528,53220,62763,70263,84995,93307,102070,110952,122906,122906,133456,145800,167858,180572,180138,198924,195460
3261,7918,21090,29764,41791,53357,63139,70517,85265,93322,102553,111825,123789,123789,134869,147196,169569,182071,182508,202834,202447
3262,7982,21333,30000,41971,53191,63385,70839,85537,93778,102946,112274,124105,124105,135209,147858,169477,182293,184181,201260,205134
3263,8184,21885,31383,43305,54601,65635,73499,88600,97027,106012,115542,127774,127774,138811,151710,171121,170354,187813,203837,208575
3264,8097,19580,31220,43485,53742,65431,73360,80988,96779,105936,115384,127460,127460,138623,151506,170141,171670,187927,201755,208117
3265,8132,19507,31372,43301,53263,65584,72962,80681,96787,106097,115765,128966,128966,141143,154397,171502,175187,189920,202424,209413
3266,8214,19540,31316,43393,53230,65694,73259,81131,97106,106128,115908,129378,129378,141501,154844,160852,176094,190753,190619,209258
3267,8294,19961,32164,44663,54519,67535,75332,83711,100681,110179,119974,131986,131986,143772,144828,162820,178697,192605,193404,211393
3268,8365,20100,32119,40034,54919,60896,67810,84281,101344,101344,110868,132745,132745,144004,145404,166077,178974,179248,194950,210846
3269,8427,20278,31978,40061,49572,60492,75199,83085,91134,99973,109383,119305,131782,132122,145187,164949,175479,180140,193734,209421
3270,8550,20441,32178,40335,49771,60909,67561,83322,91512,100685,110167,119912,132181,132756,146882,166091,176077,184470,198346,210753
3271,8717,20875,29542,41391,51076,62327,78012,86044,94128,103189,112904,122417,134736,135926,150070,166428,180415,187754,199582,213661
3272,8756,20891,29595,41536,51277,62496,69635,86293,94482,103700,113222,123027,135083,136321,150521,167037,180564,187225,200123,214401
3273,8883,21176,30004,41672,51629,62706,69513,85675,93811,102667,112332,121928,134594,136307,150764,166665,177266,186735,196716,213396
3274,8949,21130,30277,41500,51450,62442,69257,85377,93231,102640,111926,121686,134258,137010,150737,166330,177388,187506,196676,212594
3275,8920,21515,31085,42433,52810,63744,70768,87704,95580,104809,114762,124740,137490,140554,153986,168503,182999,188461,200259,215897
3276,8978,18829,31427,42536,52774,63903,71109,79503,96074,105150,114662,125141,137916,140575,154493,168923,182340,188758,201900,198977
3277,9065,18832,31370,42479,52165,63513,70418,78752,94532,103771,113746,124064,136726,140365,152956,166911,182366,188747,199516,198965
3278,9046,18868,31397,42583,52520,63875,70869,79188,94956,104253,114465,124346,137444,140845,153856,167095,182396,186940,200850,216970
3279,9258,19488,32379,44323,54137,66138,73471,82086,98413,107607,117554,127970,141286,144441,158037,171820,184713,188786,205761,204882
3280,9255,19383,31943,38893,53976,59257,73388,81907,90246,107384,117514,127725,141000,144072,157712,171529,184277,188616,204548,205006
3281,9448,19682,31712,38703,48666,59087,73003,81454,89304,106524,116578,126694,139909,144336,156591,170602,184181,189440,203599,205117
3282,9403,19765,31650,38954,48856,59213,73032,81618,89696,106841,117097,127222,140397,144723,157392,170882,183720,189312,186545,204870
3283,9492,20174,32283,39941,50257,60318,74867,83397,99625,108502,118641,128737,142605,146291,159241,173165,185727,189108,204923,206656
3284,9546,20045,32020,39912,50687,60018,74871,83351,91473,108434,108434,118508,142287,145989,159066,173022,171473,189644,189097,207008
3285,9456,19811,31504,39167,50289,58990,73216,81429,89938,106731,106731,116539,140744,144597,157550,171900,170894,188670,188670,206303
3286,9393,19812,28262,39307,50477,59014,73488,81646,97832,106836,106836,127675,141124,144893,157530,171465,171421,188958,190236,206906
3287,9292,19401,28305,38502,49675,58180,72016,80121,88126,104747,104747,125134,138368,142895,155418,169308,169539,184798,189539,203912
3288,9406,19525,32415,43640,54941,58630,72478,80515,96094,105358,115227,125735,139234,143524,155974,169428,169606,186040,204705,204831
3289,17597,28062,31132,39041,47473,55693,61232,66898,73812,81780,91825,101115,101933,109554,120297,119237,130520,131404,144152,144496
3290,12978,27746,39928,52122,61108,73122,80513,90879,98608,118502,124308,137894,142757,152868,158046,159408,172809,184769,191352,207597
3291,10637,25918,36802,49048,57888,69572,78025,95217,103112,112830,123116,134605,149325,150721,157644,169723,181497,194200,199441,214837
3292,10697,24624,36276,48523,58552,70937,80630,97502,105536,114665,125308,136942,151691,151836,159175,169136,182231,196718,200612,216486
3293,10370,20614,32529,48023,53410,70511,78372,96447,97602,114434,124912,135920,151760,151760,156098,168155,180800,180841,199032,215853
3294,10603,24073,33127,48391,53635,71202,78750,96544,97511,115201,125752,136447,152514,152762,157526,168034,182032,184047,199146,217090
3295,10457,20963,32698,42956,53550,64293,79024,96236,97344,114690,125756,137828,151092,152859,157458,168007,182297,185473,199237,216410
3296,10602,21234,32690,43396,54963,65448,80403,89313,99862,117247,127602,139538,153288,154275,158051,170272,184807,186975,203108,220282
3297,10577,21371,32193,42681,54661,65595,80608,88460,99231,107327,128410,139558,138947,154838,158323,170498,185551,187663,202969,201511
3298,10619,21870,32776,43750,56583,67612,82884,90622,102404,110463,131921,143089,143089,160828,162069,175648,191343,192391,208111,207372
3299,10452,21797,32241,43452,56211,67364,74715,90205,101040,110184,120034,130758,142484,159855,161337,175283,174810,191447,206574,206574
3300,10716,22207,32282,43917,56730,67023,75582,91326,102835,111369,121179,131873,144634,161065,164060,178115,177503,195199,212246,212246
3301,10642,22272,32016,43936,51359,66584,75122,91571,102964,110462,120617,132295,144169,161183,163901,163620,178104,194643,212421,212840
3302,10678,22135,31759,43716,50866,65888,73631,81336,101235,108491,118532,129761,141015,157281,160867,161191,174523,190731,190546,207103
3303,10629,22133,31672,43648,50781,65802,73396,81041,99260,108150,118362,129453,140746,156877,160067,160970,174326,190211,189918,206557
3304,10632,22156,31789,43653,51239,66124,73397,90754,100505,108966,119272,130493,141728,157135,160103,160686,175401,191029,191029,208152
3305,10591,22175,31729,43608,51412,66327,73707,90982,90982,109077,119625,130690,141875,157013,160391,161239,176035,191312,191312,208769
3306,10514,21937,31125,43070,50372,65263,72436,89411,89411,107027,117137,128290,139586,154304,158337,161320,173126,188068,188068,203633
3307,10627,19657,31285,43208,55923,65614,72815,89823,89823,107554,117689,128773,140243,155008,159090,161337,173875,188816,205227,205227
3308,10730,22270,31602,43486,55803,65289,72515,90007,90007,107416,117592,128558,139687,154068,158376,164087,173055,186919,203831,203831
3309,10685,19899,31567,43573,55555,65622,72820,89921,90322,107561,117702,128650,140112,154503,158571,165101,173552,187513,203957,204366
3310,10765,19746,31282,42735,53521,64152,71203,87483,89212,104325,113947,125090,136399,150807,154483,163890,169368,183555,199749,201342
3311,10733,22141,31349,42859,53451,64387,71336,87915,97881,104813,114505,125190,136635,151074,154702,173684,171662,183952,200224,202448
3312,10662,19455,31042,42711,53102,64456,72024,88023,98539,104993,114590,125523,137803,152916,156783,172664,173612,186244,202234,204437
3313,10643,21912,30885,42611,52926,64407,72590,87602,96559,104515,114168,125309,137451,152368,156104,160970,174477,185682,201562,205280
3314,10640,19466,30685,42029,52136,63101,71126,86234,94938,103376,112893,123696,134453,148504,152353,158420,172656,181996,196598,202772
3315,10627,21900,30697,42140,52230,63320,78829,86418,95287,103463,123932,123932,134897,148810,152709,171869,174794,182451,196618,207708
3316,10695,21762,30687,42084,52070,63133,77477,85834,94840,103163,123483,123483,134712,148713,152901,170518,175159,183058,197721,218112
3317,10698,19569,30851,42329,52500,63509,77828,86313,95355,103566,124131,124131,135362,149130,153297,170135,185471,184068,197585,218856
3318,10684,21976,30856,41625,51841,62533,76690,85208,93593,101833,121831,121831,132866,146726,150959,166371,172190,183199,193355,214127
3319,10740,19632,30893,41815,51848,62648,76525,85234,93562,101997,122317,132845,146536,146536,150893,166210,174873,184404,193761,215380
3320,10660,21502,30521,41215,51260,61993,75865,84313,92852,100800,120914,132059,146183,146183,150664,166733,182863,185245,195100,213873
3321,10605,19365,30796,41497,51503,62055,75944,84446,92964,110746,121437,132431,146317,146317,150908,166609,182104,187316,195292,212994
3322,10402,21023,30279,40435,49932,60515,74132,82557,90719,107697,117899,128300,142087,142087,148114,164507,176351,185026,190635,207550
3323,10363,21052,30494,40273,50121,60542,73987,82348,90293,107444,117750,128332,141784,154313,148480,165098,176589,193918,190047,206501
3324,10120,20463,29772,39135,49578,58792,72312,80168,88375,104990,115123,125697,138605,138605,148778,159138,174140,189360,187722,203352
3325,10111,20272,30365,44063,50354,65525,72588,80372,97267,105196,115399,125573,138993,151231,159518,174088,175535,189143,205093,204667
3326,9858,19882,29843,42775,49082,63248,70256,78076,93630,102149,111952,121946,135019,135019,155602,169428,173076,185862,199198,199198
3327,9896,22605,33851,43052,54572,63762,70514,86208,93863,102632,122611,135662,135662,135662,156270,167372,185846,186751,200303,218808
3328,9656,19657,32173,42476,53393,63038,69691,85514,93522,101762,121464,134262,134262,134262,155381,165992,181938,185796,198116,198349
3329,9663,22283,31934,42430,53273,62830,69504,85299,93345,101502,121028,134171,134171,134171,156249,164942,181267,185431,196910,216193
3330,9661,22472,31960,42642,53139,62949,69547,85420,93395,111237,120965,133793,133793,133793,155402,165126,179811,185170,196427,214528
3331,9699,19734,31774,42745,53093,63358,69849,85530,93454,111383,121636,134340,134340,134340,156259,165738,180309,187320,197156,215291
3332,9959,23123,32297,43705,53962,64990,71947,88026,96311,115056,125515,125515,138395,138395,157672,170407,185945,190951,203715,202019
3333,10072,20071,31951,43617,53434,65040,71851,87881,95508,104661,124834,124834,138022,138022,157384,170166,184621,187493,203239,203239
3334,10308,20418,32200,44210,54172,65781,72589,89028,96773,105765,126470,126470,139797,139797,159612,172422,184877,190624,203457,203752
3335,10278,20394,32099,44311,54213,65828,72696,89202,97046,106099,126624,126624,140091,140091,158691,172367,184562,191032,187052,204734
3336,10372,20653,32653,45527,50563,68094,75495,92757,100987,110273,131677,131677,146497,146497,165687,179582,192613,196795,212470,213573
3337,10502,20835,29470,40571,50785,62043,75714,84537,101442,110477,121067,132342,146950,146950,152159,164952,177443,195683,194967,214632
3338,10415,20903,29684,40965,50893,61899,76286,84746,93244,112174,123045,134610,148722,148722,154529,166756,178820,197017,197017,218063
3339,10413,20847,29740,40802,50785,61863,76310,84666,93326,111937,122758,122758,148316,148316,154140,166975,178989,182336,196770,217534
3340,10647,21200,30771,41734,52219,63527,77912,86406,95176,114541,125566,125566,151633,151633,157419,170755,182681,186609,201330,220830
3341,10585,18888,31053,41765,52168,63531,78167,86679,95396,104317,114570,126000,137942,151895,157703,171319,182821,187041,201022,199909
3342,10400,21241,31085,41475,51712,62911,77132,85743,94685,103036,113111,124203,135737,149921,155458,168731,180141,184884,199175,197778
3343,10394,21073,30984,41330,51832,62710,76925,85707,94293,102789,112728,124068,135507,149688,155241,168328,178953,184908,199369,200279
3344,10469,21433,31287,41924,52517,63541,70417,86631,95513,104075,114036,125645,136394,151139,157015,169485,181307,186859,201173,201955
3345,10423,21466,31285,41980,52402,63633,70554,86765,95758,104445,114608,125695,136814,151341,156810,169460,180761,187052,200304,201847
3346,10624,19163,31666,42423,52762,64299,71228,87456,96673,105090,115434,126659,138225,152672,158798,170699,181888,187551,201616,205570
3347,10520,21631,31675,42611,53151,64596,71552,87935,96818,105625,115968,126868,138543,153511,159074,169721,182687,187931,202204,204789
3348,10638,22281,32185,43755,54443,66554,73650,90508,99990,109049,119675,130991,143298,158134,164476,174089,187579,193866,208545,212314
3349,10571,19751,32018,43835,49395,60347,73760,81637,100295,109165,119707,131312,143009,158525,163473,162275,172075,192694,210163,213624
3350,10821,22701,32650,44683,55889,61805,75369,92866,102273,111454,122137,134018,146001,161557,166694,165288,176162,196587,210463,216411
3351,10761,20252,32314,44820,50426,68268,75616,83607,102475,111832,122386,134249,146227,162067,167256,166165,176673,182636,194558,214748
3352,11189,20991,33673,42267,52759,71500,79080,97081,107340,116745,128010,140557,153175,169111,172702,173136,184516,190080,203189,223942
3353,11131,18659,30203,46687,52581,71199,78996,87333,96889,116544,127872,140128,152992,152992,171126,172126,168971,188717,201976,204725
3354,11186,21122,30527,47354,53357,71995,79686,88279,98298,117747,128986,141521,154135,154135,171799,174009,171202,190278,203354,206051
3355,11174,21188,30615,47520,53405,72196,79995,88526,98533,118093,129526,129526,154560,154560,171158,173348,172270,190510,203342,206230
3356,11252,21319,30616,47651,53726,66084,80928,89376,99578,119274,130926,130926,157141,157141,173573,175767,175119,192663,208008,209766
3357,11319,21426,30876,47745,53809,66283,81316,90044,99992,119888,131380,131380,157571,157571,174165,175103,175638,192870,190689,210266
3358,11380,19174,31589,49688,56091,69368,76748,94550,105107,116811,139119,139119,165464,165464,184970,185629,186433,189711,203721,224671
3359,11410,21587,31535,44486,55965,68859,76467,85062,104919,116143,127017,138489,151020,151020,165192,184630,202230,189366,202861,205875
3360,11534,21869,31660,44775,55841,68856,75926,84494,103694,114728,125064,137367,150708,150708,164682,181852,181852,187366,198302,204231
3361,11474,19439,31748,44745,55923,69028,76047,84758,104108,114925,125214,137627,151204,151204,164952,182406,198601,187647,198767,204635
3362,11548,21706,31660,44366,55604,68274,75555,83658,103452,113994,124337,136330,149655,149655,162671,180245,180245,185916,195865,202138
3363,11524,21663,31532,44059,55384,68105,75281,83658,103330,113807,124175,136241,149371,149371,162778,179850,195295,185379,195723,202134
3364,11124,18672,30652,43193,53883,66615,73547,81547,100503,110926,120844,132896,145674,145674,158523,174758,174758,180269,192244,196272
3365,11080,21013,30589,43216,54075,66678,73646,90584,100811,111105,121245,132885,146056,158691,175096,175096,175096,180763,192227,196737
3366,10743,20266,29431,41430,51878,64237,70911,87098,97046,106794,116545,128006,140237,152710,168766,168766,168766,174443,186868,190740
3367,10816,20443,29773,46186,52146,64439,78971,87335,97472,107360,116785,128443,140629,153253,169476,169476,169476,190774,187673,208226
3368,10607,20183,29816,45837,51681,63433,78335,86834,96622,106273,115638,126526,138824,151783,167888,167888,167888,188727,187049,208767
3369,10646,20200,33868,41485,51888,70693,78654,87224,96891,106756,126946,126946,139223,152197,168308,168308,168308,189359,203735,209200
3370,10847,20414,29910,46717,52681,64500,79601,88281,98217,108004,128434,128434,140660,153368,169708,169708,170305,189885,206151,209995
3371,10866,20422,30277,46895,52752,64876,79610,88500,98321,108090,128710,128710,141274,153676,170145,170145,170933,190323,205503,210615
3372,11208,21662,32775,50861,57844,72057,89626,100024,111954,123762,135786,149776,165766,182080,203481,203481,203893,227644,246189,250567
3373,11225,21479,32174,45478,50800,64627,79612,89566,99698,111600,123757,135613,149865,165251,165251,181851,182228,207518,204020,208467
3374,11196,21246,31404,44551,56175,62998,77810,87087,97223,108576,119685,130955,144562,144562,159816,175805,176371,199564,196907,200946
3375,11141,21280,31473,44555,56282,70272,77989,87373,97408,108841,119911,131064,144778,160256,160256,175835,196383,198633,197105,201365
3376,11212,21527,31597,44847,56606,70230,77951,87608,97467,108385,119457,130699,144717,159144,159144,175092,194810,196692,196122,200446
3377,11224,21536,31567,45133,56856,63604,78168,88070,97776,108694,119826,130967,145003,159822,175756,175756,195390,196518,196184,201748
3378,10983,21309,31133,44439,56113,62536,77034,86153,95861,106492,117240,128433,141408,156338,171165,171165,190320,191140,191197,196191
3379,10989,21215,31038,44391,55927,62508,76881,86036,95737,106343,128282,128282,141252,156221,171126,171126,189905,190996,191952,213166
3380,10996,21148,30856,43611,54978,61325,75749,84660,93842,104534,126202,126202,138814,153379,168331,168331,186121,186789,188606,209288
3381,11001,18555,30915,43762,55197,68066,75981,84822,94091,115366,126617,139349,139349,154026,168961,186710,186710,187198,189916,209748
3382,10860,20869,30609,43299,54732,67335,75243,83529,92708,113664,124666,137680,137680,151664,165776,184071,184071,184549,187108,206777
3383,10916,20906,30805,43281,54651,67317,75036,83390,103070,113726,124369,137187,151319,151319,165572,183724,200047,184466,187761,206414
3384,10921,20918,30982,43435,54679,67728,75410,83870,103672,114457,126090,138093,152392,152392,167106,184094,184094,185115,187525,207617
3385,10910,20977,31164,43490,54610,67742,75372,83954,93322,114365,126255,138308,152646,152646,167573,184566,200537,185405,189024,207674
3386,10905,20768,30639,42572,53696,66695,74045,82506,91397,112293,123441,136044,149731,149731,163560,180960,180960,181753,185289,204667
3387,10935,20831,31132,47775,53856,66978,74432,82957,91758,112731,124223,136491,150077,150077,164135,181947,197387,182951,187074,205659
3388,10943,20739,31341,48059,54325,67547,74637,83034,92414,114355,125249,137657,151360,151360,165128,182573,182573,184031,188544,206477
3389,10993,20898,31310,48052,54463,60967,74765,83052,92411,114382,125337,137653,137653,151082,165254,182131,198652,184131,187685,207589
3390,10867,20788,31129,48018,54048,60420,74435,83003,92152,113697,124779,137149,137149,150586,164738,182239,182239,183923,188149,206391
3391,10860,20744,31178,47993,54311,60457,74652,83410,92398,114050,125031,137309,137309,151221,165252,182791,198865,184946,188490,206853
3392,11274,21528,32587,50146,56974,63581,77866,86889,96726,119570,131207,143852,143852,157570,171710,189929,189929,192297,196453,213949
3393,11315,21559,31964,44921,56790,63610,77738,86806,96544,108252,119403,130857,143455,157383,171547,189606,189606,191679,196182,213541
3394,11594,22151,32608,46329,58415,65213,80101,89451,99392,111190,123037,134344,148136,163493,178505,198307,198307,199833,204997,222579
3395,11686,19588,32509,46333,51525,65207,72482,89589,99469,111342,123261,134576,148495,163413,179165,179165,198438,199533,205442,205442
3396,11745,20101,33426,47881,53440,67796,75787,94111,104824,117292,129832,142237,156783,173290,189967,189967,211669,212454,216678,218306
3397,11892,22943,33505,42437,53544,68190,76030,94465,94465,105159,130552,130552,157324,157324,173830,190615,190615,212333,217528,217528
3398,11848,22916,33419,42402,53276,67416,75140,92938,92938,103383,127930,127930,154430,154430,170918,170918,186684,206983,212359,212359
3399,11793,22795,33348,42330,53063,67338,74808,92764,92764,115067,127701,127701,153977,153977,170434,170434,186201,205898,210191,211371
3400,12013,22921,33666,42757,53697,67957,75686,93002,93002,115391,128383,128383,154207,154207,169502,169502,185393,204718,207183,209978
3401,12073,22921,33682,42785,53679,68098,75645,93238,93238,115566,128328,128328,154387,154387,169803,169803,185787,205175,208229,210446
3402,12071,23000,33759,42505,53212,66914,74435,91549,91549,113241,125529,125529,150768,150768,166033,166033,181641,200613,203773,205754
3403,12148,22989,33705,42448,53162,66680,74386,91294,101125,113021,125011,125011,150404,150404,165672,181162,181162,200379,202377,205786
3404,12157,23148,33733,42502,53356,67133,74253,91364,101919,114185,125699,137093,150099,150099,164430,179099,179099,198518,200416,203729
3405,12188,23183,33815,42424,53323,67167,74316,91786,102156,114490,125764,137380,150398,150398,164917,179821,198513,198513,200793,203537
3406,12075,23138,33547,42397,52884,66757,74081,91215,101420,113102,125070,136228,149277,149277,163976,179224,198009,198009,200155,203178
3407,12065,23229,33720,42469,53188,66945,74391,91351,101806,113460,125477,136849,149978,149978,164452,179465,198601,198601,200703,203680
3408,11901,22855,33415,42242,53069,66839,74211,91347,101684,113810,125470,137233,149761,149761,164226,178678,198013,198013,199867,203660
3409,11881,22863,33429,42333,53191,66924,74255,91691,101873,113910,125750,137506,150101,150101,164406,179195,198359,198359,200185,204604
3410,11566,22309,32790,41221,51678,65288,72251,89267,98880,110408,121866,133423,145862,145862,160351,175040,193910,193910,195220,201545
3411,11617,19677,32934,41216,51839,65402,72420,89288,99172,110746,122095,133516,146277,160591,160591,175322,194378,194378,195851,203849
3412,11437,19560,32615,41182,51826,65414,72546,89780,99730,111813,123049,134133,147261,161246,161246,176163,194811,194811,196846,205475
3413,11409,19606,32653,41159,51735,65262,72247,89398,99642,111392,123035,134065,147049,147049,161022,176107,194607,194607,196625,205830
3414,11372,19385,32483,41051,51553,65285,72231,89122,99474,110913,122741,134007,146944,146944,161586,176515,195346,195346,197256,207226
3415,11409,19435,32476,41062,51564,65395,72276,89351,99755,110796,122863,134088,147075,147075,161918,176672,195731,195731,197781,206979
3416,11228,18996,31864,40525,50869,64489,71564,88240,98630,110472,122097,133423,146250,146250,160443,175605,194232,194232,196281,206077
3417,11209,19076,32023,40577,58030,64809,71755,88586,98942,110728,122498,133676,146738,146738,161125,176358,194801,194801,196748,219405
3418,11186,18803,31554,39914,50277,63521,70378,87233,97189,108608,119995,131059,144031,144031,158355,173688,192360,192360,194648,217016
3419,11186,18837,31595,45020,56881,63468,78208,87489,97305,108541,119726,131186,144037,144037,158421,173597,192451,192451,194866,216601
3420,11174,19030,31982,45553,57739,64790,80125,89357,100252,111490,123432,135114,147924,147924,163538,179705,200341,200341,202579,223978
3421,11207,19046,31969,40351,50985,64868,72106,89538,100277,100277,123722,135748,148455,148455,163832,180009,200848,200848,202441,206295
3422,11246,18985,32258,40771,51323,65238,72761,89844,100061,100061,124650,136356,150286,150286,165904,181183,201025,201025,202832,206365
3423,11210,19027,32151,40609,51175,65217,72576,89774,100017,100017,124402,136219,150292,150292,165570,180822,200709,200709,202080,205843
3424,11228,19036,32122,40621,51148,65269,72327,89703,99786,99786,123958,135490,135490,149013,164119,179295,198539,198539,199480,203862
3425,11246,18994,32096,40811,51256,65428,72442,89925,100119,100119,123756,135719,135719,149355,164297,179634,199050,199050,199964,205425
3426,11156,19200,32371,40832,51543,65520,72968,90142,100220,100220,124053,136422,136422,149861,164877,180106,198617,198617,199831,204687
3427,11193,19315,32392,41130,51739,65892,73326,81009,100475,100475,124369,136559,136559,150321,165351,180542,199379,199379,199958,205341
3428,11262,21790,32080,40680,51279,65096,72263,80178,99629,99629,111243,134663,134663,148373,163301,177995,196867,196867,197738,203542
3429,11314,21859,32155,40646,51315,64976,72142,80108,99325,99325,122753,134630,134630,147908,163121,177824,196400,196400,197664,203078
3430,11210,18907,31500,39978,50212,63854,70826,78265,97622,97622,109408,132674,132674,145470,159891,174652,174652,192990,194028,200635
3431,11245,21404,31468,45096,57144,63744,78438,87660,97844,109585,109585,121078,132922,145827,160351,175053,193447,193447,194709,203005
3432,11095,21296,31188,44477,56431,63273,77631,86434,96226,107829,118920,118920,130181,143114,157124,171434,189629,189629,191242,204154
3433,11043,18742,31144,44433,56346,62968,77413,86314,96077,107418,118955,118955,129963,143025,156911,171342,189148,189148,190776,216487
3434,11040,21064,30844,44280,56192,62875,77249,86208,95893,107714,107714,130509,130509,142631,156809,171488,189252,189252,191169,213431
3435,11003,21111,30902,44358,56245,62775,77286,86428,96123,108151,108151,119101,130604,142946,157462,171602,189913,189913,191967,213209
3436,10832,20894,30442,43677,55473,61825,75637,84564,94246,105627,105627,127767,127767,140244,153889,168015,185552,185552,187917,208214
3437,10856,20964,30690,43888,55664,61973,76061,84914,94660,106084,106084,128295,128295,140588,154501,168594,186385,186385,189824,208952
3438,10807,20972,30769,44087,56328,62761,77022,86625,96353,108089,108089,130416,130416,142843,156762,171145,189115,189115,192359,211748
3439,10829,20954,30802,43959,56275,62616,76919,86346,96310,108093,108093,119086,130562,142721,156856,171076,188695,188695,192291,211541
3440,10902,21006,31073,44571,56676,63137,77626,86993,97075,108619,108619,131102,131102,143402,157281,171919,190028,190028,193777,212901
3441,10955,21038,31096,44561,56865,63201,77886,87196,97264,109063,109063,120125,131171,143800,157849,172394,190314,190314,193714,212843
3442,10901,21193,31333,45133,57421,64146,79167,88543,98972,110428,110428,133101,133101,146531,161068,176363,195182,195182,199373,218423
3443,10877,21180,31320,39839,57227,63932,78971,88371,98762,110249,110249,121923,133183,146544,161030,175957,175957,194998,198584,218045
3444,11105,21542,31967,40747,58708,65417,80873,90898,101008,113517,113517,125683,136861,151593,167977,184124,184124,203347,206383,224589
3445,11074,18955,31950,40714,51502,65498,73199,81201,101206,101206,113781,126046,137096,151648,168413,184513,184513,204011,206723,207674
3446,11262,21781,32272,41089,52002,66883,74155,82214,102446,102446,115384,127613,140311,154138,169356,185069,185069,203880,206649,207830
3447,11279,21849,32403,41330,52277,67076,74348,92079,102645,115846,115846,128078,140732,154482,169623,185136,185136,204461,207150,208162
3448,11207,19085,32233,40961,51734,66337,73869,81849,101678,114490,114490,126787,139007,152644,167115,182388,182388,201049,203011,204940
3449,11211,21853,32142,41129,51924,66647,73892,82042,101910,101910,114680,127097,139148,152766,167523,182486,182486,201336,203590,205480
3450,11029,21438,31729,40697,51207,65928,73242,80907,100650,100650,113216,124996,137721,151061,165645,180728,180728,199041,201959,204104
3451,11052,18865,31779,40756,51413,66112,73392,81046,90545,100763,113532,125355,138319,151612,166081,180903,180903,199348,201261,204237
3452,11013,21262,31373,39945,50437,64276,71523,78992,98065,98065,110282,122104,134074,146932,160878,175438,175438,193324,195546,199098
3453,11010,21284,31293,45154,57427,64247,71207,87887,97914,110304,110304,122049,133798,146644,160882,175140,175140,193209,195221,199164
3454,10917,21081,31064,44554,49574,63284,70265,86379,96185,108574,108574,119512,131468,144331,157895,171860,171860,189134,191250,195473
3455,10896,21118,31107,44507,56617,63434,77644,86498,86498,108714,108714,119638,131584,144403,158420,172437,172437,189734,191928,212156
3456,10739,20697,30380,38569,55173,61632,68218,84022,93627,105148,105148,116159,127177,139191,152549,166224,166224,183384,185603,205622
3457,10829,20817,30472,43783,55327,61838,68526,84335,94087,105260,116785,116785,127520,139660,153461,166901,166901,183606,187257,206546
3458,10948,20941,30631,43743,55475,61959,68759,84316,84316,106111,116523,116523,127817,139771,152663,166089,166089,182668,185947,204713
3459,10837,20865,30509,43514,55409,61880,68569,84020,93448,105620,115902,115902,127363,139289,152282,165726,165726,182138,185858,204892
3460,10859,20472,29944,42597,53826,59969,66390,81392,90280,101858,112469,112469,122874,134211,146935,159621,159621,176197,180452,200516
3461,10829,20601,29981,42635,54055,60199,73450,81683,90552,101955,112617,123137,134821,134821,147444,160094,176688,176688,196371,203661
3462,10737,20277,29611,42081,53054,59335,72365,80436,89285,100560,110393,121177,132589,132589,145386,157824,173726,173726,192482,203421
3463,10795,20395,29552,42011,52963,59290,72015,80251,89003,100307,110403,121069,121069,144883,144883,157295,173358,173358,192844,215977
3464,10566,19815,28714,40677,51243,57042,69801,77680,86299,96645,106713,116498,127358,139437,139437,151890,167539,167539,188025,207840
3465,10576,22328,28797,36199,51235,63426,69841,77817,86549,96827,106803,116777,127790,140116,152356,152356,167940,167940,188737,208078
3466,10310,21784,28101,35250,49881,55740,68202,76032,84575,94161,104497,114078,125193,137151,149593,149593,165429,165429,187480,207424
3467,10356,21879,28192,39874,50303,55976,68521,76246,84907,94784,104944,114541,125720,137614,150452,150452,165682,165682,192320,207697
3468,10246,19354,28099,39785,50095,55846,68696,76684,85228,95654,104947,114655,126727,139598,152025,152025,168060,168060,197369,211002
3469,10345,21816,28267,40028,50203,56172,69179,76765,85556,95878,105292,115046,127125,140058,152542,152542,168525,168525,197922,209664
3470,10214,21977,28356,39930,49973,55837,68747,76517,84864,95190,105596,114996,126710,139355,151786,151786,167664,167664,195514,209165
3471,10171,19430,28394,40033,50125,56059,69144,76873,85251,95253,105810,115419,127182,139799,152403,152403,168067,168067,195950,209465
3472,10134,21812,28095,40063,50005,56051,68821,76678,84996,94831,104823,114903,126198,138416,151066,151066,166667,166667,194734,205933
3473,10169,19408,28136,39930,49918,55950,68701,76382,84823,94707,104764,114813,126232,138477,150912,150912,166517,166517,194511,207267
3474,10147,21803,28037,39598,49600,55504,68039,75670,83758,93543,103492,112930,124051,136419,148690,148690,163922,163922,190246,205731
3475,10115,21743,27950,39686,49649,55512,68184,75715,84024,93615,103821,113184,124329,136344,149030,164415,164415,164415,201782,207052
3476,10230,19152,27895,39157,49012,54637,66782,74312,82586,91913,101629,110773,121292,133101,145080,160404,160404,160404,197654,202275
3477,10250,21752,27948,39427,49293,60853,67173,74674,92260,92260,111432,121919,121919,133683,145612,160671,160671,174740,198431,213294
3478,10272,21806,31497,39641,49385,61059,67307,74925,92744,101821,111461,122231,122231,133959,146211,161398,161398,175221,197323,216455
3479,10214,19364,28140,39630,49475,60993,67208,74609,92425,101728,111384,121784,121784,133996,146129,161124,161124,175030,197975,211530
3480,10161,21380,30769,38527,48200,59811,65648,72814,89800,99415,108766,118817,130565,130565,142161,157061,157061,170780,196064,207377
3481,10235,21405,30794,38665,48243,59805,72966,81115,90189,99616,109141,119256,130860,142838,157749,157749,157749,171141,197242,208002
3482,10359,19433,31204,39162,48610,60085,73779,81722,91032,100326,109597,119795,131655,143361,158011,158011,158011,171775,197769,208041
3483,10376,21764,31241,39053,48742,59875,73563,81445,90929,100213,109448,119591,131506,143160,157735,157735,157735,171663,198493,207809
3484,10565,22350,32035,40186,49876,61450,75111,83195,92903,102436,111899,122444,134508,146221,161479,161479,161479,175431,201263,211533
3485,10583,19889,32013,40186,49948,61525,67798,83523,93170,102714,112315,122853,134738,146604,161608,161608,161608,175702,199977,211974
3486,10524,19533,31270,39164,48861,59908,66282,81380,90675,100107,109221,119933,131677,143471,143471,158686,158686,172217,195279,206934
3487,10599,21929,31402,39296,49022,60308,66439,81720,90993,100460,109375,120393,132248,143994,159041,159041,159041,172878,195934,209633
3488,9951,18500,29986,37595,47084,58052,63955,79051,88210,97254,106302,116501,127704,139398,153942,153942,153942,167272,192848,201009
3489,9958,20861,29933,37476,46928,57998,71173,78844,87953,97248,106146,116519,127983,139256,153875,153875,153875,167141,192729,202802
3490,9518,19710,28296,35744,44783,55298,67969,75517,84228,93014,101858,111662,122946,133808,148272,148272,148272,161276,189661,201539
3491,9580,22635,32708,39750,49933,61154,68130,75605,84573,102161,102161,123209,134164,134164,148559,148559,148559,176312,200034,202867
3492,9423,19699,31777,39520,49960,61488,68803,76376,85389,103114,103114,125132,136563,136563,151626,151626,164911,180274,204075,208842
3493,9416,22494,31705,39444,49767,61478,68652,76222,85165,102533,102533,124851,136470,136470,151120,151120,164633,179927,201935,209838
3494,9431,22764,31993,39802,50140,62133,69293,76684,94666,103480,113989,125169,136889,136889,151699,151699,165096,179805,198834,208308
3495,9494,19757,32013,39935,50216,61968,69186,76903,94613,103855,114098,125731,125731,137326,152092,165276,165276,180293,199544,208632
3496,9934,24191,30167,42227,53004,65412,72972,80936,99985,109378,120146,132228,132228,144758,159805,159805,173999,189857,207650,212102
3497,9936,18815,30313,42440,47843,59185,73403,81376,90817,100278,109997,120651,132983,145327,160689,160689,160689,174743,192458,212238
3498,10226,19140,30903,38699,48722,59933,73934,82036,91446,101286,110898,121688,133930,146458,161988,161988,161988,176174,193102,211891
3499,10196,21328,30953,38683,48573,59993,73771,81684,91015,100834,110656,121143,133585,145828,145828,161397,161397,175235,192819,209877
3500,10181,21463,31179,38753,48749,60197,74326,82363,91696,101402,110912,122015,134090,146509,146509,161962,161962,175660,195289,209434
3501,10249,19192,31233,38867,48886,60476,66975,82846,91956,101647,111358,122370,134441,146864,146864,162442,162442,175977,196165,209857
3502,9930,21013,30261,37671,47138,58571,64762,80050,89145,98417,107953,118459,130533,142275,142275,157588,157588,171453,193743,205200
3503,9913,20917,30593,37684,47096,58368,71790,79951,89084,98139,107734,118418,130166,142259,157342,157342,157342,171975,195187,205407
3504,10175,21118,30744,37615,47050,58139,71427,79671,88707,98055,107243,117883,129722,141355,156237,156237,156237,173837,194974,204112
3505,10167,21117,31170,37630,47203,58252,71789,79693,88981,98382,107356,118239,129964,141749,156646,156646,156646,179453,194797,206805
3506,10381,21648,31877,38298,48034,59029,72474,80495,89638,98871,108358,118958,130781,142831,157941,157941,157941,190823,197699,208636
3507,10460,19308,31557,38540,48207,59190,72753,80990,90203,99352,108806,119148,131280,143264,158315,158315,158315,183077,198485,208664
3508,10677,22433,32671,40624,50414,62164,76184,84510,94210,104242,113809,124833,137155,149261,165353,165353,165353,198979,201601,215832
3509,10678,19926,32340,40608,50453,62342,68588,76484,84651,104664,113875,125053,125053,149867,149867,165580,165580,183536,200357,214354
3510,10824,20003,32246,40334,50452,62096,68402,76066,84594,103967,113740,124737,124737,149485,149485,164761,164761,185037,200266,214382
3511,10777,20076,32228,40375,50483,62143,68568,76363,84462,104119,113879,125032,125032,149858,149858,165129,165129,186277,199556,214218
3512,9950,18767,27053,38180,47641,58936,64966,72312,89887,99331,108670,119327,119327,142778,142778,157724,157724,182978,192667,203629
3513,10000,20916,30775,38102,47695,58883,72253,80333,89635,99109,108415,119006,130673,142347,157322,157322,157322,191748,195639,203619
3514,9637,20443,29978,37141,46401,57452,70889,78999,88142,97636,106637,117505,129220,141279,156722,156722,156722,182457,196699,205579
3515,9693,20484,30369,41103,46389,57567,71167,78974,88373,97903,107050,117902,129522,141698,156848,156848,156848,192990,198001,206883
3516,9358,19998,30591,41309,46863,58300,72775,80628,90170,100700,109753,120583,134585,147431,163050,163050,163050,186498,201540,212471
3517,9378,20134,30590,41569,47074,58796,73092,81068,90584,101034,110076,121114,135143,147961,147961,163779,163779,187056,200440,212227
3518,9044,19173,28922,39447,49796,55647,69240,77085,86113,95539,104489,116125,128014,139950,139950,154829,154829,182080,193744,204460
3519,9018,22210,32315,39454,49940,61909,69231,77047,85913,104917,115956,115956,127801,139886,154934,154934,168692,193158,196082,205113
3520,8928,22092,31884,39518,50149,61836,69126,77269,86670,105103,114969,114969,126213,137567,151898,151898,165104,187278,194677,201546
3521,8897,22197,32029,39567,50447,61858,69311,77557,86946,105453,115446,115446,126515,137876,152575,152575,165637,188131,196212,203893
3522,8784,21917,31365,39027,49762,61038,68139,76202,85255,103502,113497,113497,124339,135535,149716,149716,162631,186604,194039,204568
3523,8782,21831,31309,38978,49566,60858,67891,75842,94455,103018,113220,123889,123889,134965,149499,149499,162139,186408,201469,205144
3524,8587,21193,30332,37515,47509,58282,65069,81635,90227,98837,108090,118422,118422,142620,142620,142620,154976,182124,196480,203593
3525,8543,21153,30390,42754,47641,58446,72839,81724,90499,99095,108609,118629,129252,142968,142968,142968,169446,192465,208480,213668
3526,8247,20451,29283,41372,45977,56376,70344,78802,87172,95683,104851,115025,125425,138532,138532,138532,164581,188391,203029,211365
3527,8311,20501,32694,41546,51246,63292,70760,79292,87646,96164,115428,115428,126080,139189,139189,139189,165109,188949,202280,219995
3528,8049,19856,28679,40064,49758,61346,68562,76725,84696,92811,111349,111349,121711,134406,134406,134406,159334,183005,195254,210650
3529,8051,19954,32018,39946,49619,61220,68415,84562,92527,101349,111296,121511,134122,134122,134122,146012,159391,184706,195520,209924
3530,7953,19614,31377,39618,48957,60431,75783,83849,91856,100692,110651,120596,133464,133464,133464,145478,158412,186924,195424,208944
3531,8027,22075,31563,39686,49148,60651,76182,84036,92205,101175,110880,120881,133660,133660,133660,145665,159032,187191,195719,209418
3532,7987,22138,31824,40093,49490,61498,77286,85497,93714,102534,112299,122282,135318,135318,135318,147046,160663,187893,196372,208396
3533,7995,22040,31841,39980,49346,61373,68827,85542,93486,102337,112151,121945,135102,135102,135102,146810,160204,187368,196065,208179
3534,7950,21810,31156,39218,48360,59764,66717,82785,90741,99542,109695,119283,132034,132034,132034,144061,170511,184316,195334,206654
3535,7918,21839,31270,43854,48547,59999,75162,83037,91230,100061,109896,119778,132396,132396,144426,144426,170934,184321,196143,207221
3536,7834,19178,30768,43217,48034,59365,74231,82196,89740,98605,108542,118301,130564,130564,142125,142125,168049,183814,194663,203812
3537,7833,21692,30854,43490,48263,59750,74703,82557,90458,99296,109011,131364,131364,131364,142849,155843,169042,183524,206614,205689
3538,7757,21692,30984,43662,48525,60224,75317,83249,91342,100523,110543,133846,133846,133846,145936,159495,173139,185250,195483,210023
3539,7769,19263,30964,43583,53974,60223,75221,83136,91506,100570,110679,120889,133828,133828,145815,159181,173067,185603,196018,209521
3540,7885,22073,31706,44409,54724,61537,76814,85166,93000,102584,114046,125364,138511,138511,150379,164370,178462,188415,202263,216326
3541,7918,22202,31771,39875,49758,61737,77009,85508,93552,102965,114464,125906,125906,139022,139022,150661,178729,187951,199608,215818
3542,8001,19959,32561,40267,50438,62206,77730,86171,94835,104292,114993,125308,125308,138311,138311,150470,178065,186752,199022,212835
3543,7967,19932,32525,40235,50159,62117,69151,86001,94633,104337,114914,125050,125050,137990,137990,150036,177949,186925,198342,195525
3544,8208,20380,33448,41456,51646,63732,71049,88953,97739,107525,118131,128738,128738,141606,141606,154143,181971,190089,201579,201779
3545,8190,20457,32985,41468,51759,63976,71345,80217,89069,107862,118381,118381,129134,142271,142271,154534,168617,188950,201278,203220
3546,8102,20224,32663,40983,50909,62860,70155,78540,87039,105398,115897,115897,126452,139239,139239,151371,164894,187273,198158,202658
3547,8172,20333,32720,41243,51232,63183,70493,79030,87433,106000,116467,116467,126949,139994,139994,151982,165470,187803,198414,205590
3548,8254,20595,32619,41390,50862,62752,70368,78922,87352,104600,114268,114268,124274,137012,137012,148958,163224,185631,194447,205330
3549,8260,20515,32514,41367,50971,62827,70534,79266,87551,104924,114653,114653,124492,137300,137300,149209,167822,186146,195519,216393
3550,8276,20519,29189,41685,51410,63182,70893,79889,88212,105635,115685,115685,138523,138523,138523,150647,179726,188176,197577,215036
3551,8285,20547,29244,41768,51616,63359,71006,80060,88320,106035,115994,126203,126203,139067,139067,151106,179677,188408,197582,212998
3552,8653,21135,30062,42581,52289,64513,72185,81208,89692,107044,116893,126955,140000,140000,140000,151992,179661,187662,197789,213550
3553,9589,21046,30303,42544,52234,64400,72177,81102,89466,107026,116609,126882,139707,151668,139707,151668,178739,187234,197800,213044
3554,10246,21153,30903,43277,53023,66104,74301,82902,91130,108270,118258,128441,128441,141691,141691,154296,181105,188996,200572,216211
3555,10247,21110,31214,43302,53110,58891,74564,83041,91379,108727,118555,128915,142082,154385,142082,155177,168561,188749,200496,199426
3556,10716,21242,30915,43096,52920,58686,74342,82817,91252,108289,118347,118347,128978,142352,142352,155682,168345,188440,199320,199832
3557,10495,21365,31160,43369,53218,59156,74677,83347,91476,99675,118773,129361,129361,142830,142830,157960,175208,188106,200121,202260
3558,10451,21628,31800,44070,54438,60349,76705,85867,94198,102673,111832,122381,132880,146956,146956,162585,174081,190229,205798,207760
3559,10429,21581,31695,39106,54202,59881,67687,76250,93937,102225,111336,121991,132513,146168,146168,164179,174445,189226,187060,207397
3560,10271,21053,31102,38486,53721,59442,66831,74937,92083,100428,109532,119953,130679,144190,144190,165115,174756,184639,184639,204527
3561,10300,21122,31266,43654,53873,59402,75171,83843,92373,100823,109854,120312,131013,144807,144807,165934,177214,185229,192783,208265
3562,10669,21368,31400,38855,54604,60535,76576,85644,94614,103347,113011,123813,135282,149200,149200,167314,179362,191831,197400,211877
3563,10281,18518,31373,38821,49285,60291,68089,76458,94414,103132,112747,123757,134861,149093,149093,167035,178206,179315,198590,210982
3564,10650,21610,32039,39667,51510,62807,70011,79083,96924,107048,119500,131271,142358,156718,156718,174296,189312,190669,206346,225495
3565,10295,21727,31549,39692,51262,62890,70053,79275,97054,107042,107042,131482,142592,142592,156858,161019,173566,180661,191519,205417
3566,10757,22015,32044,39734,51780,62432,70126,78656,98178,107693,107693,129397,141050,141050,155754,162283,171791,178191,191315,200344
3567,10430,18988,31768,39908,51986,62755,70354,79198,98482,108212,108212,130106,141755,141755,156384,163331,174723,189743,192519,201061
3568,10303,22144,32168,40243,52782,63500,71097,79580,99386,108998,108998,130614,142226,142226,156994,164322,175118,189453,192967,202510
3569,10400,19210,32331,40520,52990,63764,71477,80031,99673,99673,109415,131070,142845,142845,157702,164255,176033,179546,193090,204273
3570,10898,22420,28596,40721,53685,64343,72074,80982,91427,100978,111026,132994,144385,144385,159557,167130,178221,192547,195743,209498
3571,10372,19309,28920,41052,53773,64587,72186,81218,91622,101289,111266,121861,133412,144929,159821,167206,177356,180704,196061,208266
3572,10349,22266,33191,40504,52880,63739,71277,80205,90061,99882,109318,119720,130990,142668,157338,166331,176865,180691,195073,207828
3573,10270,19155,28840,40449,52771,63662,71229,79887,89905,99404,109301,119783,130770,142627,157081,166591,176504,191843,195457,208703
3574,10053,22108,33015,40088,52989,62921,70495,79010,88847,98297,107750,117945,129234,140559,155113,164351,174390,178167,192679,206347
3575,10484,22089,32411,40130,52987,63267,70508,79135,89040,98441,118366,118366,129601,140934,155359,164530,176545,190745,193216,206632
3576,10458,18923,32094,40180,52836,63432,70921,79479,89496,98937,118989,118989,130070,141441,155912,163866,176474,187857,195038,207844
3577,10481,22302,32269,40363,53038,63794,71204,79817,90005,99540,119524,119524,130573,142240,156672,164518,177116,188312,193756,208462
3578,10254,18760,31328,39455,51523,61916,69143,77347,87273,96093,115458,115458,126663,138266,152284,161572,173502,174670,192145,205278
3579,10755,21766,27722,39461,51449,61760,69128,87068,95963,105134,115414,126449,137849,152054,152054,169957,173781,186077,190771,206753
3580,10225,21823,32095,39503,51403,62036,69161,87096,96167,105296,115544,126676,137589,151687,151687,168401,182361,185235,189057,205626
3581,10276,18785,31838,39577,51839,62136,69441,87320,96630,105716,115792,127095,137972,152146,152146,160657,172504,185525,189199,205664
3582,10624,21959,32207,40277,53098,63589,71003,89376,98499,108240,118485,129955,141238,156071,156071,173204,177882,188806,194050,210540
3583,10593,21899,31971,40247,53007,63432,70871,79487,98398,108066,118356,129614,141177,141177,155763,162231,177523,188541,194116,207986
3584,10534,18803,31520,39930,52022,62559,69942,78191,97087,106166,116685,127788,139319,139319,153844,161772,175064,186369,193355,208132
3585,10147,21839,31456,39900,52299,62653,69999,88004,97133,106549,116942,128011,139514,139514,154118,171923,175683,186965,192988,208498
3586,10322,21483,27392,39090,51452,62086,69400,87324,96793,106271,116618,128222,139973,139973,154843,161075,175874,189810,194684,208483
3587,10374,21607,31974,39328,51839,62375,78027,87817,97147,106663,116939,128760,140533,140533,155565,162907,176468,188087,195163,208815
3588,16672,27749,31049,38732,47618,57018,63183,73458,78341,87186,95317,107203,109478,117752,128169,128170,141482,143688,153375,157628
3589,12082,27402,40203,53498,58642,72203,78943,95702,104579,116153,127106,139166,141531,151864,167976,169721,172488,186205,190368,204021
3590,10865,25536,33629,50152,57816,70226,76385,94988,104047,114347,127011,138096,151361,151608,167542,168936,182892,185594,201494,215181
3591,10829,24142,36405,49044,56468,69735,76826,93246,103616,112639,125138,137389,149978,150554,166424,168775,183081,186970,198966,215089
3592,10352,22884,31987,48599,55746,67287,76415,92210,102372,112243,124854,136685,149033,150216,165450,168331,182070,186564,198244,214198
3593,10853,22705,32390,49186,55630,67478,77023,94145,94580,114582,125464,137713,149268,151245,166097,168416,181953,186120,199889,214544
3594,9854,22685,32161,41884,55671,67760,76677,83412,94882,114172,125847,137814,149006,151453,165143,168975,168975,186774,198623,214284
3595,10862,20034,32592,42928,57491,69887,78494,86330,97968,118212,129445,141444,153860,155983,169787,174251,174842,192618,205893,219270
3596,10350,20177,32744,43149,57865,69593,78043,86803,98301,107939,129677,129677,153634,156362,169923,174689,176236,191448,204438,203303
3597,10950,20819,33324,43940,52351,70695,79400,88109,99201,109107,130786,130786,143902,158361,173862,177094,178978,194372,209579,209624
3598,10234,20839,33162,43868,51930,62840,71424,87777,98620,108568,130098,130735,143313,157865,172459,176109,178688,193682,207573,207709
3599,10773,21235,32976,44792,54016,64432,73101,90241,101703,112063,121919,133949,145717,160141,174068,177642,179856,194126,209676,210206
3600,10500,21290,32619,40444,53829,64602,81349,90379,101918,112049,122172,134039,145871,159353,174150,176081,180284,195050,194043,210239
3601,10523,21725,33199,41630,55332,66105,75010,92522,104624,114623,125365,136832,149480,163496,162562,181075,185594,199195,199195,218153
3602,10583,21727,32586,46501,55272,65954,75031,92392,92801,114207,125140,136771,149378,149901,162280,180699,184781,183246,198572,217474
3603,10757,22094,32950,47244,54315,66044,75138,82930,93650,114187,124312,135790,148488,149147,161619,179457,183240,183636,199155,215487
3604,10549,22143,29112,47449,53834,66160,75318,93066,93744,114483,124667,136122,148584,149161,161824,179893,183538,184388,199465,215593
3605,10356,22375,29714,48363,54476,67635,78114,85755,96670,115874,125260,136847,150250,150964,163749,181334,184974,186002,199966,217543
3606,10622,22505,29948,43641,54720,67794,78223,86137,95759,106148,125938,137460,150690,151119,164388,181051,200277,186825,200573,216744
3607,10490,20046,30383,43785,54608,68008,76946,85747,95695,105931,125228,136532,136532,149074,162340,179305,182730,184669,199275,197981
3608,10453,20053,30769,43812,54710,68055,76327,85882,95697,106198,125499,136832,136832,149521,162736,179569,182513,185166,199652,198843
3609,10761,20340,31533,43952,54978,69372,77468,86966,96216,106042,125652,137516,137516,150714,164214,181039,184651,186801,201336,201336
3610,10583,20318,31288,44021,55133,61876,77561,86904,96463,106220,126006,137792,137792,150993,164528,181345,198638,187206,201182,201587
3611,10691,20638,31961,44560,56466,63905,78354,88678,98265,109191,134656,147026,147026,160598,173969,194086,195824,199562,217767,218422
3612,10627,20612,31644,44555,56447,63761,78109,88518,98286,108923,121213,134538,146801,160363,173664,173664,194956,198867,196698,217339
3613,10537,20867,31716,45327,56814,62848,77891,89384,99614,110976,121054,130531,141557,154510,168113,168113,185543,189724,189724,204812
3614,10530,20814,31563,45291,56856,62786,78075,89635,99874,110969,121113,130821,141725,154977,168495,168495,185901,190243,190243,204986
3615,10213,20434,31006,44792,55881,68704,77268,88648,99033,109866,119789,128818,139656,152305,165825,165825,181782,187111,186264,201129
3616,10334,20551,31146,45023,56218,69003,77675,88869,99359,110411,120250,129222,140167,152772,166362,166362,182447,186870,188041,202100
3617,10000,19675,29633,42686,53331,65507,73275,84162,93522,104141,113773,122569,133167,145064,157684,157684,173542,179146,179572,192809
3618,10095,21912,33737,47332,53382,65376,73334,84094,93717,104157,113746,122610,133242,144919,157331,173332,173332,179511,194102,208378
3619,9919,21709,32279,46943,52799,64790,73133,83943,93644,104142,113382,122112,132119,144080,156135,171938,171938,177438,191838,206392
3620,10113,21719,32250,46993,52893,64987,73260,84065,93901,104432,113576,122405,132473,144521,156405,172051,172051,177814,192046,206631
3621,10007,20655,30654,44827,50471,61771,69316,79668,88653,98532,107755,116403,126093,137578,149464,164466,164980,173213,185833,198233
3622,10471,20640,30632,40135,50330,61601,69051,88600,98546,107617,115949,126044,137240,149190,149190,164287,165298,185584,191666,197803
3623,9973,20279,30156,39682,49747,60958,68631,88432,98324,107208,115614,124897,136005,147923,162444,162444,163569,185972,199787,196725
3624,10579,20404,30371,39707,49823,61201,68759,88738,98557,107415,115840,125169,136395,148482,162741,162741,163927,186730,198719,213610
3625,9868,19253,28905,37247,46619,57427,64468,82444,91938,100508,108471,117943,128370,139972,154291,154291,156439,181949,194110,204350
3626,10720,22601,33484,41845,52048,64787,74270,82800,92252,100973,118414,129045,140398,140398,154727,154727,169563,189607,195286,206593
3627,9949,18796,28376,40998,50698,63331,72902,81474,90796,99219,115543,125851,136731,136731,150347,150347,164440,187007,194612,204796
3628,10539,22054,32995,40791,50755,63290,72801,81291,90678,106646,115335,125659,136557,149985,162340,149985,165613,186962,200798,217044
3629,10400,21468,31444,39773,49468,61609,71052,79396,88586,104644,113723,123779,135111,148788,148788,148788,165262,187641,198795,214250
3630,10351,21477,31325,39969,49649,61650,71176,88794,88794,104919,124414,124414,135352,149243,149243,149243,165568,187485,198892,214545
3631,10290,21125,30715,38570,48162,59649,68656,76471,85316,100794,109290,119269,129622,143123,143123,143996,159970,185934,195575,206082
3632,10318,21097,30841,38499,47968,68428,76420,85132,93172,109245,119255,119255,142783,154442,142783,155621,173627,191685,206052,205662
3633,10110,20677,30344,42274,46766,57890,74034,82683,90584,106591,116298,116298,139963,139963,139963,153117,171841,189072,203192,203810
3634,10754,20703,35026,42356,51903,66257,74355,82811,90665,106890,116801,127115,140341,152559,140341,153906,173739,189042,203706,205227
3635,10397,20939,30012,42667,53710,66157,75073,84154,92538,110078,121880,133874,149876,149876,149876,165792,182630,196961,213255,213255
3636,10370,21023,30355,42868,48205,66784,75596,84589,93001,110515,122384,122384,150211,150211,150211,165509,171762,183968,196739,214059
3637,10464,21110,30742,43572,48267,66158,74971,84602,93450,110410,119774,119774,129944,142954,142954,146045,168679,178672,188066,204612
3638,10525,21010,31038,38228,48379,66418,75411,85043,93714,110392,119937,119937,129984,154944,142590,158213,179955,190965,205413,206003
3639,10415,20630,30696,42643,47267,64271,73370,82397,91047,108225,117815,117815,127470,140174,140174,156185,177343,187257,201718,203772
3640,10513,20768,30664,42675,52411,64435,73352,82739,91210,108588,118145,128140,140553,152620,140553,157151,177704,187593,185543,206279
3641,10203,19575,29224,39709,48575,60025,67984,76668,84777,100721,109906,119541,131481,131481,131481,150129,172085,182659,191717,202069
3642,10209,21797,32439,39701,54626,67777,76402,84506,92104,109652,109652,119270,131096,131096,143061,162068,181402,186287,191592,212237
3643,10510,21006,31400,37926,51794,64679,72889,80994,88527,105142,105142,114268,126143,126143,138331,161582,175693,181812,191369,206988
3644,9998,21035,31442,42206,51953,64901,73183,80900,97932,105455,114736,126385,126385,137686,138645,164373,177230,191444,194495,208106
3645,10278,20617,30853,41655,51419,64337,72318,79885,96253,104565,113837,125711,125711,136502,139487,164181,176052,189798,203506,207928
3646,10290,20837,34508,41811,51870,64713,72769,87478,95901,104998,114394,126073,126073,137179,152178,173174,176900,189393,203408,208790
3647,10291,20558,33438,41758,51967,65018,73574,89019,97278,106337,116046,128001,128001,139335,154604,172797,189610,190914,205397,209457
3648,11102,20669,33137,41826,52064,65168,73786,89285,97603,106536,116035,128215,128215,139736,154800,171708,175807,189008,190640,210357
3649,10354,20252,31696,40008,49954,61719,69342,84112,92313,100856,110254,121753,121753,132601,149353,165569,171000,183882,187705,204972
3650,10319,20259,31849,40156,50694,61837,69712,84452,92627,101478,122131,122131,122131,133126,149452,165344,182376,184146,201321,207328
3651,10220,19985,31465,39723,50409,61105,68712,83027,91016,99765,120190,120190,120190,131599,147801,161796,178529,185027,198474,216671
3652,10218,22373,31312,39676,56205,60934,68460,82956,90871,108517,119560,119560,130698,131407,147592,162710,178072,186153,198153,215388
3653,10408,22615,31846,40333,56218,62288,77604,84842,92874,111552,122928,122928,133890,134967,151623,166544,181605,188070,200709,220686
3654,10414,20053,31901,40420,49702,62503,70206,85239,93076,111766,123185,123185,134309,135304,152110,168836,180804,188578,200493,199089
3655,10505,19985,31589,40143,49967,62129,69492,84337,92681,110856,122636,122636,133696,136519,152457,166088,181557,188631,200409,201330
3656,10618,22649,31776,40495,50855,62345,69937,84750,93239,111507,123306,123306,134354,136632,152739,166475,182950,188581,200806,203576
3657,10789,20712,32673,41629,53234,64414,72410,87712,96490,115590,115590,127736,139491,143956,158906,171773,185735,192011,205939,209474
3658,10082,20514,29177,41368,52397,64089,72013,87258,95981,105274,115096,127398,127398,143492,158031,158361,170231,189860,189474,208569
3659,10957,20966,29929,42476,54474,65925,74311,90282,98814,108804,119308,133099,133099,148685,163858,168271,178532,195477,195909,212522
3660,10271,21024,29933,42586,53476,66148,74438,90628,99257,109336,119883,133920,133920,137327,164193,167480,179162,180789,196837,212824
3661,10508,21404,30568,43374,53602,59693,75135,83882,101327,111407,121673,121673,134428,138931,164838,167623,179466,182778,198592,215872
3662,10477,21360,30439,43255,53284,59579,75173,83572,101052,111216,121560,134278,134278,138630,150921,167000,178659,185463,197915,215719
3663,10252,22183,31651,44940,55096,68934,77436,86105,104242,104242,124691,124691,137572,142501,155006,171143,183621,188307,202305,218823
3664,10941,22237,31647,40100,49783,61731,69077,86267,94792,104433,114659,124745,137717,142611,155256,170442,182508,188828,202315,201799
3665,10520,22780,32428,41255,51508,63518,71315,89265,97908,107902,118284,128995,142639,146838,159756,173902,189465,192026,207790,207790
3666,10027,20404,29073,41473,51775,63892,71763,89688,98462,108312,119013,129656,143071,147992,160071,160971,174182,191590,207734,208609
3667,10751,20622,29159,41527,51610,63611,71024,88488,97244,106736,117635,128436,141910,147499,159302,161914,172393,189758,188261,208636
3668,10221,20721,33407,41732,51766,64013,71150,89083,97570,107316,118081,128711,142517,146881,159050,165224,172624,188973,188763,207980
3669,10569,21168,30086,42638,53030,65209,72982,91321,99939,109666,119849,130457,143879,148425,160438,165844,174842,190604,192500,208903
3670,10620,21225,30344,42751,53123,65268,73218,82749,100208,110214,120474,131160,144288,148857,160118,166721,174922,190180,194483,208844
3671,10350,18986,31279,43899,54574,67358,75262,84590,102905,102905,124052,135329,149199,153340,152777,170310,180512,196057,199022,218188
3672,10342,21666,31376,43803,49010,60249,75187,84571,93467,102402,112667,123614,148906,152680,152347,169807,166305,181683,199041,215919
3673,10588,21914,31468,44022,49336,60423,75270,84350,93652,102639,112516,123726,148683,151786,152192,168054,165865,181199,198855,214519
3674,10587,19088,31274,44189,49403,60589,75604,84705,94046,102892,112729,123920,149142,151165,152531,168283,168658,182570,198415,214403
3675,10302,22039,31452,38656,49924,59884,75054,84419,93127,101894,111754,122392,146774,148747,150345,165546,168012,181947,195645,208989
3676,10322,22148,31523,44231,50936,60083,75466,84838,93432,102501,112363,123038,147336,149853,151386,164409,171474,182970,195529,210301
3677,10906,19297,31821,39579,51813,61697,77715,87508,96741,105772,115585,126120,137668,153832,156297,170546,175421,188742,199158,216304
3678,10138,22142,31662,45421,51803,61538,77876,87461,96619,105399,115141,126193,137319,153538,156135,157400,175743,187870,199559,215247
3679,10692,19274,31435,39242,51034,60716,68070,85207,94136,102714,112694,123845,134426,149619,152758,159720,175811,186004,197630,212130
3680,10323,22339,31541,39444,51206,60951,76286,85504,94313,103101,113077,124032,135061,149730,153719,171895,175793,186700,198284,213286
3681,10314,19398,31788,45055,51836,62335,69389,86602,96053,105195,115156,126288,138320,154399,157961,174487,181182,191858,203200,219494
3682,10313,22300,31722,39637,51737,61957,77305,86423,95678,104934,114821,125918,138046,153555,157607,163355,179758,190871,202905,201071
3683,10457,19691,32137,40092,52685,63103,70334,88512,98261,107864,118736,130310,141618,156366,159470,164975,178024,188682,203390,202444
3684,10514,22515,28395,40202,52812,63420,70676,78745,98269,108256,118851,130256,142015,156480,159585,165595,177755,188655,202994,202994
3685,10565,19583,28360,39633,52330,61906,69342,77602,96533,106084,116468,127371,138930,153119,156805,162381,175274,186116,199102,198315
3686,10225,22536,33003,45396,52324,62282,78064,87615,97216,106416,117153,128105,139621,153682,155884,163943,176022,186626,200137,199429
3687,10674,19675,32901,40319,52703,62957,70278,88230,97912,107403,118145,129464,140787,155343,157471,164684,176679,187993,201572,201654
3688,10214,19533,28405,40101,52375,62676,69922,87905,97295,107129,117729,129033,140437,154961,157421,164397,176484,187402,200543,200543
3689,10671,22378,32830,39352,51578,61519,68718,86033,95239,104415,114465,125679,136861,151024,153874,163745,174998,183627,195771,198145
3690,10264,19435,32285,44896,51573,61700,76791,86310,95657,104660,115066,126175,137309,151535,154853,174478,175497,185385,196263,196855
3691,10463,22121,31422,38885,50820,60741,75520,84742,93854,103051,112968,124017,135042,149346,153247,168574,174139,185198,194221,197107
3692,10113,19211,31408,44244,50859,60610,75264,84636,93656,102722,112789,123847,134503,149122,153638,167752,185206,185596,194288,198002
3693,10221,21371,30100,42290,48732,57696,71816,80464,89052,97595,107092,117498,128093,141412,145240,161728,175108,180988,184874,195372
3694,10497,21395,30413,42306,54137,64358,72033,80803,89471,107413,117993,128469,142090,142090,148098,163448,176020,192400,188149,212122
3695,10293,20599,29785,41137,52508,62533,69895,78535,86467,104676,114943,125282,138317,138317,150045,163378,175190,187968,188076,208359
3696,10272,20776,33836,41362,52769,62953,70185,78866,95589,105139,115432,125783,138868,138868,161344,172834,176330,188350,204033,208794
3697,10459,20221,31823,39778,50538,60530,67814,76057,91704,100583,110347,120505,133239,133239,153437,164592,172986,183471,198101,204428
3698,10448,20156,31568,39712,50203,67234,75774,83717,91246,100307,110090,119740,132650,132650,154091,166276,180438,184943,197462,215984
3699,10182,19822,31221,39485,55504,67588,75924,83792,91549,100647,110505,120498,133138,133138,164240,166930,181131,186986,197335,215593
3700,10181,19775,31318,39626,55400,60303,76071,84180,91831,100746,110889,120644,133565,133818,163913,166939,180527,187049,199582,215626
3701,10417,19675,31438,40091,56119,69375,77937,86223,93584,102283,112070,122104,135178,135663,164769,167263,181409,188653,200034,214483
3702,10400,22140,31414,40040,55741,61438,69109,85896,93766,102102,111844,121699,134797,135725,164315,166996,181171,188164,199794,213149
3703,10370,22333,31667,40527,55464,62717,71057,87998,95687,104660,114327,124399,137241,138404,165802,171312,181681,188328,201190,214453
3704,10342,19622,31687,40488,49832,62706,71303,79786,95902,104862,114621,124450,137885,139472,152848,169799,180592,188880,199369,197487
3705,10577,22317,31915,40583,50069,63650,71881,80635,96879,105746,115771,126012,139639,142668,155593,172419,182365,191548,201903,216928
3706,10249,19777,32145,40832,50410,64007,72318,81273,97329,106230,116338,126579,140290,142073,156272,169470,181696,190426,199229,199229
3707,10691,19786,28003,40541,51563,64012,71793,80934,98872,108564,119926,131440,147798,149555,165163,180465,194452,197692,212882,214878
3708,10281,19814,31943,40745,51678,64173,72051,81195,90185,108724,120141,131653,131653,149664,151230,165507,179341,184336,195199,213623
3709,10229,19875,32329,41191,52761,65140,73427,82389,91581,112032,124355,137914,137914,156488,158046,173219,173219,190626,204310,224906
3710,10690,19940,32325,41366,52765,65441,73657,82864,91923,101991,112537,124599,138309,156065,158442,173435,173435,190878,204592,204592
3711,10330,20106,28647,41146,52266,57592,72534,81677,90538,98950,109312,120853,133624,150048,152355,165301,165847,181463,196424,196424
3712,10295,20079,28729,41125,52163,64554,72600,81448,90139,98876,120633,120633,133450,149653,152053,165261,166189,181855,195784,196613
3713,10793,20392,33376,41234,51835,63989,71823,80329,88751,97122,119146,119146,130973,146398,148742,161713,163544,179679,191606,196956
3714,10464,20405,32771,41329,52101,64170,72121,80452,88935,107465,119300,119300,131232,146512,149122,162255,166845,184793,192083,212905
3715,10173,20383,32481,40777,51372,63359,70444,78626,86826,104769,115884,115884,127549,142301,145244,157136,166615,181332,185942,206104
3716,10575,20434,32543,41147,51515,63572,70914,79103,95023,105211,116098,128006,142784,142784,148104,158067,181030,189367,186956,206683
3717,10042,20221,28478,40738,51669,63024,70439,78810,94957,104639,116099,127457,141985,142369,151038,158664,175429,189175,190189,206620
3718,10336,20139,28574,40799,51614,63191,70634,78831,95163,104869,116219,127680,142211,142688,152573,161225,177832,188443,195753,207180
3719,10352,19563,31910,39271,49990,60812,67849,83613,91584,100723,111641,122342,136376,136971,146023,160126,174376,182882,189814,202008
3720,10388,22076,31708,39372,50163,61020,76274,83920,91915,101231,111962,123111,136644,137025,158419,168434,180712,187411,203735,216633
3721,10056,21735,31045,38951,49703,60421,75238,83024,90855,99905,110924,121369,135199,136379,155047,166535,178496,185997,198883,211917
3722,10304,21700,30993,43628,55059,60351,75180,82834,90729,99824,110652,121360,135254,136291,154805,166301,178047,184645,198206,211671
3723,10271,21357,30787,43340,54181,59657,74335,82133,90252,99382,109964,120527,134178,135930,154854,165951,176241,185461,195222,211223
3724,10669,21362,30893,43392,54416,59799,74714,82256,99473,99473,110464,120914,134760,136659,155610,166676,177002,185828,199772,211294
3725,10231,20701,30393,41832,52610,58248,72498,79975,96848,96848,106917,117620,131119,134333,153583,164804,174991,182176,196060,206080
3726,10280,20837,30757,42150,52507,65094,72910,88306,97356,107499,118174,131637,143607,136983,161560,165625,176401,184156,197442,206862
3727,10372,20344,29892,41139,51416,63826,71205,86615,95628,106067,116074,129012,140945,138142,157659,164384,175158,179167,196088,203450
3728,10400,20321,33874,41058,51602,63826,71271,86516,95368,105657,115752,128891,128891,147249,157622,164083,178252,179015,205951,204600
3729,10696,20086,32896,41210,51860,64567,72295,88263,97673,108031,118563,131601,143046,147171,159482,165300,178790,182997,193804,206918
3730,10184,20043,32582,41342,51899,64628,72418,80555,88606,108386,119011,131876,143526,147232,159227,165517,175057,183075,195813,208324
3731,10659,20250,32548,41153,51664,64433,72414,80633,89009,108739,119382,132552,144482,147401,157893,165686,180797,184966,197825,207495
3732,10106,20179,32317,41117,51682,64319,72235,80268,98162,108610,119155,132161,144012,140748,157796,165847,179667,185712,197663,208025
3733,10826,20507,29844,43068,54791,68782,77456,95119,95119,116911,129223,144762,158450,159609,174545,176654,192617,193983,211435,231235
3734,10283,23140,29981,43144,54540,61597,69123,86433,95458,105598,117304,129591,145091,146316,159488,161427,176501,184156,194331,211344
3735,10284,23586,30339,43921,49420,62660,69893,86804,96415,106676,119047,130875,130875,146575,146575,162985,173412,183386,193607,207563
3736,10385,21160,30803,44239,49665,62956,70243,78753,96634,107234,119190,131434,131434,147076,147076,165551,174005,185170,195287,207746
3737,11203,21797,31697,40377,51506,64106,71642,80211,98221,109082,120857,132718,132718,148244,148997,166572,176841,186757,194685,209371
3738,9797,21758,31598,40365,51815,63958,71671,80103,88946,109030,120727,132652,132652,148447,150028,166480,177053,185114,197760,209646
3739,10911,22424,32096,41070,52361,63823,71068,79352,87912,106518,118016,129045,129045,146756,151807,165823,173601,182673,197902,204891
3740,10443,20061,32224,41151,52280,63879,71304,79548,88257,106742,118271,129608,129608,147045,153323,166200,174530,194251,198158,206146
3741,10615,21037,34030,43495,55161,67673,75297,93036,93036,113184,125125,137305,137305,153838,158737,170431,182991,199809,203336,216024
3742,10362,21127,30050,43275,54183,60238,75244,83900,92916,102200,113175,124829,136928,153381,157677,169774,181141,182945,201037,215508
3743,10691,21681,30789,44324,55543,61769,77197,85967,95141,104603,115039,127408,139540,156242,162348,172430,185359,187823,205151,220580
3744,10501,21688,30827,44507,49650,61828,77197,85905,95418,104926,115381,127850,140197,155835,159491,171488,186012,187450,204529,201695
3745,10730,22548,32192,46426,52025,64559,80504,89519,98843,108838,120278,132523,144935,161115,164406,176356,176001,193114,209258,208195
3746,10737,22624,28706,41203,52188,65013,72410,80768,99413,109548,120855,133096,145626,161224,163629,164408,176624,193477,209238,208818
3747,10784,19985,29495,42246,53484,66839,74543,83140,102218,112355,123673,136693,149966,165877,168174,168740,182085,200105,215174,215174
3748,10438,23210,29892,42356,53549,66914,74842,92698,102359,112844,124002,137170,150167,166054,167968,169147,182111,182540,197054,214068
3749,10573,20349,30734,42341,53912,66718,74515,92435,101921,112177,123534,136136,148979,164724,166565,167668,180877,181639,195735,213569
3750,10308,20445,30829,42479,53969,66823,74519,83069,102517,112467,123774,136501,149542,165054,165983,167965,180707,182019,196988,213354
3751,10698,20525,31163,43278,54465,67888,75780,84118,103717,113661,125567,138397,151275,167438,167687,169847,183041,184576,198563,216396
3752,10388,20524,31053,43043,54261,67566,75400,83936,103474,113411,125638,137911,150983,150983,167677,169606,182137,184481,198213,197731
3753,10391,20437,30906,42484,53644,66470,74072,82092,101197,111425,122299,134977,147432,147432,163346,165177,177917,181824,194297,194297
3754,10435,20472,31209,42571,53595,66567,74113,82145,101325,111337,122707,135302,147593,162967,163222,165618,177880,186522,194598,195253
3755,10394,20313,30986,42338,53555,66567,74144,82259,101617,111260,122959,135449,148184,163723,164028,165847,178954,186835,196492,196527
3756,10373,20465,31076,42389,53638,66694,74586,91898,102031,111526,123577,135732,148925,164235,164235,166481,179145,184914,196932,198820
3757,10253,20268,30776,41582,52665,65263,72823,80988,100100,109744,120673,132816,145473,162889,162889,164795,178306,186484,195733,198958
3758,10491,20125,30713,41383,52406,64884,72589,80488,99683,109120,120164,132154,144972,162097,162097,164187,177752,187861,195237,199797
3759,10377,19927,30683,41217,51899,64712,72274,79964,98257,107796,119864,131796,144627,160077,160077,162659,174234,185690,190328,209853
3760,10340,22931,30818,41278,52088,64889,72471,80302,98377,107864,120296,132094,145159,159996,159996,163767,174381,194453,190883,210555
3761,10154,19313,29791,39497,49873,62129,69531,76873,94743,104315,115405,127471,139471,154060,154060,158125,168347,187321,185190,204856
3762,10276,22097,33883,44695,49842,61888,69343,85248,94496,103945,115196,127075,139212,153723,153723,158124,168318,187298,199599,206211
3763,10224,21408,32004,43632,48277,60061,74331,82641,91300,100212,111776,122882,134488,148871,148871,161284,162589,184613,194312,203264
3764,10243,21426,31909,43610,48307,60281,74718,82800,91535,100408,111835,123072,134923,149362,149362,172532,164933,185640,195100,213878
3765,10285,20902,30859,41881,46606,57892,71379,79427,87832,96630,106722,117605,128634,142430,142430,164905,163006,182351,190217,207320
3766,10379,20969,31050,42214,51947,64684,71909,80058,88184,107323,107323,118543,142882,142882,142882,173594,176705,191805,203961,207455
3767,10421,20711,30493,41293,51724,63836,70892,78865,87202,105818,105818,117722,128257,140922,141042,168798,174756,187863,201923,206556
3768,10249,20978,30735,41562,52036,64128,71260,79215,87378,106490,106490,117998,141598,141598,142216,168871,178033,189035,201318,207076
3769,10348,20192,29916,40070,49918,61418,68068,75736,83936,102382,102382,112768,123013,135514,137597,162949,171669,184003,194074,203316
3770,10307,20213,33962,40127,50088,61594,76051,84180,93292,102892,113089,123572,136230,136230,148941,163930,183057,186388,194613,213422
3771,10327,19904,32399,39636,49503,61067,75207,83393,92382,101672,112466,122958,134965,134965,147974,163934,180301,186599,193429,210089
3772,10351,19820,32235,39641,50620,60893,75206,82976,92102,101260,112303,122578,134927,134927,148254,166049,179040,186622,194881,209152
3773,10537,19476,31241,38544,49393,59317,73115,81035,89247,98355,108873,118517,130571,130571,145282,164187,175154,182296,194348,207297
3774,10200,21809,31229,43078,54455,59414,73281,81235,89754,98772,109228,119069,131029,131029,157644,164399,176396,191983,195112,207897
3775,10389,21385,30719,42031,53540,58250,72034,79407,88004,97018,107177,117034,128822,128822,154811,162392,175244,189216,203056,206182
3776,10425,21546,31006,42321,53422,65115,72352,88498,88498,107913,107913,129790,129790,129790,155236,163042,177215,188022,201656,220047
3777,10068,20567,29801,40206,50582,61764,68919,83771,83771,102004,111665,122724,122724,122724,147473,156855,168725,184543,194188,197761
3778,10555,20514,33421,40186,50679,61582,68557,83652,92302,101977,111497,122539,122539,132910,151709,165173,183692,184549,196489,212213
3779,10363,19790,31505,38528,49221,59282,66266,80174,88788,97534,106663,117701,117701,128268,148374,162067,172110,180433,193292,207830
3780,10399,19792,31550,43574,54322,59611,73417,80469,98068,98068,118437,118437,118437,140457,159487,162448,187333,191550,193984,208441
3781,10024,19327,30337,42067,52459,57638,70922,77787,94105,94105,115155,115155,115155,137080,155358,159538,169755,184922,191219,208147
3782,10457,21496,30738,41981,52180,63998,70780,85310,93782,103182,114796,114796,124982,136607,156137,168832,172415,185857,191179,208078
3783,10569,21517,30397,41174,51510,63042,69752,83989,92602,101571,112265,112265,122429,133718,152584,166447,180336,183965,185021,201640
3784,10147,21536,30631,41350,51641,63300,76415,84356,93042,101906,112586,112586,122894,134509,153788,166661,179129,184591,199628,214474
3785,10274,21361,30670,40805,50831,62372,75249,82644,91042,99932,110348,110348,120548,131999,150588,164286,177133,180733,198239,199263
3786,10760,21399,31137,40951,56517,62760,75626,83156,91670,100109,111096,111096,121254,132747,151413,165953,177255,181660,198390,213847
3787,10331,21518,31216,41264,56589,63267,76210,83868,92386,100787,111452,111452,121767,133087,151310,166642,177830,181065,199438,200635
3788,10361,21578,31260,41442,56833,63623,76541,84344,92702,101294,112157,112157,122457,133868,151648,166681,177892,181908,197948,214675
3789,10347,21514,31045,40834,50534,62698,75584,83168,91589,99940,110777,110777,120984,132167,149922,165131,176448,179467,196437,198997
3790,10359,21635,31110,41051,50632,63007,75819,83363,91898,100349,111225,111225,121306,133074,150159,165292,176796,180133,197743,213571
3791,10803,21518,30945,41005,50508,62570,75435,82925,91187,99572,110082,110082,120385,132447,149848,164024,175255,179344,196238,198823
3792,10264,21418,31183,40948,50397,62490,75286,82826,90878,99342,109942,109942,120034,143271,149908,164234,176595,178843,197145,211699
3793,10432,21446,31536,41470,50962,63293,76087,83850,92098,100712,111589,111589,121602,145221,152259,166308,178356,181703,199040,212688
3794,10499,21514,31542,41501,51129,63549,69905,84005,92377,101246,111924,111924,122124,145730,152516,165833,177732,181786,198933,200625
3795,10375,19264,31435,41301,51024,63447,69755,83902,92207,101054,111970,111970,122327,146500,152681,167608,178677,183257,198453,215670
3796,10428,19435,31386,41617,51574,63786,76733,84394,92622,101740,112374,112374,123107,147222,153519,167388,178505,184184,199103,203483
3797,10221,19644,31743,42293,52319,64651,71308,85505,94200,102606,113914,113914,123770,147634,154996,167334,178385,184342,198983,215351
3798,10594,19661,31591,41991,52281,64319,70869,84989,93327,102022,113239,113239,123320,147265,154862,166795,177730,183465,197938,202363
3799,10343,20082,31943,42725,53028,65063,71672,86114,94743,103815,114686,114686,125240,149745,156525,167907,181083,186295,200978,217932
3800,10378,20151,31833,42882,53162,65319,72050,86311,94930,104286,115275,115275,125607,138617,157126,167840,169355,186901,199737,202112
3801,10857,20173,31888,43207,53328,65946,72583,87110,96010,104781,115888,115888,126484,139902,157453,167917,171384,186181,187109,206315
3802,10315,20067,31628,43092,53118,59356,72574,86897,95892,104684,115841,115841,126211,139750,156786,167383,182979,186215,189394,207112
3803,10563,20583,32193,44438,54786,60983,74761,90092,99154,108552,119854,119854,130638,145011,160566,173841,176153,190787,195318,211161
3804,10282,20664,32241,40192,49296,61171,75083,82091,99301,108838,120393,120393,120393,145691,159691,159750,176785,189733,196113,210407
3805,10795,20953,32716,40967,50375,62610,76958,84170,101582,101582,123876,123876,135045,149377,163854,168295,180869,194998,201983,216116
3806,10602,21197,32830,41187,50747,62789,77462,84641,92907,102245,112142,124489,135517,149953,150149,165409,180613,181162,198330,198330
3807,10460,21730,30422,42595,52737,65286,72701,87747,96501,106374,116731,129835,142162,144567,157525,172875,187557,190132,205003,206815
3808,10425,21810,30596,42704,52677,65381,72875,80393,96768,106608,117333,130440,130440,144989,158278,159079,172649,189786,191303,208279
3809,10564,22070,31007,43174,53280,66169,73551,81152,97993,108197,118487,131597,131597,145784,158783,163020,174668,191511,196282,211333
3810,10569,22106,31115,43346,53309,59538,73925,81468,89195,108580,119068,131842,131842,146109,159206,166121,175868,178280,208279,211158
3811,10868,22651,31912,44444,54413,61058,75627,83511,91168,111001,121964,135429,135429,149685,163464,167622,179097,186246,197917,213577
3812,10508,20270,31780,39940,49076,60869,75321,83266,91097,100688,121627,135080,135080,139525,162302,166388,181379,187045,197708,212138
3813,10452,19868,31098,39208,48232,59772,74227,81625,89587,98882,119589,132622,132622,138959,159356,165410,175409,186202,195074,211067
3814,10449,19824,31245,43674,54360,59844,74310,82018,89840,98970,119857,133044,133044,141521,147270,169449,174793,187129,196380,209251
3815,10329,19750,31011,43387,53461,59765,74046,81722,89407,98824,108842,133172,133172,149560,147542,166831,176560,185735,196556,209215
3816,10427,19817,31216,43676,53626,60164,74499,82141,89961,99424,120280,133547,133547,148812,148625,167126,176849,188483,197439,210029
3817,10162,19658,30577,42738,52545,58718,72984,80540,88343,97211,107390,117859,130824,140143,148700,163287,176281,186684,196600,207051
3818,10527,21951,30761,42825,52656,58962,72893,80467,88363,107495,117812,130755,130755,147719,158816,167679,174775,186931,195463,207412
3819,10202,21953,30890,42914,53001,59272,73531,80925,88599,108313,118880,131980,131980,149840,159944,164003,174452,186017,209554,207931
3820,10609,21945,31030,43157,53088,59483,73811,81358,89099,108815,108815,132378,132378,148768,159904,169015,176155,188533,196694,207993
3821,10256,22164,31142,43089,53264,59754,73692,81501,89342,109079,119577,132341,132341,147827,159594,164131,175549,185636,193432,208389
3822,10222,19671,30855,42994,53153,59506,73485,81355,89153,109099,109099,132217,132217,147696,158653,169798,175853,185766,197371,208852
3823,10722,19286,30167,42011,51702,57626,71662,78805,86120,104937,114918,127369,127369,142904,154183,163090,172982,179602,193147,199628
3824,10181,21638,30559,42005,51923,64469,71658,86483,95731,105306,115289,127783,127783,144141,155047,163426,184577,189592,196650,203308
3825,10600,21230,30432,41283,51048,63588,70848,85519,94173,103881,113806,126080,126080,144581,153445,161655,168977,186556,199529,204692
3826,10107,21324,30708,41623,51406,63867,71179,85932,94550,104290,114249,126752,126752,144170,154073,171339,182677,188645,199725,207187
3827,10601,20996,30405,41134,50919,63335,70933,85663,94535,104449,114578,126695,126695,145210,155009,169029,172960,187885,202551,210037
3828,10141,20882,33986,41042,50790,63279,70657,85367,94460,104082,114163,126772,126772,145581,155206,166978,173491,187185,202228,209116
3829,10208,20225,32063,39976,49349,61398,68448,83079,91310,100879,110731,123482,123482,143770,153379,164624,182136,185253,195590,204745
3830,10291,20279,31930,40142,49577,61759,76151,83313,91618,100981,110931,123939,123939,144279,154329,165362,179549,186757,197258,218096
3831,10270,20192,31536,39392,49373,60834,75060,82087,90752,100231,109984,121923,121923,141760,153703,165386,177236,183057,194076,198780
3832,10255,20249,31277,43634,55559,60713,74800,81896,90742,99991,109841,121849,121849,141681,153518,165509,177185,185083,194871,215971
3833,10638,20004,31212,43693,55048,60923,74933,82449,90936,110320,110320,122686,122988,143792,155297,166801,179792,185122,196950,214222
3834,10666,20021,31313,43904,54669,61051,75159,82602,91206,100829,110622,122897,123174,143412,155596,166622,178080,185402,199584,199584
3835,9959,19856,31081,43652,48562,60652,74663,82010,90485,99953,109453,121514,122308,142818,156165,166786,177538,184164,195366,200002
3836,10636,20062,31330,43851,48861,60991,75112,82192,91002,110040,110040,122189,134414,142698,156370,166612,177839,184867,197039,215226
3837,10196,20375,31855,44645,56172,61803,76092,83313,91758,101320,111063,123445,136254,144398,156582,167017,179452,186120,197258,202384
3838,10753,20306,31804,40245,49491,61733,75990,83323,91813,101496,111137,123490,135640,144409,157197,166632,179212,185951,197570,217354
3839,10217,20486,32127,40496,50950,62373,77132,84462,93193,103261,112966,125700,138317,147147,158321,167827,180946,188079,199429,202178
3840,10733,20638,32199,40589,51509,62700,77397,84682,93672,103572,113682,126014,138974,146778,157520,168640,166512,188002,199893,220283
3841,10307,20735,32519,40998,51944,63396,70603,85500,94341,104105,114155,126749,127345,147029,157706,168208,169851,187798,201344,201776
3842,10301,20590,29149,40890,51749,63244,70633,85300,94168,103898,114208,126245,127416,146108,157081,168121,174376,186797,199853,203437
3843,10938,20878,29526,41531,52581,64165,71370,86504,95257,105391,115251,128134,130030,146993,158089,169267,185708,187683,203956,210885
3844,10433,21026,29600,41522,52831,64425,71655,86794,95523,105844,115865,128494,129937,146903,157462,169739,171391,189286,201814,208361
3845,10440,21273,34073,42656,54227,65852,73462,81330,98148,108888,119703,132939,136233,150595,162304,163068,178252,196749,194349,214460
3846,10447,21387,30649,42882,53267,66325,73876,81584,98769,109454,120317,120317,136805,140103,161916,163878,177008,177365,196423,213573
3847,10701,21654,30704,43066,53204,59412,74187,81762,98711,109207,120181,120181,136306,142755,161261,165082,179179,187804,197989,212255
3848,10177,21698,30829,43183,53209,59607,74229,81873,99156,109412,120321,120321,136375,151643,161199,165609,179366,186828,196796,212569
3849,10776,22055,31375,44079,54498,61091,75931,83863,101668,112916,123790,123790,140872,144741,166883,168831,184954,190709,202171,216210
3850,10349,22084,31361,44146,49010,61200,76230,84140,92477,102113,113197,124235,139262,144903,153513,168719,182342,189423,199597,215830
3851,10343,21968,31360,39290,48750,60827,75843,83622,91862,101610,112013,122856,137201,144810,151557,167373,179363,185037,198033,197546
3852,10368,21910,31246,39243,54848,60612,75501,83524,91413,101330,111873,122595,137208,145170,152078,167075,179552,186200,198499,215977
3853,10349,21976,31477,39609,55061,61398,76401,84855,93220,102620,113222,124591,139677,146000,154296,169093,181407,191306,200890,200534
3854,10871,22047,31534,39651,49301,61501,76613,84729,93332,102970,113299,124770,140423,146137,153885,168808,181702,189823,201216,201444
3855,10259,22095,31488,39848,49811,62378,77583,85743,94119,104330,115623,127182,143250,147076,157803,172951,186253,190104,204514,205166
3856,10274,22293,31813,40226,50128,62470,69992,86350,94546,104921,116040,127527,142282,147223,157632,172107,171406,189577,204938,207237
3857,10399,19846,31870,40339,51744,62508,70200,86634,94836,105248,116295,127581,142161,146670,157658,171651,171651,188552,185902,207620
3858,10725,19755,31690,40154,51494,62320,69790,86164,94177,104693,115907,126987,141982,145795,157765,171665,171928,189681,189061,207069
3859,10384,19745,31590,40061,51316,62019,69535,85801,94063,104287,115383,126716,141532,145360,157284,171314,171795,188693,189961,206943
3860,10553,20229,32173,40921,52300,63657,71174,87980,96349,106672,117840,129540,144129,148505,160691,174561,176826,191794,195773,211058
3861,10594,20356,28781,41204,52475,63559,70910,79588,96500,106669,118016,129700,143798,148032,147621,160375,176194,191450,196535,208375
3862,10606,20259,28822,41140,52428,63431,70864,79290,96352,106388,117607,129327,143712,147827,147412,159719,176066,191016,196582,209479
3863,10320,20691,33311,41604,53155,64542,72008,80424,97224,107278,118551,130156,144455,148582,149047,161157,176557,190337,198374,209633
3864,10347,20782,29332,41598,52903,64834,72259,80627,97497,107656,118737,130480,144971,148981,150138,161445,177361,190657,197385,208648
3865,10711,20677,33255,41494,52764,64306,71987,80347,97164,107299,118321,130155,144184,148073,152122,161769,176358,190861,198197,209269
3866,10401,21013,29619,42467,53235,65781,73596,81998,99407,110032,121655,133673,148692,151591,155637,165717,180814,193916,200848,215047
3867,10447,21009,29681,42146,52522,58116,72674,81083,89598,108258,108258,131015,145290,148739,154794,162861,177365,176830,197401,211188
3868,10547,21098,30577,42325,52589,58458,73012,81507,89975,108484,108484,131631,146029,148413,155909,163450,177655,177512,197091,211564
3869,10449,20995,30984,42625,53020,58958,73789,82511,91175,110311,122112,134142,148674,151584,156696,165876,181258,182299,200040,213823
3870,10423,21090,31092,42799,53160,59071,74073,82828,100484,110659,110659,134424,149122,151385,156908,166663,180737,182712,199502,214800
3871,10472,20983,31148,42754,52917,59127,74306,82929,91523,110767,110767,134666,149179,151187,156479,166707,179860,183936,199416,213728
3872,10494,21069,30854,42099,52138,58071,72531,81162,98188,108032,119754,131104,145669,147497,156222,163466,176264,182842,195963,209031
3873,10411,20961,31153,42266,52517,58336,72925,81395,89981,108666,108666,131641,145967,147683,155525,163783,175894,185783,196442,209764
3874,10426,21027,31174,42395,52673,58366,72811,81652,90219,109233,120592,131999,146541,148334,156249,164741,176303,186019,197536,210167
3875,10476,20931,31436,42784,53176,59133,73832,82572,100423,110429,110429,134481,149143,150757,157670,167822,180577,190064,201601,216950
3876,10449,21053,31492,42970,53464,59367,74216,82974,91920,110856,122870,134578,149764,151233,156880,168234,180420,188563,201950,216531
3877,10105,21154,31532,42835,47859,59240,74083,82900,100610,100610,110887,134915,149617,150671,156396,167981,180121,188339,201770,196706
3878,10542,21028,30944,42892,47800,59154,74311,82643,91310,100355,110794,134930,149918,150978,156866,167483,180423,187687,198834,195473
3879,10482,20923,31074,42574,48001,65722,73485,81834,99353,99353,121722,133299,133299,149144,157116,166033,178204,185816,194952,193866
3880,10436,20942,31213,42651,54102,58525,73798,82249,90398,99687,109942,133783,133783,149210,155521,166658,178561,187335,197828,197237
3881,10586,20972,31228,42663,54203,65894,73876,82414,99843,99843,110068,133946,133946,149752,155828,166928,178581,186820,197150,199989
3882,9885,20543,30372,41232,51552,56895,70953,79141,87270,95740,116748,127904,127904,142044,152773,160987,170755,181677,189686,197725
3883,10717,20564,34157,41233,51937,63673,70988,87236,87236,105567,116888,127960,141821,142465,160442,165074,170864,193757,193648,211506
3884,10089,20526,33355,41260,52161,64057,71485,87782,87782,106135,117849,128853,142923,143579,159640,166631,171848,192118,195701,210995
3885,10431,20138,31946,40286,50394,62107,69499,85404,85404,103272,114262,125300,139159,139692,156758,164007,167741,187632,195703,206130
3886,10512,20175,32141,40586,51284,62341,69855,85860,94071,103763,114843,126013,139789,140364,156421,175214,169147,188088,204857,207396
3887,16960,25901,27292,32876,40814,48412,53308,62667,67171,73515,82383,88367,91074,99784,106837,109287,118521,120556,132125,132126
3888,12316,26755,37589,49891,60918,73987,81622,91845,99489,110027,120124,130111,141862,146526,150261,162234,173776,174660,191802,193877
3889,10199,25371,35005,47065,56929,68590,77969,94654,103566,114858,125238,136971,138254,150101,155505,166310,183291,185817,201212,214261
3890,10568,24495,33972,45283,55365,67284,75353,91658,101103,111054,121996,133202,136362,140790,160854,165483,178960,184706,198049,210203
3891,10028,22860,33410,45165,55320,67088,75113,91118,100568,110391,132653,132653,135985,148649,159237,165529,177427,183776,206789,209560
3892,10562,22224,33256,45152,55079,67011,75154,90516,99928,109926,120060,132695,135766,147907,158870,165431,176566,183109,193454,209003
3893,10599,21441,33609,44547,54153,65892,73303,88551,97620,108020,117483,129562,132890,144629,156225,163341,174854,178824,192877,206030
3894,10528,21272,33235,44238,53937,65582,82147,88166,97077,107458,116969,139229,133564,144536,155588,162312,175359,189745,203702,206843
3895,9815,21180,33094,44048,53462,65772,81161,89078,98242,118000,118000,140890,136600,147547,157313,163413,185716,189965,202340,210028
3896,10234,20550,31534,43088,52533,64971,73068,87740,97603,118171,118444,143107,138978,149795,160404,167641,175598,193093,194066,214644
3897,10925,20537,33986,46708,58147,64538,72702,87172,97145,117586,117915,142074,137473,147954,158581,166519,176072,180933,195622,208993
3898,10127,20541,33373,46526,57910,64429,72352,86804,96415,116918,117367,129474,135291,147105,157808,166498,175987,184336,198853,209636
3899,9910,20101,32072,44775,51566,63527,71254,87014,96518,117586,118493,132015,136875,148451,160465,166467,177047,187964,197599,215205
3900,10829,22435,32033,44794,51631,63454,79107,87112,96384,105906,118087,131972,136440,147934,160549,168751,176776,187955,197869,215065
3901,10245,22091,31384,39831,51278,62938,70820,86248,95432,105501,116474,130043,135054,146122,158474,164136,176207,185516,195070,209712
3902,10253,22091,31453,39720,50962,63074,71254,86262,95295,105457,116204,130368,134980,146364,158762,166291,176477,186136,198457,209662
3903,10171,19795,31295,39321,50391,62025,69428,84111,93024,102815,112998,126039,131831,142635,153232,163254,172311,178610,195575,201747
3904,10633,19617,31232,43652,55654,68647,76754,83677,92531,102184,125301,125301,131843,142769,152416,162849,177400,190854,206282,201505
3905,10410,19733,31427,44097,55648,69442,77110,84721,93556,103480,127328,127328,133823,144089,153820,165703,188816,190625,193738,207173
3906,10321,19902,31313,44056,50009,61694,76900,84713,93381,103301,113464,127027,133914,144523,154365,165666,171339,189213,194256,207695
3907,10057,22571,31489,44102,49758,61385,76348,83453,92352,102287,112304,125737,132577,141757,152637,159969,170759,185672,202947,201922
3908,10569,22304,31237,44013,49506,61115,75943,83026,91739,101705,124982,124982,133130,143296,152406,158817,184875,185388,199804,203931
3909,10253,21796,30739,43410,53909,60185,74450,89821,89821,99519,122586,122586,130781,142643,150118,157418,167377,184189,196351,202511
3910,10244,21863,30927,43351,53917,67370,74732,89969,89969,109286,122619,122619,139773,143700,151823,167112,181801,185507,196664,216155
3911,10061,21427,30376,42439,52672,66006,72670,87656,87656,106927,119112,119112,135166,139252,151567,163719,175023,178954,192567,196133
3912,10348,21444,30765,42425,52535,65983,72801,87659,97180,106758,119210,119210,135016,146850,152143,164003,175493,190682,194401,211168
3913,10563,21564,30958,42288,52148,64973,71728,86296,95539,104533,116916,116916,134088,144907,150162,160775,175371,187122,192452,207678
3914,10259,21361,30863,42096,52088,64742,71477,85910,95288,104141,116427,116427,134157,144849,159186,170586,184750,187391,192204,217122
3915,10413,21960,30559,42478,52143,64790,71481,85451,94545,103843,115327,115327,134408,146215,156788,168412,172292,185289,201298,201474
3916,10377,21899,30567,42445,52001,64733,71244,85116,94563,103609,115024,115024,142640,145795,156438,167712,181878,186494,199552,214427
3917,10685,22039,30523,41959,51334,63919,70108,84042,92620,101587,112852,112852,139687,144642,156629,166167,179089,185165,198476,210940
3918,10396,22061,30293,41687,51028,63596,76083,83740,92289,112513,112513,112513,137235,152986,155418,165879,178038,183309,197251,209901
3919,10475,20961,29020,38931,47383,58979,70377,77415,85141,103796,103796,103796,131409,143496,147950,157944,168527,176958,190542,198987
3920,10517,20969,32393,42939,52963,64675,70498,85138,93589,103886,113595,113766,139345,151196,163907,168310,182004,194102,200452,214160
3921,10212,19157,29352,38578,48139,57874,64185,76421,84399,93499,101914,105434,132538,142020,146434,160990,173021,177051,191564,202679
3922,10312,21090,32633,42542,53539,63184,70478,83697,93949,93689,111394,119954,139480,150838,165821,169514,183103,188169,201123,216031
3923,10486,20657,31911,42095,53732,62828,77915,83965,94889,93729,113377,135018,147265,158572,175882,183130,194759,215520,216606,234497
3924,10983,20595,31519,41880,52928,62277,76819,83433,94244,93284,112639,131746,144644,145833,157476,162349,175637,189466,213220,209870
3925,10601,19850,30354,39174,50537,57765,71279,76868,87925,86111,101538,122150,129009,132878,143271,149593,160157,173610,184613,185751
3926,10512,19782,30632,43662,54879,63221,71655,85418,89991,93893,109526,129106,138711,153321,155316,174421,175319,197862,198534,218473
3927,10372,19213,30351,42715,53461,61341,70914,83365,89591,94508,106697,126238,136283,152123,153731,180096,181944,193653,197231,215319
3928,10408,21196,33130,42492,53015,60996,76800,82850,89425,102645,115372,125011,135404,149950,164219,177264,180642,190450,209249,210736
3929,9872,19785,31323,40090,51070,58064,73498,79364,93128,98249,110985,122897,140231,141276,158253,168760,190023,184288,201671,205846
3930,11308,21799,31407,44713,55059,64245,80391,79295,98916,106960,111263,129704,139144,143724,168487,168632,185171,185698,200504,206276
3931,10753,22214,32400,46649,56700,67298,83279,82913,102285,110358,114940,132699,143148,148102,168647,172024,186041,189607,201536,209442
3932,10537,22211,32307,42050,51802,67331,74689,82757,94781,107930,114965,132071,142601,147500,164609,167303,183595,188729,199947,209463
3933,10129,23321,33122,43971,54020,70082,78105,86627,99377,113220,120332,134709,146019,153592,170051,176941,189248,195983,207090,217968
3934,10284,20978,32345,43626,53221,63022,76994,86040,90908,104037,119141,122240,134345,151571,156693,160071,183643,192336,203599,211676
3935,10807,22876,35209,47990,57947,68802,83843,93570,99168,113268,128597,132453,140572,162545,168713,176119,196856,206382,218753,227714
3936,11337,20649,31493,42423,52876,69019,76043,83808,98885,105302,118041,130164,130300,158695,156394,172168,180454,185272,198081,220559
3937,10165,20262,31296,41877,52434,67878,75100,83094,95984,103639,108926,127086,129830,150080,149931,168333,165499,184538,193488,212486
3938,9603,20141,31081,41654,52070,67515,74647,82364,95159,102935,108372,126329,130057,149354,149327,166910,166418,183967,193284,210799
3939,9451,20097,30485,40445,50077,64556,71291,78649,90554,98314,103439,120336,125016,142240,147815,160825,161194,175013,187303,201063
3940,9969,20166,30605,45402,50131,64536,71462,87479,90866,99546,110916,120774,136440,142685,149100,161468,174290,176947,204624,203334
3941,10630,20814,31547,47300,52179,67201,74201,90968,93033,102197,114782,124796,138351,148145,151732,165253,178666,195982,206911,208077
3942,10436,20781,28361,41944,52241,67069,74163,90775,93260,102035,114897,124984,137780,148054,153463,164406,177999,179558,205447,207752
3943,10299,20799,28430,41775,52042,67609,74400,91295,93564,101705,115598,125773,137260,148584,153198,165497,178046,194732,207841,209086
3944,10253,20648,28440,41571,51768,67180,73988,90764,93011,101453,114830,125014,136183,147862,153230,164649,177288,179804,190064,208066
3945,10481,21441,32595,43260,53766,69834,77018,93756,95268,104753,119289,129819,140476,155619,159444,171720,184412,202554,199890,218905
3946,11060,21399,32403,43201,53747,63724,76779,84447,95043,104477,110521,119409,130003,140176,159519,171045,170794,186082,183740,218704
3947,10611,21991,33875,46055,57036,68622,83264,91008,102507,112451,122522,133465,147248,159469,179674,197367,197663,215967,215934,261268
3948,10369,21925,30443,41134,50922,68299,75024,90559,101799,102139,110528,122170,133181,146016,146441,158685,178988,178988,196371,195703
3949,10150,22722,31221,42171,52524,69588,76400,92641,103214,104355,112608,122597,132301,143688,144418,155956,156072,173124,187865,187650
3950,9771,20429,31248,42205,52773,64060,76387,84267,103117,104359,112636,122634,132622,143830,146362,156315,173278,174732,187918,187696
3951,10205,21435,33634,45625,56901,69337,82608,91112,111409,111799,121235,131828,142153,154734,155872,168204,185297,187901,201113,217961
3952,10535,19458,29900,41249,50620,63149,75501,91031,99925,111266,111266,121212,131979,141869,155979,155498,168169,187833,185299,200713
3953,10282,22356,31157,43189,52815,65799,78686,95219,104105,116351,116351,126285,138054,148745,162969,163178,176873,195921,195891,212102
3954,10466,20018,31033,42931,52627,65311,71915,85800,94742,103788,115664,115664,137531,137229,149275,162995,176380,176603,195108,194930
3955,10410,20500,31999,44440,54787,67947,81667,89497,98826,108276,120516,120810,142984,142984,155057,169570,183287,183857,202654,202504
3956,10395,20456,31955,44301,54571,67982,81524,89392,98658,108181,120543,120925,131277,142853,154961,155580,169202,183966,183053,202133
3957,10998,21109,33187,46393,56736,70777,85162,93356,102613,112877,124849,125235,136518,148738,161639,162461,176030,192080,192080,211724
3958,10593,21177,32929,46053,56543,70410,77531,93078,102449,112274,124286,135840,135840,135840,149216,162509,175563,176555,191978,190911
3959,11113,21985,31250,48542,59495,74203,81547,97816,107861,118204,131620,131620,143188,143188,156893,170454,184842,185932,201742,201365
3960,10645,19629,31252,43800,53511,66662,74345,89046,97730,118330,131568,131568,131568,143236,156787,159399,169583,186626,186074,201486
3961,10778,20300,32053,44830,54904,68558,76422,91644,101211,122139,135574,135574,135574,148173,161896,164763,174636,191881,193460,208151
3962,10365,20261,32019,44859,54917,68535,76314,91915,101161,111369,122184,135403,135403,147775,161465,164883,174663,176892,193659,208251
3963,11007,20960,33099,46660,57253,71780,79746,95968,105411,116334,127763,141624,141624,154364,168120,170824,182240,185428,201706,216700
3964,10596,23449,32922,46558,57113,63762,79292,87413,105114,115905,127243,141215,141215,141215,153970,169925,181498,185178,199815,198873
3965,10383,20722,32648,46084,56546,63098,78814,86677,104423,115157,126324,140034,140034,140034,153273,168656,181236,186357,200907,200453
3966,10377,20753,32737,45979,56428,62959,78693,86506,104236,115111,126293,139979,139979,139979,153567,168721,180800,186632,200653,200865
3967,10169,20696,33233,46731,57226,71948,80260,88440,106423,118121,129510,143554,143554,143743,156839,171391,183479,188846,202405,204012
3968,10620,20618,33086,46522,57168,64434,71726,88024,96296,117581,129265,142989,142989,143631,156523,158232,169244,188176,201472,204382
3969,10455,20364,32542,46150,56861,63578,70878,87171,95350,115878,127500,141362,141362,141608,154655,159233,168501,187512,201868,205198
3970,10446,20353,32607,46233,56793,63482,79125,87220,95415,116029,127444,141330,141330,142009,154803,162823,168785,186606,201386,205326
3971,10217,20376,32593,45946,56919,63993,79614,88080,96635,117611,129036,143097,143097,144299,158172,165296,173630,191345,206027,210676
3972,10267,20368,32524,46014,56979,63929,79442,88061,96524,117548,128970,143289,143289,144189,158107,166494,173424,191128,187391,210838
3973,10663,20521,32979,46728,57500,64522,80445,89105,97570,119242,130585,145257,145257,146130,159440,167858,174559,193454,190838,211128
3974,10646,20389,32779,46526,57396,64338,72078,88624,97105,107034,130116,130116,144967,146087,158835,167250,175326,189388,189388,210245
3975,10375,20187,32507,46056,56619,63377,71038,87674,96021,105745,128781,128781,142703,143705,156545,166218,171850,188341,190905,208849
3976,10418,20180,32477,45911,56532,63390,70823,87499,95789,105772,128569,128569,142628,144062,156447,166782,173426,187703,191350,208820
3977,10057,19692,31337,43892,54502,60836,75079,83188,91601,100668,121573,134189,134189,136234,146307,159589,166805,177138,186503,196726
3978,10580,19610,27692,43761,54406,67414,74843,91244,100501,110764,120971,133725,133725,136502,147136,169521,180406,180872,200040,212513
3979,10086,19287,27144,43379,53624,66670,74262,90701,100285,110337,120479,132693,132693,145733,146108,166075,176801,181280,197017,210660
3980,10073,21627,30757,43508,53707,66603,74358,90788,100310,110291,120445,132923,132923,145885,147096,166619,177894,184562,197403,210127
3981,10296,21161,30262,42473,52753,65592,73020,89090,98570,108263,118426,130660,130660,143586,147109,166093,174092,184328,196709,206374
3982,10926,21138,30174,42572,52697,65553,72980,89016,98234,108179,118540,130649,130649,143462,158579,167040,174699,193740,207506,207243
3983,9790,20520,29189,41019,50773,62877,70356,85701,94346,103827,113118,124681,124681,137154,154507,161252,172150,185072,188204,199241
3984,10395,20425,29024,40814,56410,62602,77566,85281,93939,112732,112732,124064,134682,138269,153426,170790,172636,186516,200238,205424
3985,10206,20091,28282,39614,54399,60720,74869,82139,90753,109103,109103,120434,130677,138165,154630,167754,181655,185357,197409,211639
3986,10747,19987,28260,39580,48832,60511,74829,82045,99521,108698,108698,119983,130591,150220,162447,167646,180331,193671,197583,210276
3987,10188,18971,29798,37569,46261,57229,70822,77760,94484,103273,103273,114013,124149,141035,152670,160821,173914,185888,193887,203071
3988,10217,21314,29709,41761,51239,63721,70352,77457,94049,102790,113692,113692,123473,146160,155444,172138,174674,186857,202463,205984
3989,10438,20859,29327,40924,50310,62327,69113,75972,91926,100579,110958,110958,120520,148671,154135,167731,173256,183067,199429,206127
3990,10396,20897,29430,40993,50334,62297,69264,83686,92095,100565,110899,110899,131376,146570,162604,167257,181479,187166,196993,215564
3991,10081,20836,33470,41341,50923,63293,70022,85148,93881,102426,112825,112825,133791,150127,162339,168100,183043,187772,199878,213205
3992,10635,20798,33161,41229,50910,63206,70147,85077,93862,102465,112910,112910,133785,148704,149584,167963,181020,188303,198939,212633
3993,10341,20434,32498,40465,50003,62366,69184,83941,92684,101357,111979,111979,132778,145830,148377,165485,177245,186445,196407,210243
3994,10352,20365,28516,40216,49959,62025,68828,83720,92223,100808,111468,111468,132003,145760,156157,166258,176552,186641,196993,209507
3995,10642,20747,33597,42083,52627,65897,73669,89515,99539,109224,122056,122056,147612,162438,167058,178608,194999,197633,217127,237424
3996,10067,20667,29408,41988,52545,58964,73573,80976,99571,109210,109210,121878,134122,148503,150316,165168,177412,184098,195194,194706
3997,10623,20695,29517,41926,52312,58387,72464,79959,98346,107919,119358,119358,129693,130622,150657,157167,157167,182937,186681,186444
3998,10560,20555,29569,41644,51993,58068,72173,79350,97741,107456,118699,118699,129019,141511,158751,161576,175126,189579,190895,204147
3999,10552,20357,32978,40380,49774,62129,69343,76433,84409,101688,111921,111921,122293,135995,156979,160642,172224,185765,189328,201997
4000,10545,20417,32450,40514,49908,62300,69299,84486,93425,101760,111977,111977,133421,151783,156686,170747,178554,186682,201185,206113
4001,10048,20806,32759,40713,50008,61974,68934,83462,92068,100331,110529,110529,131569,147339,155213,167918,177847,185402,197790,211148
4002,10550,20903,32773,40798,49989,62092,69015,83410,91817,100209,110641,110641,131805,147597,161562,167416,177760,185179,198610,209703
4003,10624,21011,28971,40565,49842,61824,68646,82822,91132,99470,109632,109632,131814,147273,159728,165287,177141,186190,208050,210160
4004,10621,20856,28905,40375,49584,61454,68192,82451,90719,98886,109009,118541,131242,145642,158358,166878,176421,186433,192683,208523
4005,10490,21176,29568,40672,50285,62487,69224,83565,91877,100442,111093,120810,133950,149005,160882,166715,178637,186599,195899,215083
4006,10513,21152,33407,40726,50130,62271,68897,83260,91614,100180,110850,120581,133354,147960,159719,167968,178061,187697,196298,211278
4007,9785,21001,32728,40292,49408,61478,68137,82258,90710,99206,109693,119376,133036,146360,158127,166092,175934,186164,196253,208580
4008,10255,20830,32525,40105,49127,61194,67972,81908,90391,98693,109205,118924,131707,146470,157721,164970,176325,185841,196854,208399
4009,10834,20583,28518,39741,48784,60474,66848,80776,88819,96904,107033,116298,129896,144659,154127,165026,174455,184934,196997,204132
4010,10279,20602,32186,39839,48674,60418,73352,80700,88687,107012,107012,116476,130504,144771,154433,167007,187859,192262,205033,205033
4011,10615,20757,32711,40148,49163,61360,74342,82134,90425,109052,109052,118671,133086,146881,157517,166826,190462,192848,194935,209465
4012,10089,20744,32568,40075,49183,61326,74461,82004,90478,109016,109016,118618,133060,147032,157509,166949,171338,180756,200107,209527
4013,10502,20333,28149,38961,47891,59521,72417,79574,87786,106106,106106,115546,129624,143980,154102,164345,168871,183008,194327,205407
4014,10486,20107,31716,38776,47781,59219,71950,79091,87311,105337,105337,115086,129485,143609,153745,166312,186741,191545,195250,204596
4015,10197,19853,31122,42462,47222,58585,71187,78567,86596,104495,104495,114192,129163,139425,151504,170217,181827,186911,202489,206897
4016,10215,22102,31103,38354,52297,58570,71120,78276,94484,104318,104318,114795,140098,140761,152563,170268,181139,187175,199969,217547
4017,10129,21679,30755,41982,52167,58286,70974,78294,94763,104700,104700,115769,139118,145895,153378,170822,182477,188750,202377,220339
4018,10599,21575,30730,41763,51869,64080,70629,77984,94135,104146,104146,116720,138215,145472,153706,169585,163503,187753,188929,218183
4019,10546,21397,30533,41796,52138,64673,70922,78050,95356,106191,106191,120106,141021,144218,159696,171119,189304,193290,207819,221634
4020,10505,21488,30729,41815,52263,58269,71175,77988,95495,106559,106559,121029,140608,145945,158902,158902,170113,191800,195419,221133
4021,9910,21163,30235,41141,51157,63250,69622,76953,93548,103965,103965,119727,137524,144986,151620,159351,166418,184818,189381,197799
4022,10286,21259,30558,41176,51134,63203,69667,85318,93334,103820,103820,120540,137562,144875,156417,170420,183250,186342,202066,214627
4023,11151,21297,31149,41941,52377,64892,71612,87496,96090,106331,116151,124183,140145,147452,158448,172721,186268,189168,204288,220493
4024,9854,21244,31044,41746,52151,58180,71105,78660,95664,106076,115669,124693,139522,145836,157141,169957,168724,188259,191306,219483
4025,10475,21097,30601,40935,51043,63302,69557,76881,93436,103686,112763,123150,136560,144808,151541,167387,182750,185429,193075,215325
4026,10475,20964,30854,40990,50954,63161,69510,85033,92897,103380,112874,129266,136444,146097,152992,166524,181662,185729,202879,215075
4027,10322,21042,31316,41145,51272,63064,69679,85083,93046,102609,111754,127231,134144,144649,155944,163633,160907,183947,198874,209409
4028,10274,21050,31057,40898,50919,62790,69355,84582,92623,101949,111355,126205,133805,151890,158494,164396,179564,184783,198126,208105
4029,10847,21247,31280,41605,51956,64031,70572,86193,94424,104556,113915,130158,137705,153667,156998,167959,183526,200367,201639,214961
4030,9887,21367,31367,41669,51900,63978,70607,86114,94324,104693,113891,129953,137343,139971,156733,167472,182960,184745,200603,196605
4031,11054,21083,31026,41110,51133,63140,69700,84955,93155,102856,112409,126915,135431,142013,155075,167219,164324,184302,198984,212962
4032,10258,21097,31092,41102,51081,63136,69554,84765,93049,102757,112172,126209,135640,145706,156873,165997,181930,185805,198447,212680
4033,10749,21307,31471,41329,51352,63046,69540,84919,92875,102628,111713,126067,134306,149895,156616,164915,179188,184958,196028,209913
4034,9731,21238,31179,41147,51127,62790,69318,84557,92448,102219,111238,125467,134078,149062,154754,168203,178482,184987,196247,208728
4035,10733,21321,31413,41657,51786,63859,70266,85567,93963,103861,113072,126988,136415,150222,155458,167457,181551,198981,200423,213742
4036,10234,21310,31340,41491,51655,63678,70045,85466,93509,103721,112999,125553,136158,149646,156729,167353,164496,184286,198276,194222
4037,10718,21010,30754,40658,50391,62324,68863,84073,91984,101468,110681,124858,133656,146963,155016,162860,178093,182209,194581,207660
4038,10142,20884,30821,40485,50218,62140,68393,83556,91583,101193,109840,124195,133063,146145,156680,162183,177294,183850,195090,206927
4039,10643,20810,30935,40612,50709,62521,76193,84309,92509,102132,111358,125557,135425,147907,156982,168873,179830,196836,198589,209787
4040,10065,20914,30910,40688,50701,62761,76415,84433,92554,102290,111319,124632,135450,147457,156415,168023,179028,183271,198101,210191
4041,10652,20476,30755,40069,49898,61388,74752,82622,90648,100422,109613,123517,133509,145806,155100,164801,177556,183077,196293,208880
4042,10091,20566,30973,39856,49896,61507,74783,82666,90647,100657,109493,123812,133253,145844,155595,165454,177267,194969,197300,209196
4043,10715,20651,31386,40446,50636,62622,75871,83611,92163,102700,112408,125898,135125,148656,155053,167620,181163,185292,201020,213088
4044,10189,20669,31217,40212,50416,62349,75445,83339,91647,102188,111946,125003,135037,148251,155760,167078,180321,185668,199506,212866
4045,10910,21204,31888,41190,51640,63663,77529,85962,94521,105013,114314,128284,138382,151642,160607,168598,164583,188395,202920,199054
4046,9905,21036,31692,41158,51424,63574,69958,85678,94309,104872,114539,127531,138194,138689,156420,168440,182956,188149,188839,198682
4047,10945,21312,31701,41611,51850,63904,70296,86252,94604,105162,114685,127406,138578,139721,155270,169112,184584,188993,193478,199598
4048,9946,21203,31549,41203,51709,63529,69927,85790,94079,104530,114044,126858,137708,139985,157768,166842,164801,188013,203588,198615
4049,11011,21449,31545,41507,51622,63502,69953,85860,94178,104391,113679,126719,136131,138918,153320,168128,181658,185952,191540,196025
4050,10117,21515,31540,41551,51777,63725,70076,85786,94181,104605,113952,126391,136048,140948,155408,168067,181545,186887,202378,215007
4051,10445,21612,31557,41981,52371,64283,70658,86955,95452,106043,115951,128534,138498,143592,156835,168044,184502,188358,203226,219154
4052,10409,21647,31389,41976,52378,64386,70662,78379,95555,106129,115728,117252,138211,145424,156174,166703,166454,187952,190910,219109
4053,10207,22010,32328,42890,53595,59698,72501,80498,97884,108467,118174,120111,140886,147173,161253,171828,188680,191951,196268,224057
4054,10633,21963,31889,42609,53315,59394,72002,80102,88579,108009,108009,120187,140157,146316,157137,156041,168369,190600,197329,203429
4055,10257,19487,31378,41990,52392,58235,70659,78061,86536,104761,104761,118183,136653,143289,153089,158248,165614,186634,204383,199758
4056,10747,21876,31348,41944,52208,58118,70607,77947,94470,104786,104786,120051,136537,146088,154943,162721,184433,186905,192385,199441
4057,10366,19189,31140,41504,51696,57466,69588,76854,93302,103340,103340,119755,134092,146678,156463,171629,179887,184103,192943,195602
4058,10392,21397,30865,41347,51487,63130,69076,84693,92880,102905,111984,121061,133581,150673,155363,167633,179066,185483,203042,213055
4059,10592,21683,31095,41673,52073,63984,70223,85739,94382,104391,114037,129889,136072,151438,156729,169438,165776,186448,201811,216340
4060,9999,19319,31114,41714,52156,63968,70411,85735,94419,104386,114090,128862,135893,139114,153995,167625,181794,186654,191175,215999
4061,10713,21491,31052,41099,51236,63341,69284,84756,92751,103092,112368,126321,134553,140359,155988,166683,180797,185911,201086,215723
4062,10098,21594,31092,41170,51381,63105,69086,84556,92496,102898,112311,126296,134540,146054,155560,166518,180376,186992,199981,215203
4063,10762,19101,31080,41331,51531,63328,69708,85143,93459,103811,113252,126733,134729,145156,155175,164701,162878,187104,199587,214452
4064,10150,21066,31109,41173,51240,62979,69279,84791,93148,103336,112532,125582,134185,145276,163946,164126,178985,186318,199640,194590
4065,10730,21252,31241,41690,52145,64137,70375,85920,94312,104546,114277,127488,137048,153744,153356,166504,183843,188688,203385,218859
4066,10217,21280,31027,41390,51937,63918,70102,85860,94203,104642,113822,126978,136809,141097,154439,166252,183533,188333,188818,218605
4067,10288,21436,31405,41901,52357,64627,71179,86597,95699,106796,116734,129376,139758,146112,159122,173815,170341,192571,195951,205756
4068,10791,21321,31287,41628,52162,58241,70760,85869,94999,106224,116156,118377,139034,144668,157880,159453,170052,179498,196309,204771
4069,10291,21295,31070,41294,51801,57638,70032,85549,93872,104290,113905,117063,136363,143249,153678,159640,165498,176389,202503,197875
4070,10123,21307,31121,41332,51800,63726,69931,85528,93805,104434,114011,119764,136429,145080,154396,169489,183551,190545,192745,197791
4071,10317,21468,31452,41614,52050,64267,70511,86425,94869,105502,115158,122632,137866,145532,155763,171982,185589,191001,204522,201705
4072,10905,21403,31345,41688,52136,64020,70876,86385,94945,105464,115059,123703,137805,145405,155938,170468,186226,189649,193612,201415
4073,10350,21453,31122,41483,51760,63613,70477,85705,93882,104429,114011,122622,136925,144613,155608,166920,166160,188009,194418,201366
4074,10348,19057,30862,41283,51485,63311,69998,85037,93383,103947,113562,123255,136057,144569,155009,166714,183554,187398,203916,200369
4075,10431,19424,31989,42268,52968,64794,79086,87017,95509,106002,115506,124102,137943,146190,156154,167626,185652,187809,192984,201901
4076,10302,21802,31755,42198,52786,58875,71712,78724,95315,105856,115598,124226,137698,145690,155861,167279,167027,187952,205912,201981
4077,10492,19608,31712,42304,52853,58854,71776,78715,95904,106296,116298,125140,138862,146693,157343,171470,187407,190358,193270,205664
4078,10421,21784,31563,42260,52656,64757,71555,78189,95271,105624,115539,124639,138278,146856,156518,155921,168366,190195,196157,205119
4079,10524,19513,31344,42329,52696,58643,71816,78691,95261,105665,115388,125012,137677,145311,156489,158542,169160,188941,195382,204087
4080,10620,21708,31358,42326,52652,64720,72124,78631,95203,105491,115490,124892,138031,145530,156248,164638,171063,188894,207096,204536
4081,10140,22150,31611,42538,53242,65376,72456,79025,95875,106440,116011,124897,138141,146077,156579,164202,187278,188388,191476,204367
4082,10696,19676,31508,42616,53184,58997,72611,78940,95899,106472,116033,125035,138110,145508,158394,164272,185923,188294,193656,204649
4083,10287,19878,32169,43590,54476,66762,74434,81234,98881,109450,119641,127087,130759,149041,159853,165889,174165,193842,212099,211311
4084,10894,19841,31664,43416,54170,60369,74097,80940,89387,108985,108985,125705,130353,147401,159048,165813,174185,175566,195138,210782
4085,10433,20041,31777,43263,54045,60098,73394,80220,88628,108244,108244,124937,129395,146328,160036,166127,173447,176928,194493,210054
4086,10471,20008,31727,43130,53973,59923,73153,79964,88491,108056,108056,124971,129464,146146,159365,166089,173571,181926,194663,209241
4087,10022,19853,31555,43006,53728,65971,73137,80173,88804,107997,107997,125047,128831,144819,156782,164996,172718,183256,194802,207807
4088,10601,19817,31513,42883,53358,65752,73108,79703,88499,107576,107576,124909,128101,144749,156402,163656,171930,183007,207718,207432
4089,10153,19875,31529,43489,54466,61030,75243,81778,90616,110684,110684,127459,132812,147608,161978,167882,179314,197743,197743,215095
4090,10861,19887,31752,43595,54528,61012,74818,81749,90518,99457,110885,126473,132957,147592,147360,168287,178076,181780,197805,197253
4091,10344,20062,31934,44013,49234,61429,75269,82755,91390,100403,112518,126594,134371,149270,149411,168146,181031,187348,202725,202725
4092,10334,20062,32033,44057,54801,61450,74705,83091,91474,100466,112379,126412,134870,149087,150588,168792,180840,187920,201527,202321
4093,10419,20385,32484,40119,50223,62421,75697,83848,93021,102019,113830,128316,136070,150327,154676,168652,166177,187776,201598,205274
4094,10433,20229,28218,40003,50054,62137,75429,83247,92512,101540,113518,127548,135292,149948,157348,167238,168954,187226,200665,207488
4095,10647,21003,33583,41667,52071,64936,78644,86905,96502,106225,118411,132165,141329,156010,158683,172122,177480,191888,208110,210846
4096,10558,20918,29446,41656,51907,64777,78334,87030,96365,105951,118227,122037,129597,143378,158858,158884,174461,190914,187927,209948
4097,10679,21025,29441,41158,51459,64103,77748,85632,95014,104246,116114,119897,128081,142121,157892,163178,177642,188885,188499,210162
4098,9892,20886,29333,41052,51244,63735,77342,85418,94626,103695,115787,120426,127965,141962,157740,165072,177159,187459,189146,209156
4099,10839,21599,34553,42209,52495,65387,78914,87244,96349,105677,117662,123049,129998,143619,156040,175346,178913,188891,195053,208755
4100,10810,21545,30073,42114,52654,65275,78888,87155,96465,105769,117917,123646,131305,143803,157078,172449,177110,188468,196273,208269
4101,10195,21997,30919,42904,53451,66564,73265,88660,98300,108031,120380,125677,134170,146712,160602,175386,180858,192721,199289,213684
4102,10197,22080,30713,42933,53446,59506,80398,88604,98602,108087,120148,125564,133529,146875,159199,159482,178614,192328,198867,212495
4103,11050,22363,31351,39240,54510,60633,81370,89839,99551,109319,121449,126631,136358,148448,160642,161967,179359,194271,199117,214316
4104,10309,22308,31154,43501,53974,60312,81123,89517,99457,108866,120765,125954,135075,147899,148952,165040,180062,178114,197428,194406
4105,10337,22781,31671,44338,54991,61284,82469,90715,100361,109947,122282,127180,137273,149505,150595,168879,178763,179344,200621,201834
4106,10296,20363,31624,40092,54924,68148,82207,90707,100491,109875,122027,125706,137129,149221,151443,167414,177945,181546,199283,203522
4107,10434,20655,32356,40928,56413,62960,84763,93378,103253,113488,125518,129932,140467,153519,161709,170820,182757,187656,203091,221982
4108,10413,20657,32197,40773,56323,69524,76756,92826,103047,103047,124952,128778,140316,140359,159789,169287,170171,187507,201349,203838
4109,11060,20858,32806,41707,57532,70989,78603,86146,105287,105287,128097,131172,141090,143572,161090,171910,175154,191063,203956,208292
4110,10381,20907,29609,46217,57539,71190,78643,86416,95647,105438,128270,130690,140478,143567,159094,160891,175972,189721,189545,208470
4111,10348,21305,30351,47820,58714,65598,81551,89922,98905,108983,131055,133543,144597,146737,161602,163618,178113,191920,194590,209881
4112,10313,21350,33869,47932,52794,65434,73554,89901,99121,109061,130942,132713,143245,146823,160373,164556,177872,189891,195159,209675
4113,10416,21236,33432,47085,52336,64657,71890,87875,96894,106490,128439,130464,140780,144213,157265,164236,175049,186552,192667,206708
4114,10402,21099,29985,46888,51910,64268,71711,87415,96355,105835,128299,129924,140351,143788,157034,164848,175290,187590,195586,206964
4115,10334,21171,33510,47247,58576,65300,73027,88807,97855,107822,132542,133557,144545,148521,161893,167464,179009,192265,200550,214297
4116,10305,21210,29940,47189,52403,65238,73014,88805,97506,107846,132419,133224,132907,148100,161068,167346,178507,177757,199686,213729
4117,10344,21453,34147,48024,53431,66227,73902,90157,99988,110137,133570,133882,133882,149593,162066,167656,177795,181740,199151,214172
4118,10419,21449,33980,42970,53118,66194,73722,89840,99551,109868,120509,133463,133565,149211,161107,166082,178038,183362,197844,213610
4119,10975,21362,33927,42672,53248,65946,73648,89902,99153,109682,120434,133249,133763,149288,161150,167053,177697,184983,196376,212446
4120,10361,21469,33999,42533,53182,66048,73820,90056,99303,109858,120360,133318,133636,149321,161404,167546,177894,186280,197930,196152
4121,10153,21454,33934,47624,53055,65695,72895,89272,98234,108876,119160,131927,132273,146729,156683,165748,173972,184304,195355,207658
4122,10167,21515,34005,47568,53304,65811,73016,89133,98461,108878,119254,131918,132306,146291,156589,166550,174902,186136,196416,207719
4123,10867,21739,34905,49479,54872,67832,75547,92881,102358,113241,124028,136601,137407,150646,162798,166865,179948,187615,200542,213472
4124,10243,19348,31051,43875,54725,67626,75254,92445,102053,112764,123448,136157,136473,149553,162431,167525,179047,188055,198518,214168
4125,10348,19366,31236,44247,55128,68177,75974,92989,102290,113199,124184,136692,136895,149244,163190,166139,179965,189160,199435,196869
4126,10329,19276,31205,44072,55102,68177,75887,92753,102214,113293,123997,136654,136829,148784,162864,166244,179425,187472,198647,213816
4127,11019,19857,31569,44542,55691,68238,75580,92632,102408,113017,123301,135382,135966,147592,160589,166205,176389,185087,197396,209159
4128,9966,19776,31534,44436,55474,67978,75288,92111,101938,112531,122489,134743,135394,147100,159872,165497,175697,185823,197192,208544
4129,10436,22500,31664,44180,54783,67048,74387,90662,99546,110084,119982,131895,132308,144329,155618,164180,172494,185563,193986,206565
4130,10501,20073,31670,44211,54878,67279,74407,90668,99503,109947,120119,131832,132563,144095,155450,164970,173262,192354,195832,206076
4131,10674,20525,32373,45087,56116,68821,76311,92931,102569,113048,123204,134817,135373,146662,158557,168986,176172,192901,209849,208600
4132,10654,20535,32264,45074,56110,68735,76280,93160,102640,113142,123089,134927,135467,146823,158396,167754,175944,180977,193932,207887
4133,10033,19685,30860,42943,53340,65158,71968,87661,96198,106493,115962,127429,128363,138830,150675,162995,171117,177801,191100,196573
4134,10244,21937,34329,42811,52941,64822,71582,87305,96008,105941,115562,126744,138202,139320,150454,168249,174465,188920,200594,199893
4135,9913,20716,32582,40723,50367,61984,68574,83507,92338,101702,110933,121899,132517,133802,143903,163086,168791,184399,195639,199365
4136,10859,20664,29180,40676,55923,61795,75838,83432,92295,101713,110827,121852,132483,135040,143993,165660,181225,192182,196919,212207
4137,9917,19672,27768,38753,47926,59139,72598,80096,88420,97412,106268,116506,127372,130740,138653,161552,176427,186500,193137,208249
4138,10487,22019,27652,38605,47698,58780,72337,79765,88101,96956,116166,116166,127499,140536,151449,173112,183597,187458,203446,219503
4139,10128,20832,26034,36428,44549,55347,68122,74466,82131,90930,110144,110144,120630,137811,144639,163245,166669,182676,196100,198021
4140,10195,20834,28874,36490,49851,61759,68268,82341,91046,99468,110101,110101,133227,148153,145265,164315,178026,183646,196721,203008
4141,10762,20038,27884,34954,47990,59664,65866,79873,88059,96644,106916,106916,129012,145026,141284,160748,174230,175885,193106,210076
4142,10159,19991,27836,38677,48067,59431,72334,79854,88147,107106,107106,116758,129404,145336,155234,160358,186775,188345,204199,208892
4143,10151,19513,27119,37480,46483,57565,69685,76682,84515,102983,102983,112571,125086,140197,152685,155400,179937,184270,185964,203374
4144,10563,19433,30434,37409,51362,57278,69275,76298,92173,102304,102304,111957,134898,139998,154017,167271,179273,184152,199323,215420
4145,10119,19679,30845,37972,52290,58100,70515,77787,93946,104070,104070,113378,136892,141066,164792,168454,181438,186680,200596,216914
4146,10650,19668,30732,37874,52064,58064,70451,77572,93684,103904,103904,113291,136832,140902,152284,167456,181216,186608,199888,216052
4147,10251,19972,31177,38119,52555,58442,70837,78187,94315,104412,104412,113973,137592,145388,155130,167465,182456,188276,201639,217825
4148,10258,19901,31055,38068,52233,58040,70442,77782,93683,103912,103912,113492,136704,141617,155163,166486,181583,187169,188230,216544
4149,10766,20291,31740,38926,53489,59357,71854,79003,95421,106010,106010,116000,139380,143847,158227,169144,185577,188258,204075,218686
4150,10351,20422,31864,38991,48088,59298,71912,79267,95732,106096,106096,116692,139602,144270,157359,169745,166008,188287,191220,218962
4151,10471,20636,31945,39334,48554,60077,72721,80010,96527,107275,107275,118416,140136,146751,157335,169419,185615,188005,205905,220080
4152,10460,20625,31914,39440,48606,59956,72734,80126,96763,107245,107245,118536,139836,146276,156177,168715,167380,187796,192891,220144
4153,10426,20820,32505,39830,49247,61160,73842,81472,98640,109129,109129,120147,141172,147797,156926,170793,187593,190435,204608,222318
4154,10401,20713,28596,39784,49015,60708,73299,81058,89383,108526,108526,120119,130211,145897,156478,156478,169943,189065,192591,202031
4155,10732,21468,29575,41158,50685,62692,75673,83594,92416,112176,112176,123305,134514,147732,160364,161835,174375,193444,195683,207809
4156,10635,21569,29643,40876,50517,62745,75617,83451,92259,100757,121573,123062,134118,146841,159988,165203,174228,176665,198063,207706
4157,9713,19518,27169,38041,47260,58849,71436,79080,87632,96172,106669,118368,128477,142645,152454,162055,167308,177487,193651,199216
4158,10152,19364,31413,37933,52514,58472,70946,78539,87059,106153,106153,118524,128199,144126,153939,163481,183641,188852,204991,198173
4159,10079,18363,29082,35143,48488,54162,65975,72597,80459,97856,97856,111512,120883,133662,147962,162188,171736,178380,178625,186491
4160,10604,21193,29740,38958,48588,60025,72540,80236,88210,97682,106807,122133,132746,147703,158521,173044,172132,189960,194852,204290
4161,10419,20462,29342,37694,47133,58299,70609,77970,85629,95052,104217,120408,129821,142242,155259,156766,169132,186717,190006,198578
4162,10366,20559,33104,37771,52511,58112,70596,77938,95077,95077,103941,121004,140912,142187,156372,169821,171930,186666,201032,198449
4163,10134,20586,32660,38114,53615,59457,72117,79922,97697,97697,106719,124074,142209,148273,158469,172754,177434,190411,203850,202609
4164,10589,20570,32023,37810,53115,59005,71421,79489,97262,97262,106157,123175,130853,146201,157595,159576,176519,188379,203024,203024
4165,10367,20615,31499,41941,52525,58003,70359,77909,95376,95376,104406,121459,131004,143044,153944,168837,174812,174911,200261,201202
4166,10290,20536,31475,42116,52350,57962,70302,77771,95176,95176,104175,121234,139788,146508,154769,157985,174486,187127,199683,205810
4167,10227,21066,31956,43084,54089,59471,72736,80604,98408,98408,107615,124862,142586,148358,157708,173844,179589,190713,206431,208205
4168,10760,20866,31798,38262,53733,59447,72326,80061,87878,98081,107270,124413,130044,146033,156655,159613,177791,189888,204853,207817
4169,10224,21199,32354,39386,55310,61194,74793,83120,91466,101915,111264,127449,134457,150535,161919,177906,179831,183252,211323,212215
4170,10251,21068,31945,39353,49586,61207,74785,83125,91561,101663,111141,126407,134923,149863,150425,162278,179367,194556,192185,211862
4171,10409,20804,31319,38319,47697,58745,71079,78986,86356,96178,104947,122793,130737,140100,148497,159105,171269,175845,183590,203937
4172,10410,20810,31275,38255,53327,58718,71160,78683,96231,96231,105203,123411,132146,141648,159050,170129,175729,188477,200659,205635
4173,10820,20392,30457,37456,52229,57840,69916,77398,94349,94349,102806,120623,139181,141794,155105,166066,172403,185708,195960,203447
4174,10274,20611,30570,41628,51824,63243,69689,84345,93573,93573,111881,119964,137866,142844,154905,166098,180580,184993,195815,204203
4175,10174,20708,31174,42244,52635,63711,70164,85271,94535,94535,113183,128710,137464,142388,156796,167581,181160,187858,197626,206808
4176,10648,20751,31097,42173,52344,63534,70002,84834,94516,94516,113075,126912,136400,143736,155804,166721,180789,187629,197026,206508
4177,10542,20558,30468,41263,51213,62069,68501,83066,92474,92474,110595,124748,134404,140293,154406,165249,177018,184011,193258,203264
4178,10107,22901,30711,40890,51071,61660,75444,82506,91690,91690,109896,124035,134745,139068,163041,165515,175818,182581,192188,202967
4179,10401,21818,30138,39924,49675,60266,73217,80167,88958,88958,106401,122174,131655,134771,156742,162106,171376,176966,187945,195799
4180,10456,21698,30344,40021,49839,60215,73219,79986,89056,89056,106637,129968,132804,147067,156978,161181,174162,188872,193882,211655
4181,10425,21657,31053,40447,50336,60763,74359,81770,90444,90444,108535,130287,143799,147302,158794,164851,189355,190091,196631,211898
4182,10457,21554,31097,40467,50235,60957,74254,81522,90744,90744,108619,130134,132204,146426,158629,164660,173205,189749,196832,210707
4183,10210,21188,30793,40046,49687,60117,73011,80120,88873,88873,107257,128676,132102,143673,157078,162185,172105,188497,195298,207406
4184,10675,20966,30752,39753,49221,59733,72392,79480,88196,88196,106396,127944,140699,143455,156377,162448,174613,187251,193638,206236
4185,10118,21141,30823,39529,49226,59674,72525,79243,88120,88120,105925,126447,130464,142321,155121,161143,184728,184932,190667,207085
4186,14045,17856,18415,23385,29196,36085,40452,45091,50243,55821,61401,67498,67498,75067,82765,82766,91536,91536,100220,100221
4187,12669,27874,37240,48486,56744,67603,75516,88798,91123,103953,111665,114461,125539,134937,147220,149238,161748,163042,188599,192834
4188,10243,26237,35843,50263,55778,70609,77896,86554,96680,109409,118885,120519,138871,141223,154572,168162,171113,183822,200717,203324
4189,10624,24370,35021,49650,55136,69439,76535,92622,95692,107684,117985,127555,137326,141351,164133,168034,181649,184617,199826,216879
4190,10302,23693,35087,49732,55873,70414,77886,94524,98341,108025,118679,128644,138083,143923,166399,168435,181119,187130,202439,218969
4191,10640,22852,33597,43832,55827,69730,77834,84490,95512,107384,117067,127161,137616,144014,150992,158593,181000,187141,199646,199646
4192,10408,21784,32184,42259,53761,67631,75163,81964,92033,104398,113896,123897,134288,140326,147553,166977,175817,183340,194481,199314
4193,10413,21430,31738,46429,53249,67120,74948,90494,91909,103753,113257,123651,133934,147448,162053,166744,175658,182110,196280,214720
4194,10348,21350,31467,44783,52650,65960,73121,89360,92121,101637,112319,122726,134038,147725,159042,164578,173765,179158,194516,208787
4195,10350,21292,31461,44300,52479,65779,79461,88974,92079,103276,113247,122938,133780,147067,158426,164378,175000,190522,194953,207830
4196,10452,21281,31567,44631,57157,66563,80878,89825,94150,104587,114823,124821,135036,146413,160583,165397,177135,191696,198143,212355
4197,10450,21203,31274,44378,56676,66214,73203,89432,97671,104804,114313,124281,134343,145840,159863,165211,177078,191229,198216,210910
4198,10304,21266,31260,44189,56236,65745,72789,88875,91408,103787,113254,124493,142024,144567,159225,166329,177152,189011,196965,209578
4199,10866,21242,31284,44339,55213,65767,72748,88869,92788,103416,113807,124271,133022,145131,159480,166464,176856,188643,195289,209786
4200,10670,21046,30846,44067,55219,65381,72320,87862,93117,100815,114185,123574,133180,147256,155384,166225,176652,186081,195642,207094
4201,10439,21105,34129,43925,54702,65206,72320,87899,93366,104239,114549,131005,132708,146055,155228,165533,185848,185848,195606,207243
4202,10447,21403,33752,44722,55304,66496,73839,89605,93774,104444,115852,132159,144541,145577,161235,168245,176436,189923,199640,212291
4203,10449,21250,32819,44378,54428,65916,73206,89148,94413,106328,114865,130960,133199,146369,158460,165992,175303,189314,197498,211080
4204,10475,21394,32557,44551,54700,65841,73465,88902,93347,100707,114685,131053,134230,146747,157636,167466,176746,189768,197625,210737
4205,11130,21186,32339,44455,49429,65634,73308,88893,93545,105388,114462,130252,134312,147428,156647,166316,176395,189717,197653,210670
4206,9882,20872,31393,43151,48017,63445,70951,85503,92808,104634,113335,126209,132829,142801,153016,165817,174100,184078,195335,204535
4207,10283,20787,31227,42745,52532,62983,70941,85037,93266,102633,118627,125923,133502,143236,152529,172389,174560,184536,194591,204722
4208,11101,20821,31238,42734,52511,63458,71770,85270,95125,105174,118922,126654,143282,155114,151429,171925,185919,185919,197492,205641
4209,11523,20858,31404,42815,52698,63429,77911,85367,94587,110600,118649,126076,139545,155688,155491,169944,171719,185993,206874,220349
4210,10213,21076,31945,43385,53680,64460,79223,87523,99393,111404,122669,130618,144648,158759,158204,178057,181407,195236,212617,227585
4211,10289,21078,31857,43628,53619,64317,72960,87535,97983,103959,122190,130036,134805,143137,158624,175534,180382,191058,191375,223836
4212,10388,20961,31586,43404,53430,64337,72730,86811,93471,99742,121854,129783,135084,143042,159764,173862,180842,193355,197383,225575
4213,10364,20813,31444,43091,53037,63821,72180,86234,93086,99906,116447,128711,134487,143444,156255,170580,179452,190285,198932,205181
4214,10347,20919,31871,43878,53858,64959,73607,88357,94678,108008,117682,130703,136740,145207,159669,172198,182123,194050,201354,209298
4215,10351,20900,31639,43747,53824,64881,73611,88286,93876,107089,116982,129340,136247,145486,158814,158428,180826,192767,200217,208787
4216,10317,20618,31355,43088,53164,64197,72802,87376,94573,106569,115485,128280,136119,145851,156744,156954,177713,190221,195720,207298
4217,10478,20557,31200,42928,52903,63919,72445,86987,94023,105387,114937,127609,135627,145115,155661,163206,176820,188766,196709,206543
4218,10656,21207,32068,44317,54642,65872,75035,89849,95545,103221,118374,130133,138196,148372,160093,166255,181306,192928,201048,210927
4219,10513,21275,29143,44508,54610,66006,74791,89873,94902,103137,108740,130030,137466,146993,160005,166549,180414,190990,199164,210511
4220,10416,20684,28374,43092,53002,64230,72926,87433,92960,102730,106732,126116,134904,145695,157451,165438,176724,188469,198981,206727
4221,10417,20709,31390,43141,53142,64156,72946,87573,93242,105688,108281,126218,134918,145841,157074,166322,176436,188287,200961,207092
4222,10539,21041,32133,44431,54482,65755,74774,89562,95232,102859,112382,128514,137491,147913,160249,164408,182082,192875,204932,211055
4223,10566,20940,31974,44193,53923,65407,74064,88996,94203,104507,111747,127542,136728,147055,158869,169892,180051,189694,197188,209577
4224,10781,22081,33706,41938,57171,68955,78159,94706,98172,111170,122173,134312,141633,152629,164703,171725,183033,195920,202655,217241
4225,10475,19537,30497,41725,51989,68998,77702,85061,97692,107829,117860,122290,140334,142259,164253,168359,181047,179206,200955,216001
4226,10437,22051,30427,41725,52032,68892,77319,84628,97497,107485,114545,121953,139883,143904,163506,168596,179758,179369,201128,213993
4227,10372,21869,30255,41351,51619,68545,76628,83940,96553,106214,118397,121052,138953,143553,161902,167192,178240,181279,200918,212857
4228,10220,21069,28984,39629,49649,65599,73358,80473,93404,101617,109320,115836,136141,143702,155215,163835,171222,179485,197425,204250
4229,10280,21154,29196,44486,49576,65567,73397,89648,93311,102113,110288,128165,135912,151337,155211,169436,172401,196184,197758,204700
4230,10322,20839,32267,39015,48491,64329,71404,87545,93302,102273,116563,124321,130260,150642,153665,168814,176553,191405,197331,201846
4231,10347,20866,31975,43513,53311,64473,71348,87703,93219,103211,119911,125688,136028,158756,153925,175135,176742,190455,197224,203152
4232,10149,20401,30883,37624,51291,61576,68529,83848,91013,101075,113457,118506,131428,149938,148487,164956,173803,185045,193347,193880
4233,10257,20261,30934,41722,50932,61065,68454,83225,91443,109467,121754,117883,139135,148752,149033,171162,185734,185865,202576,212210
4234,10514,20638,31381,42398,52210,62929,77331,85449,98281,107863,126684,125230,143766,156002,157474,172579,188448,193099,208760,219000
4235,10455,20540,31127,42150,52022,62787,76824,85496,91681,107001,113271,125022,141398,154199,156850,170924,172096,188305,206123,217351
4236,10261,19284,29474,39534,48308,57988,70829,78903,86185,100870,105861,114690,131102,140049,145255,156958,161806,177031,190215,201259
4237,10948,20976,32613,43604,47929,64087,78296,78129,93438,107499,115999,115999,141943,141099,157013,158778,177678,191024,206113,202286
4238,10676,20590,31287,42420,50846,61854,75656,75656,98302,104605,113647,115433,137458,138643,153473,158054,186021,186021,201555,200018
4239,10552,20653,31238,42517,50844,61810,75647,75647,96884,104209,113980,127395,138154,140136,165688,171894,185548,186932,200457,201831
4240,10181,19999,30023,40481,48506,59269,72566,72566,93084,101274,111406,121999,130059,135388,159863,162388,177088,178644,193697,195361
4241,10357,20005,30355,40491,53553,65017,72706,72706,93160,102486,112124,134796,142787,148694,159051,177594,191685,195492,209352,213047
4242,10407,20313,31407,41890,55132,67144,74760,82005,95837,106934,115739,137516,149843,151877,163928,183127,192219,202021,213810,220060
4243,10411,20104,31204,41493,54709,60524,74267,81289,95272,106416,114910,131626,146203,151211,162183,164512,188662,199435,205997,218664
4244,10343,21024,32485,43415,56904,63173,77271,84511,99045,107449,118856,132374,142215,153067,161791,166554,186339,197676,201961,212324
4245,10447,21009,32056,43377,56765,63088,77284,77284,98538,106801,115701,119685,141869,151418,160475,166535,185772,193217,201661,212244
4246,10411,20544,30988,38434,56145,62306,76413,76413,95906,103400,111507,117284,138566,146306,154986,161817,179826,183090,195827,203487
4247,10370,20390,31008,42463,55752,61645,75937,75937,94832,103980,111564,117763,137706,145233,153874,165087,179155,182707,194782,204734
4248,9326,18152,28099,38471,50455,56431,69210,69210,86148,93376,101727,117395,123744,131827,138184,154535,160203,163326,173668,182769
4249,10345,23149,32087,41856,50417,62452,69385,75744,92343,101765,115591,131624,124445,141688,150647,172012,172971,182802,193286,207227
4250,10921,22900,31761,41836,50084,61934,68858,75184,89766,103378,120903,124795,129632,135668,154068,162131,166613,175994,186278,197596
4251,10116,22786,31674,41810,50082,61898,68882,75155,90900,111988,119339,124942,129880,145629,154368,163027,166573,179429,187737,198931
4252,9884,18935,28737,38039,45650,55565,62044,67736,85943,95657,107554,116390,119739,136982,144107,155564,154255,176810,178641,195230
4253,10063,20907,32360,41225,50342,61590,66954,72449,91985,107906,117703,123449,122352,140362,147290,158582,159591,181238,187919,201187
4254,10644,21196,32850,41562,51169,62752,68378,78759,103048,109310,118250,125956,126692,147264,155486,165880,169880,187960,199257,207020
4255,10620,21103,32417,41556,50929,62648,68600,78622,95349,108854,118266,125436,128422,147181,156115,165761,172030,187746,199819,205960
4256,10082,19576,29575,39421,48483,59398,66912,79349,99619,117032,125921,134999,148302,155823,168219,180799,186912,201345,211939,225198
4257,10843,21442,29879,42907,52659,58947,73187,79026,90271,96872,109299,132677,136300,149125,163825,172067,181956,192873,200976,217018
4258,9821,20092,28517,38737,47259,52022,63787,68232,79863,83498,90668,107102,114761,124137,135035,143644,155189,161818,171376,178752
4259,10726,20137,31619,42881,52131,52131,69604,75685,87739,97808,107934,113184,127970,132114,141523,151902,163737,174215,180067,196002
4260,10085,20024,31199,42387,51669,51669,69675,76984,86233,93921,102605,109759,123219,138475,142066,158027,166222,180077,192317,163133
4261,10217,20047,33629,42560,51580,60446,69638,76916,89082,97994,108963,114395,130235,141900,152713,157620,176679,179469,192166,162348
4262,10126,21657,32837,41919,50762,59782,68427,76622,91330,102023,113407,118975,132978,139271,152507,152720,170899,170899,181687,155571
4263,10162,21423,32219,41455,50185,59085,67882,78023,92082,102884,113001,122401,134896,138354,151380,151559,170190,170331,180123,154432
4264,11035,24072,36092,46500,56976,67114,75824,85784,95612,104181,117472,126072,137849,145192,157826,163501,178329,182261,194861,170003
4265,10890,21937,32756,42153,56647,61878,75546,84637,94800,104489,114918,124804,136390,144999,155900,161686,175875,181900,194940,169422
4266,10760,21826,29267,41884,56323,61668,75280,85251,95817,105905,115331,126119,134377,145676,156490,163196,177612,178983,191639,172009
4267,10522,21642,29019,41508,55721,61108,74531,84053,94502,104406,112604,125960,134611,144601,156503,161534,176309,179345,191826,170712
4268,10400,21563,29299,41451,56228,61341,73369,83519,94746,104503,114241,124832,135957,144941,157400,163308,178016,183900,196018,173955
4269,10440,21670,29608,41442,56308,61463,73684,83655,94514,104223,114160,125709,136010,145329,156399,163803,177087,184985,195961,173727
4270,11212,23967,33062,45343,61050,66736,77930,90640,101219,111600,119486,128541,144020,149632,160633,167457,181093,187969,201351,187010
4271,10965,21949,32502,41621,55193,61178,73115,86345,98562,108525,117841,127332,136244,147781,155105,167107,177264,187800,200012,186297
4272,13899,30624,45802,58905,79082,87535,101920,118383,127944,139674,150365,162332,177352,180160,194859,198251,210119,215455,233797,252631
4273,9272,19825,30428,45572,54532,64186,86997,94489,101277,108974,118849,138866,148578,150088,161716,166519,192565,195247,207474,208871
4274,10295,21534,32621,43330,57430,68491,75579,91723,99241,106989,123462,132909,145834,147418,170223,171535,185674,187133,220727,220727
4275,9385,21446,29344,38489,52839,68434,75452,91688,91954,99152,114023,123502,132660,147014,157391,160374,170231,188657,202477,203201
4276,8761,20613,28402,36784,50848,64172,69323,81936,81936,88616,103045,112672,122472,135454,135301,161579,160197,163761,192561,192561
4277,9302,20538,28255,40886,50616,63733,68884,81494,81494,95469,112183,112183,134418,136157,147002,161492,175294,181504,191548,194732
4278,9997,21055,28942,43177,53829,71628,78993,96463,96463,126549,140408,140408,169630,169630,185229,199516,216825,216825,235470,235470
4279,10197,21136,28936,38796,53835,64756,71795,86876,96396,105305,115582,115582,140428,140607,152370,169888,185167,185650,199864,216843
4280,10867,22343,30836,41673,57885,70090,77246,94072,105392,105392,126392,126392,137940,152378,167829,167829,188289,188289,224827,224827
4281,10561,20268,30821,41658,51927,64041,70197,85108,94086,105508,115564,115564,126392,137966,152398,152398,167888,169903,188351,206303
4282,10475,21468,33410,45447,57192,69561,75627,91577,101634,112695,123195,123195,133207,143251,154988,155271,166771,174302,183350,198947
4283,10429,21394,29597,41174,50523,63131,75275,82586,101164,112342,112342,122604,132580,142704,154448,155833,166073,190680,182718,198532
4284,10676,23288,32251,45238,55919,70204,83931,92445,113292,125976,125976,137486,148713,160062,173549,173817,187235,207468,206397,222974
4285,10421,20881,32256,45047,55737,70063,77106,92249,102401,112945,125796,137332,137332,148611,159900,160407,173291,188612,187381,206432
4286,10821,23908,33306,46230,56910,71117,78410,93129,103662,113407,126859,138015,138015,138015,149927,162520,175208,178295,189217,209278
4287,10828,23878,33154,46135,56619,70947,77934,92856,103282,113043,126282,137326,137326,137326,149311,162107,174492,179750,188555,188555
4288,10397,24368,34087,47210,58136,72645,79899,95673,105826,116726,129934,141833,141833,141833,153706,167057,180090,185887,194443,194544
4289,10477,24416,34049,47249,58175,65301,79963,95754,95754,116879,129976,129976,141714,141714,153930,167443,165728,185930,194366,197146
4290,10812,25508,35316,49438,60955,68452,83687,99962,99962,121962,135157,135157,147990,148198,160776,162945,172958,192361,203912,206327
4291,10488,23031,31887,44630,54589,68411,76320,91005,99855,110301,122075,135324,135324,148368,148125,163708,173277,179665,188220,206328
4292,10428,23476,32486,45683,55943,70273,78356,93456,102818,114000,125464,139866,139866,152478,152478,168046,178309,184827,193667,212131
4293,10397,23408,32378,45554,55780,70046,78065,93073,102424,113578,125039,139317,139317,139530,151802,167164,177783,184840,193252,211453
4294,10393,23306,32532,45418,55754,69795,77597,92791,102035,112523,124383,137755,137755,138753,151706,168052,177408,186262,193672,211781
4295,10537,23245,32405,45420,55560,69565,77580,92548,101948,112251,124233,137602,137602,139036,151455,168013,177308,186213,193575,211184
4296,10486,23279,32541,45667,55912,70042,77931,93495,102568,113854,125346,139106,139106,141855,153271,168461,178880,187986,194672,210814
4297,10238,23212,32403,45447,55721,69801,77629,93147,102093,113367,124898,138630,138630,142910,153221,167801,178039,187348,193994,210204
4298,10604,22981,31941,44477,54370,68105,75765,91042,99643,110674,120985,135084,135084,138718,149124,162436,173201,183022,191542,207215
4299,10262,22982,32070,44549,54352,68170,75748,90892,99853,110731,120932,135260,135260,141192,149659,163407,174226,183213,191924,207513
4300,10707,22882,31928,44260,53939,67450,75125,90114,98766,109752,120435,133788,133788,141565,148694,162587,172938,181095,189700,205925
4301,10306,22918,31943,44277,53967,67378,75163,90172,98699,109671,120637,133835,133835,150628,148900,163880,173154,181209,190656,206008
4302,10423,22521,31392,43557,53431,66510,74285,89398,98190,108885,119138,133286,133286,148741,149677,167540,174235,183450,194299,208723
4303,10403,22451,31155,43352,53003,66052,73836,89019,97839,108425,118576,132594,132594,148032,151706,166887,173661,182960,195928,208069
4304,10028,21646,30391,42598,52292,65089,72653,88076,97422,107581,118537,131917,131917,149127,157379,167019,175518,186107,198206,211876
4305,10396,24154,33808,42500,52218,64990,72583,87962,97340,107502,118328,131717,131717,147589,164035,165681,175634,186046,198126,210839
4306,10211,23775,33214,41590,50960,63902,70937,85458,94076,104315,114446,127680,127680,143838,157485,163866,168075,178489,193152,200707
4307,10172,23680,33112,45939,56519,63653,78063,85204,93616,113691,113691,127246,127246,143248,156656,164065,168572,189580,204008,201041
4308,10477,22837,31722,43810,54066,60411,74020,80896,88861,107943,107943,120153,120153,137094,149122,155174,164708,181702,193525,192755
4309,10489,18471,31743,43849,54122,67447,74227,88981,98365,108061,120258,120258,131240,148796,153227,166527,178580,182980,194565,211280
4310,10263,22501,31361,43559,53531,66652,73550,88468,97604,107643,119718,119718,130944,147838,155343,166093,179435,182570,196779,211021
4311,10277,18105,31304,43553,53529,66801,80481,88353,97767,107760,119900,119900,130861,147404,155525,166164,177933,182540,198471,210196
4312,10252,21686,29948,41715,51280,64137,77182,85034,93971,103098,114651,114651,125501,141708,149068,161869,172962,176605,190975,202782
4313,10177,19497,29805,41456,51114,57362,70143,84625,93525,102510,114176,114176,124830,141856,158749,169812,181161,186953,202290,204093
4314,10447,19429,30215,42252,52085,58103,71442,86192,95248,104539,116373,116373,127684,146616,158634,170339,185584,188977,203564,221302
4315,10403,19459,30241,42124,52022,58208,78225,86272,95245,104389,116249,116249,127671,146425,155320,169444,172358,188464,190108,204082
4316,10261,18839,29207,40656,50276,62739,69173,83201,92300,101625,112681,112681,123798,143386,158514,164839,170355,185240,188880,201824
4317,10306,20754,29145,40377,50001,62340,68933,82883,91750,100865,112205,112205,134519,152262,156210,165907,180847,186784,200551,205556
4318,10269,20776,29007,40711,50433,63236,69478,83897,92931,102094,113754,113754,136321,150837,156157,166709,180917,186883,200899,216986
4319,10307,20750,29035,40893,50474,56717,69675,84066,92899,102284,113807,113807,136202,149204,155494,166806,169933,186731,199744,203072
4320,10251,20173,28369,39616,49156,61302,67678,81709,90433,99078,110694,110694,132103,144626,153904,164113,169427,186409,195909,203649
4321,10199,20154,28340,39638,49100,61254,67652,81520,90233,99282,110665,110665,132263,145543,154585,165203,179480,186448,196496,213509
4322,10489,20308,28796,40468,50115,63009,69704,84125,92555,102089,113913,113913,136252,149070,157578,168005,181351,188045,200234,215911
4323,10395,20281,28648,40247,49872,62564,69177,83576,92177,101801,124103,113495,135691,148058,156971,167367,180316,185475,197941,201618
4324,10682,20293,28540,40317,50041,62591,68888,83004,92046,101149,112961,112961,134647,147345,156780,167487,180242,186457,200282,205472
4325,10611,20198,28567,40265,49845,62511,68698,83055,91993,101168,112743,112743,134618,147052,156239,167760,178803,185507,197733,217422
4326,10465,20161,32375,40072,49968,62858,69409,83895,92911,102350,113890,113890,136582,148439,158372,170231,182059,191501,201174,217396
4327,10374,20158,28430,39945,49878,62343,69068,83468,92394,101999,113463,113463,135942,147717,157087,169605,169605,186351,199773,199773
4328,10028,19514,31118,38722,48225,60183,66765,80697,89474,98189,109001,109802,131613,143422,155060,165355,169309,187576,197012,203429
4329,10484,19512,31109,38676,48159,60250,73359,80749,89442,98175,109292,119924,131559,143651,155592,165448,181605,187823,197243,205735
4330,10280,19462,31307,38950,48342,60792,73518,81243,89753,99188,110394,122190,133672,145476,156248,166317,180061,186066,196834,206555
4331,10218,19476,31203,38940,48389,60653,73787,81227,89810,99173,121194,122287,133716,145562,156576,166669,179543,186739,197034,216260
4332,10507,18972,30173,37490,46473,58297,70554,77818,86218,105703,105703,116992,128728,139749,152321,160829,174461,182355,192356,206522
4333,10467,18959,29985,37319,51702,57808,70227,77273,94146,105162,105162,117003,128408,143873,160419,162081,184957,191832,195820,206123
4334,10415,21386,30533,41943,52510,58960,71088,78656,95707,106678,106678,118804,130737,142351,161892,175388,185479,191049,205304,207947
4335,10400,21498,30536,41810,52563,58906,71094,78502,95682,106517,106517,119465,131479,143215,159188,172499,185288,190039,193769,208601
4336,10547,20938,29960,40531,50888,56742,68885,75904,92440,102844,102844,117686,131022,143844,150961,166843,179293,185491,194961,207974
4337,11017,20872,30234,40325,50585,62489,68373,83418,91730,102476,102476,118445,139813,145690,156696,167719,163146,185625,201596,216938
4338,9692,20215,29345,38836,48826,60304,72673,80464,88097,98032,98032,117125,131901,145041,151207,160496,172602,182557,196549,206002
4339,10135,20236,33256,38997,48933,60391,72578,80361,87917,98198,107536,126235,135242,149007,160997,162381,173630,190228,196703,206613
4340,11311,20246,33096,39494,49419,61152,73773,81773,89929,100151,109769,125975,135403,146025,160170,165739,177220,184887,198938,210653
4341,10425,20293,32519,39433,49487,61398,73642,81726,89854,100099,109557,125851,134941,145696,152281,166855,177387,193187,196843,210422
4342,10170,20127,31852,39115,48837,60479,73191,81137,89093,99592,108914,124864,135697,145120,152444,164586,176589,181606,198783,208987
4343,10657,20102,31684,38985,48574,60188,72692,80569,88616,98945,108195,124374,135496,147020,153432,176380,175936,191933,197981,207729
4344,10290,19298,30086,36879,46167,56834,68667,76066,83404,92686,101789,119955,130468,141830,156564,155595,169453,173852,188914,199104
4345,10236,19283,30114,41012,51547,62282,75877,83191,92630,92630,110936,127230,139671,143741,163575,170266,180372,187865,201179,205227
4346,10463,19139,30218,40877,51174,61567,75042,82119,91735,91735,110004,126412,136079,142348,161980,168306,177879,185219,199941,214214
4347,10494,19007,30476,40616,50718,61212,74583,81822,91418,99824,109339,125484,135694,150283,160239,167450,177540,185101,198634,212104
4348,10367,19129,30842,40923,51283,62017,75834,83225,92413,101577,111311,126132,136422,151827,163036,169103,179362,187778,199215,214259
4349,10300,19290,31107,41043,51200,62008,75933,83264,92562,101611,111143,125904,136248,146043,162122,167304,178837,188332,198150,213893
4350,10277,18898,30282,39794,49968,60490,73777,81096,90758,99329,109175,123284,133692,145614,159457,166134,175965,185181,196628,211707
4351,10635,18783,30587,39866,49832,60478,73750,81136,90664,99350,108860,124646,135067,145420,159356,164799,176135,185430,196769,211257
4352,10283,18977,31050,40620,50701,61508,75031,82431,91800,100451,110508,126740,136616,148482,163027,169166,179217,187364,200458,216224
4353,11018,18848,30912,40416,50405,61187,74688,81874,91288,100047,109896,125681,135931,147421,161859,167549,178824,187319,199920,194798
4354,9938,19168,31787,41321,51827,62852,77149,84890,94918,103891,114167,126842,139056,151006,166656,169116,182718,188683,201131,200670
4355,10278,19092,31633,41251,51724,62738,76878,84965,94758,94758,114107,120241,137963,137963,149618,157657,181887,187204,200742,201214
4356,11277,19105,31154,40676,51209,62152,75969,83681,93463,93463,112009,121586,135686,142221,146926,162099,178722,187181,196942,202710
4357,10021,19027,31214,40587,50842,61865,75389,83171,92776,92776,111172,127376,135979,142834,145791,170624,177926,186835,196029,206363
4358,10651,19559,32157,42120,53026,64270,78610,87044,97285,97285,116724,130690,141593,147562,153610,174162,185749,190097,204383,210502
4359,10307,19614,32056,42151,53123,64321,71137,87013,97265,97265,116857,122009,129167,146421,153488,161209,170498,189319,203496,209057
4360,10239,19594,31463,41633,52407,63600,70039,85589,95369,95369,114825,123598,128506,145969,150931,161731,168208,179961,200412,206793
4361,10620,19638,31412,41680,52485,63506,69936,85599,95406,95406,114797,123492,132982,145825,151522,172900,169414,189070,200191,208176
4362,11104,20003,31919,42628,53519,64727,71330,87155,97202,97330,116342,126504,145389,147059,154863,162789,173449,188989,201280,211650
4363,9670,19939,31557,42367,53120,64101,70875,86635,96598,96598,115814,125370,141544,146768,155988,173613,174290,187896,200090,209951
4364,10757,20601,32879,44397,55901,67938,75120,91731,102518,102702,122971,127975,146561,151406,161823,167977,181511,195563,211830,214557
4365,10318,20544,32288,39622,49935,61892,74972,83157,91654,102952,111905,127223,134326,148760,150074,167323,180150,183228,193600,213316
4366,10773,20498,32382,39640,49762,61728,74548,82686,90826,101947,111272,125220,133768,147933,152035,164848,178585,184171,193052,211888
4367,10365,20445,32079,39529,49533,61464,74176,82361,90498,101757,110953,124555,133216,146643,153509,165425,177767,187352,192115,211378
4368,10504,20768,29301,40161,50387,62147,75088,83317,91505,101931,111377,124926,133217,146152,153571,164904,176821,193239,191223,209756
4369,10111,20850,29421,40088,50429,62215,75163,83197,91430,102209,111485,125073,133283,146047,154126,165121,177368,181858,191537,209766
4370,10673,21176,30293,40851,51340,63245,76344,84639,92958,104110,113430,127007,136447,148522,156697,168536,179740,195770,195569,213962
4371,10180,21153,30620,40908,51304,63387,76302,84451,92852,104063,113245,126644,136336,148308,158054,166697,179915,182746,195756,213936
4372,10705,20957,30397,40431,50698,62474,74919,83079,91111,101749,110861,123977,132960,145157,154461,164646,175729,181776,191909,207797
4373,10196,20950,30495,40219,50446,62102,74692,82706,90773,103125,110279,123453,132416,144959,154802,165661,175199,191760,192759,207027
4374,10790,21109,30864,40350,50424,62132,75017,83006,91093,101955,110800,124607,133466,145067,156363,167107,176660,185343,196594,208685
4375,9936,21129,31007,40239,50271,62040,75002,82927,90801,101840,110625,124487,133369,144741,156228,166733,176593,192828,197452,208679
4376,10872,20658,30353,39453,48851,60535,73043,80734,88435,99211,107806,122991,131086,142043,154767,166633,174944,181670,199110,207541
4377,9962,20467,30445,39056,48520,60227,72502,80237,87980,100348,107323,123186,132013,141895,163158,166131,174981,192013,196851,206420
4378,10335,20345,30047,38502,47996,59217,71223,78889,86753,99224,105685,122525,132602,139716,158794,162995,172857,179919,195385,200751
4379,10806,20459,33402,38506,53714,59468,71343,78967,96631,99102,105787,124851,133924,141272,157555,174163,174163,190320,204595,200902
4380,10150,20376,33216,38745,54171,59793,72272,79952,98360,101331,107858,125399,137033,148465,158402,163964,177692,191743,205756,205386
4381,10589,20412,32581,38759,54026,59761,72281,79994,88035,101829,107677,125149,134612,143468,158034,164789,176862,181889,205373,206101
4382,10497,20250,31556,38315,53464,59035,71503,79182,86662,101420,106274,123867,135115,144968,156280,173803,175923,190633,203701,204854
4383,10462,20132,31858,42480,53146,58782,70970,78597,96208,101591,106194,125127,134478,143944,155198,161581,175419,181933,203008,205712
4384,10161,20480,31972,43620,54614,60273,72594,80300,98074,103397,108699,124946,136069,145367,155858,164977,176940,190790,204058,207282
4385,10603,20451,31726,38839,48832,60110,72497,80199,98067,103721,109415,125635,135626,147082,155864,173857,176698,190176,203905,207637
4386,10334,20913,32667,44704,50166,61799,74543,82557,101337,106193,112826,127724,137835,150412,160956,165129,180610,184038,209816,212475
4387,10343,20876,29345,39865,49840,61535,74136,82073,90194,105433,112141,125571,135563,149907,148387,165215,178858,193723,191188,210207
4388,10464,20970,29642,39837,49665,61174,73910,81489,89601,104803,110965,125144,136916,148079,152562,165856,178489,181731,190288,209884
4389,9870,21011,30360,44631,49676,61099,74007,81506,89624,104778,110871,125016,134604,143944,151865,165895,177606,194678,190029,209485
4390,10514,21274,30679,40410,50477,61853,74764,82569,90799,105517,113008,125954,135539,145774,155981,167869,179205,183417,192303,211479
4391,10537,21179,30854,40409,50356,62011,74804,82601,90941,104595,112949,125815,135722,145972,156120,167116,178581,184169,192688,211213
4392,10181,21112,30693,40301,49906,61349,74101,81715,89825,103609,111656,124813,134701,144617,155430,165762,177326,183473,192449,209999
4393,10634,20991,30820,39838,49771,60901,73708,81394,89244,103477,111795,124124,136359,145863,162281,165368,176791,195213,192858,209204
4394,10241,21186,31148,44866,50086,61714,74325,81949,89875,103680,112506,124746,135793,144534,152703,165593,176236,181646,193469,207289
4395,10253,21076,31046,44761,50157,61633,74202,81726,89729,103624,112703,124602,135358,144523,153151,165796,176003,193494,194621,206848
4396,10738,21271,31339,40620,50495,62247,75130,82929,91110,104267,114362,126436,135576,149254,166328,178956,178956,183757,198563,211993
4397,10119,21233,31395,40478,50237,61903,74679,82602,90589,103767,113935,125454,135108,145584,154676,164501,178160,184095,197070,211270
4398,10379,21377,31656,40734,50859,62729,75694,83782,92061,105037,115293,126221,135711,151375,156244,166046,178864,187902,198995,213093
4399,10353,21518,31463,40934,50869,62896,75720,83818,102316,105048,115141,126187,136212,148887,156330,166729,178586,187508,198464,213183
4400,10414,21513,31804,41500,51929,64439,78251,86500,95076,108592,118513,128698,140292,153777,158791,170540,187416,191824,204660,223732
4401,10397,21568,31688,41559,51807,64363,70719,86578,94938,108516,118422,120317,139435,139149,157811,159425,169225,190472,191286,204281
4402,10486,19193,31184,40912,51108,63352,69270,84808,93247,106154,115984,120339,136494,137061,152860,161360,167828,186505,191152,198979
4403,10411,19067,31061,40561,50858,63052,69039,84345,92837,105370,115476,121805,135955,138962,155505,170035,183070,186343,202081,198994
4404,10563,19062,30849,40511,50810,62499,68591,83727,92197,104603,114329,123601,135005,143559,155525,167663,180350,185426,192762,197640
4405,10642,19137,31118,40621,50638,62537,75633,83632,91897,104600,114185,128189,135217,144569,155776,167292,179568,186496,201432,215226
4406,10165,19158,31598,41048,51305,63613,76844,85004,93658,106468,116003,129391,137028,146012,156054,169230,182951,189332,203861,219268
4407,10756,19117,31232,40846,51114,63136,76376,84659,93300,105780,115689,127581,136374,145955,153128,167063,181753,188104,190892,218230
4408,10151,18841,30633,39928,49758,61595,74423,82110,90307,102375,112458,124249,132809,143783,155204,161350,160880,185396,199932,212937
4409,10181,18900,30693,44702,49956,61777,74476,82027,90354,102498,112487,124200,132923,149629,155479,163728,177685,186246,199307,212863
4410,10686,20770,30798,44019,49502,61099,73742,81378,99474,100800,111311,123742,131678,146355,153755,166073,175512,185174,196676,208302
4411,10136,20793,31086,44043,49329,61172,73601,81425,89566,100792,111788,123916,132320,146442,160341,176644,175367,194510,196852,208056
4412,10826,21043,31423,45157,50214,62408,75253,83411,102179,103307,114164,126089,135680,149033,155487,162360,179838,184623,200884,214441
4413,10180,20984,31313,40078,49974,61848,74796,82810,90962,103156,113855,125358,135209,147607,156072,162959,179088,186626,199307,213374
4414,10354,21074,31500,40334,50476,62064,74956,83039,91245,103139,114400,125976,135910,148514,155646,165329,178549,186121,200178,213238
4415,10389,21022,31170,40231,50219,62058,74870,82966,91087,103308,114218,125467,135652,147333,155561,167991,178256,186814,199380,212813
4416,10538,21134,31598,40249,50023,61575,74215,81965,100103,101659,112850,123993,134724,145727,154882,166193,174721,186402,196206,208598
4417,10489,21042,31086,40079,49801,61160,73775,81569,89489,101791,113125,123829,134557,144643,160388,165212,174450,194564,194858,207568
4418,10709,21322,31678,40634,50824,62437,75117,83218,91404,103805,115195,125993,136413,147320,160991,178640,177807,185449,199400,212127
4419,10145,19132,31611,40711,50718,62416,75238,83289,101890,103929,115099,125749,135865,147354,150020,160676,177867,185958,198562,212015
4420,10765,21190,31359,40146,50006,61446,74286,82027,89888,103075,115033,124558,134733,146235,154789,164202,177073,185669,197173,210389
4421,10080,21169,31112,40101,49952,61641,74187,82042,89892,103965,114109,124573,135214,145936,155764,165263,176981,195181,197262,210255
4422,10268,19058,31230,40202,50283,62173,74775,82650,101285,103629,114781,125900,135921,147165,156118,165558,178216,183477,197602,211381
4423,10781,21038,31075,39885,50417,61639,74527,82255,90350,103738,114888,125228,135400,146100,155881,166670,177804,185152,197533,210430
4424,10332,21054,31324,45333,51566,62629,75835,83992,92037,105230,115837,127158,137272,149821,165128,166624,182049,198462,201177,215216
4425,10303,21072,31334,40570,51367,62343,75837,83802,91863,104933,115887,126686,136687,149065,150610,166614,180596,182814,190157,215125
4426,10151,20483,30266,39544,50050,60881,73609,81568,89724,102812,113956,123738,134007,145554,152306,164184,176095,180689,199703,191635
4427,10206,20382,30137,43867,49971,60621,73273,81140,99559,102686,113115,123733,133154,145089,161586,165766,175165,193194,197880,209307
4428,10747,20347,33106,43608,55060,59841,72610,80315,87812,102269,112333,123370,134030,143147,149811,165796,172467,181663,198068,206990
4429,10127,20263,32937,43655,55119,60070,72683,79977,98355,102948,113330,123946,135141,143638,159956,175104,173167,191850,198528,206586
4430,10746,20322,33049,43651,55379,60481,73309,81361,89208,104086,114763,125415,136899,145196,160601,162700,176179,183834,199816,208723
4431,10139,20254,32428,43638,54766,60462,73199,81302,99504,104353,114760,125380,135580,145215,150796,163705,175926,193017,196570,209074
4432,10653,20160,31710,42998,53667,59337,71834,79440,87093,102288,112572,123020,134068,143090,149465,163739,172550,180732,196170,204929
4433,10079,20032,31487,42859,53450,59125,71435,86651,96909,101489,113117,122873,133704,142925,161339,174191,173950,191002,195529,204117
4434,10696,20243,31557,42902,53482,59234,71274,86582,96593,102320,111904,123604,133250,142884,158103,159722,174083,179631,195583,202429
4435,10668,20171,31631,38492,53318,59061,71452,86561,96550,102348,111830,122984,134181,143889,157816,173823,174398,191373,207650,201720
4436,10185,20408,31784,43303,54083,59660,71849,87530,97440,103591,122924,125500,135059,145724,157761,161004,177910,190243,206661,205121
4437,10729,20206,31574,43136,53866,59361,71593,79166,96909,103071,120058,124618,134965,145146,155869,173567,175913,180771,205929,205069
4438,10144,20234,31345,42740,53150,58562,70774,78095,95569,102375,117591,122861,134143,143682,154915,158387,175624,190719,201296,200821
4439,10236,20211,31391,38362,53309,64118,70807,78205,95861,102452,117291,123017,134289,144436,155196,172727,176845,187912,201569,201079
4440,10732,20024,31376,42795,53490,64918,71578,87081,97405,104530,119315,125738,136597,146289,156828,161633,177109,189610,204782,204224
4441,10171,20041,31285,42795,53601,64816,71406,87090,97113,104054,118763,124665,136363,146070,156397,173274,176602,180533,204350,204350
4442,10614,20023,27919,42319,52975,64130,70616,85732,95776,102859,116762,122954,134326,144520,155606,158686,176817,190626,200593,200821
4443,10599,19868,28230,42118,52755,63660,70370,85434,95262,102201,116717,123594,133960,144480,155257,172307,176871,187868,200420,200628
4444,9996,19591,31923,41453,51835,62398,69065,83751,93533,101318,114876,120099,141394,142728,154314,156705,174141,185630,196937,197283
4445,10473,19614,31761,41345,51787,62487,76210,83610,93399,108413,114801,119759,139511,142680,154114,169787,182846,187081,196556,202912
4446,10535,20119,31565,41906,52421,63436,77635,85641,95137,108979,115807,122441,139730,145876,157859,170261,184335,187814,200176,206961
4447,10485,20207,31487,41703,52229,63268,69597,84881,94669,106723,115652,122853,138271,146705,157640,159906,183436,189085,199383,207959
4448,10368,20137,31186,41461,51697,62849,69452,84334,94049,104942,114644,121944,137956,145274,156994,171384,184067,187318,200380,206724
4449,10392,20444,31192,41588,51621,63016,69428,84462,94073,104966,115256,121923,138099,145523,156358,160781,183916,187668,200207,210100
4450,10273,20755,31435,42084,52806,64309,71076,86888,97033,107456,118861,125893,142477,147117,159083,177048,189089,191887,206620,211577
4451,10245,20767,31380,42061,52772,64304,71030,86961,97403,100125,119167,125837,129993,147115,158126,160879,172743,182168,206577,211147
4452,10817,20464,30899,41247,52081,63087,69767,85246,95238,99908,115889,124171,127347,144987,154584,162110,169398,189947,203188,206993
4453,10159,20676,30932,41163,51825,62708,69240,84777,94821,101237,115459,122735,129404,144630,155299,174154,168934,181424,202122,206718
4454,10145,20838,31598,42333,53472,65222,72221,88490,99098,106261,120372,127665,133905,148271,160339,162596,176094,195996,209153,213446
4455,10768,20762,31485,42265,53422,59168,72017,80022,88266,105600,108972,126977,134595,147500,148368,164636,176283,183825,190209,212255
4456,10555,20682,31607,42680,54012,60018,73339,81610,90151,105367,111972,126572,136361,150118,154733,169084,180869,187200,195038,217515
4457,10024,20939,31304,42550,53788,59747,72778,81057,89533,104477,111485,125796,136320,149636,163986,167423,180112,187398,194850,215951
4458,10557,21008,31790,43137,54847,60698,73795,82238,91438,106571,114195,126910,137984,151062,155916,168871,182308,188579,197033,218036
4459,10582,20872,31657,38590,48751,60720,73947,82491,91522,106166,113193,126835,137275,150593,155769,167081,182580,187440,197225,217987
4460,10437,20507,30803,37291,47023,58634,71270,79240,87595,101007,108165,121915,132279,143303,149881,160588,156777,182360,173646,208365
4461,10390,22901,30878,41901,52984,58549,71259,79122,87567,102347,108905,122726,132706,143205,159205,176070,175381,193725,189660,208279
4462,10391,22733,31895,43650,55129,67276,74416,82783,91876,107101,116077,127214,139284,150081,165841,166636,182659,187069,198096,216091
4463,10322,22171,31683,43161,48844,60860,73967,82502,91391,104611,115092,126538,138578,150208,152407,166174,181325,185577,197928,215502
4464,10449,22109,31729,38528,48571,60357,73415,81588,89761,103827,113554,124481,135059,147045,151976,164169,179887,186019,194815,211931
4465,10398,21947,31453,43017,48351,66154,73340,81431,89622,105008,113708,124556,135479,146754,153234,165332,179941,185867,194159,211928
4466,10375,19992,31790,43879,49362,61082,74109,82215,91003,104765,113223,125312,135423,147445,156574,167161,178915,196393,194389,211166
4467,10396,19813,31594,38910,49107,60829,73806,81795,101272,104193,114843,125112,135718,147058,157812,166175,160756,183633,193857,210122
4468,10425,20288,32458,44708,50144,68528,75710,84008,92766,106715,115905,129194,139173,151020,157791,169326,184977,187951,200182,217309
4469,10486,20402,32345,39922,50255,62525,75843,84176,92814,106674,116193,128202,138622,138137,157030,168526,183815,187251,185293,217088
4470,10969,20223,31904,44219,49528,61432,74284,82338,90806,104698,113496,125197,135750,135946,155110,165590,179748,184935,183412,210972
4471,10421,22949,28565,39539,49601,61411,74186,82458,90854,104482,113805,125112,135574,136975,155395,165563,162017,186293,188632,193240
4472,10312,23073,29149,40132,50603,62261,75709,83854,102807,105649,114658,126642,137160,139779,158178,167243,184517,189226,205563,216523
4473,10324,20292,29428,39950,50672,62009,75365,83442,91773,104751,114953,126179,136848,146370,155418,166528,183148,188071,191370,215330
4474,10353,20466,33702,45479,52300,63502,77031,85461,94594,107994,117944,130021,140392,147204,158796,170097,185796,190358,205252,200065
4475,10275,20548,29514,40368,52329,63415,76929,85381,94513,107451,117902,120074,140188,146616,156997,170144,167805,189970,192782,200300
4476,10857,19992,28852,38705,49598,60100,72933,80948,88836,102691,110643,114915,132019,143161,149338,160631,176308,183446,199893,190400
4477,10207,19879,32933,43032,54881,59760,72341,80409,88265,100258,111305,124421,133100,148980,156833,165364,176063,184146,198719,208058
4478,10186,19734,31849,42657,53943,64629,71533,79493,97927,101352,110126,123533,130831,146230,155188,164086,173736,194190,196786,206366
4479,10824,22311,31655,42672,53799,64669,71517,79378,98012,102040,111320,123833,131362,146151,154666,166012,174128,182511,197172,206171
4480,10230,22172,31706,42419,53414,64923,71752,87947,98409,102444,111870,124901,132595,147067,162247,165460,176403,185194,200287,208718
4481,10766,22028,31623,42488,53350,64971,71738,79789,87984,102684,113112,125143,133132,146618,158609,177066,176018,196516,199003,208458
4482,10172,19300,30584,41411,51868,63059,69744,85206,85206,100057,109617,122762,130046,142725,154148,155594,170139,178978,193851,202049
4483,10187,19248,30572,41187,51596,62722,69340,84539,94727,101269,118053,123062,131671,143728,154967,170727,170134,189357,205665,201013
4484,10724,19681,31105,41376,51796,62701,69517,84549,94636,101602,116243,123184,131616,143630,153644,159802,172116,189250,202150,200166
4485,14626,18839,19391,24292,30686,36561,40569,44812,49741,59129,62991,68541,69225,76162,83652,83694,93753,95261,104586,104473
4486,12057,27832,34289,48699,58680,71249,80084,89043,96553,108018,110350,120875,131955,143668,145101,159562,173029,173643,173912,191919
4487,10752,26028,37885,45476,55117,66002,74866,90052,100794,104527,117270,125397,137571,147292,162063,165812,180976,194596,199084,213707
4488,10235,23286,34705,45375,55000,65548,74214,88200,99712,104826,122154,125494,136736,146876,157775,174171,178669,182349,198943,211575
4489,10344,22579,34448,45082,55452,65948,73761,87977,99194,104098,120519,125514,135017,146887,156677,161282,178473,193183,197098,209813
4490,10870,22007,34426,45240,55085,65904,73897,88629,98221,104644,119776,125089,134795,146548,156463,172541,177708,180892,209102,210047
4491,10486,22191,34422,46133,56801,67814,76043,90580,102337,107203,122004,127362,138464,148903,161621,164720,179895,197420,213208,215259
4492,10439,21734,33728,45832,56367,67276,75204,90019,100997,105404,112513,126401,137982,149562,150583,163911,180181,181420,195478,214219
4493,10360,21289,33125,45006,54999,65933,74329,88371,98155,103917,109227,123747,133902,144521,151846,164270,175385,184489,190726,208638
4494,10383,21069,32381,44791,54970,66106,74133,88068,98030,104090,111234,124668,135040,144944,160789,174670,174860,193024,192183,207244
4495,10323,21218,32375,45057,55394,66305,73675,88296,98384,103829,112453,125875,136251,145963,161224,162768,177563,184763,196271,211232
4496,10367,21124,32077,43971,55003,65999,73404,87586,97907,104344,112632,125269,135481,145714,161008,166591,177305,185626,196999,211555
4497,10329,21055,31994,43906,56032,67962,76050,91081,101801,106678,116153,128318,139015,151389,163963,168210,181958,201487,203292,218038
4498,10372,21130,31956,43908,56017,68017,75736,91234,101981,106239,115786,128000,139442,150124,150294,168305,183833,184185,202077,216950
4499,10663,20767,31354,43168,49227,66320,75038,88652,99138,103193,112984,125249,136312,146720,149252,165210,177064,180763,197960,212452
4500,10212,20766,31470,43217,55002,65816,73713,88900,99219,103503,113520,125019,135778,146856,151455,166245,177075,184862,198014,212969
4501,10760,21114,31900,43659,55086,66525,75001,89682,100042,104421,114656,125924,136044,148116,154736,166358,178515,197115,197115,213229
4502,10141,20805,28413,43372,54571,66085,74517,89126,99658,103823,113844,125160,135015,146371,155331,166261,177584,180865,197088,212603
4503,10315,21370,29571,44946,56541,68780,77121,93044,104246,107786,117910,129475,140790,154688,158199,172704,187428,191039,205583,221656
4504,10849,21145,29878,44925,50333,62631,77051,84011,92947,106950,117124,118780,140421,140421,157691,169167,184905,189872,188039,220945
4505,10214,21154,30301,44825,50205,62235,76338,83391,92169,105278,116059,119822,138349,138349,155249,166642,165806,185221,188202,218585
4506,10225,20951,30497,44582,49927,61933,75820,82865,91533,104889,115336,121182,137649,139182,156129,167312,181199,185009,193845,197847
4507,10762,21020,31003,44766,50196,62182,75901,83238,91734,104600,115067,121062,136976,140028,155644,164963,183279,185494,207008,197482
4508,10301,20975,31038,44818,50341,62111,76054,83336,91710,104639,115154,130182,137069,142391,155875,165294,164002,189060,190781,197808
4509,10201,21259,31564,45965,51874,64046,78321,86023,106090,108956,119076,131701,141740,147067,159009,170771,187484,190688,210114,205193
4510,10748,21294,31580,40966,51852,63880,77806,85939,94752,108314,118532,121453,141038,147707,158448,159018,169797,190645,191413,205569
4511,10373,21407,31215,40584,50924,62668,76203,84175,92483,104667,115640,120291,136708,143350,154168,159090,165624,185287,192432,200732
4512,10308,21214,31126,40393,51634,62435,75625,83661,92065,105170,115417,121139,137875,144933,153929,169824,184636,185126,193925,200618
4513,10311,21640,31976,41801,53106,65123,78909,87333,96697,110273,120436,127121,142963,148085,160884,175834,191099,193177,211137,209558
4514,10814,21590,31925,41582,52703,64960,71278,87176,96480,110056,109202,126465,130499,147944,159028,160532,172446,178777,194905,209041
4515,10332,21596,31997,42387,53747,66283,73307,90149,99586,112201,114100,127158,134696,151398,164564,168492,177945,184270,200662,216015
4516,10346,21574,31647,42118,53097,66026,72797,89711,98860,111355,113060,125885,136184,149684,149875,167402,177394,186612,199089,196966
4517,10324,21523,31186,41418,52220,64660,70961,87396,96210,107500,109738,123373,129077,143731,145495,160484,170733,181468,192355,190681
4518,10318,21554,31150,41547,52231,64674,71180,87489,96377,107782,110273,124017,129958,144286,158302,165588,170658,181645,194255,191913
4519,10865,22135,32099,43084,54503,67891,74689,91933,100916,113281,116945,128864,139081,152968,167118,173829,182674,192552,206778,207028
4520,10371,22144,31954,43274,54321,61160,74911,82760,101147,113348,115954,128321,137729,152205,154197,169188,167414,187965,189384,206155
4521,10504,21767,31276,42705,53758,60306,73430,81097,99566,111438,114050,126790,134632,147842,151396,165115,165953,186373,190506,205241
4522,10459,21673,31414,42406,53263,60119,73040,90167,99059,110811,112582,125935,135463,147741,151939,165946,172288,186105,203928,206016
4523,10473,21912,31319,42683,53698,60241,73194,90097,99186,111041,113580,125179,134411,146512,154405,163907,170638,185890,199150,207593
4524,10388,21866,31345,42590,53606,60004,73272,89956,99121,110910,113655,124985,134274,146364,154822,164853,183528,186764,198548,217152
4525,10410,22294,31958,43832,55232,62197,75738,93194,93194,114649,117198,129514,139062,151343,158739,172458,184955,188584,205485,207240
4526,10418,19956,31689,43551,55090,61958,75411,83336,92615,114182,116286,118014,139076,140463,157936,168250,172865,188394,188394,207091
4527,10517,19868,31571,43271,54506,60913,74170,81935,90788,111791,113787,119580,135050,137225,154505,164372,172289,186007,188855,204939
4528,9848,19829,31604,43257,54311,60888,74212,82001,99803,111738,113678,121688,135360,137288,153774,165291,173705,187009,204166,207002
4529,11009,20249,32410,44797,56156,63066,76762,84934,94202,116114,118658,133172,140342,143492,159665,170894,185430,190487,206165,210066
4530,9931,20240,32282,40406,50522,63126,76777,84940,94190,103811,119031,121297,140417,143735,158178,170333,172191,189027,189390,209262
4531,10447,20231,28349,39807,49523,62000,75358,83261,92231,101549,115106,121186,136968,142270,153850,165973,174055,185446,190778,206860
4532,10449,20143,32188,39697,54949,61624,74883,82753,91619,112795,114575,122242,136376,143233,156404,165691,184779,186267,204175,206161
4533,10449,20317,32334,40089,55696,62399,75707,83585,92783,113618,115483,123722,137784,143421,155299,166541,172316,187931,202345,208140
4534,10451,20357,32264,40095,55577,62336,75591,83605,92660,113539,115393,124035,137229,143539,156079,165822,174025,187020,201233,219934
4535,10561,20458,28558,40689,56640,63434,77291,85413,94632,116801,118494,126033,140898,148532,157902,170818,188645,191596,206362,207597
4536,10599,20408,28800,40550,50483,63005,69860,85051,94546,104129,117675,125439,140508,146076,157368,156821,171997,190363,189469,206201
4537,10513,20444,32952,40147,50324,62777,69470,84066,93388,102739,115656,125063,138033,144173,154967,160685,173307,186872,188414,205205
4538,9977,20458,32602,40296,50342,62793,76330,84383,93310,114590,115913,124899,137901,144791,155565,170270,175615,187248,192327,206151
4539,10498,20388,32502,40229,50030,62242,69024,83931,93139,113876,115127,123887,136940,144153,153761,169209,182934,184915,194359,205807
4540,10463,20499,32282,40228,50055,62219,76028,84009,93156,114124,115169,123947,136937,144385,156481,168369,173372,186117,204530,207050
4541,10543,20571,28996,40902,51278,64447,71465,86956,96557,118535,119004,127432,142412,147158,158249,173318,176958,191078,208346,227755
4542,10500,20509,29010,40812,51135,64146,78037,86442,96103,106002,118861,125527,129105,147079,158528,158335,176029,190211,190396,207728
4543,10523,20795,33575,41135,51152,63987,71207,86544,95805,105512,118584,125763,129503,146086,157578,160480,177974,189639,193886,208845
4544,10517,20729,29234,41061,51196,63938,78071,86419,95462,105365,118235,125770,129819,145851,157685,164900,176153,189248,195099,208976
4545,10075,20840,33568,41419,51671,65337,72452,88024,97771,107827,121588,127184,133058,148139,160004,168329,180612,192037,197736,211401
4546,10502,20782,29287,41290,51603,64958,79230,87711,97402,107290,120476,126332,132439,146994,158885,166467,180568,178085,197545,211000
4547,10510,21156,33850,41960,52651,66470,73769,89571,99654,109874,123097,127993,135386,149673,162657,168467,180036,183544,201027,215264
4548,10511,21198,29695,42040,52731,66512,81268,89609,99677,109966,123136,127152,135541,149281,149112,167827,179775,186422,200030,195232
4549,10597,21092,29637,41997,52259,65659,80229,88456,98095,108286,120966,125327,133379,147040,147590,164655,176320,185443,197839,196064
4550,10056,21118,30109,41929,52336,65611,80004,88453,98179,108253,120714,124898,133507,146901,150613,166500,176702,186504,197224,201589
4551,10491,21103,30297,41883,52177,65744,80090,88425,98265,107800,120272,124770,132671,146506,153480,166456,177189,185526,197523,215317
4552,10442,21048,30452,41720,51906,65619,79597,88086,97718,107467,119637,125157,132608,145672,154372,166034,175499,186038,196289,212497
4553,10400,21421,35533,43102,53954,67840,82179,90839,100808,110837,123722,127953,136633,150500,158942,166285,180011,189209,200683,216264
4554,10438,21459,30384,42873,53950,67776,82078,90605,100597,110592,123559,126818,136531,149541,156857,166540,179420,187496,199236,198513
4555,10390,21358,30149,42440,52902,66341,80578,88884,98443,108215,120641,125236,133470,147389,153741,167058,175811,186907,197600,200341
4556,10402,21253,30397,42319,52583,66013,80332,88256,97975,107643,120058,124561,132922,146589,155411,167685,178011,185739,197018,201800
4557,10489,21394,31074,42668,53190,66678,80659,88901,98384,108116,120424,124986,133149,146440,156381,167288,173750,186859,195824,217027
4558,10456,21418,31055,42664,53067,66733,80653,89055,98393,107930,120618,125031,133232,146398,156421,166422,175853,186595,197122,212414
4559,10659,21916,31944,43686,54390,67981,82043,90407,100229,109731,122324,127951,135579,148292,159053,169532,179765,187387,200656,213694
4560,10622,21928,31992,43601,54397,67983,82035,90443,100120,109973,122386,127587,135566,148410,157257,164377,178939,187380,198690,199833
4561,10178,22273,31566,43537,53951,67374,81429,89649,99022,108466,121232,124881,134667,146891,154795,167156,175497,187031,196920,201134
4562,10670,22016,31435,43338,53718,66944,80875,89237,98732,108151,120519,125177,134036,146035,156937,167160,175557,185413,196162,213756
4563,10559,22633,32162,44534,55130,68706,83020,91409,100722,110509,123195,126484,136281,148716,157674,168727,179192,186846,200421,217028
4564,10118,20221,31851,44439,54941,68732,83050,91014,100786,110553,122914,126403,136020,148633,155833,167725,179057,188185,199170,200357
4565,10671,20759,32593,45414,56346,69986,84273,92894,102604,112466,124730,128556,138708,150866,155844,166443,180985,187271,200475,205085
4566,10703,20610,32259,45317,56036,69773,77101,92383,102259,112134,124401,127757,138249,138689,155673,167296,164354,187390,198849,206823
4567,9852,19756,31084,43774,54185,67656,74711,90176,99254,109253,121360,123970,133816,135077,154432,162750,168332,186070,193826,216100
4568,10267,22025,31141,43775,54363,67661,74890,90094,90094,109300,121362,123960,133918,135307,154990,163954,180108,186124,196569,213466
4569,10888,19722,31237,43827,54523,68079,74973,90523,90523,109851,122123,124625,134811,137639,155604,167250,179119,185511,196533,197828
4570,9985,22245,31278,43832,54366,67981,74956,90472,100247,100247,122055,124529,134909,139083,155473,166947,178603,185628,196476,202618
4571,10729,20412,31975,45001,56015,69587,76721,84099,92559,102415,125104,128460,137680,145471,158758,167821,184014,188910,200617,220181
4572,10626,20247,31881,44677,55675,69433,76502,83484,92191,112157,124703,128047,136963,145470,157569,166799,166929,188133,199854,201727
4573,10453,20819,32605,45582,56577,70406,77745,85252,93648,103788,126874,129280,139639,147402,159562,168679,175160,189847,202135,206328
4574,10418,20847,32549,45520,56477,70453,77552,85216,93681,103777,126703,139667,139292,147298,157520,168671,175391,187248,189795,221248
4575,10541,20755,32304,45278,56028,69439,76726,84077,92761,102423,125137,137676,137676,142772,154628,166201,183061,185271,191235,201063
4576,10529,20682,28965,44891,55634,69015,76460,83569,92231,102062,124532,125534,136825,145818,155441,165785,171931,186096,201120,202500
4577,10700,21145,32719,45688,56576,70390,77577,85003,103212,103212,125638,137273,137616,143081,154763,166467,183234,186512,199856,218828
4578,10229,21084,32656,45800,56706,63141,70421,85109,93407,103301,125601,137276,137575,143737,157684,166546,170349,186943,199693,200643
4579,11030,21702,33644,46848,58036,64405,71952,86788,95357,105246,127960,139953,140219,146968,157986,168965,185454,189270,202839,206306
4580,10033,19411,33584,46814,57924,64601,71993,86713,95485,105210,115300,127978,140307,146156,156114,160110,171585,187902,189028,206515
4581,10772,21844,33680,46728,57603,64141,71412,86158,94805,104479,114768,127244,138747,145053,155857,162890,172575,186737,201991,205810
4582,10645,19347,33536,46543,57463,64017,71009,85713,94323,104076,114235,126594,137985,145772,156297,163023,185050,186911,189724,220589
4583,10265,21538,30121,46369,57197,63872,71045,85324,93814,103554,113246,125490,137154,146513,156204,161537,170309,186640,201028,201028
4584,10191,21481,33275,46358,57204,63842,71047,85244,93808,103335,113035,125479,136981,146117,156141,169330,183973,187247,199169,202842
4585,11243,22427,31152,48032,58811,65688,73226,87992,96305,106600,129621,129621,141273,148461,157761,171196,172539,189427,203130,223206
4586,10146,20153,31158,43088,52657,65299,72797,87531,95926,105957,116245,129105,140737,146617,156706,160996,174507,188370,190302,201991
4587,10814,21037,32549,45225,55138,68467,76329,91753,100865,111344,121765,135344,147593,151462,162859,166726,181482,195602,211397,212976
4588,10524,21018,32676,45225,55176,68518,76370,91809,101033,111475,121927,135211,135211,151443,162629,167691,179275,180490,196131,211748
4589,10528,21291,32765,45658,55654,69085,76921,92209,101315,111802,122353,135620,135620,151786,163829,171213,180793,185022,197713,212554
4590,10286,23529,32827,45658,55871,68929,76806,92401,101219,112088,122328,135761,135761,150135,163347,169014,179446,187091,198143,212104
4591,10275,21204,33092,46070,56348,70122,77994,94004,103297,114277,125740,139072,139072,152547,165508,169143,182630,188409,201714,217151
4592,10489,23493,32955,45928,56249,69883,77739,86013,102845,113946,125000,138622,138622,141004,152063,168081,181430,187849,200164,216392
4593,10299,20861,32455,45288,55565,69327,76918,84883,102034,112725,123538,136926,136926,139925,151005,167281,180028,187769,198067,196583
4594,10320,20908,32464,45275,55639,68986,76777,84821,102029,112801,123161,136935,136935,141760,151226,167360,178962,187459,197998,214051
4595,10478,20761,32459,45046,54986,68560,76361,84087,101156,111558,122193,135512,135512,140977,150323,165117,176551,185717,194179,211423
4596,10472,20718,32366,44985,54875,68331,76075,83742,100690,111097,121773,134882,134882,143918,151280,165772,176308,186636,195807,192683
4597,10302,20394,31814,44386,54560,67838,75883,83547,100232,110622,121207,134502,134502,151103,151220,165861,175437,185647,195546,210563
4598,10303,20343,31966,44499,54654,68027,75844,91142,100090,110680,121129,134588,134588,149728,152628,166203,175807,185729,195804,210078
4599,10159,20081,31478,43855,53737,66735,74316,89646,98678,108556,118958,131848,131848,146730,151396,162941,173664,185298,194047,207312
4600,10591,20121,31511,43659,53654,66552,74205,89690,98671,108552,118973,131904,131904,146634,161779,163856,174084,185138,195525,207109
4601,10245,19764,27812,43616,53416,66274,73906,89045,97960,107993,118215,131025,131025,146065,159291,163237,173726,183001,195067,205388
4602,10222,19699,27689,43387,53138,65874,73537,88671,97569,107599,117520,130447,130447,145353,158322,165036,173252,182619,205812,205121
4603,10652,19670,27541,43149,52982,65915,73533,88553,97527,107578,117716,130748,130748,145178,157647,166059,174707,184742,192838,205153
4604,10143,19712,27468,43189,52768,65690,73439,88539,97285,107388,117791,130564,130564,145180,157312,166372,175696,183537,206240,206531
4605,10441,19480,27561,42908,52471,65277,72844,87744,96672,106531,116741,129452,129614,144662,156817,166328,174722,184057,191535,205766
4606,10420,21868,27270,42601,52280,65085,72595,87281,96175,106231,116258,129010,129304,144202,156760,165984,175813,191369,193235,205098
4607,10209,19204,30186,42079,51641,63964,71586,86193,94588,104397,114395,126776,127798,143551,154107,164205,174914,186632,201458,203420
4608,10651,21434,30196,46644,57553,64280,71519,86081,94446,104395,114232,126967,138940,143387,154525,163257,183892,187006,201269,219273
4609,10103,21371,29846,46377,57330,63864,71343,85968,94401,104272,114035,126863,138836,144011,155070,165749,172799,187605,201063,202939
4610,10564,21595,29927,46424,57377,63930,71232,85868,94575,104303,114263,126813,138892,144531,155460,165392,174631,187814,200505,205590
4611,10300,18747,29573,37028,56539,63002,69932,84755,93323,102861,112743,125057,136634,143605,153602,169673,183968,186599,197596,208085
4612,10276,20951,29503,36944,56107,62643,69825,84328,92815,102330,112261,124793,136436,144546,154067,168753,170972,185993,196743,208361
4613,10189,20991,29465,37048,50727,63106,70680,85509,94155,104522,114732,127133,138427,146494,157912,170150,186925,190556,201572,208262
4614,10680,20969,29496,41287,56887,63234,70731,85413,94169,104496,114753,127379,138428,146466,156223,168814,170985,189216,189590,208436
4615,10033,20699,29119,40540,49738,61858,69189,83499,92056,101167,111246,123384,135120,143082,154637,165472,171625,184714,190786,204726
4616,10429,20684,32838,40504,49555,61607,69085,83386,91486,101048,110674,122712,134499,143750,152930,165477,182804,185277,199947,216769
4617,10708,20139,31554,39418,48436,60314,67433,81308,89274,98528,108312,119935,131356,143556,153306,163149,178458,185377,196832,200073
4618,10294,20107,31471,39410,48524,60367,74544,81231,89376,98757,108251,119871,131539,150091,154928,164011,178024,183904,197967,212973
4619,10055,19817,30775,38398,47089,58531,72004,78633,86273,95234,104338,115548,126587,144703,150860,163879,173960,180503,195319,207142
4620,10327,22022,30780,38271,47169,58526,71992,78525,86301,104467,115688,115688,127516,145631,160303,172333,175127,190581,196540,208668
4621,10268,22042,30791,38156,46946,58616,72565,79127,86993,105564,116911,116911,129063,146193,158337,169127,176451,188268,194903,208306
4622,10576,21932,30830,38086,46829,58164,72207,78674,86634,105020,116310,116310,128610,145384,157344,168541,185771,187737,194623,208215
4623,10343,21564,30554,37855,46459,57972,71052,77913,85669,103528,115099,115099,127634,144869,155945,166175,170661,186362,192422,207628
4624,10318,21530,30764,37792,46449,57805,70983,77821,85625,103502,114934,114934,127033,145325,154344,167857,174620,187238,192314,207769
4625,10273,21696,31134,42177,46464,58103,71283,77836,85624,103788,115035,115035,127898,147000,159059,166931,183770,187297,193356,218571
4626,10731,21608,30793,41757,46215,57709,70948,77333,85174,103194,114751,114751,127973,145231,154179,165959,171684,187095,203487,202688
4627,10392,21922,31484,42540,47308,58881,72087,79024,96259,105447,117093,117093,132059,147875,158232,168687,177002,190055,205967,208075
4628,10379,19559,31472,42519,47298,59004,72173,79218,87300,105659,117155,117155,132139,146575,157899,168520,176875,188806,189963,207972
4629,10472,19695,31717,42819,47428,58824,72505,79349,87534,105738,117094,117094,132398,147837,157054,169231,176573,188652,194828,207836
4630,10465,19821,31637,38620,47499,59003,72680,79614,87650,105711,117037,117037,132655,145418,157333,170434,177340,188554,196035,209896
4631,10226,22834,32671,40488,49968,62841,78410,86918,95881,117499,132717,132717,149203,163722,177740,197381,198374,217875,219556,243997
4632,10566,20164,32110,40234,49955,62577,70367,86429,95756,106057,116951,132416,136546,148979,162306,161981,178484,177743,197806,197117
4633,10568,20078,31671,39553,48645,61023,68359,82576,91237,101229,111725,124593,128148,140394,151951,151951,166118,168096,185319,200110
4634,10271,20128,31404,39531,48592,60863,75439,82505,91118,101253,111658,124395,139907,141108,152061,152967,170416,185257,191185,200120
4635,10467,20288,31636,39552,48667,60936,75608,82536,90957,100890,110939,124151,139772,142616,152452,154885,172146,186251,202194,201891
4636,10429,20272,31471,39486,48515,60650,75297,82067,90577,100629,110742,123624,139216,142993,151824,162327,175348,187296,200498,203680
4637,10563,20590,31792,39803,48776,60912,75310,81936,90667,100339,110447,123089,137765,141537,152222,168565,184583,185357,199827,205003
4638,10548,20597,31864,39925,48804,60842,75195,81951,90789,100458,110691,122930,137105,143307,153045,168448,182736,186025,199667,219812
4639,10661,20399,31475,39362,48318,60177,74447,81366,89589,99345,108792,121573,135178,142760,151127,165966,167699,185739,197247,199747
4640,10413,20430,31581,39278,48370,60157,74448,81250,89472,99237,108851,121364,136792,144783,152585,166692,173299,187339,197620,204560
4641,10555,20857,32077,40236,49045,61380,75680,82560,90743,99918,110075,122484,135932,154156,156010,167179,183722,187898,198831,218808
4642,10475,20740,31996,40160,48925,60918,75090,82043,90321,99751,109568,122035,137080,151241,155654,166589,182414,187641,197922,200535
4643,10440,21179,32642,40892,50206,62521,76715,83873,92167,101782,111718,124685,138882,152592,158082,170986,184525,189080,200390,207806
4644,10402,21239,29587,40814,55923,62396,76463,83855,92030,101719,111817,124194,139181,142422,157311,167595,167752,188101,200234,220671
4645,10471,21075,29337,40770,49745,61873,76249,83317,91702,101164,111164,123755,137636,141335,156662,166622,168989,188446,199592,201601
4646,10382,21061,29248,40603,49524,61704,75842,83032,91464,100908,110702,123357,137594,143357,156168,167460,174608,188387,199038,202395
4647,10494,21300,29864,41320,50641,63090,77646,84822,93272,103241,113454,126235,138987,145290,157629,168945,186246,187994,201191,222223
4648,10521,21240,30260,41477,56470,63053,70573,84883,93357,103052,113372,126152,139457,145602,157172,167965,171851,188288,200967,202897
4649,10323,21471,30871,42075,57744,64457,72136,86945,95731,105754,116505,129618,143359,148520,160643,172971,178123,194645,206803,209190
4650,10309,21465,30969,42013,57560,64542,72161,87041,95674,105767,116459,129589,143416,148509,160288,160288,176215,177049,189653,208186
4651,10614,21781,31477,42818,58768,65564,73254,88383,97579,107760,118323,131883,145014,148789,160303,162215,177965,182982,193766,210249
4652,10262,19365,31452,42470,52208,65307,72876,88165,96974,107457,117853,131406,132014,148233,160476,162991,180039,184528,193427,209695
4653,10573,22121,31908,43567,53407,66636,74530,89901,99161,109734,120158,133910,134297,149645,162364,165868,180644,187615,196661,213768
4654,10529,19835,31652,43413,53392,66601,74559,89930,99070,109684,120074,133606,134320,149478,162098,166241,179430,188103,197563,213158
4655,10569,19948,32053,44403,54754,68024,76254,92614,102134,112831,124000,138417,138475,154429,167428,171362,186122,189936,205271,221500
4656,10290,19889,31750,44158,54489,67956,75946,92332,101590,112481,123586,137776,137776,142061,152977,169611,183587,187728,202978,203115
4657,10400,19824,31574,43904,53758,67362,75345,91385,100635,111500,122035,136389,136749,141098,151614,167406,180624,188105,199523,203116
4658,10366,19791,31403,43905,53982,67404,75292,91491,100702,111422,122227,136448,136682,141915,152082,167349,180930,187581,199608,204077
4659,10248,21852,31033,43376,53166,66530,74372,89682,98871,109563,120481,133962,134354,138585,149700,165000,176775,185185,195406,198494
4660,10649,21953,31072,43438,53284,66608,74365,82088,98842,109459,120445,134115,134565,150992,150139,165287,177095,185525,195581,213132
4661,10272,21785,31009,43422,53593,67042,74938,90655,100029,110776,121643,136044,136044,151248,151915,167201,179625,188566,199119,215584
4662,10295,21760,30952,43338,53382,66951,74766,90350,99705,110322,121136,135463,135463,150713,152481,169824,178953,187699,195745,214514
4663,10251,21666,30924,43293,53502,66932,74840,82836,100167,111029,122023,135732,135732,150517,151627,166546,177911,187232,197644,212780
4664,10699,19333,31063,43281,53311,67022,74706,90346,100070,110900,121870,135571,135571,150317,155504,166638,177750,187188,197552,196724
4665,10384,21683,31301,43386,53980,67215,74860,83094,100822,111818,122535,135372,135308,148668,154138,165278,176794,187244,195232,211611
4666,10399,21607,31212,43319,53786,66876,74781,91013,100363,111460,122324,135019,134902,148727,154898,166601,175915,186421,195795,210880
4667,10416,19187,30979,43264,53870,67066,74931,91426,101408,112013,122659,135449,135620,148781,155228,166170,176814,187587,195614,211359
4668,10495,21463,31172,43288,54043,67005,74821,82908,101455,112068,122801,135513,135826,149136,154719,166360,176604,187314,195885,211220
4669,10383,20918,30552,42239,52396,65153,72787,80491,88758,108302,119075,131735,132227,144847,151062,160201,171625,182225,192461,191596
4670,10329,20995,30495,42276,52342,65174,72868,88944,97880,108631,119088,131789,132037,145102,162791,163193,171873,182440,193573,207401
4671,10366,21026,30813,42293,52465,65466,73068,80996,89080,108790,119138,131774,131909,144820,159177,166107,172400,182610,195317,205882
4672,10410,20951,30883,42069,52234,65253,72682,80336,97714,108265,118504,131450,131357,143010,158503,167564,170890,181375,195659,206062
4673,10405,21152,31026,42429,52809,65811,73535,81222,98887,109900,120493,133260,133345,146567,160062,166977,174511,184699,209361,209361
4674,10335,21028,31156,42284,52886,65789,73536,89644,89644,110045,120503,133179,133251,146258,159779,162371,174806,184770,194307,209261
4675,10373,21020,31147,42273,52279,65104,72762,80700,88516,108495,118841,131420,131574,144560,158280,166639,172387,182592,194682,208414
4676,10361,20989,31111,42184,52252,64855,72611,80338,97608,108204,118336,130947,131259,144217,158339,167618,173953,181437,194929,207871
4677,10230,20718,31042,41746,52006,65086,72758,80755,98098,108642,118728,131890,131867,145288,159780,165351,174703,182167,194902,209907
4678,10745,20904,31347,41953,52025,65122,72935,88819,88819,108370,119158,131728,132030,145352,159666,166397,175432,182735,199558,209433
4679,10264,20864,31232,42022,52082,65034,73120,80868,97929,108519,119249,132659,132806,146483,161105,166870,179007,186642,198833,212287
4680,10218,20942,31206,42104,52104,65320,72958,89078,89078,108855,119552,132723,133094,146868,160994,166563,177664,187394,198808,211457
4681,10575,20635,31045,41655,51613,64683,72161,80172,97373,107825,118276,131433,131587,145164,158588,164152,176360,182986,196668,208225
4682,10528,20604,30975,41518,51411,64230,71987,79920,96817,107228,117790,130773,133227,144362,158172,164352,174608,182560,196936,208141
4683,10179,20863,34643,41900,52033,65093,72853,80606,98166,108572,119090,132123,132772,145935,158846,165142,177651,183499,198089,208889
4684,10573,20913,30242,41943,52024,64974,72803,88745,88745,108432,119057,131954,134092,145644,158765,165252,178035,183367,197581,208736
4685,10651,21098,30952,41987,52473,65540,73183,80910,89150,109016,119487,132851,135280,146075,159442,165929,177946,183254,198503,209976
4686,10110,20960,30734,42003,52174,65295,73074,88589,97922,108540,119056,132477,134486,146143,159109,166037,176399,183848,197709,209788
4687,10656,21266,31164,42510,52865,65819,73705,81251,89500,109534,120044,133044,135629,146910,159620,169306,178255,185727,198838,210622
4688,10142,21225,31333,42531,52708,65932,73689,81375,99027,109457,120184,133227,135899,146845,160056,167889,178114,184764,198248,211045
4689,10607,21222,31442,42385,52522,58578,72951,88802,88802,108224,118906,131508,134129,144895,157989,163458,176357,183919,196658,207443
4690,10547,21141,31279,42608,52583,58684,73224,80781,97830,108292,118826,131473,134030,145063,158077,166774,176639,182422,196826,206920
4691,10237,21288,31178,37890,51966,58505,72492,80385,87932,106961,117347,130122,132224,143516,156051,165079,176641,180833,197327,205704
4692,10601,21152,31110,37739,51766,58105,72185,87573,96613,106458,116811,129451,132180,143306,155171,164244,177016,181814,197724,205684
4693,10477,21208,30847,41721,51366,57359,71426,78655,95124,104921,114939,127344,129669,140350,152317,161008,174516,178061,203260,200407
4694,10021,21053,31039,41695,51332,57228,71181,78607,94884,104815,114781,127064,140264,140264,152380,160640,186928,189390,192375,201445
4695,10460,21090,30892,41625,51029,57238,71131,78662,95091,104964,114835,127495,140909,141256,152573,161225,171150,188758,203269,203853
4696,10513,20930,31082,41420,50838,56970,70957,78367,94595,104712,114313,127003,140178,141577,152021,160609,173522,186511,191790,205941
4697,10449,20960,31084,41426,50784,56898,70474,78102,94056,103772,114065,126040,139076,140986,151493,161789,186007,188949,203449,207209
4698,10503,21046,31057,41415,50857,56804,70374,77993,94125,103731,113929,126321,139290,141653,151892,161837,168896,188151,193514,208091
4699,10561,21114,31389,41514,51223,57153,71078,78386,94731,104528,114743,127047,139866,142765,152669,162210,175622,186739,203607,208583
4700,10505,21128,31452,41467,51265,57092,70948,78446,94751,104813,114630,127153,139999,143881,152705,161109,184549,186784,191503,208367
4701,10121,21421,31547,41871,51901,58087,72431,79952,96560,106687,117020,129327,142284,146867,155995,165169,175421,191517,208354,211823
4702,10614,21358,31495,41649,51598,57815,71998,79679,95991,106260,116390,129159,141625,146034,155626,165218,176001,181172,193773,209067
4703,10571,21535,31815,42798,52735,58889,73593,81466,98571,108799,119265,132913,145679,149043,159450,167879,176021,185194,196769,212598
4704,10226,19187,31568,38434,52623,65683,73757,89025,89025,108829,119236,132741,133327,148925,159660,167036,177254,185271,197434,211838
4705,10602,19176,31466,38273,52925,59078,73540,81332,89120,108949,119529,132716,132983,146991,159106,165847,177307,185920,200360,210982
4706,10179,19107,31212,38230,52602,65627,73314,80994,88702,108413,118853,132007,132416,147376,158173,167716,177165,185158,196855,209833
4707,10485,19293,31425,38569,53101,59431,73691,81597,89447,109172,119723,133128,133669,148174,159759,167399,176534,186947,199463,210562
4708,10530,21601,31506,38637,53054,66132,73826,81525,98584,109040,119871,133284,133767,147670,159750,166868,177659,186098,196136,209948
4709,10412,18948,31049,38070,52198,65071,72647,80362,88190,107615,118043,130953,132225,145707,157087,166304,175550,185105,197940,208687
4710,10369,21291,31035,38059,52169,58185,72648,80223,96919,107470,117961,131199,132316,145755,157367,167095,176058,185218,198076,207534
4711,10286,21215,30831,37850,52281,58169,72487,80178,96961,107190,117355,130245,131504,144481,155993,164412,177492,183556,196137,205871
4712,10298,21103,30921,37687,51929,58016,72447,79878,96522,106711,116887,129749,131088,144945,155315,165046,176069,182387,196366,206143
4713,10757,21320,31587,42359,52243,58321,72596,80078,97050,107222,117458,130288,131906,144536,155714,165710,180113,184215,207727,206904
4714,10206,21282,31312,42368,52257,58302,72344,80235,96703,106952,117239,130015,131519,144398,155748,165925,179051,184080,192807,207125
4715,10183,21027,31014,41871,51376,57720,71819,86802,95690,105583,115761,128384,130162,143117,153905,164078,175621,183708,194399,205698
4716,10752,20863,31081,41560,51157,57452,71370,78818,94945,105304,115191,127583,129896,144099,153513,165937,177324,183157,196989,206131
4717,10239,21024,30862,41544,51033,56862,70911,85529,94354,103830,114138,126302,139272,142225,151428,163897,174208,192078,195479,205460
4718,10732,21069,31106,41551,51040,57061,70988,77990,94282,104239,114121,126419,139192,143636,151623,162857,174456,189293,203984,206590
4719,9956,20854,30863,41274,50902,56703,70748,85716,94262,104408,114266,126372,139019,145568,151971,163205,187033,188635,193610,207738
4720,10508,20844,31111,41185,50764,56815,70590,85668,94369,104093,114253,126535,138669,145318,152228,163864,171366,188060,203516,208260
4721,10421,20522,30449,40507,50029,55900,69807,84602,93191,102718,112472,124809,136997,144877,151841,164027,173830,185606,191467,206202
4722,10331,20462,33845,40424,49774,62082,69495,76664,92614,102219,112127,124270,136302,145840,151104,170131,183979,186318,201028,206709
4723,10255,20322,33230,40310,49997,61850,69302,83798,92215,101607,111071,123211,135094,145534,150593,166506,171668,185382,198695,215056
4724,10762,20313,32563,40324,49836,61867,69124,83617,91870,101532,110935,123124,135136,145527,150394,168140,173232,187281,198093,203966
4725,10215,20421,32172,40569,49909,62181,69340,84041,92486,102182,112224,124231,136798,147411,155713,168494,184107,187513,199962,207470
4726,10196,20312,31981,40379,49775,61940,69014,83558,92252,101768,111698,123693,136367,146758,155349,167868,171784,188009,199228,218232
4727,10742,20364,32329,40693,50191,62755,69887,85013,93803,103449,113531,126391,139618,146246,158596,170724,185893,188447,202701,204258
4728,10245,20325,29139,40868,50365,62807,70085,84895,93759,103780,113798,126643,139352,146272,157975,166742,172316,188371,188704,205713
4729,10623,20274,28774,40185,49701,62057,69554,84022,92845,102729,112759,125292,137134,143946,155439,165418,174472,188382,193324,206023
4730,10576,20223,32586,40354,49779,61972,69432,83913,92801,102618,112562,125358,137174,144451,156636,167746,175576,188093,203365,207611
4731,10069,20497,32425,40706,50317,62776,70057,85212,94224,104105,114159,126458,138979,147011,156932,168706,187540,189209,203797,209022
4732,10657,20324,32055,40489,50088,62482,69760,77279,93548,103812,113612,126034,138199,146305,155796,167365,172188,188525,190306,208263
4733,10021,20333,31778,40238,49878,62333,69623,84406,92999,103163,112792,125525,137605,144685,156499,166523,172791,186003,193257,208496
4734,10564,20244,31729,40151,49794,62025,69297,84344,92926,102630,112743,125409,137243,144924,156133,166765,176533,186709,203915,208293
4735,10521,20027,31670,39895,49405,61684,68686,83285,91824,101503,111245,123498,135523,144862,154547,164394,183024,186623,190764,204481
4736,10474,22545,31637,39856,49272,61275,68354,83002,91344,101260,110611,123091,134878,144865,154058,164690,169890,186636,202490,217354
4737,10467,22565,31663,39881,49478,61492,68596,83359,91931,101664,111532,123561,134907,145068,153764,166290,183887,186358,200327,202354
4738,10417,22470,31813,39844,49531,61664,68633,83441,92225,101932,111555,123868,135062,144589,156630,164691,170591,186182,199770,217562
4739,10294,22469,31390,39524,48734,60918,68053,82633,90722,100487,110000,122215,133602,144705,155028,162774,183355,186686,197983,200369
4740,10339,22466,31277,39522,48746,60779,67906,82512,90809,100378,110021,122415,133692,144905,155488,167038,180413,187427,197975,205173
4741,10189,19767,31299,39300,48826,60647,67404,82077,90152,99915,109283,121247,132531,143307,155637,163959,176153,185026,195760,214802
4742,10591,19646,31034,43575,48376,60435,67278,81559,89938,99014,108430,120499,132355,149156,155437,167042,175539,184355,196458,211761
4743,10636,22309,31494,44034,48987,60804,68122,82708,91109,100960,110334,122596,134404,149600,157380,167334,179930,186911,199104,215353
4744,10102,19763,31262,43989,48964,60658,68066,82518,91202,100882,110179,122172,134358,149297,156637,166890,179413,186461,198938,198938
4745,10611,22471,31537,44540,49324,61482,68968,83823,92545,101986,111535,124026,135946,150608,157725,167876,180164,187762,200014,203222
4746,10067,19924,31382,39901,49093,61328,68518,83575,91998,101451,111077,123483,135022,138949,156557,165982,164618,186879,197828,205224
4747,10824,20243,31925,40422,50118,62527,70316,85337,93971,103897,114024,126375,138664,143418,156914,168817,175529,189970,201276,221767
4748,10269,20177,31943,40484,50070,62632,70326,85488,94347,103940,114124,126291,138474,144771,156704,168739,176342,187840,201208,202990
4749,10758,20123,31747,40206,49722,61993,69412,84490,93419,103276,112864,125957,138077,144500,156085,169807,186058,189341,201108,205017
4750,10209,20109,28713,40191,49643,62075,69556,84592,93171,103064,113016,125786,137934,145266,156160,169109,169214,189116,186262,206522
4751,10410,20607,29387,41433,51507,64372,72207,87555,96811,106676,117487,131586,143722,149069,165707,172943,180741,193106,196254,213343
4752,10425,20499,29193,41243,51272,57479,71908,79295,96388,106459,116962,131271,143237,148587,159809,160213,179183,179792,197016,211434
4753,10283,20505,29463,41307,51388,57711,72122,87854,97103,107433,117781,130995,131727,146832,158997,162378,175580,183662,197047,211004
4754,10380,20541,33036,41274,51360,57542,71907,79918,97010,107251,117808,130759,131645,146428,158827,163626,177726,185354,197273,210160
4755,10795,20592,32456,40907,50500,63472,70917,86208,95127,105318,115847,128871,130074,145190,156918,166976,176502,184928,196048,206056
4756,10359,20555,32114,40808,50320,63146,70666,78026,94768,105004,115505,128094,129864,144498,155951,166249,176730,192184,205657,205657
4757,10385,20802,32866,41327,51212,64127,71351,86874,96053,106146,116442,128993,130990,146748,158173,165535,178502,193232,194569,208193
4758,10886,20832,29455,41389,51221,57448,71671,79081,95862,106267,116373,129219,131890,147522,158045,166402,178103,192457,195834,208424
4759,10506,21205,29808,41768,51718,64486,72052,87569,96511,106511,116766,129580,132210,147332,158191,169027,177942,191266,197778,210068
4760,10071,21160,29928,41771,51637,64452,72196,79524,96501,106548,117040,129730,131922,147615,157915,168000,176882,177047,198364,209277
4761,10906,21708,30918,42826,52812,59225,73500,89080,98174,108578,118790,131375,133747,149459,159851,166050,177406,180709,197982,210966
4762,10310,21640,31017,42649,52607,65573,73312,81113,88776,108073,118372,130871,133801,148595,159227,166485,176909,186222,197796,210816
4763,10553,22258,31954,44002,54576,61072,75988,83834,92206,111970,122584,136159,138286,152015,165069,170540,183451,189376,202739,216934
4764,10289,22153,31829,44078,54549,60853,75986,83938,101275,112059,122343,135901,137912,151730,150686,168840,181928,187994,201461,217097
4765,10635,20061,31961,44565,54932,61601,76770,84753,92972,113301,124298,137815,139781,153214,153214,170595,183562,189284,203638,202322
4766,10364,19980,31757,44498,54777,61404,76541,84613,102278,112781,123855,137598,139246,140883,153208,168792,181748,188106,200269,200269
4767,10332,20288,32484,45626,56072,62644,78280,86700,104062,114971,125299,138455,140250,142214,154544,169689,182292,189466,201002,203724
4768,10284,20245,32393,45689,55987,62671,78394,86545,104254,104254,125581,138686,140502,142366,154217,169409,181627,188945,203234,205032
4769,10838,20560,28942,46224,57039,63737,79291,87868,105880,105880,127719,141203,142868,144835,157682,171241,186091,191644,206715,209675
4770,10405,20567,29050,46233,56995,63529,79598,87848,96134,105876,127490,127490,142235,145255,157546,171219,171219,191361,204329,209901
4771,10513,20745,33499,46619,57581,64299,80149,88356,97023,106591,128433,128433,143166,145967,158156,172051,172051,191617,204930,209807
4772,10210,20714,29451,46523,57487,63999,71384,88141,96539,106158,128060,128060,142233,145460,157614,158066,171562,190368,204279,209607
4773,10587,20737,29679,47275,58511,65303,73109,90486,98978,109161,132102,132102,146517,150069,163331,163588,178122,196382,211703,215299
4774,10244,20842,29991,47178,52526,65318,72861,90427,99066,109171,120493,131879,146380,149881,162363,163316,178099,178933,191959,213369
4775,10492,20661,30458,47385,52928,66084,73927,91734,100527,110429,122216,134607,149475,152920,164767,166664,179979,183312,194907,217171
4776,10509,20663,30696,47280,52906,65896,73597,91443,100171,109911,121961,134169,149201,151985,164357,166439,179767,184584,194896,214916
4777,10424,20693,30963,47180,52776,65829,73205,90916,100144,110619,122170,133958,148786,151363,164256,166643,180894,186887,195445,216190
4778,10484,20697,31172,47164,52809,65932,73174,91033,100191,110430,122246,134073,148971,151419,164357,166560,180638,187773,196980,198714
4779,10277,20800,31387,47610,53448,66024,73621,91501,100926,111350,122388,134245,148214,150801,162501,164776,178684,184822,193364,195901
4780,10540,20744,31218,47648,53298,66182,73690,91584,100802,111270,122775,134317,148186,150670,162723,165028,178779,184733,194911,197347
4781,10328,20979,31464,48089,53854,67055,74541,92622,102180,112485,124111,136079,150712,152174,164773,167527,182157,186953,197178,202686
4782,10291,20897,31412,48038,53647,66889,74294,92438,101643,111918,123862,135701,150251,151968,151610,167360,181285,187962,197559,203145
4783,10711,20914,31220,47958,53415,66425,74135,92141,101393,111643,123375,135291,149952,151321,150897,165752,179546,185330,195933,204676
4784,16711,26889,29680,37764,48354,58297,63994,70445,77472,84940,93591,107769,109981,118220,126768,129265,139410,142700,156428,155611
4785,11923,26594,40111,53345,62943,74765,82119,92990,100971,112277,125348,133225,144050,155917,168845,165648,179643,181505,196319,211046
4786,10820,25431,37329,50695,60335,71331,79471,89897,99316,118044,130074,131596,143817,156319,157363,175617,188432,193362,198563,211777
4787,10454,23784,36385,48789,59028,70858,79069,88436,98548,116316,129072,130248,142506,155656,157233,165149,174658,190919,198629,209118
4788,10726,23137,34560,48088,57723,69856,77818,87312,95705,113561,124940,125850,138641,151336,154248,160650,174959,184544,192662,206839
4789,10369,22550,33539,46906,57344,69530,77721,87053,95823,113504,124896,138091,151134,151134,154890,171251,175213,185780,202705,207889
4790,10447,22607,32948,45596,52691,70438,78895,88274,97395,115181,126279,140708,154401,154401,161349,173477,179527,190454,204837,222286
4791,10479,22301,32560,45167,52632,63487,78655,87744,97043,114423,125484,139732,139732,153984,158846,162945,178087,189429,202843,203942
4792,10586,22524,32216,45190,52780,63461,78620,87372,97313,114704,126144,139104,139104,154966,157047,162806,178879,189409,203917,206995
4793,10222,22441,31991,39814,52505,63129,78291,87251,97087,104037,126086,139546,139942,154389,156826,163302,178368,189292,201810,207271
4794,10537,22559,32056,39714,53235,63281,78728,88091,97436,105102,126701,138636,141010,154462,157009,177338,177338,189917,201615,207943
4795,10499,19411,31780,45126,53001,63124,78085,87758,97161,104693,126398,137883,140157,153478,156310,162339,176650,188888,201372,207500
4796,10309,22441,31756,39659,53224,63395,78021,87556,97367,105064,127173,139414,141397,155017,158491,164968,178858,189261,204337,211489
4797,10584,22433,31668,45146,52639,63205,77707,87708,97398,105410,127496,127496,140275,155211,158104,166455,179436,189233,203762,208878
4798,10232,22402,28171,39739,52644,63153,77940,87674,97196,105698,129186,129186,143002,157620,160745,168828,179559,190599,205389,211657
4799,10490,22366,28494,45005,52250,63049,77993,87475,97356,105811,116184,129114,141417,157380,160848,168367,179428,190846,205102,211166
4800,10367,22247,32561,39540,51964,62802,77414,86674,96522,105418,116458,128261,140253,155452,159020,162501,176469,187663,202575,209094
4801,10346,19357,32304,44824,51960,62645,77170,86379,96464,105408,116141,128205,140035,154947,158802,165828,176505,189781,201958,208407
4802,10346,21975,31600,39636,52174,62762,77809,87120,96991,106441,117153,129253,141355,156507,160034,165612,177857,189615,203375,208846
4803,10334,19084,31586,44835,52018,62634,77712,86984,96984,106278,117131,128947,141069,156439,159757,166070,175053,188937,203091,208909
4804,10456,22043,31389,39424,52060,62639,69599,87152,96586,106439,117482,129157,141484,141484,159608,166990,175312,188920,202858,210264
4805,10514,21947,31397,44727,52029,62534,77566,86935,96400,106240,116908,128870,141302,141302,159424,166443,175156,187569,202429,208150
4806,10290,18710,30769,43815,50958,61084,67841,85027,94264,103351,113991,126103,137606,152361,154885,165062,172095,183921,197833,205796
4807,10304,21646,30848,43959,51664,68646,75903,84906,94187,103562,113968,126073,137705,152468,155001,172348,172802,183458,198068,206257
4808,10268,21265,30656,43191,50881,66505,74547,83665,92493,101720,112163,123362,135180,148985,152679,161168,174482,181333,192813,201096
4809,10636,21305,30833,43421,51217,66618,74508,83541,92519,101785,123411,123411,135014,148876,152453,168908,176153,182389,192802,204912
4810,10210,18680,31331,43994,52068,67723,75827,84938,94275,103741,126120,126120,137913,152575,155964,172665,186019,185809,197486,207652
4811,10584,21425,31383,43875,52205,60575,75637,84651,94020,103257,125681,125681,137220,151985,155801,160590,171702,186452,196673,206906
4812,10550,22037,31926,44640,52873,61681,76565,85650,94683,104307,126882,126882,138553,153386,157445,172286,179037,188076,199037,210159
4813,10548,22024,31828,44609,52616,61572,68544,85512,94824,104208,126579,126579,138657,153156,156908,161128,175426,189165,199532,209247
4814,10514,19568,32199,45277,53526,62880,69915,87553,97253,106677,129550,129550,141240,155675,159312,164919,177677,189181,200903,210765
4815,10496,22280,31899,39900,52803,62673,69863,87228,96935,106215,117243,129060,140708,155096,158814,167171,176349,187791,200403,210023
4816,10580,19865,32448,40687,53745,64183,71275,88994,98535,108479,119209,131539,143829,159029,161905,168240,182247,195629,206170,214024
4817,10469,19930,28925,40735,53438,63979,71499,89026,98514,108454,119415,131772,144224,144224,161579,167643,180347,194444,205846,213599
4818,10551,22838,29131,40787,52900,63875,71553,89312,98757,108456,119449,131505,143633,143633,161385,168086,178979,191431,189507,212495
4819,10383,19922,29641,40829,52948,64087,71379,89347,98792,108538,119506,131879,143969,143969,160998,168003,178346,191383,189395,211979
4820,10435,20209,30376,41615,53482,65637,73286,91637,101647,111307,122778,135270,148069,148069,165254,174124,182403,197126,196110,216719
4821,10465,20105,30584,41568,52946,65239,72984,91295,91295,110967,122543,134602,147982,147982,164621,170468,181817,181137,195988,216778
4822,10648,20667,31947,43171,54811,67971,75776,95181,95181,115516,127995,140996,154022,154022,171173,175455,188888,188888,205066,225844
4823,10420,20573,31650,43160,54640,67990,75748,85061,94939,115255,127742,127742,154201,154201,170554,174033,174033,189085,204885,206608
4824,10569,20806,31816,43313,49221,68631,76649,85240,95107,116105,128598,128598,155842,155842,172964,177180,177160,190416,205520,206654
4825,10494,20712,31814,43281,54961,68421,76559,85015,94878,115719,128312,128312,155818,155818,172355,176123,177105,190094,205436,206601
4826,10737,21206,31822,43952,49799,69232,77479,85825,95933,117814,130093,130093,157580,157580,173717,176289,178317,191045,205626,206729
4827,10395,21273,31838,44009,55374,69371,77472,85962,96109,118033,118033,130293,157487,157487,174002,176234,178596,190905,205738,206920
4828,10574,21588,32326,45084,56539,70711,78918,87513,97790,118983,118983,131831,159788,159788,176593,178283,181282,194094,192544,213586
4829,10496,21625,32140,45011,56714,70884,79076,87759,97803,108639,119295,131802,145661,160086,176825,178411,181939,180850,192851,211057
4830,10741,19469,32142,45438,57507,71492,79851,88506,98774,109117,120283,132905,146819,160506,177619,178339,181733,181733,193527,211308
4831,10489,21975,31988,40232,51221,71422,79371,87953,98348,108827,120050,132708,146552,160289,176922,177679,181317,181898,192871,211059
4832,10653,19952,32857,41741,52411,72497,80944,89628,100155,111889,122528,135392,148493,162490,178790,179479,182548,184028,195810,213389
4833,10658,19993,32545,46250,52221,65593,80642,89780,100290,111844,122410,135041,148383,162212,178880,179059,182304,184136,195583,215066
4834,10691,20020,29284,46216,52435,65411,80641,89531,100270,111279,122288,134408,147575,160860,177353,177353,180603,183099,194136,212134
4835,10511,19939,32720,46220,52177,65345,80422,89501,99965,111036,121902,134190,147291,160172,176741,176741,179566,183747,194632,211329
4836,10687,20327,29513,46350,52967,65885,80837,90167,100795,112415,122416,134811,147548,160668,176853,176853,179283,184290,193474,210341
4837,10619,20246,29533,46567,53015,65820,80682,90053,100804,112355,122475,134928,147816,160723,177010,177010,179477,184706,193949,210353
4838,10859,20369,29655,46179,52770,65258,79829,89135,99967,110845,121609,133353,146029,158801,175138,175138,177547,183968,192712,208410
4839,10804,20269,30092,46244,52719,65098,79901,89155,100129,110823,121512,133288,146004,158431,175144,175144,177513,184964,193127,208168
4840,10768,20394,30231,46316,52924,65425,80615,89956,100946,111731,122152,134129,147379,160610,177485,177485,179723,188386,195990,211547
4841,10792,20332,30523,46289,52923,65358,80588,89848,100673,111621,121935,133754,146873,160087,176783,176783,179640,187164,195570,211075
4842,10616,20072,30388,45715,51996,64320,79071,88121,98874,109415,119838,131223,143944,156837,173258,173258,175268,183372,191311,206766
4843,10613,20069,34099,41031,51895,64175,79100,88161,98844,109488,119822,131215,143698,156540,156540,173302,175281,184521,191388,205924
4844,10496,19862,32916,45050,51159,63552,78395,87371,97818,108724,119232,130876,143561,157293,157293,173628,175199,187120,191609,207044
4845,10481,22252,32341,40531,51162,63484,78204,87227,97744,108531,118708,130602,143426,156562,172964,172964,174797,187136,191836,206280
4846,10413,22303,32055,40393,50977,63212,78330,87132,97762,107579,117925,130390,143963,157071,173701,173701,175555,183963,193144,208729
4847,10434,22401,32113,40450,51005,63456,78567,87201,97685,107913,117699,130487,144137,157396,157396,173941,175873,188172,193433,208440
4848,10466,22259,31892,40414,50595,63004,77778,86189,96409,107281,117420,129936,143321,156463,156463,172229,174316,182691,190468,204738
4849,10554,22202,31909,40346,50436,63002,77878,86352,96654,107623,117609,130223,143531,156720,156720,172434,174561,186858,191499,204782
4850,10481,22370,32249,40775,51254,63943,78815,87675,98012,108767,119599,131401,144856,144856,157936,174696,176589,196870,195172,208071
4851,10428,22343,28791,40699,51075,63795,70492,87397,97819,108491,119055,130902,144374,144374,157662,174169,175783,194698,195747,207717
4852,10463,19652,28541,40354,50494,62890,69767,86463,96678,106795,116899,128913,142363,142363,155641,172097,173407,191184,195035,205841
4853,10396,19576,28798,40301,50633,62904,69609,86494,96670,106822,117036,128790,142295,142295,155518,172111,173375,191149,196048,205744
4854,10403,21872,32491,39636,49621,62077,68504,84645,94989,105701,115829,127401,139932,139932,152348,167773,169184,183934,191831,200557
4855,10379,21810,32026,39451,49431,61816,68200,84258,94570,105159,115395,126859,139413,139413,167049,167049,168759,184806,203927,200446
4856,10404,19498,31935,39794,50058,62245,68757,85150,95060,105194,115530,126928,140244,140244,169174,169174,170481,187677,205645,203940
4857,10400,21898,31825,39763,49950,62056,68859,85238,95452,105234,115511,127093,139889,139889,169012,169012,170838,187600,204781,204068
4858,10361,19481,31644,39945,49934,61946,68381,84777,94659,104634,114560,125861,138441,138441,151115,167664,169996,185369,202181,201692
4859,10412,22013,31567,39787,49875,61926,68304,84740,94626,104543,114658,125920,138431,151143,151143,167597,170624,185767,201752,201752
4860,10635,19802,32129,40373,51046,63030,69916,86481,96685,106594,116968,128640,141460,154451,170684,170684,174516,188410,204248,204248
4861,10592,22342,31933,40330,51292,62878,69477,86243,96318,106315,116617,128094,141150,141150,153980,169989,175095,187694,203764,204666
4862,10636,20101,32784,41313,52982,64598,71213,88696,99234,109838,120215,131587,144893,144893,158200,174304,179537,192173,208575,208844
4863,10595,20055,29229,46073,52617,64480,79543,88755,99122,109647,119868,131491,144676,144676,158114,174368,178646,178646,190913,210778
4864,10678,20198,29283,46073,52128,64188,79379,88193,98374,108847,118943,130638,143563,143563,156873,173593,177663,182253,190306,208532
4865,10730,20123,29375,45935,52047,63869,79048,87923,98131,108255,118471,130013,143221,156398,156398,172841,176468,184263,189841,209804
4866,10721,20103,33360,41429,52239,64279,79224,88137,98585,108671,119053,130420,143318,143318,156350,172381,176292,182746,189135,207338
4867,10768,20280,32848,46060,52265,64392,79328,79328,98552,109025,119014,130522,143466,143466,156455,172662,176985,185389,191221,207204
4868,10688,20110,32669,45967,52430,64712,71753,88730,98960,109470,119681,131511,144963,144963,158260,174613,178935,187041,195779,210106
4869,10714,20116,29260,41376,52334,64655,80079,80079,99021,109286,119772,131392,144897,144897,158107,174520,178571,187412,195667,210240
4870,10615,20125,29303,46042,52622,65238,72122,90148,99956,110070,121940,133725,146865,146865,159827,176574,179985,188969,197922,214709
4871,10533,20039,33212,45987,52390,65129,71888,89926,89926,109717,121455,133560,133560,146724,159322,176001,178838,189188,197764,214257
4872,10749,20331,33591,47554,54009,67268,74594,92365,92365,114261,125050,138321,138321,151907,166241,183327,186116,190996,204275,219203
4873,10666,20342,29853,47580,54071,67078,74627,83223,92464,103140,125345,125345,138237,152128,166325,183566,200755,190413,203686,200755
4874,10749,20533,30202,48216,54617,67950,75393,83830,93243,115307,126967,126967,139643,153811,167920,185481,186954,193028,205471,202767
4875,10754,20562,30177,48129,54415,67723,75091,83758,92914,104079,126591,126591,139204,153254,167259,185213,201626,191699,205171,203885
4876,10874,20939,30721,48848,54783,68743,76190,84784,93744,115931,126929,126929,140081,154214,168290,185110,185665,190149,202692,204108
4877,10869,20976,30861,43676,55037,68669,76199,84793,93757,116218,116218,126980,139968,154369,168291,185268,201496,190237,202743,205100
4878,11042,21160,31407,44424,56082,69851,77322,86321,95536,118136,118136,129591,142747,156677,171302,188950,189438,193587,206399,208854
4879,11059,21239,31409,44350,56097,69759,77458,86236,95605,117996,117996,129537,142518,156729,171162,189149,189149,192852,191664,208645
4880,10995,21223,31401,44179,55800,62410,76965,85725,94876,116744,116744,128369,140997,155498,169225,186898,186898,190149,189887,206774
4881,10910,21142,31408,44012,55671,62156,76707,85462,94642,116432,116432,127956,140620,154987,168815,186145,186145,189692,190194,206067
4882,11091,21322,31588,44645,56248,63219,77739,86569,96060,118746,118746,130307,143153,156957,170741,188160,188160,191819,191819,206737
4883,11013,21308,31507,44668,56035,63038,77815,86400,95948,107201,118457,130187,142939,156772,170480,188029,188029,191459,193872,206929
4884,11049,21233,31381,44609,56191,63133,77553,86458,96049,107153,118596,130066,142901,156613,170183,187845,187845,190451,193094,208692
4885,10905,20962,30933,43858,55394,61811,76283,85054,94218,105068,115666,127016,139933,153706,168058,185889,185889,188701,192255,205694
4886,11102,21163,31183,43686,55813,61936,75219,84093,93433,104968,115252,125785,137121,150077,163130,179948,179948,181146,187844,197828
4887,11013,21224,31252,43828,55686,61988,75186,84304,93483,104735,115384,125890,137294,150289,163253,179813,195115,181412,198993,199323
4888,11195,21351,31445,44360,56348,62669,76473,85659,95184,106411,116844,127651,139633,152640,166165,166165,183885,186342,203779,204965
4889,11176,21281,31480,44331,56155,62742,76590,85568,95150,106140,116806,127790,139720,152812,166195,183898,199387,186280,203305,206599
4890,11166,21339,31387,44394,56386,62766,76761,85735,95288,106370,117203,127995,139849,153082,166458,166458,184222,186551,203305,207421
4891,11294,21456,31572,44604,56204,62640,76234,84946,94794,105586,116213,126500,138922,152397,166075,182960,199286,185188,202671,209278
4892,11555,21960,32323,45532,57743,64209,78267,87600,97297,108699,119409,130319,142443,155830,169412,169412,186935,189208,205294,210822
4893,11529,22004,32196,45467,50965,63983,78130,87662,97335,108534,119499,130170,142124,155735,169503,186833,186833,189280,189699,210208
4894,11789,22403,32880,46528,51628,65234,80134,89444,99669,110726,121595,134314,147359,161374,175606,193843,193843,195505,197369,216729
4895,11782,19930,32865,46299,51567,64967,72315,89101,99321,110394,121237,134027,147154,161135,175341,175341,193292,194973,196719,214872
4896,11731,19916,32793,46384,51713,65164,72506,89237,99544,110385,121822,134026,147262,161395,161395,175364,193520,195053,196818,213707
4897,11930,20248,33308,46988,52115,66148,73041,89840,99510,111674,122664,134271,147645,147645,161709,176016,194093,195691,197879,213657
4898,11878,22665,32856,46144,51247,65025,71763,87768,97570,109298,120366,131651,143949,143949,157445,171574,189257,190665,193249,208559
4899,11906,22688,32818,46122,51218,64905,71738,87927,97554,109374,120459,131562,143851,143851,157501,171690,189325,190998,194733,208729
4900,11861,22738,32820,46105,51314,65020,71764,88152,97708,109694,120618,131851,144354,144354,157952,172175,189441,190478,195147,208655
4901,11694,22359,32457,45515,50416,63794,70542,86551,96001,107481,118414,129297,141743,141743,155419,168887,185911,187361,192409,204228
4902,11767,19847,32506,45673,57475,64060,78187,86759,96342,107994,118752,129898,142317,155837,155837,169458,186595,187495,194041,207268
4903,11731,19569,31936,44761,49616,62390,75804,84487,93933,104612,115798,126100,138291,151762,151762,164910,181915,183068,193281,201885
4904,11632,19503,31893,44807,56462,62933,76404,84640,94245,105589,116491,127112,138994,138994,151662,164812,196784,182113,204965,203395
4905,11656,19486,31889,44644,56255,62798,76073,84487,93933,105160,116202,126794,138603,138603,151190,164124,180550,181406,203036,203454
4906,11659,19461,31880,44805,56390,62769,76292,84532,94165,105461,116350,127078,138958,138958,151282,164511,196550,181976,202620,204773
4907,11697,22058,31828,44560,55978,62397,76137,84427,93881,104707,115396,125866,137804,137804,151117,164269,181946,182781,203498,206290
4908,11707,19431,31792,44556,55984,62419,68760,84273,93605,104598,115151,125797,137765,137765,150936,164239,197372,182621,201626,206890
4909,11839,22201,32157,45358,57164,63656,77299,86119,95550,106363,117448,128106,140281,140281,153828,166850,183867,185047,203711,210303
4910,11664,19604,32265,40431,57173,63531,69874,85836,95357,106319,116930,128036,139837,139837,152776,166358,198244,184304,200591,208085
4911,11553,19572,32121,40405,56813,63273,77084,85461,95099,106160,116345,127457,139476,152364,152364,165784,182660,183673,200235,207595
4912,11577,19589,32282,40638,57103,63536,70057,85959,95231,106643,117246,127860,140013,140013,152717,166159,183233,184344,200057,208257
4913,11466,19171,31814,40023,56528,63018,76702,85057,94982,106125,117135,127825,139913,152525,152525,165802,181887,183711,198331,206706
4914,11424,21941,31899,44917,56523,63003,69743,85257,95054,105980,117237,127760,139878,139878,152655,165861,182008,183865,198382,207422
4915,11156,21270,31025,43641,54671,61014,74177,82492,91566,101582,112648,122729,134265,146827,146827,159588,175371,177732,192190,204310
4916,11116,21441,31267,43974,55412,61761,75072,83392,92637,103505,113956,124192,135914,148447,161234,161234,177281,180541,193493,217367
4917,11108,21486,31204,43988,55473,61701,75094,83644,92718,103523,114051,124205,135895,148294,161199,161199,177677,182427,194262,213266
4918,11133,21536,31207,44022,55432,61797,75026,83471,92601,103373,113786,123978,135596,148307,160956,160956,177020,185486,194414,213767
4919,11238,21593,31626,44588,56070,62542,76849,85551,94795,105577,116552,127216,138932,151756,165776,165776,183570,190342,201462,218536
4920,11259,21651,31674,44713,56055,62631,69269,85769,94992,105662,116609,127235,139088,139088,165907,165907,183637,188795,201214,202419
4921,11212,21713,31497,44616,56254,62669,69315,86241,95280,105684,116179,126974,139969,139969,168379,168379,185638,189107,201957,204600
4922,11249,19180,31729,40043,56595,62931,77708,86567,95601,106143,116633,127626,140395,140395,168831,168831,186316,188922,202177,204022
4923,11519,22405,32599,46037,57612,64244,71094,87890,97078,107777,118642,129806,142644,156802,171061,171061,188540,192628,204856,206295
4924,11567,19687,32690,40828,51104,64135,71027,87546,97063,107733,118415,129509,142440,142440,156461,170470,188190,189442,188925,207734
4925,12389,20772,34194,42848,53513,66968,82350,91632,100957,112250,123747,134639,148560,162882,162882,177854,196269,196856,196856,215343
4926,12402,23635,30508,42854,53729,67157,74583,91897,101193,112424,123796,134947,134947,163150,163150,178003,196599,196890,196890,214326
4927,13025,24901,31959,44549,55640,69705,77366,94484,104544,115953,128171,139801,139801,153038,168270,183027,201962,202204,202449,221158
4928,13018,21897,31980,44529,55573,69643,77279,94556,94556,115867,127829,139559,139559,152870,168002,182879,201662,201662,202201,202634
4929,12972,24551,31577,44299,54942,68926,76478,93302,93302,114724,126771,138133,138133,151555,165931,181075,198806,198806,198954,199411
4930,13019,24588,31697,44250,55184,69034,76642,93415,93415,114790,126716,138433,138433,151952,166110,181115,199197,199197,199197,200328
4931,12309,23649,30598,42882,53523,67330,74584,91088,91088,112313,124058,135427,135427,148177,162304,176006,193607,193607,193644,195193
4932,12335,23597,30662,43067,53719,67592,74749,91507,101296,101296,124523,124523,136012,148898,162554,176373,194046,194046,194496,202051
4933,13118,25525,33130,46975,58336,73597,81525,99653,110223,110223,134798,147362,147362,161310,176132,191384,210139,210139,210909,228437
4934,13149,22379,32952,46821,52687,65911,73782,90037,99585,110091,122780,134576,147421,161116,176070,176070,191215,209755,210187,211090
4935,13548,23136,34217,48711,54852,68754,76810,93857,103962,114804,127883,141559,154371,168458,184185,184185,199825,219786,219786,220078
4936,13531,23141,29929,43249,54901,68823,77008,94125,94125,115140,128055,128055,154895,154895,168854,184520,200170,200170,220053,220053
4937,14135,24170,35680,44590,56462,70382,78986,87004,96160,117331,130762,130762,156872,156872,171525,187513,203128,203128,222761,223174
4938,14127,24178,30868,44730,56441,70328,78696,86983,96019,117167,130385,130385,143105,156769,171260,187325,203027,203027,222293,222293
4939,13857,23888,30720,44384,56134,70282,78357,86701,95525,116534,129811,129811,143119,156031,170074,185744,201316,201316,220978,220978
4940,13865,23917,30769,44403,56100,70356,78521,86779,95621,116707,129980,129980,143385,156475,170659,185904,201648,201648,221540,221540
4941,13158,22433,28849,41469,52490,65445,73160,80717,88926,108329,120905,120905,132804,144668,158320,173120,187684,187684,205987,205987
4942,13185,22654,33241,46801,52637,65770,73408,89271,98708,108977,121359,133132,145347,158552,173462,173462,188439,206452,206452,206452
4943,11800,19741,28677,39992,44870,56340,62641,76469,85250,93939,104548,115387,125845,137571,150286,150286,163481,181392,181392,181392
4944,11788,19786,32231,40058,56417,62730,76457,85199,94044,104762,115754,125991,125991,137828,150293,163653,181530,181530,181530,197869
4945,11447,18565,29437,36342,50214,55804,61577,74934,82981,92024,101614,110424,110424,120985,132935,143921,158393,158393,158393,173828
4946,11528,18461,29582,40738,50241,55854,68007,75120,92152,92152,101982,121308,121308,133230,144343,158753,158753,172538,172538,191428
4947,12618,23297,33408,41388,57446,63601,77220,85602,105114,105114,126325,138580,138580,151507,164795,181105,181105,196513,213363,231276
4948,12605,23280,33281,41313,50821,63494,70166,85365,94554,104966,115575,126230,126230,138174,151333,164615,180612,180612,196244,212806
4949,12749,23554,33556,41716,57921,64086,78457,86795,95994,106215,117466,127381,127381,139510,153402,166588,183326,183326,199055,199386
4950,12702,23587,33704,41759,51659,64287,78301,86910,96025,106307,117572,127549,127549,140054,153603,166747,183235,183235,199647,200638
4951,12158,22608,32397,40352,49989,62540,76311,84327,93047,103476,114287,124892,124892,136605,149346,162571,178739,178739,193445,197346
4952,12225,22601,32422,40531,56626,62918,69706,84723,93579,103802,114587,125154,125154,137020,149919,162961,179137,179137,194398,202607
4953,11824,22057,31711,39445,54843,61002,74550,82540,91065,101223,111260,122013,122013,133074,146103,159128,174657,174657,189233,204072
4954,11728,19438,31582,39259,54548,60814,74211,82176,90639,100959,110980,121515,121515,132564,145818,158372,174132,174132,188629,212201
4955,11315,18744,30684,37914,52833,58977,71945,79654,88031,97814,107890,118041,118041,128679,141043,153486,168413,168413,182673,207638
4956,11357,18757,30570,42612,52906,65363,72040,79786,88166,98169,108090,118271,129195,141374,153819,153819,169091,169091,183187,208542
4957,11107,18313,29895,41942,52054,64411,70922,78785,86955,96892,106345,116820,127544,139929,152086,152086,167416,167416,181376,206327
4958,11181,20661,29825,41735,51867,64195,70868,78616,86690,96666,106219,116723,127036,139774,151898,151898,167057,167057,180970,206192
4959,10921,20600,29650,41636,51830,64121,70533,78408,86519,96276,106033,116201,127303,139418,151465,151465,166545,166545,181008,207247
4960,10944,20641,29712,41596,51920,64211,70832,78526,86766,96527,106559,116365,127565,139748,151840,151840,166931,166931,183740,207739
4961,11136,20748,30020,41957,52578,64881,71516,79338,87495,97253,107024,117103,128098,140375,152994,152994,167945,168095,186194,207836
4962,11089,20808,30135,42223,52727,65168,71688,79582,87926,97785,107258,117530,128528,141192,153442,153442,168643,183978,192006,208340
4963,11071,20830,29959,41755,52092,64181,70753,78401,86708,96307,106190,115569,126673,138814,151012,151012,165934,182041,191158,205795
4964,11129,21008,30117,41907,52314,64490,70952,78781,87061,96694,106382,116104,127077,139254,151494,151494,166462,183275,192454,206447
4965,10986,18206,29736,41713,52182,64071,70772,79138,87403,96815,107411,117119,128356,139698,152432,152432,168696,187474,195255,208593
4966,10954,20675,29821,41641,52173,64292,70965,79226,87611,97138,107706,117312,128651,140221,152811,152811,169119,187213,195474,209060
4967,10761,20394,29374,40905,51293,63002,69698,77128,85116,94622,104089,113685,124763,136474,148483,148483,163407,182713,190124,203945
4968,10755,20350,29292,40968,51243,56795,69523,76946,94430,94430,103997,113586,124330,136235,148414,163007,163007,183549,199210,212924
4969,10831,20371,29577,41521,51852,64036,70758,78464,95718,95718,105712,115130,126307,138451,150796,165813,165813,187246,200830,212741
4970,10860,20403,29501,41543,51941,64148,71004,78629,96045,96045,106045,115354,126865,138827,151281,165986,165986,186909,199411,212309
4971,10675,20281,29160,40993,51462,62891,69266,76856,94492,94492,104048,113267,123646,135076,146462,160851,160851,184759,196268,207032
4972,10698,20474,29339,41198,51526,57552,69627,77167,94983,94983,104415,113631,124258,135656,147128,161508,161508,185950,197402,208145
4973,10718,20460,29541,41209,52086,63640,70046,77691,95628,95628,104886,114409,124735,136399,147925,162676,162676,187018,198269,210062
4974,10659,20551,29419,41270,51897,57716,69941,77374,95467,95467,104609,124555,124555,136204,147575,162328,162328,187175,198472,209499
4975,10535,20057,28921,40451,50887,62009,68206,75337,83508,92943,102092,121130,121130,132235,143066,157188,157188,183596,194339,205418
4976,10578,20073,28946,36229,50928,62158,68292,75647,93108,102402,111429,121388,132452,143517,157613,157613,157613,192752,196047,206637
4977,10417,19604,28452,39730,50159,61021,66978,74301,91309,100539,109332,119227,129953,140890,155242,155242,155242,179179,196517,205217
4978,10335,19704,28365,35521,50109,60942,66825,82371,91328,100233,109089,118795,129677,140627,154842,167758,154842,189919,196102,206117
4979,10069,19602,28654,36200,51762,64360,71362,88938,99511,109716,121114,133023,146907,162061,180878,180878,180878,216313,219010,234676
4980,10078,19590,28733,36247,51755,64470,71433,79790,89154,99632,110047,121353,133628,147120,147120,162100,181245,181746,202446,216382
4981,9937,19016,27739,39135,49514,61504,68126,75953,84560,94669,104214,113965,125436,138640,138640,152052,169340,172019,187037,186580
4982,9944,19104,31276,39291,49677,61842,68359,76464,95048,95048,104616,125816,125816,139196,152493,169618,169618,180237,191033,208036
4983,9912,19002,31155,39604,49783,61856,68711,76508,95244,95244,104996,126209,126209,139185,152342,169683,169683,190575,193476,205071
4984,9915,19030,31073,39596,49815,61788,68640,76682,95203,95203,104869,125982,125982,139139,152371,169280,169280,189469,194566,207128
4985,9859,19249,31901,40007,50490,62806,69606,77600,96533,96533,106334,127790,127790,141083,154442,171698,171698,189918,197999,210201
4986,9851,19250,31834,40049,50621,56938,69921,77775,96828,96828,106642,127861,127861,141469,155011,172191,172191,189874,197894,210472
4987,9680,18827,31335,39547,49641,61837,68576,76467,95070,95070,105048,126066,126066,139137,152602,169292,169292,185597,196404,207352
4988,9719,18865,31458,39463,49644,61721,68552,76261,95188,95188,104671,126042,126042,139002,152339,169116,169116,186310,196281,206349
4989,9782,18887,31397,39499,49898,61729,68423,76833,95300,95300,114444,125460,125460,138867,151681,168380,168380,185898,194533,206519
4990,9812,19012,31301,39670,49998,61768,68595,76747,95448,95448,114706,125721,139174,139174,152084,168840,168840,186607,195089,207037
4991,10104,19509,32253,40885,51425,63942,70723,79262,98866,108702,118857,130559,144538,144538,158419,175708,175708,192647,201086,212907
4992,10201,19540,32397,41045,51625,57914,71003,89039,89039,109197,109197,119443,131362,145122,159004,159004,176580,182451,199999,211717
4993,10056,19377,31763,40409,50830,63150,69971,78106,87068,97053,107244,116953,128394,141143,155080,155080,172131,182553,196850,207595
4994,10070,19356,31607,40328,50665,56577,69583,77851,86584,106704,106704,116560,127716,140690,154601,154601,171708,192469,196619,207968
4995,9879,18930,31456,39920,50588,56363,69930,78151,86569,106226,106226,116830,129096,142440,155506,155506,171220,189998,196142,203488
4996,9930,18985,31551,39902,50723,56239,70055,78361,86694,106388,106388,117087,129361,142926,156043,156043,171616,187670,196876,207398
4997,9952,19321,31834,40496,51312,57302,71164,79477,88023,97737,108168,118433,131516,144422,158240,158240,174540,190106,198487,209559
4998,9998,19310,31794,40393,51347,63392,70896,88046,88046,107855,107855,118159,131213,144146,158200,158200,174373,189435,197938,209405
4999,10115,19508,32014,40493,51261,57133,70683,79134,87668,107343,107343,117965,129979,143589,156538,156538,172533,188823,198140,207983
5000,10101,19480,31969,40580,51402,63685,70880,87741,87741,97572,107363,118357,130056,143715,157032,157032,172929,188200,197595,208363
5001,10163,19585,32148,40732,51624,64140,71516,79650,88358,108713,108713,119247,132063,144950,158878,158878,175072,191459,198749,211871
5002,10206,22229,28791,40815,51924,64241,71830,88699,88699,108977,108977,119542,132207,145731,159507,159507,175718,179278,199087,211464
5003,10190,19352,28309,40107,50608,63077,69817,77884,87176,97076,107250,117727,129557,142774,156728,156728,174197,181908,199181,210242
5004,10224,21804,31696,40138,50687,56627,70051,78165,87172,107447,107447,117897,129665,142842,156928,156928,174467,183881,199391,209767
5005,9909,21110,30463,38635,48664,60182,67160,75120,83333,92951,102510,112182,123939,136395,149552,149552,165376,175723,190337,198620
5006,9914,21221,30594,38676,48802,60489,67217,83704,93012,102580,112297,124005,136789,149907,149907,165650,165650,187206,202224,202140
5007,9842,18714,30831,38850,49171,61111,67858,83828,93510,103175,113609,125094,137888,150852,150852,166448,166448,188295,200751,204734
5008,9850,21168,30907,38835,49053,60955,67789,83892,93314,102952,113308,124952,137776,150434,150434,165977,165977,188093,200382,205359
5009,9796,21222,30884,38703,48519,60415,66821,82740,92239,101723,111771,122663,135265,147941,147941,163052,163052,185694,197939,204119
5010,9831,21258,31222,38782,48744,60555,67034,82742,92350,101858,111777,122922,135546,148076,148076,163190,163190,186289,197383,215148
5011,10090,21564,32100,39931,50406,62432,68956,85587,96012,106237,116360,127664,139774,151859,151859,167546,167546,188469,200820,217964
5012,10119,21680,31854,40108,50505,62589,69276,85903,96549,106822,117085,128235,140393,152505,152505,168109,182375,188783,200766,216764
5013,10070,19455,31984,40196,50802,62818,69456,85749,95618,106081,116063,127177,139435,151588,151588,166831,166831,186756,198784,199423
5014,10028,19491,31741,40322,50908,62911,69435,85786,95712,106233,115992,127490,139473,151774,151774,166838,166838,187413,198531,201505
5015,10021,19461,32014,40410,51105,63311,69720,86781,96830,107333,117275,128168,140313,152700,152700,167773,167773,188080,199027,205334
5016,10082,19442,32068,40445,51261,63550,69888,77987,97202,107520,117540,128524,140588,152980,152980,167982,182754,187738,199579,205742
5017,9945,19321,31767,40151,50748,62654,69250,77021,85402,105607,115071,126439,138467,150727,150727,165893,165893,186091,184007,204416
5018,9937,21916,31774,39957,50613,62441,69035,76676,94992,105226,114813,126262,138083,150155,150155,165594,165594,186404,188922,205362
5019,10414,22739,33038,41748,52555,64740,71607,79588,99067,109333,119095,130099,142550,154941,154941,170732,170732,189746,195531,210026
5020,10419,20168,29586,46322,52556,64952,79730,88594,88594,109415,119340,119340,130343,142879,155297,171235,171235,189576,196058,210080
5021,10476,20350,29791,46877,53510,66153,81234,81234,90377,111576,111576,121747,133372,146077,158903,175325,175325,193196,199252,211642
5022,10496,20404,29935,47264,53671,66404,73239,81549,101184,112111,112111,122237,133857,146618,159628,159628,175875,180795,198539,211727
5023,10633,20594,29909,47522,53629,66242,73132,81517,101518,111642,111642,122133,133998,146608,146608,159683,175913,182961,198898,211070
5024,10672,20611,30120,47412,53467,66229,72972,81421,101241,111644,111644,122025,133477,146328,146328,159433,175702,184096,198282,209424
5025,10831,21016,31126,43722,55419,68521,75920,84645,105080,116576,116576,127222,139562,153026,153026,166950,184677,189859,203749,218637
5026,10816,21035,31133,43771,55569,61998,76270,84984,94308,105421,116810,127639,139963,153570,153570,167583,185075,188812,202845,202335
5027,10931,21397,31751,44589,56523,63132,77718,86631,96158,107692,118746,129654,143105,156872,156872,171635,191206,193178,208354,209229
5028,10889,21337,31518,44578,56397,63066,77741,86492,96050,107243,118560,129547,142648,142648,156722,171339,190801,192210,191571,208609
5029,10925,21081,31193,44203,55810,62325,77190,85759,95319,106300,117817,129039,141783,141783,155935,170066,187915,189146,190333,205633
5030,10959,21151,31138,44304,55802,62459,77069,86004,95514,106528,118034,129248,142185,142185,156464,170422,188231,189111,192542,206547
5031,10820,21021,31227,44122,55430,62114,76599,85314,94626,105459,116883,128019,140655,140655,154772,168839,185800,187078,193008,204735
5032,10790,21163,31374,44187,55657,62297,76875,85642,95032,105758,117232,128658,141416,141416,155389,169229,186581,187755,195355,207769
5033,10919,21114,31191,44107,55558,62076,76547,85363,94803,105741,117044,128046,140709,140709,154630,168933,185935,186839,194648,205830
5034,10810,21049,31166,43998,55579,62031,76674,85238,94721,105409,116908,127916,140929,140929,154504,168608,185967,186949,194731,207005
5035,10775,20998,31290,44348,55703,62345,76830,85417,94683,105815,117036,128389,140713,140713,154819,168489,185682,186596,194787,208421
5036,10785,21024,31396,44315,55931,62524,76922,85693,94836,106142,117240,128623,141310,141310,155203,169309,186317,187261,195087,209170
5037,10812,21151,31261,44252,55825,62457,76621,85566,95066,106041,117509,128545,140965,140965,154854,168530,185924,187163,195192,206644
5038,10860,21191,31211,44081,55758,62404,76672,85429,94839,105833,117339,128181,140863,140863,154693,168418,185593,187005,194791,208938
5039,11003,21043,31433,44197,55717,62208,76190,84961,94475,105254,116129,127070,139373,139373,153167,166720,184072,185928,193057,207567
5040,10927,21210,31398,39458,55776,62338,76242,84975,94728,105659,116583,127409,139538,139538,153360,167344,184577,186907,193831,208198
5041,10827,21220,31212,39081,55573,61607,75525,84112,93228,104189,114718,125024,136991,136991,150016,163441,180050,183892,189028,204676
5042,10860,21138,31194,44065,55832,61887,75674,84346,93559,104597,115212,125852,137574,150592,150592,163970,180736,184709,201668,205569
5043,10801,21240,31273,44199,49583,62381,76193,85067,94634,105692,116235,126788,138797,152013,152013,165354,182191,186250,202282,207665
5044,10804,21277,31347,39465,56061,62460,76347,85206,94691,105653,116349,126788,139024,152140,152140,165553,182367,186966,200938,207829
5045,10741,18423,31155,39082,49008,61952,75371,83924,93424,104128,114756,125354,137155,150191,150191,163753,180721,186878,199696,206625
5046,10729,21060,31161,43847,55593,61906,75672,84131,93587,104303,114852,125627,137234,150653,150653,164134,181161,187208,199080,207213
5047,10881,21140,31347,44218,49326,62460,76240,84911,94345,105297,116031,126469,138132,151180,164383,164383,181332,185835,198561,205800
5048,10882,21159,31433,39186,49233,62330,76107,84949,94140,105112,115730,126345,137974,151042,164157,164157,181147,186457,198237,205755
5049,10943,21368,31597,44854,56771,63199,77442,86280,96011,107035,118213,129105,141222,154561,168450,168450,185905,190611,202292,212325
5050,10916,21408,31590,39890,49978,63280,77508,86464,96247,107225,118401,129488,141672,155078,155078,168661,186205,189635,202459,211049
5051,10884,21693,31989,40446,51050,64499,79626,88812,98680,109767,121739,132809,145479,161100,161100,176314,195421,195875,195440,212624
5052,10911,19066,32037,40695,51333,64820,80088,89358,99130,110116,122191,133356,146101,146101,161605,177063,196084,196146,196185,212280
5053,11113,19264,32695,41492,52136,66392,73432,90338,100192,111895,124366,135856,149380,149380,163807,177917,195959,195959,196081,212924
5054,11041,19216,32543,41342,51878,66091,73058,90144,100003,111640,124065,135469,135469,148926,163281,177353,195407,195407,195652,212348
5055,11284,19394,32587,41275,51817,65835,72977,89722,99324,111366,123263,134694,134694,147558,161868,175697,193422,193422,194714,209946
5056,11265,19371,32706,41420,51966,66110,73105,89990,99758,111578,123616,135228,135228,148002,162199,176069,193961,193961,195685,210578
5057,11437,19909,33370,42130,52746,67124,74113,91168,101003,112668,125217,136425,136425,149675,163747,177847,195643,195643,198594,212370
5058,11406,22540,33388,42058,52530,67077,74033,90975,101013,112263,124832,136150,136150,149391,163446,177600,195306,195306,198005,211941
5059,11395,22490,33014,41874,51980,66216,73030,89698,99144,110801,122859,134022,134022,146666,160428,174139,191743,191743,195705,207993
5060,11399,22553,33085,41845,52129,66463,73158,89805,99487,111164,122934,134280,134280,146977,160654,174563,192232,192232,196854,208341
5061,11339,22506,33251,42043,52350,66489,73480,89512,99627,110861,123177,134206,134206,147063,160641,174457,191529,191529,198047,208044
5062,11413,22585,33415,42152,52615,66899,73710,89895,99951,111296,123490,134477,134477,147572,161182,174904,192037,192037,198448,208676
5063,11429,22335,32927,41696,51911,65771,72756,88809,98405,109817,121190,121190,132521,144878,158338,171624,188630,188630,195516,205081
5064,11437,22463,33105,41867,52002,66003,72771,89092,98777,110302,121703,121703,132929,145244,158561,172368,189090,189090,196820,205724
5065,11370,22424,32897,41744,52008,66165,72826,89038,99237,110796,122102,132998,132998,145059,158311,171919,188884,188884,197345,205606
5066,11439,22418,32940,41763,52163,66066,73045,89224,99402,110891,122355,133317,133317,145464,158627,172079,189285,189285,197874,206150
5067,11105,22091,32515,41392,51446,65039,71781,88059,97801,109248,120301,131071,131071,142956,155961,169499,186051,186051,194931,203235
5068,11167,19404,32458,41352,51305,65136,71741,87994,97725,109066,120276,130837,130837,142900,155567,169062,186069,186069,195762,203383
5069,11150,19267,32206,40911,51331,64733,71339,87816,97758,109155,120363,130693,130693,142483,155257,168809,185607,185607,195906,204223
5070,11170,19245,32213,40993,51420,64858,71528,88066,98138,109385,120337,130882,130882,142826,155759,169097,185739,185739,196006,207692
5071,11163,19418,32552,41347,51975,65297,72057,88543,98683,110010,121010,131658,131658,143518,156397,170048,186970,186970,197230,208892
5072,11252,19536,32664,41508,52148,65611,72330,88742,99095,110279,121291,132061,132061,143918,156883,170539,187699,187699,197968,208126
5073,11613,22946,33820,42858,54029,68040,75201,92616,103242,115164,126744,137922,137922,150552,164224,178753,196692,196692,203002,215283
5074,11571,22918,33849,42771,53957,67944,74924,92449,103203,114726,126516,126516,137742,150334,163971,178435,178435,196604,200903,213717
5075,11899,23195,34278,43295,54312,68685,76289,94038,103979,116108,127690,127690,138885,153138,168506,183824,183824,202029,203604,218690
5076,11904,23293,30450,43411,54499,68812,76434,94289,94289,116323,127892,127892,139151,153521,168715,184138,184138,202362,202571,202367
5077,11947,23644,30875,44076,55172,70486,77880,95428,95428,118430,131263,131263,143317,156827,171408,186553,186553,204978,205133,205133
5078,11916,23578,30836,44020,55111,70355,77809,85671,95282,106034,118221,131031,143032,156777,171209,186278,186278,204660,204779,204779
5079,11920,23513,30807,44161,55067,69898,77166,85327,94562,105205,117783,130115,142220,155636,170050,184305,184305,202927,202927,203807
5080,11948,23550,30773,44112,54978,69975,77322,85470,94703,105258,117993,130343,142374,155872,170258,184720,184720,203397,203397,204693
5081,12107,24043,31437,45119,56185,71390,78943,87213,96560,106947,119400,132504,144291,158206,172647,187433,187433,205964,205964,210829
5082,12194,24106,31557,45292,56432,63992,79205,87523,96946,107302,119663,132934,144930,158724,173405,188075,188075,206717,206717,211231
5083,19944,31083,38069,48192,57157,69513,77389,87574,96544,107505,117725,127904,130177,140587,153627,153628,167213,168877,183710,183949
5084,13137,27205,37872,49131,59577,73251,82391,92603,102370,112495,123930,134811,145977,157393,171086,172993,186113,190579,205168,213089
5085,12340,24795,33327,47084,57238,71199,79289,89975,100630,111579,122340,133399,156703,156973,170364,184807,185625,203795,204282,211748
5086,12150,21886,35511,45585,55691,62463,76507,85575,95181,106267,117870,128343,149828,150647,163667,177785,179151,195075,196948,204546
5087,12160,21426,34171,45458,55326,69037,76151,93735,94850,114797,126213,127505,149543,149935,163120,177188,194811,194811,197039,206105
5088,11924,23595,33073,44339,54173,67699,75079,91666,101728,113113,124038,135395,147245,147295,160747,174834,192415,192415,195187,214907
5089,11945,23432,35870,44278,54324,67842,74827,91755,101648,113447,124199,135442,147706,147706,161242,175388,192488,192488,195676,212181
5090,11713,22954,30148,43058,52456,65971,72688,88929,98582,109826,120945,131321,142970,142970,156140,169822,186875,186875,192555,206197
5091,11790,23043,34183,43041,52757,66257,73303,89406,99073,110184,121238,131832,143549,156751,156751,170453,187536,187536,197717,207570
5092,11762,22951,33581,46990,52379,65624,72357,88585,97994,108993,119567,129961,141891,154982,154982,168539,185528,185528,196143,206593
5093,11674,22914,33366,46823,52204,65306,72159,88217,97362,108641,119031,129617,141280,154616,167642,167642,184820,184820,195793,206651
5094,11648,22609,32859,41224,51372,64265,79110,86827,96021,106812,117222,127294,138950,151638,165184,165184,181735,181735,191866,205586
5095,11715,22540,32875,46195,51425,64451,78344,86997,96209,106962,127780,127780,139316,152155,165483,165483,182055,182315,201766,206389
5096,11644,22523,32744,46027,51215,64250,78809,87283,96388,107271,128378,128378,140062,153393,166532,166532,183585,183970,202650,207968
5097,11663,22481,32710,46054,51403,64236,78525,86991,96277,107029,128279,128279,139805,153030,166263,166263,183473,184458,190394,207547
5098,11501,22562,32838,46668,58471,65491,79915,88549,98115,109251,130488,130488,143841,157286,171211,171211,187989,188651,195899,211323
5099,11453,22582,32865,46678,51884,65528,80128,88628,98261,109563,120091,131007,144177,157637,171284,171284,188518,188738,197053,209291
5100,11455,22172,32502,45820,50764,64144,70633,87000,96009,106848,117556,128615,140560,154200,167835,167835,184973,185260,193473,209005
5101,11484,19702,32609,46058,57831,64359,78704,87369,96630,107134,128842,128842,141310,154876,168531,168531,185462,186488,193964,207584
5102,11356,22033,32201,45146,50332,63281,77141,85657,94934,105634,127114,127114,139173,152340,165721,165721,182620,183839,190969,207431
5103,11357,19477,32368,45465,56939,63442,77317,86004,95095,105789,127398,127398,139632,152690,166210,166210,182957,184508,191275,207801
5104,11391,19323,31728,44604,55808,61984,75789,84150,93080,103391,124204,124204,135826,149071,162372,162372,178775,181717,186362,203099
5105,11361,19351,31791,44813,55928,68909,76003,84339,103672,103672,124637,124637,136210,149402,162747,179232,179232,183386,199610,203623
5106,11149,18843,31240,43838,54861,67328,74388,82349,101284,101284,121553,121553,132883,145498,158550,174692,174692,179973,197185,198085
5107,11156,18868,31123,43780,54830,67365,74430,91024,101226,111476,121469,132712,145147,145147,158565,174200,174200,181172,197351,211656
5108,11058,18684,30547,42942,53493,65841,72565,89008,98844,108849,118562,129515,141787,141787,154703,170707,170707,177963,193238,208473
5109,11084,21125,30675,47684,53578,65879,72683,89290,99064,108901,118879,129887,142023,142023,155028,170928,170928,178299,193754,208765
5110,10772,18417,30357,47280,53255,65325,71772,87967,97616,107508,116965,127958,139835,139835,152402,167538,167538,174576,189473,205432
5111,10880,20981,30488,47447,53402,65503,79840,88292,98031,107964,117366,128468,140213,152958,168515,168515,168515,188123,190349,206381
5112,10943,21104,30479,47241,53245,65166,79731,87911,97690,107371,116623,127666,139796,151932,167608,167608,167608,187318,190747,206833
5113,10945,21111,30613,47393,53129,65472,79779,88207,97579,107355,116958,127590,139746,152113,167602,167602,167602,187399,190751,206823
5114,10883,21131,30530,47283,53377,65196,79365,87934,97517,107354,116820,127680,139593,151748,167130,167130,167130,186947,189408,206034
5115,10880,21195,30566,47314,53412,65307,79637,88032,97864,107714,117175,128111,139944,152132,167593,167593,167593,187551,189969,206561
5116,11124,21118,30485,42660,53296,65197,79279,87335,96920,106681,116045,126941,139057,151187,166398,166398,166398,187057,188799,205196
5117,11104,21054,30462,47177,53088,65048,79347,87087,96702,106560,115796,126623,138580,150793,166226,166226,166226,186912,188600,204887
5118,10879,20814,30040,46298,52170,63900,77626,85590,95283,104457,113727,124010,135588,147255,162098,162098,162098,182184,182709,198271
5119,10828,20883,30113,46261,52129,63878,70238,85741,95479,104637,114098,124379,135864,147654,162520,162520,162520,182553,198217,213263
5120,10696,20362,29378,45163,50809,62399,75919,83832,92893,101878,110683,121492,132867,143980,158441,158441,158441,177200,192663,208301
5121,10759,20378,29465,40999,51040,62693,76318,84358,93242,111237,121771,132953,132953,144505,159096,159096,159096,178038,193305,208678
5122,10529,20158,29147,45503,51141,62736,76971,85162,94750,112877,124692,136370,136370,147694,161499,161499,164481,181275,196946,211234
5123,10532,20183,29008,41038,51247,62728,69622,84979,94759,112509,124529,135732,135732,147139,161189,161189,166145,180819,196923,209913
5124,10546,19983,28895,44851,50568,62211,68716,84368,93532,112001,122890,134375,134375,146307,161435,161435,179293,180853,196511,209696
5125,10501,20054,29092,40635,50647,62423,69026,84470,93831,112502,123237,134731,134731,146719,161945,161945,179534,181387,197238,210050
5126,10396,19733,32625,39992,50085,61540,67995,83001,92276,101369,121113,132604,132604,144371,159031,159031,176339,177547,192891,205585
5127,10358,19777,32143,39933,50033,61456,75254,82939,92078,101374,120955,132572,132572,144139,158791,158791,176232,177249,192404,206423
5128,10060,19357,31487,39491,49108,60477,74008,81630,90920,100100,119576,130767,130767,142472,156732,156732,173976,175086,190283,205208
5129,10058,19389,31586,39511,49227,60663,74346,81875,91165,100440,119937,130985,142750,142750,157004,157004,175647,188792,190550,206916
5130,9832,18848,30998,38851,48537,59834,73730,81551,90652,109350,119584,131042,142659,142659,156896,156896,175224,188554,191173,205630
5131,9877,18931,31147,39082,48807,60225,74138,81903,91083,109613,120041,131571,143139,157596,157596,157596,175761,188942,192084,206255
5132,10008,19337,31664,39629,49662,61537,75234,83019,92389,111479,121795,133535,145435,145435,159966,160103,178382,189369,194055,209515
5133,9930,21890,31629,39662,49565,61261,75039,83008,92458,111196,121685,133646,145346,145346,159385,161372,177904,178341,194190,209237
5134,9881,22041,31877,40095,50445,62266,76403,84523,93753,113048,124301,136107,148042,148042,162988,164891,179289,181988,197415,212015
5135,9919,21874,31782,40211,50459,62451,76470,84628,93880,103783,124353,136420,148520,148520,163328,165454,178875,182826,197796,210395
5136,10092,22278,32351,41058,51257,63371,77521,85649,95441,105221,126115,138313,150017,150017,164808,167365,169492,183869,198729,211369
5137,10021,19757,28755,45530,51271,63177,69827,85378,95059,104967,114952,125871,137937,149562,164455,167352,170547,183461,197336,209074
5138,10268,19813,28961,40390,50271,61787,68096,83373,92472,101839,111152,121702,133288,144869,159282,163035,177053,177622,192494,205303
5139,10258,19746,32870,40356,50368,61874,68360,83410,92911,102440,122007,133621,133621,145125,159623,164241,177935,178419,193036,206279
5140,10216,19654,31691,39415,49679,60782,66771,81664,90756,99934,109023,130387,130387,141744,156127,161384,175129,176255,191033,203732
5141,10264,22356,31739,39747,55070,61013,74369,82077,91121,100374,119651,131006,142341,142341,156540,161879,175876,187827,191349,205770
5142,10142,21573,30997,38627,53411,59054,72183,79640,88465,97217,115797,126658,137796,137796,151495,156252,170116,184057,185081,200328
5143,10187,21581,30912,38763,53583,65291,72272,79769,97531,106057,116195,126710,138124,151815,151815,167886,169894,184357,185228,201055
5144,10107,21711,31026,38546,53283,65123,72205,88467,97606,105997,115862,127017,137951,151867,151867,167782,171421,184693,185848,201603
5145,10149,21758,31021,38725,53469,65228,72372,88809,97864,106435,116320,127391,138323,152461,152461,168066,171742,184761,186482,202089
5146,10422,21851,31558,39278,54113,66303,73665,81177,99437,107906,118529,130205,141535,155710,155710,171154,175764,188623,190974,208076
5147,10365,21869,31514,39152,49010,59941,73294,80943,99164,107842,118140,129693,141385,155558,155558,159558,174907,187936,190338,207811
5148,10236,21672,31128,38917,48569,59538,72819,80687,98544,107374,117792,129122,140494,154519,154519,160581,174183,186781,189746,205686
5149,10306,21673,31231,38998,53820,59592,73028,80731,98775,107631,118079,129396,140787,154915,154915,160932,174436,187685,189993,205947
5150,10231,21585,30742,38329,52809,58550,71775,88180,97212,105821,116158,127065,138765,152787,152787,158880,172255,185721,187258,204284
5151,10252,21754,30921,42676,53233,65087,72134,88485,97539,106260,116538,127725,139134,153081,153081,169433,172980,186223,188181,205034
5152,10102,21211,30482,41941,52229,64038,71088,86924,95768,104315,114410,125530,136531,150768,150768,166281,169671,184584,185052,201063
5153,10004,21109,30766,41864,52218,63683,70765,86555,95264,103989,114030,125231,136256,150120,150120,166090,180981,183940,198565,200507
5154,9792,20468,29496,40012,49969,60662,67380,82431,90553,98843,108111,118838,129325,142572,142572,161909,174462,175871,191049,191843
5155,9763,20518,30393,40054,55223,60851,74508,82728,90959,108330,118949,118949,129843,142763,142763,162410,176227,189132,205279,210049
5156,9657,20097,30280,39790,50459,60532,74440,82672,90762,108461,119238,119238,129552,142801,142801,162797,176200,188048,201834,208572
5157,9648,20023,30617,39694,54985,60420,74273,82395,90561,108273,118992,118992,129367,142678,142678,162851,175838,187743,200976,208656
5158,9601,20188,30920,40313,51114,61538,75579,83885,92432,110718,121360,121360,132432,145924,145924,166627,178814,190670,204780,211605
5159,9610,20312,31009,40460,51151,61502,75938,84320,92627,111023,121939,121939,132590,146242,146242,167099,178857,188310,188005,209972
5160,9719,20406,31710,40645,51267,61597,75934,83995,92633,110740,121506,121506,132308,145557,145557,165963,177686,188396,191506,208426
5161,9817,20575,31821,40903,51851,62066,76362,84483,93064,111250,122078,122078,146214,146214,146214,166237,177539,188987,194042,208839
5162,9712,20455,31226,40783,51562,62422,69242,85165,93859,112389,123110,123110,134352,147929,147929,167075,177266,190504,196291,209555
5163,9721,20530,31329,41105,51899,62782,69437,85586,94389,112703,123840,123840,134873,148456,148456,166104,177926,190291,196940,210105
5164,9813,20725,31443,41033,51841,62588,69437,85173,93971,112334,112334,123318,134284,147912,147912,166856,177163,188948,195666,208214
5165,9815,20741,31504,41303,51937,62697,69633,85481,94109,112675,112675,123618,134762,148244,148244,166915,177089,189296,196081,208573
5166,9968,21031,32206,41905,52929,63710,70924,87099,95746,114704,114704,126172,137296,151122,151122,168128,179992,179451,199343,211760
5167,9988,21014,31549,41842,52880,63741,70734,86897,95649,104700,114471,125825,136890,150812,150812,167323,170308,180325,198231,210859
5168,10139,21188,31807,42181,53004,64147,71302,87500,96270,105266,115372,126456,137561,151621,151621,168412,181157,185151,198984,211809
5169,10206,21274,31763,42197,52976,64382,71503,87749,96511,105676,115650,126626,137747,151866,151866,159741,172185,186025,199394,212290
5170,10228,21705,32127,43182,54098,66147,73471,90615,99550,108687,118860,131174,142970,157583,157583,172871,177836,189697,203428,221575
5171,10252,21818,31884,43309,54202,60179,73835,81650,100068,109073,119549,131708,143248,143248,158122,161650,177130,189031,190425,202544
5172,10258,21744,31625,43096,48539,59657,73340,81131,90178,108525,119133,130881,142777,142777,157191,164070,177016,187900,192526,200618
5173,10234,21663,31343,43134,53844,65724,73199,81001,89723,108245,118922,130607,142497,142497,156881,163991,176721,177489,192383,200808
5174,10475,21968,32043,43883,49501,67216,74841,82811,91779,110914,121197,133686,145918,145918,160466,166377,178777,191312,196451,205886
5175,10500,22082,31846,39503,55000,60896,75100,83011,92182,111086,121632,121632,146230,146230,161177,166364,178875,190497,197471,206319
5176,10554,22130,31735,39416,49456,60347,74021,81922,90758,109202,120083,120083,131976,143916,158204,166801,177100,179853,195745,204604
5177,10571,22101,31739,43641,54386,60288,73900,81837,90773,109103,119878,119878,143602,143602,157813,166216,177450,182113,195787,206371
5178,10218,19148,30778,38656,48629,59248,72786,80453,89277,107750,118093,118093,141447,141447,156272,165228,174798,188617,193154,205939
5179,10225,21678,30946,42935,53409,65710,72888,80650,89501,107912,118049,118049,141763,141763,156525,165028,176146,188955,193706,206822
5180,10064,21209,30680,42195,52532,64403,71495,79091,87734,105645,116073,127658,138804,138804,153270,162671,175000,185344,191904,204298
5181,10126,21310,30843,42433,52930,64884,71671,79508,97096,106301,116475,128082,139416,153808,153808,169354,176120,187177,192553,206027
5182,9783,20492,29848,41025,51140,62898,69883,77454,94652,103686,113634,125070,136276,150543,150543,166440,173757,186651,189044,204874
5183,9755,20637,30177,41164,51146,63088,70069,86101,94773,103907,113754,125129,136450,150545,150545,166683,182965,186331,200459,204731
5184,9572,19977,29882,39931,50201,61160,68075,83392,92043,100564,110433,121400,132766,145797,145797,163483,168267,182831,195249,201894
5185,9613,20079,30299,39980,50302,61436,68199,83643,92053,100893,110811,121732,133067,146352,146352,166399,180127,183038,197077,211829
5186,9512,20169,30547,40404,50832,61687,68560,84218,92530,101267,111095,121980,133129,146749,146749,166547,179103,182580,196823,211365
5187,9544,20242,30572,40215,50698,61602,68481,83917,92233,101145,110848,121731,132701,146453,146453,166441,178119,182072,196469,210557
5188,9451,19675,29809,38905,49337,59363,73019,81082,89358,97581,106991,117638,128394,141495,141495,163423,173315,179335,193833,205883
5189,9460,19651,32997,43926,54014,66093,73135,81515,97773,107423,117999,128665,141917,141917,141917,163774,175773,188681,205042,206668
5190,8956,21438,31496,41979,51916,63300,70278,77939,93942,103079,113162,123335,136138,136138,136138,156410,170889,182599,196809,201683
5191,9026,21579,31708,42204,52241,63692,70626,86318,94563,103506,113466,123893,136690,136690,148659,167789,181396,183468,197807,214796
5192,9033,21497,31699,42213,52023,63840,70803,86639,94617,104049,113918,124493,137044,137044,148937,166580,179673,183515,197356,214015
5193,8938,21446,31637,42098,51880,63543,70415,86230,94129,103519,113508,123810,136592,136592,148151,167239,178242,183499,197033,211352
5194,8771,21388,31389,41788,51591,63762,70426,86479,94200,103324,114190,124686,137552,137552,149686,166146,179226,185533,198714,212357
5195,8758,21301,31469,41890,51799,63888,70594,86780,94307,103603,114447,124919,138012,138012,150050,166669,179415,185079,198825,212200
5196,8878,21459,31394,42323,52206,64386,71511,87728,96065,105449,116127,127179,140277,140277,152554,169292,180871,188533,201172,214575
5197,8921,21438,31407,42341,52046,64212,71415,87604,95900,105433,116089,126952,139842,152102,152102,168437,180262,187733,198730,214182
5198,9446,21483,30959,41942,52014,63596,70559,86461,94496,103706,113820,124650,137332,137332,149588,166148,177269,185587,195575,210602
5199,10104,21488,31042,41993,52095,63826,70749,86786,94740,103987,114341,125020,137810,137810,150415,166534,177502,186310,199655,194882
5200,10458,21789,31246,42766,52550,64829,71806,88035,96276,105824,116469,127230,140622,140622,153757,168507,180823,188654,200498,214903
5201,10280,19178,31453,42902,52843,65351,72244,88443,96928,106421,117292,127820,140880,153287,154491,168723,181384,188797,200323,215749
5202,10323,21289,30457,41717,51258,63120,69919,85507,93534,102740,112910,123277,136040,136040,150506,164236,174783,182621,193879,192284
5203,10352,21298,30501,41801,51430,63334,70089,85715,93796,102730,113150,123285,136557,136557,151129,165070,175483,183721,197034,209596
5204,10199,18332,30375,41464,51037,62745,69778,85456,93681,102920,113552,123619,136403,136403,152862,165971,176376,184356,197242,210054
5205,10162,21133,30572,41594,51301,62989,70040,85782,93918,103311,113628,124164,136817,136817,155475,166433,177054,184626,198201,210444
5206,10381,21208,30639,41792,51631,63757,70688,86059,94160,103473,113859,124285,136849,136849,154606,167603,177131,183896,197459,210504
5207,10340,21157,30786,41728,51602,63702,70502,85826,93979,103288,113638,123837,136673,136673,154884,167468,176640,184187,197046,209663
5208,10555,21594,31411,42878,53114,65285,72498,88775,97318,106448,117174,127698,140577,140577,159401,170230,181272,188052,202502,215813
5209,10573,21640,31442,43016,53244,65544,72518,80739,97400,106889,117595,128169,141079,141079,158308,170341,181435,188081,201223,199013
5210,10394,19208,32102,44043,53983,66167,73696,82251,99128,108495,118526,129083,141908,141908,158706,170458,182726,189642,201652,201652
5211,10444,19238,32256,38997,54400,66505,74166,82643,91139,108782,119147,129646,142674,142674,158883,170450,169195,189174,201702,203972
5212,10567,19463,32333,39087,54150,66490,73790,82271,90351,107950,118191,128730,141939,141939,157940,157552,168818,186584,199478,203046
5213,10556,19519,32371,44196,54166,66549,73777,82364,90561,108020,118258,128821,141848,141848,157434,159146,170604,186810,199700,205591
5214,10539,19724,32589,39602,55032,67453,75048,83453,91965,109814,120174,130956,144179,144179,159524,163548,174135,189088,203318,208551
5215,10565,19754,32619,44966,50103,67693,75123,83572,92000,100832,120634,131077,144627,144627,148433,165197,174992,189601,203616,208801
5216,10515,20172,33125,40496,50870,61701,76241,85158,93532,101702,121864,133111,133111,146537,151863,167363,178164,190953,188234,208889
5217,10548,20176,29259,40436,50978,61542,76083,84923,93322,101661,121603,132717,132717,146396,152999,167189,177412,189871,188771,208482
5218,10910,20865,30843,42394,53397,65111,80662,89862,99243,108213,130760,142802,142802,157829,163198,175100,188135,203950,204293,223644
5219,10499,20957,30882,42514,53332,65437,72884,80842,99530,108178,118952,130907,143164,158213,162018,163126,173537,187481,189478,204690
5220,10656,21084,31487,42305,53597,65146,72466,80421,99082,108340,118841,130531,141941,156733,159652,163902,173925,173275,190722,204306
5221,10511,21187,31189,42631,53813,65562,72926,80955,99760,108799,119411,131134,142504,157020,158748,164180,175131,176808,192813,205636
5222,10555,18891,31506,43093,54372,66430,73776,81847,91067,109938,120597,132197,144235,159120,159521,166487,176709,181418,196301,207954
5223,10568,18953,31429,42877,48864,60072,73679,81595,90789,109584,120315,131886,131886,143910,158945,166539,176272,181373,196814,207904
5224,10351,18937,31325,42787,48581,59316,72876,80685,89614,107891,118115,129468,129468,141016,155487,162480,173626,177188,192880,204140
5225,10615,19309,31374,42883,53908,59442,72929,80927,89737,108326,118611,129949,129949,141272,156093,162972,174906,191280,193302,205985
5226,10565,22326,31754,43444,54467,60317,73642,81521,90851,109120,119760,131371,131371,157766,157766,164860,176205,191081,195421,207846
5227,10489,21980,31497,38977,54483,60133,73472,81703,90447,99842,119360,131000,131000,142852,157389,164626,176380,179354,195294,207969
5228,10465,21605,31067,38351,53598,58920,72214,79858,88749,98092,116843,127967,127967,139409,153483,160263,174075,188805,190428,205140
5229,10412,21553,31183,38437,53426,59131,72531,80126,89071,98276,117132,128375,128375,139761,154296,160485,175087,188590,190998,207048
5230,10420,19130,30914,38367,53245,58705,71659,79231,88529,106108,116270,127313,127313,152392,153119,159771,172561,186276,188447,204554
5231,10354,19252,31074,42671,53363,59029,72091,79802,88888,106723,116749,127829,139061,153197,154677,171118,173505,186674,189074,205189
5232,10429,21840,31356,42858,53592,59086,72354,79948,89189,106891,117292,128582,139640,153776,155610,160585,174871,188358,189791,206436
5233,10458,21818,31259,42780,48300,59031,72253,79872,88941,106904,117174,128200,139792,153561,155770,160781,174048,187534,189472,206156
5234,10393,21299,30688,42183,52600,57954,70987,78516,87228,104564,114579,125387,136753,150556,153374,158241,171318,184849,185856,202224
5235,10431,21389,30963,42182,52836,63947,71016,87321,96184,105102,114842,126117,137127,150756,154267,169221,183751,185507,186126,202444
5236,10353,21113,30795,41873,52712,63738,70820,87286,96377,104676,114711,125433,136492,150507,153947,167329,170087,184797,185372,201087
5237,10343,18601,30963,41817,52552,63754,70587,86997,96009,104570,114346,125366,136323,149838,154489,167405,181823,184103,199005,200878
5238,10441,19091,31285,41886,52808,64141,71068,87955,96913,105719,115733,126875,138317,152138,156528,170070,173412,186693,201100,204656
5239,10458,21839,30997,42002,52802,64253,71373,88045,97077,106066,115951,127331,138812,152494,156789,158877,174049,186741,200907,205165
5240,10365,21648,31409,42061,52977,64322,71407,88166,96999,105908,115896,126958,138223,152121,156085,158636,173433,187455,199462,204546
5241,10449,21554,31569,42346,53004,64592,71783,88236,97459,106139,116331,127334,138637,152726,156514,171451,174060,187892,199204,204796
5242,10757,21971,32250,43597,54708,67035,74746,91961,101256,111113,121750,133193,144401,159942,163073,165774,182022,194587,206923,213526
5243,10590,21878,32013,39428,54742,60828,74816,83196,92173,101540,121760,121760,133332,144617,161469,166356,179646,182003,192912,212321
5244,10619,19477,31938,39504,49376,60703,74347,82300,91765,101061,120966,120966,132545,144535,160824,165330,178725,182098,193541,208543
5245,10634,19611,31811,39506,49430,60758,74527,82456,91772,101208,121304,121304,133046,144949,160668,165793,178046,182650,194392,208928
5246,10573,22438,31893,43976,49780,60994,75117,83022,92140,101760,121759,121759,134084,146079,161871,168119,179015,184413,197476,210149
5247,10557,22143,31790,39728,50410,60932,74998,82958,92071,101699,111140,121496,133740,145676,161736,168120,178097,184247,196288,210046
5248,10282,19250,31113,38965,49716,59625,72932,80611,89954,98989,108222,118560,130015,142083,157014,163391,175453,180137,194552,206780
5249,10390,19386,31107,43212,54821,59883,73023,80859,90121,99240,118774,118774,130588,142191,157410,164743,176050,191758,195348,206635
5250,10096,21664,30762,42758,54322,58802,71982,79617,88564,106522,116530,116530,127801,139210,155064,162525,173520,176402,192578,205594
5251,10426,21491,30956,42956,53839,59079,72375,80019,88864,106931,116902,128173,128173,139900,155775,163184,174996,191005,193645,207217
5252,10265,21292,30651,42632,53208,58796,72100,79877,88568,106677,117026,128424,128424,139915,156216,162284,176202,188876,192614,207515
5253,10218,21126,30772,42366,52960,58734,71743,79394,88359,106204,116474,128011,128011,139390,155310,161836,176015,187692,192834,207297
5254,10078,20469,29776,40694,50744,55978,68522,75912,92957,101568,111264,122079,122079,132933,149063,154979,168231,182724,184933,199152
5255,10277,20593,30534,40840,50900,61823,76600,84582,93161,101910,111512,122664,133473,147179,149299,167553,182037,183371,199296,214433
5256,10518,20616,30958,41408,52084,63457,78139,86865,95756,104826,114889,125770,137446,151051,153286,170021,182460,187254,201099,215508
5257,10386,20560,30947,41157,52078,63469,78011,86570,95611,104537,114727,125685,137097,150850,153175,159180,170908,187044,199555,214754
5258,10211,20503,30332,40698,50960,62254,76511,85282,93948,102524,112439,123391,134278,148089,151531,168690,169664,185409,196407,212448
5259,10507,20687,30610,40636,51585,62513,76737,85590,93876,102993,112812,123787,134677,148485,152769,168566,182621,185685,197705,212942
5260,10272,20053,30451,39817,50734,61184,75198,83493,92342,100796,110697,121600,132166,145383,151425,166353,178231,181828,196461,207629
5261,10368,20468,30978,40027,51429,61415,75709,83968,92619,101408,111180,122042,132904,146119,153274,166387,178364,183010,197293,208188
5262,10176,20521,30352,39853,51350,61193,75212,83458,92209,100802,110646,121269,132255,145731,153629,166560,177918,183354,197388,209512
5263,10482,20896,30797,40091,51595,61308,75485,84098,92422,101307,111168,122046,132515,146192,154199,166877,178289,184084,197665,209991
5264,9979,19865,30201,38065,49030,58693,72389,80539,88687,97107,106398,116873,127570,140552,148993,162257,173133,177223,193650,199843
5265,10139,22760,32400,43217,54629,65454,72636,80840,97205,106666,106666,127987,140900,153324,161686,163169,174895,188950,204671,203078
5266,10191,21711,31881,42870,54147,65651,72985,81236,98132,108104,108104,129230,142208,142208,160660,164883,176433,189220,205696,205762
5267,10678,21441,31946,42660,54157,65302,72946,81065,98037,107804,107804,128571,141769,154718,159430,164548,176713,189101,203949,204953
5268,10273,21373,31774,42932,53920,66200,73194,81741,99020,108953,108953,131477,144820,144820,161900,167103,178778,190778,208610,210341
5269,10351,21346,31660,43033,53565,66355,73605,81913,99116,109117,109117,131820,131820,145251,161028,167060,177837,191124,206306,210258
5270,10333,21188,31424,42375,52483,64949,71994,80529,97424,107066,107066,128680,128680,142382,146548,164858,176215,188134,185191,206702
5271,10370,21298,31674,42669,52823,65263,72504,80931,97951,107532,118368,129245,129245,155475,149487,165596,176929,186976,186750,207735
5272,10417,21214,31193,42371,52399,64896,72083,80256,96882,106806,117521,128015,128015,141132,150004,163352,175984,184912,186424,204851
5273,10377,21125,31171,42333,52387,64826,71873,80057,96857,106607,117225,128098,141077,153282,160962,163166,176688,184709,204205,205574
5274,10506,21452,31478,42902,52901,65447,72433,80576,97439,107081,117725,128624,141834,141834,159712,164247,176303,186651,204061,211526
5275,10552,21595,31520,43058,53002,65524,72798,80822,97458,107345,117904,129168,142211,154761,159156,164870,177760,186317,203162,206741
5276,10374,21719,31792,43026,53241,65618,72796,80797,97476,106950,117811,128184,141776,141776,158828,164600,177925,187520,202422,210746
5277,10343,21641,31652,43072,53104,65473,72664,80682,97188,106858,117467,128306,141598,141598,158629,164433,176308,187350,202239,210168
5278,10462,21646,31605,42591,52641,64818,71506,79433,95766,105038,115535,125884,138667,150230,154197,159406,173015,184896,196903,202085
5279,10489,21608,31589,42659,52801,64763,71741,87873,96225,105497,115786,126374,139103,139103,155030,169623,184003,186934,197511,214872
5280,10132,21546,31405,42666,52747,64819,71638,87903,96156,105526,116017,126276,139129,151383,154262,169018,181278,187208,196192,214167
5281,10460,21670,31564,42880,52920,65194,71963,88356,96706,106020,116578,126733,139628,139628,155225,169071,181219,187208,196635,214532
5282,10135,21028,30654,41877,51479,63246,70124,86011,93900,102996,113139,123296,136171,147965,152502,164757,176663,184366,192631,208961
5283,10202,21070,30648,41882,51519,63375,70065,86045,93926,102852,113152,123671,136218,136218,153771,165066,177130,184658,193618,209269
5284,10438,21024,30323,41181,50796,62221,68734,84210,92110,101005,110809,120460,132474,132474,151034,163655,171717,177936,187973,201527
5285,10420,21043,30584,41246,50957,62467,69048,84562,92547,101324,111222,120944,132765,132765,161319,164418,173896,178949,194136,202969
5286,10003,20688,30100,41164,50642,62374,68824,84179,92464,101297,111150,121295,133521,133521,160868,165940,175199,180654,205563,206193
5287,10273,20644,30442,40957,50501,62188,68762,84134,92320,101132,111084,120975,133133,133133,159688,166276,176130,180224,193300,206769
5288,10513,20525,30011,40648,50123,61222,67706,83040,90741,99686,109186,119103,131088,131088,157500,162900,177009,177009,192875,207318
5289,10582,20569,33093,40781,50336,61462,75584,83436,91043,99933,109513,119590,131336,131336,157752,163416,177312,177312,204271,208083
5290,10159,20590,33113,40820,50345,62242,77211,84758,92708,102038,112402,122157,133973,133973,160605,168197,178808,183387,196226,211672
5291,10567,20713,32905,41135,50725,62632,69611,85209,93152,102444,112941,122732,134590,134590,160727,167986,178127,183992,197846,208009
5292,10107,20238,32176,40269,49492,61342,67883,83553,91229,100600,110641,120399,132744,132744,157783,163948,175726,180100,195725,205269
5293,10487,20164,32203,39948,49405,60916,75382,83087,90857,100134,110090,119872,132350,132350,157000,164876,176562,179371,203651,208486
5294,10404,19905,31634,39310,48619,59789,73615,81164,88766,97842,107476,117400,129475,129475,153473,160898,173828,175432,191355,206270
5295,10465,19945,31755,39377,48783,66480,74044,81581,98203,98203,117741,129644,129644,129644,154213,161509,185093,190074,201402,207571
5296,10441,20125,31787,39586,53989,66581,74042,81922,98205,98205,117981,130124,130124,130124,154941,162081,172275,188235,192885,208134
5297,10361,19999,31615,39485,53975,66456,73910,81550,98064,98064,117833,129791,140937,129791,154512,161358,175090,187779,201665,207995
5298,10390,19667,30968,38670,52713,64798,72032,79528,95453,95453,114278,126113,126113,130041,151089,157558,170750,184963,188138,205168
5299,10453,19742,31077,42995,52724,64939,72250,87104,95729,105238,114578,126467,126467,142920,152546,157463,182465,187098,200373,216941
5300,10414,19307,30592,42043,51857,63484,70354,85061,93254,102445,111447,123167,123167,140468,150690,153069,165946,181773,196944,197672
5301,10489,19709,30811,42368,52021,63945,70920,85472,93725,102880,112338,123745,123745,141225,152843,165928,179701,182540,197803,216215
5302,10237,21943,30411,42059,51762,63562,70445,84923,93576,102474,112093,123502,123502,141948,153999,167097,177828,183655,199677,211768
5303,10295,21865,30881,42036,51934,63746,70583,85317,93880,102743,112372,123984,123984,142312,154721,166518,177587,183951,199709,210975
5304,10487,21136,30306,41191,50524,61874,68794,82940,91022,100075,109048,120018,120018,138573,150487,163238,176336,178533,193473,205074
5305,10545,21178,30769,41201,50626,62048,69088,83086,91427,109386,109386,120511,120511,148058,150391,164133,175616,191708,194177,206397
5306,10411,21062,31037,40809,56057,62262,69100,83084,91274,109551,109551,120729,120729,146871,151014,164501,179697,188042,195605,209759
5307,10320,21014,30927,40895,50619,62149,68877,82915,91100,109291,109291,120465,120465,146781,150838,164080,178684,187879,195040,208589
5308,10131,20189,29539,39117,48263,59114,65935,79550,87394,105105,105105,115828,115828,143145,144780,157271,171150,184681,187418,203217
5309,10553,20224,32462,43575,53635,66081,72803,79966,96525,105503,116042,116042,116042,144118,156896,168092,180931,187008,202730,206775
5310,10146,19345,31153,41292,51015,62610,69085,75429,91061,99432,109575,109575,109575,136689,148885,163010,176138,176640,193836,208887
5311,10455,22072,31050,41585,51322,62821,75850,83659,100093,100093,110090,110090,119588,147080,159007,163523,185488,189385,203831,208245
5312,10148,21559,31014,41386,50921,62740,75970,83558,99968,99968,110270,110270,119857,146236,160175,165614,186010,191230,194112,209141
5313,10453,21642,30995,41451,51052,62763,75956,83534,100227,100227,110216,110216,119979,146104,158834,165884,170363,187742,204311,208866
5314,10262,21042,30541,40354,50141,62092,74373,82405,98481,98481,108251,108251,118309,146062,157613,164481,172237,187999,192270,209244
5315,10232,21174,34079,40401,55945,62252,74369,82701,99052,99052,108784,118857,118857,146290,157966,165999,173511,188472,203340,208906
5316,10481,20571,33232,39461,54064,59581,72318,79276,87383,95193,105545,114807,114807,143169,151983,158418,170954,171289,188866,204777
5317,10490,20567,32713,39361,53971,65613,72193,87161,95197,105415,105415,114446,125037,143522,152557,169581,181912,188445,202059,216506
5318,10300,20294,31761,38743,53542,65125,71635,86452,94525,104357,104357,114109,124574,143394,154269,165710,182403,188579,199668,216293
5319,10338,20341,31867,43137,53703,65441,71794,86864,95062,104745,104745,114452,125006,143306,164941,166563,181967,185905,199420,216316
5320,10693,20133,31114,42310,52808,64310,70909,85482,93582,103165,103165,113039,123324,143438,150043,164844,179905,187290,187538,213391
5321,10338,22520,31462,42646,53154,64826,78525,86157,94133,104081,104081,113404,134625,143429,153320,166952,180123,187440,201652,213632
5322,10484,22509,31509,42503,52693,64649,71032,85443,92820,102229,102229,111258,132273,141301,160994,166487,176736,184735,198009,209773
5323,10502,20276,31425,42368,52593,64431,70886,84998,92474,102084,102084,111021,132037,149244,151398,166314,176333,194923,197839,209072
5324,10268,20635,31947,43126,53565,65518,72441,86289,93741,103216,103216,112164,132986,148684,161494,168765,176984,183152,197685,209361
5325,10628,20727,32116,43301,53842,65851,72761,86508,94143,103595,103595,112684,133360,148948,152073,165244,178651,194266,198615,210077
5326,10512,20898,32342,43723,54119,65755,72233,86376,93959,103369,103369,112669,133303,147932,164374,169147,179106,183444,199036,211741
5327,10561,20875,28742,43584,53456,65577,71919,86209,93484,103240,103240,112302,133334,147410,150145,167518,178618,185127,198626,211345
5328,10207,20232,27937,42162,51864,63518,76478,83342,90795,100408,100408,109218,129798,143865,152150,161970,173869,193056,196132,206707
5329,10574,20303,32119,42360,52169,63645,76793,83644,91072,100762,100762,119890,129847,144755,159362,175850,174358,182159,197374,207592
5330,10151,20310,31679,42430,51762,63684,77059,83499,90996,100353,100353,119305,130019,143884,158884,159950,174960,192017,197429,205295
5331,10509,20474,31711,42774,52160,64285,77189,83982,91757,101107,101107,120057,131192,145483,158366,175048,174787,181887,197826,206289
5332,10598,22895,31707,42542,52319,63992,77161,83966,91317,100916,100916,120092,131071,145727,149130,163545,175203,192550,197439,206615
5333,10569,22818,31596,42459,52110,63980,76940,83846,91251,100937,100937,120045,130946,145631,163746,163660,175698,182359,197926,206637
5334,10260,20317,31259,42144,51634,63401,76243,83299,90640,100373,100373,119547,130755,145170,157726,166334,175530,193609,197499,206119
5335,10537,20315,31411,42364,51872,63788,76568,83677,91050,100656,100656,120288,131427,146326,159059,166847,176388,182598,197826,207780
5336,10324,20126,31109,41925,51751,63705,76447,83784,91466,100649,100649,120087,130874,145507,147055,165667,176732,192836,198077,204999
5337,10271,20119,30943,41804,51575,63570,76186,83586,91060,100353,109377,119750,130834,145500,154011,175198,176508,181623,197945,205382
5338,10434,20330,31604,42896,52864,64877,78162,86308,93687,103385,112416,123613,135931,150787,164212,164006,182145,197135,200782,209969
5339,10454,20357,31701,43114,53033,65161,71191,86629,94282,103851,112906,123976,136305,150216,152233,164669,181571,183682,199836,209527
5340,10408,20158,31183,42196,51907,63932,70085,84437,92356,101808,111301,122201,133736,147338,152674,161902,178316,184172,198884,210984
5341,10429,22741,31463,42523,52357,64446,70512,84957,92838,102708,112104,122668,134175,148062,162038,168237,178983,186030,199127,211229
5342,10520,22820,32080,43445,53555,65861,72033,87499,95459,105183,114444,126080,137113,150422,154026,165632,181391,199787,201107,215148
5343,10199,20605,32203,43480,53636,66015,72387,87672,95669,105364,114889,125753,137390,137769,154111,165711,181089,185087,200643,214858
5344,10654,20716,31954,43371,53379,65550,71705,86525,94465,104259,113776,114215,135987,138050,155487,169732,178454,184311,198668,213078
5345,10401,20750,32170,43633,53627,65907,72029,86969,94588,104846,114345,114975,136584,140390,164212,165597,179439,184893,199729,214399
5346,10436,21128,32674,44253,54330,66743,73056,87952,96232,106223,115349,115775,137910,144498,154635,170147,181705,187917,200532,216053
5347,10420,21092,28990,39970,54176,66489,73029,87982,95770,105950,115195,116318,137052,144460,152988,168930,164587,187792,199586,216018
5348,10317,20884,28641,39367,53397,59209,71551,86345,94059,104111,113019,115216,135099,143635,153202,166657,179406,185824,197068,213570
5349,10364,20850,28810,39450,53625,65833,71983,86529,94509,104496,113666,118433,136198,143952,163586,163889,179865,186668,196728,213488
5350,10658,20906,29251,39752,53676,59808,72345,86956,95051,104967,114017,121587,136142,145338,151890,167573,179840,186967,196470,213551
5351,10417,21085,33704,40025,54089,66427,72800,87756,95537,105519,114905,123202,136532,145263,157947,167797,180518,187459,197858,214701
5352,10344,21246,32927,40152,54584,60635,73417,88473,96465,106350,115941,125059,137549,147619,154070,168799,181578,187492,198820,216231
5353,10272,21133,32640,39952,54409,60398,73094,88096,95885,105962,115058,124497,137020,143810,156425,167855,164664,187015,186840,196819
5354,10598,20906,28718,39501,53752,59859,72601,87407,95362,105434,114862,124503,136460,147932,157533,168649,181762,187444,192827,196669
5355,10340,20954,28928,39781,54091,66344,72872,87832,95752,105719,115108,125234,137138,147312,157368,168977,182016,187690,201937,215744
5356,10446,21015,33504,40261,54422,66903,73408,88270,96091,106200,115388,125295,137395,144283,158155,167198,164238,187390,192425,214544
5357,10326,21038,32676,40141,54333,60394,73249,88012,95889,105899,115031,125272,136835,145595,152040,168178,181593,187970,202118,214218
5358,10616,21203,33267,40825,55349,62040,74792,89955,97883,107757,117125,125922,139230,147684,157742,170064,184363,189260,203109,199810
5359,10348,21296,29267,40672,55601,62287,74848,82226,90029,108236,108236,125171,139786,145900,157808,169333,169154,189009,192165,200708
5360,10428,21514,29730,41544,56543,62820,75978,83535,99823,110351,110351,126731,144294,147814,160323,173436,188436,191694,197467,203267
5361,10493,21685,29987,41676,51187,63181,76503,84189,92351,100432,110983,126397,133639,149524,159984,159097,174180,191139,197127,204205
5362,10456,21822,31049,42324,51656,63877,76965,84747,92570,100854,111259,126181,132579,145409,145755,158241,173771,180443,198935,205898
5363,10505,22057,31271,42481,52087,64251,77431,85111,93136,101526,112153,125762,133322,145881,153435,162315,174333,182877,198110,206400
5364,10593,22271,31251,42287,51631,63813,76934,84260,92226,100131,110395,124965,131656,144118,155802,158349,172909,184660,196905,203796
5365,10287,22270,31389,42418,51779,64093,77044,84488,92635,100606,110916,124760,132219,144840,159429,169291,173890,186039,197477,204718
5366,10399,22440,31591,42587,51981,64472,77206,84218,92039,100114,110255,125006,131405,144775,158087,168147,173214,185957,197533,202725
5367,10689,20182,31531,42551,51825,64294,77128,84173,92096,100047,110085,124596,131129,144787,158077,166909,174409,194031,206828,202472
5368,10382,20433,31867,43099,52710,65123,71618,84601,92493,100691,110772,125216,131865,145970,157573,167263,175714,192774,194587,203571
5369,10347,20509,31744,43161,52629,65327,71665,85053,92746,101062,111011,125231,132192,146349,158019,165159,177048,191923,195993,204452
5370,10369,20115,30867,42031,51496,63484,69891,82763,90237,98584,108460,123331,129532,144044,154022,164597,172169,177018,195464,200680
5371,10406,20256,31135,42342,51756,64024,76296,83455,99178,99178,109165,124469,130215,145589,155060,166360,188578,191879,196766,202548
5372,10514,20585,32231,45141,55632,69174,83641,92270,111372,111372,124641,138317,149002,162751,178196,180672,215883,217109,237583,237362
5373,10529,20618,32053,40237,49372,61593,76071,83370,101412,110989,124519,127122,136527,149581,149581,164649,177261,178633,195126,194931
5374,10399,20532,31729,39695,48722,60934,74633,81489,89614,108851,121084,123820,132915,135244,146523,161925,156718,175764,188609,188801
5375,10385,20660,31773,39795,48922,61038,74734,81692,89811,109353,121555,124073,133297,137617,148431,165762,172216,179309,189908,210373
5376,10370,20246,31262,39206,48119,59954,73829,80601,88742,107301,119579,122696,131526,142279,155889,164188,170928,180997,190990,207135
5377,10344,20241,31105,43499,47907,59846,73681,80464,97576,107009,119296,122898,131655,147899,162016,165315,170808,184633,192152,207431
5378,10303,20076,30959,42999,52993,59121,72378,79052,95809,105420,116750,121191,129013,145577,153028,164388,169239,190452,191060,202916
5379,10252,20226,31099,43335,53168,59199,72703,87165,96122,105616,117187,122338,129886,145938,157811,173252,173063,189611,195967,203776
5380,10467,19985,31069,43148,53137,59271,72889,87424,96569,105913,118036,123238,131192,150526,159806,171705,175757,188820,196375,204697
5381,10296,20096,31170,43433,53676,59687,73252,87871,97250,106578,118545,123820,132159,144458,156351,171690,175879,189552,197340,206271
5382,14359,22483,24193,30692,36386,42979,46908,51837,58693,64989,71125,78933,78933,85508,93715,93716,104046,104526,113707,114694
5383,12726,27642,36767,49392,59451,71747,79373,87952,95801,106990,121882,126388,129378,140558,152659,152926,166945,167314,182717,198134
5384,10364,26172,34644,46938,57031,69560,82781,92761,101867,110543,120776,124799,140165,151015,164137,167381,186860,189992,197015,220258
5385,10273,24282,33177,43892,53861,65685,78504,89071,98050,107466,116931,124866,138630,143232,158673,172579,174014,187812,203309,203581
5386,10505,23108,32438,43187,53324,64770,76998,94729,96949,115001,116043,129464,137501,156397,157685,169597,175070,187744,200342,206700
5387,10444,22661,32155,42337,52338,63104,75153,91155,93892,112003,114039,125489,135739,144765,152496,166638,181070,185810,196843,205845
5388,10496,21989,31697,45882,52456,69074,75567,91766,101607,111300,114337,125436,135406,145648,156980,166909,179191,186422,197652,213724
5389,10085,21829,31922,46222,52435,69954,76663,93081,102357,113050,116041,126873,137682,147335,155976,167314,180056,187840,198787,214020
5390,10408,21680,31968,46226,52482,70308,76823,84554,102767,114037,116323,126936,137209,147852,151333,167306,179063,188304,199708,212886
5391,10382,21598,31609,45804,52175,63525,76474,83782,101798,112737,114793,126461,135953,146939,159722,168089,178880,188114,199387,200518
5392,10342,21488,31396,45447,51750,63042,75654,83589,101289,112146,114306,125530,135400,146467,157385,166055,177828,187345,198535,202570
5393,10496,21413,30728,41223,51512,62646,75629,82933,100683,111382,113509,124011,134130,145305,152287,166459,175800,186821,196184,206943
5394,10224,21528,31003,41217,51758,62804,75626,83466,100679,111648,113736,124555,134679,145539,158602,166244,176403,187482,197212,213621
5395,10680,21640,31581,42052,53302,64723,78375,86402,104511,116355,118078,129135,141193,153854,162407,172075,185121,191347,206964,224381
5396,10343,21683,31433,41935,52759,64606,78168,86253,95051,104423,117499,119370,129155,140455,160287,161556,171502,189839,189327,205996
5397,10360,21364,31037,41033,51436,63109,76160,83462,92304,101377,113998,119836,128944,136674,148753,157709,169198,184688,189993,199245
5398,10419,21411,31207,41070,51750,63187,76312,83959,92637,113018,114424,122391,138169,139904,151233,172172,174038,186860,202577,202709
5399,10436,21403,31453,41575,52126,63867,76921,84622,93584,114339,115813,124426,138988,147848,160553,169918,175923,187466,201376,205526
5400,10472,21568,31305,41918,52346,64302,77456,85229,94062,115000,116020,124983,139123,142628,152455,166617,176726,188100,200910,207478
5401,10370,21312,31058,41080,51755,63410,76124,83744,92334,112680,114048,123823,136404,146431,160087,167253,175499,186803,198295,207986
5402,10450,21341,31188,41172,52088,63512,76261,84025,92640,113079,114404,128988,136375,148948,157601,167055,176389,187365,198494,215756
5403,10319,21239,31047,40981,51690,62629,75576,82713,91617,111550,113209,126445,134521,146386,156145,165837,174074,184706,194900,201541
5404,10272,21252,31119,41107,51998,62969,75735,83132,92005,112103,113850,126530,134879,146603,156116,166307,182484,187080,196501,207262
5405,10383,21284,31249,41161,52157,63408,75940,83684,92506,112934,114680,126450,135791,147606,155871,167339,181628,187609,197598,213380
5406,10641,21297,31182,41001,52110,63281,75849,83259,92423,112574,114483,126106,135580,147249,155710,166876,179363,187037,197491,212203
5407,10175,20899,30904,39917,50916,61216,73814,81046,89779,109164,111362,123228,132279,143720,154735,164360,176229,186897,195763,208642
5408,10353,20969,33319,44355,55761,61324,74020,89965,98443,109472,111936,123924,132864,144305,160610,165240,176623,194876,197136,209057
5409,10287,20363,32245,43075,53600,59411,71444,86692,95129,105598,110133,121951,130613,143524,153719,162117,173427,178315,194865,202640
5410,10421,20504,32224,43330,53963,66032,71956,87355,95823,106201,111569,123650,132897,145436,154769,172432,184881,190862,202546,216572
5411,10149,20099,31777,43043,53356,65310,71479,86717,94872,105467,111378,123859,139009,146872,156741,169047,182194,188484,201380,216695
5412,10158,20204,31522,42910,53342,65415,71569,86661,94964,105436,118767,124533,142551,146591,156758,168273,181582,188155,190848,217152
5413,10126,19918,30733,41811,51968,63587,69268,84292,92475,102676,114840,122480,134560,145177,155651,164458,176523,185150,199173,209709
5414,10407,22128,30963,41978,52284,63933,69761,84832,103034,103034,115147,128253,135125,152386,155801,166162,176924,195301,198835,210686
5415,10468,22395,31786,42518,53085,64813,70943,86002,104814,104814,116236,127937,138759,150880,157940,166269,180386,184994,200141,213483
5416,10488,22335,31542,42351,52827,64671,70821,85739,93813,104657,116044,126974,137093,149617,156917,167702,180103,185775,198982,213306
5417,10382,22214,31267,42050,52149,63984,70015,85084,93194,103484,114278,125586,136806,147950,155564,165848,178050,185419,197463,211962
5418,10497,22260,31400,42183,52293,64268,70259,85344,93474,103683,114998,125630,136431,148425,156032,166521,179608,186388,197942,212541
5419,10469,20318,31627,42979,53300,65387,71521,86994,95314,105688,116963,128662,139650,152129,159203,169143,185578,190316,204388,220574
5420,10520,20469,31827,43244,53668,65822,72157,87282,95771,106342,117534,118889,139298,139659,157252,168631,166933,189321,190812,221498
5421,10611,20910,32721,44463,55056,67992,74254,89858,98990,109708,121273,123237,142753,144341,160897,162735,170644,190457,194511,204935
5422,10472,20904,29642,40046,55125,61455,73947,89645,98683,109582,110915,123656,131644,144315,158258,163501,170275,178933,195967,204502
5423,10663,20811,32499,39592,54283,60381,72782,88087,96971,107389,109249,123036,129221,142014,155693,163999,170713,182426,204981,202108
5424,10616,20916,32472,39727,54391,60780,73253,88344,97277,107885,110206,124032,130198,143134,156022,165615,173454,191282,192163,203003
5425,10647,21359,33840,41306,56623,63220,75897,92020,101148,112179,114939,133980,135066,148976,160655,168165,178571,195529,211133,209429
5426,10444,21278,29983,41057,50596,63032,75703,83145,100800,111802,114469,125105,134677,147506,149578,167227,178442,180394,194449,209075
5427,10352,21289,30322,40828,50054,62140,74620,82078,99399,110371,113364,123332,133574,145335,149845,167099,176880,183166,193764,207905
5428,10504,21238,33571,40880,50206,62419,74873,82374,99513,99513,113984,124097,133869,146159,153647,166598,177246,185516,195107,208595
5429,10474,21155,30788,41009,50416,62564,75049,82750,100076,111129,114370,124292,133600,145693,155563,166437,176763,186635,196069,207283
5430,10527,21412,30609,41304,50836,62899,75645,83204,100576,100576,115074,124991,134300,144876,156169,166786,177349,186949,197146,208374
5431,10431,21408,30746,41492,50941,63512,76387,84108,101689,101689,115157,125568,136231,148176,156302,168194,178367,186908,198644,211847
5432,10427,21399,30568,41345,50972,63451,76160,84052,101620,112767,114807,125369,136556,146884,156396,167550,177958,186941,198365,195071
5433,10388,20971,30180,40680,50053,62016,74835,82212,90711,99490,113108,123583,133396,144155,155209,164563,175206,186500,196174,192099
5434,10314,20968,33775,40774,50125,62359,75158,82524,91048,99925,113696,124207,133854,145448,156167,165796,175388,186462,197142,193279
5435,10347,20961,33284,44535,49672,61437,73853,81317,89440,109162,112178,123024,132070,143064,154977,164974,174143,183105,197094,193300
5436,10345,20908,33222,40462,49525,61264,73690,81055,98183,108631,113147,124190,132218,145145,161704,166543,175019,190925,205587,211116
5437,10660,21149,33338,40873,56093,62605,75381,91298,91298,111062,114487,125259,140582,147004,161424,167120,177768,193752,194537,211476
5438,10370,21258,33254,41046,50418,62804,75564,83108,91517,100428,114673,125150,135731,147661,160358,167357,177723,180125,196053,210591
5439,10401,21394,33501,45537,50952,63499,76318,84053,92560,101631,116316,126400,138760,147675,148946,166586,179119,185442,198210,213122
5440,10472,21653,30030,41761,51373,64055,70447,84515,92968,102178,116361,126464,137649,147897,153898,167586,180007,188836,199249,199249
5441,10392,21616,30080,42168,51679,64443,71147,85384,94241,103523,117599,128209,139324,148981,156388,168829,180674,186414,201710,206745
5442,10484,21609,30147,42200,51848,64705,77837,85634,94537,103804,117436,119329,138533,148883,156490,168137,179436,187105,201295,208220
5443,10500,21315,29897,41579,51051,63567,70078,84423,93114,101962,115741,126245,136460,147872,156980,167580,180920,190199,199918,210051
5444,10606,21276,30173,41542,51446,63732,70606,84796,93446,102455,115595,121629,137002,148301,156450,167776,167667,186109,199996,209204
5445,10392,21483,30218,41601,51591,63887,70309,84418,93163,102470,115566,124877,136232,147339,156089,166699,170374,186885,197081,206070
5446,10358,21378,30665,41411,51548,63738,70204,84200,93043,113304,115306,126120,135960,146974,156168,165941,173736,187188,196697,204940
5447,10198,21196,30516,40822,50627,62353,74963,82498,90906,100178,112758,132237,133709,144420,153447,166088,180516,186695,194395,209387
5448,10517,21188,34227,41111,56398,62619,75253,82925,100625,100625,113366,124633,134140,145215,155360,166759,179702,187077,195822,208004
5449,10403,21104,29841,41216,50599,62489,75066,82570,99922,99922,113756,124379,133354,144347,155632,163952,177969,185745,194544,206479
5450,10420,21348,34032,41407,56410,62840,75526,83054,91871,111489,114513,124487,133845,145030,157200,166102,178128,186302,196862,213295
5451,10523,21442,29937,41841,51486,63865,76786,84720,93339,102124,115806,126755,136618,147926,156623,167898,180440,188601,199446,215639
5452,10454,21267,30128,41586,51312,63496,70052,84106,92777,101636,115137,126005,136195,147138,155926,167280,179013,187063,198517,198843
5453,10242,21002,30287,41447,50592,62464,68892,82864,91438,111481,114056,124838,134408,145436,154108,167144,177181,186803,197502,204010
5454,10585,21133,34250,41709,56572,62921,69125,83135,91983,100753,114391,125398,134739,146088,155319,167399,177720,187392,198071,215104
5455,10362,21351,33598,41802,56758,63150,69448,83061,91828,100650,113949,124471,134295,144779,157364,165262,177024,186536,196590,202666
5456,10337,21346,29615,41774,56735,63021,75624,82986,91542,111311,113873,124506,134286,144474,156213,165724,176729,186382,196890,212362
5457,10649,21287,29881,41960,57231,63469,76488,84109,92965,102014,116208,126520,136810,147407,156735,168146,178882,186865,199597,215784
5458,10408,21371,30230,42066,51397,63914,70488,84422,93161,102463,115866,126357,136834,147804,157512,167195,179818,186851,199171,200450
5459,10432,20995,30306,41540,50803,62456,68882,82754,91301,100293,114353,124339,134562,145382,155172,166235,176654,186429,197456,205626
5460,10471,21061,34398,41800,56477,62819,75803,83304,91702,112084,114797,125131,135069,145971,155210,166216,177678,185948,197664,215403
5461,10475,21076,29329,41184,50234,62070,74497,81892,90384,99121,112795,123512,132566,142803,154642,163548,173453,185048,194815,199159
5462,10496,21129,33570,41378,56152,62367,75004,82511,99733,99733,113286,124305,133387,143893,162881,165435,174777,185231,196480,212191
5463,10285,21351,29823,41913,56475,63195,76014,83516,101286,112168,115064,125627,137237,145986,163371,168155,177648,186578,200119,213948
5464,10582,21355,30031,41764,50570,63675,69932,83865,101635,101635,115536,126240,139104,146796,151930,167202,178766,186866,198209,213896
5465,10500,21114,30178,41230,50276,62514,68772,82684,91118,99890,113816,124176,134420,144320,151443,166141,176215,186022,197558,197558
5466,10147,21107,34140,41426,50211,62403,74861,82422,90922,110802,113694,124146,134170,144545,155147,166213,176099,186670,197003,206871
5467,10641,21270,33776,42405,57640,64228,77885,85791,103886,103886,118170,128972,141210,151071,159235,171638,182985,189238,204513,222502
5468,10260,21298,29786,42203,51804,64493,71496,85906,95025,104156,118475,119216,140702,139824,158461,170159,170159,188868,190497,205013
5469,10681,21207,29634,42020,50717,63548,76548,84443,93561,102785,116292,120125,138089,139758,154534,166159,169766,185984,195355,200647
5470,10373,21328,30081,41958,51018,63786,70293,85014,93926,103318,117395,122768,138707,141290,156240,166759,173156,186931,202019,204494
5471,10898,21969,31606,43268,53312,66568,73637,88487,97902,108011,122350,130649,144550,148353,161128,175120,190841,191625,211828,229425
5472,10465,19566,31447,43197,53078,66533,80194,88263,97611,107720,121494,123236,133141,146867,159696,160649,175848,191466,191466,210658
5473,10531,19910,31909,43666,53846,67675,81736,90034,99466,109752,123453,126623,136026,149543,161959,164629,180263,195605,195907,215393
5474,10523,19912,31637,43721,54258,67871,81816,90277,99827,110236,123745,126988,136343,150070,151241,165186,179585,181019,196741,196503
5475,10672,20135,31713,43864,53957,67386,81279,89391,98620,108656,120965,124947,133767,146562,149882,163611,176468,178977,193400,193213
5476,10667,20100,31675,43822,53897,67332,81162,89148,98500,108585,120387,124613,133701,146366,152040,164191,176623,184690,195521,204562
5477,10048,20631,32447,45134,55809,69878,84126,92645,102553,112716,125538,131981,138879,151577,157030,169600,182848,188225,203781,221239
5478,10625,20664,32292,40819,55984,70093,77284,92816,102918,113291,126150,130163,139202,139608,157075,169139,168232,188349,201852,203785
5479,10035,20426,31802,39921,54433,67738,74545,89601,98745,108724,120708,124564,133156,136055,153900,164647,166133,183987,195426,201568
5480,10635,20566,32065,40168,54834,68147,75007,90108,99289,109333,121380,125189,133490,138432,155235,165091,179460,185321,198119,216238
5481,10698,21056,32799,41261,56487,70195,77416,93079,102840,112747,125561,129355,138010,143247,157756,168756,182487,187754,202666,219182
5482,10208,20962,29418,45690,56417,70077,77293,92652,102795,112781,125569,128483,138162,144584,157233,167594,169170,187179,198446,199104
5483,10790,21120,29396,40996,55866,69428,76579,92136,101903,111576,124249,126352,136604,145256,156807,168454,173275,187758,200627,202961
5484,10269,21161,29520,45580,56045,69741,76946,92275,102029,111897,124553,127311,136863,145567,156087,168485,185224,187854,198721,205544
5485,10264,20895,29339,40787,55723,68624,75565,91150,101037,110850,122248,124721,133953,143598,154737,162861,169770,186308,193811,205151
5486,10777,20857,33185,40714,55609,68440,75410,90942,100766,110676,122092,124280,133699,150817,155226,164696,180741,189336,193344,216674
5487,10182,20817,32461,40721,55934,61937,75709,91662,101592,111337,123394,125849,134758,150417,155893,167614,181639,186321,197342,215422
5488,10651,20817,32340,40714,50096,69169,75993,91634,101907,111410,123900,126181,136246,150777,156782,167439,180033,187774,197929,215453
5489,9795,20248,31371,39231,54085,66825,73840,89318,89318,108255,120041,122404,132177,145208,153602,162849,177291,184770,195789,209047
5490,10368,20309,31627,43789,48566,60553,81196,89715,99241,108736,120656,123566,132614,145743,163171,164849,176602,194486,196071,209471
5491,10509,20165,31249,44056,49024,61399,83113,91458,91458,111079,123995,126437,138561,152143,166474,171488,183440,199362,204872,219337
5492,10503,20041,31242,43986,48797,68157,82670,90856,90856,100805,123476,125818,136504,140040,153062,169373,170463,184352,199116,198538
5493,10357,19351,30203,42325,46777,58806,79319,87744,97907,107649,119827,121455,131445,136423,150253,163485,166996,178182,190313,189846
5494,10344,19354,30315,42372,53011,58996,72414,88120,88120,108033,120157,122903,132197,148101,152788,164750,179456,182175,195782,212364
5495,9733,18814,29682,41931,52418,58465,79259,87709,97990,107272,120214,122971,133430,148457,160111,164602,176753,191405,198769,210217
5496,10383,21153,29929,41793,52281,58218,71787,87385,87385,107062,119840,122680,133438,146557,159440,165736,177339,189538,196968,209930
5497,10607,20753,30191,41903,52739,65707,79933,88935,99241,109867,122317,124878,135518,148646,160112,166978,177423,192467,196064,210861
5498,10559,20752,34643,41990,52787,59132,80359,89332,99561,99561,122563,125510,135979,148538,160210,166469,177737,191453,197301,211455
5499,10280,20644,29685,42055,53881,59964,82766,91478,91478,102715,124968,127285,137497,148996,161598,169216,178996,191643,198864,210905
5500,10363,20805,30148,42489,54091,60314,74395,91923,91923,103188,125850,129013,137656,149252,151864,167294,180692,180600,198576,210564
5501,9991,20160,29518,40946,46067,57493,70993,88053,88053,97601,118097,119370,129648,140802,144280,162429,172047,175998,195931,198720
5502,10633,20191,34150,40962,52083,64249,71077,79134,97952,97952,118348,121364,129866,141630,156552,172049,174674,188068,201472,200326
5503,10801,20581,33821,42708,53276,66217,83239,91975,91975,111463,122143,124849,134094,147251,159928,172278,177148,188794,204648,205466
5504,10032,20656,29753,42837,53450,59163,74030,83523,102887,102887,122515,125188,134535,147255,159364,162955,177623,188257,190628,206496
5505,10826,20213,28808,41107,50621,56119,69990,77688,85963,94870,112857,116701,124649,135813,150138,158705,172739,183668,190500,203867
5506,10119,20263,33049,40964,50492,62572,69658,77643,94441,102876,121931,119251,135239,149104,152887,167611,180060,185459,199920,211309
5507,10496,20826,33089,41511,50885,63073,70053,85649,94707,102815,113019,122166,135691,147086,153539,167506,178487,185778,207414,209596
5508,10570,20895,33168,41644,50980,63393,70313,86188,95077,103154,113234,127529,135493,147539,155029,167535,178089,185294,192790,209395
5509,10812,20842,32445,40305,49447,61081,67643,74363,90004,98211,117001,123700,131633,141454,152372,164163,174932,183495,193108,208343
5510,10266,21021,29239,40628,54924,61487,68000,82545,90577,98705,108404,124698,133037,143076,161328,171807,188726,190519,204014,208315
5511,10918,21188,29376,40849,55473,61700,68601,83210,91405,99791,110078,125749,135000,148427,161463,173590,190439,193647,194951,211218
5512,10268,21248,29556,40951,55468,61757,68575,83222,91499,99800,119475,125300,135076,148530,160981,162761,189202,192117,195747,208811
5513,10086,20650,32146,39327,53253,59361,65916,79625,87603,95554,105400,126128,136646,144825,157018,161766,165745,186148,202383,204570
5514,10679,20581,32103,39470,53608,65850,72580,79834,88144,105767,105767,125737,143292,145456,155762,171995,182080,186917,201836,219976
5515,10591,20701,32316,39997,55089,68108,74764,82546,91065,111862,111862,134094,147908,150096,163325,177803,196925,199153,199911,234447
5516,9995,20595,32348,39969,54910,61412,74566,82254,90983,100002,121906,125682,135956,149147,150409,164009,175588,179008,198910,215062
5517,9989,19334,27019,37785,52218,58044,71171,78840,87546,96208,106326,122715,128745,141036,144543,158048,165674,175260,189525,187243
5518,10642,19348,30924,42160,52454,64735,71472,79359,87936,106913,106913,125509,130642,141534,157744,161490,167680,189613,194062,203484
5519,10299,19075,30590,41376,51313,63513,69775,77840,85822,104480,104480,122341,129969,142061,154997,163303,182758,187309,202253,199263
5520,10339,21525,30894,41606,51710,64047,70370,78338,94977,105275,105275,123186,139081,143037,155915,170003,164798,187342,200582,202144
5521,10204,21528,31007,42021,52470,64848,71737,79592,97270,107611,107611,123368,141270,145623,158665,170849,188137,189238,192228,207653
5522,10697,21495,31162,41825,52354,64693,71757,79431,97002,107582,107582,123314,140684,145493,156343,160061,168973,188668,205486,206657
5523,10394,21393,30874,41286,51391,63574,70092,77939,94748,105449,105449,125859,138194,144212,156060,163421,166855,186723,190598,207437
5524,10449,21445,31067,41467,51583,63755,70401,78216,95393,105707,105707,126263,138655,145151,155733,164959,186318,187305,205940,207978
5525,10163,21236,30956,41273,51595,63421,70025,77931,94950,104933,104933,124877,136916,145505,153864,163366,182740,185072,189314,209039
5526,10152,21150,30903,41138,51440,63250,70025,77882,94462,104863,104863,124924,136419,145938,155188,170439,182503,186247,201771,217460
5527,10359,21459,31559,42278,52718,65391,72143,89143,98286,108904,108904,133569,142382,147749,158604,174563,170812,191326,195634,227575
5528,10335,21504,31484,42371,53092,65800,72467,80822,89358,109109,109109,125295,132161,146351,158637,160642,171322,182375,196145,207619
5529,10416,21345,31569,42009,52303,64954,71512,79458,88233,107529,107529,123885,129524,146187,156249,162582,169967,183897,196073,205024
5530,10514,21516,31661,42312,52697,65384,72085,88828,88828,107944,107944,124735,130709,146162,157220,165291,171134,191302,209495,206412
5531,10163,21404,31055,42123,52420,65026,71483,79601,88217,106839,106839,123884,129346,144347,153934,165074,169403,180759,188133,201896
5532,10491,21303,31109,42099,52306,64889,71374,79695,87980,107147,107147,123944,129191,145517,154686,165754,185942,188143,204446,204119
5533,10516,21115,31039,42276,52997,65808,73505,90759,90759,110747,110747,127150,133660,146753,159813,166993,191580,193446,194624,208752
5534,10221,21198,31190,42472,52982,66148,73695,82117,91310,100494,111142,126765,134778,146577,159962,167022,171894,182641,196871,209816
5535,10278,20792,30607,41158,51195,63776,70245,78621,86907,95772,106095,123299,131166,144068,153751,163769,166701,182479,194825,203069
5536,10472,20770,30742,41033,51039,63536,70148,86699,86699,105945,105945,123635,138900,144430,152935,170319,185038,190007,203737,203694
5537,10370,20572,30765,41443,51645,64331,71747,79601,88468,107237,107237,125405,140155,146287,155873,171153,186372,190323,192481,206318
5538,10359,20767,30928,41660,51846,64728,71915,88715,88715,107655,107655,125771,140666,146377,155641,160855,186572,188947,204426,206754
5539,10558,20989,31701,42419,53602,67132,73879,81955,90869,112598,112598,129353,148473,151510,166878,172791,180790,202504,202746,223082
5540,10298,21047,31849,42724,53950,67499,74318,82434,91537,101429,112980,129087,137234,150294,153169,169839,165157,183933,190647,204130
5541,10436,20767,31037,41972,52679,58940,72774,81347,91166,100652,111718,126401,133743,146233,148890,161587,159774,177417,192015,198082
5542,10325,20893,31163,42081,53066,65775,73149,81736,91290,100699,112017,126347,134596,146447,152221,163004,175607,182952,199504,204005
5543,10512,20986,31513,42838,54314,60570,74418,84436,93717,104261,115828,129832,138936,150466,157793,168606,181307,187401,201785,218828
5544,10434,21036,31483,42957,48726,60882,74780,84686,94024,104585,115986,119003,139061,150659,155592,168630,167584,187326,201345,202075
5545,10243,20617,30863,42204,47560,59887,73978,83044,93354,103215,114455,119151,136885,148638,155488,165595,169382,185504,198448,205123
5546,10482,20645,30865,41915,53284,66175,73895,83022,93056,102919,114106,121555,136594,148280,155501,165652,182451,186671,197864,214743
5547,10384,20772,31548,42609,54137,67345,74476,84366,93717,104222,115868,122905,138005,149397,157151,167624,181256,186991,199285,203259
5548,10319,20928,31392,42706,54281,60665,74703,84525,93885,104908,116382,124258,138064,149488,157175,167350,170448,186957,199570,207787
5549,10596,21613,32836,45667,51151,64066,81143,90927,101516,111603,122610,128968,144526,156460,161652,174791,178584,192190,206998,210649
5550,10476,19262,32656,40902,51712,64576,81395,91318,101965,101965,123186,128420,134789,145682,159226,161138,178011,191220,191241,209617
5551,10513,19225,31861,40043,50321,62519,78052,87695,97258,97258,117950,123900,130166,140627,153665,160020,173313,185980,188998,205521
5552,10512,19134,31581,39778,50013,62266,69828,87380,96962,106864,117585,124333,129582,140471,154311,164306,183166,185873,192903,206167
5553,10554,19387,31656,40286,49547,62601,70679,86977,95986,104230,114337,123342,126827,136824,154654,170249,172403,183291,193127,214181
5554,10640,19337,31688,40494,49927,62933,70968,87394,96325,104756,114825,123348,136759,138543,155468,167487,181622,186013,201874,212572
5555,10706,22124,31873,40631,50095,63080,78750,87883,96985,105408,115742,124193,137955,139997,155126,167336,181021,186921,201430,214620
5556,10260,19462,31830,40676,50028,63159,70848,87495,96467,105286,115186,124223,137541,141169,154891,166728,180616,187979,198757,198923
5557,11099,20925,29985,38034,46614,58928,73696,81736,90142,97945,107825,119449,129835,138930,151674,162978,171393,184558,193440,200789
5558,9898,21013,30007,42113,52253,59086,74013,82073,90445,98515,108236,127994,130657,146690,161251,165626,186696,191442,204151,210268
5559,10612,20874,29494,40200,49930,62714,68872,76545,84170,92343,101776,124544,124796,143663,155679,164697,178852,185113,191195,206438
5560,11143,21100,30160,40633,50411,63288,69267,84886,92928,102437,111254,128880,134215,150543,154606,168557,179472,196418,201657,216368
5561,10022,21255,30801,41137,51197,64344,70875,86443,94417,104316,113605,129196,137040,151162,165045,168397,182642,184286,200307,218563
5562,10491,21467,31191,41449,51598,57887,71145,86787,94771,104593,114206,128687,137842,150957,152741,168854,182865,186078,192210,219236
5563,11084,22134,32665,43583,54739,68273,74647,82610,101556,113516,123803,138737,150197,150851,168362,186241,202922,204437,223701,239775
5564,9865,20048,32338,43707,54679,61401,75164,82761,91920,102027,113774,127509,137801,151030,153324,167577,165838,185985,204506,203888
5565,10541,19892,31676,43129,53494,59895,73358,81769,90481,99441,110114,112436,132383,144601,148783,159999,157661,178608,177221,192195
5566,10145,22131,31526,43145,53455,66161,73212,81516,90353,99216,109734,124018,132263,144502,151564,159673,174262,180387,193762,192401
5567,10539,19729,30821,41628,51562,57403,69704,77556,85536,94089,104429,118976,126224,138705,149601,156428,168296,180397,190432,189455
5568,10553,19802,30982,41791,51739,63688,70092,77711,94518,104569,104569,121307,137404,140175,159133,169568,183573,190296,203363,206338
5569,10329,21718,30758,41447,51064,63073,69634,77070,93945,103761,103795,120506,136137,141709,168713,169572,182555,187548,191098,206482
5570,10432,21990,31041,41809,51395,63391,69970,85990,94484,104430,114411,122172,136700,143970,153712,169775,182484,188350,203719,220502
5571,10391,19234,30342,40450,50139,61608,68012,83094,91123,100851,110480,122413,132716,143051,153322,165645,160314,186995,200529,215590
5572,10379,21214,30375,40333,49802,61226,74684,82729,91198,100723,111236,129404,133156,152311,153677,165817,179851,187074,197326,214034
5573,10316,20873,30312,39631,48681,60033,73055,80733,88282,97708,108151,124679,129344,146785,151104,163130,174561,192501,194168,206312
5574,10340,20976,30484,44032,48842,60230,73356,81109,88607,98325,108616,125085,130318,145400,163244,164221,175752,181802,195886,207298
5575,10147,20477,30197,43068,47558,58958,71512,79194,86957,96200,106898,122738,129733,144211,159797,173902,173020,190640,194426,204454
5576,10584,20411,33227,42736,53002,58676,71237,79058,96178,96178,107417,123108,131343,144520,157767,160596,174064,179468,196028,205354
5577,10046,19723,31134,40899,50727,55952,68075,75156,91758,91758,102931,120035,127535,141146,152417,159366,168555,186196,201451,200281
5578,10409,19721,30986,41045,51056,61767,75323,83231,91901,91901,112329,127238,139838,143539,164363,169254,182505,186618,201417,202336
5579,10162,19154,30799,40019,49715,60521,74223,81519,90367,90367,110928,124551,134979,141735,160154,164659,176846,183242,195100,203386
5580,10643,21409,30634,45033,50074,61043,74696,82146,91183,91183,111771,125211,137237,148774,160764,166011,177749,183451,196967,216416
5581,10393,21918,31978,46835,52583,64249,79265,87106,96680,96680,117801,129833,141460,154603,169855,173186,186102,188734,204804,226049
5582,10429,22052,31894,42410,52799,64592,71751,87135,96822,96822,117867,122406,141313,142833,152806,160912,171188,188628,205194,205194
5583,10325,22551,32561,43154,53466,65730,72595,88376,98275,98275,118794,126003,142173,145827,154915,174668,174668,192501,207676,207676
5584,10308,20255,32217,43219,53936,59574,73001,81082,89208,98779,119289,125942,129531,145883,155655,161987,175284,180085,207510,208667
5585,10571,20860,32947,45171,56317,62276,76605,84839,93226,103015,123683,129561,135443,150789,162032,181944,183284,200134,196696,216699
5586,10568,20811,29688,40272,50338,62296,76518,84487,92849,102841,113984,128081,135109,150206,148326,164764,181655,184489,196333,215334
5587,10540,20980,30678,40847,51322,64166,77577,86993,95273,105856,117025,130462,142557,155241,154918,170450,189162,191493,204914,222370
5588,10143,20841,30778,41050,51421,64374,70526,77861,95638,106125,117183,121177,140854,143172,156393,157938,170628,176283,189921,205191
5589,10253,20483,30236,40668,50839,62797,69678,78152,96246,106575,117095,123119,138039,139710,153625,158931,170902,185005,186410,200404
5590,10657,20683,30744,40904,51164,63249,70308,78707,96848,107154,117849,123151,138913,142527,154864,161740,186559,192529,189310,201816
5591,10321,21016,31440,42030,52780,65475,73030,91418,100926,111929,122497,128238,144857,149030,159961,170232,194057,197846,198024,211636
5592,10321,20911,31296,41664,52580,64916,72462,80724,90838,111403,113534,127479,132859,147722,147599,167949,174389,181186,197619,195478
5593,10403,20966,31342,41806,52328,64393,71684,80421,89944,99475,112526,125052,130821,144228,146742,167045,172345,182165,194848,195036
5594,10452,20893,31358,41851,52620,64785,71817,90332,90332,110755,112980,125695,131550,145013,150086,165852,171894,184077,196876,210858
5595,10484,21353,32069,42852,53481,65849,73560,81753,92320,101916,115369,127099,135170,147807,153159,168549,177984,187831,199877,215105
5596,10637,21446,31822,42580,53333,65772,73526,81426,92127,101549,115070,126828,134960,146983,154535,165535,178085,187720,198647,212023
5597,10278,20959,30897,41400,51867,63732,70561,79063,88331,107617,109572,121800,130195,143265,155666,163226,171195,185652,195156,206157
5598,10521,21052,31007,41582,51852,64163,70888,88597,88597,108072,110392,122916,131074,143765,159825,165764,173430,195111,195893,207268
5599,10512,20823,30615,40545,50531,62126,68151,76766,84764,104080,107616,120778,127489,139594,154769,166014,167083,187688,191896,200647
5600,10502,20956,30910,40771,50927,62480,77228,85284,94310,104796,115405,122770,137690,141866,168110,172863,182956,188269,203876,220600
5601,10199,20956,30820,40774,51262,62714,77278,86086,95009,105446,116268,129302,138456,143502,153636,170236,185009,187567,203821,221047
5602,10451,20926,31013,40868,51358,63012,69540,86557,95254,105762,116696,129098,138828,145256,154333,169576,185166,188117,191453,219813
5603,10182,20441,30107,39142,48710,60111,65836,80801,89209,99333,109521,122763,130968,141917,149149,162482,160939,182056,191271,210712
5604,10417,20622,33245,43908,48893,60555,73497,81380,89895,99431,110875,123835,132599,149083,154429,164263,178224,196103,200330,211575
5605,10434,20289,32052,42957,47914,58584,71653,79645,87428,97008,107994,119996,128070,144853,157829,160949,171346,175709,196085,200892
5606,10384,20207,31985,42809,52899,58442,71448,79226,96577,96577,108936,121489,130188,144877,158048,173062,172750,189208,206634,201011
5607,10296,20033,31135,42589,52535,58080,70741,78345,95730,95730,116303,121407,139148,144614,157131,161364,171993,188144,202610,201582
5608,10435,19955,31252,42762,52846,58224,71394,78374,95947,95947,116693,124068,139461,145579,157511,171755,173936,188030,202773,202566
5609,10562,19483,30595,40762,50157,55512,67112,74298,90426,90426,109837,119317,131973,143358,151597,157308,171100,182138,193085,194033
5610,10335,19735,30791,41165,50548,61381,74865,82191,90966,99116,111303,127262,133655,150414,162484,166847,180288,195372,195101,214500
5611,10166,19478,30476,40540,49905,60552,73258,80325,89354,97416,110273,125029,133728,148687,161927,167613,178311,191953,194992,210243
5612,10558,19484,30791,40495,49980,60327,73502,80560,89468,97590,110818,132347,133879,148562,161294,166837,178306,192081,195752,210118
5613,10420,18949,29520,38900,48043,57876,70456,77102,85398,92976,107609,125276,131621,139249,151143,160033,171661,181956,189066,200412
5614,10460,18901,33232,43510,53232,58024,70869,85877,85877,93675,115410,125719,139517,152287,152287,169876,184131,183618,203866,220074
5615,9881,18186,31219,41315,50344,55109,66796,81054,81054,88275,111350,119522,132324,144049,147210,162684,163162,178402,195178,208783
5616,10284,20068,30876,41038,50081,60272,72857,80703,80703,96309,119170,121304,133372,144399,158479,174052,178310,192853,196112,208174
5617,10503,19159,29236,38756,47308,62034,68008,75466,82383,90708,111856,115316,127109,137371,151310,162798,166691,181947,184501,196024
5618,10108,21514,32491,43111,51809,62680,68518,75856,91055,99177,120678,125633,137728,148897,152067,165489,181605,183549,200959,199886
5619,10406,21006,31637,42270,50868,61413,67559,74797,90091,97577,118862,123411,135741,146085,149003,163128,178748,181117,197679,200072
5620,10392,21085,31835,42736,51432,61948,67888,75337,90415,98328,119231,123792,136328,147226,162488,164128,178041,182132,198621,217114
5621,10504,21452,32064,43475,52048,63149,69264,76933,92317,100388,121177,125183,137532,138952,163736,166227,181622,184725,201005,202799
5622,10488,21246,31711,43316,52006,63089,69115,76791,92027,100264,121012,125263,136874,150394,149770,165915,180717,184164,200275,219450
5623,10550,21366,31930,43631,52317,63547,69709,77363,92705,101059,122384,126210,138127,140140,153640,168348,183324,186772,204068,204967
5624,10501,21403,31928,43885,52609,63901,70105,77845,93142,101755,112193,126309,138489,151994,154602,169584,184207,187877,204140,206839
5625,10110,21672,32488,44488,53341,64675,70950,78676,94089,102359,112715,128098,138936,141740,155421,169063,166267,187460,201735,206218
5626,10491,21391,29293,44334,53273,64671,70637,78612,93878,101849,112654,126158,138162,152656,155670,168529,168640,187339,201728,206839
5627,10564,19248,29079,43991,52717,63838,69893,77371,92120,100179,110348,124079,135659,139439,154513,165875,169816,186318,198249,206116
5628,10162,19413,29604,44207,53046,64170,70153,77547,92745,100626,121233,124755,136083,150455,155004,166656,184145,186790,199116,222197
5629,10434,18768,29126,41609,50018,59872,65599,72637,87070,94540,104405,117899,127903,131007,142841,156730,171885,173552,186180,191135
5630,10386,20902,31749,42164,55130,60508,73434,79969,87724,95255,114888,130351,139507,143539,158065,158065,174594,174780,204946,228384
5631,10380,20854,31560,41681,54787,59879,72257,79007,86487,93918,112177,126293,135868,138900,152178,152178,167853,167897,197315,197983
5632,10380,20924,31516,41640,54540,59966,72419,78991,86347,93516,111983,125856,135457,138667,165120,167401,181651,184129,195945,201490
5633,10321,20741,31518,41636,54407,59808,72083,78650,86112,93600,112212,125501,135620,138973,164406,167156,181933,185277,197387,219788
5634,10346,20837,31288,41832,54673,60294,72633,79232,86402,94337,112600,125862,136487,139868,165288,167559,182345,186003,198249,199586
5635,10775,20934,31736,42177,55379,60689,73745,80326,87861,98125,114591,127151,138707,142294,165900,167815,181262,185344,196542,201939
5636,10439,20956,31480,41875,55171,60606,73440,80116,87550,107152,114166,126875,138370,141922,150772,167219,181090,185076,196838,218412
5637,10296,20875,31529,42001,55154,60749,73268,80233,88234,98165,115222,127992,139872,143161,153601,171344,187982,189946,205028,206286
5638,10386,20941,31343,42239,55550,60948,73912,80782,88757,108569,115985,116841,140643,144008,154465,157719,171072,174572,206219,207776
5639,10482,21463,31681,42658,55981,61413,74411,81288,89316,99483,116773,119674,141814,145272,155963,159429,172668,176050,206729,208124
5640,10494,21246,31775,42922,56360,61860,74849,82018,90024,109661,117541,120679,142726,146045,156415,159968,173608,177006,208285,209285
5641,10474,21220,31375,42723,56265,61679,74608,81794,90138,100032,117866,120741,143725,146688,157977,161118,175532,178888,212110,212538
5642,10184,21105,31475,42838,56414,62002,75081,82073,91352,109432,118555,121682,131295,146542,158641,161810,175882,179433,194730,198186
5643,10622,21167,31432,42899,56460,61892,67877,82438,92378,100597,118769,121831,131899,146959,159249,162389,176210,179457,194295,213404
5644,10198,21149,31581,43132,57000,62314,68067,82904,92854,109388,119630,122461,132565,147251,160112,163368,177159,180277,195206,199177
5645,10738,19708,32157,44159,52926,63581,69305,84570,94799,102319,111285,125349,135492,138954,163543,166645,181767,185487,200958,219589
5646,10344,19965,29256,43877,52840,63291,69313,76897,94470,102538,111194,124818,135159,150659,148620,166509,181414,185363,200793,203062
5647,10392,20442,29895,44214,53238,64268,70229,77829,95230,103917,112645,126615,136999,140511,150417,168275,183879,186646,202572,206355
5648,10417,20544,30304,44470,53581,64566,70470,78345,95151,104561,113147,126511,137925,152617,151271,168717,166491,187681,203878,223049
5649,10394,20786,30788,44976,53719,64421,70604,78531,94929,104538,113164,126003,137738,140845,150497,167766,166414,187123,203691,203691
5650,10715,21027,31088,45185,54154,65251,71049,79048,95543,104742,113987,126480,138708,152058,151499,168546,169505,188307,204776,205237
5651,10634,21525,31950,46155,50892,66859,73036,81073,97326,106804,116717,128485,141832,143702,155048,170762,174517,190730,208306,209247
5652,10190,21167,31578,41403,50601,66387,72704,80724,89358,105862,116204,119086,127225,143637,154538,170020,174801,189013,188284,208274
5653,10569,21323,31222,41832,50997,67164,73615,81647,91052,107805,118301,122327,129553,146956,158440,174403,178907,193668,193630,213906
5654,10641,21297,31751,42018,51189,67406,73988,82164,92324,107452,118757,123142,130354,147500,148141,175094,179008,194761,194761,214835
5655,10506,21470,31891,42819,52137,68483,74661,83145,93410,100055,118963,123443,129935,146263,150426,173017,176323,190976,190912,209919
5656,10491,21393,31945,42671,51934,61969,74456,83003,93418,100283,118778,123463,129698,145990,150926,172578,176519,190737,190737,209884
5657,10364,21876,32617,43849,53371,63774,76681,85195,95316,103728,122507,125933,133976,149896,156221,162151,181587,197285,197285,217851
5658,10364,21798,30104,39697,53511,64054,76929,85611,90445,104200,111452,125811,134522,150182,156875,162945,169302,198790,198790,219257
5659,10441,19965,30537,40604,54900,65291,79029,87615,92612,106160,113679,128781,125954,153069,159127,167190,186017,182549,200345,219278
5660,10550,20391,30883,41010,50256,60061,72750,88294,93268,98871,114459,129151,128795,138942,158646,167851,173074,183326,183326,220193
5661,10142,20111,30431,40729,50217,60013,72681,88132,91909,99852,114849,127186,129873,139524,156366,167871,172815,183967,183967,222598
5662,10575,20073,30854,41042,50629,60320,72912,88590,92626,108737,115810,128020,131446,141611,157181,168689,186392,185229,185229,224640
5663,10284,20304,31066,41377,51243,60918,73573,88932,92178,100373,107214,128733,141175,143296,156625,169479,171723,185988,185988,204888
5664,10641,20382,31194,41490,51224,61292,73972,89239,92545,108501,107866,129376,131535,144179,157060,170113,172783,186449,187257,205445
5665,10275,20987,32029,42595,52565,63015,75815,92380,95107,102986,110905,133745,135453,148486,161900,161900,194356,194356,195984,214279
5666,10571,21048,29249,38209,52333,62889,75580,82894,94199,103192,110971,120612,135270,136027,161843,161843,176749,176749,196109,214257
5667,10479,21505,29986,43645,53631,64417,77481,84926,95766,104988,113817,123251,136930,140646,164569,164569,179680,179680,198469,216874
5668,10488,21409,30316,43852,53739,64523,77935,85256,96063,104903,114100,123749,136768,139279,148777,148777,179794,179794,198791,197383
5669,10510,19903,31014,39902,54849,65656,72241,86716,97133,106954,116138,116138,139968,142493,153365,154268,185397,186128,204924,204480
5670,10490,22013,31182,40194,49564,60589,72811,87442,97370,100337,116986,118095,128545,143666,154030,171476,170959,176388,205978,205978
5671,10384,20590,31985,41624,51467,62880,75225,90810,100832,104308,110473,122670,134379,147929,159478,160752,176490,195023,193485,211709
5672,10344,20572,31756,41560,51250,62730,75080,90448,100610,104375,110072,123037,134539,146864,146289,163358,176134,181011,194205,211131
5673,10518,20809,31909,41788,51589,62927,75343,90905,100927,104784,110462,124985,135927,147953,149807,167970,177429,185683,195582,193962
5674,10515,20894,32121,42048,51916,63284,75517,91272,101551,105000,111155,125413,136426,147780,164062,166935,177976,186513,196512,213957
5675,10460,20987,31837,42010,51619,62809,75058,90511,100396,104681,110243,124180,135078,145936,149150,166844,175112,186010,196742,210127
5676,10492,20980,31696,41746,51353,62730,74658,90161,100063,104098,111430,124336,135224,145708,161954,166775,174592,186219,197232,209794
5677,10362,20883,31451,41932,51352,62429,74471,89748,99299,103408,111344,124246,134536,144580,149466,165122,173321,183392,195151,207936
5678,10330,20912,31570,41955,51300,62417,74800,90010,99688,103960,113129,124806,135350,145373,159578,163897,174240,191929,197156,208815
5679,10394,20811,31233,41514,50921,62013,74042,89181,98494,102973,112331,123218,133219,143765,148351,163332,172173,179556,195734,205229
5680,10310,20860,31415,41869,51443,62470,74607,89628,99383,103910,113825,124035,134449,145233,161056,172993,174444,190411,197083,206311
5681,13975,19345,21030,26700,33244,39002,42519,45555,49995,57872,63201,69271,71042,75780,81787,81788,89834,91038,102681,103976
5682,12381,28869,36381,47004,52968,67851,75073,90229,91858,108550,110534,110534,121607,132366,145690,145690,160596,160812,177183,195421
5683,10663,24735,35132,45571,55891,66526,80130,87852,98133,107176,119595,121266,131679,143378,158805,159947,175600,176905,202354,208373
5684,10405,23564,34052,44532,55415,66191,78956,87387,97698,107594,118765,123080,140990,145398,157256,162623,186690,190202,195548,212005
5685,10432,23013,33404,44350,54256,65588,78488,86460,96821,106969,117139,122707,138998,144680,155480,162024,184881,188841,204987,209486
5686,10602,22689,33505,44689,54416,66618,79306,87182,96167,106841,118621,123570,140276,146028,158614,162877,184805,189569,193105,209746
5687,10316,22440,33184,44335,54546,66714,79740,87621,96267,107096,117973,124260,139799,146154,156257,163232,185157,188205,195093,209113
5688,10422,22106,33140,44727,54892,67185,80303,88518,96932,107435,118088,125183,140368,146381,157844,164922,187079,189380,207975,210761
5689,10426,21942,29656,44970,55251,67551,73766,89120,97273,108152,118361,125477,140744,146384,157931,165820,169608,179771,192755,210426
5690,10562,21952,29911,44695,55102,67612,73463,88612,96964,107064,108026,124102,128780,145974,157013,164319,167816,179055,194871,206574
5691,10281,21873,30206,44475,54811,60904,73093,88076,96247,106601,108895,123516,129439,145548,156361,163844,167909,178435,204896,208599
5692,10335,21692,30444,44318,54402,60413,72384,87341,95165,105821,109712,121677,129549,144405,154490,158991,167617,175338,191276,205560
5693,10593,21714,30541,44488,54625,66886,72786,87644,95898,106208,111078,122091,131045,145143,155532,159333,184068,190268,202497,207117
5694,10400,21803,30197,40472,54773,66860,73110,87887,95983,106510,111732,122088,132217,144297,155967,159331,184572,187639,190971,208011
5695,10338,19501,30385,44107,54575,66812,72847,87719,95887,106226,111859,122030,132424,144154,155677,158937,184406,187465,203214,208472
5696,10470,19527,30614,40446,54839,67079,72991,87985,96197,106709,112038,121846,132196,143319,155941,158338,184903,187470,190998,207500
5697,10224,19547,30691,40522,55161,67046,73366,88476,96626,107251,112519,121991,132646,143798,156482,161697,167832,188148,205121,208306
5698,10537,19671,31170,40554,55172,67407,73397,88548,96829,107039,112138,121649,132681,142667,155702,157183,166964,186865,190067,206029
5699,10347,21985,31241,40915,55552,67757,73898,88995,97301,107756,112509,122215,133155,143257,156781,158250,168348,187841,204489,206726
5700,10344,21546,30862,40141,54394,60385,72559,87191,95500,105903,110836,119847,130898,141401,154485,158585,168255,183875,186575,202667
5701,10335,21415,31115,44388,54512,60555,72727,87376,95601,106409,111213,120361,131055,141769,155450,159217,183139,185960,201788,203067
5702,10388,22162,30776,44543,54362,60602,72204,86454,94322,104697,111380,120323,131246,141065,153704,157367,177238,182624,193902,198572
5703,10465,19962,30907,40712,54564,60709,72414,86795,94622,105138,118695,120892,139401,144231,162724,165468,177738,192998,195554,210690
5704,11321,21890,33035,44271,58753,64701,77123,92302,101436,112286,125221,127411,149182,149850,163852,178680,196147,197269,215712,232766
5705,10988,19757,32953,44248,53252,64632,76836,84066,101209,111985,115188,126306,135550,149128,149133,165166,176026,181161,197591,213846
5706,11692,21744,35495,47008,56707,68378,79460,86786,104304,114781,118074,128545,136449,147008,152114,160341,168395,177524,188060,187323
5707,10878,21799,32663,47107,56794,68600,79804,87183,96094,115159,117464,128644,137017,147300,153543,163511,183432,190020,192583,204380
5708,10359,20864,31594,45356,54298,65614,76319,82557,90828,108091,110784,120976,129925,141035,145033,156433,174488,185077,198075,211398
5709,10322,20931,31865,41962,54651,65976,76691,83075,98641,108559,112006,122162,130970,142218,157057,168204,175947,195331,198921,210987
5710,10557,21479,32642,46709,55801,66578,78838,85670,100909,109454,112249,123255,132511,146589,167078,170136,179532,184050,200801,212852
5711,10561,21518,32693,46806,55883,66691,78702,85647,100852,109370,112760,124197,133219,146605,156009,168837,179545,186530,199242,213406
5712,10661,21808,33900,48760,58606,70999,84300,91980,109233,120794,121370,134604,145201,157073,170009,185066,205110,205111,222946,242309
5713,10668,19361,33851,44529,53547,71242,77896,92267,100531,109690,121299,124161,134445,145180,155354,170691,170691,185826,185826,205819
5714,10685,22187,31144,45265,54067,72116,78826,92373,100663,109524,120161,123136,133110,144523,154437,154574,168523,183326,186157,201461
5715,10351,19574,34411,45252,53874,65265,78657,92169,100410,109354,119856,123624,133691,144456,153909,157630,168548,183864,190848,201095
5716,10532,19564,30282,45167,54031,65327,78508,92319,100888,109578,120615,124155,134772,145380,154842,161215,169966,186055,194480,203397
5717,10208,19616,33695,45289,54322,65583,78662,92778,101194,110078,120814,124739,135248,145704,155476,162346,171657,186582,195150,204177
5718,10478,19559,30332,45287,54280,65492,78699,92801,101019,109954,121163,125493,135405,146222,155965,163027,172281,187527,194265,203446
5719,10500,19663,30561,45578,54614,65868,79088,93303,101651,110543,121732,125280,135772,146437,156526,163859,175061,188038,194745,203882
5720,10355,19370,33062,44420,53136,64188,77451,91199,99432,107708,119508,124186,134172,144382,154780,160142,172546,185744,190631,201680
5721,10325,22421,29573,44308,52935,64050,77360,91011,98921,107455,119325,124012,134084,144634,155160,159972,174446,186173,190834,203437
5722,10791,21555,28949,43199,51578,62282,74783,88222,95749,104296,114589,122284,132779,142675,152193,156396,181428,182884,185232,203690
5723,10121,21472,29776,43294,56809,68805,75147,88309,96053,104562,115105,122460,133528,143415,153622,168162,180598,185534,202275,205259
5724,10670,21253,29706,42085,55334,67621,73656,85645,93587,101618,113265,118859,129178,140820,151799,163694,173404,177257,194679,209634
5725,10615,18580,29633,42062,50368,67312,73446,85407,93160,112622,113020,118375,139954,150275,152294,163303,174023,176658,203408,216775
5726,9844,18250,27723,39460,46948,62846,68424,80354,88230,106367,106311,113569,130665,142004,144871,157476,180316,184980,194870,208509
5727,9870,21178,30629,39464,51873,63120,68720,88555,88555,106570,106570,122326,140969,143171,155788,166933,179219,194339,197873,208662
5728,9829,21079,30606,39647,52047,63577,69357,89417,97144,107756,108269,120761,137753,141594,161716,164226,175606,179081,192711,203292
5729,10311,23075,30831,39909,52466,64051,69835,89765,97612,108120,108345,121188,138052,141221,152658,164686,176608,190338,193930,205981
5730,10136,21817,30339,40099,53352,65733,71674,92946,101886,112262,112818,126171,141653,145682,166054,168256,183184,197097,199232,213291
5731,10149,21725,30342,40108,53337,65720,71539,84292,92958,112410,112700,125719,132999,145610,153979,167732,182769,182898,198914,212562
5732,10428,21776,30915,40883,54211,66700,72889,86354,94414,113814,113943,126536,135549,149443,159766,174033,190141,190812,205644,223204
5733,10429,21773,31011,41101,49327,66972,73151,86638,94949,114295,114398,126691,136020,147971,149057,161252,173628,177249,191831,206203
5734,10693,20399,32254,42774,51729,63332,76944,91325,100552,120470,120733,125226,143079,155190,156887,171190,185630,188698,205046,221138
5735,10298,20412,32164,42680,51536,63292,76701,91217,100278,109204,120305,125032,131470,143749,156691,159062,169595,187630,189445,203956
5736,10926,21302,33767,45367,55294,68227,83265,99441,109293,119587,132299,133573,144760,158593,172383,173107,189105,206851,207165,228437
5737,10457,21283,33851,45506,55512,68484,75787,90966,99651,109655,132520,133090,133090,145439,158689,163227,172524,190434,192150,206518
5738,10495,21346,34133,45452,55153,68367,75891,90413,99034,108812,131394,132102,132102,144014,157372,162277,169886,171673,192978,203710
5739,10522,21393,30848,45706,55509,68684,76259,90917,99320,109503,132095,132510,132820,144725,157536,164259,171148,177768,205401,204212
5740,10604,21946,31570,47028,57230,70572,78472,93859,102791,112916,136248,136248,137087,149034,162438,168367,176308,185035,196717,211051
5741,10301,21942,31571,47191,57446,70661,78679,94020,103178,112945,123767,136563,137122,149228,149424,168533,177054,185838,197308,194527
5742,10634,21846,31203,46632,56863,70067,77758,85459,101870,111899,122028,135291,136159,147629,148379,165413,174911,184403,196044,208915
5743,10315,21878,31313,46730,56932,70209,77968,85810,102210,112296,122345,135637,136191,147890,149529,166436,175461,184767,196855,209660
5744,10362,21970,31816,47514,58038,71503,79539,87500,104552,114950,125240,138673,139020,151420,154869,171329,180056,188242,201120,214648
5745,10646,21969,31707,47486,57873,64297,79457,87464,104253,114546,124932,138326,138642,138612,155059,169592,179251,187674,199671,197706
5746,10310,22194,31768,47572,58121,64580,79667,87560,104626,114896,125590,138794,139339,139750,155789,167961,179478,188463,199853,199272
5747,10352,22229,31464,47587,52763,64657,79891,87769,105011,115218,126018,139364,139364,140487,156919,168152,180317,186917,200264,200264
5748,10815,22517,31963,48439,53801,66051,81580,89600,107095,117949,128639,142772,142792,144240,158976,172280,184454,190334,205239,206320
5749,10566,19674,31875,48575,54140,66306,73829,90088,97867,118330,128885,143464,143464,144875,158672,159749,170909,189772,205681,207913
5750,10572,22452,31485,48439,53658,65799,73295,89619,97477,117373,128725,142371,142371,144260,156967,161521,170209,188579,202643,206516
5751,10221,19563,31340,48209,53433,65597,72913,89022,96999,116980,128027,141927,141927,144284,156665,164209,170731,187857,201825,206884
5752,10580,19950,31726,49034,54244,66708,74050,90557,98687,119441,129980,144227,144589,147030,159278,166687,175673,190854,205992,210859
5753,10289,19973,31634,44311,54361,66907,74154,90778,99012,108505,130573,144580,144823,147083,159024,167148,176553,191371,189024,210943
5754,10326,20012,31710,44437,54402,66812,74040,90366,98313,107772,129817,129817,142988,146483,157992,166261,175624,189537,188562,207531
5755,10654,20076,31644,44369,54369,66587,73749,89985,98029,107556,129494,129494,143112,145968,157540,166660,175472,189546,189403,207099
5756,10412,20003,31803,44667,54795,67607,74931,91141,99354,109228,131326,131326,145645,148068,160066,167749,177904,191646,192898,211257
5757,10359,20138,31888,44734,54803,67735,74992,91516,99750,109443,131691,131691,145833,148764,159110,167508,178301,191325,193928,210880
5758,10418,19773,31201,44005,54067,66417,73541,90280,98452,108243,130478,130478,143898,145644,157895,168106,176971,189720,194597,209806
5759,10452,22661,31409,44262,54324,66848,73988,90657,98946,108854,130927,130927,144585,146328,158093,168054,177743,189117,196058,209476
5760,10258,19579,27794,43942,54130,66645,74018,91011,99423,109524,132159,132159,146751,148523,161685,169350,181962,194704,200313,215118
5761,10323,22485,31809,44122,54253,67048,74234,91386,99947,109837,132393,132393,147048,148544,160757,169544,180680,178973,199734,214248
5762,10215,22023,31160,43349,53419,65983,73508,90426,98750,108868,131474,131474,145868,147692,160041,167618,178779,180017,198954,211835
5763,10583,22136,31196,38582,53658,66168,73572,90600,99184,109233,132048,132048,146333,147878,160174,168119,179224,181131,199596,211506
5764,10422,22145,31375,43814,53943,66538,73924,90917,99647,109836,132503,132503,146669,147999,160260,168344,179116,183991,199629,210750
5765,10391,19398,31186,43739,53996,66418,73731,90741,99346,109553,132306,132306,146693,147611,159943,167666,178544,184975,199052,210186
5766,10501,22009,30997,43159,53145,65779,73012,89532,98048,107699,129844,129844,143858,144778,156836,165306,176380,183199,195000,206333
5767,10143,22091,31217,38342,53203,65862,73242,89627,98363,107952,130373,130373,144209,144814,156994,165514,176711,195175,196036,207003
5768,10373,19023,30579,37481,52154,64178,71121,87241,95475,104910,126172,126172,138938,140332,151859,161766,170611,188333,193579,199594
5769,10463,21751,30761,37637,52467,64698,71552,87652,95911,115986,126648,139795,139795,141618,152452,172644,172644,187886,206301,202434
5770,10226,18967,30833,37602,52356,64174,71164,87327,95393,115497,126049,139209,139209,140924,152160,170774,172515,187527,203630,203630
5771,10227,21752,31126,37526,52244,64235,71032,87158,95302,115096,125689,138945,138945,141223,151662,169444,174131,187425,201752,204515
5772,10526,21434,30771,37209,51440,63111,69850,86018,94250,113491,124012,137205,137205,140821,150400,166880,175150,185548,199708,203637
5773,10568,21551,30940,41931,51650,63307,78035,86297,94566,113812,124636,137855,137855,142416,151480,167212,184719,187029,199894,217466
5774,10319,18969,31394,42088,51796,63499,78205,86232,94745,113845,124113,136490,136490,142946,150406,164392,180282,184218,195260,212464
5775,10568,21719,31189,37355,51701,63414,78014,86178,94453,113760,123938,136321,136321,149003,150035,165032,178636,184951,195523,212082
5776,10322,21699,31418,37542,51937,63880,78568,86682,94821,114590,124884,137938,137938,153165,152514,167028,180470,187177,199798,215431
5777,10648,19061,31399,37605,51984,64001,79022,86974,95122,104461,125145,138249,138249,152608,153375,168191,179737,187730,199139,215548
5778,10459,21817,31471,37596,51894,63773,78507,78507,94727,103829,124565,137061,137061,139948,152404,164845,177855,187041,196042,195895
5779,10489,21898,31345,37720,52022,64099,78851,78851,95146,104294,125021,137652,137652,140990,154205,165253,178010,187620,197244,215351
5780,10484,19443,31697,38195,52761,64862,80014,80014,96238,105699,126667,139804,139804,144161,156530,168439,181125,189119,202296,200852
5781,10508,22279,31889,38413,52912,65075,72223,88416,96815,106129,127066,140314,140314,144973,156770,169180,180674,189281,201480,203189
5782,10549,19523,31266,38082,52632,64429,71419,79487,95480,104791,125461,138575,138575,143952,154712,166135,178828,187390,197103,202162
5783,10553,22275,31303,42901,52832,64717,71469,79475,95651,104945,125837,138734,138734,144417,154994,166425,179025,188578,197578,203562
5784,10347,19385,31265,43007,52770,65087,71881,79890,96046,105468,127018,140741,140741,146209,157878,169140,182147,189950,202190,207496
5785,10525,22079,31178,38066,52608,64880,71639,79695,95728,105319,126513,140526,140526,146072,157438,168514,181752,187436,201407,207315
5786,10601,19358,31133,43060,52827,65013,72077,80158,96454,106193,127707,141176,141176,147030,157659,169409,182659,187866,201063,208801
5787,10290,22073,31272,43123,52925,65023,72168,88353,96624,106242,127968,141210,141210,146566,157145,168889,168312,189188,200953,208666
5788,10562,22176,31433,42896,47405,64624,71824,79308,95708,105223,126400,139628,139628,145376,156415,166819,166808,185643,200841,207774
5789,10330,19512,31373,38323,52825,65060,72137,79922,96230,105618,127043,140420,140420,146072,157052,168245,168686,188241,200564,207908
5790,10493,22112,31039,42809,47576,64242,71394,79526,95542,105044,125947,138917,138917,145225,156001,167509,169072,186136,198343,208114
5791,10258,19379,31127,42755,52082,63966,70926,79105,95137,104473,125500,138465,138465,144978,155535,166601,169792,186577,198133,207368
5792,10474,22059,31073,42229,46642,63602,78033,85861,93770,102963,123524,136261,136261,144777,152925,163548,171704,185924,194080,205584
5793,10462,19369,31161,37773,46745,63674,78461,86114,93947,103334,123898,123898,136789,145048,154787,164161,181737,187423,194476,219207
5794,10374,21942,31127,42662,47107,63959,78622,86499,94536,103898,124750,124750,137723,146242,156339,164954,180738,188150,196059,217243
5795,10378,19240,31056,42510,47055,63754,78429,86254,94377,103525,113974,124895,137485,145670,156179,165148,180025,188670,195846,216316
5796,10385,21757,30989,42138,46682,63015,77919,85642,93629,102694,113035,123422,136406,148686,155911,164560,179881,187597,195917,215016
5797,10350,21756,31070,42317,46805,63352,78013,85965,94026,102990,113315,123757,136863,145160,156816,165109,179283,186709,196864,197384
5798,10319,19089,30925,41956,51503,63037,77574,85429,93509,102837,112949,122819,136062,145426,154917,163502,175680,185709,194310,212347
5799,10635,21759,31460,42162,51683,63504,78012,85962,93962,103089,113548,123659,136301,153092,156280,164164,176765,186504,195832,211359
5800,10367,22006,31332,42388,51899,63766,78449,86423,94397,103640,124305,124305,137178,153365,157368,166542,179227,189193,197657,197744
5801,10321,19207,31360,37799,52098,64109,70725,86532,94617,103797,114239,124687,137632,152355,156494,166917,180881,190773,197389,202043
5802,10615,21956,31363,42255,52010,63622,70496,86300,94363,103387,113779,124010,136721,151219,157479,166255,177753,186132,197637,205823
5803,10321,19288,31408,42439,52127,63720,70583,86455,94478,103746,113729,124381,137176,150862,157299,166484,178648,187959,197598,218517
5804,10548,22465,31690,43103,52849,64839,79796,87776,95737,104850,115352,125906,138928,152144,157723,167662,180561,189708,198657,215450
5805,10537,19705,31453,43004,52795,64735,71654,79647,95730,104654,115272,125590,138594,140075,157118,167257,178927,184354,198544,214899
5806,10714,22669,32006,38966,53414,65285,72558,80410,96471,105697,116513,127123,139708,141319,157762,168795,180709,188837,199648,199558
5807,10399,19928,31693,39007,53345,65392,72683,88574,96709,106032,116739,127400,140151,141948,157352,168937,181235,189783,200029,200614
5808,10433,19868,31577,38764,53470,65466,72571,80768,97279,106027,116592,127614,141255,143546,157742,168866,181721,185386,200958,205023
5809,10504,20070,31560,38994,53778,65757,72986,89401,97541,106553,117095,128191,141613,144157,157405,169516,182689,188331,201360,203825
5810,10552,20008,31736,38936,53917,66357,73586,81687,98093,107777,118615,129578,142759,145799,158411,170614,169849,188765,203061,209046
5811,10502,20201,31801,39043,53919,66284,73657,89796,97973,107650,118582,129487,142901,145227,158019,157875,170088,188372,202701,208502
5812,10471,19997,31256,38601,53250,65403,72425,80323,96669,105942,116414,126989,140297,144213,155566,157581,167206,185288,200170,208323
5813,10385,20022,31457,38700,48311,65538,72563,80486,96809,106221,116890,127448,140776,144644,155833,162312,168985,187446,200482,208199
5814,10273,19653,31020,38328,52605,64721,71685,79643,95995,105219,115945,126498,139754,143593,154351,162575,169120,186034,198196,204891
5815,10413,22415,30997,43081,47488,64572,71570,79465,95839,105124,115506,126259,139452,144138,154433,171043,172054,185383,198127,206016
5816,10273,21932,30433,42122,51783,63606,70557,78292,93984,103167,113224,123798,136633,141280,153308,166164,172050,184853,195364,206192
5817,10302,21988,30452,42214,46810,63774,70864,78529,94367,103431,113590,124067,137036,143178,153564,166742,181622,186619,195589,216664
5818,10392,21856,30315,41601,51059,62699,69527,77018,92682,101570,111914,122026,134684,140985,152189,164292,180326,185515,192114,210452
5819,10201,21960,30686,41833,51244,63003,69863,85346,93120,102086,112357,122602,135344,143421,153822,165179,176799,187110,193129,210953
5820,10379,21850,31150,41967,51288,63082,69874,85147,93005,102012,111987,122310,135229,151890,154292,165602,178202,187345,194082,211271
5821,10363,19207,31178,41848,51204,62856,69755,85192,92841,101743,111794,121996,134992,149785,156120,166624,177903,187460,193994,211198
5822,10430,21780,30875,41667,50874,62508,69517,84863,92314,101206,111252,121659,133899,149165,155156,165868,177248,186673,193514,212134
5823,10466,19184,31096,41747,51079,62755,69715,84961,92812,101704,111609,121986,134512,149270,155721,166762,177411,187388,194458,212889
5824,10409,22021,31098,41844,51005,62810,69463,84807,92179,101395,111066,121474,133723,148099,156138,166392,178223,186948,194212,193992
5825,10417,21923,31446,41712,50961,62719,69369,84516,92050,100931,110923,121212,133570,148225,155380,166042,177501,187843,194235,210815
5826,10856,19481,31551,42416,51939,63639,70590,85972,93468,102718,112752,123057,135914,150779,165261,167158,179920,188748,197677,213775
5827,10506,22230,31617,42487,52021,63817,70715,86215,94000,102942,113240,123510,136080,149984,165142,167490,180444,186391,198551,214684
5828,10257,19588,31397,42516,51969,63796,70646,86193,94068,103080,113114,123379,136230,151164,166491,172256,180934,190037,199696,198555
5829,10652,22347,31525,42744,52342,64070,71068,86568,94563,103618,113520,123994,136887,150384,152375,167546,179823,188845,199619,216714
5830,10280,19402,31588,42686,52074,63728,70597,86337,94042,103188,113397,123838,136659,151116,152827,167327,178878,187548,199655,198719
5831,10273,22228,31392,42641,52114,63767,70659,86143,93819,102926,113480,123807,136603,149661,153252,167102,178245,187134,197349,215504
5832,10423,19537,31435,42804,52403,64186,71135,87160,94946,103824,114865,125233,138470,153016,154952,168015,183281,188943,201864,217756
5833,10377,22288,31447,42878,52583,64401,71261,79235,95508,104205,115000,125609,138892,151898,155802,168679,181670,188933,201183,201183
5834,10305,19518,31152,42697,52197,64319,71364,79133,95142,104560,115054,125595,138823,139690,155965,170980,182924,189139,203164,203365
5835,10592,22222,31029,42699,52182,64052,71165,78972,94939,104395,114735,125386,138570,139622,155493,169759,182469,188150,201745,202878
5836,10431,19818,31495,43112,52467,64445,71452,79185,95088,104240,115337,125686,138708,140759,155347,168745,180701,187108,199471,202004
5837,10468,19731,31510,43190,52787,58245,71634,79677,95421,104665,115288,125977,139134,141487,155867,168673,180929,188090,201263,204248
5838,10290,22613,31720,43434,53267,65069,72096,80244,96204,105590,116001,126861,140375,141822,156719,169367,182418,188561,201412,206882
5839,10633,19831,31638,38890,53409,59009,72518,80583,96742,105997,116633,127323,140741,142393,157192,169896,168235,189344,201765,208127
5840,10346,19657,31372,38608,53035,65318,72228,80306,96061,105381,115867,126689,140071,142499,156154,168775,167663,186869,202103,207245
5841,10294,22560,31373,38653,53160,58720,72464,80281,96225,105610,116051,126879,140397,142526,156629,168569,168292,187260,202469,207733
5842,10307,19532,30965,38177,52563,64521,71390,79037,94690,103892,114039,124849,137734,139475,152787,165034,165710,184537,196296,203743
5843,10346,22486,31186,43227,52731,58123,71479,79499,95073,104291,114758,125280,138123,140275,153474,165778,166831,185791,196891,206181
5844,10280,19239,30631,42454,51857,63595,70350,78297,93648,102471,112901,123368,136579,139173,155773,164273,168530,184725,195160,206099
5845,10308,22070,30646,42311,51808,57108,70333,85707,93438,102361,112696,123011,136362,139709,155973,163368,172673,185918,194772,216787
5846,10108,18812,30486,41801,50911,56356,69380,84450,92198,100827,111333,121637,134412,145475,153840,161581,180127,183746,191466,213386
5847,10284,21646,30553,41817,51100,56473,69498,84815,92309,101132,111566,121991,134968,152354,155918,162214,179504,185882,192319,213023
5848,10108,21332,30194,41186,50172,55274,67857,82594,90229,98888,108537,118892,131008,146084,153839,159327,175808,184778,188929,208980
5849,10315,21452,30783,41469,50405,61773,68147,83092,90810,99395,109287,119423,131803,146874,161339,163169,176915,184524,190471,209488
5850,10299,21523,31082,41497,50467,61996,68502,83580,91357,100185,110235,120486,132692,147512,160807,164977,177761,186209,192735,208499
5851,10424,18771,30952,41331,50242,61641,68184,83260,91022,99775,109802,119861,132295,146783,160059,165065,176928,186482,193761,208769
5852,10360,21160,30584,40858,49736,61233,67428,82524,90204,98856,108750,119006,131307,146518,158728,165952,177215,187672,194822,209638
5853,10395,21209,30737,41044,49909,61235,67960,82871,90297,99199,109262,119072,132021,146931,159334,166525,177563,187795,195494,209395
5854,10334,20949,30408,40730,49963,61245,67942,83032,90615,99432,109473,119761,131851,146336,158886,166326,176608,186407,195489,207997
5855,10324,20939,30486,40699,49880,61159,67877,82871,90441,99224,109182,119499,131725,146090,158566,166537,176696,186278,195824,208485
5856,10344,20697,33836,40426,49738,60996,67312,82887,90170,98815,109496,119782,131731,145163,157592,165963,177351,185206,197252,207327
5857,10412,20719,33040,40538,49860,61211,67493,83012,90479,99127,109629,120098,132297,145881,157869,166637,177324,185434,200364,208026
5858,10191,20252,32386,39589,48512,59551,66141,81096,88605,97232,107227,117138,129664,144096,155990,165201,176401,183561,196243,207225
5859,10466,20417,32067,39840,48819,59965,66461,81409,89064,107627,107627,117693,130508,144689,156455,165916,177041,184241,208667,207786
5860,10372,20288,31771,39620,48548,59465,73305,80505,88169,106734,106734,116838,129539,144422,155282,165447,176425,183681,192888,206577
5861,10412,20311,31879,39742,48777,59786,73658,80845,88430,107418,107418,117287,129934,145192,156144,166626,177339,184285,194726,207988
5862,10391,20253,31864,39729,48639,59623,73310,80698,88156,106873,106873,116736,129457,144831,155668,165782,176429,183539,195405,207587
5863,10253,19873,31320,39026,47797,58606,71969,79200,86663,104922,104922,127246,127246,143228,153460,164884,175057,180877,206467,205247
5864,10280,19510,30696,42399,51647,57482,70471,77499,84734,102239,102239,124074,124074,142667,150529,160933,172133,188846,189268,201810
5865,10285,19574,30390,42241,51447,57219,70426,77400,84615,102072,111605,123735,123735,143777,151115,170041,184282,186611,202071,204722
5866,10366,19255,29950,41644,50596,56305,69385,76160,91725,101041,110398,122259,122259,142995,150254,167985,171059,187032,198838,203844
5867,10387,21551,30021,41709,50790,56656,69580,83779,91875,101341,110884,122719,122719,143822,153573,168184,182791,187540,199085,218950
5868,10409,21504,29968,41463,50493,56226,69255,83389,91547,100876,110284,122234,122234,143336,154320,167134,181027,187093,198200,201739
5869,10207,21146,30047,41012,50114,61544,68397,82478,90614,99599,109157,120703,120703,141300,152777,165653,176775,186645,197569,204203
5870,10272,20864,29488,40021,48672,60109,73482,80152,88148,96599,106204,117460,117460,148098,150303,161307,173781,179284,193298,212128
5871,10634,20696,32885,39893,48517,59929,73315,79952,87835,96641,117366,117366,117366,146932,160129,163201,174963,191121,194944,210453
5872,10205,20389,31893,39262,47896,59150,72147,78783,86488,95269,115409,115409,115409,145546,157850,161121,174156,188332,193103,208050
5873,10649,20440,31937,43512,53500,59298,72559,79148,86758,104938,116015,116015,126664,145968,157286,161505,185421,188947,194084,208706
5874,10243,20484,31891,43602,53437,59358,72457,79169,86860,104803,115822,115822,126769,145931,156645,161651,172911,188457,194062,208455
5875,10379,20155,31128,42804,52394,58062,71206,77749,85377,102720,113643,113643,124348,144293,154732,158958,172520,184471,189863,205712
5876,10263,19627,30353,41706,51162,56674,69019,75423,82875,99838,110357,110357,120128,139616,151999,166367,178547,182317,183262,201683
5877,10248,19646,30560,41885,51363,56898,69200,83282,91609,100256,110887,110887,120913,149187,152846,166320,178354,183327,200322,214935
5878,10432,19238,30075,41240,50155,55748,68327,81774,90080,98586,108966,108966,118996,146171,151300,163190,176169,179430,196800,209999
5879,10396,21633,30327,41242,50688,62394,68771,82469,90694,99111,119627,109695,119627,146600,162330,164071,177085,180388,209512,210572
5880,10479,21608,30724,41245,50515,62323,68741,82242,90519,98957,119569,109640,119569,146326,159578,163905,176901,180039,192718,209820
5881,10128,21333,30561,40650,50127,62009,68298,81684,90888,99202,119501,109729,119501,146411,159322,164824,177361,181810,197736,211414
5882,10421,20983,30395,40179,49299,60742,67222,81018,89165,97635,118752,108113,118752,145006,157799,164526,177325,180533,195395,209040
5883,10333,21066,33633,40246,54874,61103,73751,81346,89681,108718,119123,108718,130653,145578,157525,164997,177531,181124,196368,209758
5884,10443,21146,33222,40302,55080,61063,73896,81421,89480,108906,108906,108906,130761,146116,157350,165236,177318,180786,196906,207534
5885,10787,21038,32966,40441,55356,61806,74666,82051,90507,110109,120828,110109,132469,147833,158701,165739,176584,182694,198212,209067
5886,10389,21080,29186,40355,55329,61718,74550,82165,90656,99403,110201,110201,132391,146789,146249,166621,176726,182476,197663,209023
5887,10169,20828,29108,39879,49328,60862,73753,80993,89315,97769,108886,108886,130810,144598,147328,165933,176337,181504,197384,208139
5888,10373,20416,32533,39196,53700,59837,72281,79428,87569,106719,117462,106719,128528,142674,148939,162713,175133,177153,193977,204033
5889,10467,20597,32161,39504,48762,60212,72738,80005,88203,107319,118079,118079,128916,143903,159113,163216,175957,177078,206891,206768
5890,10509,20543,31991,39439,54001,60035,72781,79841,88182,107195,117847,117847,128984,144741,158407,163044,176358,177408,192399,207161
5891,10239,20378,31703,38989,48048,59688,72243,79168,87477,106657,106657,116765,128088,144528,156867,162317,176161,176803,194533,206894
5892,10614,20238,31488,42869,53078,59364,71798,78703,86965,105973,116096,116096,127313,143684,155886,161687,175206,175866,194439,206671
5893,10031,20005,31273,42526,52521,58869,70996,78017,86357,105329,105329,115368,126249,142807,154861,160766,173893,175810,203633,205780
5894,10735,19925,31000,41866,51828,57932,70023,76955,92904,103317,113221,113221,124354,141161,153610,157440,171025,186492,186975,203658
5895,10349,19954,30794,41767,51730,57678,69975,84736,92648,102986,102986,113160,135051,140726,154594,165885,181934,186082,200040,204344
5896,10282,22349,31008,41734,51709,57833,69940,84693,92813,103156,103156,112926,134903,140880,155633,165597,180609,185865,199389,216697
5897,10125,21783,30681,41473,51453,57379,69552,84250,92303,102722,102722,112335,134373,140742,154426,166948,180190,185274,198662,215773
5898,10480,21620,30495,41133,51134,56986,68958,83848,91803,101910,101910,111790,133624,139939,162691,166176,179305,184761,197500,214349
5899,10911,24709,35157,48344,60912,74642,82001,100703,110142,122765,122765,133608,157549,157578,172398,187577,207727,207727,225391,245480
5900,10209,20207,28391,39809,43972,54571,67364,75026,94234,94234,103198,113183,122635,135485,146410,149202,157682,172635,172800,184862
5901,10578,20201,32135,39815,54778,60883,75296,84623,94444,103559,113542,113542,134239,144417,149664,164596,171340,178158,190095,197959
5902,10205,20174,31937,39728,54393,60571,74828,84435,94094,103077,112978,112978,133683,149415,152023,165098,171659,181186,199124,197864
5903,9818,16249,25926,32327,40725,53688,66519,75037,84200,94637,105863,105863,132826,148231,154962,168972,182056,199141,210907,210691
5904,10475,20309,33384,40736,53899,60202,75266,84416,94748,106101,106101,116497,133147,148585,156654,168063,165610,183819,198987,211471
5905,14115,37387,63932,75462,86656,93224,107709,115343,122516,132578,132578,143296,155351,166087,168895,180022,180627,195614,211230,211685
5906,10891,20696,31556,48279,64039,75462,86738,93088,107682,115412,122711,132772,143777,154569,158689,167836,171375,180735,195048,211249
5907,10829,21162,31085,42158,49374,66082,77761,91854,99587,107143,124896,137425,147957,148455,160100,171654,176425,190782,202991,217327
5908,10819,21071,30971,49073,55177,65762,77477,91437,99231,106795,124338,137489,137523,148049,160459,160459,177456,177456,190644,202913
5909,12328,26524,38872,55562,70838,88804,113561,140597,157052,175368,211389,233191,233191,256035,285168,285327,313344,313908,343428,373552
5910,11782,23415,30777,43611,55467,70801,80131,88751,99784,113418,140582,140582,156870,175097,193550,193550,211136,211136,233056,233056
5911,11927,23710,30966,44107,54834,71632,71632,86220,95087,105721,121023,133360,149165,149165,162597,162597,178133,191778,191778,209824
5912,11917,23590,30873,44015,54916,62375,71398,85949,94720,120782,120782,133073,148753,148753,162574,177707,191170,191170,209379,209379
5913,10262,21142,27868,40198,50493,65243,65243,77544,86693,98752,112892,124486,135745,135745,158127,158127,170075,170075,185497,185497
5914,10310,18379,30986,44934,58987,65243,71399,86861,98695,113013,124480,135524,146204,146204,170156,170156,185576,185576,185576,200517
5915,10194,21251,32200,45453,52398,65152,71401,88288,101376,112964,123548,134188,144256,156820,169093,169093,185220,185220,185220,200567
5916,10206,18753,32151,45518,52321,65264,71261,88228,101014,112806,123433,134206,144194,156902,168903,185368,185368,185368,185368,200472
5917,12586,22326,38551,53974,59607,77373,86451,104880,113594,123369,133198,143368,155549,169113,181988,197639,197639,197639,197639,213474
5918,12509,22275,28855,48615,53844,67604,77210,95012,104549,113288,132910,143047,155412,155412,168692,181686,196842,196842,196842,212884
5919,14453,25926,39093,50152,63709,80691,90256,111117,123088,139066,168904,182978,200080,200080,220841,240490,268241,268241,268241,296138
5920,14363,22425,29715,44575,56656,63619,71524,90194,100959,111119,139191,139191,154181,169059,182901,199863,199863,220668,220668,240722
5921,13949,21297,32685,42974,55400,62320,69011,86383,96231,107638,120906,133743,147263,147263,160030,172972,188084,188084,205234,222234
5922,13904,24803,32812,42823,55241,68907,77160,86233,96221,107606,120633,133365,146871,159810,172607,172607,187764,204646,204646,221671
5923,14064,21519,32257,41802,53755,67156,75813,84216,93840,104700,116758,129630,143284,156220,169238,169238,184316,201777,201777,218984
5924,14169,24773,32312,47301,53872,67143,75859,93947,104677,116941,129745,129745,143258,156268,169213,184557,184557,201562,201562,219399
5925,14354,25109,32954,48510,54597,67903,76660,95682,106375,118414,130946,130946,144209,157358,170998,185919,185919,202990,202990,220498
5926,14388,21930,32970,42765,54590,68115,76578,95820,95820,118407,131070,131070,144384,157378,170923,185996,185996,202730,202730,220390
5927,14443,25305,32929,42661,54269,67778,76335,94784,94784,116914,129245,129245,142686,156096,169230,184945,184945,202484,202484,220313
5928,14392,21890,32705,42464,54158,67676,76249,94677,94677,116745,129071,129071,142480,155668,168880,184236,184236,202108,202108,219466
5929,14538,25424,33152,43021,54627,68070,77068,95321,95321,117284,129578,129578,143377,157114,170697,186306,186306,204668,204668,222156
5930,14467,22112,33066,43021,54581,68314,77009,95330,95330,117124,129654,129654,143106,156799,170638,186454,186454,204440,204440,222367
5931,14171,21719,32387,42127,53474,66775,75454,93150,93150,114579,126667,126667,140130,154321,167774,183598,183598,201827,201827,220152
5932,14140,24936,32386,47591,53230,66592,75380,92986,103132,114582,126414,140003,140003,153768,167428,183543,183543,201307,201307,219420
5933,14244,21653,32125,47162,53040,66164,74849,92750,102493,113624,125172,138828,138828,151980,165583,180641,180641,198485,198485,215820
5934,14257,24856,32125,47233,53121,66142,74874,92664,102415,113707,125282,138687,152054,152054,165430,180796,198565,198565,215916,238501
5935,14062,21359,31811,46326,52225,65326,73926,91427,101177,112487,123973,137605,150539,150539,164497,179959,197332,197332,215140,237718
5936,14105,24573,31757,46350,52175,65339,73982,91348,101227,112514,124165,137675,150844,150844,164245,179776,197245,197245,215412,237699
5937,13856,24230,31390,45764,51593,64728,72897,90297,100094,111065,122768,136026,149256,149256,162274,177522,194290,194290,212273,233974
5938,13896,24196,31341,45720,51523,64524,72674,90039,99733,110887,122457,135642,148612,148612,177137,177137,193955,193955,211785,232954
5939,13898,24153,31448,45946,51870,65059,73709,91378,101043,112883,124575,138148,151524,151524,180609,180609,198207,198207,215952,238796
5940,13869,24170,31401,45817,51813,65059,73668,91209,101091,112530,124640,138138,151492,151492,180561,180561,197725,197725,215831,238527
5941,13624,23885,30856,45277,51173,64131,72636,90519,100616,111911,123663,137375,150750,150750,180179,180179,197327,197327,215356,236688
5942,13628,23856,30787,45170,51047,63979,72640,90344,100085,111622,123747,136963,150277,150277,179692,179692,196787,196787,214942,236396
5943,13486,23563,30560,45027,50736,63799,72342,89525,98960,110720,122592,135948,150122,150122,180417,180417,196632,196632,214134,236775
5944,13523,23634,30690,44992,57272,63636,72359,89462,99114,110890,122450,136148,150160,150160,180465,180465,196798,196798,213805,236659
5945,13565,23583,30493,45089,57523,64186,72318,89555,99567,111723,124181,138215,151479,151479,180330,180330,197216,197216,214781,237032
5946,13556,23548,30511,44948,50876,64184,72323,89583,99522,111608,124021,138094,151306,151306,180031,180031,197391,197391,215071,236701
5947,13398,23305,30338,44480,50171,63513,71586,88141,97788,109696,121800,135570,148785,148785,177490,177490,194714,194714,212299,234282
5948,13360,23151,30275,44359,56612,63137,71244,87780,97602,109465,121217,135201,148438,148438,177219,177219,194250,194250,211544,234094
5949,13211,23099,34553,43698,56219,70780,78606,87291,97438,108977,121425,134906,147731,147731,175883,175883,192865,192865,209894,231805
5950,13128,23102,29717,43657,56118,70569,78597,87244,97218,109187,121195,134873,147697,160980,175748,175748,192554,192554,209829,231667
5951,12857,22228,33303,42374,54034,68011,75638,84351,93642,105009,116543,129515,142193,155387,170025,170025,186354,186354,203585,225109
5952,12830,22283,33204,47763,53871,67912,75639,84089,93355,116192,129268,129268,142162,154800,169523,186143,186143,203087,203087,224809
5953,12558,21697,32477,46924,53099,66854,74587,82773,92632,115627,128422,128422,140884,153436,167228,183200,183200,199531,199531,220510
5954,12600,24999,32455,46927,53182,66844,74732,92611,92611,115708,128587,128587,153308,153308,167314,183638,183638,199394,220948,220948
5955,12514,21441,31938,45902,51857,65333,72652,89675,89675,111969,124644,124644,149314,149314,163953,179876,179876,196460,217584,217584
5956,12528,24539,31903,45996,51917,65211,72592,89900,100685,111989,124648,136758,149434,149434,163752,179684,196544,196544,217694,217694
5957,12331,24159,31686,45709,51782,65227,72627,90099,101132,112960,125429,137438,149545,149545,163299,179141,194759,194759,215714,215714
5958,12279,24100,31576,45523,51592,64961,72357,89770,101000,112549,125073,136957,149165,149165,162723,178576,194340,194340,215190,215190
5959,12235,23729,30889,44353,50417,63375,70881,87334,97997,109139,121398,133445,145011,145011,158538,174216,189908,189908,210012,210012
5960,12213,23703,30989,44304,56174,63431,78621,87434,98009,109098,121322,133280,145027,158562,174197,174197,189828,209976,209976,209976
5961,12221,24084,31639,45337,57372,64711,80421,89832,100802,112713,124828,136992,148908,162300,178384,178384,193617,214710,214710,214710
5962,12179,24044,31452,45208,51430,64664,72176,89733,100536,112286,124486,136527,148663,162220,178135,178135,193210,193210,213992,213992
5963,12146,24015,31358,45369,51582,64931,72257,90149,101683,112998,125939,138330,150771,164501,180314,180314,196571,196571,216860,216860
5964,12103,23929,31397,45458,51676,64981,72521,90101,101595,113100,125906,138189,150583,164477,180398,180398,196270,196270,217333,217333
5965,11956,23571,30784,44605,50266,63422,70980,87868,98872,110154,122569,134478,146998,160333,176550,176550,192075,192075,212880,212880
5966,11945,23440,30836,44558,56310,63573,71043,87936,98846,110170,122512,134521,147117,160381,176612,176612,191880,191880,212802,212802
5967,11555,23049,30073,43635,55598,63043,71000,87561,98803,109572,121804,134851,148843,163545,178413,178413,194373,194373,216418,216418
5968,11510,22991,30012,43624,55480,62938,70938,87437,98750,109334,121463,134887,148380,163199,177983,177983,193904,193904,215601,215601
5969,11549,22857,34097,43357,55609,70022,70022,85969,96890,109039,121921,134406,147025,159878,175000,175000,190431,190431,209884,209884
5970,11505,22826,29839,43353,55505,69979,77515,86125,96618,108950,121845,134244,146847,159827,174943,174943,190221,190221,209672,209672
5971,11479,22713,34031,43013,55129,69857,77208,85617,95729,108100,120642,133785,145670,159072,173389,173389,188516,207472,207472,207472
5972,11404,22702,29819,43047,55059,69749,77096,85311,95496,107951,120128,133364,145572,158331,173231,173231,188178,206909,206909,206909
5973,11347,22393,33323,42144,53647,67784,75004,83139,93049,104313,116991,129084,140853,153724,167711,167711,182856,201010,201010,201010
5974,11355,17078,33331,42209,53705,67815,75026,93026,93026,104447,128933,128933,153766,153766,167827,183188,183188,201179,201179,201179
5975,11430,17138,33082,42155,53327,67207,74170,91888,91888,103942,127910,127910,152205,152205,166243,180162,180162,198351,198351,198351
5976,11399,17117,33171,42152,53516,67296,74209,91991,103771,115612,127862,127862,152162,152162,166132,180345,180345,198260,198260,198260
5977,11339,17067,33143,41816,53256,66998,74284,92176,103930,116530,128420,128420,152725,152725,166903,181783,181783,199801,199801,199801
5978,11274,17015,32956,41606,52954,66926,73970,92260,103665,116172,127835,127835,152558,152558,166420,181278,181278,199421,199421,199421
5979,11233,16894,32335,40913,51579,65160,71994,89329,100159,111311,123318,123318,147480,147480,161586,175664,175664,193700,193700,193700
5980,17326,29364,35690,47045,56575,69846,77863,87702,95402,105927,117248,126152,132413,143390,157058,157359,171006,172412,185864,187130
5981,14116,26894,38084,52022,59402,72400,80690,95028,105292,118455,126844,138141,151404,159455,170527,182115,198781,199886,204001,210262
5982,11562,26212,36430,49465,57385,68934,84642,93001,104622,114052,127155,138321,155651,157353,169510,181760,198289,198773,203334,220187
5983,11326,23467,31954,44132,55967,67853,82422,90795,102298,113900,126019,137850,150627,155086,166539,180053,196978,198417,202081,204637
5984,11159,22067,35635,43750,54892,66609,80724,89690,100431,111544,123074,134622,148408,149093,162897,175597,193085,193682,197620,203785
5985,11145,21916,35314,48926,54846,66615,80581,89416,100231,111184,123078,134648,147385,148985,162384,175877,192396,193592,197805,206690
5986,11274,21952,33862,47835,53980,67268,80873,89947,101015,112129,124143,135830,149133,151238,164136,177471,194474,195312,200668,217864
5987,11208,21989,32807,45879,60324,66856,80088,89797,100193,111589,123620,135390,147902,150599,163214,176359,194059,194839,199072,204523
5988,11327,22170,32886,46816,54696,67985,81667,91759,102661,114612,126771,138414,151681,153010,167166,180373,199191,199521,203291,207922
5989,11305,19374,32707,41351,54620,67621,73330,91519,102090,114517,126486,138262,151050,152821,166749,180356,180356,199087,202326,208363
5990,11202,21917,31970,40730,52835,65264,72322,89099,99928,110941,122461,134218,134218,150591,164575,177681,177681,197026,200718,208085
5991,11251,21869,31964,40454,59000,64756,72105,88771,99878,111004,122180,134034,134034,150527,163540,177526,177526,196676,199949,208446
5992,11116,21748,32206,45914,51651,65611,72620,89350,99880,112419,124278,136347,148950,150978,163560,177095,177095,194801,196730,206188
5993,11146,21849,32277,46002,58934,65787,72569,89252,99995,112376,124296,136357,149156,150174,163303,177284,177284,194944,197504,206538
5994,11316,22142,32403,46529,52045,66326,73372,90161,101102,112680,125430,137104,150165,152287,165143,179002,179002,196856,199990,208353
5995,11297,19326,32285,41387,51999,66296,73286,90272,101104,112814,125565,137343,150338,150576,164600,178717,178717,197116,200173,208705
5996,11379,22215,32945,46821,52269,66519,73706,90807,101372,113465,125636,137433,150009,150259,164131,178380,178380,196604,198622,207392
5997,11234,19390,32812,46746,52209,66382,73563,90583,101128,113079,125195,136960,149626,149854,163717,178042,178042,196007,198241,208121
5998,11634,22672,33653,47803,53579,67875,75143,92613,104083,115988,128322,140111,152893,153124,166661,180997,180997,199491,201431,208405
5999,11614,22673,33621,47696,53507,67811,75170,92903,92903,115899,128408,140049,140049,153106,166687,181118,181118,199023,201280,208498
6000,11602,22714,33796,42870,54056,67856,75252,92752,92752,116035,127845,139558,151691,151691,165569,179904,179904,198050,198674,209090
6001,11571,22778,33680,48098,53862,67803,75016,92415,92415,115900,127368,139026,139026,151222,165171,179383,179383,197545,198131,208578
6002,11646,23012,34036,42813,54573,68429,75556,93978,93978,117257,129080,140253,152311,152311,166301,181161,181161,198915,199913,209438
6003,11597,23019,30066,48646,54642,68560,75551,94135,94135,104908,129044,140136,140136,152580,166540,181142,181142,199122,199932,209146
6004,11320,22433,29404,42039,53319,66446,73658,91575,91575,102386,124959,135684,147855,147855,161349,175680,175680,193717,193829,205226
6005,11315,19651,33441,47817,53256,66393,73571,91562,102481,114216,125057,135606,147897,147897,161300,175669,175669,193533,194189,207774
6006,11230,19395,32686,46868,52162,65085,72120,89421,100057,110765,121502,131882,143510,143510,157152,170679,170679,188008,189311,210799
6007,11188,19287,32601,41246,51906,64865,71858,89019,99719,110563,121078,131385,143213,143213,156769,170592,187350,187350,190019,209017
6008,11055,19045,32089,45607,50844,63313,70306,87552,97385,108128,118210,128700,140203,140203,152980,167168,184203,184203,188191,206738
6009,11069,18985,32149,45636,57096,63364,78201,87400,97107,108088,118298,128639,139883,153155,167257,167257,184021,184021,190393,207929
6010,10884,21420,31486,45007,56148,62509,76943,85648,95655,106091,116346,125997,137527,150601,163964,163964,180950,180950,191883,205152
6011,10925,21318,31401,44735,56090,62246,76883,85496,95453,105850,115838,125963,137309,150304,163550,163550,180185,180185,201286,206569
6012,10977,18862,31758,45389,56803,70174,78442,87408,97149,107979,118571,129084,140720,153857,167785,167785,184832,184832,203314,210897
6013,11044,21564,31781,45364,56900,70256,78393,87270,97292,108068,118755,129051,140729,153999,167931,167931,184922,184922,192391,209499
6014,10777,20984,30902,43810,54925,61532,75345,83723,93459,104056,114389,124743,137628,151655,164619,164619,181773,181773,196022,208760
6015,10793,20999,30825,43744,55069,68057,75247,83921,93597,104167,114537,124919,137598,151524,164865,164865,181821,181821,202620,208503
6016,10641,20917,30877,43550,55192,67838,75295,83974,94040,104824,115332,126116,137174,150054,163793,163793,180235,180235,193471,206669
6017,10595,20812,30798,43327,55000,67657,74971,83681,93738,104412,115009,125632,136572,149580,163060,163060,179727,179727,201188,208427
6018,10788,20997,30890,43702,55333,68143,75249,83888,93763,104386,114964,125252,137033,149461,162682,162682,179374,179374,200129,207403
6019,10762,20977,30800,43554,55353,67950,75076,83788,93469,104072,115050,124990,136735,149557,162470,162470,179373,179373,199207,207642
6020,10913,21119,31061,43999,55843,68519,76187,84784,94940,106017,116809,127342,138519,151562,165149,165149,181966,181966,200204,210106
6021,10872,20916,30985,43906,55659,68327,75891,84514,94596,105557,126917,126917,138275,151172,164736,164736,181417,181417,191418,208601
6022,10806,20991,30631,43286,54699,67165,74223,82823,92017,102934,113196,123331,134424,147464,160324,160324,176649,176649,193059,206811
6023,10809,20977,30659,43198,54623,67132,74219,82833,103138,103138,113392,123410,134484,147235,160453,160453,176659,176659,200504,214285
6024,10843,20925,30609,43302,54495,67132,74295,82752,92537,103192,113612,123001,134455,146801,159926,159926,176785,176785,199701,212320
6025,10789,20875,30569,43320,54538,67136,74288,82665,103183,103183,113556,123138,134296,146913,160010,160010,176734,176734,199003,210795
6026,10753,20835,30789,43613,55014,67447,75045,83494,93315,104316,114730,124867,136151,148630,162536,162536,179239,179239,201079,214476
6027,10662,20688,30531,43613,54880,67251,74763,83336,93161,104137,114286,124897,135893,148751,161931,161931,178944,178944,200096,213668
6028,10691,20688,30434,43432,54784,67144,74602,83122,103921,103921,114282,124172,135551,148425,161822,161822,178490,178490,199378,212897
6029,10650,20667,30458,43348,54818,67117,74326,83075,93034,103747,114216,124280,135569,148293,161631,161631,178315,178315,199169,212064
6030,10475,20363,30212,42810,53691,65873,73330,91186,101821,101821,111635,121320,131937,144756,157877,157877,173664,173664,194056,207845
6031,10501,20263,30168,47599,53358,65817,73023,91041,101301,111187,120667,120667,131628,144264,157096,173189,173189,173320,195557,207633
6032,10708,20716,30474,48529,54624,67474,75054,93673,103922,113766,123417,123417,134826,147467,161045,177359,177359,178726,198790,212819
6033,10720,20830,30515,43621,54681,67422,75237,83877,93621,113919,123480,123480,135048,147669,160942,177623,177623,178881,198496,212368
6034,10828,21117,31151,44355,55547,68534,76236,85619,95000,115833,125713,125713,137047,150095,163455,180697,180697,182634,200385,214311
6035,10869,21113,31206,44407,55577,68618,76339,85417,94946,105613,125780,125780,136996,150137,163517,163517,180380,183009,199719,196960
6036,11146,21348,31953,45630,56904,71039,79147,88164,98076,108688,129319,129319,141107,154578,167988,167988,185258,188668,204486,203230
6037,11149,21261,31904,45377,56842,63364,78830,88044,97735,108239,118684,128931,140665,154205,167625,167625,184731,187961,190096,203026
6038,11161,21649,31823,45345,57155,63691,78380,87690,97543,108323,131671,131671,143662,156967,170799,170799,188852,191525,195499,208736
6039,11186,19074,31839,45240,57142,63630,78263,87491,97474,108109,131394,131394,143485,157062,157062,170592,188733,191247,196653,208818
6040,11394,22146,32465,46198,57933,64462,79282,88847,99191,110490,131893,131893,143701,156983,156983,170920,188368,190891,196409,207165
6041,11417,19311,32453,46106,51361,64294,79178,88639,98864,110193,131523,131523,143234,156410,156410,170390,187920,190352,196911,207312
6042,11643,22331,32602,46483,51833,64738,79331,89006,99148,110484,131337,131337,143089,156313,156313,170267,187045,188894,196020,206618
6043,11612,19624,32709,46508,51839,64794,79368,89026,98925,110534,131551,131551,143022,156246,156246,170084,187325,189018,197321,207143
6044,11723,19782,33242,47158,52558,65836,80456,90267,100790,112329,133336,133336,145353,158570,158570,172408,189761,191639,198815,209855
6045,11675,19780,33212,47211,52668,65601,72590,90328,100848,112460,133391,133391,145382,158439,158439,172296,189990,190979,198881,210115
6046,11699,19856,33184,47007,52353,65240,72191,89564,99541,111010,121724,131893,143617,156993,156993,170720,188052,188997,197472,206975
6047,11633,19843,33086,46673,52298,65087,71998,89265,99206,110741,121540,131780,143231,156313,156313,170226,187444,188242,196954,206644
6048,12040,20490,34223,48860,54139,67434,74943,93299,103385,114483,125114,135477,147210,160871,160871,175061,192244,193379,200909,211299
6049,12033,23246,30453,43124,54076,67311,74830,93140,103426,114397,125130,135400,147129,147129,160763,174976,174976,193005,199658,210755
6050,12232,23647,30962,43812,54835,68022,75360,93772,103885,115213,125129,135790,147573,147573,161021,175381,175381,193256,198843,210700
6051,12211,23689,30933,43574,54776,67903,75247,93520,103571,114725,124971,135311,147045,147045,160760,174967,174967,192422,198625,209717
6052,12310,24104,31242,44655,55366,69670,77753,95840,105591,116045,126231,136800,148876,148876,162638,176552,176552,193409,200201,213605
6053,12385,24094,31317,44791,55357,69637,77636,86080,95896,115931,126400,136845,148955,148955,162658,176640,176640,193608,199899,211968
6054,12171,23570,30521,43510,53923,67865,75124,83578,92446,112034,122027,132442,143868,143868,157623,171147,171147,187693,194425,206056
6055,12132,23571,30500,43720,53934,67577,75112,92608,92608,111954,122089,132259,144007,144007,157487,170885,170885,187634,196019,205527
6056,12015,23279,29880,42946,53274,67521,74994,92196,92196,111630,121657,131659,143624,143624,156697,170533,170533,187101,196042,204969
6057,11984,23236,33869,42826,53082,67279,74682,91985,101242,111412,121212,131314,143156,143156,156292,170061,170061,186618,195980,207018
6058,11982,23036,33586,42256,52531,65953,73443,89967,99507,109217,119228,129119,140852,140852,153651,167093,167093,183876,195031,204100
6059,11871,22943,33721,42246,52395,65964,73469,90010,99206,109212,119113,129061,140655,153693,153693,166954,183752,183752,194480,204642
6060,11824,22908,33588,42233,52457,66542,73988,90938,100057,110472,120534,131067,142907,156154,156154,169885,186720,186720,199129,206568
6061,11845,22869,33489,42146,52291,66519,73935,90796,99991,110213,120107,130600,142131,155774,155774,169588,186474,186474,198727,206527
6062,11680,22278,32579,41137,51583,64958,71708,88350,97668,108844,120841,131442,143404,155978,155978,170019,189540,189540,199065,210731
6063,11664,19823,32677,41224,51569,65003,71589,88372,97969,108988,121040,131450,143358,156161,156161,170347,190025,190025,198771,210964
6064,11450,19575,32441,41024,51267,63723,70797,87860,97528,107946,117974,128023,139517,152753,152753,166385,183129,183129,193694,200314
6065,11432,19569,32320,46174,51207,63722,78836,87820,97752,108067,118147,128069,139642,152928,152928,166304,183200,183200,195237,201383
6066,11523,19746,32488,40869,50633,63362,77820,86378,96165,106466,116526,126369,137418,150846,150846,163689,180535,180535,201320,204108
6067,11450,19686,32479,40677,56813,62994,77557,85940,95828,106044,115970,125804,137200,150314,150314,163734,180004,180453,199890,205369
6068,11563,19506,32427,40805,56966,63229,78104,87113,96695,106751,116764,126412,137756,150226,163718,163718,179935,180462,199243,206600
6069,11568,19484,32349,45929,56922,63125,78139,86857,96604,106871,116567,126539,137549,150151,163598,163598,179777,180404,198977,207737
6070,11314,19210,31703,39873,55483,61566,75585,84336,93628,103497,113268,122789,133766,146424,159587,159587,175709,177177,195674,205766
6071,11324,19128,31680,44740,55355,61474,75661,84183,93358,103334,112962,122556,133239,146026,158902,158902,175111,177754,196610,213567
6072,11343,19290,31772,45240,56157,62029,76874,86055,95388,105506,115052,124737,135806,148249,161338,177599,177599,181028,198355,212329
6073,11344,19298,31776,45122,56198,62144,76921,86250,95539,105618,115084,124827,135898,148270,161557,177464,177464,182193,198317,211506
6074,11241,18971,31145,44053,54695,60557,74425,82966,91791,101816,110980,120411,131514,144001,156796,172495,172495,181862,196403,207059
6075,11221,18961,31145,43927,54706,60483,74508,82861,91990,101865,111168,120575,131382,143929,156719,172517,172517,185630,196839,208046
6076,11195,19028,31335,44748,55493,61419,76182,85308,94811,104845,114067,123532,134234,146653,159809,175306,175306,193626,199001,209684
6077,11159,18965,31244,44743,55237,61315,75839,85142,94489,104497,113969,123162,133877,146115,159062,174690,174690,183825,197841,208178
6078,11242,19134,31451,44926,55366,61757,76944,86052,95255,105105,114594,123947,134670,147246,160102,175518,175518,186398,199012,210735
6079,11252,19069,31388,44933,55312,61805,76868,85968,95230,105039,114280,123811,134691,147127,160190,175525,175525,186737,199463,210548
6080,11378,19256,31941,45403,56253,62648,77814,86773,96281,106042,115287,124657,135723,148438,161131,176898,176898,187939,198302,211927
6081,11347,19229,31887,40326,56142,62546,77602,86599,96026,105714,115047,124331,135223,147819,160823,176523,176523,187300,197643,211004
6082,11581,21947,31993,40773,56839,63171,79016,88246,97781,107875,117301,127250,138095,150565,164073,179953,179953,189545,200488,214578
6083,11502,19359,32046,40862,56890,63205,78787,88221,97818,108014,117641,127080,138017,151041,163998,163998,179772,188258,199201,214840
6084,11218,21477,31257,39621,49188,61249,76027,84793,93879,103530,113038,122123,132890,145263,158082,158082,173237,185515,195251,205660
6085,11201,21490,31208,44342,55020,61309,75989,84795,94008,103552,113315,122133,132926,145415,158155,173391,173391,186194,195931,205729
6086,11354,18943,31632,44574,56023,61908,76604,84484,94903,107410,117206,126598,136933,151317,165689,183433,183433,203610,204795,220202
6087,11306,21462,31510,39607,49620,61699,76275,84261,94564,107115,116742,126182,136804,150542,150542,165222,182949,186462,192104,200359
6088,11257,21577,31720,44770,56205,62242,76157,85506,95599,106086,116039,125882,136862,149043,149043,162175,178346,182601,191733,196701
6089,11262,21553,31731,39511,50017,62127,76004,85384,95555,105985,116046,125744,136772,149072,149072,162004,178137,184653,202237,198971
6090,11232,18921,31795,44924,49740,62122,75999,85659,95473,106561,116565,126517,137376,149687,149687,162897,178832,185492,201065,202883
6091,11254,21572,31519,39305,49800,61892,75712,85329,95016,106408,116336,126139,137092,149413,149413,162556,178499,186134,198886,205026
6092,11302,21749,31843,39667,50016,61929,75879,85210,95095,105764,115866,125715,136615,149183,149183,162173,178456,185872,198782,214352
6093,11317,19237,31854,44968,56067,62014,76031,85194,95339,105959,116000,125654,136778,149145,162144,162144,178562,186364,198915,213088
6094,11509,22241,32841,40932,51804,64317,78268,88439,98573,109777,120369,130348,141673,154519,167419,167419,184518,190330,203217,218915
6095,11512,19551,32833,40991,51692,64347,78421,88258,98586,109831,120587,130476,141863,141863,154422,167334,184470,189399,190340,202968
6096,11789,20080,33644,41889,53142,65965,80758,91168,101553,112831,123545,133637,144922,144922,158011,171653,188672,193833,195659,208218
6097,11744,22827,33575,41836,53067,65754,72613,90660,101368,112474,123151,133246,144556,144556,157545,171187,188068,192975,196580,208309
6098,11980,23435,34327,42922,54546,67611,74761,94372,105048,117032,127920,138122,149797,149797,162981,176787,194404,197502,202162,214489
6099,11948,23336,30299,42908,54486,67655,74795,94177,94177,104892,127636,137926,149708,149708,162975,176942,194313,195938,201034,213771
6100,11926,23299,30435,43876,54202,67628,75953,94604,94604,104428,124721,135265,146896,146896,160372,173955,190945,192358,198467,209004
6101,11901,23256,30407,43745,54032,67577,75638,84447,94319,104239,124509,134834,146492,146492,159677,173461,190486,192241,197843,209014
6102,11854,23274,30408,43780,54104,68144,76358,85643,95296,104837,124383,134267,146114,146114,159483,172607,188932,190113,196647,207632
6103,11864,23232,30424,43703,54066,68146,76389,85587,95368,104849,124629,134434,146162,146162,159567,172844,189031,189954,197214,207624
6104,11565,22669,29650,42776,52626,66527,74732,83182,92467,102051,121561,131100,142646,142646,155638,168477,184737,185129,192924,203604
6105,11557,22716,33144,42695,52654,66582,74737,92589,92589,111808,121299,131268,142531,142531,155615,168626,184414,184627,195344,203541
6106,11630,22561,33247,42482,52372,66093,74076,92261,92261,111191,120570,130232,141533,141533,154129,166730,182717,184290,195608,201418
6107,11570,19871,33079,42362,52202,65822,74034,91833,101328,110835,120130,129649,140943,140943,153363,166599,181960,183748,202239,201857
6108,11487,19690,32721,41697,51679,65066,72514,89461,98525,108665,118486,128328,139663,139663,152520,165195,181275,182611,201369,204683
6109,11411,19681,32692,41634,51616,65009,72422,89363,98570,108532,118203,128252,139532,152518,152518,165238,181214,183051,201225,206111
6110,11570,19820,33181,41650,52259,65826,72891,89778,99538,111276,122727,133163,144728,144728,158173,173948,192605,193666,210820,214569
6111,11599,19758,33042,41582,52076,65596,72824,89431,99469,111192,122602,132844,132844,144441,157929,173343,173343,193353,194592,212193
6112,11534,19798,33209,41830,52611,65485,72656,91211,101277,111944,122070,132056,132056,143235,156059,169381,169381,187390,189353,205412
6113,11554,19857,33207,41807,52695,65581,72796,81055,101426,111969,122174,131977,143441,143441,156097,169617,186058,187356,192763,206126
6114,11575,19847,33281,42070,53035,65661,72714,81408,101448,112630,122684,132683,132683,143716,156703,170065,186668,187145,194073,206380
6115,11520,19879,33328,42132,53008,65754,72809,81327,101682,112687,122927,132740,132740,143969,156710,170002,186724,187326,195716,207761
6116,11607,20125,33641,42426,53837,66698,74079,82727,103341,114572,124599,134711,134711,146176,159324,172884,189907,190483,198621,211398
6117,11557,22936,33611,42260,53745,66485,73785,92650,103094,114118,124081,134319,134319,145682,158814,172545,172545,189901,197977,209072
6118,11651,22689,33314,41938,52854,65593,72604,91084,101012,111637,121854,131875,131875,143077,155925,169328,169328,186193,196868,207122
6119,11546,22592,33346,41927,52861,65712,72742,80923,100681,111563,121814,131624,143194,143194,155986,169329,185829,186555,196804,207204
6120,11381,22475,32672,41149,51904,64365,71547,79490,99309,110050,119822,129473,129473,140558,153555,166481,166481,183640,195716,205567
6121,11398,19494,32626,41159,51691,64376,71320,89313,99112,109580,119545,129278,140123,152789,152789,166087,182030,182921,203254,206426
6122,11456,19447,32654,40744,51595,64077,71129,89151,98676,109325,119458,129259,140122,153078,153078,166060,182513,183243,201229,207849
6123,11511,19471,32661,41069,51701,64347,71238,89011,98889,109474,119533,129384,140249,153243,153243,166371,182735,184185,192233,208063
6124,11370,19346,32133,40429,50993,63131,69849,87234,96834,107052,116604,126226,137344,137344,149962,162609,178869,180432,200299,205411
6125,11326,19314,32094,40475,50868,63146,77866,87241,96801,107129,116541,126157,137347,149876,149876,162540,178863,180870,199512,214873
6126,11271,19238,32251,40699,51192,63549,70137,87791,97100,107482,117458,126926,137666,149912,149912,162518,178686,181333,198224,211710
6127,11238,19171,32170,40489,51168,63473,77990,87314,96996,107151,117044,126435,137247,149551,149551,162263,178184,181971,197822,210082
6128,11503,19699,32997,41399,52216,65071,72010,89990,99736,110394,120471,130295,141382,154333,154333,167739,184175,190465,202029,216226
6129,11487,19619,32953,41392,52168,64909,72106,89820,99598,110398,120271,130182,141273,141273,154375,167371,184065,188840,192616,201664
6130,11562,19740,32681,41106,51815,64358,71247,88768,98337,108772,118929,128774,140044,140044,153038,166242,182575,187250,192796,203123
6131,11535,19683,32585,41093,51718,64285,71168,88443,97965,108602,118411,128277,139535,139535,152545,165735,181918,186830,202639,205484
6132,11557,19882,33366,42110,53217,66321,73291,90996,100968,111709,122386,132686,144189,144189,157652,171472,189012,192174,196967,209847
6133,11588,19865,33505,42211,53126,66336,73341,81282,101164,101164,112076,132718,132718,144367,157688,171425,171425,191898,197792,209468
6134,11600,19986,33171,41849,52786,65968,73284,80664,89728,100216,111344,132010,132010,143731,158020,172306,172306,192670,198879,210547
6135,11611,19970,33255,41930,52584,65990,73336,80714,100110,100110,122183,131948,131948,143713,157946,172245,172245,192452,198606,209540
6136,11698,20274,34111,42809,54300,67901,74618,82710,92584,103547,115590,138002,138002,149626,162968,176642,176642,195185,198998,212618
6137,11672,23110,29949,42713,54174,67772,74447,92355,92355,115098,115098,137579,137579,149065,162557,176353,176353,194468,198527,211541
6138,11858,23336,34274,43099,54581,68236,75216,92776,92776,114814,114814,126016,136915,148849,162013,175536,175536,193311,197701,211051
6139,11871,23337,30302,42938,54617,68136,75039,92615,92615,114898,114898,126147,136788,148779,161799,175565,175565,193096,197635,210959
6140,12039,23628,30635,43833,55252,68882,75956,93377,93377,116101,116101,126893,138036,149854,163049,176698,176698,193983,199190,211900
6141,12070,23554,30623,43660,54989,68870,75606,93072,93072,115745,115745,126898,137656,149280,162648,176418,176418,193330,198633,210927
6142,12231,23959,31081,44234,55823,69968,76889,94895,94895,117676,117676,129068,140126,151998,165399,179336,179336,196629,201217,214112
6143,12234,23921,31072,44230,55880,69891,76961,85098,94996,105966,117974,129235,140288,152123,165480,179163,179163,196639,201136,214232
6144,12227,23914,31071,44154,55635,69303,76412,84232,94057,104478,115821,127483,138104,149839,163382,176744,176744,194315,197335,210792
6145,12237,23893,31096,44107,55690,69463,76326,84275,94223,104427,115937,127208,138085,150004,163363,176925,176925,194504,197399,210464
6146,12103,23771,30947,43903,55328,69136,75800,83565,93103,103811,115339,126213,137101,148460,161604,174944,174944,191789,196494,207850
6147,12036,23632,30880,43933,55194,68699,75722,92850,92850,114973,114973,125963,136810,148058,161146,174129,174129,190947,195992,206942
6148,12237,23986,31340,44269,55723,69708,76730,94399,94399,116824,116824,128253,138994,150769,164095,177893,177893,194833,200727,210925
6149,12174,23981,31177,44118,55788,69675,76655,84532,94453,104988,116807,127909,138968,150828,163932,163932,177792,194850,200212,210942
6150,11954,23515,30520,43201,54490,68043,74841,82632,92200,102549,113854,124921,135556,146859,160130,173079,173079,189752,196443,205709
6151,11991,23372,30307,43081,54378,61189,74660,82276,102191,102191,113548,124365,134943,146497,159834,172763,172763,189590,196509,205419
6152,11735,23046,29853,42420,53479,60194,73363,80965,100163,100163,111122,122010,132401,144140,156849,169819,169819,186163,194298,201229
6153,11715,23097,33885,42508,53475,66770,73454,81048,90322,100373,111121,122174,132307,144302,157027,169756,169756,186036,195581,202033
6154,11740,23058,33810,42739,53572,67120,73760,81515,101127,101127,112416,123360,133950,145393,158426,171747,171747,187985,197141,205055
6155,11795,23112,33827,42686,53595,67009,73889,81560,90841,101163,112607,123398,134099,145395,158522,171690,171690,188207,197750,205832
6156,11796,23096,33998,42360,53246,66662,73522,80754,100026,100026,110983,121576,132474,143720,156500,169918,169918,186098,196677,204502
6157,11728,23157,29892,42251,53247,66528,73255,80682,89899,99626,110656,121277,131933,143162,156248,169323,169323,185764,196994,204325
6158,11867,23346,34127,43024,53872,67539,74559,82316,91364,100662,111641,123431,133926,145811,159052,172969,191377,191377,200207,211309
6159,11813,23378,30420,43024,53870,67497,74443,91217,100638,100638,111714,123245,133863,145701,158972,172983,172983,191355,199365,210679
6160,11909,23401,30415,43279,54179,68575,75368,83143,92340,102302,114172,125779,136743,148976,162291,176105,176105,192861,196054,210508
6161,11917,23253,30431,43287,54050,61510,75295,91973,91973,113969,113969,125334,136573,148564,161902,161902,175650,192515,200550,209779
6162,11914,23526,30750,43527,54539,61641,75394,82831,102282,102282,125223,125223,136131,148113,161568,161568,175234,192184,198757,209231
6163,11918,23517,30640,43634,54543,68488,75330,82945,102133,113818,113818,125185,136197,148143,161683,161683,175327,192163,198468,209211
6164,12141,23720,30828,43775,54471,61714,75524,82839,101937,101937,113307,123949,135187,146949,160427,160427,173672,190306,193654,207123
6165,12077,23685,30888,43677,54471,68545,75458,83059,101952,113474,113474,123959,135069,146914,160366,160366,173725,190405,194962,207261
6166,12216,23891,31224,44309,55250,62627,76438,84166,103695,103695,115553,126668,137612,150062,163647,163647,177222,194715,199544,211599
6167,12186,23892,31289,44080,55090,69180,76259,83939,103338,103338,115094,126175,137341,149556,163231,163231,176826,194042,198330,211101
6168,12218,24170,31347,44513,55686,62801,76703,84456,103457,114882,114882,125931,137082,149238,162954,162954,177104,194197,198959,211165
6169,12184,24135,31384,44389,55624,69551,76607,84370,103321,103321,114655,125818,136962,149072,162841,162841,177005,193856,198570,211160
6170,12438,24514,31914,45291,56792,71212,78269,86018,105986,105986,118022,129176,140433,152872,166944,166944,180670,197886,201571,214991
6171,12389,24453,31890,45322,56693,64073,78088,85892,95391,105647,117720,128735,140007,152628,166252,166252,180389,197177,200456,213939
6172,12770,25375,33112,46909,58640,66153,80938,89210,98870,109822,121875,133758,145709,158686,172682,172682,187090,205020,208474,222066
6173,12825,22297,33100,46922,52401,66514,73704,89204,98694,109833,121898,133804,145677,158783,172945,172945,187432,205124,207830,205529
6174,13056,22701,33680,47709,53567,67482,74767,90121,100031,110817,123440,135277,146996,160107,174276,174276,188380,206625,208254,206964
6175,13054,22635,33675,47664,53430,67396,74684,90176,100002,110889,123379,135130,147165,159881,174223,174223,188507,206703,207373,206930
6176,13278,23079,34074,47987,54212,67719,74756,90674,101259,111957,123768,135327,146106,158314,172528,172528,186763,204906,204906,206077
6177,13253,23004,33892,42763,54000,67400,74654,90549,100988,111739,123520,134760,145839,158139,172013,172013,186222,204402,204402,205474
6178,13464,23239,34596,43423,55310,68720,76149,92470,103342,114362,126642,138263,149331,161814,176097,176097,190669,208541,208541,209303
6179,13460,23211,29900,43527,55230,68702,76116,92332,103331,114451,126608,137945,149272,161775,176000,176000,190561,208336,208336,209048
6180,13393,23079,34396,43075,54319,67937,75131,91149,101616,112001,123959,135599,146581,159314,159314,173329,188014,206208,206208,206464
6181,13481,23113,30041,43029,54250,67707,74982,90866,101334,111863,123722,135158,146488,158923,173148,173148,187481,205915,205915,206358
6182,13226,23043,34135,43155,54579,68444,75951,92487,102603,112881,125362,138038,150165,163348,178306,178306,194296,214680,214680,215562
6183,13250,23037,34174,43237,54549,68463,75943,92514,102608,112927,125358,137980,150188,163440,178185,178185,194320,194320,214983,215177
6184,13304,22933,29779,43149,54388,68551,76370,92627,102942,113933,127044,139358,151775,165140,180146,180146,195489,195489,214453,214453
6185,13256,22895,34070,43155,54451,68629,76205,92649,103077,113653,127009,139457,152008,165210,180413,180413,195478,195478,214548,214548
6186,13319,23220,34414,43607,54955,69448,77151,93507,104187,115450,128154,140812,153116,166445,181488,181488,196761,196761,216028,216028
6187,13278,23190,29931,43491,54857,69272,76959,93431,93431,115155,127672,140323,152582,166125,181006,181006,196153,196153,215574,215574
6188,13194,23079,34226,43388,54767,69214,76761,93201,93201,114987,127596,140037,151969,165235,179940,179940,195214,195214,213761,213761
6189,13203,22996,29970,43465,54701,69082,76709,93035,93035,114830,127515,139988,151945,165211,180011,180011,194920,194920,213622,213622
6190,13368,23412,35027,44378,56159,71042,78975,95560,95560,118612,131986,144876,156980,170414,185079,185079,200490,200490,218920,219417
6191,13375,23390,30466,44314,56042,70931,78767,86401,95450,118303,118303,131660,144401,156556,169936,184653,199962,199962,218448,218448
6192,13343,23466,30420,44515,57073,71065,78758,86727,96483,119999,119999,133441,145361,157125,169946,184781,200542,200542,219402,219684
6193,13454,23478,30611,44465,56992,71047,78724,86786,96387,108607,120167,133389,145221,157048,169798,185069,200498,200498,219488,219488
6194,13246,23336,30097,43987,56497,70380,77670,85779,95554,106938,118603,131181,143068,154497,167020,181441,196837,196837,215160,215469
6195,13194,23308,34993,43974,56417,70371,77649,85613,95585,106994,118746,131375,143216,154363,167018,181394,196809,196809,215218,215426
6196,12941,22406,29141,42251,54069,67165,74121,81765,90731,102135,112685,125037,135833,146686,158807,172669,186954,186954,204402,204635
6197,12843,22283,33611,47209,54098,66910,73972,90467,101746,112147,124733,135425,146098,158278,158278,171978,186284,203906,203906,204550
6198,12711,21985,32790,46749,52428,64644,71478,88790,98870,109074,119965,129899,140218,151707,151707,164911,178898,195093,195093,196080
6199,12658,22056,32767,46659,52337,64618,71414,88526,98851,109069,119805,129925,140058,151386,151386,164921,178641,194811,194811,196187
6200,12160,21217,31498,44848,50660,62490,69156,85500,95448,105491,116662,126461,136470,147633,147633,160654,174235,190223,190223,190905
6201,12096,23782,31425,44640,55821,62426,76327,85392,95279,105228,116279,126235,136070,147249,147249,160048,173821,189846,189846,205931
6202,11852,23109,30095,42855,53259,59484,72823,81076,90185,99533,109706,119182,128636,139676,139676,151873,164655,180043,180043,196748
6203,11913,23197,30122,37789,53241,59515,72774,81018,90395,99461,109828,119251,128700,139810,152241,152241,164910,180249,180249,196583
6204,11747,22860,29713,36926,52113,58242,71209,79164,88612,97774,108152,117554,127077,137792,150221,150221,162910,178276,178276,194321
6205,11707,22773,33264,41823,47015,58129,71219,79312,88542,97644,108016,117565,127035,137722,150261,162853,162853,178438,178438,194737
6206,11704,22499,32978,41321,51551,58404,71861,79463,87595,96899,108912,119559,129455,140388,153729,168490,168490,186446,186446,205692
6207,11616,17303,32914,41256,46336,58285,71796,79247,87291,96589,108731,119101,129153,140094,153278,168015,168015,186026,186026,205317
6208,11282,16779,32055,40078,45074,56685,69136,76420,85601,94886,105702,115866,125721,136568,148664,161555,161555,176935,176935,195178
6209,11256,16819,32004,40113,50349,62909,69285,76494,85470,105685,105685,116006,125675,136595,148887,161523,177198,177198,177198,197690
6210,11050,16522,31474,39172,49671,55795,67838,74969,83911,93258,103741,113640,122933,133849,145484,158163,173640,173640,173640,196837
6211,11010,16469,31352,39015,49603,55746,67674,74813,83577,93038,113422,113422,122641,133464,144958,157553,173085,173085,173067,210829
6212,10885,16281,31045,38683,48800,54748,66816,73706,82638,91800,102123,112168,121502,131968,144012,156385,171780,171780,186290,210029
6213,10843,16314,31114,38778,48770,54838,66916,73772,91956,91956,112151,121887,121887,132311,144304,156776,171970,171970,186255,209495
6214,10582,16003,30078,37488,47196,52839,64598,71540,88250,88250,107638,107638,116636,126909,138805,150918,165172,165172,180257,203006
6215,10576,18198,30030,37504,52841,58716,71430,79469,88304,98119,107772,107772,127072,138708,150776,150776,165117,165117,180743,204185
6216,10578,17875,26479,37101,52334,58194,70639,78714,87249,97137,106438,115454,125546,136878,148643,148643,163365,163365,179252,204063
6217,10561,17840,26384,41796,52338,57978,70303,70303,87060,96951,106199,115182,125382,136740,148325,163121,163121,163121,179521,214770
6218,10667,18155,26843,42575,53371,59075,71978,80506,89480,99460,109082,118525,128952,140340,152572,167673,167673,167673,185762,220454
6219,10689,18141,30258,42503,47407,58849,71984,80483,89404,99602,108807,118349,128818,140445,152544,152544,167388,167388,186032,219635
6220,10693,18148,29953,37424,46837,58333,71147,79186,87992,97718,106701,116068,126082,137654,149222,164107,164107,164107,183837,214717
6221,10705,18111,26541,41828,52613,58063,70760,78920,87613,97230,106522,115536,125716,137212,148976,163862,163862,163862,184833,212934
6222,10561,18084,26445,42107,52250,57806,71353,79814,88465,97771,106810,115680,125665,136919,148709,163245,163245,163245,199520,211654
6223,10646,18168,26561,42091,52307,57895,71418,79819,88473,97775,106888,115547,125708,136972,148527,163450,163450,163450,199642,211370
6224,10381,17683,25844,41034,51042,56345,68813,77083,85345,94625,103111,111530,120895,132015,143394,157648,157648,157648,194158,204618
6225,10350,17710,28994,40882,51121,56244,68937,68937,85188,94471,103102,111347,131897,143548,157610,157610,157610,170286,194964,208747
6226,10329,17705,28999,41058,50948,56262,69067,69067,85836,95355,103748,112280,132637,144107,158104,158104,158104,171191,197209,204786
6227,10288,17643,28954,41083,50718,56005,68989,68989,85460,94907,103462,112052,132069,143412,157530,157530,157530,170499,196721,206562
6228,10403,17387,28661,40299,50035,55391,67654,67654,83761,92783,101374,109682,129796,140811,154731,154731,154731,167569,196026,201788
6229,10379,19722,28715,35654,44626,55260,67545,75720,83720,92656,101354,119094,129781,140853,154709,167237,154709,167579,196878,204473
6230,10240,19739,28652,36073,45192,56556,69458,76909,86265,95974,104979,123606,135734,149071,165277,165277,165277,180552,205389,216629
6231,10220,19761,28580,36060,50629,56320,68980,76714,86015,95753,104783,123336,135520,148476,148476,165079,165079,180271,204124,215565
6232,10118,19419,28162,35345,50073,55617,67824,75700,84125,93680,103223,121872,133215,144831,144831,159251,159251,176149,198335,209145
6233,10098,19443,28304,35491,44478,55741,67967,76036,84265,93855,103423,122284,133479,144877,144877,159369,159369,178333,198823,210068
6234,10077,19467,28286,35448,44652,55778,68245,76267,84782,94502,103755,122614,133745,145306,145306,159727,159727,177575,196811,207870
6235,10068,19346,28389,35443,44644,55894,68091,76071,84661,94478,103806,122588,133807,145469,145469,160008,160008,177868,196942,207770
6236,9964,19328,27972,35318,44152,55185,67319,74986,83599,92795,102095,120601,131859,143250,143250,157677,157677,175828,195529,205473
6237,9977,19358,28008,35144,43984,55172,67335,74787,83280,92647,110713,120521,131393,142793,157495,157495,157495,176034,195681,206890
6238,10180,19450,28424,35524,44718,55947,68300,76367,85005,94482,112969,122997,133962,145584,160137,160137,160137,181535,199286,209917
6239,10128,19301,28346,35549,44820,55884,68197,76302,85012,94363,112699,122749,133886,145518,160224,160224,160224,182037,199185,209739
6240,10154,19447,28390,35355,49939,55384,67685,75256,83764,93282,111267,121101,132619,143997,158170,158170,158170,182282,198628,207646
6241,10125,19303,28321,35200,44265,55340,67465,75274,83659,92935,111045,120798,131772,143594,157722,157722,157722,183344,197038,208467
6242,10319,19851,28956,40762,45693,56575,69197,77539,86242,96284,114510,124632,135900,147528,162388,162388,162388,186596,202308,211776
6243,10321,19891,29001,36185,51404,56642,69331,77635,86410,96464,114549,124631,135973,147533,147533,162467,162467,186874,200983,212203
6244,10473,17572,28949,36246,51415,56533,68906,76956,85336,95098,113255,123094,134115,145468,145468,160016,160016,185918,197858,209844
6245,10411,19872,29096,40892,51388,56613,69017,77035,85493,95131,113092,122875,134091,145642,145642,160177,160177,185834,198040,209561
6246,10634,20410,29733,41880,52777,58334,70957,79617,89002,99049,117679,127554,139146,150323,150323,165183,165183,188913,205227,214855
6247,10595,17961,29642,41637,52397,58212,70795,79335,88609,98776,107915,117238,127203,138569,149980,164865,164865,189034,202966,214079
6248,10758,18392,30163,42358,53200,58924,71371,80134,88719,98288,108028,116990,126865,137964,149771,164712,164712,189046,200705,213458
6249,10801,20756,30169,42324,53165,58779,71422,79874,88675,98211,107987,116836,126838,138110,149632,164530,164530,188748,200603,213103
6250,10866,21070,30467,42935,53447,58908,72276,81091,89843,99469,108437,117150,126995,138425,150033,164782,164782,188941,199322,212307
6251,10923,18398,30363,42859,47552,58735,72002,80903,89423,99105,108231,116783,126699,138034,149622,164100,164100,188137,199105,211544
6252,10794,20855,30181,42796,47499,58865,73069,81602,90493,99763,108857,117585,127866,139238,151440,166007,166007,189186,201970,213016
6253,10844,20884,30251,42792,47628,59030,73153,81832,90532,100098,108822,117548,127743,139367,151383,166267,166267,190380,200516,213490
6254,11053,21115,30523,42985,47907,59804,73218,81066,90398,100961,110475,119482,130185,143436,156669,174408,174408,197007,209717,221967
6255,11009,18617,30600,43003,47940,59833,73191,81107,90442,100898,110557,119554,130136,143512,156933,156933,174461,196188,194579,206941
6256,11187,19192,31740,44636,49871,61694,75259,84309,93816,104101,114298,123771,134180,145958,157997,157997,173762,194221,193504,205905
6257,11147,19109,31614,39484,49844,61793,75178,84240,93688,103887,114088,123215,133941,145672,157931,157931,173232,180368,193779,206048
6258,11653,19580,32517,40519,51047,63165,77601,86990,96197,106580,116289,125883,136376,149115,161298,161298,177046,185646,197556,209796
6259,11692,19625,32477,40476,51086,63240,69753,86851,96096,106599,116157,125666,136439,148804,161348,161348,176812,185693,197836,209217
6260,11929,20446,33741,42293,53095,65541,80781,90560,100110,110755,120721,130173,140932,153269,166013,166013,182096,191204,203572,214582
6261,11991,23070,33830,42252,52928,65435,72342,80524,99986,110642,120191,129729,140672,140672,152800,165811,181743,190566,202194,213858
6262,12344,23865,34712,43469,54467,67508,74554,83084,102846,113733,123714,133506,144715,144715,157675,170887,187081,196159,207541,220095
6263,12330,23866,31105,43580,54422,67646,74655,92918,102803,113763,123646,133553,133553,144648,157671,170822,187450,194809,193678,203739
6264,12894,24699,32184,44932,56036,69002,76122,94549,104449,115527,115527,135390,135390,146802,159610,173165,190105,196516,196720,206227
6265,12901,24788,32241,44989,56078,69056,76145,94547,94547,115465,115465,126006,135550,146974,159668,173027,189993,196322,197399,206273
6266,12922,21781,32320,44995,56035,69092,76477,94755,94755,115672,115672,125788,135428,146514,159345,172469,189470,194690,198512,205779
6267,12924,24651,32155,44933,55965,68791,76205,84419,94543,115284,115284,125360,135012,146264,159108,172202,188774,193813,197358,205303
6268,12749,24636,31977,44554,55424,68136,75123,83621,93114,113790,113790,123250,133081,143851,156684,169662,185326,189917,194649,202513
6269,12786,24548,32008,44517,55388,61834,75116,93151,93151,102717,123318,132965,132965,143817,156285,169466,185378,189585,195407,203402
6270,12897,24723,31883,44632,55449,67962,75035,92867,92867,113070,113070,132349,132349,143373,155995,168990,185085,190787,195974,203338
6271,12858,24662,31866,44541,55318,61624,74899,92606,92606,102369,122582,132087,132087,142878,155727,168487,184463,189967,195416,203720
6272,12620,24238,31149,43503,54300,60384,73322,91114,91114,111060,111060,129694,129694,140011,151952,164650,179709,185613,190584,200043
6273,12665,24137,31340,43644,54399,60455,73505,81490,100657,111066,111066,129708,129708,140197,152270,164481,179733,184768,191904,201161
6274,12572,23693,30554,42432,52512,58475,71160,78816,96778,106731,106731,125426,125426,136090,147920,160562,175683,179856,189885,198212
6275,12588,23707,30628,42428,52493,64535,71084,87538,96624,106869,116391,125456,136144,136144,148000,160629,175611,182774,204200,211661
6276,12578,23877,30579,42536,52828,64732,71651,88229,97173,107613,117016,126228,136796,136796,149103,161591,176498,183788,203690,213529
6277,12513,23726,30541,42374,52651,64660,71338,78915,97046,107278,116662,126011,136278,136278,148577,161130,176021,184597,202070,212937
6278,12802,24137,31071,43172,53723,67382,73922,90882,100668,111056,121367,131495,143468,143468,157913,173146,190360,198674,215716,225658
6279,21558,33551,39353,51222,60508,70546,77136,86678,101991,112538,121153,130317,133060,143070,155146,155543,171856,173438,184571,186156
6280,12908,27181,37905,50745,61601,72790,80189,102123,108965,119530,139121,139121,152613,163339,177228,178156,195125,196151,210036,213785
6281,12465,23050,35724,48798,59732,72798,89647,98901,108026,119148,135983,140390,152357,165290,177791,192524,192890,196786,212115,227548
6282,12536,21904,34296,48297,59719,72408,87621,96979,106975,117934,133311,136295,150186,160289,176163,191890,192640,195478,211496,227569
6283,12404,21279,32729,45115,58280,70629,77188,94514,103724,114292,130061,132984,144164,154072,166443,185795,200424,189808,204383,221653
6284,12353,20953,36160,44233,56245,69358,77206,93386,102673,112747,129403,131738,142203,153093,165752,183060,186001,190007,203663,217619
6285,12064,20514,30224,42411,54209,66719,81579,89590,100021,110307,126438,129727,138294,149231,160666,176542,192745,186041,199083,209844
6286,12072,23473,34466,42199,53596,65179,79795,88648,98983,109078,125748,128483,138091,148842,160630,175443,177864,185765,198384,208773
6287,11628,19204,31971,40186,50868,61541,75329,83456,93512,104082,120835,123033,132702,143044,153709,167529,169479,178433,189606,200962
6288,11572,22044,31922,45791,50909,68117,74522,83478,93493,113250,120695,131935,143097,155599,168356,167524,172503,193185,192270,203918
6289,11181,21289,31172,44187,56218,65805,73127,82703,93456,112054,119564,130156,140971,151832,166162,166162,168279,189309,188961,201540
6290,11170,21301,31103,48714,55119,65680,73012,82551,102993,111414,119390,129309,140363,151363,165534,165534,168485,188115,190677,215680
6291,10669,20368,29800,42066,52457,63551,70336,89327,89677,107912,116239,125894,136253,147724,161438,161794,167454,184653,198490,209447
6292,10613,20459,30016,46795,52496,63644,71027,89297,99577,107963,116225,126178,147500,147500,161308,162206,170326,184648,201631,209293
6293,10185,19364,28700,44422,49671,60265,68204,84490,93546,102285,110220,119569,140120,140333,153663,154646,163006,177222,192506,199362
6294,10151,21824,32410,44371,49973,66797,77286,84451,93438,110270,118948,129659,140026,154558,153753,155569,174559,181012,193082,200821
6295,9803,20665,30417,41994,48026,63433,72467,80326,89272,105565,114436,124716,134763,149463,148148,151330,166813,187495,187319,194947
6296,9725,20570,30590,41778,53414,63215,72183,89081,89614,105345,113947,124564,147659,147863,147863,151524,168034,197144,199571,211916
6297,9188,22001,29053,38970,49774,59196,67682,82937,91090,98249,106888,127592,139150,139823,140368,144205,165054,186483,191945,199534
6298,9184,21951,32776,43762,50318,66690,75519,82900,98607,106801,116240,127249,138840,140123,152006,156991,177542,186228,203657,216746
6299,9133,22075,32994,44099,51289,67409,76165,83947,100536,109501,120955,133351,146829,147340,160706,178192,193062,193253,211689,224771
6300,9084,22027,32365,43999,51386,67323,76060,83497,100026,109194,120882,132226,146193,146975,148402,164124,178496,192227,209217,208058
6301,9238,22396,32550,45065,52095,68138,77206,85885,102236,111289,120922,131598,144177,145234,146752,162216,176476,189950,206898,206493
6302,9262,22505,32214,40025,51905,60664,76854,85976,94570,111211,121000,131596,144147,145641,146728,162960,176934,190124,188956,206917
6303,9109,19367,31058,38927,50829,59288,74414,82896,91159,107894,117644,128135,140883,142702,145042,160186,172948,185219,185790,202570
6304,9078,22084,31174,44335,51125,66404,74294,82826,91314,107936,117742,128509,140740,143007,145566,161990,174048,185542,203574,203479
6305,9029,21818,30720,43190,50842,65726,73496,81677,89458,105093,114822,124714,137271,139273,142047,160412,171973,182680,197801,197753
6306,8958,21709,31049,43156,54921,65477,73149,89103,96501,104668,114261,124194,136731,138714,152299,170411,184801,184801,197295,213277
6307,9023,21679,31069,43138,53926,65398,73201,89104,96555,104935,114378,124697,137348,139312,154501,169444,180885,183785,197801,213838
6308,8982,21718,30991,43098,53669,65256,73129,88985,96514,104767,114550,124445,137150,138932,154716,168551,180041,184766,197961,213732
6309,9035,21801,31223,43283,53922,65998,73722,90046,97419,106170,115802,125699,138718,141148,155258,168769,180809,186725,199289,199289
6310,9540,21720,31179,43202,53686,65690,73506,81587,97140,105792,115427,125568,138005,140943,155144,167996,180354,186890,198687,215837
6311,10155,21395,30339,42092,52415,63812,71003,78754,94083,102492,112062,121658,134166,136907,152193,162924,175181,183395,192854,192854
6312,10192,18796,30687,42137,52493,63715,70971,86773,94180,102547,121903,134970,134299,137169,152882,164084,175494,186118,193042,210096
6313,10531,21715,31428,42900,53327,64860,72539,88072,95206,103827,123545,135921,135921,138835,153696,166564,177536,186292,194051,211810
6314,10522,21720,31420,42860,53341,64934,72423,88345,95371,103968,123485,135926,135926,139047,157067,166581,177817,186790,195230,211683
6315,10433,21919,31743,43219,53438,65609,72981,88642,96009,104454,123991,136628,136628,139716,155447,167071,178305,187860,196895,212297
6316,10408,19117,31707,43029,52729,65461,72847,88392,95634,104248,123571,136154,136154,142164,155345,166649,177932,187429,196379,212042
6317,10605,22455,32356,44665,54903,68035,75675,92205,99764,108443,129345,142297,142297,145700,159083,172000,185164,189895,203039,202541
6318,10663,19533,31989,44702,49447,60503,75667,83944,99747,108701,118542,129065,142438,145716,158829,170978,185238,189124,203089,203089
6319,10504,23101,32846,46335,51927,63310,78884,87510,104466,114484,126516,138133,153200,156013,169262,182986,197236,197422,214096,214096
6320,10550,20006,29106,40850,51865,63146,70367,87326,95616,103964,126093,137731,137731,155359,155359,168802,182437,183643,196381,213831
6321,10721,20888,30621,42739,54445,66886,74584,93119,103260,113561,137595,151681,151681,171835,171835,187146,187146,204264,222221,245730
6322,10536,20926,30868,42781,54376,60131,74577,83963,93437,113669,124730,137792,151807,153604,171872,171872,171872,187465,204246,204246
6323,10599,21221,31521,43571,49433,61380,76398,85350,95044,114163,125583,125583,152578,154029,171551,171551,171551,188569,203328,203328
6324,10593,18795,31492,43630,49437,61367,76485,85335,95060,114043,125552,125552,152550,154182,171588,171588,172843,188543,203560,203560
6325,10832,21913,32548,44747,51015,62803,78088,87146,96726,116194,127641,127641,155443,156954,174900,174900,174900,192529,207287,207540
6326,10469,19314,31636,39978,51444,62740,77897,86821,96354,105901,127463,127463,154817,156514,173514,173514,174341,191942,206550,207064
6327,10490,22044,32103,40477,51714,63277,70011,86255,95392,105889,127568,127568,153054,154664,170036,170951,170951,187778,200943,201903
6328,10448,19493,31997,40393,51633,63274,70101,85877,95668,105669,127529,127529,139934,154631,169803,170733,171050,187539,201254,202349
6329,10415,22000,28507,40593,52205,63786,78748,87288,97162,107479,129847,129847,155986,157683,172179,173981,174447,191172,205820,206456
6330,10384,21986,29123,40478,52069,63444,70458,86963,96932,107210,117896,129597,155406,157318,170856,172944,174045,190793,205277,206425
6331,10556,19507,33121,40432,51969,63119,77789,85962,95584,105737,127962,127962,153469,153469,169184,171647,173195,187212,202952,203769
6332,10545,22142,32749,40533,52099,63200,69918,86245,95717,105838,115926,127729,140518,153444,169355,171664,173466,187387,202491,203809
6333,10388,19725,32306,41168,52620,64196,70642,86784,97048,107242,128798,128798,153063,153063,168181,169575,171494,186973,200518,203187
6334,10572,19684,32356,45695,52695,64101,78114,86688,97030,107344,117382,128802,140951,152989,168470,169487,172295,186954,199892,203508
6335,10540,20188,29614,41776,53633,65198,71911,88626,98654,109543,131208,131208,155886,155886,172002,172900,176255,191131,203013,207695
6336,10443,20155,29612,46253,52874,64958,79439,88386,98346,109142,119141,130906,155503,155503,171205,171863,176786,190573,203344,207868
6337,10500,20195,29836,46307,52364,64761,79152,87736,97990,107909,118212,129281,141494,153506,169007,169355,173802,187095,199560,204798
6338,10483,20143,30595,46306,52409,64597,78847,87453,97936,107915,117963,129250,141396,153304,168881,169258,175529,187039,199282,205637
6339,10686,20576,31168,47086,53694,65308,80548,89128,99550,109936,119628,130805,142765,155160,170711,171106,176241,187778,201103,206399
6340,10699,20580,31168,46973,53263,65362,80062,88910,99228,109562,119377,130532,142409,155065,169962,170522,175886,187413,200520,208435
6341,10440,20391,31035,46550,53108,65282,79643,89027,99741,110115,120456,131421,143276,155683,171056,171056,177415,188181,201111,207594
6342,10528,20311,31168,46501,53158,65298,79834,88969,99816,110272,120463,131395,143232,155517,171071,171071,177597,188545,201261,207693
6343,10544,20282,30572,46234,52607,64637,78763,87827,97825,108138,117710,129253,140896,152930,168353,168353,174279,184685,198502,203952
6344,10501,20246,31030,46356,52626,64419,71068,87877,97874,108185,118045,129078,140895,153158,168406,168406,174954,185472,198751,205810
6345,10658,20516,31544,47594,53511,66187,81384,90385,100804,111184,121423,133299,147362,160680,178354,178354,184033,197094,213226,217791
6346,10649,20509,31563,47303,53520,66059,72735,90074,100485,110790,121372,133059,146930,160110,177882,177882,182847,180605,194294,216922
6347,10781,20697,31651,47851,53821,66912,73890,90236,100858,111203,122069,134143,147246,159654,175546,175546,180222,178566,190292,210328
6348,10747,20705,31671,47986,53810,66854,73662,90279,100945,111185,122297,133969,147149,159652,175340,175340,179850,179730,190510,210624
6349,10609,20429,30969,46706,52736,65219,71753,87852,97976,108200,118450,130157,142725,155574,170653,170653,174998,176208,184876,205339
6350,10626,20332,30820,46589,52491,65008,79335,87649,97710,107938,118354,129729,142154,154831,170215,170215,175240,178335,184578,205264
6351,10608,20219,31112,46147,51599,64211,78342,86764,96808,106201,116851,127942,140491,152064,167241,167241,173265,179873,182032,201615
6352,10607,20294,31253,46147,51765,64321,70781,86733,96616,106510,116792,127993,140583,152412,167348,167348,173444,189052,198162,202722
6353,10614,20530,31427,46232,52084,64731,79284,79284,97569,108089,118149,129527,142019,154166,169600,169600,176902,190334,200473,205582
6354,10587,20421,31322,46357,52122,64766,79209,87567,97679,107950,118128,129364,141979,154095,169692,169692,176389,190289,200072,206677
6355,10859,20470,31246,46024,51755,64024,77962,77962,95972,105548,115593,126809,139055,150875,166398,166398,173881,186339,196965,205068
6356,10850,20505,31254,45888,51797,63903,70175,85958,95873,105468,115363,126348,138374,150577,165715,165715,174181,186793,196137,206373
6357,10698,20274,31031,41586,51920,64322,78590,86966,96926,107210,117486,128512,141034,153393,168856,168856,177626,190307,199254,209975
6358,10627,20316,31063,46046,52001,64372,70675,78278,96967,107244,117343,128630,140810,153227,153227,168759,176575,188540,199328,209500
6359,10717,20293,30896,45443,51215,63094,76972,85465,95398,104906,114584,125521,137882,149708,149708,164838,175106,185686,194412,207838
6360,10637,20229,34232,40940,51095,63122,69272,85260,94961,104770,114342,124942,137363,149304,164190,164190,175101,186127,194454,208090
6361,10538,22823,33070,45642,51551,62948,69161,85566,95568,105137,114607,124804,136125,147896,162500,162500,176135,185691,192285,214994
6362,10556,22726,32769,40974,51498,62957,69180,85602,95681,105172,114522,124846,136347,147939,162674,162674,176182,186023,192266,213727
6363,10491,20067,32503,45218,51296,63162,69305,85772,96086,105641,115538,126116,137531,149282,163963,163963,177092,188325,194388,214241
6364,10492,20039,28934,40823,51311,63077,69352,85869,96010,105612,115550,126081,137611,149141,164328,164328,176825,188528,194940,214374
6365,10456,19929,28893,40751,51475,63002,69528,86665,96558,106280,116222,126705,138117,150257,165870,165870,178081,189738,196812,214785
6366,10429,19796,29382,40609,51210,62776,69248,76985,96339,106141,115777,126510,137847,149946,165307,165307,177402,188496,196370,213563
6367,10414,22341,33252,40287,50745,62001,68452,76407,95499,104768,114205,124945,136508,148311,163454,163454,177053,187085,195001,212506
6368,10475,22316,32618,40132,50805,62011,68434,85413,95146,104722,114203,124765,136353,148120,163105,163105,176937,187229,194941,212297
6369,10251,21999,31569,39723,49757,61015,67719,83414,92868,102593,111834,122473,135417,148162,164060,164060,177181,188340,196485,213823
6370,10290,21919,31406,39731,49543,60991,75004,83227,92589,102274,111539,122080,134886,147658,147658,163407,176845,187374,196215,212906
6371,10116,21713,31336,39458,50112,61107,74875,83088,93049,102527,112122,122812,134431,145996,160351,160351,174047,185987,191001,207721
6372,10129,21886,31354,39516,50534,61189,74814,83061,92712,102531,112291,123064,134543,146143,160413,160413,185608,186328,191993,208350
6373,10068,21544,31064,39277,50264,60945,67235,82907,92899,102758,112254,123053,134696,146145,160477,160477,182878,187264,191627,207936
6374,10071,21591,31116,39151,50359,60968,74468,82917,92752,102639,112388,122899,134461,146164,160496,160496,181119,187576,192231,207848
6375,9943,21362,30505,38415,49170,59528,72674,80933,90399,99461,108928,119267,130554,142095,156249,156249,175577,183053,188845,203662
6376,9940,21232,30564,38320,54922,59452,72499,80667,90086,108543,108543,118962,130193,141506,155917,156755,175355,184158,189590,202778
6377,10165,21704,31794,39314,56263,61163,74683,83115,92862,112375,112375,122834,134475,145584,160080,160972,180487,197786,194891,209864
6378,10128,21635,31164,39386,50410,60939,74795,83008,92813,102537,111990,122571,134090,145587,159964,160755,178653,184814,194741,209561
6379,10153,21799,31613,39336,50185,60713,74367,82721,92531,101801,111281,122147,133358,144750,159046,159795,177804,184817,193954,210290
6380,10169,21742,31170,39231,50064,60483,66859,82333,92101,101411,110931,121529,132491,144417,158632,159583,176826,184532,194184,209572
6381,10333,21792,31237,39575,50380,60666,74142,82327,92061,101487,110977,121240,132391,143792,157831,159656,176415,194189,192526,206046
6382,10376,19409,31214,39459,50301,60689,74157,82537,92054,101477,110863,121283,132509,143807,158050,160432,176391,182882,193441,206385
6383,10274,21841,31445,39507,51362,61205,74810,83732,93562,102951,112422,122559,133676,145562,159809,161498,178636,185764,196437,208950
6384,10192,21844,31458,39387,51331,61019,74886,83602,93550,102919,112420,122653,133685,145383,159715,161531,178656,186715,196994,208956
6385,10095,18935,30822,38478,55438,59828,65959,81678,90986,100565,109744,119837,130792,142449,156742,158856,175158,184436,192849,205681
6386,10105,21470,30653,38383,55276,59698,73003,81312,90927,100299,109228,119471,130427,141909,155980,157040,174151,192515,194968,204605
6387,10043,21214,30880,42574,53980,58541,72050,80482,89696,98416,106768,116177,126840,138074,151736,154381,170821,181068,194943,198287
6388,10014,21145,30797,42563,53973,64110,71914,80358,89550,106532,116193,126825,137763,151643,151643,153965,172086,190093,201829,199273
6389,9838,18421,30520,41659,52981,63311,71243,79233,88119,105570,115158,125567,136324,150191,150191,152611,172995,187199,200140,199264
6390,10168,20702,30683,41577,52875,63123,71037,79025,87999,105012,114892,124934,135843,149689,149689,154435,174503,187270,200395,201231
6391,9962,20079,29965,40358,51230,61255,68580,76614,85182,102273,111517,121527,132361,145955,145955,154027,173721,185732,195568,206423
6392,10193,20082,30274,40440,51275,61250,68754,85296,93690,102144,111424,121684,132335,145998,145998,166965,181621,195851,196002,212801
6393,10498,20408,30940,41064,52622,63525,70341,87649,96383,105130,116664,128165,139984,154152,167709,174838,191072,206857,208673,225518
6394,10272,20404,30966,41082,52628,63316,70568,87591,96309,105238,116377,128113,139961,154188,154188,161751,174740,189837,192713,207804
6395,10469,20519,31500,41788,54251,64863,72318,91445,101093,110549,120551,131583,142802,156705,156705,164091,176998,176739,193693,206814
6396,10461,20478,31383,41720,53552,64615,72098,80765,91184,110044,120148,131154,142316,142316,156472,164265,176608,177658,194747,206424
6397,10521,20736,31766,41924,53286,64630,72146,80945,90415,109498,119976,130845,142377,142377,156434,165882,177250,180507,199878,207249
6398,10369,20654,31601,41926,53302,64654,72073,80913,90319,109553,120150,130792,142226,142226,156418,165680,177331,192814,195487,207706
6399,10484,21033,32314,43069,54957,66325,74117,83228,93916,113567,123606,134537,145484,145484,159529,168843,179806,182828,202370,210246
6400,10469,21029,31974,42832,49308,60196,74000,82814,93633,103471,113308,123190,133996,145178,159157,168021,178606,184305,200016,209540
6401,10300,20577,30742,41541,47900,58487,71704,80658,90264,100042,109416,119377,129834,140885,154480,165064,174654,189533,193745,205066
6402,10485,20590,31034,41699,48421,64551,71641,80642,90398,100381,109357,119566,130095,140931,154725,165304,175390,192314,193917,206308
6403,10212,20343,30941,41536,53576,63954,71403,80339,90792,100527,109581,119499,129910,140462,154394,164622,174900,191298,200826,207521
6404,10419,20313,30871,41448,53561,64013,71513,80478,90873,100595,109657,119421,129789,140558,154668,165181,174346,190856,207858,207511
6405,10287,19851,30219,40279,52085,61851,69262,77593,86757,96724,105250,114816,125210,135762,149321,162521,171670,185091,198640,202659
6406,10273,22652,30330,40035,51817,61749,68873,86721,86721,105014,114766,124733,135558,148637,161465,171163,172984,185619,198139,214061
6407,10322,19823,30850,40543,52835,62844,70061,89171,89171,107162,116663,126657,137230,150547,150547,171524,176084,187674,199401,214497
6408,10408,22791,30862,40447,52426,62668,69875,78778,89034,106921,116455,126558,137091,150631,150631,170905,177392,187449,200133,212540
6409,10252,19375,30062,39078,50236,60251,67036,75117,84145,102119,111593,121562,131791,145211,145211,163458,173839,181062,193157,207507
6410,10271,22214,33924,38945,50438,60065,74999,83911,93192,101754,111012,121129,131202,144841,157201,165673,181307,184557,193873,206623
6411,10550,22685,33679,40286,51497,61608,77846,87392,96708,104750,114191,124363,134816,148180,148180,170038,183437,197379,197892,211093
6412,10424,19870,33239,40299,51532,61629,68951,87723,96813,104923,114213,124297,134675,148162,161112,166966,181762,194861,197862,211032
6413,10505,22813,32583,40271,51441,61449,68978,87195,96288,105110,114119,124079,134768,148734,148734,166024,180740,194925,198382,211458
6414,10479,20015,32055,40273,51554,61388,68902,86977,96421,104806,114168,124286,134820,148698,161465,166273,180779,194816,198648,211631
6415,10605,19979,32165,40722,52028,62395,70416,88567,97629,105909,115265,125878,136834,150918,150918,169373,182573,196044,200705,213808
6416,10571,19939,28613,40578,51801,62315,70270,78912,97189,105368,115102,125473,136272,150136,150136,168277,168277,181624,198643,214170
6417,10258,19703,28710,39821,51648,62650,70462,78819,87596,106663,117781,129392,140722,155930,155930,174866,176205,192657,211739,227055
6418,10362,22456,32887,39732,51553,62611,70501,78909,97037,106717,118004,129250,140375,140375,156112,162001,175448,174279,193784,208266
6419,10303,22098,32047,39429,51711,61669,69047,77808,97528,106936,116576,127247,138341,138341,152129,157481,171791,171557,186526,197882
6420,10242,22037,31849,39243,51449,61457,77477,87855,87855,106841,116236,126993,137616,151620,151620,159526,171637,176831,189029,197694
6421,10024,21502,30528,38249,50143,60049,66782,84696,94216,103110,112818,122971,133912,147148,147148,160598,171880,185171,190366,193516
6422,10301,21424,30961,44017,50539,59943,75272,84883,94507,103161,112763,123110,133934,147273,160191,169425,180427,185452,200323,211117
6423,10321,21770,32025,39429,52447,69385,78596,89065,98821,108538,118189,128710,139416,153373,153373,173191,187185,191724,203215,217818
6424,10594,21831,31601,39379,52182,61954,69358,78537,89151,108389,118183,128697,139375,153589,153589,161796,173496,190402,203087,217696
6425,10506,19433,32238,40693,53886,64324,81797,92748,92748,112962,122955,133739,144988,159027,159027,167032,178041,193781,209205,224338
6426,10455,22182,32063,40562,53580,64102,71851,81631,92407,102441,112392,122255,133458,144599,158576,166472,177429,180018,192566,205935
6427,10739,19796,32435,41037,53378,63498,70962,79957,90163,99707,109067,118929,129375,140603,154347,164737,173543,181663,188783,201730
6428,10459,22568,28806,40886,53325,63314,70887,79707,90237,99609,108810,118774,129278,140534,154347,165619,174028,190433,191090,201791
6429,10671,20401,30008,42256,55383,65271,73134,82458,92929,112643,112643,122398,132892,143991,158136,169382,179200,191864,197563,204959
6430,10668,20368,30260,42081,54935,65163,72702,82300,92739,102188,112059,122091,132454,143446,157534,167646,178791,181687,196554,205106
6431,10925,21465,32218,44513,56210,67929,76113,86020,96641,106648,115896,125376,136186,147462,161866,169377,181219,197242,201944,208795
6432,10490,18906,31727,39330,50717,61427,76161,86147,96656,106728,115915,125473,136154,147459,161830,168677,182163,182686,198922,208819
6433,10492,21261,31101,38445,48947,59409,73191,81831,91259,100842,109642,118912,129272,140171,153923,163151,171575,180812,194168,200361
6434,10478,21204,31205,43194,49446,59500,73076,82044,91504,100931,109594,119133,129338,140235,153862,164707,172936,191601,196540,201118
6435,10406,21312,31015,43166,49548,59360,73251,82644,92525,101825,110620,119841,130064,140713,154148,164285,176530,190350,203791,201848
6436,10360,18467,31011,42893,49902,59196,72845,82434,92052,101523,110262,119577,129421,140017,153519,173411,176141,188897,201501,201129
6437,10166,20394,30135,41562,48300,57171,70379,78854,88233,97559,105892,114976,124630,135217,148617,159182,172892,182640,196110,196579
6438,10215,20431,30245,41403,53174,62917,70273,78851,97499,105787,115018,124506,135130,148419,160536,168242,172889,184597,196101,211931
6439,10530,20644,31107,42947,54522,64892,73635,82813,100789,108999,117971,128419,139121,152837,152837,170520,185323,188400,200435,216605
6440,10545,20564,31002,42905,54312,64697,73462,82625,92002,108521,117498,127972,138632,152532,152532,162038,172639,187646,199528,215874
6441,10084,20097,30139,41197,53339,64134,72339,80030,88866,99832,119306,130307,141858,157416,157416,177863,192705,194108,211411,230076
6442,10280,20088,30747,41169,53235,64104,72467,80263,89107,100028,119421,130307,142079,142079,157723,163485,175970,180858,192895,210595
6443,10002,19591,30795,40585,53393,62858,70394,79493,90131,99344,117361,126672,136643,136643,149488,158954,166935,177210,182691,191969
6444,10517,22611,30818,40621,53073,62784,70388,79637,90153,108336,117374,126734,136693,149310,161447,168117,171655,185702,196460,208334
6445,9951,18502,29329,38419,50242,59850,67199,76197,86028,104730,113653,123023,132689,145402,145402,166499,178338,182715,196102,203669
6446,10242,21380,33068,44757,50750,59598,76011,85731,95789,104370,113243,122478,132361,144834,144834,166248,178297,191373,204667,203097
6447,9961,20410,31402,36762,48283,63780,72093,81730,90349,98832,107080,116182,125619,137488,137488,162557,172835,184163,196051,195736
6448,10299,20398,31257,42465,52976,63642,72008,81573,90344,98690,116021,125418,137568,137568,137568,169845,181202,184949,196374,211862
6449,10237,19651,30219,40605,50894,61108,69409,78439,86741,95091,112141,121007,133028,133028,133028,166937,177087,185802,195772,204792
6450,10248,21852,33321,40415,50843,60928,69324,86454,94703,102915,111844,120688,132432,132432,132432,166942,176916,192390,204588,205232
6451,10072,20556,30552,36906,46957,55634,62612,78268,85593,93333,101829,110785,122124,122124,132367,158324,170235,184043,186945,201289
6452,10326,20634,33765,41106,51209,62678,70654,85709,93503,102140,110661,122059,122059,122059,144357,168987,182402,186413,199259,213602
6453,10373,20093,32517,39553,55196,60496,68010,82541,89971,98041,106407,117028,117028,117028,138281,162479,174233,179403,195823,206734
6454,10431,20111,31773,39605,55327,68214,75185,82736,89939,106557,117316,117316,117316,127220,138464,173323,185889,189837,205050,207846
6455,10222,19660,31089,39193,54542,67920,75524,82546,90284,106688,117658,117658,117658,127556,139098,172613,174632,189557,204467,208514
6456,10464,21889,31159,42889,54387,59829,75057,82145,89986,106161,117174,117174,117174,127122,138547,169971,175106,188290,189861,208188
6457,10195,21230,30175,41434,52545,64639,71733,78513,85944,102002,112129,112129,112129,122009,144214,162844,174047,183839,189280,205038
6458,10209,21217,30417,41360,52415,64546,71494,85826,93603,101911,112236,112236,121982,132749,144165,163845,180575,185738,200851,215675
6459,10403,21664,31517,42427,53533,66111,73396,87557,95443,103670,114012,114012,124197,135091,146470,165359,181164,187725,201474,215833
6460,10557,21639,31427,42217,52407,58300,72990,86990,95126,103226,113465,113465,123506,134288,145811,168255,179269,187929,199180,200397
6461,10438,22478,32650,44413,54988,70137,77901,93327,101695,110234,121000,121000,131291,142985,154797,173362,188991,193150,209258,210664
6462,10401,22534,32039,44483,54785,61751,70194,85332,93463,110239,121005,121005,121005,131815,155129,159663,172668,191628,191628,210911
6463,10455,20075,31647,39708,48310,60170,67773,82127,89497,105805,116516,116516,116516,126422,148467,160966,169693,185470,189969,205053
6464,10478,20133,31636,39712,48414,60287,75239,82018,89503,106011,116413,116413,116413,137360,148639,170754,171719,186212,203854,205817
6465,10343,20019,31118,39224,54866,59491,74183,81076,88647,105788,117306,117306,117306,141184,152905,172202,177520,188079,204678,209464
6466,10304,19948,31100,43036,53497,59241,73929,80896,96371,105353,116969,116969,116969,140511,152373,170488,175889,188624,203666,208815
6467,10376,19727,30877,43594,53516,66971,74725,82253,98655,106882,117816,117816,117816,138964,150360,168821,176444,188823,202855,208245
6468,10673,21965,30929,43659,53278,59420,74571,82169,98651,106991,117456,117456,117456,139020,150526,168616,177958,188613,202901,208227
6469,10292,21830,30518,42358,51787,64594,71630,78685,94540,103109,113184,113184,113184,134127,145570,163320,173456,182938,198355,204508
6470,10233,21800,30952,42216,51652,64449,71486,85911,94144,102472,112497,112497,122569,133761,144919,164666,182317,184750,196435,206220
6471,10747,22481,32140,43849,53547,66654,74010,88844,97414,105664,116350,116350,126050,137129,148827,167881,182808,187308,201888,220350
6472,10551,22490,31694,43901,53628,59599,73857,89031,97394,105749,116263,116263,125996,137392,148830,167819,171769,187432,202026,203909
6473,10622,23101,32489,45269,55288,61351,76353,92260,100786,109333,120144,120144,130593,142775,153815,173002,175296,189996,207832,208472
6474,10630,20847,32337,40986,49579,61250,76499,83892,92407,109648,120017,120017,120017,142791,153759,158060,176410,189414,187102,208533
6475,10551,21135,32508,41410,50090,61401,76543,83946,92178,109000,119601,119996,129862,142376,153012,157930,174729,188013,186808,207057
6476,10482,20962,29306,41107,49807,61372,76281,83540,91684,108464,119085,119397,128958,141703,152512,160058,175152,187363,185837,207341
6477,10544,20955,29203,40571,49557,61043,75716,82748,90602,107446,117877,118519,127978,141256,150725,164056,185549,186480,187711,205787
6478,10479,20892,32567,40731,49570,60929,75430,82512,90627,107311,117774,118516,128007,141606,150679,173178,173178,186455,191865,207231
6479,10461,21090,32655,41355,51454,61653,76939,84516,92701,109303,120028,121549,130199,143805,153021,173661,176078,189221,196752,209425
6480,10464,20932,32493,41268,51349,61535,76628,84041,92065,100376,119153,120922,129429,143773,152470,160340,176149,188516,197057,207827
6481,10447,20579,28753,40254,50257,60230,74880,81784,89906,98035,116711,118148,126413,141259,149303,162815,176741,186425,197051,209171
6482,10222,20700,28726,40318,50247,67645,74879,81869,89954,98288,117047,118819,126727,141283,149414,172387,176868,186266,204908,207470
6483,9984,19232,30471,37432,46712,62895,69676,76338,83745,99673,109720,111053,119119,133405,140583,164652,169752,181230,196481,201702
6484,10296,21429,30798,41403,51807,62811,69687,83693,91737,99691,109662,121274,118970,144146,140552,164433,180113,194087,196802,213934
6485,10083,20691,30032,39670,49421,59851,66324,79581,86939,94622,104180,116205,113617,136759,134534,159517,175411,184059,193689,206752
6486,10356,20565,33054,39364,54535,65845,71981,86677,94341,103877,103877,116130,123879,138016,147373,167909,183275,188302,204032,219125
6487,10413,20880,33266,39780,54966,66659,73009,87741,95149,105216,105216,117634,126057,139223,148820,169387,184476,189482,203943,220875
6488,10379,20814,32605,39742,54897,66474,72953,87535,95274,104865,104865,117576,135691,140467,148863,168642,183862,188944,202718,219844
6489,10527,21036,32766,40250,56071,67537,73685,88646,96819,107016,107016,120683,140361,144415,152878,170828,187903,188297,205163,222459
6490,10555,20897,32543,39921,55915,60879,73595,88194,96351,106551,106551,120964,130109,144321,152457,170604,186621,188119,187604,222087
6491,10510,21025,29038,40442,54895,60941,74043,89502,97500,107604,107604,121856,130034,145972,153646,171992,170120,189822,190518,226155
6492,10520,21024,29186,40446,54805,61017,74124,89625,97690,107789,107789,122571,130196,145812,154746,171340,188990,189760,196308,225055
6493,10205,21280,33415,40890,55097,61286,74266,89544,97658,107330,107330,123317,130083,145729,155203,171267,170532,189483,195551,224952
6494,10505,21330,29578,40726,55091,61281,74123,89518,97706,107267,107267,124025,129922,145855,155517,156631,170192,189815,207112,204128
6495,10679,19919,30961,42819,58060,64647,78921,95259,103581,114088,114088,128822,137473,151881,162854,166527,198627,200237,201016,215621
6496,10381,19838,31278,42617,52146,64395,71489,86206,94682,103123,113401,127747,137074,151025,148790,165908,178722,179961,200260,197299
6497,10363,20037,31241,42853,52517,64678,71596,86193,94891,103348,113834,128058,137187,151726,149165,167469,181496,182396,201412,198960
6498,10704,19911,31297,42841,52324,64685,71491,86059,94538,103193,113398,127965,136891,151685,148997,167162,180162,181972,201390,198537
6499,10458,20567,31914,44201,53889,66489,73586,88594,97227,105585,116570,129906,139886,154486,151838,169494,183625,184794,204698,203766
6500,10452,20528,31641,44099,53772,59405,73319,88136,96796,105203,116088,119149,139033,141228,151244,168841,168419,184242,184036,202284
6501,10530,21195,32858,45647,55794,61849,76459,92173,101389,110361,121569,124379,145360,147570,159285,176552,175349,192498,192498,211604
6502,10566,21167,32846,41104,50458,61867,76515,83708,92193,101456,110372,124555,134536,147657,159351,160617,175323,180034,193279,212147
6503,10726,21619,30129,41771,51078,62703,77099,84594,92974,102076,111318,125157,135750,149280,161039,162144,177682,182676,196816,213515
6504,10347,21589,30190,41776,51078,62669,77149,84778,93119,102016,111158,125145,135543,149056,148538,162106,177482,183212,197003,213539
6505,10639,22180,31176,43113,52983,64661,79790,86996,95748,105026,114111,128906,138076,152364,152050,166032,179277,185819,198939,215082
6506,10310,19720,30921,42994,52575,64418,71702,79301,95190,104360,113727,128342,137794,138535,152086,165349,179313,185467,197897,194132
6507,10802,20807,33050,45801,55861,68300,76117,84545,101459,111011,120583,136237,145374,147457,158431,173794,189224,192334,207470,204043
6508,10800,20814,29073,40813,50686,61722,76187,84290,92390,101375,120467,135614,133835,147290,146123,160329,173054,191105,191599,204016
6509,10599,21123,29772,41276,50973,62202,76078,84510,92170,101252,120798,135627,134042,148038,147762,161847,174380,191959,194541,207178
6510,10561,21151,29982,41038,50886,61980,75989,84082,91888,100897,120184,134711,133666,135905,147262,162491,173110,178720,195862,206845
6511,10751,21619,31207,42296,52423,63624,78133,86480,94557,103500,122755,137283,136315,138788,150688,165158,176373,182922,197608,209263
6512,10337,21504,31230,42381,52392,63616,70396,86591,94728,103405,122701,137483,136286,139657,150790,165407,176593,182879,196951,209477
6513,10955,19723,32946,44330,54557,66623,73960,90287,98773,108316,128683,144108,143647,145243,160978,176252,187595,191783,207271,222090
6514,10566,19771,31942,39388,49310,59954,73889,82011,90420,108307,118455,130694,143197,145100,160887,175899,172994,189973,207577,204481
6515,10729,20157,32377,40209,50276,61297,74475,82486,91265,109537,119835,131596,143246,146032,159135,173457,171477,189144,203494,202063
6516,10343,20108,28889,40109,50038,61040,74157,82214,90835,109170,119198,129397,141459,146218,158502,172912,171150,188565,202393,202026
6517,10951,20851,30691,41563,52143,63640,77334,85867,94402,113524,124368,134512,147375,152999,163011,178109,178109,194327,210647,208330
6518,10205,20847,30924,41606,52084,63526,70160,77117,94459,103871,113413,134376,147147,151663,151174,163371,178095,194414,193297,208787
6519,10602,20807,30884,41466,51401,62631,69099,75958,92973,101704,111055,131706,144411,148205,147979,161291,174046,190434,190434,207035
6520,10566,20834,31156,41344,51339,62328,68779,83871,92386,101301,110621,131466,144040,147836,148071,161374,174393,190042,190593,207065
6521,10344,20918,31130,41309,51691,63062,69600,85020,93932,102646,112621,133522,145981,149615,151189,163542,176342,192001,194457,208047
6522,10350,20883,31144,41408,51765,63119,69674,84967,94028,102741,112740,133605,146066,150150,152360,164218,177027,191837,196343,208385
6523,10508,20716,30691,40602,50771,61880,68091,83260,91966,100626,110210,130682,143313,146911,149465,161235,173743,188639,193161,205544
6524,10261,20786,30631,40738,50672,61857,68188,83305,92163,100655,110194,130829,143343,146617,152702,161893,173783,188651,194941,205003
6525,10320,20437,30845,40595,50651,61858,68383,83568,92558,100880,111065,131712,144261,147325,153496,162653,174801,189835,208987,206409
6526,10304,20359,30797,40418,50512,61704,67949,83408,92107,100582,110665,131214,143651,146827,153603,162721,174427,189529,206927,206260
6527,10129,19998,29976,39604,49562,60271,66869,81687,90385,98762,108131,128650,140881,144159,152722,162416,171198,186013,203415,202197
6528,10572,19997,29952,39523,49358,60224,73419,81566,90125,98694,118278,128496,140748,144008,161134,163635,171678,185675,186651,202810
6529,10470,20421,30851,40455,50530,60517,75265,83704,91868,99993,118107,127819,140223,142895,160377,172902,171356,185220,202665,200826
6530,10434,20346,30798,40367,50265,60460,75172,83476,91634,99592,117460,127512,139713,142757,159217,171518,171518,184972,201471,201471
6531,10425,20022,30606,39905,49646,59624,73662,82094,90114,97873,115637,125355,137591,141608,156436,169387,170143,180193,199076,199076
6532,10465,20144,30836,39898,49763,59711,73749,82226,90060,97880,115685,125317,137610,142033,156393,169086,181454,180932,199067,215008
6533,10444,20275,30928,40140,51045,59988,74378,82877,90961,98779,116823,126188,138660,142469,157462,169837,184177,184532,198075,200734
6534,10463,20377,30895,39977,51518,60105,74434,82977,91065,98926,116983,126496,138730,143317,156876,169460,184027,184713,198929,216842
6535,10185,20177,30709,39721,50864,59550,73790,81979,89821,97393,115280,124919,137063,141879,155428,167499,179746,182254,197858,198397
6536,10537,20188,30616,39608,50786,66048,73441,81656,97105,105499,114927,124376,136670,142412,155233,166414,179195,182646,197025,212658
6537,10494,20741,31622,45998,52467,61590,75831,84120,100293,109523,119285,129173,142049,147862,161412,173032,184892,190081,202758,221772
6538,10490,20671,31601,40823,52481,61467,75706,84146,92100,109368,119158,129250,142150,147518,160847,172631,185027,189526,186804,204010
6539,10468,21215,32543,42491,55276,64967,80591,88770,98594,118098,128452,139789,154903,160572,175235,189503,205187,208234,225571,225571
6540,10483,21220,32445,42453,54220,64726,72501,80239,98288,107739,117590,128089,139316,158183,158183,173071,188323,190554,207811,206780
6541,10703,21989,33741,44398,55680,68369,76003,84518,104014,114198,125205,138457,151697,171838,173404,171838,188208,206871,223495,224150
6542,10560,22056,33730,44317,49981,68491,76064,84616,104156,114105,125520,138463,151401,153444,172356,172356,171513,189480,205424,206644
6543,10572,22306,32765,39609,55273,66970,74473,82700,100719,109528,120552,132813,145898,147776,163400,163812,163400,180791,193672,196240
6544,10553,22235,32046,44169,49540,60705,74313,82660,100650,109580,120529,132845,145916,162542,162974,164617,178840,181442,194066,196682
6545,10619,22579,32292,40152,55804,67713,75156,83992,102057,111053,121385,134237,146392,163661,163936,165578,181258,183750,195686,200310
6546,10541,19962,31877,44444,55652,61560,74906,83692,101750,110724,121004,133690,145999,162653,163277,165234,180261,182853,195033,200731
6547,10538,19769,31592,39748,54834,66774,74149,82493,100285,108900,119311,131585,144260,159884,160694,162203,176558,182475,192010,198349
6548,10456,22273,31545,43899,49269,60606,74194,82381,100010,108730,119082,131392,144243,159743,160480,163498,176354,182726,192152,212438
6549,10442,22095,31441,39347,54683,66432,73769,82592,100092,108682,119258,131549,143823,159808,160413,161967,176986,183992,192977,212251
6550,10421,22088,31375,39280,48993,60250,73661,82358,100109,108454,118865,131058,143443,159210,159695,162822,175389,184276,192386,211656
6551,10373,21820,31026,43123,48387,59582,72655,80657,98053,106697,116451,128768,141472,156620,156975,160242,172676,181471,189190,206958
6552,10426,21821,30975,43093,48314,59575,72773,80610,98053,106530,116643,128650,141575,156574,156806,160597,172802,193044,189830,207223
6553,9960,18842,30030,41732,46931,57595,70206,78497,95216,103584,113331,124843,136023,151401,151796,156218,168445,187043,185347,200685
6554,10163,21137,30264,41753,53312,63372,70156,78431,95210,103615,113506,124993,136265,151555,151892,170308,168481,187153,198735,201923
6555,9859,20356,29230,40353,51105,61219,67796,75694,91963,100034,109483,120418,132044,146038,146341,163951,162772,180304,191927,196626
6556,10208,20225,29722,40193,51501,61036,67469,83426,91323,99477,120202,120202,131564,145806,146264,164137,176167,181876,192232,212631
6557,10511,20634,31118,40691,52358,61829,76423,84556,92611,100871,120975,120975,132150,146858,147417,164120,176568,185191,194452,212634
6558,10511,20598,31046,40706,52070,61753,68636,84570,92802,100674,121056,121056,132059,146836,147619,165217,176703,186427,194409,212084
6559,10139,20311,30688,40241,51720,61450,68334,84588,92737,100617,110056,121328,132755,147146,148926,165045,177448,187342,194705,212421
6560,10409,20212,30690,40132,51865,61367,68110,84372,92483,100226,109697,120889,132283,146778,147762,164173,176304,187154,194766,210542
6561,10105,19605,30237,38793,49805,58768,65119,80529,88229,95977,115733,115733,126177,139947,142453,158976,168426,188227,188384,200685
6562,10313,22302,33509,43522,50308,58903,72480,80518,88254,105061,115669,126289,139753,152292,155127,161336,168712,190436,203634,215352
6563,10360,22284,32696,43645,50457,58643,72440,80269,88038,105455,115947,126806,140280,140280,155329,173159,171104,190080,201990,216926
6564,10307,22275,32177,43605,50474,58716,72431,80214,88103,105115,115942,126883,140307,152823,155511,172087,172706,189417,200879,217116
6565,10243,22080,31655,43327,50041,65289,72643,80827,88892,106690,117481,128152,142626,142626,157110,173190,177302,192668,207524,206936
6566,10634,22044,31511,43318,55059,65196,72189,80458,88622,106316,116931,127823,142306,154981,157480,172536,176544,191811,205754,205754
6567,10138,18820,30430,41575,53084,62828,69792,77343,84816,101226,111404,122063,135222,135222,149195,162335,167316,179471,194034,194220
6568,10486,21394,30731,41568,52981,62686,69724,77365,92316,101119,111381,122222,135503,135503,149499,162783,179407,185340,194290,212781
6569,9854,20769,30077,40724,51514,61205,67892,75550,90254,98917,108713,119087,131545,131545,146210,159220,173449,182072,189887,205645
6570,10705,20809,34019,40813,51639,60891,75228,82476,89956,98501,118650,118650,142905,131219,158745,159913,174904,184532,188655,206443
6571,10303,20990,33246,40564,51792,61120,75980,83233,90756,99480,119821,119821,132918,132918,159651,162985,177518,186497,195912,207327
6572,10726,21069,32812,40680,51882,61383,75919,83383,90733,99438,109551,120051,133139,133139,159332,164057,177312,186560,197969,208124
6573,10299,20934,32481,40395,51435,60291,74329,81321,88348,96793,106652,116662,128797,128797,143095,163490,176036,180082,192773,204403
6574,10322,20955,29070,40495,51318,66909,74204,81189,88328,106506,116669,128764,140237,128764,155199,164794,175051,190642,206558,205735
6575,10464,21042,29053,40646,51680,67760,75181,82435,89626,108012,117959,131172,131172,131172,157846,167792,178278,191148,204854,208577
6576,10427,18337,29471,40583,51381,60546,74711,81981,89225,107575,117421,130494,142045,130494,157732,166609,178050,188729,188767,207926
6577,10374,20813,33005,39852,50502,59480,72864,80096,87064,104464,114085,125960,125960,126131,151726,161100,173092,183533,190461,203139
6578,15235,24971,25955,31884,38723,46259,51451,57656,63497,71183,77064,82900,83803,91596,100194,100415,110391,110391,121463,121772
6579,14501,26449,36256,49413,58244,70141,77404,86226,94821,111208,122430,124979,135661,136312,147984,149260,161817,175796,178050,191396
6580,10457,23959,35635,47711,57427,69799,83537,93152,102383,120110,133250,135025,139568,148740,160635,166327,186765,192969,206759,222211
6581,10435,23626,35273,47386,57123,69416,76043,90514,100252,119788,131675,133934,137522,147443,158938,166057,171777,187973,202595,205114
6582,10473,23969,35548,47521,57403,69369,76556,90364,99607,118605,119560,132614,137089,148053,158852,167229,179343,188255,200556,207928
6583,10482,22608,35678,47470,56993,68907,76286,90433,99815,118104,118662,132374,136520,146862,158014,165702,176540,189462,199701,207701
6584,10550,22288,32474,47931,57674,69843,77327,91532,100897,119972,120622,133349,138488,148654,159442,167459,177975,189231,202803,211640
6585,10559,21834,32342,42764,57484,69355,76805,90976,100179,108939,119960,132502,137267,147777,159144,166664,178180,188000,187863,209956
6586,10185,21699,32096,43282,52925,70228,78061,92694,101695,111278,122012,135282,138674,149226,160717,168800,176941,191111,196023,209810
6587,10168,21598,31787,42791,52880,63533,77795,84981,101319,111271,121979,135027,138334,149217,160193,167610,177159,177713,194417,209018
6588,10580,21351,31245,42066,52209,62264,76179,83253,99018,108318,118158,130516,134248,145950,156136,165157,176694,182820,196026,206314
6589,10550,21354,31343,41615,51931,68332,75876,83011,98559,107659,117375,129994,134175,145593,156242,165674,176183,183818,196732,206928
6590,10268,21433,31219,42016,52098,68315,76385,83130,98664,108481,118189,130664,134904,145688,157055,166257,176864,182487,195674,206787
6591,10631,21487,31235,41840,52097,68555,76202,83450,98714,108534,118409,130915,134803,145475,155862,166320,177137,192525,205483,207681
6592,10233,21407,31218,41608,52180,61518,76077,83106,98825,108195,118132,130521,134345,145075,157495,166126,176898,188409,192438,206427
6593,10672,21352,31103,41710,52017,61555,75660,83149,98533,108254,118078,130381,134503,144922,155467,163788,177173,188251,195222,206956
6594,10234,21300,31272,41360,51738,61181,75341,82611,98089,107644,117403,129951,133775,143809,154785,162869,174301,187677,203960,207244
6595,10571,21274,31410,41413,51537,61073,75014,82209,97647,107186,116882,129344,133813,143786,155690,161996,185579,186735,202184,207121
6596,10235,21491,31427,42115,52370,62363,76612,84232,99454,109658,119376,131861,136467,146841,157608,165800,174576,190112,205186,210827
6597,10648,21483,31464,41949,52373,62232,76305,84106,99562,109556,119309,131976,136172,146214,157422,164652,175321,188932,189595,209445
6598,10329,21591,31604,42356,53043,62980,77635,85453,101487,111898,122294,135398,138351,149392,161285,169171,178373,193308,195685,211624
6599,10327,21561,31407,42044,52764,62829,69680,85147,101007,111250,121617,134768,137395,148813,160805,167848,178260,178699,196272,210100
6600,10784,21592,31457,42130,52868,62793,69645,84494,100440,110350,120647,133001,135894,147150,158447,163967,176737,181842,195937,208765
6601,10420,21704,31398,42304,53005,62896,69510,84648,100466,110439,120524,133150,135968,147140,158782,166642,176177,184336,196442,208796
6602,10437,21885,31553,42242,53046,63009,69806,84449,100393,110573,120536,133094,136121,146800,158876,166359,174703,185995,207990,208187
6603,10386,21887,31207,42165,52854,62982,70175,84429,100357,110334,120329,133025,136162,146687,157907,166701,175761,185786,191662,207845
6604,10426,21907,31838,42752,53450,64075,71533,86485,102569,113107,123285,135872,138778,149528,161619,168712,178454,188082,199430,212214
6605,10357,21859,31511,42596,53204,63777,71303,86141,93339,112700,122695,135164,138088,149119,160727,167382,177666,187929,196696,211079
6606,10433,19107,31184,42155,52476,62952,70093,84563,92053,110477,120344,132467,135064,146182,157613,166433,176230,185152,196631,206719
6607,10385,21745,31215,42080,52295,62882,70234,84415,91998,110198,120271,132338,135129,146105,157469,165947,176364,185506,196631,206782
6608,10289,21418,30442,41316,51485,61458,75595,82680,89420,107616,117624,129114,131701,142705,152939,163990,175012,180089,193672,202877
6609,10706,21408,30719,41099,51399,61319,75508,82237,97735,107290,116944,128433,132001,141912,153800,163682,183944,191597,205493,205691
6610,10161,18812,31064,41669,52172,62300,76931,84508,100531,110523,120356,132418,136519,146438,158530,167761,176952,192757,206711,209662
6611,10634,21359,31115,41623,52026,62323,76775,84415,100413,110536,120407,132572,136476,146347,158502,166987,177144,192697,192640,209117
6612,10727,21348,31185,41354,51741,61508,75691,82957,98158,107682,117288,129601,132791,144418,156350,164744,176234,187509,192400,207591
6613,10206,21365,31109,41238,51779,61684,75270,82887,89908,107936,117397,129601,133473,144005,156054,165877,176342,187388,196920,208406
6614,10130,21288,30872,40792,51247,61045,74755,82277,97885,107531,117479,129305,133682,143159,153683,162743,175027,186668,195377,208616
6615,10650,18608,31181,40769,51092,60757,74434,81904,88796,107127,116796,128794,133437,142581,154478,162217,175660,185573,207261,207913
6616,10737,21301,31593,41206,51710,68256,75681,83131,99028,108504,118739,130814,135332,145087,156710,164569,177850,189518,204804,208987
6617,10243,21293,31603,41274,51642,68147,75428,83186,90057,108418,118612,130702,135208,145398,156449,164206,177904,188217,190840,208878
6618,10725,21255,31306,40798,51298,67035,74276,81853,88747,106620,116647,128346,133046,143251,154540,161290,175462,184816,191346,207680
6619,10124,21174,31215,40867,51078,66796,73867,81649,96725,105905,115880,127745,133558,142672,153343,161506,173450,184107,193585,207412
6620,10718,21355,31400,41561,51469,67307,74552,89295,97165,106582,116380,128333,134500,143528,154081,161711,184937,185374,204603,206289
6621,10204,18828,31536,41511,51539,67204,74549,89197,97327,106643,116435,128202,134931,143947,154112,162611,171720,185480,200320,207047
6622,10787,21503,31513,41792,52128,68229,75677,90325,99127,108756,118594,130924,136646,147348,157290,166908,177708,190476,206134,210348
6623,10159,21566,31448,41769,52258,68353,75590,90552,90552,108776,118417,130724,136235,147304,157296,166761,178777,189120,189120,209073
6624,10182,21468,30991,41725,51970,67944,75245,82329,98404,107751,117903,129550,135431,147177,156187,167443,174767,188282,194480,207896
6625,10792,18841,31340,41508,51771,67552,75053,81997,89216,107068,117027,129167,135015,146237,155264,166443,178685,187780,195715,208542
6626,10002,21258,31053,41141,51535,66817,74024,81111,88271,106096,115405,127293,134845,143915,152877,163341,174569,184155,192153,206097
6627,10597,21253,31016,41366,51605,66832,73869,80963,88171,105962,115374,127124,134054,144168,152675,163068,183533,185764,204574,206862
6628,10629,20854,30538,40775,50645,66258,73177,80034,95594,104954,114456,125908,134591,144585,151986,169824,170843,184985,198717,205506
6629,10618,20791,33827,41372,55185,65871,72875,86871,95015,104582,113914,125438,134156,144664,151525,168405,181985,186895,197869,220398
6630,9732,20501,32689,45342,54789,64871,71471,85530,93658,102613,111749,123142,132167,142240,149884,165385,178916,184219,196425,199101
6631,10314,20569,32267,43966,54475,64789,71649,85547,93584,102746,123298,123298,141570,143891,149888,165652,178468,185026,196523,202561
6632,10416,20688,32028,44049,54923,65548,72290,86435,94621,103697,124550,124550,140346,144156,151603,167228,177752,184168,197119,217118
6633,10438,20715,32110,39692,54859,65399,72280,86329,94812,103904,124794,124794,139408,144137,152499,167129,177631,184716,197540,213788
6634,10409,20855,32486,40331,54693,67071,74209,88675,97110,106826,128570,128570,143299,147650,157197,170237,184160,187913,202052,221973
6635,10327,20768,28784,40197,54356,66672,73766,88081,96727,106328,115879,127695,131302,146658,156359,168837,168614,187347,200994,200696
6636,10981,21154,29445,41146,50353,67820,75324,90074,98612,108141,118234,130577,133698,148563,159709,172479,174062,190731,204994,205583
6637,10437,21108,30091,41077,50306,67950,75230,90137,90137,108256,118112,130441,133578,147601,159474,160285,174647,190079,190002,205261
6638,10299,21131,30463,41247,49936,67909,74938,89889,89889,107999,117780,130158,133648,146774,157960,160806,174829,188421,191033,205091
6639,10280,20985,30305,41416,49914,61063,74610,89454,89454,107531,117343,129572,133333,146067,157548,162011,175988,187389,203880,204544
6640,10138,20842,30135,41489,50980,61586,75339,90348,90348,109163,119134,131321,135349,147567,159392,163839,189658,189812,192222,207910
6641,10620,20862,33892,41613,51091,61417,75456,90311,99064,109232,119115,131420,135515,147164,159422,163882,173674,189571,206482,208096
6642,10481,20560,33400,40698,50115,60036,73690,88088,88088,106309,116477,127997,132516,143941,156143,160499,171528,186583,189246,206360
6643,9937,20703,32309,45280,49990,66486,73776,87859,96701,106301,116301,128113,133478,144458,155849,160234,173566,186320,202723,207919
6644,10429,20702,32313,44658,50439,60398,74038,88626,97242,106712,116635,128498,134487,144460,155959,160457,185350,185534,202827,207223
6645,10387,20590,32121,44445,50289,66743,73884,88216,96790,106232,115867,127964,134496,144613,155403,160098,170870,185974,201207,222581
6646,10413,20678,28848,40325,50707,60747,74645,88979,97723,107453,117656,129714,135188,146288,157296,162340,174766,186754,203453,204754
6647,10422,20592,28863,40155,50676,60651,74547,88966,88966,107470,117298,129536,135059,146005,157514,162066,175292,187166,186964,205125
6648,10180,20496,32778,40143,55411,60255,73957,88383,88383,106851,116751,128920,134781,144553,155846,159987,174087,186846,188541,203658
6649,10559,20377,32459,40013,55185,66577,73631,88110,88110,106290,116245,128449,135581,144910,155464,160001,185633,186458,202403,205145
6650,10389,20639,32235,40237,55392,60438,73965,88492,97341,106750,116528,128280,134342,145237,155493,160206,171981,186834,202010,222940
6651,10497,20608,32219,40808,55261,66870,73911,88543,97359,106676,116508,128583,135014,145535,155443,160004,185613,187153,202052,202450
6652,10306,20938,29143,41980,56653,62016,76095,91103,100182,110251,120440,132623,138244,148642,160624,164490,175326,191907,207446,208011
6653,10347,20935,29305,41687,50087,61912,76047,83423,91171,100317,120361,132723,137235,148223,160604,164600,175285,178282,191287,207761
6654,10249,21048,30129,42101,50897,62692,76887,84506,101381,101381,121815,133939,137012,150876,161508,165908,176726,181393,193013,210633
6655,10585,21011,30593,42081,51325,62334,76361,83896,91745,100915,121145,121145,136369,148692,160929,165151,175618,181129,193901,209558
6656,10366,21499,31169,42646,52735,63583,77947,86103,103285,103285,124053,124053,139592,150798,163299,168383,179391,185693,195412,213114
6657,10316,21464,31092,42143,52396,63593,70459,86023,103373,103373,124158,124158,139341,150430,163022,167661,179052,185515,195822,212273
6658,10609,21672,31692,42534,52378,64166,70920,86422,103668,103668,124008,124008,139871,151534,163134,168607,181298,188384,199501,214039
6659,10569,21674,31504,42383,52284,64056,70882,86323,103159,103159,123574,123574,139382,150469,162801,167530,180029,187616,198148,212941
6660,10615,22472,32403,44099,54521,66747,73614,90089,107639,107639,128967,128967,145875,158475,171878,175306,189538,192264,208931,225791
6661,10638,19787,32183,44163,49183,66778,73600,90038,98096,107556,129063,129063,145978,145978,157971,162277,173893,191979,207874,206055
6662,10703,20050,32380,44731,55048,67912,75267,91152,100129,109674,132140,132140,148234,148483,160078,164596,176392,193331,209103,208155
6663,10678,20207,31979,44675,49609,67758,75057,91311,100059,109794,132179,132179,148136,148513,159657,165411,176867,192973,208161,209005
6664,10649,20599,32700,45699,56175,69023,76121,92646,101404,111462,133586,133586,149738,150178,161288,166831,180185,193913,193064,211315
6665,10485,20455,29028,40483,55850,68636,75904,92389,101052,111027,132980,132980,148816,149595,161652,166847,178694,192772,192432,210420
6666,10634,20757,29547,41023,56507,69756,77026,93023,101771,111292,134129,134129,148549,150235,161136,166904,177623,192511,193277,209350
6667,10633,20737,30004,46227,56524,69601,76917,93279,101880,111389,122746,134106,148368,150175,160992,166913,178159,192272,193959,209633
6668,10547,21163,31080,46910,57638,70877,78320,94820,103541,114134,125323,136328,150776,152290,163223,169620,180264,195353,198238,211883
6669,10426,21140,31072,46859,52009,70564,77935,85996,103242,113673,125048,136113,149654,151211,162756,168726,179895,179905,197700,211942
6670,10461,21081,30835,46045,50994,68968,76468,84689,101735,111478,122737,133807,147511,149247,161041,168402,178049,179136,196760,210673
6671,10500,21037,30881,41035,50908,69199,76615,85088,101849,111637,122976,134034,147911,149470,161144,168625,177450,181417,196944,210772
6672,10261,20363,29907,44618,49286,66571,73764,81583,97592,107137,117701,128457,141313,142873,153756,161543,171607,174583,189062,200559
6673,10204,20291,33818,44539,54340,66694,73785,89464,97677,107386,117720,128613,141332,143029,153725,162368,172265,188788,204358,200883
6674,10101,19668,31916,42762,47442,64257,71100,86178,94043,103114,113128,123351,135896,137430,147913,161444,168169,183668,197320,194953
6675,10251,22167,31677,42623,47265,64001,70807,85673,93949,102646,123069,123069,135563,137156,147807,170981,181584,183794,197151,196684
6676,10025,21326,30280,40850,49934,61055,67778,82209,89689,98631,108203,117960,130076,132058,141662,164811,174939,181407,189825,203934
6677,10210,21245,30353,40723,49857,60906,74889,82193,89633,98506,108187,129864,129864,142894,153775,165066,174572,192996,194636,206019
6678,10091,20424,29370,38785,47349,58263,71343,77974,85325,93368,111904,123458,123458,135826,145871,163187,168667,183164,188418,198860
6679,10281,20398,32959,42828,52456,64304,70931,77576,92952,102476,111688,122975,122975,135655,146973,170518,179853,184926,199826,213663
6680,10067,19888,31821,42151,51501,63384,70172,77240,92663,101911,111367,122794,122794,136222,146944,169583,178116,186486,198099,211045
6681,10304,19833,31623,42206,51644,63473,70351,77432,92707,101944,111344,122878,122878,137867,147643,169232,178005,187116,196674,210355
6682,10267,19408,30633,40971,50130,61600,68088,74738,89633,99016,107924,119035,119035,139463,142892,163497,172988,184271,197854,204917
6683,10506,21689,30806,40970,50996,61646,74690,81720,89734,98944,119155,119155,129894,149294,143217,163855,174410,189981,196730,205238
6684,10429,21977,31600,42297,52928,64049,78474,85940,94342,103672,126426,126426,138147,156380,154062,172541,185630,200693,204106,221354
6685,10422,21907,31386,42082,52686,63745,70952,85711,93863,103162,113500,125836,126854,144887,154001,170279,170393,185900,202094,200285
6686,10484,22246,31519,42470,52706,64336,71119,85594,94554,103994,114154,126242,126768,144283,153223,167114,170509,183434,197898,198031
6687,10536,22080,31538,42205,52518,64140,71082,85424,94458,104063,113970,126106,127256,144416,153894,167009,173585,184105,197274,204925
6688,10500,19594,31086,41510,51272,63084,69878,83813,92572,102189,112115,123597,124546,140531,152030,163982,181253,182651,194883,205882
6689,10526,21734,30865,41333,51740,62785,69639,83502,91858,101688,111602,123256,124161,141446,151651,164287,179692,184333,195602,213724
6690,9946,20673,29519,38895,48568,58877,65151,78452,86193,95046,103826,115000,116975,135670,142936,158113,171094,177407,189093,202752
6691,10156,20759,33053,43059,54276,58834,71704,86087,94910,103749,114992,114992,127793,146129,159026,169874,182390,187505,201158,217494
6692,10499,20455,32307,43047,54623,59278,72221,87287,96654,105648,117038,117038,129694,148033,158335,170165,183885,188743,202560,202833
6693,10470,20412,32193,42930,53802,59315,72169,87300,96455,105499,116868,116868,129699,144257,157564,169450,170194,187946,202487,205317
6694,10044,20001,31216,41979,51812,57413,69704,83864,92897,101250,112235,112235,125773,142746,153772,165394,171759,186031,197055,213251
6695,10336,19962,31249,41712,51492,63226,69412,83617,92348,101101,111947,111947,136058,152538,155523,165638,180809,185124,196140,212015
6696,10342,19778,30803,41287,50946,62312,68385,82650,91222,99983,110295,110295,132929,146233,153419,164954,178340,184860,194330,208973
6697,10383,21942,30726,41247,51277,62229,68225,82426,91095,99651,110201,110201,132819,146108,163287,164946,177329,184616,196003,208850
6698,10434,21434,30412,40462,50598,61516,67420,81325,89842,98422,108845,108845,132019,145006,158331,166279,176570,192718,196522,207995
6699,10418,21294,34008,40330,56135,61242,73354,80838,89329,97766,108411,108411,132311,143926,157541,165100,175943,190754,206466,206697
6700,10214,20992,32383,39391,53753,59624,71698,87228,87228,105416,105416,105416,131487,142474,153138,162150,184701,186673,189692,202993
6701,10503,21071,32388,39316,53663,59597,71764,87078,87078,105356,105356,105356,139478,144907,153691,169580,183242,186995,201820,217626
6702,10263,20975,32051,39080,53722,59289,71520,86935,86935,104967,104967,104967,139448,144870,153171,166267,181948,186627,200902,218207
6703,10304,20909,31906,43261,53569,59175,71438,78403,86697,105007,105007,114396,138632,144938,154374,166665,181341,185516,200244,217526
6704,10268,20884,32027,42988,53247,65019,71135,86256,86256,104372,104372,113596,137104,144460,162730,166016,180703,186030,198298,213720
6705,10272,20748,31913,42895,52912,58597,70750,85727,93788,103828,103828,112997,136117,143416,151056,168443,178691,186559,197562,214228
6706,10676,21162,32822,44438,54946,66988,73475,89591,97731,108687,108687,117779,142567,157128,168862,170478,188069,192042,205724,222572
6707,10468,21129,29041,40113,54845,60929,73339,80840,97496,108390,108390,117710,142144,143930,156085,159366,167550,190898,190831,222050
6708,10245,20682,28538,39548,53966,60046,72419,79425,96040,106457,106457,116298,139849,142700,155393,166703,167827,189911,191548,221030
6709,10261,20658,28462,39395,53787,59745,72044,79212,95445,106066,106066,115931,139930,143388,155213,165798,168495,188770,194643,220382
6710,10572,20680,32350,38779,53358,65006,71197,86786,94981,105313,105313,114783,137582,143441,152957,161072,184106,185117,203095,216490
6711,10312,20649,31985,42809,53389,65291,71416,78489,95046,105435,105435,114786,137595,144784,153522,168085,184112,185176,191464,197716
6712,10423,20294,31704,42850,53322,59209,71473,87430,95789,106328,106328,116077,138640,145821,155034,172128,184027,188647,204956,200315
6713,10444,20397,31635,42967,53200,65375,71476,78871,95748,106356,106356,115926,138122,145469,155435,169996,165891,188364,192486,200074
6714,10334,20587,31757,42856,53580,65393,71731,87587,96207,107009,107009,116537,138763,146450,155447,167650,186217,188475,205172,200669
6715,10325,20367,31598,42556,53233,59321,71369,78615,95659,106548,106548,116054,137993,145190,155172,168088,167243,187893,191342,201392
6716,10287,20360,31507,42565,52702,64392,70558,85676,94146,104130,104130,113603,134798,144528,154140,164016,181541,182890,193085,195363
6717,10490,20311,31393,42345,52613,58512,70284,85602,93602,103950,103950,113393,134609,145331,164364,164556,181001,184667,202546,214093
6718,10319,20125,30989,41842,51945,63335,69198,84228,92219,102559,102559,111401,132318,144420,150675,163277,177618,184855,198750,209974
6719,10368,20181,30925,41637,51659,63080,68892,83805,91546,101945,101945,110920,132448,149520,156085,165804,175901,195575,197662,209535
6720,10402,20233,31062,41924,52333,63911,69841,85172,93428,103626,103626,112955,135075,151055,155183,165984,179291,185348,201526,213443
6721,10324,20288,31094,42107,52422,64026,69843,85181,93468,103697,103697,112936,135192,150377,163096,166377,162074,186060,200405,213139
6722,10330,20056,30473,40972,50736,61946,67736,82371,90247,100059,100059,109167,130875,145121,148522,164810,173770,182638,193821,206655
6723,10501,19955,30551,40906,50681,61894,74430,82347,89985,99923,99923,119013,131569,145458,159174,175391,173726,193642,195396,205868
6724,10563,20176,30937,41749,51704,63152,75762,83875,91910,101792,101792,120702,132673,146033,161338,164123,177073,183299,198248,207885
6725,10409,20031,30839,41307,51445,62679,75162,83396,91226,101183,101183,120609,132510,146543,149204,165210,177369,193352,197678,207039
6726,10504,20383,31432,42276,52477,64294,77381,85758,93874,104155,104155,124212,135722,150874,165198,167338,180829,184934,200296,213124
6727,10436,20357,31403,42114,52440,64079,69996,85687,93780,103914,103914,124101,136298,150140,151188,166955,180520,185080,199584,212372
6728,10296,19947,30589,40830,50764,62125,67742,82097,89881,99724,99724,118958,131752,143519,150621,162803,174398,183323,194968,205288
6729,10518,20015,30763,40639,50499,61654,74181,81726,89579,99391,108286,119362,130848,143833,158450,173898,172812,193019,195598,204805
6730,10209,19458,30528,40081,49649,60689,73124,80688,88657,98237,107151,119186,130058,143244,157367,158244,174533,181828,196403,204237
6731,10376,21969,30797,40292,49600,60718,73339,80740,88850,98420,107213,119844,130656,143819,155677,175255,175255,192529,197414,204337
6732,10526,22152,31385,41270,51058,62613,75583,83348,91558,101809,111291,123652,135823,149454,166428,167212,182689,186261,201306,214531
6733,10352,22032,31231,41360,51161,62736,75631,83301,91838,101905,111377,124085,136087,149793,150500,166642,182422,187466,200736,214549
6734,10530,21955,31333,41253,51387,62692,75246,82939,90957,101135,110519,123269,134727,146350,150934,163365,178676,185891,197684,210295
6735,10523,21827,31172,40971,50967,62210,74650,82551,90622,100701,110193,122098,134263,146514,162426,164059,177059,196193,197226,209610
6736,10444,22203,31315,41586,51420,62840,75699,83560,91933,101702,110906,124893,136171,147813,151543,166642,179746,182799,199084,210509
6737,10417,22077,31246,41403,51512,62729,75721,83655,91639,101511,110876,124544,136181,147447,153213,167563,179438,184623,199027,210374
6738,10109,21553,30466,40314,50281,61403,74304,81869,90076,99951,109221,123013,134053,145157,160099,163218,175373,195670,196913,207594
6739,10285,21460,30698,40084,49900,61200,73809,81478,89515,99251,108697,122536,133376,144933,159401,176791,174585,179986,196181,206784
6740,10481,21452,31065,40156,49720,60737,73134,80757,88691,98517,107442,121411,132694,143339,157467,158392,174297,192345,195703,204528
6741,10392,21426,31000,40257,49847,60977,73134,80941,88564,98396,107342,121739,132874,143239,156937,174567,173990,181034,197030,204072
6742,10406,21504,31234,40078,49813,60754,73196,80748,88540,98156,107390,121526,132524,144295,156383,157875,172428,192036,196673,203968
6743,10387,21535,31288,40184,49933,60753,72987,80777,88493,98187,107243,121953,133609,143765,155594,173674,173674,180493,197555,204808
6744,10576,21636,32072,41389,51782,63074,76180,84408,92910,102996,112555,127155,137879,149636,162922,163888,182048,198900,215436,214254
6745,10513,21606,31451,41177,51915,62621,75598,83857,92291,102317,111872,126409,136810,149654,150573,164488,179942,183108,197753,212505
6746,10403,21995,31686,41492,51739,62509,75459,83136,91519,101417,110757,125882,135404,145711,150174,165697,178021,183870,194170,209181
6747,10441,19835,31483,41428,51979,62536,75323,83139,91336,101264,110398,126081,135162,146326,153103,165745,177888,195721,195721,209254
6748,10433,19537,30846,40637,51383,61635,74349,81918,89844,99512,108322,123210,133391,145247,159290,165492,174332,180559,193741,206975
6749,10384,21678,31143,40386,51245,61204,73760,81488,89367,98845,108089,123070,134383,144454,158605,174318,173881,182983,194984,206064
6750,10472,21923,31479,41286,52301,62675,75514,83470,91420,101551,110797,126113,137779,147846,162492,163503,179937,197090,199122,211476
6751,10425,22034,31273,41233,52382,62797,75671,83556,91487,101657,110796,126198,137193,148172,149603,166418,180254,183667,198346,210826
6752,10447,19757,31265,41011,51943,61867,74532,82179,90251,99948,109160,124074,135914,145758,152444,164801,176332,183002,196282,208028
6753,10443,21939,31243,40939,51865,61884,74545,82281,90185,99905,109169,124111,136147,145614,161975,175793,175793,194650,196853,208484
6754,10450,19746,31402,41449,52462,62818,75641,83413,91413,101229,110529,125606,136485,147209,161791,164114,177570,184694,198323,210089
6755,10293,21923,31310,41231,52344,62676,75168,82915,91049,100551,110073,125098,135523,146769,148785,163945,177303,184751,197779,209467
6756,10575,20095,32126,42773,53906,65074,77743,86103,94264,104873,114582,129853,141042,153336,159907,170542,187596,206208,206575,220654
6757,10466,20149,31996,42846,53203,64806,71041,86066,94013,104755,114546,129387,140773,140215,157495,169993,185231,187921,192295,219271
6758,10454,20289,31548,42266,52249,64036,69898,84766,93014,103115,113253,127568,137938,137938,153220,165085,163257,184379,193160,213819
6759,10451,20174,31337,42038,52112,63836,69555,84272,92562,102788,112895,126467,138079,138178,153370,165798,181787,183258,202333,194323
6760,10633,20829,32676,44045,54631,67181,73341,88815,97961,108570,119320,133494,144215,146642,160239,172492,190739,193222,209440,223348
6761,10658,20847,32496,39816,54857,61015,73245,89047,97783,108755,109031,122758,143688,146739,159874,159878,170622,192601,193598,204336
6762,10769,22153,34322,42272,58079,64624,77064,85056,103226,114473,115308,128735,139901,153087,168085,168340,179845,198462,202414,213966
6763,10639,22210,30498,42150,52283,64448,70917,85039,93754,103332,115098,117361,138557,152580,153022,168496,179544,180512,202298,197464
6764,10608,20581,31267,43083,53418,65821,72147,86567,95529,105059,116876,120497,140232,153209,154742,169449,181790,183693,204581,199794
6765,10580,20483,31229,42946,53108,59011,71773,86168,95195,104322,116379,120287,139741,142727,155019,168854,168135,183344,203616,198878
6766,10563,20513,31317,43105,52891,58750,71651,85860,95015,103947,115795,120482,137979,141429,154511,167489,166872,183470,200732,198558
6767,10579,20384,31249,43106,52961,58659,71608,85646,94822,103655,115541,121071,137608,142086,154566,167095,167729,184568,201305,198535
6768,10382,20820,32001,44269,54473,60683,74159,89007,98606,107778,119859,128287,142952,147425,161069,174354,175218,190910,208030,208030
6769,10365,20747,31842,44163,48681,60418,73753,88651,97893,107392,119457,127453,131255,146766,159515,159515,174815,189094,188018,206318
6770,10721,20861,32178,44580,49377,61032,74432,89349,98750,107832,120111,126195,132437,147634,160556,162458,177399,190703,190056,208949
6771,10437,20982,29124,40326,49261,61085,74539,89350,98684,107953,119983,125933,132207,148044,159591,163422,177689,190032,190032,209056
6772,10295,20937,29200,40392,49424,61765,75452,90618,100233,109825,122157,126933,134526,149431,160994,165842,179274,193480,192923,211286
6773,10322,20927,29113,40435,49458,61700,75516,82520,100310,109972,122014,125115,134482,149025,160880,166218,180311,192592,193960,209978
6774,10326,20854,28985,40094,49031,60453,73928,81000,98419,107674,119418,123809,131625,146659,158432,162921,175346,187682,193185,206710
6775,10609,20793,32811,39935,48880,60301,73734,80523,97801,107081,118716,122859,131546,145695,157319,162873,176052,187693,194208,206385
6776,10466,21286,32939,41185,56943,62148,75634,82801,100422,110202,121666,126850,136062,148564,159535,166212,178730,190585,197739,210088
6777,10383,21313,32789,41010,50094,62196,75610,82740,90857,110027,121787,125949,135460,148735,159183,166430,179203,190504,197799,209600
6778,10649,22417,31011,43078,52733,65115,79384,86719,95408,115387,127699,132489,141345,154544,166796,172521,184862,200339,204951,218802
6779,10293,19899,30922,42958,52421,64929,71905,86320,95093,104686,127185,130660,140174,143093,154451,171603,170486,181896,203264,197585
6780,10940,20663,32196,44715,54804,67542,75103,90781,99544,109448,133432,137572,147023,150168,161328,180212,180385,194140,215192,211947
6781,10353,20585,28744,40394,54736,67616,75237,82858,99598,109596,120024,136085,135422,148539,160591,165300,180800,176496,195120,211630
6782,10567,21462,29778,41469,56440,69848,77463,84954,102142,112521,123663,138967,137885,151878,164284,169179,182960,181248,198714,211833
6783,10568,18665,29999,46110,56305,69730,77350,85097,102023,112534,123650,137823,138293,151868,151868,168385,181114,182264,197354,195868
6784,10534,21991,31154,47542,58245,72545,80221,87946,106217,117803,129152,142992,143353,157564,157277,174041,186709,190165,203168,203003
6785,10547,19099,31279,47479,52266,65305,72141,87671,95906,117627,128582,142347,143169,143720,156811,173296,186108,189120,205312,205008
6786,10684,22252,31720,48311,53321,66108,73124,88791,96999,117944,129600,143041,143562,144965,159129,173577,185412,189482,203924,205411
6787,10521,22264,31410,48385,53283,66053,73167,88748,96816,117928,129477,142866,142876,144064,157950,172961,172961,187970,202305,204780
6788,11099,20732,33536,51042,56328,69630,77268,93498,101985,124377,136079,150273,150483,151572,165334,180966,181030,197238,211243,214722
6789,10759,20714,32886,46056,56172,69464,76902,93012,101548,111740,123835,135567,149935,151371,163949,167182,180730,181736,194528,213859
6790,10728,21470,34360,48364,59112,73429,81238,98267,107159,118586,130376,143283,158198,159676,173342,175410,190521,193055,205610,225465
6791,10666,19067,30663,42678,53593,65558,73575,89852,98259,107266,130637,143715,143715,159347,159347,161324,176271,192766,205287,205836
6792,10044,20463,29022,40529,50976,62244,69728,85199,93513,102375,125076,136891,136891,151698,152057,154516,168896,183137,196477,197442
6793,10212,20436,32631,45747,50913,69838,76998,93378,93378,112975,125041,137004,150967,151179,151675,168931,168931,183761,197162,199287
6794,10310,19944,31688,44634,49725,67862,75164,91162,91162,109751,122076,133075,147497,147762,148750,165475,166458,180134,191869,195555
6795,10251,22636,31585,44447,54515,67686,75005,91004,99537,109548,121449,132799,147194,147245,149208,165362,178420,180710,192490,214942
6796,10705,20750,33157,46821,57545,71465,78984,96330,105696,117108,129292,141364,155557,155720,157044,173145,187403,188977,201254,221791
6797,10431,20710,33107,46711,51668,71351,78843,96187,96187,117163,129333,141277,155246,155462,156953,172226,186290,188909,201530,221193
6798,10826,21437,34032,47539,52743,72476,79813,97318,97318,117497,130054,141812,156045,156045,157727,172939,186599,189950,202354,222637
6799,10431,18895,33963,47413,52865,64836,79521,88118,96856,116894,129594,141349,141349,155650,157204,170724,185633,189252,201849,202216
6800,10800,22410,35555,49897,56009,68319,83221,92992,103061,124081,135700,146808,146808,159982,161647,174610,189792,194636,207002,207415
6801,10680,22428,31907,44572,56134,68552,75524,93069,103175,113212,124242,135734,146746,160104,161191,162420,174455,194067,206293,207458
6802,10831,22623,32056,44325,55652,68045,74985,91890,101349,111665,122053,133678,145002,158640,160004,160971,173402,192391,203930,206484
6803,10767,22639,31909,44236,55842,68162,75131,92106,101220,111393,122022,133870,144829,158990,159798,162685,173266,192338,204469,206583
6804,11057,23139,32982,45912,57506,70318,78223,96497,106262,116112,127541,140454,153977,171182,171685,175270,187947,208447,220837,225119
6805,11047,23056,32699,45782,51568,70118,77908,86472,96095,115939,126926,139993,153460,153460,170899,187885,172592,190595,202358,207154
6806,11035,23187,33090,46096,51646,70945,78101,86017,95189,115716,126696,139642,151734,151734,166711,167603,169064,183168,195320,199477
6807,11028,23150,32987,46158,51513,70700,78143,85929,95141,115595,126621,139411,151881,151881,166446,167222,168943,184836,195119,200939
6808,11320,23801,34159,47678,53397,73225,80787,88839,98865,119996,131843,144712,157339,157339,171920,172816,175987,190479,201495,208055
6809,11305,23713,30324,47536,53311,66065,80566,88786,98327,108688,131289,131289,156719,156719,171335,185918,175485,188795,200968,207539
6810,11525,24264,30970,48386,54316,67403,81981,90699,100285,109968,133119,133119,159056,159056,173795,174240,178640,191785,203327,209697
6811,11493,24261,30969,48536,54308,67494,74525,90654,100283,110229,133269,133269,159378,159378,173918,188210,178953,191285,203779,209827
6812,11782,24710,31662,44592,55250,68452,75598,92008,101936,112733,135882,135882,161484,161484,176156,176156,180320,192758,205440,211984
6813,11771,24707,31709,44583,55141,68538,75684,92073,102011,112737,123837,135834,149075,161508,176360,176360,180196,180196,205576,211329
6814,11472,24206,31021,43263,53941,67026,74048,89689,99418,109072,121167,132199,145401,157589,171931,171931,175449,175960,199810,205501
6815,11414,24137,30777,43259,53710,66657,73766,89587,99117,108779,120616,131475,144950,157145,171279,184614,175148,177082,199414,205805
6816,11067,23357,29860,41920,52113,64763,71501,86214,95362,105766,116525,127522,140073,151836,165405,165405,168571,171647,192632,198267
6817,11027,23338,33454,46567,52043,64710,78356,86114,95225,116444,127316,127316,151753,151753,165252,165252,168843,185027,192321,199564
6818,10674,22293,31723,43767,48893,60581,73746,80838,89524,108399,118336,118336,141446,141446,154514,154514,158795,173767,180583,188075
6819,10652,19778,31714,43527,54228,66450,73585,89274,97884,108193,117827,129750,140832,154217,154217,154217,172737,186928,194988,204035
6820,10274,19232,30324,42138,52387,64447,70904,86679,95992,105803,127550,127550,137894,150446,150446,150446,168581,182878,189979,200310
6821,10287,19188,33709,47065,52300,64522,78172,86849,96108,105791,127514,138033,150526,150526,150526,150526,182408,183475,190353,216747
6822,9839,17662,30638,42301,46733,57268,69600,77187,84791,93574,112388,122249,133797,133797,133797,134177,163136,166955,170311,195980
6823,9826,19740,27576,37777,51984,63332,77191,77191,93445,102197,122411,122411,133748,133748,144965,145694,176669,184964,187702,211681
6824,9213,18297,25595,35127,48535,59010,72153,72153,87514,96278,114683,114683,125441,125441,135826,148047,165959,182258,176506,199341
6825,9152,20606,28238,39078,48453,58721,71745,79203,86950,95724,114223,124912,124912,135226,146474,160515,167572,188751,191235,199989
6826,9046,20402,27915,38401,47298,57660,70714,77690,85494,93672,112271,123145,123145,133491,144827,158971,170539,189223,191118,204854
6827,8918,20460,27861,38277,52027,57748,70530,77687,93508,93508,112139,123263,123263,133523,144766,160863,180237,188064,191560,215917
6828,8819,19697,26998,37547,50967,56412,69897,76723,92474,92474,111264,123134,123134,134308,147184,164792,184848,188233,196782,221571
6829,8756,19685,30087,41686,50742,56121,69699,76465,92101,101383,110835,122581,122581,133869,146616,165038,182200,188033,196312,200994
6830,8247,18459,28251,38909,47940,58812,65241,71702,86924,96161,105384,116217,116217,126095,136454,152938,169486,182446,182165,195597
6831,8281,20647,31393,38938,53408,58958,71867,79326,87116,96316,116281,116281,116281,126001,148210,167317,171461,190756,184830,209027
6832,8345,19837,30176,37350,50897,56493,68727,75448,83222,91704,110467,110467,110467,119799,141659,160733,168853,184691,182574,206318
6833,9965,19809,30165,41498,50953,56498,68851,83184,91549,99864,110310,110310,119785,130462,141409,160294,180957,186019,198034,214046
6834,9700,19002,29025,40065,49161,54434,66242,80001,88034,96417,106524,106524,115618,125766,136709,156044,176186,183987,195700,208297
6835,10293,21004,28878,39750,48837,59977,71982,79667,87635,95860,114845,105791,125177,125177,149693,156442,189862,191766,206024,222504
6836,10107,20508,32854,39099,53623,59312,71659,79435,87544,96009,105825,105825,125078,125078,149974,162693,188213,190476,205590,222156
6837,10106,20475,31964,38974,53560,59394,71582,79013,87395,105806,114645,105806,124830,124830,150702,172840,185680,189282,203888,218002
6838,10445,20037,31176,38004,46751,57266,69227,76336,84325,102154,102154,102154,121069,121493,146323,166693,165786,186485,199022,213164
6839,10421,19920,31074,37780,51391,57071,68805,75856,91572,101542,101542,110414,120243,131823,145606,167063,180499,186412,198395,212160
6840,10451,20389,31547,38691,52561,64093,70420,77486,93661,103189,103189,112037,122073,147474,148268,166824,180468,187200,198193,214990
6841,10540,20485,31587,38754,52753,64153,70390,77578,93816,103305,103305,112091,122328,147492,149261,166864,180548,187266,199744,213595
6842,10645,21027,32526,39711,54157,66034,72519,79834,96380,106324,106324,115486,125989,151900,152584,170943,186014,190447,204517,220033
6843,10275,20986,32489,39612,54149,59751,72659,79829,96201,106324,106324,115463,125884,137853,152810,169729,168637,189994,189016,219610
6844,10735,20754,28557,39259,53363,59036,71312,78467,94179,104062,104062,113072,123320,135277,149815,167971,185296,187321,187321,216625
6845,10296,20796,28448,39002,47954,58733,70891,78045,93541,103263,103263,112640,122571,134503,149412,166587,165524,186746,190741,215852
6846,10365,21043,33388,39763,53680,59500,71702,78809,94623,104519,104519,113528,123670,135857,152880,167859,184430,186724,193388,195677
6847,10349,21060,32463,39654,53716,59345,71488,78558,94488,104344,104344,113439,123472,137399,152843,167356,166553,186951,204947,215173
6848,10701,21348,33090,40632,49903,61299,73824,80887,97432,107689,107689,117152,127553,143264,156930,171601,188706,191451,208184,221565
6849,10327,21380,32852,40441,49748,60969,73267,80638,97111,97111,107044,116351,126822,142829,156518,170898,170491,190155,190623,201497
6850,10284,21605,29532,40744,49964,61385,73746,81071,97630,107946,107946,117215,128009,144225,157772,172103,190874,193104,194022,204635
6851,10420,19581,29561,40613,50023,61437,73930,81165,97691,107895,107895,117483,127993,144006,157841,158437,172005,192829,195125,204473
6852,10679,20123,30600,42127,51856,63780,76727,84929,101774,101774,112455,122708,134659,150120,165943,167232,180916,200979,202601,216755
6853,10676,20100,30666,42162,51782,57445,70322,84863,93261,101870,112480,122752,122752,149812,150788,167293,181485,181485,202386,198507
6854,10603,20813,32210,44335,54651,60874,74099,88933,98758,108209,120183,130901,130901,157033,158810,174124,189583,189583,212098,208683
6855,10607,20649,31885,44052,48592,60605,67263,80490,88758,98179,119691,119691,130479,146202,158685,159070,173446,189303,190190,207427
6856,10775,21203,32666,45342,50084,62279,75903,83004,91606,101142,122577,122577,133465,148869,161457,162449,177239,194168,195750,212250
6857,10429,21211,32554,40993,50109,62102,68977,82860,91497,101042,110601,122712,133274,148560,148910,162686,177220,177630,195553,211982
6858,10760,22262,30936,42721,52555,64889,71679,86367,95423,104618,114632,126146,136452,150494,151959,165707,180332,180307,199042,215249
6859,10343,19698,30782,38593,52258,58373,71310,85916,94923,104326,114093,125493,135906,139305,152118,165504,179741,181031,197425,193997
6860,10799,20329,31919,44469,54450,60513,73950,89308,98693,109056,118952,130908,141687,144908,157516,171998,186751,187473,204151,203309
6861,10442,20365,31828,40182,49090,60490,73987,81362,98554,108973,118945,130828,141678,144935,157609,158104,169087,187955,188513,203406
6862,10525,20611,32175,40287,49410,60733,74086,81709,98729,108453,118461,130378,141492,144867,157437,159661,170379,187889,190113,203809
6863,10538,20586,28776,40274,49364,60624,74156,81541,98609,98609,118641,130367,141290,144690,157222,162628,170697,187805,194487,203686
6864,10706,21449,30180,42232,51609,63967,78052,85691,103516,114074,124545,136696,147960,151146,163813,167150,177252,195517,213261,211224
6865,10376,18812,30048,41953,51481,63690,77790,85291,93640,103284,123978,136028,136028,150718,163498,166817,177236,177892,195142,210171
6866,10646,19419,30864,42827,52381,64149,78596,86320,94253,103614,124653,137261,137261,151807,165078,168910,178987,180876,198968,213922
6867,10616,19391,30836,42766,52270,64374,78610,86363,94081,103740,124683,136830,136830,151679,152146,168208,179080,182220,198863,195859
6868,10897,20200,32601,39822,54728,67590,82108,90453,98775,108841,130632,143270,143270,157670,158929,174333,186408,189976,206869,203573
6869,10509,20111,28652,44737,54510,60529,74184,90148,98543,108454,119229,142693,142693,145908,158382,173330,171965,188513,205536,204167
6870,10525,20170,29360,44780,54698,60693,74545,90341,98808,108863,119475,143162,143162,146029,158659,173096,171943,188918,205608,204002
6871,10244,20446,30420,45104,54895,61104,74681,90434,98864,107919,119318,143266,143266,146115,158599,173593,172853,189713,205241,204822
6872,11077,21424,31942,47166,57954,63918,77996,94876,103938,114018,124977,149020,149020,151574,164625,179429,179429,196686,211059,211059
6873,10213,18969,35404,47190,52231,70592,78005,86145,103816,113923,124866,136079,149009,150924,164278,166049,179379,196537,193766,210878
6874,10645,19148,33974,47109,51959,70408,77634,85942,103498,113363,124401,135475,148869,150384,163351,165396,179062,194504,194504,211590
6875,10372,19108,33855,46920,51852,70160,77322,85536,103013,113126,123873,134933,148461,150023,162781,165508,178665,194601,194601,211453
6876,10470,19159,34042,47131,52144,70517,77664,85902,103614,113414,124625,135469,148844,150422,163120,165815,178551,194544,194684,211428
6877,17101,28312,31701,39091,48385,58053,63955,70090,77806,85041,95636,103944,104748,115227,124545,124407,135613,136462,148814,150163
6878,13113,26227,40861,54642,63809,75945,81607,90071,98004,117321,131195,139774,143226,154207,158530,162057,176395,188596,194072,209265
6879,10899,23487,33142,48292,56998,68181,76204,90902,102301,111219,120859,131817,145927,147188,152988,165770,179057,188764,197073,211379
6880,10481,24731,35061,46056,56737,68165,82244,90987,100483,119832,120209,131559,144228,147076,161506,173746,186730,188076,204390,221384
6881,10551,23251,33668,44759,55895,67552,81959,90005,99468,118476,119785,130556,143300,146600,160034,171755,184661,187522,202893,220271
6882,10301,22404,33348,44299,54088,66446,80291,88809,97700,106281,117887,127589,141063,143582,157681,169696,183041,187571,199939,215450
6883,10353,21739,33480,44194,53727,65060,71903,88099,96811,105638,127288,127573,139751,143440,155166,167251,180611,185277,198228,213780
6884,10312,21501,32787,43919,53477,64879,79140,88296,96470,105147,125746,138703,138930,143884,154553,166602,179644,186352,196896,196712
6885,10561,22558,33502,45799,56269,68246,83234,91553,101711,110894,132775,146006,146254,149817,161941,174951,187928,191161,206696,222606
6886,10617,19786,33181,45454,56194,68203,75097,91344,101391,110548,120912,132460,145843,149405,161213,173467,173467,190413,206772,204604
6887,10551,19693,32845,44247,50532,67768,74806,91061,100422,109670,120446,131273,144914,147718,160932,172703,172703,189238,205317,205567
6888,10496,20047,32487,44562,51020,68848,76165,91868,101511,110153,121497,133395,146282,149675,160977,175399,175662,191729,206697,207448
6889,10537,20153,31746,44051,55501,66502,74368,89656,98395,108255,118939,129701,142829,146003,158505,157314,171656,187964,201158,202751
6890,10582,22978,31884,44196,55519,66199,74337,88803,98485,108201,118869,129786,143043,146232,157287,157287,171776,188167,200883,204347
6891,10574,22859,31743,44062,55185,66056,74300,88646,98253,107910,118644,129536,142496,145572,158125,158281,171840,187606,200197,204622
6892,10280,20164,28433,44384,55579,66565,75158,89423,99182,109453,120835,131307,144412,147881,160093,161251,175381,189750,202701,205308
6893,10526,20206,29080,44299,49615,66813,74909,89697,99643,110031,119551,131448,144455,148005,159404,162666,175743,189135,202861,206091
6894,10276,19975,29351,43557,49205,65015,73002,87355,95177,105320,116068,126341,140030,145092,155060,161503,171288,184171,196889,203919
6895,10606,19888,33060,43154,54137,64818,71778,86648,94983,104613,115035,125300,137697,144073,153208,170116,174643,186164,195211,216093
6896,10261,19921,32240,43099,53928,64508,72785,86592,94810,104511,114861,125182,137620,144079,153422,169491,186391,186391,195596,214223
6897,10597,22706,32187,43223,54095,64734,72691,86574,95086,104773,115261,125520,138037,145196,154040,169781,182622,187988,195042,214327
6898,10081,21897,30933,41797,51104,62428,70091,83450,91710,100394,110663,121007,132897,142612,149796,165199,176216,181766,190025,206392
6899,10361,21936,31207,41885,52157,62484,77531,83747,91967,111340,121261,133488,133326,144040,152022,165921,177159,184527,190200,206753
6900,9901,20873,29912,40186,50441,60537,74711,82058,89744,108454,118611,130798,130798,143382,162925,166037,177053,186933,191739,206071
6901,9875,19251,27597,36718,46155,60656,67533,74394,90818,98350,107226,117954,117990,132690,145300,155580,162909,172839,174064,189410
6902,10425,21441,31668,40843,50943,67559,75725,81706,99961,107265,118040,118040,129871,151081,158618,166409,176234,191005,191696,208748
6903,10424,21536,31727,40815,51158,67722,74965,81896,98918,107643,118280,118280,130509,149471,158106,166582,177383,189172,194745,208589
6904,10098,20883,30705,39627,49430,65973,73115,80058,96027,104432,115151,116632,127146,143395,153644,163312,174977,186167,197264,206124
6905,10144,21027,33937,39971,54954,66352,73534,80401,96624,105262,115845,117565,127678,144636,153944,172346,185125,187130,204990,207748
6906,10655,19977,31362,37722,51826,62289,68834,82765,90811,98856,108727,110656,120110,142368,147490,164678,169737,183767,196295,204414
6907,9752,19417,30653,40670,50409,60566,74535,80297,95691,104991,104991,117118,127413,146780,148936,162949,176115,179009,194432,210153
6908,10409,21425,30576,40622,55433,60221,72956,87227,95235,104650,104650,117167,138382,145968,160552,172234,186699,190290,202531,218965
6909,10445,21407,30686,40693,55419,60640,73091,87793,95617,105027,107454,117444,137705,145949,157007,170551,185169,188944,202179,218479
6910,10398,21417,30844,40988,56204,61460,74395,89634,97641,107556,109676,119638,141414,147937,158411,171133,187397,192876,205125,222303
6911,10420,21358,30635,40917,56214,61399,74339,89477,97527,107200,109473,120040,140606,146021,157460,169811,187590,191262,191902,221932
6912,10372,21031,30146,39478,52967,58834,71071,85457,93086,102061,104370,114855,134157,142875,152226,162555,162275,182232,188986,214529
6913,10358,21159,33320,39573,53106,64960,71334,85750,93204,102676,114406,114983,134544,150452,156840,163677,180558,184010,202134,215219
6914,10347,21073,33177,39554,52678,64576,70852,84681,92393,101475,113122,114131,134185,148890,155154,162636,178232,184779,197278,211049
6915,10333,21193,33263,44594,53211,65005,72356,85432,92990,102217,113950,125265,134964,148631,163484,164753,178894,195016,197701,212228
6916,10346,20899,32854,43603,53412,65596,73017,86411,94152,103482,115272,126335,136038,150438,152596,165959,181252,182934,199652,214845
6917,10406,20887,32210,43435,53384,65227,72779,85911,93940,103131,114795,126248,135461,150247,153133,165869,163192,187082,199493,214803
6918,11099,20600,31531,42358,51819,63462,70808,83444,90643,100022,111583,122750,132651,146706,153750,165505,176059,183672,193139,209263
6919,10239,20639,31576,42545,51889,63780,78191,83675,91236,100442,112386,123574,133052,146872,161532,177808,177582,193143,199118,209963
6920,10069,20478,31458,42596,52025,63796,76794,84111,91722,101161,112886,124855,133592,147478,161055,161618,178624,185853,198328,211744
6921,10136,20473,31358,42436,51919,63610,76344,83930,100732,102750,112680,124561,133447,147095,150068,162730,177214,186547,198321,211217
6922,10925,20774,32176,43543,53178,65112,78538,86429,94482,106125,116229,128513,139075,153594,155684,168071,183206,200403,201520,213766
6923,10095,20804,28757,43692,53537,65395,71404,86845,94886,106703,116319,128400,139308,153754,156274,168551,183510,185033,201350,214606
6924,10867,20871,28588,43219,53163,64739,71040,85899,93762,103992,115431,117009,136273,137602,154804,165893,182407,183391,199522,196068
6925,10089,20923,32952,43402,53478,65154,71434,86332,94204,104242,115194,118482,136772,138444,165899,166974,165603,184799,199302,215071
6926,10881,21086,32584,43793,54059,65694,72292,87301,95211,105171,116082,120515,137223,139313,153209,166617,183681,187227,200147,215432
6927,10095,21088,32489,43966,53920,65744,72192,87139,95151,104982,115922,122698,137026,139593,153547,166600,166024,184928,200437,197564
6928,10096,21357,32914,40568,55031,67203,73989,89706,97727,107539,120247,125170,140961,143712,157411,172705,188678,192380,205480,223483
6929,10886,21446,29427,40655,55402,67556,74241,89822,98139,107980,119807,125446,140983,144293,157768,171128,170997,191177,190314,202993
6930,10149,21367,29314,40346,54713,60519,72968,88385,96324,106190,117928,124453,138395,142657,155691,168583,186554,188929,189152,200378
6931,10900,21359,29370,40186,54543,60330,72684,88264,96150,105963,117440,123834,137790,142907,155704,168841,168367,187906,191372,221129
6932,10104,21560,30657,40861,55262,61201,73881,89159,97417,107150,118578,125023,138944,144744,156588,169451,187908,188234,195686,201484
6933,10849,21565,30726,41051,55471,61345,74355,89504,97811,107485,118800,125375,129318,145288,156883,170319,169916,189143,196043,202470
6934,10213,21797,30893,41514,56082,62265,75321,91334,99673,109697,120513,126869,133191,148059,160443,173786,192484,193434,211110,207923
6935,10266,19826,31270,41914,51091,62812,75907,83443,100252,110543,112130,127263,133696,148363,160542,160105,174580,175645,196606,208670
6936,10945,19411,30692,41074,50024,61477,74036,81433,97617,107409,109787,124350,130303,145151,156544,156544,169690,178232,192710,204197
6937,10169,19493,30707,41054,50287,61451,74390,81728,97903,107842,110284,124649,130643,145243,156914,157726,170465,193193,194567,204965
6938,10024,19108,30249,39971,48771,59608,72039,79088,94974,104491,106762,122064,126733,143166,153344,159863,183782,187970,193656,198720
6939,10799,19261,30410,40178,54152,66111,72265,87377,95340,104949,116895,123513,137716,144566,154233,170203,166240,189217,203913,218193
6940,9849,19064,30586,40453,55029,67257,73878,89438,97620,107477,119016,125596,140025,150985,157659,172305,188209,190707,205983,219529
6941,10677,19362,30565,40372,54828,66940,73711,89329,97519,107373,118242,125057,139993,145332,157394,169934,169257,189874,191665,201563
6942,10576,21916,30312,40054,54177,66342,72521,87974,95908,105891,116385,124209,138223,143855,155926,167993,185917,188329,193487,201594
6943,10599,21455,30398,40157,54532,66620,72899,88388,96636,106558,116976,124775,138598,144893,156343,168434,168216,188799,195334,218685
6944,9921,21975,31652,42209,57941,70883,78273,94296,102996,114449,126612,131768,151728,157000,169669,183798,202338,203078,220225,235960
6945,10792,21990,31853,42557,52405,64589,78789,86670,94926,114759,114759,122667,128536,144535,156371,169596,184934,185316,203801,216246
6946,10634,22174,32519,44031,54586,68347,83553,92454,102221,126593,126593,132602,141189,157807,170797,187325,187325,206943,232646,229406
6947,9841,19817,32387,43616,48428,67953,75207,83025,91881,112177,126171,131528,140733,141856,156956,169797,169294,187373,187373,203981
6948,10577,19387,31289,41954,46283,64389,70944,77426,85438,103793,116079,121206,129245,133292,143500,143500,154482,169764,169764,181814
6949,10558,19497,31392,41975,51847,64653,71208,85838,94829,104210,116408,122514,129899,146068,156200,157028,170075,184985,186608,204397
6950,10447,21884,31464,41758,51320,63890,70351,84419,93590,102696,114485,120352,127890,143644,153812,155359,167649,183133,189864,201467
6951,10453,21605,31350,41682,51195,63685,70270,84335,93577,114098,114098,121545,128169,144419,153803,156133,167944,183432,192477,201320
6952,10414,21697,31704,42432,52251,65354,71920,86713,95875,117435,117435,125005,132027,148641,157361,164985,173326,188763,210974,206871
6953,10380,21735,31717,42546,52414,65591,72214,87068,96192,105919,118024,124987,132546,148328,157964,165773,174340,188924,194622,208094
6954,10333,21295,31059,41166,50666,62974,69176,83276,91687,100548,111919,121243,125934,141540,151035,159316,168832,181558,188815,198865
6955,10335,21512,31236,41493,51160,63284,75983,83665,92416,112626,112626,122010,138385,143040,151843,171367,173736,182422,205962,201066
6956,10127,21253,30972,40931,50214,62345,74628,82259,90962,110930,110930,121050,135742,142423,149407,166077,180132,179678,198346,196606
6957,10223,21427,31132,41204,50604,62649,75170,82631,91372,100414,111615,130556,135905,151666,151029,166576,180625,185265,200337,197798
6958,10298,21594,31365,41672,51054,63622,76436,84097,92914,113412,113412,129759,138504,152911,154693,169202,184068,189916,203436,202974
6959,10247,21664,31397,41733,51199,63927,70408,84495,93292,102537,114072,121642,138680,153100,155397,168550,168934,189955,203726,203726
6960,10651,21655,31514,41834,51359,63426,69905,83774,92409,101382,112442,120943,137341,139086,154126,166965,171438,184105,201375,199577
6961,10184,21609,31517,41780,51130,63319,69682,83610,92335,101158,112367,122233,136954,140431,156279,166746,182814,186136,201306,200719
6962,10661,22037,31917,42621,52388,64962,78093,85966,95031,104495,116038,125486,141038,144827,157837,170954,186846,191610,206434,206434
6963,10266,19751,32030,42709,52659,65099,71923,86276,95528,104874,116536,125536,141576,144885,157685,171632,171746,189164,187155,207249
6964,10198,19747,31888,42502,52554,65095,71505,85997,95081,104380,115852,125219,140638,145208,157098,171213,171546,187876,186587,206392
6965,10598,19883,32029,42923,52883,65428,72025,86654,95520,105006,116481,125554,140942,145653,157037,170965,174054,188989,189084,206999
6966,10679,20323,32717,44443,54997,67839,74537,89666,99270,108830,120599,128566,133664,149079,161930,176182,178598,193699,195600,214045
6967,10312,20291,31953,40107,49063,60924,74250,81373,99069,108445,120320,126190,133299,148296,161269,161269,178440,192873,195970,214183
6968,10387,20691,32440,40913,50136,62440,76367,83535,102286,111881,123842,129403,136141,152053,166780,166780,182572,195493,199609,216664
6969,10389,20823,32498,40976,50173,62694,76698,92501,102581,112283,124344,129619,136692,152466,152466,167395,181532,180252,198770,196231
6970,10558,20716,29219,40971,50629,62636,77010,84597,103083,113372,126072,129561,139663,143063,156049,169922,186738,186738,204892,204666
6971,10255,20641,29187,40862,50557,62504,76876,84349,102876,113156,125905,129050,139219,143148,155332,169699,170545,186676,190046,203730
6972,10536,20955,33805,41633,50946,63491,77474,84830,103886,113982,126455,129778,139488,142279,154252,167176,169757,184295,190206,200558
6973,10531,21050,32985,41700,51124,63888,71016,85207,104168,114345,126842,129875,139825,142478,154840,167866,170770,184694,202042,201966
6974,10398,21780,30873,43192,53021,65866,73172,87852,107103,117850,130356,133790,143309,147063,160073,173399,177418,191000,208420,207934
6975,10742,21985,31092,43468,53372,66309,73580,88380,97661,118365,130984,134245,144438,147546,160245,159957,177513,191478,191559,209780
6976,10366,22187,31292,43515,53392,66332,73437,88108,97249,107686,130149,132712,141718,146049,159119,159119,175342,188899,193718,206283
6977,10583,19715,31122,43387,53156,65912,73019,87639,96666,106887,129654,132137,141290,145349,158493,159683,176059,188605,195118,205395
6978,10649,20817,32986,45881,55776,69426,77081,92002,101264,111641,136071,138092,148308,152859,164783,165489,181700,197335,215064,215064
6979,10695,20826,29195,45901,55888,69547,77370,92247,101895,112067,123406,139151,136603,153288,165205,165959,181432,180840,198421,214982
6980,10970,21949,30504,47661,58393,72299,80029,95717,105367,116745,127826,142938,141485,158173,156197,172038,187866,187866,205948,222603
6981,10740,21920,30555,47538,52622,65165,72117,87441,105231,116468,127463,142513,141003,145204,156185,171112,187142,187142,205217,204960
6982,10774,22499,31632,49198,54305,67416,74714,90443,108926,119470,131252,144880,144880,148312,160516,175081,190492,190551,208154,208993
6983,10505,19706,31623,44372,54398,67505,74851,90538,98583,109140,131484,131484,144912,148746,160423,161974,174685,191051,208332,209709
6984,10456,19427,31171,43667,53343,65858,73078,88707,96882,106872,128894,128894,142337,146566,157544,160445,173330,188625,205611,207075
6985,10551,22363,31348,43775,53711,66251,73492,89133,97568,107364,129699,129699,142779,146890,158207,161610,173846,189243,204739,208337
6986,10228,19449,30579,42874,53038,64592,71008,86647,95546,104529,124687,124687,136647,141157,151759,156422,166844,182056,195414,199565
6987,10516,22262,30595,47652,52824,64322,70754,86448,95126,114145,123960,136018,136018,141069,151519,167409,182416,183105,195386,213974
6988,10304,21673,30308,46875,52261,63458,78164,86406,94742,114082,123942,135698,135698,141387,149703,170097,179616,181378,193079,211946
6989,10301,21709,30908,47136,52470,63678,78449,86748,95034,114545,124239,136158,136158,141362,150923,169909,179250,185616,193854,212050
6990,10009,20596,29302,44409,49233,60072,73672,81293,89462,107446,117159,128749,128749,135824,143618,160525,169884,175554,185600,202521
6991,10235,20559,33355,39842,54090,66060,73527,80922,97625,107210,116712,128282,128282,145466,156447,160926,170684,190949,187321,202306
6992,10030,20385,32369,39360,53847,66096,73553,81656,98168,107564,116981,128356,128356,147460,156510,163221,171617,189866,188862,203962
6993,10358,20417,31963,39540,54102,66330,73742,81904,98569,107865,117375,128970,128970,147278,156942,163981,174549,189213,190090,204552
6994,10226,19564,30798,38303,51944,64479,71588,79105,94871,104609,114368,127183,127183,145835,156807,165777,173688,191491,196454,207105
6995,10567,22201,30981,42794,52322,64797,72181,86829,95276,105107,114937,127917,127917,146657,156835,166592,176027,190267,197166,208319
6996,9927,21320,29836,41349,51108,62585,69381,84317,92732,102465,112159,123266,123266,139123,150696,162398,168426,179846,188466,197524
6997,10204,21345,30439,41460,51176,62800,69671,84520,93141,102848,112456,123777,133751,140407,151766,169192,182437,181633,200076,204133
6998,10513,21177,30194,40746,50222,61813,68540,83493,91343,100980,110689,122363,132374,144154,151036,167934,180127,184718,198461,214694
6999,10200,21120,34088,40823,50474,61966,68653,83538,91769,101470,110848,122711,133006,152599,153573,168224,179256,185310,197989,213280
7000,10356,20319,31747,39358,48531,59680,66182,80353,88759,97931,107065,118294,128292,146825,150773,163642,173515,183775,193431,206159
7001,10327,20245,31406,43851,48371,59474,72942,80228,88594,97691,118195,118195,128106,146225,159997,165569,174258,190328,199018,205983
7002,10082,19929,30972,42979,47660,58775,71950,79085,87546,96495,116753,116753,126800,144074,155529,171513,173782,187975,194138,204788
7003,10286,22233,31043,43071,53287,58879,72287,87725,87725,96863,117291,117291,127596,144624,156132,170164,175399,187990,205529,205790
7004,10240,21637,30332,42072,52184,57957,71009,86715,86715,95966,116122,116122,126619,144547,156288,169157,183959,187975,192771,206039
7005,10483,21766,30743,42324,52478,64603,71400,87194,87194,96537,116568,116568,127744,145612,156694,168685,173349,188628,205746,207371
7006,10103,21042,30108,40584,50210,61636,67735,82046,82046,90768,109848,109848,120451,140493,150289,161873,169378,184194,186268,203495
7007,10278,21037,34007,40590,50148,61690,67933,82147,90809,99348,109913,109913,130869,149026,152967,165202,182501,185352,200389,215861
7008,10117,20627,32388,39934,49031,60083,66167,80280,88834,97007,106819,106819,127199,143429,157554,160427,175929,180354,194186,206601
7009,10303,20673,32430,40052,54483,60427,72981,80752,89267,107369,107369,116959,127803,144814,157704,163844,186555,191196,206011,207750
7010,10469,21255,33108,40927,55801,61897,75407,82888,91718,110673,110673,120373,131841,147870,161774,167351,192497,192645,194319,210803
7011,10475,21135,29397,40772,50432,61648,75076,83016,91618,100087,110315,120171,132252,146942,160206,166634,173302,180240,195237,210110
7012,10481,20667,28649,39683,48756,59601,72319,79667,87778,95983,105759,115530,127103,141524,154231,164649,167007,179565,194431,203989
7013,10403,20806,29145,39731,53983,59737,72389,79922,88179,106312,106312,115912,127897,142602,154892,171330,186557,190074,203372,206781
7014,10405,20604,33037,39391,53550,59321,71646,78904,87384,105105,105105,115653,128055,145211,152899,167292,182054,187133,191612,205931
7015,10446,20746,32680,39641,54065,59735,72276,79585,87962,106009,106009,116363,138790,146022,154697,167804,183864,188135,202070,218600
7016,10396,20921,32621,40303,54852,60889,73698,81554,89676,108376,108376,120000,141695,149251,158403,170987,187457,189740,204671,223911
7017,10358,20978,32595,40201,54666,60608,73419,81245,89638,108176,108176,119585,141014,147845,157712,170890,168134,189149,190713,222755
7018,10503,20864,28771,39815,54132,60348,73027,80180,88146,107775,107775,118414,141352,145903,158433,171824,171339,191630,208804,227483
7019,10472,20881,28765,40005,54406,60588,73332,80479,88645,108286,108286,120063,141395,146081,158820,158945,171443,178213,193275,209268
7020,10529,20712,33181,39486,53917,59749,72236,79782,88133,106854,106854,119554,137820,143479,154620,157246,167671,180409,190136,202119
7021,10211,20512,32219,39311,53869,65599,72098,79739,88049,106765,106765,117614,137566,144894,154326,162774,184731,188607,202316,199613
7022,10644,20568,32193,39495,48987,60291,73054,80626,89382,108491,108491,121715,140283,147331,157680,174756,187866,191066,193555,205725
7023,10175,20538,32278,39704,54585,60510,73364,80936,89815,108898,108898,122415,140489,145706,157743,162431,187716,190855,207998,206144
7024,10778,20574,28201,38956,48335,58926,71145,78877,87008,105335,105335,118809,135847,145211,153605,162188,165192,185832,188276,200658
7025,10375,20662,32123,43696,53720,65283,71806,79367,87640,105836,105836,120678,136572,144052,154660,169797,184024,186810,203573,201510
7026,10441,20655,31965,43278,53316,64942,71343,78636,86707,105010,105010,121100,135272,146197,154653,168727,163730,185892,190287,199193
7027,10409,20499,31894,43332,47951,64707,71124,78334,86870,104988,104988,122341,135288,145516,155094,167130,181260,186579,201643,217412
7028,10573,20428,31914,43471,53669,59279,72010,87801,87801,106466,106466,126693,137210,146589,156465,169193,183480,189522,202975,220942
7029,10544,20479,31926,43547,53807,65546,72225,79760,88146,106836,106836,126415,137479,146098,157314,169545,166427,189982,190787,219966
7030,10302,20538,31813,43194,53437,59081,71540,86974,86974,105143,105143,125190,135713,145237,155922,166978,180976,186260,203889,216325
7031,10762,20615,31822,43108,47934,65151,71341,78502,86848,104816,104816,129942,135596,145434,155727,167033,181215,186202,201397,216391
7032,10208,20341,31237,42586,52394,64145,70379,85593,93356,102884,102884,126938,132561,144133,153556,163092,176441,184000,196985,210981
7033,10302,20342,31345,42611,52433,64290,70749,85879,93730,103409,103409,126992,133109,153219,155220,164917,177122,197063,197883,211583
7034,10149,19867,31045,42460,52560,64432,70937,86517,94639,104214,113063,127493,134546,151260,156834,167856,179442,183884,199109,214042
7035,10547,20012,31337,42845,52989,58671,71400,86970,95085,104774,113976,127722,135280,149721,156579,167339,163276,185931,199621,214533
7036,10440,19831,30885,42048,51573,57290,69620,76561,92425,101901,110758,124397,131528,147469,154848,165207,176167,183404,195004,209709
7037,10548,22235,30931,42154,51931,63358,69747,84838,92634,102260,111035,124440,131864,146212,155139,165360,178374,195574,196109,210010
7038,10341,22255,30922,41891,51737,63415,69596,84433,92359,102021,110706,124777,131551,147330,163036,165236,176953,180659,195474,208367
7039,10197,22367,30956,42096,52136,63503,69916,85050,92750,102616,111229,125299,131965,146180,152577,166206,178122,195244,196681,209343
7040,10555,22063,30687,42299,51773,63924,70556,85715,93735,103306,112342,125847,133329,147939,155133,166901,179693,183220,198959,212245
7041,10572,21894,30724,42160,51657,63646,70279,85522,93579,103024,111692,125460,133237,146993,155871,167414,177684,183838,197964,211337
7042,10497,22166,30640,41851,51859,63858,69657,84483,92730,103462,112849,126690,134677,149773,158574,169224,183310,188506,202208,215955
7043,10351,22207,30815,42001,52000,64056,70037,85091,92845,103812,113460,127064,135163,149960,157254,168603,183241,188965,202268,198348
7044,10188,19637,30716,42198,52560,64267,71147,87089,95602,105524,114540,127639,135698,149539,157098,167045,162989,185737,186769,195344
7045,10477,22256,31053,42554,52653,64748,71674,79211,96027,105963,115090,127624,136216,149850,156256,166807,182055,186811,194067,215634
7046,10434,19731,30777,41904,51952,57505,70633,77664,93778,103694,112958,125213,133797,134584,154635,164874,179240,185454,200399,212245
7047,10324,21981,30704,41618,51614,57188,70028,77220,93465,103301,112459,125184,133633,135556,154929,165810,178314,186021,199657,211477
7048,10629,20044,31493,42006,51729,63454,70114,85247,93196,102984,111960,124530,132895,136787,155306,165686,176737,185490,197229,209892
7049,10652,20046,31316,42134,52063,63794,70580,85713,93556,103352,112418,125103,133186,150676,156153,165567,177589,196605,198057,210934
7050,10502,20896,32525,44153,54562,66421,73316,88972,97296,107627,116398,128842,138336,152349,158518,169911,182817,186932,200628,216150
7051,10463,20903,32459,39631,54371,59959,73418,80437,97136,107190,116191,120259,138284,140829,158572,169796,165532,186459,192257,197692
7052,10533,20913,32621,39985,49314,60548,73944,81357,98300,108619,117536,120839,139825,142166,157043,169448,184055,186805,202695,200240
7053,10578,21090,29126,40049,54941,60676,74133,81771,90388,108858,108858,121887,139998,143289,157514,168945,184897,187400,193136,200898
7054,10331,20331,27895,38504,47585,58367,71097,78305,86649,104205,104205,117511,134442,137936,150443,152971,160707,183193,200079,193637
7055,10347,20410,32185,43005,53165,64916,71461,87322,95031,105119,105119,120929,135215,142162,153261,169197,178972,186432,198928,212605
7056,9999,19544,30267,40986,50687,61968,68464,75232,90527,99641,99641,118211,128981,137027,159118,161585,171358,179602,193779,204265
7057,10390,19709,30763,41269,51125,62468,75769,83560,90899,100061,108929,125380,129634,148177,157293,173381,172553,191933,196109,205480
7058,10480,19835,31250,41485,51041,62356,75663,83463,91090,100378,109006,125424,129559,146469,160091,162668,171878,179552,195949,204475
7059,10495,19872,31203,41509,51258,62869,75906,83712,91380,100984,109397,125185,130266,146570,157004,174143,174596,192059,197257,205200
7060,10444,19892,31578,42332,52479,64258,78210,86228,94571,104072,113074,128190,133733,148765,162555,163718,178155,184900,201314,211631
7061,10445,19975,31495,42257,52256,63902,77960,85976,94166,103785,112670,126865,134031,148122,148122,166443,178604,186631,198713,211783
7062,10523,20106,31938,42784,52919,64693,78676,87014,95183,105443,113931,127805,135852,150064,152674,166635,180344,197639,199526,213545
7063,10542,20116,31564,42823,53191,58793,71611,79009,95619,105758,114391,127888,136603,150283,155160,167549,180899,182893,199722,214106
7064,10306,19931,31066,41604,51137,62360,68494,75687,91020,100251,109064,122454,129530,143399,151913,162831,173449,181900,193201,205514
7065,10543,20046,31128,41847,51529,62774,75947,83731,91489,100915,109661,123712,130337,144601,160271,174386,174251,192994,197042,206677
7066,10502,20216,31317,41847,51631,63309,75865,83488,91289,101612,110818,125240,132837,147806,161974,162531,179713,184875,201045,211384
7067,10474,20209,31197,41894,51456,63082,75689,83294,91263,101444,110564,125330,133007,147093,150555,164812,178917,184679,199971,211492
7068,10561,20306,31767,42540,52599,64228,77851,85874,94158,104142,113078,127006,135324,148682,155371,166421,179064,186642,198522,212477
7069,10190,20325,31713,42533,52777,64466,70872,86160,94584,104531,113323,126625,135371,149038,154886,166593,179080,187796,198486,213266
7070,10389,20064,31182,42152,51986,57500,69851,84872,92835,102686,111825,124885,133208,146888,163111,165740,178202,187320,197017,210497
7071,10322,22475,31028,41907,51787,63285,69607,84776,92808,102571,111225,124567,133681,146401,152307,165879,178221,195888,197061,210339
7072,10265,22369,31384,42578,52657,64211,70645,86395,94637,104384,113556,126733,135362,148310,154476,168469,179245,185342,200668,212872
7073,10541,20085,31445,42468,52872,64455,70799,86748,95056,104888,113979,126559,135851,148902,155313,167800,179728,186005,200573,213181
7074,10237,20382,32312,44509,55684,61980,75475,83711,102177,113371,122659,134350,145323,158318,173432,173506,191619,193030,207888,226611
7075,10446,20528,32388,40121,56155,62444,76106,84255,102823,102823,114137,124674,134833,145721,159088,161820,173740,180187,192943,208549
7076,10365,21090,33276,41016,51441,63650,77448,86275,95482,104545,115668,126081,136397,147504,148239,164640,175776,183939,194208,210825
7077,10404,21072,29247,40882,51085,63330,77229,85822,95050,104146,115053,117277,135698,146897,149654,165249,175138,184340,194932,193515
7078,10516,20935,29323,40719,50888,62922,76690,84610,93881,102735,113718,118191,134523,145472,150883,164828,174381,183701,194039,192569
7079,10474,21016,29576,40696,51100,63078,76851,84896,94189,103257,114152,119909,135036,145998,153282,166412,174678,184121,197343,193309
7080,10621,21907,31238,43110,53335,66003,80367,89119,98653,107822,118663,124786,140270,151500,158592,169068,180899,188597,200707,198848
7081,10534,21870,31208,43066,53287,59070,72637,89020,98291,107601,118480,124737,139785,139785,156738,168371,166584,188518,189742,198867
7082,10657,22530,31883,43019,53058,58491,71362,86511,95502,104198,114591,124082,136401,136401,155948,165528,163751,186336,191225,194247
7083,10654,20375,31745,43141,53152,58650,71599,86755,95890,104385,114832,124340,137119,137829,156176,167180,169447,186993,203688,197302
7084,10810,21648,33948,46701,56772,62321,76772,92954,102008,110689,121056,129846,145586,146323,161549,175172,177683,194809,208311,207183
7085,10541,21746,30498,41986,51783,62781,77087,85300,102611,102611,121614,128311,134512,147160,160511,160684,178200,191601,192241,208728
7086,10573,22013,30977,42659,52322,63546,77925,85519,103117,103117,123112,130247,136443,149808,163529,165012,180944,192911,195218,211005
7087,10322,22043,30978,42501,51970,63152,77577,84939,102686,102686,122469,128918,135291,148437,162004,164858,180058,191723,195573,209248
7088,10548,20196,31823,44264,53521,65403,81024,88573,106091,106091,125711,132187,139161,152612,165146,169986,183826,196393,202817,215966
7089,10506,20258,31881,44364,53940,65694,73419,88992,97505,106428,126397,130818,139309,140907,153445,168814,182348,182348,199544,215561
7090,10748,20733,32607,45588,55773,68996,76783,92968,101933,112033,136651,139740,150616,153701,166479,182351,199341,200124,220217,218522
7091,10384,20666,28978,45431,55801,68801,76543,92597,101483,111907,123140,139063,137355,152147,153771,167944,179283,181199,200182,199036
7092,10614,21284,29449,45746,56180,68077,75604,92110,100948,111206,120637,133055,132831,146200,148565,161622,172059,173703,189023,189023
7093,10380,21193,29647,45807,56214,68288,75662,92546,101468,111366,120849,132945,133405,146806,161085,161849,172177,178763,191105,207068
7094,10814,22081,31639,47886,58775,71153,78951,96151,105775,115975,125871,138204,139102,152249,166394,169715,179197,184657,198420,215390
7095,10693,22172,35543,48107,53700,65230,79343,87998,96527,116684,126274,138668,139234,151749,166393,169622,180164,185511,199390,214757
7096,10702,22223,34924,48422,53754,65241,80319,88754,97455,117002,126985,139670,140260,152681,154772,170410,182484,188904,202368,218485
7097,10634,22155,31167,48598,53933,65451,72339,89051,97735,117284,127404,139671,140781,141855,156699,170731,182109,189333,203469,199068
7098,10399,23093,32293,50934,56646,68822,75739,93355,102325,122933,133409,145633,146753,148306,161450,176433,188683,193927,207108,207218
7099,10438,20149,32348,45559,56771,69026,75932,93628,102616,112700,133643,133643,147081,148978,161632,163948,175365,193037,206508,210117
7100,10713,20669,33218,46536,57759,70453,77421,95597,105334,115132,136477,136477,149970,151280,165309,168159,179011,198952,211821,213489
7101,10507,23661,33118,46479,52078,70217,77123,95386,95386,114972,125739,136403,149684,150795,163926,167399,178792,195680,193895,212682
7102,11086,25851,36210,50867,57205,77125,84860,103901,103901,125868,138112,148949,162435,164011,177969,181622,193093,209609,208762,228839
7103,10692,22452,32581,45582,50957,70220,77296,94549,103969,115512,126239,138368,149424,164121,164559,167835,180173,194992,208632,209182
7104,11009,23414,33860,46988,52628,72076,79359,87223,107969,118814,130097,142109,153580,168458,168701,172379,183357,200427,215841,216219
7105,10966,23516,30474,47108,52818,65960,79663,87514,97666,119121,130526,130526,154132,167786,169171,172557,184071,185781,200038,216607
7106,11076,23785,30843,48014,53645,67157,80948,89214,99695,121325,132388,132388,155983,155983,170610,174655,185446,188286,200584,218099
7107,11045,23773,30789,47968,53632,67319,81043,89294,99789,109999,132536,132536,155772,155772,170022,186468,171499,188521,200674,217646
7108,11205,24132,31095,47899,53665,67006,80847,89061,99388,110369,131874,131874,154282,154282,168352,170217,170217,186269,201230,214640
7109,11198,24151,31162,48217,53905,67204,80966,89298,99813,110556,132022,132022,154675,154675,168728,170561,172239,188342,200729,215132
7110,11418,24478,31626,48983,55853,68336,82231,91522,101928,113087,134188,134188,156226,156226,170189,186147,174775,189308,200995,218430
7111,11468,24369,31450,44363,55833,68361,74726,91259,101523,113061,122653,133947,155837,155837,169951,171523,174506,188079,200442,217598
7112,11308,24090,31023,43518,54885,66803,73196,89403,100200,110525,119899,130790,152726,152726,166888,182498,170267,184940,199378,212891
7113,11301,24062,31110,43598,54973,66944,73443,89650,100641,110589,120346,131048,153138,153138,167297,168772,171001,186535,199715,212984
7114,11318,24318,31221,43670,54689,67410,74198,91313,101602,111702,121714,133804,160116,160116,177209,179431,181362,198296,213785,233548
7115,11367,24325,31355,43897,54755,67519,74537,91945,102049,112233,121987,134188,147323,160545,177876,179998,181700,181700,196075,213631
7116,11193,23840,30493,42692,52932,65637,72140,87528,97288,107753,117953,129144,140911,152347,166544,166544,170269,170667,183055,197536
7117,11170,23920,30450,47175,52786,65498,72060,87183,96944,107645,128690,128690,151783,151783,166210,166210,170347,186174,198168,197374
7118,11161,23812,30423,47084,52545,64947,71367,86377,95584,106455,127314,127314,149982,149982,164037,164037,167985,182808,195283,193955
7119,11199,23908,30488,47031,52690,64958,78692,86555,95946,106869,127526,127526,150383,150383,164238,164238,170253,183149,196174,195590
7120,11341,24136,30938,47732,53684,66469,80100,88659,99127,110176,131539,131539,153804,153804,167685,167685,174173,188162,200763,200430
7121,11356,24099,30852,47597,53620,66316,80008,88561,98881,109910,131327,131327,153668,153668,167402,181059,173727,187696,200016,200844
7122,11088,23348,29706,45546,51190,62869,75992,83829,92910,103580,123063,123063,145225,145225,158835,158835,165779,178451,190554,191340
7123,11122,23379,32928,45704,51093,69218,76420,84140,103409,112405,123441,134468,145458,159287,159287,159287,180324,180067,191152,208017
7124,10921,22677,32064,44327,49692,67049,73923,81464,100922,109945,120014,130652,141066,154204,154204,154204,172778,173992,184601,200859
7125,10923,22865,32141,44483,55879,67478,74360,91479,101218,110679,120618,131213,141549,154732,154732,156112,174191,188530,201377,201689
7126,10601,21723,30785,42303,52968,64068,70424,86740,95842,104719,114328,124485,134960,147812,147812,149111,167337,182052,193077,193897
7127,10586,21876,30787,42282,53055,64060,77869,86529,95972,114512,124542,134414,147741,147741,147741,161666,182267,182773,193127,211637
7128,10081,20959,29350,40381,50705,61470,74740,83039,92315,110154,120331,129835,142327,142327,142327,155747,173823,176360,185450,201959
7129,10063,18577,32784,45580,50917,67857,75016,92573,100459,110483,120391,130227,142539,142539,153877,155975,174153,192694,202488,202488
7130,9455,17199,30212,41624,46661,62087,68649,76327,92398,101082,110335,119582,131501,131501,142380,144504,163578,176842,189456,190567
7131,9471,19264,30166,41422,51274,61921,76189,84388,92269,110113,119393,131136,131136,131136,154517,157005,176242,183734,189162,205817
7132,9038,18342,28835,40037,54328,59889,74011,81592,89793,107414,116537,127765,127765,127765,150329,153067,174033,189338,184185,200705
7133,9049,18374,28844,40068,54430,60028,74289,81680,90068,107629,116605,128241,128241,128241,150763,155865,175010,189226,184927,201804
7134,8221,16615,26062,36311,49286,54456,67383,74582,81766,98071,106508,116911,116911,126919,138166,145058,175421,182218,172226,189420
7135,8246,21241,29542,40840,49731,60887,67756,74937,90019,98491,117654,117654,117654,127344,150615,158773,187643,191281,191372,208692
7136,7872,20537,28592,39740,48282,59353,66230,72796,87848,96388,115323,115323,115323,125172,148065,159060,172340,186684,194022,206256
7137,7853,20586,31890,39726,48382,59450,66223,80257,88144,96637,115687,115687,125603,125603,148478,171740,173677,186795,206446,208460
7138,7913,20406,31823,39484,48444,59856,66100,80276,88135,96513,116218,116218,127204,127204,152851,174803,179926,190470,207748,209910
7139,8293,20455,31907,39681,48533,60154,66338,80316,88332,96884,116658,116658,127581,127581,153501,162886,178583,190262,190205,210032
7140,9584,19379,29779,37003,45381,55831,61778,74676,82334,90435,109322,109322,118944,129625,141270,154396,169125,182598,185100,203720
7141,10063,19377,29806,36941,50155,55647,67996,74339,90293,98817,118765,109027,118765,130861,140912,167092,181357,183767,201808,205593
7142,10158,19191,30392,36658,50126,61472,67917,74600,90477,98817,118389,109022,118389,131016,140460,165998,179002,182784,198722,214217
7143,10226,19232,30902,36786,50180,61718,68042,82221,90806,99152,119131,119131,119131,131181,141111,165079,178451,183188,198594,213094
7144,10316,19144,31058,36905,50438,61933,68451,82888,91256,99994,119985,119985,119985,144817,142527,167634,179545,184641,199814,214419
7145,10424,19411,31265,37061,50819,62573,68760,83495,91916,100353,120604,120604,120604,145329,143321,167940,178257,185822,199467,214938
7146,10208,19159,30967,36989,50564,62054,68342,82701,91186,99673,120062,120062,120062,144334,142498,167543,177100,185130,197997,214168
7147,10494,19029,30785,36752,50161,61597,67894,82402,90651,99275,119371,119371,119371,144001,142135,166857,176523,184332,197355,213461
7148,10537,19062,30744,36564,49852,61083,67333,81410,89700,98028,108563,117659,117659,142348,140871,164809,174391,181398,196540,208363
7149,10240,18999,34117,40702,50011,61315,74097,81980,90100,98621,118144,118144,118144,143287,154777,166345,176190,182046,197968,209002
7150,10481,19396,34603,41972,51760,64042,77783,85893,95072,103919,124599,124599,124599,149928,162837,169376,183164,187729,204241,219142
7151,10510,19357,30135,41845,51600,57293,70247,77543,94784,103884,114319,114319,124372,149762,148740,168599,169601,187568,202855,201534
7152,10561,19039,29653,40847,50231,55767,68308,74784,91236,99739,110204,110204,119815,145164,144998,163871,168845,184505,196201,196201
7153,10206,19125,30361,40935,50571,62217,68470,82970,91572,99914,110594,110594,120431,145412,145794,165451,181492,185101,197073,197073
7154,10627,19170,30637,41227,50570,62073,68681,83418,91647,100115,110373,110373,119849,143905,144052,165037,176935,181834,193501,195885
7155,10658,19328,30909,41467,50799,62506,69230,83862,92156,100330,110927,110927,120639,145131,146283,166419,177733,182223,195200,201874
7156,10182,19523,31631,42449,51913,64193,71204,86179,95242,103741,114432,114432,124493,149917,151324,169457,182298,188030,201401,220149
7157,10768,19628,31561,42550,52393,57998,71529,78686,95720,104576,115023,115023,125193,150161,152675,168899,182074,188325,202407,203820
7158,10370,19568,31268,42368,51972,57574,70730,77889,94123,102652,113208,113208,122880,147565,150103,166027,166208,185323,199043,203797
7159,10391,19598,31379,42653,52091,57711,70908,78214,94619,103298,113759,113759,123388,148269,150860,166524,170895,186770,199617,218002
7160,10654,20199,32353,39811,53608,59519,73602,80380,97092,105659,116349,116349,126387,151406,154127,170651,186060,189840,203024,205062
7161,10615,20212,31892,39664,53604,59261,73137,80337,88418,105510,116092,116092,126112,139277,153931,169903,172776,188602,184972,205647
7162,10302,20386,31585,39530,54066,60107,73799,80524,89091,107248,118508,118508,129140,143598,158332,174792,178928,192953,193552,211513
7163,10807,20445,31537,39741,48786,60227,74219,80905,89551,107591,118955,120136,129479,144031,158952,160654,178983,191478,195475,212230
7164,10131,19798,30464,37851,46285,57023,69744,76298,84407,101578,101578,113484,123506,135599,149417,153140,170904,181196,188405,202217
7165,10150,19882,30747,38084,51864,57598,70267,76794,93363,102119,112570,113678,124138,135773,149972,169252,182564,183559,202903,204857
7166,10679,19814,30822,37497,50877,56511,68953,75791,91521,99778,110075,112068,121159,134459,147035,167070,179252,183544,198690,214539
7167,10587,19781,31079,41474,50889,56402,68848,83130,91431,99647,109865,122591,132151,144809,147505,166537,177779,184254,198370,213064
7168,10168,19413,30912,41545,50950,56502,68875,83119,91758,100204,110878,122822,133663,146971,150936,167998,178689,185780,198915,213858
7169,10739,19492,30987,41606,51174,56640,69304,83476,92360,100890,111184,123321,134157,147689,155478,167280,178741,185861,199178,214458
7170,10263,19563,30728,40791,50191,55680,68119,81786,89888,97943,108052,120940,131529,144378,152568,163202,173659,180784,194738,209475
7171,10219,19559,30734,40838,50053,61314,67711,81650,89545,97929,117690,120078,131514,144034,161773,164525,175407,182141,197614,209315
7172,10753,19529,30640,40796,49689,60795,66815,80645,88671,96695,116246,118523,130224,141995,158532,162604,172998,178200,195034,206130
7173,10097,19453,30722,40862,49934,61148,73553,80797,88923,97211,107397,119543,130545,142456,158481,163621,174660,192487,207061,206681
7174,10909,19711,31243,41298,50757,62068,74931,82565,90912,99307,119161,121440,133723,145324,161189,166397,178653,194572,194756,210794
7175,10238,19866,31477,41667,51050,62381,75513,83097,91472,100035,120041,123093,134724,146366,161897,167032,178060,178060,197976,211422
7176,16229,23789,23982,28765,35258,42588,46996,51501,58072,63207,69032,76033,76513,86055,93071,93849,102681,103788,110071,113303
7177,12728,26414,35762,47858,57211,69521,77227,90018,97797,106403,121362,121130,134651,136310,147413,157041,171257,172009,190857,193784
