frame_index,5Mbps,10Mbps,15Mbps,20Mbps,25Mbps,30Mbps,35Mbps,40Mbps,45Mbps,50Mbps,55Mbps,60Mbps,65Mbps,70Mbps,75Mbps,80Mbps,85Mbps,90Mbps,95Mbps,100Mbps
0,116,117,117,117,117,117,118,118,118,118,118,118,118,118,118,118,118,118,118,118
1,53397,59475,60738,64632,69065,74974,86026,104333,113749,122305,135356,148711,163049,164355,184352,188033,189964,191032,193122,194989
2,52403,58154,61063,65418,72951,90262,108543,128271,141057,155721,173939,173939,173939,174766,180169,181732,184513,184668,192972,197769
3,52976,57639,61124,63741,72908,99446,107619,127352,153460,170970,170970,170970,171256,172516,177594,180119,180476,186678,192758,196598
4,52259,59662,61313,62875,65587,66536,73622,81649,89006,97868,108522,161868,163733,165609,169716,171175,171458,178606,184169,190088
5,52792,59933,61267,63116,67470,67492,72750,81728,86226,95398,109907,123231,165739,169055,171971,173905,178790,180546,187849,191405
6,52206,57463,61209,62823,63105,66491,72298,83557,85655,93004,104009,116429,130742,166130,168371,170153,174718,176961,186890,188886
7,52643,58198,60887,61821,64216,67050,72525,81779,86349,94696,163552,118804,129567,167105,171098,172369,177060,178498,186550,193152
8,51521,57016,60776,60687,61987,66388,72335,83899,85511,144026,113263,111742,131075,139344,167127,167707,172758,175880,185113,189991
9,52143,57548,62091,62360,64381,67092,72378,81863,135031,100121,109453,162637,128777,139691,169320,171255,176947,181206,185722,192879
10,52037,57443,61006,62136,63082,66446,70581,79556,87638,92471,102766,118980,132765,161670,163978,165926,169841,173431,182840,186239
11,51839,56968,61349,63538,63835,66863,71501,81255,86164,93449,108914,116007,162194,142502,151747,172388,174471,179592,186261,192555
12,52177,57174,61626,61240,65401,66331,71553,79829,88510,92633,106795,111446,130904,137712,165008,166284,171187,176513,183163,190296
13,51878,57009,61395,62201,63129,66988,71576,82189,85973,163760,109780,117284,132386,139039,155698,176725,177525,183399,188292,192455
14,51710,56756,60827,61662,63336,66292,74917,81217,86103,98690,102827,147156,130614,166672,143910,170248,175513,176310,186504,186828
15,51857,56997,61698,61262,66499,68820,73204,86957,88035,95234,149791,124796,131715,138751,172483,173447,178163,179946,186873,194764
16,51772,57604,61108,61926,63934,66440,72524,80438,131116,92925,112054,118196,131012,136111,151698,167003,172778,174309,184718,187502
17,51870,57082,61652,61303,63880,67367,72459,81331,89215,95138,111913,120976,128952,166154,155187,174905,177182,181867,187224,192563
18,51556,57765,61180,63039,64925,66271,71885,79983,87238,93171,103131,111652,160030,138992,152247,167914,172344,175836,186004,188440
19,52474,57687,62832,61518,66849,69481,76479,81890,86259,96241,104230,162400,129975,141040,170278,173695,175831,180519,189430,194944
20,51404,56625,61325,60357,62568,66382,70527,98295,86520,94086,103589,120686,129110,132947,151621,166222,172338,174260,183762,190548
21,51586,56838,61506,60703,65338,66685,71358,81083,86507,145067,159671,119430,131143,163310,152328,172597,175251,179311,183381,192952
22,51034,56740,60200,61450,63595,66151,74399,78962,90982,96904,107724,118190,127202,137194,149276,162739,169540,174464,180992,188196
23,53033,57464,61744,62101,64735,66984,71468,80354,133266,96697,114617,117224,161802,140241,167726,172715,177008,180668,187119,192725
24,51560,57058,59724,60273,64505,66398,75308,80062,88466,93284,107590,118700,131378,162893,151437,167188,172643,177963,183772,191163
25,53515,57447,60168,63081,62596,67213,73434,83424,88395,96189,109786,119951,130076,139033,156013,176872,179849,184644,188748,194067
26,51575,56996,59523,61486,62828,67200,71942,81322,86932,126229,106925,164916,134340,138177,148555,174329,179516,183112,188536,193130
27,52296,57419,60071,61193,63528,69956,73791,93353,85807,98427,109124,124400,132554,157660,175493,177886,181958,184507,192073,193017
28,51097,57597,59168,60379,63973,66590,72476,82250,85363,94439,104988,121135,131724,136846,154998,171798,176132,178483,186161,189510
29,52000,57583,60156,60934,65084,67552,73365,82282,88581,97106,140720,120607,132622,140804,155836,176488,182310,184068,191404,198749
30,51753,57145,59679,62100,63984,66604,73290,81087,125720,137072,110021,120702,132432,167134,147328,173604,178421,180155,190063,192887
31,53489,59211,63001,65140,64624,72049,75571,81615,91522,106726,111021,122131,138044,144709,153402,171416,186470,186644,193707,197534
32,52111,57624,59990,62574,65810,69665,70960,80213,86409,93760,108604,118416,131213,137509,150884,161801,178712,186104,194308,195777
33,52010,58477,60094,63751,65823,70826,74258,87596,88016,92842,108631,122283,140746,137804,176333,162451,182164,184132,193917,196325
34,52357,58560,61572,62376,63687,68394,73545,81506,85900,92256,109635,123717,134444,139200,153362,158489,176246,178908,188581,190660
35,52600,59050,60210,62496,65188,69053,74149,82176,92823,111522,116271,122371,135302,170215,154490,175068,180456,182165,188951,198210
36,52815,58934,61383,62326,63480,68243,73321,79769,91559,95134,108505,117803,131057,144884,150546,158567,179111,180719,190408,192386
37,52805,58270,60728,63204,66197,68125,74071,117793,88633,140779,168355,120163,147563,139277,158488,178236,182123,184823,195428,197013
38,52623,59235,61523,62539,64969,66933,73354,82603,117376,98148,116908,165998,134946,139108,150311,159582,180197,181965,191355,194407
39,52776,57835,60278,63003,65708,69366,73371,81727,89607,97966,111998,125246,131656,139377,149751,176971,181764,184534,192423,195665
40,52404,58380,61021,62359,62848,69711,73711,79140,85836,93773,109836,120205,133183,166423,169001,157898,176091,178421,187990,191688
41,52088,58473,61041,62058,63394,66912,73414,82596,87785,97359,110018,118355,135240,142115,153764,165358,179023,185810,190026,194391
42,52093,58653,61128,61747,64753,66138,72549,81268,86692,94963,106782,122317,133333,138892,153285,169688,174715,179494,187252,189857
43,51808,58130,60850,62021,64097,67426,73105,81331,134782,146782,113939,123286,133732,141594,151594,166541,178802,182778,188056,194922
44,52536,58500,61091,62407,63139,65671,72986,81400,89145,99582,104424,120021,130847,137276,166836,161310,173382,175160,182929,192265
45,52620,58518,61240,62264,64636,66072,72968,81452,86826,96941,108703,122738,163298,165938,153667,173988,175133,180356,186516,194139
46,51529,57811,60839,61010,65987,65018,71399,79598,85912,93533,107438,121490,132078,140259,152413,159832,170237,177749,183095,192723
47,52958,59011,62184,63029,62655,66045,72573,80758,86404,94372,114183,124135,131776,136618,151859,171373,175920,179766,188515,195085
48,52583,57597,61288,62585,62614,64166,72833,80331,88179,94585,110932,120692,130749,142546,162309,159304,168453,175714,185098,189606
49,52207,58884,61382,62208,62208,66223,73745,80355,91894,157715,115617,124904,128782,164514,160722,172182,177235,179189,188000,196372
50,51387,58532,61631,60153,62106,65332,70374,80008,88254,97311,108041,121778,130252,139219,152136,169126,172110,177434,182531,192742
51,51967,57899,61208,60518,64198,66976,71968,80596,121696,98452,134201,122782,131304,142439,153354,165142,175516,179530,188857,195457
52,51544,58712,59764,60198,62737,66844,70046,101815,90063,95487,116114,127657,157211,139385,151525,157993,170165,175299,182856,191910
53,53005,57334,61839,62098,63416,68248,74456,86321,91024,98306,113895,121504,137856,163505,167434,173795,177028,180337,189594,196891
54,51563,58399,61751,61386,63202,66399,71872,79485,90325,95436,106177,144683,131109,139118,152001,168862,171051,176802,184343,190758
55,51775,57288,61230,60476,63132,68594,72139,80397,88152,97706,111083,123772,131080,140882,153096,163059,172936,179104,186851,194236
56,51582,57367,60680,59800,61465,66060,72879,80021,85095,95666,110931,124182,129928,137852,150526,167870,169716,175539,186119,190835
57,51502,58259,60597,61581,64034,70266,71959,80014,89004,119911,114990,124145,131979,159115,162838,169471,172789,176136,187179,193224
58,51359,57637,59771,59971,61522,66787,67846,78207,134484,97517,106923,122445,129612,139792,153623,156838,169349,173444,181170,188866
59,51063,58097,60233,61272,63422,66002,100592,84394,90340,97281,152641,120243,154820,137582,165228,166418,172228,175128,185669,192064
60,50674,56818,59350,59126,61672,64245,73399,78001,87841,95279,116230,118883,132249,153101,151182,160808,167264,172387,182072,188757
61,50811,57895,60222,61347,63255,69815,73594,118462,87748,153891,115256,123218,136163,141993,158512,168407,176639,181177,185490,194896
62,50844,56852,59786,61240,62293,67571,69020,81007,84015,98939,109462,123507,132214,147603,149880,168230,174479,177837,185263,193090
63,51291,57609,60379,62006,63251,70160,73631,86036,86024,98011,111787,146475,129992,137614,165921,171674,175653,181399,189956,197050
64,50709,56780,59697,60376,62310,69255,71788,78631,84276,93865,109260,124342,130565,158978,150133,167819,169274,176452,186992,188668
65,51775,58229,59401,61039,62853,68484,71907,86042,131872,97677,112965,121074,128196,145305,150876,171834,176609,181029,187629,195749
66,50995,57049,59598,59733,63604,67964,69281,79555,87593,95078,106826,116469,156113,139765,163242,160070,171099,178662,184181,190584
67,52225,58841,59483,61749,64275,68710,70075,80609,86839,95413,112087,120528,133984,152028,161610,171723,176408,181413,190530,193069
68,51291,57561,59203,60788,63072,68361,69478,80459,85168,152777,107289,117036,130562,138655,152209,168103,171384,178039,185432,192726
69,52556,58458,60156,61722,60456,68306,72384,79754,87360,102346,110620,156629,127934,160604,150873,169214,175337,178982,189381,192617
70,51161,57034,59225,60839,62057,67054,70716,78523,83998,94463,112772,125772,128621,139009,149620,157978,172671,177678,185490,189515
71,52134,57791,61862,61812,63364,66908,72732,79900,129603,97137,141548,123757,158182,140341,165831,169099,174035,177839,188195,189270
72,52320,57786,59988,60703,61782,65255,69024,83969,89343,97487,114819,116761,131544,137360,150284,167398,174334,176956,186286,191383
73,50701,56194,58809,59754,63099,69260,69816,81485,87655,99532,111659,119769,128586,162798,165981,171290,176771,180526,188431,196099
74,51586,57734,58678,60428,62154,68460,71562,84232,85713,96201,112147,116502,128469,139637,151443,161897,171456,179717,185382,192959
75,51198,58071,61107,60831,62273,67007,80166,85276,85459,98389,110900,124883,138910,140426,151842,170259,172568,180835,189158,193244
76,51227,57403,59784,60096,61897,67174,73649,83212,87814,98314,112751,116271,127919,157190,160001,158611,167981,175428,185046,191551
77,51520,57677,60494,62608,62062,70807,72589,80346,110225,151890,110204,155614,157151,141757,157498,167510,172836,178715,187299,193051
78,51223,57584,59880,60904,64093,68996,72750,83236,86694,99667,113387,118723,133462,139755,148705,165258,169848,175225,184312,192681
79,51790,57992,58665,60881,61370,66823,72867,80537,86241,97927,114182,121951,130055,158199,164894,164589,173160,177225,185139,193470
80,51140,57100,59907,59740,63914,64469,71776,77701,84782,96617,106927,117120,124855,140292,154429,164402,168950,173304,184714,188810
81,50926,57385,60072,59777,62498,67489,72029,100062,134990,98220,108124,117189,140110,139599,155338,164299,169845,176086,183687,190163
82,50539,56893,59205,59094,61224,67949,70698,79936,88156,95168,144268,120019,125014,150482,150997,161043,167367,171349,183243,190515
83,50769,57036,59471,58948,61650,68065,72627,80423,85781,95892,112230,147462,148992,140442,160585,164405,168729,176504,183861,189349
84,50365,56512,58823,59067,60455,68805,71990,78312,85230,94734,109292,118643,130572,149745,150707,160278,165785,174509,183451,187077
85,50828,57246,59572,62699,61352,68811,73624,80314,87236,148579,110389,120503,127219,142202,161623,167125,170332,178325,185259,192256
86,50431,56789,61679,62402,64104,68730,71037,79679,85594,99098,110146,120849,148419,153167,150298,161439,167711,171858,180949,189838
87,51186,57643,60204,61332,62108,69740,76394,113776,134014,97638,112059,117579,130630,138101,162262,164841,169314,177218,183346,191867
88,50475,56548,59149,61540,61226,68370,70777,79707,87713,94922,105948,145363,124261,150983,151008,160566,165862,170115,179209,188699
89,50456,57238,59805,59850,62033,70284,72340,81151,86599,96505,147800,120582,152498,138303,161236,166636,169331,176420,182068,189224
90,50471,56668,59234,59067,63968,69310,74497,78554,86521,94971,109570,118069,129033,150152,152286,160428,166516,172863,181374,186190
91,50555,56996,59396,62694,62203,69812,76925,79617,86712,132803,110381,123766,128762,138589,158874,162180,168078,176449,182845,192371
92,50018,55863,60637,61029,63557,67489,70246,78421,84685,98642,108413,117613,146726,148444,156869,159995,167567,170669,180046,189635
93,49452,55747,58064,60482,59751,66941,69328,78954,91694,94171,106224,141242,129275,147042,154933,161018,164316,173114,182887,186483
94,48911,55356,59475,58827,59367,67390,72493,77405,115224,92530,105238,123366,128967,146353,152309,158747,160933,170752,178345,185415
95,48723,54993,57700,59066,60436,67321,79024,107047,87876,109323,138441,119610,142794,147853,155668,158803,168465,172626,178870,187997
96,47942,54968,56927,58153,59650,66722,71154,79045,83595,94896,115977,115266,127845,144578,150356,154957,161515,166063,178639,184100
97,48432,56494,58756,59997,60792,67089,73374,81175,86534,139460,109162,142062,147440,150012,157298,162842,167488,173874,181514,187309
98,48022,55656,57956,59159,60507,66914,73101,77641,135053,97227,109346,122566,128709,136755,152866,159013,165052,170186,179922,186053
99,48649,56234,59291,58945,59839,67485,73791,81344,91366,97144,109045,124939,144537,151006,157022,161178,166886,171901,179767,187259
100,48241,56417,58968,61793,60235,68188,72913,77816,87283,93580,106544,121012,128557,147955,153152,157650,166041,168887,178990,185832
101,48895,56840,58599,58727,60667,66626,74121,81237,90377,94755,138961,119313,130226,140631,156114,159310,165231,169524,180746,189588
102,48690,56942,59438,60022,63432,67562,71267,85970,90478,135520,111845,124426,141873,149329,151227,157962,165203,170067,178998,187760
103,49225,57292,60160,59656,63367,67950,73041,82823,88995,101987,110865,141622,132675,150545,158586,161759,167722,174402,181211,188388
104,48594,57347,59609,60026,63246,68848,74167,81337,84608,94392,107651,115356,134733,136408,154665,158826,163815,170830,178286,183950
105,47978,56147,58592,59460,61665,67650,73173,85026,84377,93762,109626,114257,139922,147131,151074,156205,164287,168852,179182,187287
106,47237,55283,57096,58692,60687,67238,71097,80188,102199,94218,109783,132779,127094,143288,150140,154223,161060,168264,177473,185333
107,47230,55111,57105,58309,60824,66401,70126,102069,87270,130093,121353,118031,138679,143325,149998,155964,160388,168091,178251,184765
108,47323,53950,56572,57680,60452,65747,70972,81632,89302,97064,107772,132205,138363,142715,148319,154658,160767,166892,177617,185822
109,47875,54677,56920,58406,61102,66893,74500,80079,133363,96852,136099,122577,133057,146000,154773,158780,165561,169598,178184,186585
110,47435,54350,57460,57541,60699,66854,69987,78925,87952,94691,107206,114897,142256,143212,151619,154395,160313,169876,176053,183752
111,47504,54464,57287,58335,61337,66095,82026,80843,85961,130764,107300,133780,132089,143439,150934,155931,161839,168516,175587,184376
112,47144,53701,56785,58551,60402,65732,70791,77853,88700,96566,112125,126470,125601,140961,147381,155287,159616,170307,178436,185974
113,47587,54560,56683,58119,60348,67132,70565,88504,87339,93992,106835,117579,139282,143330,149567,156397,161827,168122,178203,183847
114,47461,54110,57194,57872,59475,66104,72804,84626,88149,94573,129518,131245,137944,141291,148378,154254,160009,170234,174975,186842
115,47607,54801,56880,57611,62175,67407,72674,81350,87434,130328,113488,125408,140211,143700,149982,156462,162050,167414,177519,186513
116,47234,54338,55767,57272,60879,66796,70850,80055,102341,97072,107329,116532,132016,143061,149050,156417,161111,168249,176056,185589
117,47783,54776,56327,57841,61362,66397,73073,80566,87288,94507,111988,133188,132544,143154,150047,156022,160515,168763,178807,182493
118,47530,53944,56202,57685,60817,66493,71357,99928,85515,93001,113360,120438,136284,138930,147930,154449,160484,166312,174817,182366
119,47575,54518,56826,57347,59440,66745,79897,80868,125660,126413,127888,129749,137002,138933,146066,154060,161654,165977,177800,185944
120,46388,52623,55012,55581,57507,65887,71475,77240,86967,96053,107363,121691,126153,134088,145281,153118,158259,164437,174242,184551
121,45962,54626,54665,58062,59089,66979,70857,78467,86021,94610,107298,128945,130925,140070,148233,151872,158495,163528,175512,183724
122,45519,53634,54791,55603,62153,65341,70275,78782,86127,104860,123565,119192,131984,138179,146901,152551,158389,164295,175172,181656
123,46192,53664,55060,57994,60659,68461,74125,123462,86814,108079,108183,128803,132750,138382,144840,153272,159389,166715,176406,183385
124,45958,53694,55022,56578,57512,64560,70926,80548,121105,94501,105672,126835,133172,137200,147245,151775,158338,164418,175346,184694
125,47116,54274,55759,58505,58976,67160,79329,80664,89625,125546,127114,119892,136262,139116,146037,152863,161579,167976,178527,185776
126,46478,53717,54730,56138,58348,66353,71144,78466,84391,96420,107253,129087,135484,136851,148052,152956,159042,166469,178616,183705
127,46896,54256,53979,57083,59538,66518,72295,80611,86773,94398,129181,131452,137193,143095,149186,154662,161228,169179,177644,187668
128,46070,52685,53004,55743,56145,64677,67715,78455,84703,123438,110567,114362,135640,137526,144109,152651,158233,167785,179422,182852
129,46097,52696,53132,55687,58210,65326,88683,83848,123159,97557,108048,129653,133537,138181,147013,150665,159083,166951,175592,184094
130,45291,52245,52770,54796,56895,64404,70613,77965,86775,91324,108316,128182,131578,136165,145149,150327,159439,164456,174652,183078
131,46315,52609,53136,57218,58328,67120,71519,78710,85802,123346,125254,119444,134904,138892,144767,152230,158671,164251,176713,185135
132,45040,51868,52345,56082,54730,64196,68608,82650,85574,99440,107914,123132,130324,134497,142649,151151,158548,162931,174139,184159
133,44633,52247,53335,55686,58000,66081,71117,80158,93857,96541,126533,129410,137628,138870,147257,151950,161735,168323,177904,185650
134,45351,52124,53403,54303,57157,65374,69491,77898,90421,92919,106606,119839,134121,138516,146150,151424,157473,165772,177607,182891
135,46019,52792,53095,56095,56721,64841,72650,87758,125802,126127,107486,130126,136585,140577,149591,152746,160845,167893,177563,184505
136,44536,52608,53005,54665,56157,64741,73765,78195,87882,97352,125768,121017,134708,137045,144853,150262,161065,166500,177017,184096
137,45354,53105,54008,56033,57480,65002,72441,92531,86648,96510,112777,130448,137126,142714,149019,154732,162238,167363,177714,186153
138,45071,52332,52914,55695,57387,65126,69662,80848,87384,96350,107083,114937,136806,138864,147070,154129,162649,167343,177230,185509
139,45855,53218,54674,57392,59176,65361,94203,80245,86292,132973,133592,135389,140409,145857,151338,158092,163623,169707,180625,184779
140,45660,53004,53618,57585,58491,63137,72464,78729,85496,98089,109139,116590,138950,142401,150063,153530,160225,168431,175948,186665
141,45608,52820,54414,56164,58644,64779,69304,99738,127737,93883,108397,131187,136913,141163,148736,153232,159286,167303,177638,183596
142,44748,52058,52208,54362,56458,63477,67590,83285,87562,92108,105300,129473,134602,138290,145688,152102,157812,165430,174825,184518
143,44879,52491,52855,55294,57019,63997,68209,80520,86150,125124,126882,120563,134785,140493,148588,151900,159255,165776,176973,183828
144,44439,51749,53025,54347,56272,63697,67049,76011,83784,98045,109625,128676,132239,137859,145117,150046,158591,164474,176628,183433
145,45069,51919,52700,54747,57454,63993,80494,80124,83148,96437,110058,121724,135239,139855,147297,152328,159145,167075,177117,184902
146,44596,51904,51810,53817,56568,63774,70899,78465,124086,98090,127996,122386,135900,138015,146641,150841,158256,167230,176813,183391
147,44768,51401,52364,55072,57316,64350,71019,113928,90153,126820,111124,130011,134503,140730,147317,152257,157806,166632,178289,184651
148,44189,51321,52071,54334,55937,62779,66795,82044,84681,97604,104150,113455,134240,135985,144474,150427,158608,165368,176967,182302
149,44812,51901,53328,56393,58991,63607,96718,80363,86065,96349,127176,129321,135775,140674,145805,151478,160660,165507,177220,184831
150,44291,51170,52560,54235,56284,63138,70650,76070,83218,94074,110045,129006,134246,137214,146113,150515,157430,166950,177097,185592
151,45198,51746,53000,56729,58410,65951,71725,78951,128548,129133,112988,132148,139052,143027,150407,153879,160015,167131,178472,185603
152,44728,52141,52410,53930,57070,64192,68009,77924,86974,96557,105297,114423,135479,138562,147120,152654,159959,167190,178397,184868
153,45145,52576,53541,54172,57399,65310,69950,77823,83644,92658,126520,128216,133424,141589,146698,152993,159841,165983,177576,184023
154,44330,51301,53551,54035,56053,64425,68137,81660,83021,121936,109123,126309,132625,137829,145007,150837,160056,165620,177354,184241
155,44206,51371,52802,54381,56260,63994,69913,103660,89357,97749,109935,122691,131186,137251,144678,151568,158747,165331,175780,184294
156,42815,50108,51659,53013,56262,64142,69042,79781,117842,93057,120985,123982,128455,133999,142337,149128,158240,163939,174911,184856
157,43277,50966,52529,54690,57686,65137,101907,79016,88131,121510,107491,125984,133058,136291,143283,149882,160583,167329,176019,183441
158,42585,50029,51220,53573,56064,63792,70744,76869,84722,98024,121510,124222,128167,137589,142329,149866,158376,165111,174222,184224
159,43349,51045,51586,54648,57746,64931,69373,78451,86263,96707,110710,126475,133220,135064,142944,149392,158190,167170,176326,184300
160,42661,50418,50603,53552,56320,63637,68342,87747,118648,93771,122046,124611,128477,134271,144168,151343,159008,164720,174142,183151
161,43863,51465,51933,55052,59336,67412,70426,79805,91899,124483,111924,128673,134196,139110,146160,150911,159592,166814,177684,184409
162,43008,50197,50859,51942,55049,62804,67937,86554,86326,95970,110195,112340,131401,137031,143554,150224,157636,164987,175784,183914
163,43678,51012,52572,54375,56215,65963,70682,79501,86796,95729,125396,128450,130930,138797,148545,152862,158790,166497,177354,185333
164,43098,50195,52238,52916,54863,65435,68401,88949,84644,120546,108775,125422,130594,136640,142448,149698,157244,165072,176203,184581
165,42206,49875,51283,53373,53866,63837,68039,77080,117233,95945,107977,123238,127539,133057,143259,148168,156496,163533,174309,182290
166,41143,48561,49797,51782,55114,62758,96714,90685,85694,92888,118460,122344,128656,131579,141272,148675,157206,162788,174570,181581
167,41416,49133,49949,52137,56273,65102,72351,78681,83126,117358,108786,122969,128823,135920,141097,149377,157378,164458,175059,183855
168,40623,48324,48012,51061,55020,62972,67308,76626,83502,94419,117773,122816,128720,130548,140882,148808,156540,164161,174703,182176
169,40728,47702,48681,51394,56848,63800,67617,115955,116222,117097,119296,123010,126959,135803,143508,148291,157448,164060,175477,183927
170,40173,46957,48185,50499,55151,62210,66771,81756,85331,94136,107279,122513,127935,130587,141513,148483,155367,164090,172385,182038
171,40229,47065,47682,50545,54649,62186,66799,76660,84790,115637,117876,122716,127726,132577,141917,150452,157798,163932,174867,183803
172,39927,47401,48546,50007,53947,61509,94941,76222,112846,94003,117596,121833,127033,134134,141467,147546,155321,163473,173013,182895
173,40855,47932,49566,50568,55468,62209,72665,77879,87122,109442,108303,123602,130043,134895,142395,151804,158098,164281,174752,183727
174,40372,47327,48507,50047,54758,61888,67330,77048,84548,95281,118454,123427,130215,130481,140918,148037,156014,163365,174663,182302
175,41229,48747,50292,52054,56239,63042,68724,84847,90118,119174,114481,123622,131036,134894,141667,149397,157962,163227,174152,182481
176,40982,47973,49323,51576,55499,62581,67336,77809,115969,95415,112729,121288,130626,131475,143084,147760,154550,162781,173841,181788
177,39883,47526,47373,49980,55495,61159,67062,112987,85503,92476,117073,121682,124913,129741,140820,150275,156758,162874,172812,181338
178,40381,46820,47539,49962,53422,60705,93999,80569,82619,112864,106113,120599,126132,132020,140451,148603,156822,162708,174039,182213
179,39600,47215,47803,49508,54903,62533,71451,78412,97919,114143,117711,120782,126876,133869,140545,147597,156124,162662,173810,181359
180,39524,46589,47845,49814,54622,61476,67586,75565,84743,92572,115789,119627,125881,132494,139231,147459,157132,162549,173987,182549
181,40717,47151,48712,50055,54307,64736,69066,80203,120701,121139,123052,125931,129754,139338,144154,149330,156890,161595,177384,184339
182,40759,47121,46763,49994,53571,63903,66868,76498,87662,94847,103292,123028,126828,133444,140282,148830,156306,163338,173977,183114
183,39497,46758,46859,49720,54553,63308,67015,82841,85323,94325,118926,122813,128929,132934,139713,149333,154881,164902,173636,182505
184,39712,45913,46503,48919,53156,60922,94788,85730,83165,114625,117294,123327,128219,132350,138592,148550,155688,163377,172908,181147
185,39518,46780,47009,50223,54602,62502,70479,79531,113791,93492,107081,121116,126659,134891,142160,148283,154568,162684,173590,182455
186,39475,46260,46959,49021,53070,61657,65950,102769,86516,114054,116790,120741,126804,131464,140790,145724,157990,162921,172596,182661
187,40809,47248,48295,50201,55299,63844,66832,82027,84942,94976,119034,122776,129041,134575,140620,148839,157315,164981,175147,183151
188,40485,47034,47495,49667,53390,63469,66525,76228,86231,115419,111070,122597,125608,131190,141172,148915,153100,163127,173004,182118
189,40653,47134,48018,49637,53781,61658,97481,77468,115435,94170,118886,122762,125997,136836,140334,147867,156004,165346,172830,182479
190,41215,46883,47427,49895,53707,61306,70520,76119,86628,113732,105807,121540,127323,130274,139389,145050,158491,162735,172775,182072
191,40778,47055,47567,49729,53005,61593,65697,112767,84512,93342,117531,120954,126222,134293,140770,148011,156973,165052,174218,183403
192,39427,45930,46857,47858,52237,60103,64739,82006,110838,112785,115074,119331,126317,132017,139117,147790,157764,162496,174942,182287
193,39811,46376,46980,48643,53118,61122,64926,78041,89925,98708,119499,121655,125773,133662,141184,148580,155318,164422,176010,184058
194,40151,45839,47031,47752,53588,59971,94550,74775,83934,114527,106667,122470,124151,131747,140974,147783,156823,164907,172204,182148
195,40473,46412,47146,48376,53347,60544,70004,74434,83627,93247,116722,120749,126865,132306,139411,146534,157137,163504,175380,182781
196,40181,46041,46996,48442,52154,59773,66227,74253,111084,112412,114564,118596,126806,130874,139878,148785,157327,162979,176377,184514
197,40482,46728,47976,48932,54731,60601,67136,113383,89473,99549,118345,120715,127323,135476,140589,147982,155416,165460,176032,184223
198,40508,46400,48303,49282,53916,60131,65965,81153,84782,92747,116162,119416,124614,134637,139737,147956,153999,164200,175834,182084
199,41546,47688,48582,49750,54847,61522,96773,78386,114001,115722,119012,121789,125229,133481,140815,146785,155592,163656,176181,183430
200,41251,46644,48327,49466,54495,61004,70296,75506,86192,93456,107691,120529,128379,132762,139277,147653,154874,164193,173415,183811
201,41203,46596,48155,49709,54407,60994,64565,75842,84366,113244,116195,119947,125035,133014,139295,148402,154231,163350,175779,183431
202,41230,46432,47262,48572,52764,59959,63567,82789,101352,98421,114529,117939,123616,132615,139337,147715,157393,163895,175413,183543
203,41437,47404,48321,49386,54084,60762,94901,95644,89477,112686,116501,119278,125607,133773,141949,146780,154877,164245,177376,183751
204,40022,46533,47087,48723,53587,60272,69421,78348,84955,93245,105587,117062,123247,130174,139828,146539,155560,163051,174690,182969
205,41209,47685,48853,49670,55821,60966,67456,77849,113421,114336,117380,120505,126425,132015,140540,148033,155111,164292,178070,184432
206,40955,47355,48603,49922,53634,61061,64680,76694,87048,94262,115272,118900,126078,132632,139761,148127,154614,163806,175909,185763
207,41022,48102,48607,50588,55942,62005,65337,114503,85652,115737,116944,121283,126817,133023,139679,147776,156061,164765,175958,185035
208,41130,47922,49131,50221,55745,61645,94911,83524,111982,94542,115689,118734,126939,131136,139351,149684,154654,165005,173907,185218
209,42153,49194,49763,51723,56023,63544,71701,79778,90607,117039,119469,122004,127983,138094,141653,148662,156380,164117,177151,183549
210,42073,48918,49716,51596,56494,62525,66346,77063,84613,97034,107926,121271,126363,132696,141137,147962,157090,166030,176513,184433
211,43819,50830,51702,53465,58893,63626,68437,79958,87766,104772,121214,124460,127093,134448,144815,152421,157087,163107,178129,183135
212,42891,50161,51589,52302,57986,61673,67201,77994,107641,99457,109294,122521,126040,135868,143154,148067,156635,163848,176312,184577
213,42881,49015,50914,51909,56680,62740,85060,78620,89216,115688,117571,120642,129859,131446,140706,147367,155155,161938,176001,183717
214,42131,48633,49564,50909,55910,61693,70111,76925,85470,93897,105751,120193,123321,131974,139538,146869,155908,166714,174123,184295
215,42260,48639,50285,51419,55588,62322,66288,113265,98365,114208,116664,120573,125451,135473,140139,146875,156140,163216,177658,184875
216,41893,48381,49201,49897,55596,61673,65667,83545,87624,93771,114598,120327,121860,132969,139578,146850,156011,163515,175536,184248
217,42425,48867,49813,50918,57529,62296,96955,79417,115842,116197,118079,121268,128324,136175,141955,148287,155924,163376,176606,185130
218,41918,47652,49580,50832,55375,61798,71197,76502,87796,96827,116269,120869,127532,129997,140728,147838,155381,166692,174308,184137
219,42364,48115,49352,51195,55217,62296,66672,76942,86294,96601,111676,119892,127229,137516,141061,149257,155460,162471,175849,185197
220,42195,48172,49159,50943,55580,61730,65998,76086,85369,112834,115335,120296,127072,130614,139765,145644,153562,160882,174472,183792
221,42561,49186,49248,51539,56393,62887,66932,77258,114327,96670,117229,120645,125408,132392,141712,148441,156036,162117,175825,184338
222,42118,48060,49053,50413,56281,62192,95142,111997,87524,112882,108688,119225,129427,128963,140103,146610,155315,163997,172936,183715
223,42218,49157,49354,51231,55275,63044,72513,84457,86656,97109,117002,120511,126134,137697,140750,148183,155521,163131,175391,182058
224,42203,48614,49133,51322,55211,63200,66311,77533,85860,113937,115818,119341,127994,130643,140276,147175,154411,162256,173665,183684
225,42249,48582,49309,51839,56143,62964,67241,77110,113357,96269,115671,119344,129731,135605,139847,147212,154361,163763,174519,183378
226,41584,48556,48648,50737,56973,62402,65994,76546,88330,111774,113979,117467,124891,134081,138620,146048,154210,161758,175392,182538
227,42154,48580,49212,51024,55437,62858,72536,76838,86046,94542,114534,118591,123496,132314,139364,146412,154168,162883,175812,183024
228,41244,47638,47829,50267,54993,62171,78437,82295,84358,110650,114909,115892,122110,132897,138977,147834,153489,162376,175137,182867
229,40818,47201,48348,49811,55272,62235,69387,95570,111339,97973,114587,117011,122438,133200,140727,146878,153444,163931,174143,184083
230,40562,47158,48001,49378,54649,61639,65743,80348,86830,110222,112505,118171,122664,130628,137514,146332,154210,161354,175812,183233
231,41058,47749,48420,49638,55645,61564,94779,78453,87001,97011,114462,116903,121173,133170,142197,145622,153104,161702,175094,183745
232,40749,47320,47751,49773,54820,61039,70292,75547,101595,110134,112707,115528,123463,131276,137787,144887,153696,161053,174685,183670
233,40960,47979,48626,49896,55262,61625,68097,111506,87649,98060,114990,117342,121388,131075,142207,146102,154586,162334,172003,181850
234,64381,72556,70359,77168,82225,95274,112161,164766,215443,324215,324215,325329,326324,327766,327766,330304,332420,332420,335303,339462
235,54651,59324,60884,64067,64936,67621,69584,72939,79642,80389,87555,94525,101402,101499,109318,154566,166351,168839,173957,175800
236,55149,57665,60423,62567,64226,65802,71216,78681,87240,96192,106734,118611,126932,148608,153808,163487,169822,177621,187205,195728
237,55667,59376,61925,64071,64412,69901,76888,84859,92114,104132,117830,126183,140442,151668,160969,164624,172011,175956,188748,194428
238,55512,59058,61756,63669,64270,69768,75495,83969,95142,102578,112927,129960,138708,151617,160230,164415,170340,175916,186615,195636
239,56170,60072,62637,64753,65160,70560,77718,85977,97023,104949,119040,125711,137242,150788,161812,166701,173002,182310,189040,200203
240,56131,58991,62425,63992,65243,70785,78335,84922,92536,103096,116012,123968,135538,148249,160494,165264,172605,178176,190227,196606
241,56894,61638,64251,65877,66541,71894,78381,86945,95533,104197,115932,132193,138771,151048,164086,166518,175577,177815,192371,198434
242,56034,60344,63014,65491,66293,71527,75499,85400,93226,102752,116292,125509,134852,146621,161873,166908,170425,178343,191945,199487
243,56106,61672,63738,65634,66865,71666,75776,86536,95033,98604,114662,132809,141589,147947,161849,167346,172797,180542,193327,200466
244,54916,60882,62846,64872,66105,71851,75535,85196,93563,98678,113613,130266,139888,146027,160030,164457,169576,179387,188478,199049
245,58032,62350,64044,67101,67700,73800,76711,86736,96348,105615,119759,125711,143361,151104,161625,168810,176469,183069,192701,198392
246,56324,63097,64229,66812,67181,73691,76854,86217,97195,105297,114746,124641,134857,151164,160885,170265,176551,181627,193600,202332
247,56616,60985,64540,66572,67566,73255,76655,85978,97140,99898,114322,123788,135023,147852,162743,169924,174636,179860,194473,202553
248,54941,61339,63754,65706,67139,72763,76422,84561,92079,103430,114020,127575,137082,146480,160103,168979,173962,179720,188785,197122
249,55984,61663,63970,66539,67874,72791,76633,86450,92798,104074,116311,124229,141891,150562,160440,167736,173056,177143,190498,197964
250,56446,61767,63966,66586,66646,71943,76034,87317,91403,104866,115077,126675,137882,147706,159132,165385,172002,176496,187787,198091
251,55312,61661,64194,66437,67536,73764,77176,86130,96715,103786,116884,129619,138747,150195,160619,168540,173782,180806,190158,200490
252,56081,61628,63687,66173,67209,73977,77080,84348,95742,105282,114550,125513,139808,148232,159575,167201,170825,177559,190874,196471
253,58380,62745,66610,68931,70074,74716,77689,91279,98047,106102,116674,127040,142826,146729,160891,170120,174187,182576,191566,198815
254,56483,62442,66216,68471,68240,71259,75218,85018,92793,104436,112362,126409,137579,147290,159962,168840,173749,179052,193528,198122
255,56718,62724,65375,67230,69015,71227,75208,85134,92107,99583,115417,125141,140413,150205,160343,169586,174147,180174,192774,196881
256,55729,62389,65315,66419,67889,70113,74599,84395,90159,104582,112102,120534,138440,147954,157558,167316,171714,178009,189999,198851
257,56023,62017,65811,66964,68847,70869,77719,86374,93459,99894,114239,125966,144138,151005,161269,170938,175121,183826,190400,202550
258,55993,61903,64931,67072,68884,70905,75226,85590,91362,103148,117396,129271,138718,149304,160953,171076,177886,180062,191566,196548
259,56230,62223,65012,67576,68737,71026,75487,86444,91028,104413,114237,129007,143218,148506,161878,164951,175306,183411,190720,200787
260,56330,62930,66193,66903,68780,71158,75534,85942,90691,98658,108349,124163,141929,147033,160545,169982,174110,181031,188465,196719
261,58875,62591,65206,67843,68683,71230,75292,85553,94172,98864,115484,126069,143366,149612,162205,166653,176203,182921,192075,200279
262,57385,62634,64890,67459,68277,71505,74898,85596,90537,98571,114923,121740,141729,147766,160023,163631,176432,181077,188852,196994
263,58039,63704,65437,67584,69026,71943,76101,85917,91018,100978,117827,128139,144252,149252,163365,167593,178209,184451,194533,200763
264,57939,62302,65550,67434,68782,71709,75670,86092,90686,98800,112785,122366,139539,146693,156834,166393,173758,180187,191376,198464
265,59367,64124,66762,68711,70288,72775,76390,86830,91308,99533,118724,121072,140979,149168,159219,167894,176820,181472,191177,201360
266,58998,63676,66040,68267,69412,72063,75406,86048,91862,102229,114304,121552,132877,146269,156741,166146,173607,179588,193350,200454
267,58878,64022,66877,68647,70652,72774,76342,86771,92735,99524,110706,125762,134032,148133,159219,168174,177634,182641,193841,202488
268,58205,62822,64824,68048,68768,71899,75741,85729,91102,101537,113039,121664,132562,147207,155828,165469,173512,183438,192417,199579
269,59101,63629,66433,68024,69115,72842,76449,86050,91490,103863,114397,127903,141817,144250,158540,167655,180931,182609,194052,201137
270,58392,62560,65927,68551,69214,72147,76434,85603,91613,98995,115176,123332,141930,146428,158753,168053,178955,180866,193688,201506
271,57655,62710,65881,67855,69409,72676,76390,86147,91866,103520,118561,124531,141101,142988,159735,167836,176223,182104,191640,198721
272,58874,62451,65332,67811,69257,71730,76105,86431,90592,102323,117122,123107,139321,145891,158363,167626,174564,183374,189859,197567
273,58967,63416,65931,68476,69642,72620,76423,87478,90978,99252,115004,130973,142441,148153,159169,168424,176492,181320,191914,200624
274,58629,62834,65404,68036,69106,72089,75092,84973,90599,102040,114760,121464,131824,146829,156749,166606,175208,181288,190627,200081
275,58011,62986,66735,68616,70120,73063,76448,86489,92008,105682,114697,125406,137697,147674,159679,167911,177127,181927,193675,203329
276,59807,62907,65159,68128,69651,72684,76201,86429,91163,103099,115307,123037,135418,145627,158783,165730,174630,182365,188713,198826
277,60407,63310,65836,68060,70362,73010,76367,86495,96310,101057,115025,124174,131912,147659,159979,167830,178345,182444,194359,201680
278,60176,63492,65692,68299,69683,72497,76370,85922,92629,100318,115287,124680,136113,144480,158080,165989,174726,184218,194554,199083
279,58459,63022,66457,68479,69866,72351,76311,85801,95907,105896,115746,123151,133632,148986,159964,167503,176824,182629,194679,200445
280,59448,62761,64919,67380,69251,71427,75320,84984,90152,104622,116408,122472,132721,147053,157501,166508,174688,181239,193368,197888
281,59792,64499,66272,68070,69707,73272,76859,85663,96564,105383,117265,126406,134821,141389,160359,169264,177479,183412,194868,203591
282,60167,62581,65626,67745,69752,72417,76266,85687,96361,106122,114052,123314,138669,149858,158450,166621,177539,184586,195907,202142
283,60092,62862,65739,67864,69357,72552,76990,86574,93391,100488,114103,123286,140950,147302,160212,166892,177280,182709,192552,204624
284,59123,62683,65733,68556,69402,72272,76559,85731,95818,103322,115528,121437,134975,147820,155291,166621,175687,180366,188936,199472
285,59193,63461,65406,68483,69459,72388,76632,86028,92927,102044,115381,123320,131793,145476,159288,167724,176695,181409,192723,200240
286,58814,62402,65147,68187,69142,72078,76160,86109,96189,98698,114643,124452,134087,146510,158148,168297,174059,181592,195232,196689
287,60334,62942,66511,68746,69369,72499,77218,85988,96203,104491,112505,125779,135116,149451,160648,168679,176323,179706,191303,203460
288,59688,63167,65499,68089,69530,72228,76247,85792,92073,102185,111924,122412,136474,146101,156804,167345,176009,181977,191430,200480
289,60748,64591,66418,69145,69851,72800,77624,86702,92521,103179,116020,128047,133890,149311,160955,169095,177699,183384,196688,203232
290,59674,63648,66749,68689,69568,72562,76864,85921,90433,101191,113420,126858,137850,148375,161207,166642,179393,181100,192931,198419
291,59701,63371,66455,68790,69478,72686,76691,85691,90890,99117,113348,121745,135964,149283,160730,168560,178156,183191,194632,199568
292,58788,62612,65193,68038,69319,72698,76788,85019,90722,103501,110850,121448,136050,145336,158037,166272,174089,181058,189184,199038
293,59730,63111,66041,68567,69683,73239,76896,86829,91479,98985,115449,125935,139524,149152,159894,168851,177680,179889,195974,201347
294,59572,62739,65995,68969,69821,72760,76689,85476,92233,98800,111083,123570,137805,149408,160283,168279,178010,182959,191732,201460
295,59462,64081,66211,69123,69515,72486,77810,85924,92022,99614,114024,117983,141153,149792,160606,168401,178649,184578,191647,201232
296,60191,63741,66113,68833,68990,72385,76315,85475,91618,98924,113816,123376,137694,148154,159026,167396,176882,183923,192235,200898
297,60198,63642,66563,68712,69661,72717,76681,85438,91995,102643,114983,123556,135399,149836,157063,168861,179622,184146,190507,202048
298,59676,62987,65912,67981,69267,72566,76816,84107,92059,103938,113330,122891,136713,146379,158769,165372,176245,180681,190503,202409
299,59620,62643,66464,69039,69795,73503,76976,85432,91673,105989,115963,127378,136237,149669,159631,168554,179853,185194,195385,200861
300,116,117,117,117,117,117,118,118,118,118,118,118,118,118,118,118,118,118,118,118
301,61386,63748,66197,70573,73479,78751,86688,100831,110900,119383,131584,148466,158383,160247,173646,175273,177454,183112,187274,191846
302,60353,63509,67268,70859,76594,91050,107461,127099,137971,164450,164450,164450,165537,167470,172040,173583,180222,182948,192234,196445
303,60196,63559,66352,68995,76558,90724,107068,138913,150114,165481,165481,165481,166501,169006,172120,174693,180149,186511,191881,202306
304,59313,64014,66111,68552,69533,73487,79668,87801,93555,101455,129919,162131,162981,165730,169183,171662,179583,181872,189561,201490
305,60741,63546,66370,69137,69332,73564,77317,86150,92757,106476,111045,131780,164585,168309,171921,175600,181658,183819,191955,201057
306,59289,63126,66843,68816,69713,73411,77053,87145,91655,106982,111769,120497,137416,167994,172381,176636,181198,184089,191856,200973
307,60171,63720,66611,69229,69540,73170,76624,86933,91083,107326,112312,121756,141589,168489,172027,176067,178931,184311,192350,199045
308,59962,63523,66863,68604,69916,72847,77053,85855,91194,103087,110895,124126,131778,167625,171771,173237,179523,183328,191672,200020
309,60316,63475,67220,69368,70776,73466,77069,85872,91271,107480,115235,123455,142206,149196,172338,178182,180950,186261,189547,202256
310,59717,64258,66746,69009,69970,72435,77175,85442,90847,103061,116415,124773,138455,138120,172068,173805,179180,182735,192479,200529
311,60837,63259,66862,68574,70037,73697,76953,84642,90901,100289,110223,121941,135080,148199,173095,175595,181351,183850,194645,204234
312,59991,63307,66459,68746,70264,73381,74653,85020,91429,104877,110002,124898,131275,147600,159836,173838,178981,184711,189894,200357
313,60313,64395,66899,69551,70949,74598,77831,85475,91449,98567,166700,122081,139688,148083,161343,174366,180769,185169,191406,202972
314,60256,63322,66749,69359,70780,74060,74633,84576,96404,96943,116678,124233,134355,148025,155263,175945,178038,183103,190848,198730
315,59155,64028,66843,68753,70529,73132,74570,85389,99734,104969,113324,121040,138596,143818,160468,173382,178393,183804,192565,201589
316,59480,63498,66397,69236,70161,72746,73591,84678,92327,105391,114460,160829,134456,141986,159392,173054,176447,181415,191325,199353
317,58948,64131,67031,68886,70688,73874,77420,85407,92757,100005,112636,132081,135368,149001,160006,174891,178718,183834,194652,202616
318,60182,62176,66735,68486,70627,73639,75286,85447,92600,98447,114234,121540,134809,147090,160279,174827,179477,182796,192805,199888
319,60549,64331,66635,68916,70382,74085,74722,85869,91630,99496,115201,124581,142403,148358,161279,175374,180772,183719,195131,198842
320,59360,62306,66956,68514,70437,73645,74394,86092,90963,100608,116572,121894,141029,143483,160302,173629,177653,182193,195746,197946
321,60772,64438,66303,69759,70424,74004,75242,85766,96482,102426,116673,126545,137924,147461,160584,175287,178985,182330,194252,199999
322,58813,62907,65667,68199,70391,73804,75360,85572,92884,105559,112892,123326,137872,146276,158821,173380,177353,180478,192053,197268
323,59533,63214,66410,69153,70951,74147,78764,85776,90928,99928,117106,123608,141676,147969,161332,168750,179855,183868,192258,200441
324,60054,63850,66508,68818,70517,74280,75296,86054,109487,111781,114761,123469,138811,147222,160422,164163,180320,183172,192856,199521
325,60721,65729,67232,69658,71843,74552,76282,86185,94098,105501,109341,125513,135344,147787,162361,166261,179998,185865,193687,204451
326,60592,64869,66934,70238,72013,74136,76414,85681,90503,98314,112872,124237,137326,146098,156301,164092,178788,184757,194078,200480
327,61646,63921,67909,69673,71444,74028,75758,85760,90935,97557,113174,127071,137420,145028,156186,164140,179683,183763,190768,202238
328,60831,63672,67260,69411,70140,74198,75176,85158,89917,148648,112044,125878,137839,143510,157182,173395,177359,179855,188763,196932
329,59861,64154,66536,69450,70345,74197,75845,85133,90131,102368,112801,123770,140701,147201,161374,167806,178862,182957,193578,199596
330,60030,63557,66466,69404,70633,74105,75639,86161,90131,97797,116377,123499,140805,148909,161424,165910,180147,183747,193290,203359
331,60232,64930,66441,69439,71105,74245,75806,86532,118442,97806,115707,126167,139063,147430,161113,165005,180916,183670,193346,201910
332,60881,64321,67138,69086,70358,74452,74945,85254,91847,97436,115457,122731,136258,145049,155349,163951,177619,184775,189298,199267
333,60886,63597,67444,69174,70925,73764,75813,85148,91954,97731,115462,126233,133434,142141,155969,165656,179147,186377,192379,205306
334,60492,64242,66602,69112,71235,73947,75847,85395,90356,96754,108212,123782,137119,142506,155426,164151,177772,182027,189830,199248
335,59171,65131,67212,69862,70816,74354,76444,85479,92162,102913,109537,126526,136568,141870,155517,177279,181984,184994,193061,201206
336,60083,65081,67582,70020,70803,74587,76480,86250,94908,98197,109140,125081,133234,145487,156561,165198,178324,182304,192840,200173
337,59229,65715,67812,69638,71969,75148,77087,85797,91477,143824,114824,124171,134586,147016,157529,165880,180420,184637,195096,199946
338,58987,65252,67029,69608,70803,75405,76923,85864,90786,105700,114382,123414,128579,145946,157459,166030,180541,183100,195321,199147
339,59848,64686,67016,69865,70459,74715,77098,86614,91083,98416,116950,124647,135572,147413,158014,166213,180581,186671,192193,200316
340,60989,65789,67452,70125,71101,74449,76776,85666,91228,98142,116719,124122,135807,146540,157305,164501,178469,184271,191868,201604
341,61654,65643,67524,69221,71232,75382,76829,85554,91324,97929,116734,121654,135746,142532,157695,165358,180358,184899,191817,201192
342,61325,65302,67046,70190,70816,74953,76211,86178,91312,102453,116103,124743,139671,139832,157166,168609,183085,184170,196573,199897
343,59609,65546,67537,69624,71303,75136,76387,85092,97816,98129,116582,125325,131650,147151,158158,165756,181162,187507,195163,201244
344,61533,65261,67365,69834,71338,74837,76565,86374,90914,98873,116191,124897,135758,147269,156642,165636,181364,184662,192029,199857
345,61500,65567,67197,70134,71474,75036,76860,86512,92864,98103,116192,128289,132205,144248,158182,166668,182198,185593,194321,201009
346,59465,65076,66851,71284,71756,75013,76520,86429,97644,97700,115794,122150,133569,146469,157416,165154,180622,183272,195321,199760
347,60855,65836,67632,69318,71513,75495,78042,86522,91460,156872,110788,125682,143148,140904,158943,168228,183965,187845,194082,200770
348,61550,64625,68591,69608,70894,75296,76996,85179,91047,102340,114200,123408,132766,147482,157569,166291,180331,184714,195089,198482
349,60840,64820,67845,69712,71203,75670,78367,86537,104807,99634,111082,122506,131253,144237,158857,166786,182827,186235,195854,201927
350,60892,64758,67862,71383,71428,75618,78282,85840,90914,99186,111269,123387,130809,139566,158729,165558,181116,185294,194242,198787
351,62388,65561,66477,71377,71818,75243,77240,85748,91631,101907,114569,123695,131010,146572,160129,166636,181081,185592,196697,202921
352,62196,65298,67606,70184,71523,75172,76715,85978,91091,98132,115949,127865,133206,141018,157020,165696,179553,185303,195029,199893
353,61150,66078,68844,71558,72337,75831,77520,86976,91941,99201,110616,118156,144633,147396,158851,179593,183038,186561,197472,203188
354,61642,64769,68702,70637,72208,75850,78033,86361,94877,99248,108471,120581,132264,148507,159399,167119,182707,186071,196309,202822
355,61403,65496,68244,70696,72064,75677,77851,87375,91942,102574,108487,123504,134315,145217,159392,167139,182604,186718,196560,203307
356,62271,65062,68006,71583,72151,75026,77087,87293,96438,98442,110196,125537,132628,148564,158781,167902,179707,183599,193969,201498
357,61816,65053,67946,69845,71809,74565,77140,86737,91501,102284,114377,122994,135277,146612,158790,165704,178767,184027,195341,200205
358,61509,65541,67689,70458,70981,74940,76734,84705,95435,102039,115062,124381,130067,147049,157305,165157,179096,182537,192245,197884
359,61238,65942,67523,69763,70829,75600,77889,87045,92034,102094,113611,122691,137352,147217,157751,165586,178848,182715,193946,201547
360,60622,66395,67276,70115,70972,75411,78021,85493,95833,97715,115288,122415,139958,146759,157259,164430,178443,186051,190402,199098
361,62321,67243,69078,71703,72706,78362,80164,88522,93624,145798,113736,130716,144138,154713,164456,174541,196054,197582,205334,207675
362,60974,66473,68612,70555,72785,76266,78825,85965,93092,100029,118549,122197,135501,148445,158214,167991,175125,196860,200505,210264
363,61357,65195,67775,71763,72803,76101,79743,85930,91422,99701,113817,120611,138237,148460,158300,168029,173632,193832,201985,205544
364,61988,64845,67630,69894,71897,76314,78481,84833,101032,98177,115624,143964,130378,146636,156222,165022,173338,188256,195879,201390
365,61708,65746,67724,70253,71804,76601,80030,84633,97740,97770,113327,123675,135783,148271,157442,164315,175000,189962,196993,201328
366,61527,64678,68094,70610,71353,75725,79228,84770,91696,97843,114665,120061,140685,139176,157063,162956,184428,190300,195192,203540
367,60272,64465,68189,69668,71492,75891,79316,86400,92351,99385,115782,120883,140487,149357,157038,167140,176689,191232,195460,202245
368,61044,65547,68031,69906,72074,75146,79009,86060,92302,99131,114522,119707,138228,149067,158206,167591,170074,188368,193550,201748
369,61301,64648,67197,69657,71319,75595,78921,86181,91118,99077,115371,120737,139151,141769,157855,166528,179262,185404,190501,200528
370,60880,65072,68092,70658,72036,75249,78810,86753,92481,143811,114759,170577,133639,148136,157149,165394,172526,183642,193203,200112
371,60328,65913,67086,70278,71647,76142,78996,86929,92019,101576,116381,132001,138874,142122,155939,167137,181823,187589,196241,200487
372,61040,65124,67687,70788,72779,76106,78785,85604,96676,98697,114511,123229,140647,148516,154926,166737,175160,185097,197117,202165
373,62147,65689,68166,70193,72586,77948,80289,87392,93523,103391,118111,123217,135180,152441,162541,172363,189968,192710,197943,204178
374,62234,65742,68314,71116,71681,77010,79713,85772,91469,99234,116022,117523,130498,148430,157169,165907,174120,190957,200147,203346
375,61777,65003,68187,70484,72365,76799,79862,84556,94611,102449,117007,119363,130209,147592,157023,165094,173856,191019,196772,205170
376,61914,65088,68573,70454,71212,76397,79501,85108,92354,98571,114051,123123,132242,137349,160340,165451,173419,186644,193496,203384
377,61224,64505,67858,69588,72324,77103,78849,84885,95770,98511,114714,122879,136708,146927,159783,163280,171325,186743,193264,204328
378,60575,63403,67553,69792,71681,75515,78837,84467,91209,97441,113062,117861,140802,143974,157484,162979,182429,186689,191791,199012
379,61058,64008,67280,69737,71491,75664,79406,85637,99300,98151,110454,119669,135561,148173,158729,167094,174192,185744,193234,199502
380,61013,64759,67422,70227,71413,75356,78920,85554,92152,145332,112665,118509,138654,140960,158389,168580,181049,185331,195519,199699
381,61392,64729,68027,69772,71661,75896,78760,86359,91748,101293,113501,122035,139169,148675,159519,169676,175148,184642,194635,198136
382,60815,62818,67717,69339,71771,76054,78946,86111,91467,98663,109849,122402,139103,148393,153298,166392,174751,185161,194738,197946
383,61555,64325,67884,71497,71655,77388,79372,86237,105983,99789,112675,124749,134451,149333,160068,168345,183654,186972,194113,201869
384,59658,63491,68481,70055,72070,77351,79456,85023,92381,98467,116642,123455,140072,148822,160176,168603,172886,188383,194063,202511
385,60015,62699,67864,69766,71994,77113,80235,86066,92014,105650,110301,124385,133745,145291,160560,164714,174833,190602,197057,202916
386,59427,65192,69552,69968,71559,77027,80260,85253,90965,98059,107722,123494,132800,146731,161224,165166,186091,187894,197440,203135
387,60200,63822,68395,69525,71382,78114,78532,84755,91141,105550,107643,121747,135640,145561,161209,164792,172582,189358,196587,199488
388,59886,63443,68296,69995,71450,77846,78907,85065,90250,98076,163344,163344,129742,144163,159604,163725,173014,187526,195510,200291
389,59477,63419,68886,69394,71873,77578,79451,85665,100900,98936,114647,118040,130465,146936,159254,164117,177855,188546,197200,200432
390,61356,63708,68711,70246,71869,77911,79060,85101,92869,97929,112824,123146,129091,139423,160216,163681,171462,186972,193429,198971
391,60735,65232,67403,69951,71620,77552,78582,85052,91064,113455,115785,120211,129639,144574,158866,162245,180761,185771,191864,195853
392,61624,64751,68351,70019,71969,77618,78666,84432,90747,102891,113592,120036,132562,147478,156263,178884,181110,186645,191631,197910
393,62040,65587,68167,69207,72019,77467,78776,85347,95246,99102,107414,121486,131790,140530,158753,166081,173936,185834,192453,197401
394,60826,64866,68002,69140,72860,77816,78652,85320,92338,97864,112578,119615,132789,142125,158419,165273,179985,185540,192120,200939
395,60110,64996,68713,69934,72046,77535,78752,85341,95500,148994,107975,121302,135471,142066,155917,167241,175372,186632,192810,200554
396,60404,64669,68365,70410,72034,77633,78718,85306,91211,101651,106792,121287,132464,148349,156949,161417,170097,187939,193702,198803
397,60223,63618,68824,69532,72258,77043,79313,86002,101385,99178,115027,121625,137838,149847,160163,163449,186856,190468,196270,201965
398,61316,64949,68104,68920,72228,77011,79275,85673,91157,99721,115681,164736,130102,147005,159716,171286,171662,188261,195096,201294
399,62081,63982,69163,70060,71576,77377,79529,85810,90690,98089,114159,126527,137868,139635,159831,164113,184627,188332,194029,200382
400,60462,63326,68618,69967,71652,77497,79580,85714,90317,97992,114523,121208,136731,145200,159302,163829,171466,187762,194511,198542
401,60183,65625,69039,69672,71351,77002,79222,85970,127164,98016,114102,121171,129986,138712,157909,180835,171649,187990,193153,199330
402,59766,64626,68497,69713,71448,77270,78224,85420,93076,104254,113067,120363,134320,142344,156479,165791,181861,187331,192858,197137
403,60069,63255,68811,69913,71896,76791,78813,85935,91295,98432,115122,122778,141086,140456,158379,162293,182907,188485,193381,197389
404,61097,64926,68192,70472,71326,77511,79393,85958,90730,97918,114660,122539,140622,148310,156245,160962,170800,185288,193805,197370
405,61136,65085,68468,69696,71068,77234,78765,85770,90984,125805,106752,121832,139994,138049,157279,161133,181065,184571,191203,195651
406,60731,64957,69148,70188,71746,77135,78626,85066,90999,99214,114827,122290,140406,174647,156693,177908,174321,184813,191095,196338
407,61582,65397,69109,69542,71960,77983,79800,85987,91075,98052,107709,120857,141503,143881,154844,166532,176383,187799,195106,198782
408,60823,66264,68785,70296,71659,77484,79605,85633,91199,97663,115382,120657,139985,146462,159170,161654,174844,187945,192420,197377
409,61557,66538,69420,70076,72641,77547,79891,86109,90812,98698,114933,120387,142897,142641,159735,164808,187358,190692,197150,199811
410,61957,65340,69233,69914,72270,77779,79776,86016,90741,154677,114643,115096,132078,146402,157072,163854,173185,189621,197477,201895
411,62359,66580,69624,70963,72274,77874,80146,86308,91636,99395,114837,186238,139058,139680,157493,186634,171282,190643,195140,199618
412,62484,66997,69224,70395,72275,77688,80227,86800,91553,97372,114049,127519,132618,146979,156029,163907,187124,190166,195986,200475
413,61539,66346,70245,70199,72171,77904,79415,85868,91259,97051,108339,115278,132500,137946,156219,163625,172151,189657,194112,198113
414,60454,65706,68625,70376,71961,77664,80017,86387,90536,99630,151801,113153,139617,144357,156596,161905,170242,187757,191926,199110
415,60739,65737,68375,70730,71987,76652,79996,85945,119993,97876,117708,120374,136204,136916,157231,162291,183712,186674,193712,197938
416,60672,65914,68481,69936,71973,76525,79016,85289,91740,97515,106465,120776,136677,178814,157379,162103,169682,186084,191172,199002
417,60647,65755,69615,70069,71513,77035,79032,85622,90467,97162,106709,119210,136030,142770,157012,180247,182112,186728,191911,195382
418,60247,65121,68372,69657,71469,77057,79529,85414,90309,97513,107095,119439,128142,136052,158902,165102,169049,185571,190474,197693
419,60708,65822,68697,70466,72342,77465,80177,86271,90592,149392,114054,119966,126369,136868,157764,161810,182480,185622,192051,195669
420,61234,66400,68777,70043,71272,77981,79127,86454,90808,101017,107954,119313,134571,139835,157742,161564,181857,186785,192389,197150
421,61889,65712,68106,69821,71902,77584,79980,86561,90257,98517,107345,118876,127304,140854,156347,168949,170689,188551,193491,196856
422,61739,66076,68466,71236,72830,77732,79517,86130,90834,98490,121503,151996,130133,181311,157973,162670,184225,188103,193863,199209
423,60889,66969,68614,69958,71610,77711,79833,86309,90881,98818,109980,130032,133241,148731,158526,182743,171375,189139,193733,197746
424,61801,65474,68872,69924,72270,77666,80235,86076,94060,98363,115500,121015,135789,138639,158190,163265,184086,186760,193201,197920
425,60794,65143,68903,69687,72392,77996,79646,86247,92707,98533,107211,121477,129919,138446,158151,162038,170634,186512,192005,200321
426,61490,65358,68399,69628,71604,77236,79618,85782,95342,98107,161355,121073,135274,135363,157176,161312,181437,184568,189674,196721
427,60358,65084,68566,70538,71194,77298,79121,85624,90609,96512,109480,114490,125551,136387,156583,160506,168063,184405,190736,197087
428,60123,65447,68703,69867,71294,76479,78877,85677,116489,135117,113667,119693,134597,138809,155472,177050,178983,184068,187745,196945
429,61660,64610,68842,69807,71329,77427,79749,85567,91583,101176,113150,119156,131211,174489,155537,164294,179066,184521,188771,195995
430,61033,62880,67440,69148,70996,77013,79720,85789,90926,97832,106850,174478,140119,139954,156090,163740,180115,184137,189613,199856
431,60300,66902,70440,69044,73231,76988,80007,85468,91088,97605,107370,127377,133198,139391,156198,171861,173694,185138,191196,197208
432,63659,64878,70276,69952,73925,78271,79956,85674,90215,98829,113052,115957,135998,137338,157498,167094,183168,185872,192875,197940
433,59894,64933,69578,69906,72003,78206,80231,86439,91073,99448,108432,119542,131416,146018,159482,164294,173300,191595,195974,200414
434,63722,66151,68150,72245,71850,78342,79753,86106,90722,97378,113116,120572,130968,145149,156520,164440,188358,190589,196155,199689
435,62326,66393,68928,69810,71454,76971,79776,86577,91370,141437,106702,115827,131068,136858,152701,164014,171569,189576,194332,198335
436,61200,65763,68782,70024,72859,77742,80156,86670,90806,99830,111430,115415,130425,184129,155659,184546,170960,188591,194959,198513
437,63461,66261,68904,72119,73776,77825,79760,85925,109030,98617,125319,119379,130965,144357,154438,164694,185928,188584,193662,200135
438,60856,65659,68794,69871,72343,76576,80058,86390,91782,96591,107721,119863,129642,146823,148025,163696,170107,185763,193312,198591
439,61066,65388,69136,70283,71883,78308,80002,86415,90409,97060,108365,134620,132633,141202,154510,163570,169495,187484,192744,199418
440,60524,65815,69204,70478,72017,76886,79865,86025,90681,96827,151303,123267,147954,146121,153353,161894,183386,185201,192414,199258
441,62054,66391,69420,70261,72063,77107,79873,86146,90336,97753,114851,120100,133496,145740,153289,159989,182507,187598,190805,197680
442,60741,67041,69661,70381,72368,76536,79945,86238,90776,150819,107147,123412,130817,140260,157120,181163,171202,186527,191429,197143
443,61220,64974,69731,70542,72004,77862,80763,86537,101917,101896,108455,119201,131240,147295,160206,163076,186512,191880,196319,200571
444,62796,66008,68882,71124,71838,78624,80074,87235,92200,97678,107055,185825,139474,138234,155796,164328,171699,189739,196938,201208
445,62571,66221,69554,70258,74859,78233,82025,86859,91536,98541,111133,129322,130846,140096,156144,164007,173824,193360,198850,203281
446,63322,65833,68404,70737,72904,77954,81178,86649,91738,98347,105985,120876,137998,142471,154694,164280,172642,192817,197450,201785
447,64060,65799,68967,71044,73618,77889,81006,86696,91789,98043,105345,113260,138287,140764,157304,168605,192683,194043,201873,204488
448,63207,65759,68857,70327,72640,77824,82243,87137,97959,98712,173820,118161,136074,141448,156776,163887,172812,193971,200605,201877
449,63108,66409,69839,70250,73177,78507,80778,86842,91354,97706,110489,114003,135345,189240,150743,174861,168447,192121,197310,199502
450,63011,66041,69061,70774,72583,77919,80641,86235,91279,98866,105686,113351,131923,141311,153227,163179,187231,189218,195789,198904
451,63023,66584,67787,70514,72641,77116,80909,86176,101097,140540,111966,117181,132955,146616,155989,163817,171619,186545,194978,201474
452,63451,65952,69254,70660,72224,77306,80117,86181,91332,99394,109357,117024,130913,137838,154063,160776,170799,185275,193767,198438
453,62990,65298,69268,70833,73245,77162,81123,86318,91695,105338,110633,134844,182179,140337,152065,182749,183990,187819,195008,201268
454,62423,65501,69070,70012,73190,76869,80698,86840,91730,98419,108261,120337,135487,146043,154979,162906,170733,187656,193877,200261
455,62575,65129,70440,70954,72464,76825,80870,87091,96812,97678,107955,121934,133025,140485,150482,163898,187518,189519,195276,201350
456,64731,67241,70744,72450,74013,77695,81390,86985,91652,98686,113913,122356,138416,146992,150687,163504,172543,190299,195998,202140
457,62877,68593,70329,71272,73614,78108,81307,86748,92753,98249,108947,147835,132274,142144,156999,166199,173403,193237,198958,201856
458,61842,67344,69187,72487,72462,78507,81093,87183,97569,98243,112231,123722,140140,141675,156349,163848,178262,192822,197646,200721
459,65421,66655,70504,72533,72590,77876,81913,86931,91484,99588,112602,119015,135154,147219,157155,190605,173492,193197,197167,200819
460,64709,67099,68462,71465,74168,78793,80899,86976,91995,145016,111556,121366,138617,139432,150930,160780,190415,192004,197294,199956
461,63907,64931,70106,72631,73540,79382,80032,86829,97453,102688,109959,118993,137516,138494,157466,163720,172911,191770,197315,203358
462,64378,67716,71251,71041,73058,78505,81204,87045,91287,98218,169777,118511,137942,187137,156716,163118,171607,189800,195331,202492
463,63957,66068,70846,71941,73367,77628,81009,87062,92486,97734,110560,155266,132476,149655,155899,163433,170951,188365,194890,200073
464,63677,67377,70893,71189,73216,78748,80628,87153,96759,97929,108258,128456,134028,145874,155775,163345,185599,187521,192493,196816
465,64723,68194,71280,72628,74591,77222,80621,87551,91645,98038,114675,118889,130492,138092,156248,162419,171255,186974,194667,201305
466,62389,67772,71637,70751,73712,78678,81592,87719,93488,98362,108117,119899,136539,146711,156428,184551,185342,187379,194336,198326
467,63829,68735,71011,72513,74228,78580,81120,86911,95633,97619,113601,124848,131300,140444,155643,161398,171255,189326,197638,202525
468,64130,66958,71568,72425,72230,78639,81135,87698,91932,133141,112382,122102,131418,148057,156277,163144,172193,190070,197582,200218
469,64151,68365,69656,71733,73710,80126,81072,87070,95703,100373,107803,119391,135408,142898,154402,165894,192324,193644,201599,201459
470,64738,66910,70530,70471,75398,77057,81301,86818,92546,98798,106912,117631,132483,141540,157689,164931,172868,193798,199669,201978
471,63554,65738,69291,72225,73687,76932,81442,86958,91864,99047,114020,119102,135630,146749,157128,164767,168967,192670,197800,199889
472,63662,68381,68981,71151,73380,76540,81192,87441,103036,98690,112784,146146,135271,137813,156529,164759,190867,192951,199478,200561
473,64465,65685,69600,70514,72332,76712,80594,87168,91969,102690,107249,123311,134816,138366,156028,163972,172702,189946,198371,200356
474,63190,65956,70477,72912,72161,76727,80534,87181,92128,102858,112937,121758,131136,145884,155320,185745,171487,188564,193101,199231
475,64885,66324,69248,73080,74941,76176,81424,86939,91676,98406,106288,119864,137931,145671,154679,162808,171891,188329,195569,198768
476,62396,66421,69783,72196,74619,77243,81151,86526,91408,125239,167967,114974,135084,145876,155242,164017,186174,188018,194555,198868
477,63560,66533,71123,71849,73790,77098,81297,86521,94023,103274,112325,128926,130990,145031,154978,163088,170778,186312,193791,198090
478,64001,66331,70911,71551,73372,77400,80629,86678,92568,98558,106536,119517,130701,139617,153611,162683,184780,186122,191022,199304
479,63250,66665,69956,72174,72009,76692,80553,87488,96782,98636,107367,153289,136079,139244,155797,162817,170808,186627,190718,196828
480,64586,66424,70298,71134,72498,76952,81108,87200,92121,100673,107395,128714,134970,182959,156320,171178,171243,186164,191033,197015
481,65016,67892,72048,72050,75380,77809,81551,87522,93421,99389,108389,126082,137543,151031,157046,164845,191999,193219,196816,200366
482,65672,67068,70402,72122,73529,79783,81333,87159,93629,121259,112404,124286,131926,145211,156329,163656,173552,193217,197126,201938
483,64389,68402,71048,71953,73699,79010,81656,87803,94251,99205,107344,119366,140142,139433,156961,177253,173592,193226,199982,203077
484,64840,66739,69355,73365,75130,80550,81321,87416,93180,99340,106544,120530,139614,140107,156401,165285,173372,194546,201117,201553
485,65746,65811,69869,72695,74525,80450,81653,87265,94769,98650,113906,121058,132646,145794,155779,163570,177970,191891,196334,197683
486,64869,68625,70239,72501,74488,78083,82100,87538,92663,99608,107791,119053,131683,145147,157304,162720,172066,190026,194453,196553
487,65866,68185,70053,71481,74769,79711,81348,86639,94294,143396,169645,119200,134335,146918,154461,162638,187610,189210,193113,199577
488,64826,67692,70316,71486,74233,79203,81457,87191,92638,99263,121827,113149,130952,145711,153870,185412,170658,188329,191500,198650
489,63523,68208,71173,72547,73802,80248,81765,87438,94993,98482,108659,186460,134329,147497,155208,163139,187653,188740,194502,196373
490,65427,68212,71200,71019,75011,80281,81179,87092,92630,98297,110047,129239,134520,142265,157192,163517,173416,190317,193565,198552
491,63713,67226,68997,72787,74754,79651,81376,87498,95224,98869,113682,124042,131934,146109,156255,163296,171746,190416,194525,202010
492,66410,68378,71138,71430,74089,79453,81474,87204,92810,98822,112037,123956,141031,135891,157089,163737,172034,192116,197416,199908
493,66488,67579,71244,71942,74965,80784,81823,88270,94502,99434,106439,116398,141725,147211,157986,165020,195424,195969,199944,203659
494,66118,68093,71211,72420,74527,80492,82078,88388,92860,98688,112593,112818,132912,142113,157048,162760,174235,195303,197900,203411
495,64058,68416,71275,72932,73481,80729,81705,87461,93989,129153,112554,119218,141429,136489,158190,193845,168893,194838,197395,203304
496,65884,66664,71102,71370,75898,80519,81755,87693,93974,100407,112212,121127,131756,140815,156397,166252,168197,194897,197612,203721
497,66550,66129,71303,72048,75609,80544,81622,88327,92908,106658,107971,120304,139977,174786,149296,165281,192976,178460,196645,201107
498,65490,68179,71239,73867,75456,80271,81705,87926,94727,99115,110340,123912,140052,148640,152018,164042,174166,192337,196554,201876
499,65049,67441,71729,72599,75172,79571,81637,87860,93593,98689,112929,113484,138452,146951,156508,163452,172718,191307,196476,200098
500,65758,67680,71586,72500,75287,79545,81429,87896,93621,102589,107019,119400,138341,147501,156148,163175,172043,190397,196441,200136
501,65881,67726,70716,72974,74979,79806,81906,87301,93173,99369,106535,120894,139093,143012,155758,161903,188280,176134,195858,196922
502,63390,67881,71641,73137,75189,80035,81831,87141,95351,98459,120000,145651,130777,145592,154880,162426,172045,189179,194717,199399
503,65566,68367,71672,73135,75335,79501,81806,87535,93458,112673,114395,133415,137105,137971,156524,164018,171485,189679,197823,198129
504,62890,68443,72009,73289,74863,79655,82137,87583,92530,98504,115777,125873,139162,139968,156655,164224,190879,192320,197377,201348
505,65999,67690,71113,72808,75033,80043,82559,88158,94103,98721,114486,122815,140827,148381,158029,178933,176600,185812,200424,202765
506,66670,67963,72039,72205,75352,80286,82156,86797,94388,149791,113403,122894,140353,138245,158639,165981,169341,196751,199489,204266
507,64541,68027,71343,73231,73878,80102,81966,86731,92596,101570,108408,122781,140894,144496,158552,164115,170621,179523,199895,203824
508,66468,67756,71189,73014,75204,79442,81924,86913,96090,105917,132777,122933,140586,146620,149699,162400,196550,197114,199894,203978
509,65331,67539,72072,71683,74538,79957,81969,86848,91924,99783,115824,113215,141485,146158,158003,162400,169574,177784,197471,202536
510,65145,68638,71502,72599,74652,79874,81641,86521,93934,102641,106885,114096,141161,143765,158550,168990,169351,194135,196674,199937
511,65322,66951,71493,73087,74406,79074,81631,85722,93129,98647,106660,159712,140238,148575,157617,163688,170900,179409,195721,199238
512,65475,67976,70973,73417,74919,78960,81301,85645,94440,98360,112530,130139,138583,147750,156521,174829,189454,191065,196788,199844
513,65560,68115,69886,73042,74420,80271,81371,88198,93006,98274,112756,123942,129666,147239,155126,163701,173265,177624,196113,198195
514,65415,67278,71217,72407,74732,80247,81729,87772,95698,98365,130376,124119,139412,147182,156748,165466,173514,191849,195924,202544
515,66361,65781,70099,72701,75339,80414,81285,88449,93475,98618,116564,113750,132578,141028,157626,164072,173268,192816,197464,202489
516,64646,67273,72456,72314,73800,81095,82281,88923,93131,99143,113689,123979,139312,146433,157451,165592,193609,180913,199986,201737
517,65578,68263,71243,72402,75126,79352,82454,88525,92761,103067,108641,125194,133221,146339,151818,180298,175210,198827,202251,205188
518,65349,67928,72305,73036,75980,79374,81929,88559,93854,101596,114398,123588,140778,146214,158096,166636,172296,180114,201243,204395
519,64443,67909,71870,74481,76077,80011,82058,88441,94732,139914,114583,123593,140547,146630,159452,163190,173264,199374,201977,205123
520,65111,67926,72984,74037,75935,79883,82795,88439,93210,100570,115329,123878,133027,145879,159695,164285,172699,181115,202820,207044
521,66110,67398,72710,74233,76378,79760,82553,86680,93196,97894,109914,123790,135275,135567,158183,162352,194992,179423,199251,205229
522,65424,67986,71181,73691,75776,79833,82272,86973,94162,98210,114095,120806,132780,143370,152108,162452,174410,193906,197969,200407
523,65507,68440,72417,73504,75449,79076,81798,85987,94407,97929,107479,120020,139706,145285,156601,190642,169236,179316,196319,200055
524,66069,68616,71682,73958,76084,79162,82197,87078,93045,98289,137751,120300,140857,146536,154448,166657,169109,192561,196611,200164
525,63626,68366,72001,74061,75285,79651,82088,88063,93733,98200,113340,118423,140385,140203,157592,165399,191352,192914,196352,199440
526,64497,67515,72053,74170,75445,79696,82006,88830,94599,103935,114293,161779,141069,193313,158925,165955,176126,180700,198944,201509
527,65998,66560,71722,73035,76060,79473,82192,88483,92622,108107,107469,123524,134674,150580,153721,162766,171009,195709,198728,205491
528,65444,68341,71199,74387,75573,79533,82720,87748,95321,99807,114694,125204,130873,150405,159183,163869,171192,180930,201701,204288
529,65882,68343,72241,74057,76890,80537,82529,88344,92691,124191,109508,125079,131684,148892,159634,164697,185710,201815,204720,207866
530,65801,66789,72355,74167,76605,80026,82750,88249,93144,100269,107554,127292,139358,146854,157208,164257,173141,180174,204480,205804
531,66206,69179,72472,73067,74869,79586,81989,87584,95495,98522,107410,123718,128596,145202,156418,163836,173287,180610,204175,208380
532,65019,69771,72349,75248,75982,78759,82150,87560,91978,98254,166574,126616,129007,145938,156855,164238,178246,200634,202724,206799
533,65573,67646,72886,74655,76466,78723,82438,87732,95217,98130,118262,125665,129610,146481,156208,164310,173080,180181,201656,206718
534,64445,68520,72638,73208,75864,79620,83160,88202,92287,140946,115496,124187,128861,148088,155616,164351,198042,180461,201415,206421
535,64222,67464,71298,73469,74577,79775,82668,87780,94741,100890,114765,120820,128084,136525,155190,171842,171755,196994,200978,203722
536,64040,66777,71288,72915,75484,80085,82654,87382,92575,99424,114179,123342,137978,144341,157826,162548,171679,179860,199794,201707
537,63930,68168,70942,72810,74930,80583,82159,87221,94057,99412,114797,121249,134519,144328,157148,162364,169137,182377,197376,200421
538,65050,68246,71786,73034,74997,79510,81903,87360,94384,105635,107502,122839,134091,135757,152514,192411,180233,193716,198989,202434
539,64923,67297,72116,72061,75578,79228,82263,86855,93349,99812,114335,120197,134549,146163,157566,168288,175128,180044,199269,202261
540,65435,67936,70596,74064,75198,79876,83011,86961,95592,99956,114910,120985,136762,139800,156398,166621,170949,196158,200701,202715
541,64185,67147,70664,74315,76794,79986,83003,87942,93332,98918,107359,124426,136083,135351,159961,165121,199830,182291,202427,206310
542,64575,66965,72394,73837,75617,79717,82625,87677,93262,99117,114123,119715,128657,144476,160254,165561,174167,201306,202736,206951
543,64228,67549,71735,71825,74581,79475,81898,87800,92865,99058,108469,123757,130351,145168,157178,164665,173806,181691,203273,207700
544,64009,67528,73199,72712,74275,79445,82418,88101,93970,125537,113929,121772,128986,137807,157455,163877,173501,180084,202545,207522
545,65000,68598,72235,73355,75717,79595,81725,86945,93279,99702,115099,123566,129563,138444,153661,163716,172709,197741,199432,204196
546,64118,69048,71919,73795,76261,81693,82732,87346,94644,98163,114998,119059,130340,138347,156079,160871,172364,180722,199817,204072
547,63833,67290,70650,72849,74949,79970,83030,88007,92915,98016,114606,177665,137983,195188,155493,161725,195487,180877,200642,202894
548,64845,67285,72127,73643,74795,80978,82318,86932,95201,97904,114529,124454,138569,141990,158776,163562,175721,196225,199803,202864
549,65103,67033,70442,72567,73829,79949,82393,86798,91977,137576,107170,122110,129731,136892,153971,178292,169505,179947,198532,201426
550,64623,66987,71401,73662,75534,81641,82560,86531,96595,101146,108152,120876,137951,138944,155511,168254,169594,196079,199025,202940
551,64857,67040,70700,73812,74778,81125,82712,86383,93701,99540,107951,118172,135506,144495,158516,163753,171189,180984,200340,206695
552,64012,68555,71135,74269,75258,80810,81685,87198,92954,98570,110889,119948,134198,148932,159298,164305,198584,199330,201196,204787
553,64262,67528,70315,74952,74686,81655,83113,87909,92679,99684,115353,122462,128391,139209,160692,164185,172372,182083,204408,208043
554,63874,68558,70373,71891,75741,81343,82719,88140,93082,98718,115189,121961,125045,147271,149769,164008,175280,180939,204733,207886
555,65533,67282,72703,73749,75451,79762,82589,87703,95461,99254,115003,117565,128592,136782,156041,164607,174082,201680,205451,207784
556,65080,69017,70333,72867,75155,79586,83131,87184,92165,99108,114647,117070,126162,137171,154004,169348,174371,181333,205541,207866
557,62937,68782,70812,73530,75341,79688,82763,87422,94134,141112,114509,117185,125686,147006,155636,164119,173705,181290,202226,205176
558,65585,68141,70220,73841,74219,79244,82251,87637,94017,100454,107525,120303,131899,147058,155729,167855,173516,199891,201796,205747
559,64704,68010,71147,72112,75240,79181,82218,87129,92347,97742,110645,177844,196050,145250,156395,163521,196050,180875,199513,204018
560,63687,67869,70554,73033,75813,81338,83134,87204,97394,98494,164383,125008,138669,142505,159959,196481,176087,180885,200014,203961
561,64950,69287,72654,72911,76556,79442,81693,87025,92772,98634,118338,120977,131238,144967,159409,168162,173299,197371,199048,203695
562,66209,67871,72880,72363,76154,79579,82507,86739,92500,98482,113893,120135,127503,146035,159735,162658,172882,181006,199291,204149
563,64108,67557,72524,74365,74866,79942,82844,86255,92668,98605,107601,120552,128163,147249,160042,161716,173195,181135,199213,203452
564,64257,67990,71110,73278,75396,80265,82403,87769,95425,98584,108336,122665,128692,148304,160432,163745,172511,200142,201863,206745
565,64832,67690,70960,73024,75875,79693,82937,87567,92679,153114,107885,116855,126273,138572,160783,164728,201753,181827,204592,206359
566,65013,68623,70855,74640,75786,79894,82641,87486,94171,101804,107945,114052,128458,201279,157403,163438,173908,181855,203874,205943
567,66644,67238,72372,73180,74869,79702,82527,88011,93477,98503,114708,124056,131899,144457,157673,165064,173281,202065,204272,205970
568,64790,65636,71974,72463,75610,80030,84418,87831,93411,99194,115553,123333,133772,147730,156594,165920,174483,183410,205414,207182
569,65334,66953,72488,71832,75608,79652,82824,87928,94382,99255,107868,123963,128939,146635,157919,165221,173591,178736,203579,207023
570,64571,66714,70006,72954,75169,79993,82661,88198,93467,98849,113001,124121,132782,145806,157550,165351,174282,201739,204263,207721
571,67445,67592,71367,72000,75801,78564,82207,86198,93016,98363,114322,116888,130669,144321,154649,164264,173708,179194,199463,203485
572,65473,67531,70919,72248,75433,81010,82349,86321,95384,98264,114093,118649,146772,139095,159624,162472,172258,178646,198275,202511
573,65734,69294,70559,74230,74485,80519,83020,86567,92582,98137,111656,175395,139795,137964,159470,163131,180843,194967,197754,201748
574,66091,68644,71739,72173,74791,80435,82565,85758,93398,98934,107497,127007,133858,143383,159194,194152,175727,179238,197390,200586
575,65135,66331,70426,73689,75271,80419,83402,86462,95170,131072,107627,124683,133067,147545,158755,167587,171675,195981,198140,203175
576,65895,67500,71377,71900,74784,78949,83720,86710,92590,100819,152697,124547,131835,146349,160931,163514,199078,183226,202227,206670
577,65062,67141,70881,73466,74347,79272,83322,86961,93873,98668,115928,125280,133063,147509,160332,165176,173474,202706,204925,207032
578,65872,68676,71349,72976,74112,79458,82698,87455,93712,98983,108445,124331,129725,148263,157939,164980,172700,183105,204053,208072
579,65068,67568,71006,72530,75615,79228,83658,87016,94156,99054,115306,124398,151552,146976,157620,165957,173403,182503,189307,207607
580,64876,68219,71009,71210,73975,79389,83576,87477,93442,99480,108497,124263,143583,147696,156414,166390,173048,182177,204021,209433
581,65250,68941,71566,72318,74261,79395,83156,87518,93560,99130,107266,123953,140122,136981,158051,164389,172946,200232,202508,207175
582,64999,68593,70958,72952,74657,79394,83420,87087,93497,152333,108226,124552,131511,146929,157763,159446,199963,181913,187367,207133
583,64432,69602,71603,72295,74521,79164,82803,87028,95177,100902,108232,114573,139352,145775,156631,162850,171716,179960,201146,205834
584,64694,66577,70842,71796,74682,81317,82925,87278,92114,99336,111513,123523,141583,146198,160387,164476,171901,198227,201482,205141
585,64877,66744,71260,72400,74761,78744,83055,86214,93979,98119,112905,121084,141325,143646,159014,162753,170517,178983,198312,201086
586,64315,67721,71487,72528,74584,79566,82551,86361,95437,98501,109215,115591,134528,148247,160027,195771,171891,180331,193835,203631
587,64566,67713,70885,71808,74209,80243,82127,86583,91796,97614,165313,121613,131247,138190,155586,168075,198048,198988,200536,204780
588,64688,67880,72065,72656,74298,81036,83109,86777,95864,98279,119120,122389,132401,138394,160724,166499,173447,183494,203376,207715
589,63392,67983,71835,71580,74550,79622,84387,87839,92754,99356,108718,123217,129706,147859,153067,162089,174727,184733,191362,212543
590,63145,68822,69557,71858,75275,80381,83375,88598,94709,99085,107231,125395,129710,139319,158770,166169,174081,206226,207649,211734
591,64198,68285,72730,72718,75314,79687,83151,87835,94220,100203,111249,122107,131932,148638,158317,166135,174159,184123,191735,209104
592,64645,68338,71990,73713,75307,79536,83636,87874,93846,124400,108498,122400,133683,149424,158898,166226,175032,178750,190184,210687
593,64894,67566,71686,73314,74549,79595,82888,87787,92662,99533,109381,124818,130440,147876,157510,164378,174421,178331,205531,208521
594,65451,68254,71562,74393,73484,79944,84014,87756,92760,98922,106633,124861,130583,148237,157712,165117,173218,204345,191401,210240
595,64585,67816,72341,73289,74476,79369,83345,87253,93789,98767,110251,119945,130433,147885,157125,164186,184805,181556,201616,209046
596,64156,67187,71105,71177,75475,78958,83438,87554,93392,98051,108729,131324,128774,145652,156744,165847,172671,182645,202239,207523
597,65320,67397,71598,71653,74303,79107,82072,87278,95417,141469,110817,123858,198309,146965,156692,165723,172929,180630,186572,205619
598,64473,67803,70009,72742,74463,79525,81553,87035,92524,100700,107854,123641,131896,144792,156561,164600,198665,198920,200908,205248
599,64893,68948,70958,71762,75927,78923,82645,86520,93753,97950,164572,125227,131215,137567,156360,164097,172345,179442,200322,204233
600,116,117,117,117,117,117,118,118,118,118,118,118,118,118,118,118,118,118,118,118
601,65682,68261,71385,75426,80551,87497,98385,121112,130944,140817,151643,165041,179246,179246,197745,197745,197832,198512,200825,205602
602,65263,68009,71173,76049,80912,91219,107618,129593,139525,164937,197678,197678,197678,197678,197678,197678,197678,198423,200797,204923
603,65245,67839,71361,72940,74592,91243,107683,129993,151477,165430,121737,198835,198835,198835,198835,198835,198835,199471,201172,206591
604,64866,67112,70717,72211,75000,81151,82483,88936,95090,102311,111056,125886,133425,200005,200005,200005,200005,200826,202467,205643
605,65527,67343,71307,73066,74088,79003,82943,87029,92468,98363,111304,123574,132030,142597,158565,199001,199001,199627,201478,204134
606,64977,68721,70800,71227,74891,79254,82731,87332,91933,98556,109078,122132,128898,147349,161921,201548,201548,201933,203904,207993
607,64013,68341,71057,72749,73196,79249,84210,87141,92857,97744,164339,119336,129912,145286,156059,168450,196907,197552,200383,204543
608,65013,67269,71610,72406,74357,79056,82305,86962,92686,98933,117610,120042,128185,148104,156321,164908,197384,198206,200050,204004
609,63706,67152,70872,71621,74887,79265,83642,86578,92451,98779,107931,125873,130933,144673,154897,164224,196361,197599,199895,203955
610,65611,68653,71074,72155,73938,78913,82915,87126,92363,98661,111092,123751,130296,144812,155930,163769,172368,198388,200310,203584
611,64897,68306,71467,73002,75216,79586,82918,87000,92624,98348,111209,126135,198388,137759,155796,165186,171810,198960,200838,205268
612,64985,67734,69115,71621,74518,79767,83213,88098,92616,98983,111930,122433,133880,148745,157360,166016,172799,202711,204829,207685
613,65518,66872,70051,71661,74125,79137,82983,88089,92502,99534,109344,121073,133388,148356,156037,166556,204978,204978,206922,211996
614,65121,67902,71965,72680,73579,79298,83335,88128,92355,106039,114255,124549,129368,138867,158239,166726,174707,205490,207033,209161
615,65078,67006,70947,73173,73991,79563,83050,88102,92248,99683,113883,120885,132820,148569,155435,163381,173951,204513,206229,207037
616,65619,67067,69894,73379,75417,79677,81285,87392,91974,144427,114121,121887,132617,139562,158148,166208,174687,182681,206950,208399
617,66185,67637,70770,72876,74870,79276,82788,88064,92862,100968,108718,120926,133246,147630,158176,163801,172832,203612,205668,206736
618,64682,68013,69592,73491,75051,79676,83375,87985,92379,98964,108083,120013,133482,139137,157246,163467,174649,183091,206670,209580
619,65021,68192,69031,72317,74886,79673,83064,87157,92657,98697,107409,119921,131091,147174,157372,165214,173167,176980,203951,206550
620,65901,68770,68869,72818,74803,79211,83000,87242,92601,99459,113499,120864,133435,148837,152437,166368,172970,188459,204545,209340
621,64130,67669,70863,73321,74796,79212,82693,86805,92464,98039,109056,119985,132743,147550,158335,164700,172552,181242,201765,205386
622,65329,68627,69317,72115,76871,79405,82851,87665,92466,98256,108218,116179,132277,138019,156882,166102,201393,201688,203495,205979
623,65009,68477,71055,73606,75310,79641,82978,87558,92638,99218,168560,156251,132358,139261,157065,165877,172544,181282,203457,206573
624,66409,69141,71567,73034,75705,79572,83722,87965,93270,99711,119383,128607,131513,149172,158049,165606,176172,178636,208489,212870
625,65242,68471,69962,73169,75948,79072,83869,87542,92856,145741,109326,117491,135849,140231,159166,166482,175190,208884,209890,211731
626,65265,69064,70484,73112,75697,80254,83105,87753,93074,101002,108814,116043,135426,140344,151895,162582,175518,179545,209506,211857
627,65489,68093,70716,72793,75766,79271,83080,88119,93274,98885,106488,118763,129922,140905,159240,209508,176042,179948,209970,212296
628,66375,69298,69830,73838,76099,79813,83616,88374,92977,99513,106874,120117,137634,149485,160451,167836,176790,213587,213725,214722
629,66349,68312,69829,73851,75973,79538,84210,88131,91086,99244,113026,114753,137925,150232,160491,163525,171536,180044,211179,213102
630,66470,67922,70001,73770,76343,79286,83627,87774,91990,99356,112613,175806,136953,150788,159473,163714,171281,179417,211741,213085
631,65930,67396,70849,71792,73925,79092,83940,86741,91591,97345,106342,122764,131323,135586,150345,162776,172106,176359,187963,206440
632,65524,68908,69427,73666,75588,79803,83329,87429,92666,99583,107546,120883,135737,148592,157564,162865,203146,203145,205128,211024
633,65750,69620,69157,73179,74812,79699,83241,87512,92132,99396,106186,121168,129557,148090,157355,166126,173134,182569,188969,209242
634,64289,68442,70657,72249,74845,79751,83843,87531,92211,106398,127336,121473,133354,148777,157812,166632,174668,177843,205957,208413
635,65799,69258,68903,72303,75453,79303,81200,87044,91949,98445,109465,121153,132675,147361,148211,164878,173381,188780,188738,206834
636,65687,68486,69621,72240,74165,79888,81585,87590,92404,145888,107546,121816,131377,147983,158114,166760,175359,184739,208150,211218
637,65900,68026,69981,72209,75442,79522,83181,87737,92429,100954,121243,121657,132244,149373,159394,166165,174733,208986,190683,212586
638,65636,68576,70136,73187,75722,80371,81622,87616,92745,99642,109844,117076,133494,140500,157000,164502,173755,178605,209223,211838
639,65536,69544,71377,73408,74939,79898,83376,87657,92311,100073,111068,116417,160317,149257,160219,167247,174790,179830,191939,211164
640,65291,68311,70074,72284,74908,79670,83205,88383,93859,99709,147663,115699,138520,140712,158063,164539,175297,179664,191368,211613
641,65520,68558,69540,74194,76556,80550,81068,87767,96529,99472,108766,172192,136321,148986,156843,162526,179964,206663,207820,208574
642,66187,68597,71459,73905,76562,79264,82128,88028,92285,99822,109042,126963,133638,141052,154566,166692,175236,183873,192338,211732
643,66084,68381,69902,73520,75798,79968,81107,87247,92591,99320,107495,121565,131342,137626,149771,166822,173246,177484,189136,207459
644,65675,69630,70517,72480,74840,79755,81750,87792,94686,99431,110818,121458,129933,149781,157432,167049,205920,178399,207129,208438
645,65540,68289,70241,74457,75021,80114,80981,87561,92575,99348,106046,121406,128861,147878,158454,165380,173622,203450,188299,206900
646,66889,69343,70079,73467,74715,79930,81291,88578,93471,136238,108471,121497,132773,149715,154386,166568,173996,182626,206017,211186
647,66222,68706,69660,73082,75782,80607,81375,87791,97403,101638,171453,120175,132997,149635,155592,166163,173599,177714,188654,208960
648,64787,68483,70689,74512,75775,79934,81499,87476,93022,100373,115962,119054,137776,149906,159307,167555,175615,209602,210071,211376
649,66871,67912,70557,73380,75225,80057,81365,87592,91524,101056,112948,118951,135082,149644,152619,160702,170990,180475,192901,212766
650,66452,68901,70404,74828,75122,80082,81623,87349,93273,101916,109973,120766,139546,149971,160381,162666,173610,181226,212601,213871
651,66119,68717,70659,73204,75814,80374,82297,90786,95081,99107,109308,120129,140860,149008,159687,163022,171799,181907,192387,213525
652,65357,68204,70906,75044,75553,80308,82338,87494,93597,98754,107050,119789,130005,151858,152184,161251,183530,213528,191694,215132
653,66757,68426,69614,73772,75843,79680,81863,90450,91716,98215,106990,130916,132296,149714,155000,210804,170925,180100,190059,212277
654,66775,68006,71575,72919,75375,80281,83584,88052,106150,99321,110475,122581,129323,150323,160288,168284,183418,181205,213324,214984
655,65759,67756,70391,72983,76262,80147,82405,88638,93369,146946,111560,122523,131647,150263,160710,163492,171464,178788,192669,210565
656,66194,69339,70924,74005,75457,80480,81466,88799,93587,101672,112371,120456,175387,150155,151868,162917,171279,193981,192571,212370
657,65834,67791,71324,74452,75286,79600,81741,87819,91796,99912,107678,171868,145473,150061,159010,161837,205880,177394,206785,208429
658,66576,69336,70096,73798,75609,80042,81505,88530,93995,98902,111551,126063,128264,148766,158089,166185,174969,206759,191395,209183
659,66377,67920,70356,72779,75244,79014,81767,87831,93181,98518,107674,124392,130870,148596,150959,166038,174032,182432,190078,207283
660,66123,67779,69703,72830,75806,80353,81573,87458,93434,99058,121842,126518,135866,149660,150750,166840,175060,178371,208678,210596
661,65337,67183,69651,73000,75758,79742,82790,87755,93282,99259,114839,125025,131543,149210,156556,166910,176741,179399,192772,211764
662,67068,68863,69760,72848,75955,79057,82610,87746,93258,99357,107379,122058,134035,149308,159988,167396,176363,211989,212314,213881
663,66513,67927,70621,74335,76110,80121,83006,88341,91693,99087,118726,120507,136920,150729,152811,164097,171505,181813,191562,214646
664,66799,67990,70440,73884,76179,79440,83470,88788,92893,99153,110421,120710,135287,151354,161078,161823,172867,181951,192502,216536
665,66563,67877,70109,74124,76733,80420,82935,89430,91369,148040,118877,123868,128442,149820,156000,161574,171225,179843,194437,212464
666,66205,67931,69800,73733,76140,80383,81535,87777,91925,102146,106890,120217,136403,149860,160162,163477,182987,211857,212597,212896
667,65911,67339,69275,72576,76697,79782,83551,88585,93124,99447,156808,123526,132667,149349,158740,161784,169890,177236,188600,210128
668,65304,69173,70217,72950,75350,79820,81082,88400,98432,99066,118849,125459,131746,149129,158802,168216,207633,180048,191811,210208
669,66165,68143,70174,72789,75955,80765,82984,88070,93177,100444,115039,125836,133426,148385,157209,166801,174829,176983,208490,209905
670,66445,68851,70955,74017,76155,80474,82688,87800,93376,102339,115963,121790,131929,137193,149987,166662,175994,209540,191289,212089
671,66784,67692,70840,73840,75556,80471,81101,87854,92834,99020,111359,119262,133055,150317,158485,167192,169918,179109,190033,210965
672,65824,69476,71143,74489,76359,80770,81151,88853,93952,99733,106458,120037,142061,151245,153590,168664,171461,182627,215264,216152
673,65851,67648,69915,73695,75898,79890,83039,88500,91242,100088,112196,123334,131688,150108,152609,162881,171689,179227,191450,212911
674,68132,71014,73589,76720,77994,81730,83935,91014,97295,101342,113764,121768,129903,149644,154974,163996,171592,221400,192770,221400
675,60482,66940,69522,74764,76168,83925,84561,87125,97265,100530,120673,115154,131862,142032,154062,163448,173193,188023,225905,253730
676,46349,49525,51166,53262,54537,55796,56136,57120,57683,63328,68248,87773,79114,87773,87805,95869,124013,105578,115195,125452
677,46568,51783,53828,54175,61286,67274,73122,78312,110859,111137,114827,120073,123659,130586,140992,146620,154864,161995,174551,182451
678,46167,51854,53909,54801,62207,70649,71686,82467,111265,112270,117720,119395,126094,130424,138056,147788,155300,163068,174430,182862
679,47650,52609,54549,55424,62918,70746,72821,83793,89472,114989,120352,122312,127591,133984,142266,146305,154828,162902,173731,183685
680,48212,53339,55244,55901,63896,70599,73388,83998,88895,117561,122312,123604,126439,132807,141359,149320,154909,162040,174975,183187
681,47897,53423,55167,55877,63913,69936,73302,83854,116336,93166,104180,125547,127445,132349,139972,146491,154684,162361,173452,181466
682,48141,53700,55037,55954,64102,70897,72920,83866,88906,118105,118817,124854,125284,130979,140847,150225,154977,161818,174252,182923
683,47977,53269,54928,55593,64071,71574,73951,83886,87214,93009,104154,123276,127616,132956,142411,149756,154935,162498,174395,181572
684,48038,53273,55082,55354,64082,70586,73417,83853,88016,117137,118495,123083,127537,132638,140012,149443,155639,163148,174926,182440
685,48296,52936,54567,55405,63359,69043,73261,83668,86627,92733,117326,123233,129369,133327,141174,148054,155851,162316,174003,183325
686,47736,53529,54979,56005,63484,70757,72524,83858,116962,118131,118436,124388,128190,128822,143513,148504,153255,162621,173353,180956
687,48419,53460,55081,55883,64031,70616,72815,84319,89118,94939,106741,126312,128864,134305,140917,147121,156203,163178,172940,182157
688,48265,53128,54541,55859,63670,68646,72399,83648,86004,108338,119203,125484,128506,134015,141877,149442,156734,163770,175514,180626
689,48609,53179,54849,55475,63779,69713,72886,80049,84137,93905,118374,122643,128377,134706,140539,147475,155286,162875,174222,183894
690,48611,53302,55118,55657,63741,69524,72699,79769,116857,118153,110092,122456,128599,133312,141422,148647,154335,162529,173586,183376
691,48934,53459,54929,55793,64345,68217,72053,80886,87621,95018,118018,123896,129569,134743,141442,146580,155923,163046,175278,181215
692,49246,53618,55427,56191,63945,68453,71547,81889,86224,117370,106879,124028,129035,134863,138829,149178,155302,164238,174514,181487
693,48934,53374,54927,55650,63826,70015,71869,79630,87278,94163,119421,123682,129694,134601,140735,147169,155487,163559,174939,182563
694,49260,53816,55810,56176,64411,69837,72460,79343,100661,94430,120383,124506,130531,135272,142640,145886,156866,163041,177094,182076
695,49531,53478,54920,55925,61060,68317,72120,79652,88367,116684,106209,124823,129623,135277,139998,145809,157092,162322,174769,183218
696,49139,53181,54693,55368,63185,70307,72245,79717,88200,93370,118825,123223,127972,134904,139567,145568,153241,162590,173970,181243
697,48557,52239,54297,55075,62844,69540,71551,79330,113063,114164,118132,123146,127610,133485,138737,147631,155520,162312,174139,181033
698,48182,52207,53811,54800,62596,69395,71607,81244,87986,98248,109600,121324,125721,130985,139315,147862,152891,162645,174827,183754
699,48216,52157,54129,54946,62812,70069,71855,82280,86849,114255,119028,122606,127411,133918,140640,145843,156568,162549,173329,180938
700,48725,52803,54780,55516,63486,70482,72581,82268,86975,99152,111796,124040,128234,133182,140491,145961,154360,163033,172701,181569
701,48856,52814,54685,55479,62881,70001,71520,82358,115122,92742,118346,123508,127407,132229,140988,145422,154707,162654,173043,182611
702,48998,52893,54768,55829,62907,70082,71870,82693,87076,115259,105164,124099,127807,133504,139542,145394,154966,162782,174067,181272
703,48516,53058,54767,55633,62960,69977,71002,82137,87024,92804,118154,123783,127266,133442,139192,148311,156073,162090,173258,183567
704,48765,52856,55204,55792,63252,69438,71861,82337,87185,115451,120439,123596,127476,133696,140615,148442,156863,163696,173498,181644
705,47369,51684,53483,54698,62128,67875,72025,81154,110904,91799,105632,120264,126451,133396,139045,147734,156059,163056,175410,183512
706,46949,51657,53507,54642,61678,67642,71988,79257,87606,111223,118558,122629,126689,128209,139208,147206,154890,163631,174452,184603
707,46890,51635,53223,54318,61621,69413,72010,78615,86030,111382,118254,122225,127072,131271,138912,148210,156096,164620,175356,182439
708,46480,51410,52894,54243,61688,68031,72837,79068,94355,92958,109119,120573,126250,128236,138919,147791,155521,162156,174828,182963
709,46876,51864,53358,54072,61800,70671,72209,78472,90310,110477,116341,120810,125656,131146,138224,146725,155292,164267,174505,180656
710,48564,52485,54388,55368,62601,67875,73285,82157,113426,114024,119223,122112,128315,132224,140710,146163,156481,164294,175672,180746
711,48443,52427,54326,55451,62588,68165,72780,82212,92352,94639,105605,120767,127121,133697,141279,146663,155886,163411,175819,183357
712,48530,53118,54673,56515,62695,68361,72276,82769,87854,116670,118948,123205,127490,133182,140395,146815,156670,163154,174396,183296
713,48473,52717,54510,56073,62482,68038,72053,82284,87403,93314,118010,122352,127186,133145,139261,149091,156748,162447,173906,183478
714,48872,53390,54934,56298,62966,67826,72804,82792,87804,93673,112228,124294,128259,134267,140272,148057,157916,163605,173373,182614
715,49094,53305,54821,56694,62705,67716,72560,82646,115832,117028,118950,123631,127776,134079,140982,146076,156046,163420,174548,181485
716,48977,53508,55482,56833,62960,68199,72051,83334,87595,93409,111856,122948,127183,133689,139887,149564,157446,163828,174622,183440
717,48453,52080,54276,55476,62161,67949,72356,82168,86476,113724,109698,121888,125484,132826,139547,147496,155142,162932,175299,183479
718,47811,51522,53493,55044,62597,67557,71706,81710,86151,95161,118239,121388,125020,129962,140427,147464,154146,162552,173784,183938
719,47034,51053,53088,54185,61642,67737,71827,78505,110221,111057,116885,121210,128092,131966,142186,148748,156672,163180,174433,182781
720,47290,50879,52787,53625,61019,66418,71863,77749,86461,109033,102798,120462,126104,130179,139990,147627,155542,162452,174753,182698
721,46503,50491,51981,52613,60726,69773,71983,83105,86081,92159,110655,118372,123532,130820,141054,146386,156520,163223,174873,183992
722,47546,51059,52785,53381,61351,70608,71699,78894,97793,108084,113192,119392,123928,130044,140732,148349,153824,163911,173188,181359
723,47292,50937,52798,53478,60997,70114,72776,81943,87212,109630,113635,120464,123126,130706,138746,146547,155574,163173,174678,183651
724,48021,51610,53694,54296,62195,70087,73476,82796,110147,102597,114379,120943,127188,130310,140511,148362,155760,164065,174071,181794
725,47598,51303,53558,54144,61755,69018,72265,78025,87088,97924,115047,121313,124917,131843,139120,145914,154283,162918,174800,182025
726,47993,52087,54047,54732,62081,68095,73355,81080,86654,111434,116283,120849,126647,132968,139977,148703,154531,162070,173855,180970
727,48473,52232,54491,54988,62447,70013,72334,81701,95639,96883,116460,121725,127540,132424,139853,144431,154646,162912,174920,182616
728,49795,53716,55652,56188,63245,70494,73075,83013,87087,115788,119298,123429,126213,132549,141607,145662,153513,162904,173929,182105
729,49495,53625,55727,56523,63823,70816,72949,82048,115722,93533,118197,122823,123796,134356,139543,144987,153116,162997,174482,182722
730,49972,54476,56504,56772,63306,71068,73258,82917,88533,117548,119925,124288,130544,134788,141072,146560,153031,161483,173501,183471
731,49416,54037,56160,56638,63507,68754,73258,85344,88561,98009,107330,123378,130199,135113,139933,148931,153816,162931,174535,181917
732,50298,54102,56848,57229,64063,70752,73103,86494,88235,93030,119647,123982,130300,136251,141096,146035,155444,161773,173252,181617
733,49988,54310,56195,57125,63842,69034,73279,84801,87923,117402,118607,125103,131192,135710,140838,147737,155117,162956,173907,182233
734,50078,54521,57302,57908,64749,69474,73958,85188,119582,94937,107744,126428,131864,135733,142294,148024,154726,162015,174630,182559
735,50375,55112,57264,58344,62872,68939,73333,79334,91465,119811,123362,125610,129787,134150,144035,149350,154169,163856,176740,182194
736,51367,56474,57976,58727,63206,69618,74416,80057,87674,98972,109159,129042,133299,135656,145489,147630,154988,162120,175754,182655
737,50961,55088,57133,58132,63333,69862,73865,79982,90132,93580,116994,127701,130508,135144,142646,147719,153573,163741,175935,181751
738,50702,54190,56629,58060,62600,69184,73291,79309,91003,120073,104050,125963,130702,134550,142361,148701,155570,162667,174294,183814
739,49680,53464,56021,57074,62235,68781,72907,78859,89094,94210,120940,124330,130281,134831,141682,149736,155978,163244,175760,183164
740,49629,53622,56410,57585,61927,68625,73789,79581,84812,96103,120155,125111,129308,136647,141691,149619,153554,164393,174849,182523
741,48745,51855,54922,55915,60708,68230,73062,79144,114126,115186,109212,122254,126877,132956,140152,148065,155571,162380,176495,183336
742,49411,51931,54760,56226,63300,68861,71490,79665,89675,94326,116640,121507,128658,134182,141401,147865,153525,162883,174926,183898
743,49027,52245,54620,55726,62974,68334,72919,85454,89760,113932,105728,121576,126461,132610,141203,147899,155695,163121,174220,181231
744,48775,52258,54858,55885,62132,68879,72682,84779,89877,97368,116582,122190,127488,132631,140955,147950,153150,163198,175548,183607
745,48165,52397,54819,56102,63013,68801,71505,87307,92018,114485,119299,121633,126708,131299,140746,146099,155547,162658,175149,182069
746,49354,53608,55985,57371,63248,69504,72127,84280,99536,98767,122074,123122,128570,134297,143007,147333,155869,162933,173150,182013
747,49043,52339,55357,56562,63703,69222,73834,85203,89074,95376,108168,123380,128593,134972,142067,149121,156398,162987,176012,183772
748,49159,52754,55464,56981,63415,68730,72223,85358,89597,116342,118048,122080,129590,134948,140780,148146,155411,162616,174843,182032
749,49414,52993,55219,56319,63259,68976,73585,85497,115556,93784,104884,123971,130195,135115,139977,149261,157550,164255,175203,182190
750,49684,53537,55402,56596,63834,69328,73248,84363,90020,116294,118828,123750,128452,133872,142109,147858,154724,164537,174604,182393
751,49624,53773,55193,56434,63597,68999,73059,79830,89994,97623,117209,122499,127186,133244,140660,148931,156809,163068,174012,182722
752,50228,54468,55973,56997,63910,69086,73163,83829,89498,107205,111568,123270,128516,135460,141531,147261,156512,164300,174732,183041
753,49859,53868,55572,56639,63527,69180,73188,83724,89423,93265,119078,123223,127630,134450,141785,147965,156520,163717,174469,181105
754,51303,55127,56619,57316,64556,71209,73666,80418,86843,118971,112986,124729,130409,135717,141637,147670,154614,164004,174898,184142
755,50703,54508,56366,56957,64521,68804,73611,80157,116254,93472,110733,124993,130597,133361,142115,146636,156942,164043,174044,182930
756,51157,54804,56377,57275,64595,69464,73396,83959,89938,117453,119990,125265,129055,134730,142085,150429,156433,164240,176198,183362
757,49948,53670,55632,56269,64111,71052,73013,84564,89143,97541,112823,121570,127715,131520,139194,148030,156154,163830,175148,183087
758,50221,53747,55233,56375,63438,69022,73070,83602,89677,93048,117291,121900,126888,133801,140804,148544,156187,164091,175670,182226
759,49390,52615,54674,54898,62679,67879,72738,83319,88513,112881,104539,121029,127104,132062,142224,147416,156652,164121,174899,183962
760,49442,52748,54658,55566,63207,68363,73064,79659,92984,102712,117271,122302,126707,133729,141352,149245,154843,164213,174899,181012
761,48839,52211,54562,55174,62990,70102,72468,78654,103474,112542,118136,121374,125367,133627,140934,148620,156918,163734,174493,182045
762,49087,52608,54760,55231,62964,69887,72593,79526,88505,96623,118488,121129,127329,133618,141657,145826,156153,161686,174918,182786
763,49072,52464,54383,55101,63076,70101,72760,79946,89395,105678,110972,122140,128063,133487,141826,148563,156286,161920,176270,182978
764,49613,53070,55420,55772,63370,70091,73258,79388,103813,97534,120002,122943,129017,132415,143519,148924,155772,163254,174488,182466
765,49220,52218,54735,55281,63001,68298,72710,78784,89180,112694,110594,120986,125555,132771,141309,148524,156421,162972,174875,182677
766,48932,52409,54446,55374,62808,68607,73086,80217,87461,93711,113720,119248,125617,133785,141457,147768,156121,162853,174788,183552
767,48719,51698,54306,54614,62521,70081,72308,78934,111294,112389,117057,120051,125635,133833,139903,148045,156380,164234,174488,182083
768,48601,52024,54075,54837,61994,69036,72134,79755,88712,94270,103207,120176,125746,132003,142238,149558,154812,163357,176134,181905
769,47891,51208,53275,53724,62123,69422,72320,79154,86960,110637,114322,120414,124751,132484,141050,149365,157268,163813,175158,182674
770,48439,52373,54018,54434,62511,69669,73162,78587,86887,112002,118190,121098,126735,132826,143214,146823,156925,163946,174933,184960
771,47327,51349,53099,53679,61873,68723,72473,78286,109282,95701,116440,120563,127559,132128,142060,149535,156195,162695,175044,183866
772,47162,51704,52923,53875,62014,70408,73241,78931,86890,109341,114365,121812,127216,130868,142312,148556,157256,164308,175259,183392
773,47362,51554,52786,53087,61578,70618,72224,79121,85313,93436,115898,120579,127274,130899,141434,149393,156474,163320,174910,183453
774,47377,51725,53291,53829,61733,70799,72711,81715,108233,108706,115676,121194,121049,125342,142267,148908,156276,164749,174494,182716
775,48134,51526,53659,54343,62337,70769,73349,79636,86507,110517,117282,122176,127615,131969,141997,148943,157193,164695,175465,185015
776,48931,52694,54578,55769,62748,70844,73412,79283,84453,93983,107166,123842,129695,133712,142607,149910,155788,164877,176235,184874
777,47970,51896,53609,54238,61993,68556,72718,79081,111499,111695,116250,120063,127301,133659,139194,147682,155650,164054,175984,183644
778,47593,52120,53140,54713,62064,67851,73038,78458,87331,110594,115212,119719,128354,131469,140972,148811,154953,163495,174902,182663
779,47558,51573,52851,53378,61498,70287,72605,77711,86747,96609,115097,120730,127154,132318,141634,149059,156587,163727,174918,183045
780,47443,51375,52661,53485,61081,69850,72721,78803,91905,109149,115213,119503,125473,130632,141369,147951,155725,162434,174191,182114
781,46388,49810,51310,51944,59600,69154,71234,77972,104772,95916,111756,115963,123972,128969,140170,145004,155044,162239,173940,182468
782,46592,50095,51595,55752,62680,69190,70936,84248,88270,105754,113004,115897,122877,132111,142104,148908,156478,163144,174452,181802
783,46133,49881,50788,55533,62697,68392,71524,77923,83406,104866,115232,115635,124265,131141,141080,148320,154146,162409,174070,182298
784,46718,49870,50713,55779,63087,68799,70976,78696,103557,104634,113658,118398,122765,132093,137466,148391,154770,162677,174243,181072
785,46396,49680,50727,55339,62256,67922,71044,78209,86827,105216,112927,116036,122806,131382,140615,146297,153957,164533,175260,182004
786,46562,50094,50960,55755,62536,68267,71315,84682,104539,108024,113423,118585,125787,131343,140553,146376,155128,162762,173925,181525
787,46894,50549,51334,56149,63073,68761,71701,81567,87337,101180,113858,119168,125859,128571,141683,148149,155075,163293,173818,181490
788,47716,51190,52144,57269,63852,68522,72147,85649,88511,108062,116142,119905,127053,131002,140731,148561,154792,162990,175633,181262
789,47807,51374,52154,57465,63807,69501,72311,85987,107769,94878,115385,120635,126154,133115,141661,147964,154052,164021,174478,183520
790,48585,53180,54243,58946,62918,70179,73065,79717,89758,113157,119111,124152,127783,133426,142550,149232,155247,163935,175594,182000
791,47861,51722,53072,54539,62777,68364,71074,79266,87825,95253,117693,119298,125030,129137,142361,148212,154502,162276,173967,182948
792,48135,51063,53310,54286,62050,68348,72659,78883,102775,110202,117419,120653,127851,132417,142344,148134,154764,162757,176080,181317
793,47277,50399,52716,53457,61709,68761,72310,78247,86928,103509,105601,120369,125090,130954,139812,148625,156157,162929,174935,182845
794,47499,50336,52691,53347,61437,68533,72399,81981,86398,108368,115846,120390,127100,132584,139321,148504,155261,163896,174567,181879
795,47657,50678,53050,53659,62240,68883,71654,84665,108659,95091,116651,120670,128061,133430,142197,148021,155554,163784,175422,183136
796,48410,51905,54492,55018,62268,69912,72885,85515,88315,113148,118219,120656,128666,133683,140923,149015,155717,162611,175775,182479
797,48165,51804,54521,55144,62748,68947,72059,85621,87894,101419,118664,122149,128574,133037,142629,147933,156772,163559,176483,182357
798,48889,52379,54903,55646,63355,69398,71977,81854,112831,97076,106684,122231,128741,133101,142478,146704,155987,163191,174535,183481
799,49369,52983,55405,56379,64048,69696,72663,83641,88251,115322,119592,121504,127700,134479,143221,148830,156165,163755,175793,183154
800,50189,53752,56240,57509,64788,70481,73512,84922,90417,93997,107930,123861,130368,135598,143004,147388,157083,164155,173943,182672
801,49529,52963,55714,57025,64645,69308,73263,83801,87434,117267,119340,124224,130255,136162,142349,148235,157074,162813,175710,183113
802,50655,54951,56897,58556,65964,70437,73527,84964,89017,94660,122279,126548,132165,137891,142900,148361,157032,163962,174953,183446
803,50298,52664,56734,57378,62614,70426,72583,78438,118584,119166,106865,124779,130802,135391,143279,148509,156237,164620,175855,184112
804,50268,53996,56904,57796,62737,70213,72795,79138,90684,99312,120834,125584,131040,135523,143683,150061,156442,163142,175429,184743
805,49279,52661,54902,55916,60562,68793,71670,78725,87722,96847,104693,122280,127183,133500,142661,148097,154890,161761,174611,183049
806,49977,52430,54794,55662,63163,70165,72238,80164,88546,97065,116616,122328,129354,133061,143489,148845,155882,163472,176639,183857
807,48784,52243,54744,55841,63188,69810,71795,80226,89044,115513,119327,123315,128303,132198,143964,148529,156324,164378,176224,183124
808,49766,52562,54475,55688,63874,70619,71909,79899,90724,93417,114573,122538,128754,132116,143030,148862,155617,163654,176666,183440
809,49744,52327,54706,55679,63924,70553,72183,80563,92642,114991,108911,124118,129108,128992,140203,147087,156674,163552,174823,183712
810,50361,52813,55379,56361,63994,71238,72317,84507,105264,102064,119712,122785,130901,136449,143322,149411,157112,163025,175137,182634
811,49995,53993,55548,56407,64250,71592,73149,80129,89511,99601,108358,122645,130298,133894,141839,148738,156836,162744,174577,183801
812,50987,54121,56349,57062,64506,71393,73279,80208,89574,117794,119290,123418,130523,135591,143763,148575,156731,164125,175265,183113
813,49796,53461,55558,56538,64138,71647,72217,84543,90445,95275,119368,124288,131766,136242,142976,149962,156182,163775,174215,183053
814,50901,54325,56097,57092,64692,70432,72973,85749,117321,95844,105846,123945,130584,133858,144153,148905,156044,163141,174684,183107
815,50414,53621,55320,56493,63813,70649,73355,79695,89518,115372,118898,122902,128307,133934,141985,147140,155088,162152,174781,183579
816,49958,53957,55799,56742,64063,70891,73308,83920,90017,95448,120108,123102,125784,133565,142842,148465,156570,162730,174776,183720
817,49998,52850,55320,55831,63721,71322,72818,79671,88999,113765,104535,120100,125037,130068,142068,148540,154750,163521,175404,182082
818,51048,54140,56537,57003,64285,71640,73131,85863,89644,98590,119459,123888,129300,134736,143579,149246,155970,163023,174518,182060
819,50556,53801,55733,56423,63367,71116,72469,79672,89541,97638,105165,123381,128260,135525,142132,148522,156310,162504,175009,183223
820,50784,54691,56496,57217,64739,71379,72644,80228,90698,118298,120106,124878,128380,132813,142426,149801,156103,163399,174094,182933
821,50638,53955,55470,56702,61218,69215,72980,78370,116565,95105,119462,122244,130483,133892,142676,148678,155801,162406,175427,182168
822,51161,53402,56108,56921,64903,69511,73815,79972,90890,109311,111746,122735,130243,135128,142992,148841,156133,163114,174308,182004
823,50829,54082,55899,56892,61466,69487,72767,78800,84776,97682,119326,123994,131706,134923,143085,149984,155384,164049,174446,182445
824,52251,55313,57176,58100,62684,70194,73497,79899,85190,120499,107540,125408,129373,133264,143043,150400,155258,162756,174431,182411
825,49957,53083,54978,56273,61333,68590,73005,78651,88503,95599,118591,121470,127599,133740,140798,148156,155157,162789,174133,182137
826,49300,52312,54768,55800,63145,71311,73004,79298,112832,93260,109667,121554,126676,132386,140197,149140,155000,162097,175104,182196
827,48152,51206,54519,54753,62055,70375,72035,82891,89410,112392,114135,120030,125695,133669,142251,148098,155394,162506,173896,182188
828,48147,51298,53930,54210,62098,69823,72575,79327,88459,95874,116800,119597,127957,128882,140744,147443,155278,163229,174012,183041
829,47024,50687,52882,53894,61115,70161,72064,79278,88052,110838,116590,119317,125603,133130,141017,147774,155321,161955,173347,181890
830,47900,50343,53736,54495,61642,71283,72446,83455,102213,94967,115759,122230,127137,131293,140648,148602,153880,162628,173742,182248
831,47436,50431,52694,53289,61111,69478,72333,79502,84684,111056,113073,120343,125565,132025,142065,148650,155626,161728,174055,182007
832,47721,51112,53626,54495,61689,69654,73491,79362,110904,112026,117999,122055,129324,130414,142282,148111,155330,162501,174252,181959
833,46971,51282,53317,53851,61461,70001,71525,79496,88110,95153,104191,121580,129615,129798,142320,148667,154807,161579,173633,181176
834,48256,51304,53715,54398,61702,69214,73127,79415,86970,112874,118533,123174,126523,133626,140392,145836,156079,162419,173598,182366
835,47648,51818,54036,54720,62040,70047,71925,79381,89101,96805,119238,121358,126954,134661,140258,148177,154804,162391,173741,182633
836,49476,53317,55620,56080,63381,71826,72337,79675,117180,116901,107695,124401,131909,133739,141708,147503,155618,163065,173754,182212
837,48354,51898,54399,54912,62332,69495,72560,79454,88955,94187,117235,121725,125245,134010,139477,149139,155655,162378,173737,182873
838,48734,52058,54901,55214,62440,69881,73245,80153,88503,94279,121058,122431,127278,133427,142411,145747,156088,162686,174537,182016
839,48251,51580,54182,54976,63135,69901,72928,79930,89145,113571,112182,121452,126800,133855,141863,148369,155096,163575,174127,183212
840,48565,52684,54785,55392,63084,70030,72929,80378,89666,97062,114231,122838,126913,135078,142031,150208,155924,163386,175460,182312
841,47775,51755,53635,54340,62418,69640,72830,79823,87472,111697,117973,121476,126990,127264,140957,147684,155278,163482,174236,183019
842,48355,51599,54317,54726,62958,70288,72146,79764,111917,95725,113109,123304,127795,133385,141576,148105,154908,161578,174869,184115
843,47510,51533,53798,54261,62473,69813,72238,79461,90459,113232,104289,119977,127727,134716,142117,149576,155390,163369,174083,182742
844,48389,51844,54328,54522,63050,70286,73992,79692,88999,96478,118559,119597,127315,132686,140369,148947,155418,163040,174490,181230
845,47703,51201,53612,54015,61936,69092,72974,82831,88726,112097,114554,120550,126553,129771,140316,148222,155682,162674,175231,182081
846,48039,51911,53836,54744,61980,68971,73992,80401,88967,95852,116044,121203,126638,131264,140883,149537,155449,162647,173727,182843
847,46711,51115,53208,53928,61509,68602,73200,109128,109697,110181,115333,121409,126910,128488,142786,149110,154844,162689,174479,181511
848,47691,52162,53336,54713,62068,69186,73226,80168,88280,95983,118225,118779,128666,131852,140992,148272,154990,163019,174653,182525
849,46883,50886,52587,53743,61227,68293,73133,79891,88581,111632,105334,122295,127412,133613,140936,148066,155002,163918,174964,182374
850,48836,52057,53926,55466,62713,68871,74190,81779,90154,113232,119746,123754,130066,132408,141663,148818,154547,163991,175114,181862
851,47734,51365,53347,54844,61885,68437,72415,82765,110696,96202,118791,121993,128739,132467,142867,146900,154902,162977,174357,181855
852,47148,51299,54156,55580,63321,68788,73106,84505,88462,96041,104676,124132,128635,133688,141074,147399,154979,163227,173920,183190
853,46640,50770,52836,54285,62405,68274,71768,80699,86391,111644,117347,121348,127042,132799,140438,148128,154618,162798,174629,182330
854,47485,50002,53415,54532,62209,70144,72773,79560,89861,105588,118525,122496,129275,129822,142170,148197,157027,162307,174158,182253
855,47161,51061,53264,54506,62376,69080,71564,79881,101664,95871,116339,121290,124737,132924,140443,148716,155960,162952,174123,182892
856,48256,52226,54720,55939,63562,70065,74435,80253,90276,115611,120151,123172,130102,135681,143272,150122,156506,163275,174825,182154
857,47094,52031,54458,55583,62632,69932,72997,80268,87749,92729,113588,123015,127967,134496,142573,148387,155531,163936,174907,182714
858,48755,52702,55316,56961,63701,69231,72671,82865,116203,116983,105869,123966,128317,135478,142757,149070,155874,163112,175160,181994
859,49099,51838,55165,56585,63271,70102,72478,83723,87255,97380,118288,122537,125359,134569,140957,149941,154907,163138,174579,181712
860,50423,54105,56908,57937,65388,71326,73603,89168,88538,119509,122627,127938,131073,135579,143619,150064,156958,163067,174866,182991
861,48305,52880,54677,56667,61210,68476,71645,80930,86770,95960,105988,123742,127715,135541,143204,149140,155382,163171,174660,182359
862,50012,53390,55864,57020,64021,70180,73883,85929,87945,94923,120001,124090,129902,136273,143263,149416,158429,162758,175835,183104
863,47306,51954,55198,56322,63566,69499,72707,80253,113969,114763,107889,121957,125281,134058,141006,149123,154912,162509,174446,182571
864,47455,51406,54731,55950,63395,69990,72774,80536,85899,99647,118022,122181,128683,132094,142905,149388,154820,162741,174483,182666
865,46787,50529,53747,54461,61615,68022,71593,83879,89376,92142,107600,118977,120213,132326,141525,147173,155602,161788,175164,182945
866,47587,51526,53708,55378,63262,68433,72961,86359,87217,111478,118928,122443,127270,133915,142176,149041,154997,161863,174344,182568
867,47812,51146,53162,54514,61714,68159,71171,82512,110271,111919,115335,121720,126607,133016,141904,149973,155337,162094,174802,181561
868,49385,52326,54390,55985,63927,69361,72697,83407,89629,97258,120767,124521,129260,135097,143483,150283,156686,164220,173961,182830
869,48555,52746,54341,55761,63148,69432,72006,83167,87221,114651,105927,124084,128946,135135,143210,149067,156221,162967,174035,181896
870,50084,54317,56162,57255,64429,69737,73357,84158,89875,98494,121287,125090,130631,135835,144798,149382,156090,163205,174263,183317
871,49518,53931,55301,56727,64550,68239,72962,84708,107285,95049,105406,124215,130841,134816,142455,148814,156596,163133,175441,181923
872,51561,55589,57629,59287,65797,70020,73232,83574,86097,122987,124583,128519,132939,137088,144993,150479,157220,161952,174316,181962
873,50366,54355,55613,57593,62123,69211,71675,79112,88453,95084,112797,125436,130109,135056,142909,149589,156985,161885,175300,180790
874,51588,55606,57846,58738,66395,69271,73506,80604,95036,97900,108228,129230,132869,138413,144904,150752,158864,166266,176033,183354
875,49654,54055,56488,57890,62943,69338,73034,99056,85476,120741,123449,126084,130768,135492,144086,149529,157118,163219,175184,182576
876,51122,55412,56741,58378,63275,69586,74035,85354,120825,98135,111208,127060,131213,136565,144239,150902,156850,165690,174976,183231
877,49412,53783,55162,56855,61968,68367,71635,78866,88267,95372,103254,125852,129475,134797,142984,149027,156212,163484,174290,183465
878,50221,54172,56068,57696,64599,69319,73168,83331,85331,104357,121993,125284,131547,137713,144235,149817,156912,164266,174874,184177
879,50007,53753,55362,56526,64597,68946,72620,84636,84774,101064,122115,126192,129597,133487,142915,149786,156365,163904,175373,181083
880,50099,54476,56291,57389,65476,69205,72990,86268,118951,120001,109120,128037,131157,136364,144520,150212,157480,163668,174416,182550
881,49968,53620,55909,56719,64896,67894,71824,80467,90306,94103,111371,124006,130193,134272,142370,149271,158462,163520,175433,183749
882,49755,53777,55553,57109,64606,69019,72675,80053,85710,95291,122603,125808,129777,133654,142583,146663,156490,164122,176412,183371
883,49291,53196,54761,56283,64425,68774,72839,80220,85689,115623,105263,122127,129492,132490,142672,149142,156896,164706,175487,182491
884,49677,53396,55253,56544,64298,69015,73741,79953,88269,93012,121387,125328,128454,132272,142985,150088,155477,164066,174382,184266
885,47793,50963,53794,55139,62784,67335,72184,79097,112336,113799,106247,124540,126246,133761,138816,147986,156332,162400,174943,182731
886,47446,51085,53813,55480,63540,67924,71966,103474,89025,99905,119519,123082,128088,134249,143302,149700,156562,163273,174591,183844
887,47214,50674,52975,54672,63008,67146,72049,83348,87140,103625,118062,122581,126371,133421,142375,148059,156498,162151,174578,183385
888,50571,55181,56677,58735,66727,69599,73907,83772,92891,125059,112544,129285,135541,137990,145986,150661,158158,165338,176337,182086
889,59098,63553,69561,70568,75189,85152,89167,104236,113763,142817,174248,206928,207970,208524,210428,211307,214612,220308,220308,226838
890,55427,58447,60211,62210,64169,67253,68473,75223,84078,95518,100714,155291,155291,155523,156923,161749,163834,168805,175469,183436
891,55060,58403,59910,61950,63947,68776,71740,82569,88039,97626,103854,147653,148071,149117,153231,157240,165061,169127,181785,184309
892,54767,58385,59567,61693,63715,68950,73531,80361,88102,96527,107617,120639,145268,146952,152961,155365,161869,171668,179135,185044
893,53364,56970,58235,61512,62823,69997,72630,81115,89215,98284,107557,117747,138890,144202,150348,154951,160546,167429,178247,183002
894,53343,57096,59094,61553,63133,69861,73113,83363,124603,97435,110872,118079,140331,143927,149189,153856,160677,168892,178503,184335
895,53428,56413,57480,60167,61761,68316,71147,82438,90188,97931,110133,114400,137718,140633,147536,152187,160409,166262,176260,183295
896,54375,57875,59649,61887,63542,70082,75455,85715,89977,99294,112438,139988,142647,144993,150918,155743,164509,169996,180066,184152
897,53976,57811,58858,61516,63339,73744,72164,83715,88878,97115,109517,118029,139217,142189,148619,152696,161324,167571,175992,184361
898,54235,55973,60216,62068,64323,70706,73537,84951,90008,98182,113599,140487,144208,146657,153779,158708,162603,169815,179680,187306
899,54953,58474,60724,62097,64388,68941,73355,79097,89661,117928,110921,118217,128524,145162,152140,154275,160438,167484,176569,184420
900,116,117,117,117,117,117,118,118,118,118,118,118,118,118,118,118,118,118,118,118
901,54490,57536,58701,61103,63556,65886,73332,84236,92835,100159,110767,118178,130922,132950,145182,148267,152986,155705,160722,162674
902,55353,59355,60710,65083,73065,94049,107600,126969,139705,139648,139956,140319,143424,146516,151860,159573,162854,168739,180197,185303
903,54894,59248,60487,62324,72357,98228,115666,137147,137907,138347,138469,139676,141444,144867,149801,153529,163591,167941,177952,184813
904,55751,58866,60950,62517,69459,71393,75553,86357,139415,140436,141978,141799,144287,146085,154145,155632,164994,168664,178639,186488
905,55375,56242,60363,62450,64046,70017,72599,82053,96138,137275,138335,139330,141140,145890,150314,155433,162845,168674,176591,184327
906,56651,59815,60787,62807,64962,68851,73767,80927,91345,104369,142856,143526,147263,148019,152999,160539,166350,170722,179672,185773
907,55387,58824,60716,62551,64234,68698,73039,80655,86027,97269,114174,140577,142028,145834,149836,154504,162327,168718,178568,186069
908,56078,59761,60958,63697,65020,69768,73818,80008,93846,98625,113330,145208,145786,149632,154808,158859,166065,168996,180209,187616
909,55763,59227,60972,63156,65027,69206,73345,80478,85608,98204,108871,140733,142687,145689,148493,154676,162346,169088,177829,184345
910,56125,59765,61575,63815,65139,69611,73709,78759,85397,98110,107115,119157,144121,147952,155279,158686,163028,167485,177433,185056
911,55897,59218,60456,62777,65120,69236,73358,108756,86054,96880,139041,140218,141703,144884,153643,155607,162811,167564,176347,184656
912,56561,59775,62630,63951,65890,70195,75010,87382,92987,106934,113983,120470,147344,149160,154315,156436,165504,169127,176522,185608
913,55980,59034,61190,62630,64652,69062,73172,79178,92049,98372,107217,118097,141969,145388,149279,156046,160460,166573,178524,184393
914,57709,60393,61878,64089,65841,70751,75076,82094,91937,144196,110122,121410,147835,149184,154462,157137,163466,170166,177826,186503
915,56051,59102,60879,62947,63929,69796,73457,81680,92360,99533,107386,140681,141820,145292,149345,155129,160178,168597,177062,183810
916,56779,59612,61369,63979,65299,69842,73726,81734,89824,98657,112248,121205,144798,147142,152736,155081,161548,167680,178120,186471
917,54980,58747,59806,62476,64035,69349,73286,79290,124895,95992,137636,114737,140133,144439,151399,153692,160931,164905,178325,185403
918,56463,59354,60645,63151,65262,71009,73938,81798,93007,97297,112342,141285,143842,145875,152720,155635,160701,170935,176248,184658
919,54557,58444,60315,62256,63565,67985,72482,80741,89955,97714,110151,121258,127006,143046,150363,154000,159411,167434,177821,184404
920,56843,58609,61392,63409,65478,69945,73632,85313,90923,102542,114610,120370,145046,148790,153462,159567,163555,170206,178431,185003
921,55887,58830,60550,62532,64487,69557,73083,79542,87932,96455,109590,114703,125399,143884,150237,154818,160175,166475,178159,185207
922,56519,59127,60564,63213,65237,69113,74565,82894,90587,141352,111603,142628,144058,147510,153548,155472,162645,170025,178384,185332
923,54406,58892,59953,62849,64351,68525,73392,82569,90327,98674,109159,117452,125231,146092,148813,155882,161788,166176,176192,185206
924,56740,59971,61794,63823,65397,70440,77395,83050,92163,100441,110880,116491,145213,147946,153750,156838,163446,170249,179833,185376
925,54997,58899,60699,62820,64207,69633,74023,82391,86952,97182,138202,139215,130157,144863,149001,155369,159939,167990,179426,184340
926,55888,60050,60929,63514,65575,71237,77569,84771,92228,99182,113529,121356,147300,148439,153709,159809,163281,171384,178626,187051
927,55621,59060,60361,63112,64641,70001,74290,82974,101554,96296,107779,118854,127478,147507,150515,154898,164044,167207,178319,186358
928,55884,58715,61309,63955,65738,70482,77070,84081,91854,100893,111871,116549,146476,150139,154037,159481,161956,169404,181157,187561
929,55971,59653,60582,63179,65225,69531,73301,82767,92313,97589,108728,140872,130523,147444,152145,156133,160294,166613,179315,185745
930,57484,60232,62390,64058,65945,70237,77725,84175,91603,144044,111205,120751,130479,150864,157312,160190,164932,170498,177130,184384
931,56378,59988,61860,62913,65121,69655,73864,82923,91895,102904,105626,115704,134883,144570,150429,156673,159898,167539,177874,185099
932,57364,60436,62613,64515,66022,72123,74237,82647,103690,99305,145496,145773,149063,149862,153255,159805,161671,169847,179066,184971
933,56624,60054,61830,63694,65392,70051,74110,80011,90406,95586,111115,119514,130278,145402,151623,156305,161080,166300,178309,183633
934,57339,61003,62401,64714,65867,70665,75058,80870,90637,96723,111180,121062,132250,151020,153148,157394,162327,167466,177726,184673
935,56701,60686,62507,63664,65960,69794,74064,80024,88326,96824,110064,114870,128683,149928,152512,157323,160621,166628,176243,183989
936,57776,62168,63873,66002,67859,72079,75556,126248,136376,98533,112395,151683,152366,155358,160163,161959,164841,171948,181107,187954
937,57096,60770,62795,64645,66321,70598,73453,84894,90994,120369,104108,114436,124360,147441,151487,157055,160561,165883,175645,183136
938,58128,59252,63002,64851,66570,70987,73768,84615,89884,100755,125469,119452,129311,154845,155944,160706,165146,171077,180530,186128
939,57084,60470,62481,64119,65722,70921,73685,83657,88890,94991,113806,115454,148469,148087,153461,157315,162608,167570,177310,185129
940,57404,61131,62736,65000,66231,70687,73826,84670,90303,99718,113155,149950,133530,153208,154672,159248,163575,168521,178638,185516
941,56469,59119,61277,63604,64795,69174,73099,80372,88630,141842,106959,116360,127098,145479,153414,157646,162165,167165,176920,184596
942,57144,60286,62715,65311,67136,70628,77695,84693,92086,104351,113922,117679,128562,153666,157067,159047,164424,169720,178883,185871
943,56301,60270,62199,64054,66290,70619,73753,83290,88701,94716,117444,115127,145911,146089,151577,157367,162241,168123,177120,185049
944,58565,60681,62310,65237,66456,70929,75130,81749,89772,97864,114167,148176,132844,152721,155614,162019,164100,168520,179418,184522
945,55851,59821,62066,63837,65953,70807,73261,82631,88610,94580,108850,122030,127776,145565,154169,159177,162731,167537,177461,186681
946,57977,58508,63680,65580,66685,71902,74683,80780,89749,97673,145702,122199,148269,150202,155094,160598,164893,168794,178541,183231
947,56075,59581,62256,63915,66232,71075,73065,80868,89824,95137,114841,123063,132149,147339,152325,155268,161479,167258,178284,184895
948,57923,62191,63475,66482,67995,71963,75462,85286,147736,148020,116009,120788,132975,153675,157657,161951,165188,170171,179243,185804
949,57129,60714,63130,64028,66289,70986,73632,81047,91261,99173,106612,116209,121888,145082,150996,156328,161264,166592,174975,185792
950,56457,61350,64070,65744,66943,71464,75194,82200,87442,98351,109538,151012,151621,154998,157484,161364,166787,172756,180757,188022
951,57389,60415,62477,64604,65954,70463,73812,80921,89056,96306,104223,118167,126726,147278,151940,155755,161160,168040,178622,188316
952,56569,60663,62720,65461,66573,70941,74666,85233,87660,97643,107673,121911,148633,151611,154763,158071,163524,168629,179474,188250
953,56577,60357,62022,63669,66006,69804,74673,84295,88949,95621,130169,118565,125201,146256,151433,155645,161248,168078,177792,185681
954,57589,61700,63082,65009,66947,71001,75710,84625,93324,98227,114584,120088,148906,153605,155208,157646,162401,168289,180170,187866
955,56995,60763,62025,63785,65445,70742,74804,84261,88896,119203,105550,117531,130703,146913,153081,155621,161266,168081,179629,184471
956,58098,62599,63725,66225,67484,71985,76354,86633,88296,101655,114419,154712,137213,157789,158069,163655,167807,169866,182255,187948
957,57792,60670,62724,65158,67411,71083,73777,85100,89694,99059,105399,118661,130406,150538,156005,157440,162775,167319,178622,186300
958,57261,61557,64099,65998,67483,71508,75095,86676,89005,98460,154668,121181,129251,157311,158812,163164,166158,170369,179155,187905
959,57198,61228,62862,65380,66745,71492,74582,85813,88277,99015,113673,116263,150098,136226,156434,157895,163406,168178,178720,185960
960,57317,62098,63413,66177,67517,71296,75623,85168,90822,149838,111063,118667,132294,154101,159209,161973,164264,170876,180102,187042
961,56542,60326,61760,64277,66039,70139,73331,84017,110794,98727,108445,120974,127207,139123,149415,153693,160820,166239,177382,186767
962,57050,60972,62833,65644,67245,71579,75675,84762,92522,99582,112101,151282,129254,155767,157781,162020,165513,171184,181077,186004
963,56116,60513,61805,64781,66675,70639,73956,85023,87003,100909,108313,116664,149290,136568,154764,157002,162701,170780,176472,185749
964,56683,60807,62269,65622,66711,72015,75042,85932,87157,97458,116795,125332,131401,154363,159142,163659,164960,171063,178879,186514
965,56656,60518,62212,64420,66434,70898,73454,83458,90510,96258,109830,114561,128899,138809,155231,156654,162245,168377,177857,186447
966,57374,61464,63732,65030,67168,71569,74439,85053,136215,96584,115493,119029,152755,153665,156119,161320,164294,171416,179458,185363
967,56250,59829,61121,63936,66046,71094,73539,83426,88582,95288,111498,145936,128433,139261,153627,154649,161564,166262,177529,186792
968,57408,61634,63637,65253,66857,72307,78975,85276,88672,150617,109355,125714,131890,157386,158713,162237,163970,169866,181336,186747
969,56579,60041,63074,64929,67029,71626,73877,84318,90198,100732,110214,122576,125425,140610,154241,156725,161165,167465,177283,186422
970,57931,61259,63699,65632,67142,71612,74922,84913,91838,102339,109692,118353,152018,141052,156934,163234,163977,170023,179332,185511
971,56311,59924,62524,65467,66807,72177,74539,84135,89805,95668,147176,118113,132174,150494,154934,156481,161733,167409,176063,185574
972,57788,61093,64988,67187,68678,72634,75690,84675,88018,97333,120039,124657,135384,142636,164496,170117,167726,173649,182892,186833
973,58593,61370,63100,65453,67693,69743,74003,83388,87560,96273,110520,117064,127055,143457,155796,158568,162699,166259,177734,183886
974,58100,62127,63957,66740,68452,73254,75864,84308,89948,98588,112258,158438,138141,160808,164233,168210,171483,172797,181155,187130
975,58236,60513,63591,65783,67701,72291,74866,83368,88369,96102,110215,118413,129888,141499,160363,161434,168115,169435,177734,185020
976,58456,61729,63685,66373,67993,72948,79124,84149,109802,106103,113354,119192,158787,142126,164085,166348,170872,173299,180911,188110
977,58279,60457,63235,65524,67376,72258,74478,83164,89698,96267,110527,116740,128038,133531,156856,159684,165118,168567,177510,186276
978,56922,61698,64401,66421,68526,73278,75785,84697,90838,156118,112636,122299,131959,160221,165722,164771,168247,171652,178884,186313
979,57640,60824,63119,65650,67619,71432,74218,82338,87432,102058,109351,116223,123379,137500,157871,160057,164646,167469,176407,183597
980,57639,60983,63807,66019,67725,73070,74679,84206,89990,97079,114865,153118,155007,155625,161948,163395,166859,169870,177986,186396
981,57057,60664,62725,64994,66731,71585,73979,83619,111484,94623,109163,116833,130196,133368,154133,156759,161904,166163,176238,184243
982,57718,61034,63567,65628,67900,72862,74573,84394,92446,96108,111788,122682,130027,154459,158480,161524,164681,169061,177779,184321
983,56200,61019,62873,65254,66571,71277,74528,83439,87425,94612,108463,118794,125441,136486,153124,156730,161623,166417,176501,185261
984,57673,61327,63928,66784,68657,73206,76248,85323,89234,97561,154767,124449,155500,156079,160455,162322,166418,172386,179605,185181
985,57693,59725,61216,65222,66158,71698,74144,83901,86764,94680,107371,115641,129321,136524,154298,156372,161740,165692,175155,183149
986,57544,60278,63212,65518,68059,72976,74518,84509,137318,151716,116166,153224,129789,155631,158244,161722,167268,172553,177987,184906
987,56216,60317,61499,65231,66724,71658,74291,83912,92615,105467,106805,120095,125777,138633,153946,157796,163103,166488,176062,183078
988,57993,62607,63919,66522,68147,73206,75118,84732,86592,105830,115872,122838,154961,155495,158850,163001,164388,170375,178627,185545
989,57249,61440,61399,64633,67359,72379,74031,84768,87783,96509,113557,122077,126692,136535,153340,158262,160900,166229,176035,185173
990,58757,62061,64485,66189,68614,72587,74644,86168,87161,101493,113407,123385,129770,156762,161879,161783,166780,172758,177147,185444
991,57182,60446,60882,64429,66400,71752,73366,83679,87507,101767,108751,119339,125366,136396,152377,155781,161477,166088,176610,185846
992,58492,62494,64410,66526,68599,73202,75665,84651,91358,103792,110551,123583,152831,144120,159206,163557,166153,170736,178458,184193
993,57064,60023,63569,65195,67150,71859,74236,80332,95340,100578,106562,121781,128692,149007,152691,157976,162293,166480,176349,183986
994,59276,61805,65348,66139,69159,73599,75804,84148,87767,97380,111455,124644,131788,140415,157885,161704,165910,172162,179183,185421
995,57593,60476,63569,65256,66934,72050,73913,83911,88226,99498,112566,120307,144868,147171,153555,156263,161759,166936,175945,184699
996,58792,61078,64857,66518,69566,74499,76657,86238,91144,101411,112694,141736,138374,158761,159618,162539,167926,172767,177574,186107
997,58133,60614,64119,65712,67947,72141,78317,85217,114672,100077,117829,122146,125057,137607,153531,157614,163462,166167,179498,186730
998,58298,60420,65229,66861,69768,73766,76335,85592,91814,93154,113141,118845,141907,141191,157907,163864,168620,172058,179263,187002
999,57844,61897,64010,66432,68400,73455,75266,84957,89264,126345,113836,112664,129793,151128,154927,158557,163221,169279,179360,185773
1000,58133,60265,65501,67568,69251,74068,75461,85474,90192,104806,110971,154251,131588,141788,161492,161964,165933,168454,179972,188045
1001,57259,61488,63770,66116,67640,72757,77990,81572,88132,98813,145551,118301,147697,148148,151681,157246,163363,165843,177777,184068
1002,59734,62053,65166,67180,69020,73748,75335,84246,89407,97444,121228,123348,132121,139158,156992,163542,164041,170867,179241,183122
1003,56747,60503,62923,64749,66276,71475,74633,83703,102045,95441,110178,117211,123739,144606,149178,155737,159354,166553,175123,183800
1004,58398,62009,63623,65601,67059,72058,78573,80756,94870,103830,112851,120227,147254,149351,153944,157038,162320,169155,177261,183046
1005,57054,60151,62504,64013,65454,70698,74402,82949,89007,104013,107572,113231,130020,143777,151314,153606,158196,167521,176835,184056
1006,57713,61675,63686,65151,66801,72785,78498,84032,91316,114450,115545,145215,131833,148828,154233,156282,161457,168546,177046,183446
1007,57136,60631,62187,64053,65356,70325,73729,82895,87037,96983,113129,122922,140872,143796,149830,154464,158278,165053,175847,183983
1008,58930,61232,64586,65159,67898,73308,79202,84771,146911,101680,115642,127262,135794,152968,155742,157902,164840,170480,175868,184458
1009,57430,60509,61690,63785,65923,70932,74605,83680,90548,99747,112454,121101,127099,134938,148521,153744,158628,165072,175751,184101
1010,57971,60945,62993,64608,67273,71526,75064,83456,89248,143850,117212,120446,146617,149353,152696,158797,162921,167392,177655,184338
1011,56778,60098,61821,63510,65399,70715,75050,82664,87211,97146,112332,121514,129556,143695,147844,153124,158980,164755,175836,183620
1012,57671,60962,62526,64215,66541,72806,75419,85981,90131,97534,110327,128406,145640,148468,151853,154307,162841,168335,175555,183112
1013,56580,60004,61562,63395,65246,70428,74924,82664,84584,93754,112189,119361,129114,143379,150385,154260,160276,165797,176386,183162
1014,57857,60561,63371,65690,66848,73081,75838,83168,88735,98359,111737,147937,134714,152435,154740,159072,161956,168930,177073,183476
1015,56055,60292,61641,62926,65050,70498,73941,82776,84997,93362,104555,118440,126299,141770,148721,152388,158663,165403,176281,182781
1016,57256,61111,62843,64912,67446,71845,74705,82335,87814,143494,112368,124430,147643,149198,151713,155954,163076,166499,178179,185726
1017,56252,59447,60901,63338,65274,70604,74055,79935,87513,99235,139805,120667,129990,143984,148057,154651,160135,165146,176318,183343
1018,57069,60120,61907,64813,66330,71764,75011,83274,141542,101947,112388,124187,134204,148393,151908,155502,162489,170989,176376,185294
1019,55818,58517,60528,63198,65231,70620,74381,82294,91272,101550,111630,117613,141009,144972,148142,152478,160441,166481,177058,185048
1020,57378,61149,62929,65950,66898,76189,76150,83789,90381,100445,116900,125382,133157,151848,154785,157660,163021,172633,178011,185282
1021,56674,59694,61666,62973,64923,70382,74174,81701,86857,99576,112584,116564,125219,130963,148685,154149,159018,166380,176789,184052
1022,57661,61380,63698,65326,66864,71978,77553,83312,89180,100245,115854,148459,150791,153713,156340,164048,165465,171302,180146,184756
1023,56145,60598,61930,64583,66271,71179,74601,82722,88133,94941,112525,116917,130517,145276,150948,156706,160034,165570,177300,183437
1024,56633,60959,63415,65615,67252,71655,75860,84398,90645,99786,110717,120392,130216,150561,156349,158210,165368,169023,178634,185609
1025,55193,59448,61205,63629,65021,70548,74459,83266,85543,127013,108239,114818,142534,131254,148485,154984,160270,167345,177338,184925
1026,56503,60291,62347,64605,66477,72638,74698,84333,96855,100030,111800,144004,131220,146916,151801,155672,161326,167709,178196,184675
1027,54969,58412,60475,62543,63796,69064,73986,82131,93400,94193,107529,118266,127503,144036,148462,151875,160043,165697,174837,184197
1028,56271,60093,61218,63482,64829,71341,77898,82163,91109,96671,139797,119107,142687,145865,150655,156399,160640,167663,178262,184891
1029,55108,58398,60364,62643,63959,71508,73618,79706,90734,105496,112568,127500,132673,143937,149296,155280,160244,165428,176554,184247
1030,53708,60289,61025,63805,65135,72529,75946,81627,91896,105250,110965,121673,142798,146089,150527,157567,161911,169240,177246,184884
1031,53549,58689,59560,61848,63982,70914,73540,79063,90330,96585,107621,135127,125581,141610,146638,150809,158859,166201,175481,184047
1032,56318,60208,61542,64143,65280,71674,74650,80596,95605,138052,113916,120885,143622,144859,150332,156496,161719,166693,177867,184668
1033,53643,56867,59233,61646,63381,70676,73287,78787,86404,98699,106931,117329,129392,137710,145574,150666,157704,164854,174233,183620
1034,53914,58386,59340,62408,63475,70964,73504,82999,131573,97482,109242,133657,138097,140800,147907,153399,159762,166385,175777,184315
1035,52842,57496,58940,61968,62516,70265,73138,79383,89842,99402,131361,117309,135470,138543,144507,151427,158205,164707,176436,182852
1036,54409,58889,59996,62951,64359,71422,74062,81647,88865,100868,115884,137123,139704,142752,150068,153338,160920,167363,176597,183935
1037,54160,56813,58224,61768,62860,70256,73330,80180,84631,95436,111461,116771,127616,138373,146338,151383,155882,166231,175447,183231
1038,54252,58262,59156,61596,66255,70475,73597,78884,87063,113457,112394,114891,136905,138548,147541,153142,158441,165233,175788,183009
1039,53630,56430,57272,60402,61627,69042,73201,78393,86393,101678,106279,128537,131843,137128,144981,150561,157917,164027,176170,183085
1040,54072,57904,59810,61978,66658,71634,73267,86467,88797,99310,114652,136028,138033,140382,150524,152873,159711,165117,175922,182699
1041,54272,57539,58918,60851,62157,70148,73198,83047,127251,100472,110674,117447,133552,137592,147022,152632,157147,163827,176097,184857
1042,54212,58737,60027,62145,66970,71240,73589,85655,96473,132491,134103,135012,137767,142023,149664,152387,157737,164908,176441,184698
1043,53660,57868,58901,61164,62654,69511,72647,79034,86083,99639,115814,117403,135063,139844,144475,153524,156668,165296,176352,183485
1044,56267,59584,61620,63534,65625,70585,74490,80232,92631,100226,118456,120431,142434,145777,152696,155506,161847,166171,176395,184473
1045,54920,58490,59408,61561,63329,69761,73229,79311,87620,95608,112544,133019,125798,137997,147308,151384,158526,164191,176033,182445
1046,55269,59208,60617,62124,64483,70436,73936,83889,88644,96098,110130,116778,141143,142014,149493,153326,161122,167372,176906,184330
1047,55052,58885,59545,61536,63656,69736,72826,78494,88614,100763,108639,135666,129887,140280,148609,154705,158016,165999,176620,182532
1048,55198,59346,60361,61937,64385,70685,72877,79908,89706,136773,113105,117931,142247,143001,150995,155462,163493,167445,177534,184770
1049,55162,57963,59054,61598,63399,69835,73278,79362,87046,101349,112449,121408,125617,138564,145839,155824,158032,165848,175768,183933
1050,55839,59268,60256,61973,64379,70240,72840,79382,137051,102439,110204,138918,141169,142825,149828,153453,160409,166037,176217,185056
1051,55396,58053,59316,61391,62962,69849,72639,79527,88952,97195,108714,115763,135867,140233,147473,150611,158566,165189,175985,183526
1052,55693,59003,60884,62720,64480,70652,73615,83752,87411,98224,137751,122207,140590,141692,149986,156788,161248,167175,178298,185129
1053,55729,58957,59881,61862,63750,69866,73230,79022,91115,97550,109651,135417,126190,139359,148896,154428,160859,165453,176797,183319
1054,56523,60090,61081,63139,64800,70473,73724,80268,89633,97059,112091,122480,143845,144687,152754,157736,162878,165708,177481,182713
1055,55576,58641,60657,61874,64131,68542,73224,78723,90658,122908,112615,119575,126662,139353,148155,152272,159877,164661,176860,184289
1056,56009,60078,60873,63429,64995,72128,73926,84198,90845,102461,116390,122919,141472,143837,151137,154416,161081,166821,177073,185371
1057,54811,58235,60006,61874,63543,69611,73115,82891,90881,95326,111518,133585,135631,140067,147708,152226,157280,164432,177350,182689
1058,55483,58387,59833,62090,63477,70349,72911,80114,87179,101864,115040,120616,137883,142598,149918,152990,160738,164722,174698,184199
1059,55235,57932,59359,61492,63225,70213,72835,79182,95881,96141,113435,119162,129221,137731,144849,153632,158916,165593,174839,183592
1060,54641,59115,60512,61764,63778,70901,73342,84207,86278,133777,112480,135512,138274,141836,151437,153393,159035,164666,175161,184412
1061,54440,57594,58665,60556,62368,69783,71698,80254,85443,100509,106390,118631,134539,137560,146317,150250,157070,164248,174349,182903
1062,52761,57628,59191,60345,64399,69391,72836,108290,127286,99765,128927,118362,134267,138149,146293,150480,157385,163286,175718,184528
1063,53709,56868,58111,59754,63827,69404,71929,79631,85372,99923,109892,128822,131734,136964,144711,150122,157926,164081,175514,183060
1064,54223,56914,58336,60438,63867,69938,72337,79916,91042,96181,106465,130443,132120,135455,144574,150650,156887,164468,176383,184058
1065,53538,56298,57883,59705,63510,69508,71865,79909,88649,97075,125485,119588,130932,134828,143916,150823,157184,163584,175665,183315
1066,53295,57408,58748,60545,64388,70124,73116,80608,85765,127417,108625,131988,135032,137678,146070,151321,158149,164571,175416,184083
1067,52517,56821,57602,59644,63784,70392,73092,79495,85415,96084,112186,119305,130508,134649,145152,148659,157541,164097,176030,182536
1068,53342,56853,58876,60364,65151,70822,72607,83258,125952,98759,108828,131209,134036,136501,145321,151447,158570,165435,175654,183326
1069,52776,56613,58601,60566,64912,70678,73346,85903,93225,97244,127184,121369,133437,136567,145470,152584,158127,164292,175709,184557
1070,52797,58143,59853,61245,65559,70689,72904,80731,88838,98711,114872,115209,135214,139425,149809,152557,157653,166422,175445,183259
1071,52822,56590,58332,60119,64442,69356,71623,83931,89265,125270,108703,128181,132030,138847,144805,149606,157211,163874,174892,184378
1072,52921,57986,59691,61238,65593,70462,72533,80704,88482,101163,109065,131771,134266,138977,147369,152317,158857,167481,175765,183788
1073,53453,57106,59345,60846,64995,70186,72336,84967,86729,98053,127462,117604,132534,139346,146165,151316,158908,165334,177483,184516
1074,54228,58240,59690,61743,65330,70722,72733,81198,86369,102249,115040,132288,135433,138844,147058,150656,159214,164926,176480,183693
1075,53467,57189,59227,60806,65209,69800,72205,82760,125529,101124,113702,117570,132008,135766,146105,151278,159948,163870,175518,184276
1076,53803,58455,60542,61447,65916,71346,73237,86354,93247,102187,116767,132832,135423,139031,147086,154297,159136,164277,177399,185404
1077,53742,57471,59455,60905,62537,70049,72201,81518,87898,103464,107044,118052,132995,136050,146557,151503,157574,166122,176003,184271
1078,53623,58797,60189,62192,66061,72026,73557,86876,95664,109026,109205,135953,138513,140698,150221,155904,159786,166906,176203,185029
1079,53543,58060,59570,61845,63485,71184,72482,86622,94206,101303,124026,116932,137725,139813,147271,154057,159593,165409,176430,184006
1080,54590,58860,60990,63190,64797,71724,74446,87849,90348,99618,113368,142624,145366,145366,152864,158295,161790,168133,178558,185249
1081,53113,57163,59073,60906,63150,70623,72926,83860,90090,136946,107750,117500,137910,141882,149725,154210,160313,165756,176278,185165
1082,53149,57130,59389,61034,63572,71029,73479,85115,90948,100795,107534,119332,138900,140739,149047,154778,158965,167345,176755,183867
1083,53527,56901,59167,60940,62566,70170,72576,84699,93457,95926,131726,112122,135588,137722,146427,150449,157715,163646,175560,185042
1084,53387,58079,59838,62001,63599,71089,73573,88801,89747,98628,114361,136226,139584,140255,147651,153020,160058,167223,176084,183844
1085,38375,40068,41005,41267,41827,50292,54437,64160,69649,79379,96077,103945,114572,116151,127401,140474,144314,153946,169931,176260
1086,38565,39991,40706,50898,57911,64828,66636,75933,92862,97951,105493,113686,121240,127566,138894,145582,153910,162004,173706,181400
1087,38428,39925,40862,53416,59554,65248,68382,87463,93785,97205,105726,109795,118967,124820,137240,145590,155755,163017,174213,182156
1088,37706,39243,39995,52816,58582,64517,68102,80203,91975,95867,104349,113371,117447,126821,138654,144840,155297,162728,174068,182877
1089,37825,39395,40249,52730,59047,66003,71084,86525,91581,97263,104321,115997,118604,126352,138475,147402,156029,162516,174442,182718
1090,37909,39355,40069,52893,58890,66060,68101,80983,90836,98328,107981,113609,118513,127494,139008,145817,154310,162015,175225,183473
1091,38203,39581,40158,52992,59383,65573,70708,87035,91644,98189,104755,112615,121320,129810,139390,146163,154936,161787,174020,183207
1092,37933,39224,40063,52671,59077,64022,68698,81118,91262,96931,104192,114727,120090,128502,136671,146765,154519,163399,174056,182808
1093,38653,40043,40593,52630,58996,65426,71439,84538,91703,99150,104334,110870,118168,125693,140228,145804,154934,163141,174854,182332
1094,38428,39656,40341,52529,58698,65166,67072,80238,93340,97964,103557,110678,120520,126724,140058,147318,154719,161783,175906,183445
1095,37637,38766,39427,51593,58179,64749,67860,85900,89973,93118,103685,112220,118910,129067,141165,147099,153861,162710,174930,183915
1096,36282,37942,41810,50445,57109,63885,67659,82742,86229,90955,104222,112880,120289,127659,138551,146452,154681,163019,173988,182122
1097,35782,37413,41462,52773,56385,65579,67036,83513,86318,95195,102937,110667,116470,127031,140434,146003,153291,162843,175351,183433
1098,35405,36923,41042,52010,56287,65288,67167,80939,89887,94943,103305,108748,117268,126453,138476,146606,154770,162499,174055,182108
1099,35912,37626,41851,52901,56418,65537,68160,85411,90537,96098,102284,109966,118745,126968,139717,146553,153855,161863,175130,182443
1100,35830,37415,41642,52425,56654,65796,71474,84792,88981,93348,102326,109240,119593,125672,138941,147223,154527,161436,174733,182562
1101,35239,36762,40739,52331,56136,67316,71576,79523,89045,91637,102455,108423,120692,126049,139398,146815,154765,162047,175222,183394
1102,35295,36701,40654,52485,58252,65438,72484,85250,88323,92955,102398,109782,116900,124961,138485,146155,154132,162779,173675,183310
1103,35619,37397,41284,55407,59264,66057,72547,86291,88831,94722,102084,113485,121122,125789,139778,146553,154301,160861,175498,183773
1104,36292,37720,41719,53063,59095,67369,72477,80338,90149,94964,101753,109554,116034,126223,140320,146555,154026,162539,173616,182443
1105,37656,39222,43054,54420,60562,66337,73749,85286,92475,96280,102256,108301,118482,126604,138163,145863,153875,161268,174197,181687
1106,37812,39353,43115,51739,58111,65309,73184,80026,91629,94617,101401,109671,116134,125698,138724,146206,153394,161068,174673,182896
1107,38126,39982,43490,52186,58853,65195,68452,86657,90187,94661,100931,109012,118027,124074,136699,145320,153930,161298,173482,182150
1108,37274,38703,42537,51674,57393,64641,67284,80076,88455,92982,105430,108722,120405,125447,138962,145256,153210,161387,172879,182007
1109,36161,37794,41942,53039,56543,65395,69011,84558,87526,95106,101752,109882,118699,127493,138012,145085,153582,162277,173881,181216
1110,35455,36930,40838,52296,56447,65780,71031,84134,88312,95058,101855,109111,118854,126605,138530,146291,153277,161880,174209,181304
1111,34896,36316,40369,51779,57977,64633,69935,82790,88190,92200,100657,107717,118913,125443,138094,145805,155354,161304,175033,181485
1112,34716,35964,39620,53496,57005,63986,72257,85210,85973,90439,101325,108965,119432,124777,138452,145262,153938,161269,174414,180358
1113,34793,35780,39682,52849,56896,65878,70141,76539,88209,94149,102987,110363,117622,124845,138607,145441,153921,162322,175596,182000
1114,34821,35973,39887,53263,57226,65652,71925,81927,88708,94217,103525,109291,117613,125592,135620,146754,152722,162202,174035,181716
1115,35170,36119,39995,53305,57093,67224,71990,83235,88525,92208,106812,109633,119469,125760,139003,146669,153192,161500,174319,183390
1116,34680,35711,39630,53481,56931,64335,67773,82235,88483,91867,102867,110034,117110,126905,135848,147124,154018,162973,173486,182269
1117,34776,35663,39528,53309,56322,65483,72302,81511,87364,90634,101499,108194,118684,126497,139280,146236,153585,162223,175342,183156
1118,34346,35226,38853,53169,56129,63832,71217,81335,85125,90910,101668,109229,116377,126573,137602,146223,154448,161466,174387,182697
1119,34836,35829,42381,53991,57039,64072,67253,83131,87652,91423,100880,109672,117459,125337,138193,145788,153375,161788,175127,182650
1120,34472,35708,42032,53647,55938,64100,66468,85365,87651,92327,100773,109334,117411,124752,136281,146386,154546,162163,173871,182057
1121,34855,35959,42262,52698,56542,64616,67547,85207,87761,92236,100411,110331,118903,125265,136754,145357,153661,162097,173988,182121
1122,34592,35645,42033,51953,56379,63552,67451,81783,86442,92015,101081,109137,117177,125573,136555,144917,153048,161553,174054,182173
1123,34529,35626,42105,53200,55840,64843,68582,82176,86580,93717,101204,108903,116802,124790,137289,145185,153229,161895,173270,181737
1124,34045,35152,41786,53073,56067,64097,71695,80705,86415,93310,101154,110916,118764,126312,138787,146940,153335,161933,174352,181393
1125,34029,35027,41616,52466,55933,63971,68043,82730,86151,92941,102902,108709,120699,125399,139092,146995,153942,160636,174143,182537
1126,34376,35425,42187,52583,55520,63596,67215,84563,88135,92795,100045,109985,119801,127585,137704,146295,153664,163375,173773,182142
1127,34316,35368,41976,52837,56375,63508,65693,81705,86507,91024,100037,109445,117245,126267,138305,146860,153368,161712,174173,182357
1128,34038,35016,41717,52286,55734,63743,68306,81486,85323,92053,101116,109545,117297,125774,138405,145302,153396,162043,174576,183618
1129,34547,36095,42381,52863,56353,64818,70414,85300,89389,92971,102089,111168,118688,126765,137754,146912,153925,162213,173784,182866
1130,34602,35747,42329,52393,55953,63647,71603,82151,86014,90773,101632,111339,117143,126425,136457,146843,154511,161314,174293,183090
1131,34839,35878,42751,53020,56466,63448,71754,82006,86260,91334,100257,111814,117455,126031,138410,146535,152716,163044,175295,182348
1132,34117,35500,41465,52273,55715,62403,70169,80753,85185,90159,101240,110422,117185,125993,138727,145354,154293,161130,174699,181897
1133,34211,35422,41976,51742,55605,65049,68895,77715,88092,92092,101674,109314,116815,124491,138789,146684,153469,161574,174187,181512
1134,34026,35158,41641,51918,55589,63536,70236,80399,87674,91586,101054,109142,119332,127298,139473,146518,152937,162043,173860,181226
1135,33344,34313,40842,51351,55160,64212,69795,78895,86125,90516,99766,109531,116393,124193,138275,146240,153079,162067,175762,181916
1136,33068,34468,40469,51134,56967,64167,70700,81634,86470,90879,101639,110195,116935,124487,138797,146239,153389,160859,174643,181470
1137,32914,34459,40450,51115,57089,63616,68782,80668,85767,90094,101318,109911,116542,127205,139251,146380,154055,162250,173829,183137
1138,32629,33964,39965,50384,56785,63312,69989,80908,84864,89706,101953,109810,117473,124183,136186,144735,154155,160913,173680,181894
1139,33103,34313,40649,51156,56572,68390,72127,80868,85420,92237,102643,108925,119875,123530,138015,145039,153586,160625,174453,181568
1140,32679,34018,40458,50709,56055,62865,67702,79191,84832,93289,102969,110164,116626,125216,139245,146133,152980,160765,173291,181258
1141,32866,34172,40375,50777,56081,63246,72033,79464,85611,89666,100544,108970,117642,125397,137609,145477,153315,160501,173363,181903
1142,32978,34060,40289,51167,56180,63323,71248,81144,84729,90203,102846,108192,116986,124256,138847,145954,154792,160848,173049,181328
1143,32970,34433,40371,51034,56487,67183,71728,81753,84880,91339,101438,109332,119402,124953,138738,145421,153907,162138,174261,182838
1144,32831,34264,40360,50857,55717,68336,71492,80887,84496,90655,100735,107708,117503,125018,138763,146482,152976,160938,172791,181815
1145,32630,33715,39788,51492,55729,64476,70658,80020,84256,89226,102291,109472,118949,124446,137409,145653,154210,161863,173927,181602
1146,32191,33431,39689,50905,55462,64897,71353,79101,83895,89351,99964,109581,116640,125836,138453,145709,153561,161746,174294,182338
1147,31783,33202,39343,51059,56029,64656,71194,75633,84656,90151,103784,109272,117584,126849,138006,145200,153895,161807,173324,181455
1148,31370,32635,38907,50210,56185,64517,70869,79650,84003,94105,104575,111277,118028,124813,138358,144360,153267,161628,172654,181121
1149,31733,32978,39089,50415,55816,64681,70919,76082,86263,91677,102798,110289,120065,126815,137656,145829,153253,161299,172567,181670
1150,31401,32714,39004,49986,56375,64437,70928,80611,85934,91335,102319,110839,116695,125521,137055,145308,153615,161031,173102,180989
1151,31574,32859,39043,50442,57412,68319,71334,79739,84965,91357,100885,110226,118263,126555,137201,145724,153183,161247,173118,181777
1152,30965,32407,38500,50099,56350,63979,70886,78618,84931,93945,103424,110211,117926,126639,138184,145068,153413,160782,173221,180362
1153,31335,32560,38307,50136,56634,65628,70920,79110,85561,91539,103454,112291,117871,125138,137331,145634,153564,161149,173362,181864
1154,31416,33087,38660,50479,57069,64101,68844,75926,86158,91388,104564,108708,118761,126644,137722,146182,154443,161667,173233,181099
1155,31717,33157,39137,50701,58255,65580,71242,80291,85715,91558,100067,110312,119603,126028,135959,145948,152860,161466,173330,181397
1156,31171,32766,38510,50693,58118,64299,68751,76690,86072,89475,101538,110386,118268,126510,137384,145980,153818,161541,174137,181802
1157,31322,32889,38881,53411,58422,65179,70579,79412,86548,90129,100364,108128,116428,125548,137805,146574,153602,162260,174613,182140
1158,31263,32839,38887,50864,58376,63981,71063,78216,85006,90584,102361,110086,117651,124570,138032,146004,153640,161412,173746,181872
1159,31638,33177,39539,51244,58457,65296,71368,79368,86488,90227,103134,109224,117074,125037,137750,145661,153544,161965,172642,182122
1160,31568,32919,39138,51230,58621,65488,72042,79715,84782,91131,102060,108461,116959,124709,138220,146235,153617,161662,173622,181878
1161,31558,32712,39180,50639,58991,65119,70991,79976,84415,91206,101299,108860,117456,124632,136733,145050,153559,162497,173478,182386
1162,31574,32753,38931,50424,58240,65583,66481,79645,85545,90608,103244,109828,118615,126493,137575,145839,153729,161697,174157,180615
1163,31748,33336,39331,50818,59447,64399,68736,81328,85965,91354,102148,110336,119644,126148,136255,146250,154411,161712,173589,182520
1164,32027,33491,39703,51160,57928,65857,72160,82196,85401,90296,101535,111068,119743,125219,138398,145887,152958,162042,173861,181346
1165,32171,33507,39754,51674,58050,65013,71755,82070,85815,92269,102423,110467,118114,124459,136567,147072,153755,160627,173789,182304
1166,31769,33247,39544,51130,58331,65187,68138,80860,85562,92893,103740,111534,118475,127146,138339,145816,153675,161734,174692,182323
1167,31379,32723,39284,50558,57358,63919,72766,79924,85273,90313,104173,110731,118234,125661,136401,145323,153221,160535,174499,182903
1168,30361,31499,37836,49614,57260,65609,71034,80250,85282,91894,101480,109820,117116,125194,138555,145359,152240,161179,173971,181461
1169,29855,31492,37306,51845,57649,67636,69925,78186,84196,91077,104129,111389,116462,127084,136480,146085,153612,161377,173968,180719
1170,29795,31294,39813,51388,57045,63034,71354,80442,84359,93602,100440,109164,117934,124990,138899,145599,153789,162109,173430,182022
1171,29748,31072,39301,51051,56210,63000,72104,77464,83476,90234,103237,108417,119131,126705,137404,145831,153673,162424,173802,181044
1172,29625,30769,39100,51192,57292,63652,69302,80769,83585,89554,102622,110926,117418,123882,136633,146125,153590,161039,173374,181128
1173,29258,30584,38586,50871,54693,62834,69037,78607,85021,89839,100418,109929,117040,125036,136230,143869,152621,161075,173988,181887
1174,28773,30311,38460,50107,55099,62173,68379,77109,83151,89433,105148,111309,117940,125325,136909,145650,152625,161718,173416,181512
1175,28729,29784,38111,50035,57785,62207,67069,76953,83542,91187,101865,109161,118167,124779,135866,145714,153296,161190,174490,181213
1176,28589,29888,40931,49932,57219,62621,68946,76444,83162,90540,102422,111195,118537,124881,137403,144728,153417,160696,173527,181252
1177,28806,30292,41361,50397,57246,62346,68412,78041,83905,91416,100525,109744,118510,124447,135640,145401,153213,161180,173640,180884
1178,28550,29966,41031,50270,57698,63750,67218,79161,82321,90372,103498,109761,117092,126425,136284,145128,153255,161168,174800,180372
1179,29669,30868,41742,50693,57665,63547,69011,77864,84127,92097,100573,108625,118311,125189,137598,145984,153407,161513,173072,181974
1180,29345,30718,38853,50884,57301,62398,70355,76947,84273,92218,102985,110914,117746,124085,138065,144914,154034,160213,174188,182237
1181,29193,30586,38308,50586,55679,62675,70511,77289,84333,90517,103531,110321,116148,124242,137315,145069,152585,160683,173935,181223
1182,29230,30632,38399,50818,55992,62046,70266,77131,83627,91571,100406,109398,116397,126015,138167,144965,153079,161063,173708,181697
1183,29128,30878,38471,50500,55632,62110,68779,77458,83167,93866,101021,108664,118591,124276,137293,144732,153023,161158,173585,180891
1184,29138,30805,38383,50919,55739,63359,67829,77211,84374,91441,101584,110658,116379,125933,136877,144721,153476,161425,172173,181318
1185,29740,30957,38943,50647,56067,62812,71056,78308,84309,90263,100930,108379,116560,125743,136072,145590,152342,160447,172963,181575
1186,30077,31494,39375,50802,57047,62827,71567,78258,84771,90314,101637,111446,117575,125674,137023,144924,153209,160889,172373,181760
1187,30122,31616,39537,51629,56854,63521,72153,78878,83969,92791,102890,108713,116817,125031,137406,144280,153821,161465,173811,180753
1188,30444,31905,40159,51550,57275,64879,69264,79232,86001,89842,100719,107901,118193,124767,137407,144912,153466,161463,172833,182026
1189,31086,32632,40894,51502,56801,65209,73116,80691,86651,91408,104480,110822,117887,125091,137764,146215,154051,161374,172671,182425
1190,30775,32473,38685,49783,57738,63400,72057,78513,85201,89912,104758,110370,116148,125245,137989,145283,153467,161338,173696,181849
1191,31318,33071,38953,50226,57529,63914,70119,78827,85630,93549,105941,110699,116208,124534,137634,145955,153555,161520,172553,181315
1192,31298,32628,38998,50761,57023,65507,69259,78965,85871,90552,102991,107554,117885,126143,137540,146460,153734,161135,173924,181745
1193,31301,33155,39168,50851,56858,66400,70762,79173,84433,91138,102191,108347,117738,126146,136212,145764,153499,161537,173705,182036
1194,31793,33163,39397,51340,57005,66497,71270,79727,85515,90793,100549,111630,117491,124612,138856,146009,153272,160970,173321,182127
1195,31974,33416,39837,51398,56453,66247,71126,82095,84689,92119,103893,110249,117227,125662,138117,146958,153178,162149,172747,181485
1196,31919,33515,39592,51583,55536,65764,70732,81627,83427,89993,103449,111512,117661,127477,139261,145622,153656,161742,173637,181730
1197,32058,33510,39506,51437,56867,65172,71204,82497,84997,92133,104627,110429,117885,124750,138786,146565,154069,161411,173834,181967
1198,32208,33654,40072,51274,56866,68394,75518,80334,85984,91385,103757,112633,120322,124221,138907,146217,153796,161946,174381,182044
1199,32270,33986,40373,51777,58156,68283,76243,81310,86155,90231,103702,111470,117570,126107,137133,146184,153789,162055,174448,183103
1200,116,117,117,117,117,117,118,118,118,118,118,118,118,118,118,118,118,118,118,118
1201,32171,32791,33243,34072,34778,35164,42247,49748,54453,59384,65390,72031,79483,79483,86997,86997,86997,86997,86997,86997
1202,33257,34561,38376,53375,61057,71635,71924,78359,85108,92236,104409,109770,119901,125304,138820,146461,153550,161555,173596,182359
1203,33502,34907,41587,57570,70588,71646,76665,81661,88691,91491,105260,111883,116829,124145,136283,146134,153563,162556,174154,183011
1204,33617,34994,41726,57172,70847,72366,73961,83108,88138,92611,104620,111516,117535,127425,136769,146178,154148,162319,174177,182353
1205,33066,34461,41291,52379,70791,73245,75811,82133,88599,92484,103349,113302,119585,127198,136789,146012,154329,162667,173340,182633
1206,33283,34737,41569,52229,56761,75802,76047,81961,86411,93250,102165,113361,119124,124706,138732,146222,154053,163211,173898,182045
1207,33646,34977,42393,52458,57943,73600,76381,83476,89597,94425,102305,111198,118696,126353,138088,144888,154214,162319,175497,181539
1208,33632,34756,41777,52695,56152,72992,78008,80930,89303,94217,105125,112265,119568,125272,139498,145877,154082,162801,174544,182675
1209,33644,35066,41541,52424,56503,66464,77028,83862,87567,95678,103963,111843,115805,125307,136933,145661,154282,161849,173054,181159
1210,33541,35172,41634,52899,56304,67945,74899,84733,88720,95917,104298,112359,119939,127242,137264,146931,153539,162709,174683,181823
1211,32889,34196,40675,52694,55586,64307,73023,80196,84904,92927,104344,111349,118244,126662,138887,145076,153082,162643,174926,181177
1212,32571,33991,40555,51920,56381,64389,73099,80594,87643,91679,101809,110679,119470,126009,137901,146810,155301,162239,173431,182565
1213,32838,34086,40720,52247,57350,63778,77466,83887,86114,92685,105269,110893,118785,126656,137581,146217,154871,162015,173426,182765
1214,32450,33957,40661,52805,57429,64529,77646,82560,91271,92926,103900,114018,118784,126753,137680,147038,156319,162996,175233,183276
1215,32604,34168,40542,52678,57084,67207,77349,84012,86812,92719,104128,110131,117638,125727,139430,147148,156517,164508,174763,182292
1216,32343,33942,40369,52598,57466,67591,76529,79985,86148,94446,106378,111755,118798,126739,137575,148352,154380,163029,175122,183982
1217,31301,33054,38950,51488,57391,65674,73366,79655,84720,90195,102150,109568,119899,127118,137843,148015,154094,163058,174839,181870
1218,31138,32962,39134,51369,58895,64685,71375,78349,85079,90659,104066,110654,117719,128335,139250,146212,154361,161957,174573,182833
1219,31374,32946,38960,51466,58797,65080,73659,79923,85202,91875,104690,110821,118138,125187,138630,146369,155024,162451,174541,182666
1220,30696,32486,38917,51880,58947,64572,73887,80072,84903,94949,106158,109700,119631,125423,138351,145953,154179,162598,175077,183769
1221,30293,32481,38669,52247,59704,68583,74648,79665,85246,91561,105917,110683,119787,126797,136775,147999,156050,163206,175105,184368
1222,30342,32185,38495,51521,58639,67189,71236,79463,85614,91131,103407,110001,118824,127286,139772,146160,155584,163680,174901,183408
1223,30093,32025,37937,50791,58382,64264,70205,79612,86799,90981,101983,110327,118624,126455,138980,145988,155539,164159,174991,181761
1224,30143,32160,38062,51285,58482,65484,70857,79779,86894,92906,101956,110877,118597,125485,139659,145080,154239,163504,176216,183681
1225,29888,31748,37626,50575,58412,63979,70062,80047,84877,90909,100936,110721,117854,125523,139378,145697,155285,163698,173966,183362
1226,29920,31929,37928,53538,59430,67181,70574,79679,87137,93367,101687,110013,119084,126680,139825,146591,154720,160852,175122,183424
1227,30837,32779,38672,54497,60147,68191,71726,84526,87888,91878,102310,109857,120240,124085,139303,146079,152985,162345,174242,182116
1228,31307,33217,39202,52128,58367,64465,72284,79807,84194,93249,104451,111063,118323,126909,136474,146483,152955,163471,173849,182746
1229,31172,33260,39444,52365,59357,67917,75102,79453,86294,95381,101831,112971,117957,124272,138790,146678,154940,162442,173913,180794
1230,31565,33608,39608,52658,59088,68155,75604,80948,88712,92571,101676,110619,117902,123900,140272,147195,153446,161670,172556,181136
1231,31454,33514,39537,52531,58030,68908,76335,81890,88069,93088,102839,111243,118187,126443,137848,147559,155264,161981,174263,182281
1232,31062,32987,39158,51474,57175,64978,75474,80632,87553,92051,101437,113693,117992,129070,139029,146926,154900,162838,176533,183554
1233,30424,32578,38484,50622,56345,64602,74941,80476,87506,91063,103342,112068,118437,126313,138562,147192,153280,161585,174124,181245
1234,30746,32728,38536,50994,56984,68212,72963,81077,86782,91051,102365,110963,117384,128006,137343,145788,153052,161297,174249,182842
1235,31017,32959,39015,50955,55970,65600,73270,80659,86562,93061,101408,110861,120533,126132,138945,146106,155081,161700,174051,181466
1236,31695,33450,39851,51527,57021,69156,74567,82724,87684,93731,103101,111802,121284,129334,140834,146576,155135,162818,175367,182118
1237,31988,33742,39840,51836,57585,69266,76262,80364,88651,94405,104293,110514,117310,128583,136539,148582,155409,161792,174464,183831
1238,32194,34011,40419,52354,57383,64364,73486,84029,87921,93530,101493,110830,117533,126130,140607,148002,155971,161403,175004,182670
1239,32770,34865,41255,53170,57869,64524,74906,83952,89368,93871,104179,111025,118358,126058,135889,145881,153324,163574,175005,180793
1240,32993,34870,41167,53016,57239,64511,75410,83936,89523,95598,104492,114119,118651,125436,138430,146791,154333,163873,173589,183793
1241,31079,32830,39013,50770,54997,63844,71511,78693,84803,91525,104316,111488,119304,126899,139041,145118,153474,163419,173977,182819
1242,31192,32761,38870,50826,55977,64534,71520,81512,84561,91097,103687,108388,118514,128910,137240,146537,153571,162023,175174,181983
1243,31039,32954,38987,50704,56317,64201,71574,79402,84372,91314,103821,109354,117060,128675,140316,146985,153433,161505,174391,182231
1244,31034,32950,38953,51817,56946,67464,72233,76698,86130,91706,103045,110696,120230,125788,139566,147336,153673,161692,173445,181221
1245,31159,32927,39728,51414,56998,64762,74904,80642,85619,91550,101310,109924,120067,126869,139272,146878,153451,162819,173529,181720
1246,31070,32941,39520,51462,56994,64565,70989,79992,86305,91749,104615,109096,118087,124251,138918,146448,152767,161099,174709,181584
1247,30757,32625,38830,51151,57166,65821,71140,79968,84098,91402,102520,109870,119812,125529,138067,145197,154133,162766,173518,181896
1248,30714,32504,39316,51051,57396,67901,70963,78710,84103,92990,102649,110383,118430,125264,137971,145829,152685,160766,172303,180762
1249,30553,32584,38558,50845,59274,64721,70851,79638,84833,90799,101145,111082,119316,128003,137984,145704,152257,160929,173141,181517
1250,30752,32711,38752,51061,58113,64401,70402,78816,85125,95576,103646,108779,120875,127635,138019,145033,152883,161432,173151,181418
1251,31120,32978,39664,51585,57842,65178,70975,78519,85300,90622,106111,109351,118974,124965,138315,145692,153815,160699,173185,181445
1252,31133,32786,39787,50933,57216,65268,70935,79731,84507,90888,103418,112455,117884,124839,136059,145651,154114,162717,173294,181422
1253,30995,32939,39847,51083,57320,64771,75231,78487,85032,89937,102663,112635,117913,126900,138534,144240,151668,162200,172914,181088
1254,31698,33583,40535,51814,57869,64548,75197,80319,87122,91632,100118,112428,119362,125631,138149,146831,152632,161708,173134,181068
1255,31963,34030,40683,52129,57154,65418,76337,79361,85117,89852,101426,109702,118325,127416,136935,145447,153376,162272,173396,181600
1256,32761,34479,41315,52800,58808,65330,77286,80390,86110,90611,102387,108652,116584,127421,137784,145705,154443,161551,173518,181871
1257,33025,34588,41526,53379,60351,65776,72943,79777,86471,90673,102280,111295,117188,125129,139345,144512,153366,161326,173554,181350
1258,33323,34768,41584,53614,59579,65994,73283,80246,87715,92776,101302,110961,118313,126585,138433,147001,153638,161572,173691,181927
1259,33196,34762,41438,53989,60198,66405,76536,80580,87295,91619,102622,110975,117623,124779,139619,145622,153685,161965,172407,181532
1260,33271,34810,41509,54199,60898,66232,76665,80663,86115,91868,100204,112601,119750,124304,139394,145102,152711,161722,173829,181328
1261,33317,35097,41642,53944,60302,66525,73302,80348,85665,91266,103534,113571,119016,125496,138581,146252,154425,161929,174313,182170
1262,33430,35255,41776,53959,59852,66785,73546,80496,85639,91734,100715,111535,120068,127998,138244,145968,153215,161229,173583,181565
1263,34007,35851,42816,54731,59161,66409,77756,81659,87200,93500,104022,113003,118897,126398,137237,145226,153560,162788,172973,181932
1264,34691,36570,39912,55683,59274,66292,77985,81796,85982,90736,108813,112253,117389,125866,137911,146673,154319,161614,173599,181269
1265,34246,36420,40132,55187,58442,65000,74759,81999,86009,92523,106627,114863,120606,129203,138924,145473,153447,161879,173831,181573
1266,34846,36757,40680,55697,58452,65227,76785,82462,86736,92242,104211,112646,118893,129528,138788,144693,152713,162115,173965,181295
1267,34774,36773,40898,55522,60018,65984,75971,82993,87821,96540,104929,112779,120184,129174,138290,144438,153550,161544,173667,180524
1268,34890,36890,40897,55698,59232,64741,70143,83263,87741,92883,104827,112287,119329,128391,138159,146005,154228,161109,172611,181897
1269,34921,36901,40884,56029,59381,67181,75392,84684,88707,94984,101938,109746,119219,125183,139116,145129,153543,162273,173973,181316
1270,35331,37526,41620,54887,61181,67999,70722,85963,89902,96816,102944,113153,119049,128001,138928,147069,153699,161811,173579,181100
1271,35854,37802,42020,54977,58091,66899,73002,84347,88897,95486,105112,111371,120843,128333,139249,145457,153585,161469,174249,181610
1272,36131,38134,42283,55088,58264,68564,72721,84796,90489,94686,108964,111712,121657,129796,139848,146639,153211,161047,173246,181143
1273,36561,38510,42630,55376,57865,70005,77611,84654,89415,96832,105671,111779,118975,125561,138094,147094,154336,161458,174113,182161
1274,36591,38786,43051,56005,58846,67890,70786,82113,90384,96349,106100,111885,119499,129351,140264,145882,154539,162572,173022,181976
1275,37234,38914,42970,52666,58789,65897,70009,82055,91317,97663,106956,114340,118034,127662,139083,145609,152796,159781,173173,181382
1276,36938,39026,43110,52834,58547,65844,78522,82250,88982,94741,102899,109385,119016,129255,140028,146007,154356,161500,173030,181905
1277,36110,38115,42168,51833,57699,66905,69652,82820,86624,92307,104673,115522,116423,127875,140284,144365,152897,161809,173462,180914
1278,36120,38100,41908,54754,57685,65833,69358,79954,86078,96284,107460,113712,116654,125621,137811,145924,153701,161119,173717,181147
1279,36208,38191,42340,54351,56976,67859,77452,80475,84623,93512,104936,111582,122562,129384,138527,147477,154649,160737,173685,181847
1280,35846,38003,42254,54287,57536,67183,68254,83598,90551,94061,102216,108170,121637,129864,138336,145848,153117,161034,174286,181467
1281,35721,37899,41977,54128,57942,68060,76992,80873,87704,97852,105182,114257,116836,127379,139309,147309,153540,161403,173736,181260
1282,35666,37888,41988,54179,57959,68082,69514,81147,84923,93231,101623,113733,118448,124339,138161,145896,152876,161443,174339,182053
1283,35293,37564,41644,54040,57346,66116,75367,80014,85548,91976,105731,113909,121766,127301,137811,145937,153706,161375,172684,180767
1284,35968,38202,42293,54724,57615,67105,69507,80625,88872,92345,102582,113328,120411,126139,139947,145089,153082,162418,173269,182486
1285,36126,38253,42539,54699,58167,66945,76265,81941,86246,92818,103113,110755,122684,126589,138364,145678,152819,162524,174529,181515
1286,36197,38324,42485,54532,57830,68306,70255,80614,86191,92416,104880,113480,119585,127879,139738,146637,152347,160529,174468,181122
1287,36623,38912,42994,55172,58478,69153,77553,82206,90021,97867,107656,115034,119645,129983,138025,147471,152970,160436,173194,181873
1288,35984,38176,42444,52032,57455,65662,72516,82281,88698,93491,104664,111707,118490,129702,138884,144807,153352,161625,173581,181120
1289,33523,35714,39548,52326,56019,64833,69865,78543,85116,94971,104773,112397,119264,125763,138458,145918,154086,160503,172673,181796
1290,33555,35510,39363,54582,58464,67626,73965,80293,85752,93454,102539,111380,122199,129262,139085,146607,153628,160530,174136,181847
1291,32914,34747,38461,54263,57762,65934,69832,79373,87191,93518,104162,112280,119746,128660,138485,145883,152994,160178,172980,181912
1292,32686,34523,41411,54844,58948,66289,71948,80127,87320,93313,104431,113405,118610,127411,137592,144143,152439,161981,174051,181279
1293,32548,34441,41245,54355,58936,66230,72278,79258,87091,94154,100861,109511,119273,126737,138078,145269,154084,160830,172667,181895
1294,32461,34208,41149,54173,59158,66216,73304,82593,87274,94373,103417,113583,117915,126174,139799,146663,153126,161414,172411,182008
1295,31959,33663,40766,53488,58887,65371,71813,82941,85348,91470,107197,112610,117138,126924,137063,144710,152799,160411,173417,180804
1296,32282,34221,41186,54054,58617,65415,73352,82796,88712,91580,107644,113550,118237,125611,138656,144838,152715,161467,173469,181558
1297,32038,33962,40854,53754,58953,66633,74479,80683,87413,93825,106556,111781,117631,127915,137300,145887,152873,160034,174360,181672
1298,32163,33996,40827,53702,58321,65146,75623,80729,87048,92506,107526,112452,119983,126687,137964,145918,153124,160998,173724,181704
1299,32820,34700,41484,53972,59143,65575,77573,80626,87085,91909,104505,111625,120277,126079,136572,144356,152396,160152,173160,179511
1300,33319,34840,41799,53839,59701,66817,74090,82865,87946,94094,102183,112184,119306,126893,137578,144851,153570,159963,173270,181470
1301,32689,34199,41257,53383,59279,67551,68322,81219,86297,92130,103101,112153,117558,126559,137298,144269,152349,160448,173503,181212
1302,32738,34263,41064,53392,58201,64918,67936,82636,85822,96881,104466,111711,119282,125867,136523,144169,152298,160840,173108,180668
1303,32561,34603,40948,53987,59332,65431,72190,80019,86342,92679,104556,111562,118621,126532,137761,144547,152851,161160,172880,180673
1304,32661,34257,41062,53256,58993,65386,71987,80970,86013,91197,104558,108698,118358,126964,138185,144656,152591,160114,173236,181336
1305,32640,34243,40721,53182,58198,65589,71265,80794,85396,90521,101717,110090,116573,124292,137127,144634,153503,160431,172578,181163
1306,32744,34639,41026,53273,57847,67076,72518,81198,85866,90362,102673,107960,119293,124549,137022,144637,153843,159853,172455,180846
1307,32775,34596,41172,53647,59417,66040,77701,80000,86198,92378,101713,111381,117346,124948,137647,145128,152278,160576,173311,180943
1308,33148,34850,41486,53791,58507,65639,73090,78980,87000,90567,102649,108932,119357,123962,137107,145769,153021,161235,173735,180931
1309,33305,35055,41889,54133,59755,65245,72978,80535,86598,92116,106131,113051,120243,127783,138048,146282,153080,160505,173470,181504
1310,33265,35064,42176,54200,57517,64000,73203,80458,85633,91908,102043,112039,117414,123977,137906,146826,153371,160964,172802,180731
1311,33962,35802,42690,54830,58824,66197,74078,81311,86510,93047,101604,109625,116308,125008,138697,145649,154581,161778,173311,181088
1312,33904,35924,42678,55161,59428,66302,73139,81101,85601,93215,104394,112008,121256,126069,137645,145150,152645,160578,172224,180531
1313,33596,35730,42381,54683,59158,65084,73688,81052,85683,92426,102408,112373,119963,125390,138681,144640,152567,160349,172104,181163
1314,33815,35748,42882,55084,58439,66395,73992,82068,87123,91584,99988,112085,119966,124051,137174,145489,152721,161637,173052,180756
1315,33791,35872,42390,55467,58207,66329,69129,81445,85474,92789,101661,109137,119754,124437,138311,146436,153597,161176,173062,180789
1316,33614,35522,42217,55258,58106,66272,73487,81702,85351,92601,101111,110229,120447,126676,137174,146253,154093,160667,173102,180700
1317,33741,35628,42342,55016,58396,66699,72956,80994,86310,91626,103282,110111,116566,126743,138222,145030,152365,161645,173243,180932
1318,33433,35198,42059,55165,58119,65690,73146,81216,86149,90775,102422,108433,116679,127458,137825,146174,152764,160438,173285,179699
1319,33481,35119,41901,54306,59228,68264,73893,80742,86275,90709,105714,109007,116213,123938,137641,145389,152949,160634,172721,181115
1320,33588,35410,41962,55413,58902,66787,73828,82031,87712,95447,101585,110044,118968,124254,136206,144141,153266,160848,172617,181474
1321,33758,35216,42366,55314,59143,65054,73697,81230,86607,91293,106703,112181,119060,126619,137925,145981,153138,160626,172745,180975
1322,33991,35225,41967,55181,58954,65639,68867,78618,87429,92123,103390,111864,120893,127463,135098,145985,153137,160177,173397,180211
1323,34400,35783,42892,55688,59224,64860,77446,80447,86914,92633,105199,112190,119580,124966,138210,145839,152503,160981,172396,181244
1324,34435,35911,43122,54829,58522,64798,69155,81424,86767,92378,104342,111580,116658,127604,137777,144535,153050,160592,173013,180770
1325,34094,35465,42188,53770,57965,65582,72353,80060,86590,92370,104571,112802,118034,126550,135944,145025,151947,159713,173361,181023
1326,34568,35900,42948,54056,59352,65877,74309,84636,87292,95882,105997,109838,119139,127826,138492,143960,153171,160590,172374,180542
1327,34283,35476,42747,54814,57858,64988,74047,84736,87118,98047,102212,113465,119315,126322,136725,145429,153074,160916,171881,180233
1328,33976,35334,42245,54216,58028,64882,73013,81472,86324,92041,105961,109967,118690,123269,136970,143959,153005,161667,172321,180607
1329,34245,35517,42528,54284,58710,68630,74078,82432,88064,93318,105896,112869,119886,128438,136571,145895,153161,160716,172164,180824
1330,34300,35545,42868,54076,57540,64903,69331,82394,91841,92820,103409,113250,120262,129196,136790,145754,152948,160560,172424,180568
1331,33936,35329,42173,54011,57595,64445,74967,81485,88403,91843,104354,114719,119825,126948,136871,144259,152002,161049,172267,180819
1332,34132,35353,41973,53665,57493,64922,74269,86075,86371,93394,102773,111627,119045,126945,138124,144032,152069,160551,172634,180634
1333,33895,35234,41986,53480,57855,64628,68862,79758,87471,93185,105623,113128,119719,126627,137570,144750,151640,161239,172647,181530
1334,33833,35193,42120,53280,58771,64656,74128,80311,86576,92526,106154,111665,120270,127756,137523,144803,153622,160555,173166,181688
1335,34020,35381,41946,53570,58475,66197,73196,79569,87274,93102,101953,114089,119789,127438,136984,145309,152600,160724,172807,180239
1336,34427,35832,42509,53522,59979,65986,74085,77793,87780,92975,106551,114896,120397,127120,138429,145538,153288,160327,173253,181536
1337,33221,34730,41527,52704,56857,64760,72446,79780,87335,91419,101571,111945,119721,126303,138104,145409,152513,160230,172466,181205
1338,33817,34965,41883,52743,57758,66297,72907,82747,86734,91318,102896,109360,119642,127163,136808,145005,152957,161739,173308,180875
1339,33805,34978,41644,52831,57755,64777,73550,83629,87448,91257,103669,109484,117638,125266,138017,144630,153633,160500,173839,181576
1340,33259,34686,41754,52753,58490,65644,73731,84386,86645,91286,103161,110750,116598,124301,136965,145163,152968,160833,172560,180640
1341,32941,34006,40563,52370,58067,65491,68813,81729,86210,92323,104793,111447,117601,126700,137359,145229,152574,161302,172826,181328
1342,32725,34068,40314,52712,58125,63682,71238,80781,85980,93459,102583,112124,121232,125872,137747,145255,153192,160555,172513,180673
1343,32473,33794,40052,52619,57076,63557,71157,80790,86257,90611,103084,111351,120747,127444,137597,145269,153187,160541,172654,180709
1344,32986,34119,40808,52891,57197,64906,72633,78395,87152,90465,101751,109767,119822,126266,137378,146271,153232,160460,172249,181371
1345,33206,34213,40610,53028,57106,63288,72797,80427,86912,92074,99371,112627,118305,124199,136673,145222,152364,161067,172557,180761
1346,33004,34297,40822,52829,57288,63037,73091,81257,87926,91511,104565,113259,120346,125709,138325,145096,153068,160719,172026,180510
1347,33058,34422,41137,52473,57264,64408,72235,81560,85137,92458,100254,111449,120106,126377,137688,144262,153738,161606,172493,179924
1348,33078,34374,40831,52305,56949,65254,76900,81202,85750,91068,106035,109067,119329,125213,137933,146930,152519,160367,172894,181730
1349,31821,33123,39536,51265,56411,64913,73047,80571,84800,93545,105587,109693,120324,125142,136202,145206,153049,161594,172697,180342
1350,31832,33227,39443,51321,56867,64022,72986,80024,84851,90409,104453,110247,116615,126002,138153,144094,154092,162015,173056,181253
1351,31458,32476,38984,51177,56696,64700,72853,77526,84751,91679,105564,110673,117016,128934,137624,144608,153289,160684,173212,180644
1352,31162,32226,38495,51004,56016,63815,70211,80075,84644,91999,100905,110907,119327,127914,137175,146037,152323,161122,173320,180620
1353,30818,32158,38459,52828,57521,63415,69105,82450,85483,93780,103829,112201,120284,126406,137934,145450,154106,161047,172172,180324
1354,30975,32141,38388,52684,57698,63783,73545,81673,85786,93030,103622,109138,117521,126216,136867,144208,152628,160461,172109,181525
1355,30533,31675,37994,51997,56716,64755,68805,80216,86374,91849,103739,112091,118719,126483,135915,146016,152836,161071,172174,180090
1356,31080,32454,38320,52582,57547,65024,69307,80564,84293,90783,100604,108936,118192,124241,137646,146112,154011,160627,172465,180109
1357,31032,32158,38603,52911,56735,64593,70101,80945,87772,91989,101074,110640,117751,124540,137555,145387,152525,160210,172836,180136
1358,31379,32411,38430,52826,56753,64781,69999,80227,86385,90727,101039,109935,118961,125304,137135,145798,152111,160176,172528,180646
1359,31890,33431,39387,53239,56545,64346,69763,81443,85085,92792,103875,112062,117208,126400,135362,145109,152782,160712,172440,181096
1360,32679,33969,40274,51782,55602,65375,71532,78281,87015,91580,103857,109206,118418,125109,137250,144772,152302,160423,172389,180356
1361,32378,33808,40113,51406,56620,63262,71481,77540,84282,92359,103757,109687,118893,127565,137423,145052,153096,160691,172757,180353
1362,32722,34151,40643,51582,55896,63692,74595,81774,85712,92003,103554,112339,119615,128050,137814,143828,153352,159749,172156,180927
1363,32887,34348,40693,52168,56623,63443,72184,81681,86200,92180,104429,114908,121276,127613,139946,145632,151667,160123,172607,180868
1364,32812,34286,40595,51794,57318,63630,72237,81742,85785,92459,101147,112018,120512,126869,138422,144573,152279,159924,172598,179985
1365,32838,34317,40556,51666,56560,63619,72369,78627,85834,92725,101213,111036,118259,125581,137672,145137,152478,161104,172025,181295
1366,33353,34518,41345,51697,57546,65292,76301,82815,85956,92841,103601,110613,116829,128493,137751,145175,152596,160627,173499,181167
1367,47693,49961,54600,60397,64612,72378,103853,112473,113473,116944,122565,127610,131953,139108,143763,150690,157941,165526,178219,186002
1368,46613,48679,49458,56319,60811,66602,72159,104929,106561,111285,116180,120422,127362,133810,141405,148621,157550,164601,176784,186638
1369,45991,47880,49022,55773,58764,66703,70670,101216,105160,108721,115788,119032,125718,130071,140400,147176,156209,166914,177147,184832
1370,46090,48326,49051,56042,60334,67153,69629,102535,106042,110401,115764,122811,128028,131864,141196,149166,157941,165035,174723,185515
1371,45537,47628,48407,55823,58676,66743,88675,80913,102401,108707,114709,121968,125913,128109,140992,148733,156356,163951,177329,187234
1372,46314,48227,49259,55554,60423,67081,70963,103753,105511,109060,114017,121626,127281,131311,141542,149326,157255,167362,176996,184892
1373,45916,47750,48958,56243,58684,66822,69899,85455,103169,109025,113879,119491,126285,132418,140706,151840,156186,164385,176314,184102
1374,46173,48228,49320,56341,59916,67776,73112,84401,103190,109540,114497,119034,126719,133061,142831,149637,157854,164472,178422,185206
1375,45422,47517,48246,55990,60563,66994,71195,78158,100197,108746,114661,119023,127134,130708,142622,150266,155227,165758,176384,184226
1376,45639,47869,48688,56335,60847,67610,71593,83139,87508,108812,113978,118261,125085,132960,144207,148194,156050,166357,174967,183934
1377,44825,47030,47814,56170,60050,66545,71642,80491,99077,105127,110767,117515,124365,129420,141746,148996,156699,163802,177562,181983
1378,44090,46339,47013,54807,59525,65851,71006,79224,86538,103364,112172,117687,120754,130787,138721,149900,156541,164074,174040,184797
1379,43742,46047,46783,54659,59219,69565,70582,83247,99630,105334,110753,118895,122676,130551,141150,147443,155744,164059,174074,184237
1380,43715,45738,46622,56010,59548,67574,70995,82003,87444,104984,110265,117024,125462,128650,141940,146644,155835,166133,176131,182387
1381,43115,45400,46358,55919,59153,67844,86933,83439,99179,104873,109760,114962,125276,129107,142862,148748,157258,164278,176017,184069
1382,43063,45185,46022,55619,59219,66313,71631,83419,90383,104792,111912,114910,125129,129584,141898,150722,155562,162708,175412,183697
1383,42730,45005,45812,55456,59771,67305,70284,83167,99255,103030,111710,119179,124068,128738,141240,147760,156226,163736,176060,181837
1384,43040,45137,45849,55302,59636,66845,71735,82816,90010,104534,108446,116428,119931,127973,142567,148807,156986,163387,175664,183808
1385,41723,43882,44563,54533,59947,65655,69624,82411,93278,103573,108241,113999,123326,130401,141042,148011,154538,161182,176908,184870
1386,41852,43597,44592,53893,59598,65397,69275,83100,98305,103089,109089,115886,122639,130586,140899,148435,157079,163386,175872,181604
1387,41131,42876,43632,53828,59060,66382,69968,82683,88482,102202,107139,114913,123167,131624,140978,149835,157114,165084,175685,183233
1388,41098,43311,43817,53361,59258,65150,90750,84987,96410,101253,109780,115517,125051,132640,141525,148637,157570,164244,175845,183579
1389,40287,42540,43205,53154,59322,66272,70162,79231,92362,98282,109865,112561,123762,131169,140374,148186,156480,164591,174885,184122
1390,39447,41443,42392,54652,57888,64619,69316,78209,96485,100217,109547,115045,121722,129575,140569,148012,155663,164580,175675,183013
1391,38047,40231,40931,54467,57254,65456,68385,90111,88605,98492,106673,116085,121870,126702,140622,147822,154532,162604,175387,184266
1392,38166,39789,40596,53402,58409,64957,67757,81957,93029,98184,109344,114427,120855,127217,141424,148473,155953,163408,175019,182515
1393,37308,39103,39869,52958,58150,64747,72870,78516,89209,100259,106253,111056,121645,130225,139846,148564,156428,163228,174058,182379
1394,37345,39197,39851,52682,57680,64263,73222,86241,90693,99996,106353,116004,121047,128706,139976,148867,156099,163387,175333,183172
1395,36855,38627,39106,51864,56895,64739,72150,77669,93697,97073,104822,113176,121280,128690,138902,148628,155858,164050,173706,181735
1396,36620,38471,42632,53127,55967,64747,79636,85253,93332,95279,108608,113811,119900,126649,140466,147344,155113,165089,174185,181594
1397,38167,40240,43656,53815,58268,64769,73326,88911,94485,98806,106497,113662,120360,126481,139378,149872,157517,164335,174740,185387
1398,33623,35240,35848,47732,54660,62596,66143,76968,88059,92215,102581,110147,117136,126535,138027,144280,153524,161019,174015,182246
1399,34009,35739,39472,52058,56356,66035,76039,83391,91027,96060,102867,110881,119992,127551,139725,146793,153707,162400,175309,183575
1400,31498,32951,36681,50262,55124,61583,66961,79318,86965,91703,102915,109845,117381,128358,136800,146380,153830,161679,173770,182681
1401,33621,35379,42156,51882,58179,63842,75217,87317,91051,96388,107246,112374,117733,126757,139131,145526,154232,162208,174241,181885
1402,23855,24978,30195,42045,47152,57230,63042,72988,81156,88335,101250,108378,118676,125326,137947,144830,152950,161447,173370,181135
1403,26468,30736,43544,53554,58266,63061,74817,81288,85488,95782,105126,110453,118959,128108,140012,146547,154031,162305,173767,182158
1404,19070,20201,30748,41505,49471,56046,59702,71988,83712,91162,102281,109137,117099,124572,136317,144571,153008,161120,173667,181250
1405,19977,26544,39313,51039,54988,62436,66323,75556,86181,93171,101948,110925,118311,125022,137381,145015,152766,161171,173511,181682
1406,18210,26423,35218,49086,54656,61057,64829,77343,81486,88280,102134,108412,118068,125683,136823,145497,152944,161232,173614,180832
1407,22970,39875,47165,52418,57157,69681,69642,78664,84466,91974,105041,111446,117740,127369,138526,146384,154147,161462,172440,180595
1408,18089,24173,35404,46573,52928,61638,64275,73785,81646,91218,101559,110220,117776,123846,137802,145193,152826,161681,173794,181415
1409,22148,38275,45474,52834,59143,70078,73825,79231,83660,91611,104380,110388,118862,126524,138551,145370,153533,161423,174081,181133
1410,18327,26778,36146,48253,53175,62076,66940,75595,82809,90957,100832,108148,118548,125293,136021,144859,152894,160283,171335,180307
1411,19845,28585,42703,50732,54964,63749,66497,75837,83528,88516,100853,110712,118129,125306,136082,144612,152353,160541,172423,181212
1412,18545,26580,39994,49246,53257,63215,68372,73172,83880,90256,100902,110459,118134,125866,137276,144586,152265,160305,172225,181000
1413,22023,38012,45581,53773,57042,64615,67917,76099,83775,92928,103378,109136,117555,123534,136479,145262,153663,160734,172898,180492
1414,20524,29690,39315,50596,55443,62685,66111,77338,81964,91429,101099,110525,118194,126013,137648,145196,153819,160919,172745,181287
1415,23959,34511,46148,54610,58614,65832,70941,77473,88267,92425,103191,113042,119444,127048,138583,146439,154311,161420,173713,180791
1416,21792,28415,37031,49200,55557,60331,69697,75256,85399,93316,103187,111182,117881,127151,137759,145506,152779,162848,173116,182080
1417,23080,30484,44307,53104,57294,64820,65852,76425,85838,92890,102717,112703,119050,126568,138596,145655,154119,161828,174067,181634
1418,22075,28996,38382,51560,55875,65435,67409,77611,85893,92800,100733,110378,119382,125774,139150,146033,153425,162061,173665,182723
1419,27020,35720,48165,56640,59802,68957,70417,79962,85786,93432,105608,110283,118112,125445,138271,144930,153465,161060,173804,182674
1420,24335,28074,39064,50094,57349,64445,67160,78227,83351,91660,104799,108610,118046,124352,136983,145523,153658,161925,173174,180983
1421,30199,34409,46418,56474,60661,65588,71101,75688,88890,93658,104384,111333,120996,126305,137553,146737,155884,161796,174002,181091
1422,24487,26257,35896,46228,52591,61510,64055,74452,83222,91365,101135,109980,118915,126053,137742,145373,153983,161623,173650,181034
1423,26108,29939,40239,51187,56537,62515,69566,77287,88181,94343,103954,109980,120353,127878,139110,147235,155156,161881,173871,183006
1424,22956,26324,35579,45721,53202,61574,64318,75820,83953,92240,105058,111548,119169,127262,137200,145598,153912,162192,172874,181624
1425,29099,35688,44055,52328,56629,68727,77194,84733,88481,94504,103046,110186,120710,126308,137981,146517,155082,163149,173727,183409
1426,15171,16225,22191,28646,35318,43367,47445,59119,73830,82795,89946,90219,101214,110728,111739,128064,151347,156722,170039,172353
1427,18498,32171,44537,51084,55931,67161,68514,79066,88065,93494,105928,109212,116404,127217,137654,145901,153381,161624,173793,182157
1428,11492,18849,23844,33087,41792,52562,58740,66438,72240,80522,88393,98992,109190,109303,124814,134433,134433,154621,154959,169323
1429,12661,27889,38053,46880,51514,60548,62235,73338,80513,89087,100288,108705,117170,125258,137304,146101,153989,162809,174713,183587
1430,11593,25984,35032,45662,50189,59393,64065,75206,81659,90055,101053,110346,117522,124963,131117,143354,150153,155432,168791,176818
1431,11051,24625,32849,43314,48634,55351,59880,71913,79546,87672,96811,106403,107344,116096,117413,130751,139578,140380,154016,166233
1432,9658,20399,27863,38055,44723,49238,54931,63513,69662,75473,81053,88302,88403,94211,94677,105406,110873,111233,122299,132230
1433,10131,20462,27836,37364,43681,47881,51600,59361,64857,68841,74371,80164,82274,85985,87637,96938,102159,103007,112299,118882
1434,10252,21046,28122,36759,42486,47388,52714,59445,63495,67235,73765,78941,80750,84476,87900,94916,99108,100836,108695,115520
1435,11147,22062,29215,37141,42516,47253,52240,60643,65242,69493,75601,81503,82892,87897,91474,98615,103914,105411,114559,121944
1436,11899,23259,30568,39231,45538,48293,53062,63476,68672,72322,80024,84894,89939,94177,99101,106167,111541,112495,121969,130548
1437,21980,40284,47192,52668,55780,61505,66748,73495,81349,89081,99762,108903,116532,124948,135040,143724,152421,157078,169888,179538
1438,17410,29834,36869,46114,54465,63566,64262,72863,83483,88343,102229,109581,117289,125240,137332,145226,153520,161722,173576,181786
1439,32151,51291,55053,62122,65493,79580,76266,87420,89962,95822,109452,112050,117823,126604,136605,146919,153871,161555,174240,182018
1440,25020,27303,34227,44209,52184,62021,68752,75395,82885,90276,102364,110403,117716,124538,136724,144809,152487,160546,173452,181315
1441,26597,28189,38858,52512,57721,65739,68734,77205,84669,93515,103172,112771,119406,126690,138810,145614,153195,161696,173557,181554
1442,26823,28442,39064,52567,57516,63787,71584,77163,82399,90085,104257,109443,118686,128627,137312,145641,153753,161158,173649,181413
1443,26931,28703,39149,52360,57944,62915,71945,78132,83707,90263,104152,110874,116483,127926,136883,146199,154427,161139,173529,181716
1444,28207,30013,41068,54296,57883,63777,67756,78205,85025,91957,101376,110312,115958,126679,137261,145241,153757,162442,173227,181805
1445,27478,29252,40403,50066,58394,64710,67157,77888,82967,93527,101126,108096,118785,126995,138240,146431,153387,161565,173445,181244
1446,28025,29929,40749,55169,57745,64470,69554,77462,82908,90116,104299,109847,119181,126922,137559,144559,153566,161179,173399,181604
1447,27352,29298,40148,51332,57606,63597,69687,79454,84225,90190,101733,109969,118512,126843,138803,145664,153254,162033,173542,181616
1448,27798,29585,40564,53132,57900,63163,67943,76391,83868,90446,101106,109480,118993,127338,138414,146555,152874,161110,173343,181480
1449,26792,28940,39008,52260,57150,62535,68434,77155,82585,91313,101743,112430,119075,126948,139849,145408,153932,161955,174507,182446
1450,27513,29130,39822,52896,57375,62664,67540,77112,82347,91494,101253,111976,117603,126841,138117,145315,154184,161405,173770,181285
1451,26775,28804,39678,53075,57113,62754,66455,77922,81902,91558,101496,110349,117639,125982,138318,145726,153147,162311,173639,181585
1452,28485,30130,41096,54293,57178,63302,69824,76924,86283,93685,101614,109924,120389,127963,138654,146533,153688,162345,173992,182251
1453,27745,29831,40778,51038,57539,63629,69789,78278,84045,93766,104000,111274,119973,127874,138247,147248,154202,161775,175806,181362
1454,28358,30407,41484,53053,58588,63901,69285,80312,85594,94930,104861,111468,119506,125447,138749,146364,155030,163326,173257,181459
1455,28152,29897,41307,51378,58402,63631,67522,75309,83055,94030,104929,112208,119038,127380,139167,147214,155551,162101,172182,180723
1456,29344,31348,43029,53207,59995,64566,69477,76577,86307,95226,103985,109534,121008,126090,137955,146815,153857,162447,174953,180979
1457,29040,31230,39330,53402,58793,64911,69591,79505,88625,91971,103970,113092,121275,128577,139181,148028,155004,162601,174735,182907
1458,30848,32688,41471,54190,60096,66191,74834,81811,87207,95310,104460,114575,121764,129717,140224,147218,155726,163691,175237,183470
1459,30140,32308,38366,51624,57988,66156,72364,81067,85545,94092,106412,114613,121345,129827,139956,147764,155205,163269,174103,184549
1460,30779,32835,39426,53459,60373,66823,73080,81979,86726,96268,104038,113206,123357,129219,140655,149419,156022,163994,174762,183178
1461,30183,32363,38437,52082,58086,66938,72196,80381,85520,92604,108854,114405,120795,128907,139478,147681,154924,163214,176360,183049
1462,31374,33647,39893,52871,61199,67112,73978,82559,89853,98028,105879,110527,122019,129178,139209,148648,156045,162974,175580,182749
1463,30294,32658,38406,52924,58058,66727,70874,79198,86009,93251,103698,113943,120427,127789,139143,145398,155147,162601,175589,183154
1464,31744,34057,40472,54362,61681,67069,73646,85178,89197,99617,106137,115571,121601,129083,140497,147522,156049,163333,176025,184191
1465,30984,33037,39336,53117,58862,65724,72615,82036,89280,95583,105494,111781,120539,126942,138469,146709,154317,162711,176086,183633
1466,31570,33607,40106,53523,60043,66977,76905,83531,88207,94880,107104,112291,119077,128797,140019,147423,154638,163912,174988,183718
1467,30623,32661,38888,53301,58749,65975,71446,81227,86318,94540,102177,112390,120521,127302,138917,145983,154410,162435,174770,182395
1468,31257,33507,39845,52926,59054,66038,75373,82829,87161,96576,107111,113728,119642,126771,139149,146852,153798,162207,174537,182330
1469,29413,31575,37668,51895,57614,64176,69020,80932,86493,91648,101357,112757,119691,127706,137648,145849,153309,161518,172678,182044
1470,29400,31322,37099,53202,59197,64710,73219,79504,85557,89871,103806,112213,118881,128093,139191,146664,153503,162765,174013,182230
1471,28678,30524,36138,53081,57498,64176,68281,79033,86352,94633,106088,110241,117651,127114,138440,145140,153407,161833,173468,182637
1472,28755,30471,38747,52174,57122,64152,68753,77668,86169,91920,101046,113433,117934,127389,139957,146052,153531,161961,173995,182639
1473,28121,29972,37961,52191,57178,63584,68114,77524,87488,91810,101963,111904,119198,125862,138130,145648,153059,161462,174347,181822
1474,28522,30410,41912,54077,59004,63600,67948,77292,84372,93279,103703,110921,120419,126870,137054,145389,153751,161410,173600,182309
1475,28593,30479,42004,51980,58878,63163,68534,79689,84708,94397,102190,111869,118000,126709,137684,144865,154072,160730,172963,181745
1476,29296,31110,42858,52322,58396,63991,68913,81191,85219,95031,101266,111835,117945,126427,137795,146406,153311,162011,173203,180815
1477,28772,30734,38811,52975,56837,63527,68233,81603,87243,92411,101682,113018,118763,126126,138729,145765,155514,161419,173064,180508
1478,29433,31067,39538,52178,56871,64301,72408,81092,86613,91636,101323,111627,119939,128087,138925,146058,153927,161630,174196,180974
1479,29189,30990,39394,53209,57576,63719,73784,78914,86372,91491,105588,111853,118258,127474,138768,146520,153727,161540,173974,180402
1480,29936,31743,40262,52193,59287,68438,74651,81551,92228,96969,103154,114304,119997,125951,138489,146070,153646,162276,174065,180985
1481,29773,32124,40385,53715,58795,64983,75438,83832,90283,94022,103182,114168,119505,129059,138059,146179,154400,161955,173107,182253
1482,31071,33005,42312,53793,59214,66467,79773,85981,92654,97648,108254,112485,121668,127857,138428,148042,155447,161798,174587,182689
1483,30754,32446,38690,51101,57825,65397,75321,85865,92560,97814,104762,112841,121076,127623,138836,147605,154489,161123,174787,182148
1484,32005,33947,40349,52277,60071,66297,79009,85565,89836,95194,106688,111979,119521,128005,139024,147186,153944,162256,174807,182508
1485,32678,34353,40790,52095,57844,64110,73884,87770,93771,98593,105994,111751,120807,127937,139613,146275,154566,161807,174873,181383
1486,32094,33863,40415,50362,55483,64110,74142,86389,92615,97908,106151,113386,122835,129225,138552,148071,154414,162297,174869,182050
1487,31055,32816,39108,50046,55790,63321,75540,85494,91476,91896,106466,114050,121856,130004,139042,147613,154801,162945,174065,181512
1488,29902,31507,37471,48155,53642,63049,73331,85868,91831,96147,109948,114711,121254,127214,138430,147128,153495,162055,173682,182203
1489,29743,31301,39634,47866,55482,62383,71574,86228,91574,96911,108557,115627,121098,130058,140585,147661,154603,162546,173847,182741
1490,30104,31528,40205,49334,55554,62848,72467,85659,90803,96072,109204,115558,122012,128997,140056,147099,154069,162065,174275,182360
1491,29374,30982,39077,49318,55187,63059,71116,85457,90700,97987,105586,114840,121700,129455,139549,147904,154698,163525,174309,182567
1492,28991,30453,37995,48217,53376,63219,73756,86104,92005,100154,109083,114506,122358,129217,138230,146515,154478,163275,173396,182532
1493,28292,29815,40311,47949,54129,61445,70913,83782,90808,96029,108902,117833,121919,129329,138357,148399,154320,162800,174248,182001
1494,27730,29170,39167,46840,53150,61320,72767,84826,90355,97255,108424,116807,121395,130405,141571,148359,155576,164215,174772,182892
1495,27188,28463,38286,46030,54788,62144,72280,82944,89530,97556,109081,113614,123420,128699,138863,149002,155164,162616,174023,182036
1496,27360,28690,38363,48306,54510,62689,71765,84528,89530,97021,106911,112001,125423,132564,141937,149242,156139,163959,175500,183014
1497,26564,27799,37336,48033,53966,60796,69329,82291,90328,97129,108061,115209,123350,131517,138987,147412,155209,162121,174860,183420
1498,25315,26511,38037,45973,52702,58739,71062,84814,90435,99956,109895,116634,121605,130400,140816,147853,154597,162771,174195,182815
1499,25606,29244,39384,47807,56710,62835,71399,84285,93798,98536,110541,116439,123572,130727,141115,148384,154748,163080,174613,182361
1500,116,117,117,117,117,117,118,118,118,118,118,118,118,118,118,118,118,118,118,118
1501,21031,21399,21864,22514,23270,23376,27624,32829,35928,39393,43746,48548,54254,54188,59873,59873,59873,59873,59873,59873
1502,22296,27386,34864,52352,53233,58859,66951,80003,86485,97020,107120,113277,121122,127516,139084,146282,154925,162995,174278,182871
1503,23248,30634,42909,53875,59169,65901,74399,83771,88168,93087,105660,112042,119603,126605,138067,145786,155382,161882,173792,181946
1504,22021,28900,37525,51682,57036,63832,74266,77141,87142,96762,106151,110876,119390,126453,137445,145946,153949,160983,173118,182085
1505,24687,32424,45286,56045,60139,67127,71965,78503,86311,94908,106706,113599,118721,126872,138286,145365,153504,160282,173360,182112
1506,22316,27610,38221,48227,55952,61388,69459,78037,83902,92369,105136,111186,119146,126872,138753,145425,154134,161523,174159,181038
1507,24758,32324,45435,53381,59474,68336,72671,78408,88310,90940,106870,113669,120317,128197,138033,145776,154295,161193,172662,180717
1508,21414,26547,36805,47333,54173,60284,64589,76569,83440,92939,100352,110390,118751,125501,138397,145257,153829,162295,173254,182850
1509,21757,28792,41484,50625,56395,66778,71927,77895,85443,90380,104038,108302,116675,124902,137951,145778,153778,161523,173043,181394
1510,21416,28268,40652,50218,56322,63001,68350,73881,84914,90960,102227,109990,117794,124884,137422,145562,154725,161727,174019,182573
1511,23300,30675,44285,52927,58681,65838,69843,79141,84407,90800,102708,108738,117664,126083,138749,145457,154434,162105,173470,180990
1512,22132,29046,37726,51044,57261,64672,64764,79475,82431,90629,103067,109725,119590,126403,137654,146027,154154,161986,172886,180885
1513,24974,33130,47104,55273,59193,71515,69877,79481,86279,91758,105536,110704,118726,126293,137908,145730,154211,162431,174301,181563
1514,24370,30241,41525,53067,58408,64513,68682,79785,82423,90927,102116,110043,118318,126634,137540,145594,153416,162242,173239,181419
1515,25377,31194,42592,54288,59029,63462,72867,75841,85428,91255,103813,111289,118260,125251,137467,146811,154192,161701,173848,181315
1516,25043,29270,40169,54349,58665,64763,68826,75758,87426,94240,101642,110012,118096,125848,137349,145468,153738,161138,173962,182165
1517,26681,30920,42170,56361,59605,66233,70449,77626,83971,91722,101462,112165,117589,126619,137947,146113,153346,161388,173666,182102
1518,25892,27922,38129,51282,58554,65067,66996,79801,86117,93908,100915,109866,116567,125908,136983,146377,153635,161102,174091,181919
1519,28283,30144,44411,55118,60288,66760,70095,76525,85630,90607,102092,109729,117481,125375,137653,145710,154000,161321,173523,181490
1520,25864,27743,38452,48502,58586,64607,66809,80468,83187,89674,101459,109216,118334,125753,137060,144118,152838,160905,174086,180376
1521,26753,28449,39330,52402,58447,65282,67766,81807,88732,95107,101225,109419,119767,125824,137032,145122,153688,160960,173189,181788
1522,26866,28428,39373,52142,58005,64960,66821,78922,87702,93140,101938,110590,119120,125257,136350,144477,153709,162340,174008,181494
1523,29811,31676,43899,55041,60415,68514,69734,77963,91032,91249,103868,112353,117229,124368,137636,145763,153505,161609,173496,182238
1524,27585,29252,37533,51458,58020,66239,68087,79662,85927,89413,101534,109704,119111,126342,137751,146235,153407,161354,173352,181599
1525,30454,32349,44822,54508,60314,68953,70774,83614,88954,96154,107573,113965,120231,125835,136188,145453,152807,162710,174480,181926
1526,27937,29649,37656,48574,56956,63898,68123,78808,87851,90203,103958,113592,119754,126583,136675,145099,152844,160065,172977,181540
1527,28356,30292,42022,51359,56554,64523,69691,83672,85548,97110,105415,113739,120216,126886,137331,144478,152512,160562,172992,181477
1528,28253,30135,42028,52397,57309,64643,70045,81037,88676,90911,102824,114452,120265,126014,136996,143563,152210,160652,172771,180518
1529,29790,31664,44357,53155,59010,64327,71828,82706,87327,91530,104303,114186,121645,127790,137299,144713,153949,160560,172489,181433
1530,29354,31206,39757,50632,58148,67234,70934,79952,84773,94075,104571,109932,119976,126434,136916,144152,152627,161067,173663,181773
1531,29579,31610,39994,53275,58466,65674,70394,79882,90234,94880,102308,114487,120388,125593,136082,146867,153381,160302,173792,180788
1532,29146,31039,39348,52443,57776,64867,68499,79380,85638,93862,105145,111476,119026,126608,137205,144553,153161,160993,173390,180826
1533,28602,30517,38631,52433,57403,64789,68161,79787,85379,94929,104315,113012,119861,127052,135454,145495,151961,161028,174103,181996
1534,28666,30584,38646,52804,57195,63704,68213,79981,85724,90923,102518,113994,119723,127745,136636,145944,153873,161548,172859,181085
1535,28493,30483,38285,52399,56768,63546,68139,80642,89342,90075,107167,113233,117421,128586,137071,146070,154499,162173,174046,182358
1536,28275,30145,37936,52724,57972,63477,67956,78866,84147,94258,106288,112139,119625,126139,139230,147786,153963,161905,173763,182776
1537,27875,29780,40990,52599,59054,63804,68411,75249,84194,89617,103408,112621,117822,125527,137818,147100,154463,161491,173596,182349
1538,28089,29793,41069,53782,58168,64288,68480,78899,83668,93890,102517,111504,118536,126848,137627,145654,153960,161858,173584,181030
1539,28024,29884,41089,54609,59121,64659,67886,79474,85393,92360,106183,112775,119410,126324,138089,146713,155282,161817,174683,182326
1540,28478,30368,42028,53339,59449,64575,68834,80215,85918,93797,102470,111708,117700,125913,138503,146370,154526,161937,175285,183078
1541,28429,30173,41811,53416,57410,64420,68944,77934,84910,90652,105314,111117,121522,126404,139309,145826,153993,161589,173308,183118
1542,28900,30777,42626,52778,57805,64172,69969,80629,85471,92079,103375,113492,120632,127856,138655,147574,154640,162679,173743,182059
1543,27523,29345,40317,51889,57193,64471,68227,78902,86500,90417,102685,111752,117743,127634,138929,146766,153315,162170,173552,182711
1544,26956,28852,39477,53121,57775,64168,67374,78320,83242,92994,104048,111527,117897,127786,138978,146653,154726,162698,174898,182983
1545,26812,28525,39199,52513,56986,63575,70053,78745,84227,91233,102525,111802,119098,127866,139523,146786,154283,162833,174908,183959
1546,26814,28508,38916,54056,57493,63120,70097,79417,86433,92472,103784,109962,119253,126441,139157,147376,153391,161927,172930,183109
1547,26874,28623,39139,52890,57793,64007,69952,77150,84081,91251,102187,111427,118791,125781,137714,146806,154194,162176,174572,183318
1548,27074,28797,39431,52887,57531,63748,74291,79874,83134,91446,106184,111345,116885,125377,138992,145515,154502,162140,173026,182685
1549,27215,29101,39770,53377,57691,64021,68061,80154,86038,91205,104477,109958,117997,127901,138376,147332,154131,161268,174936,183109
1550,27681,29503,40168,53257,58589,64723,69388,81150,85958,95148,103435,110102,121060,125291,139401,147957,153929,162593,175253,183971
1551,27258,29370,40078,53785,57852,64298,67512,77738,84411,92243,104036,109555,119951,127262,137794,147018,154558,162495,175116,184283
1552,27582,29473,40593,54652,58713,63769,67802,79454,84896,95666,104613,111321,118168,125416,139076,147488,153865,162897,174881,183108
1553,27467,29707,40447,53566,58614,64558,71227,76435,87734,91319,102762,111110,116922,127965,138272,147488,155057,162665,175162,182194
1554,28402,30383,41315,54449,58829,64596,67764,80282,85250,90255,103460,112153,119923,127209,138629,146133,153569,162884,174690,182906
1555,28554,30696,41783,52310,58641,64559,68511,77790,85273,90882,102583,111027,120067,128640,138905,146820,154386,162488,175076,182998
1556,29656,31680,43423,52783,59562,65710,68629,81188,85063,91059,104304,110358,120758,126596,140079,145847,155111,162722,175253,183071
1557,29463,31545,39611,53081,57649,64135,72396,79464,84572,90677,104380,111427,120379,127690,138628,144990,155176,160508,174159,182819
1558,29806,31890,40168,52506,57984,64178,75540,77217,85488,91232,107242,112595,120489,127439,138807,146962,154388,163040,174693,182156
1559,29423,31429,39486,52487,57946,64587,68244,78313,84721,93008,106887,112792,119791,126962,139324,146251,154873,163159,175462,182906
1560,29841,31981,40151,53316,58113,64431,75926,80655,86501,91231,107046,113194,120571,127843,139642,147454,154787,162521,174345,183290
1561,29342,31494,39793,54150,59769,64594,74781,80732,85695,92415,106581,112233,119961,127686,138769,146771,155007,162550,173676,182093
1562,29902,32071,40455,54937,58632,64915,76522,81619,85831,92902,104925,112658,121049,127588,139372,146917,155109,163224,174303,182199
1563,29281,31473,40045,54622,59290,64589,75904,81189,85436,93668,104286,113012,121087,127376,138048,146568,154434,162883,173923,183000
1564,30165,32328,40870,54286,59415,64887,77209,77816,86332,90732,103984,113111,121055,126978,139884,147086,154849,162655,174360,184214
1565,28957,31054,39505,50477,59211,64468,73893,79260,88184,90891,106046,113222,121634,127906,139188,147239,155444,161774,174546,182555
1566,29320,31466,39808,53208,59373,63955,72224,81569,85830,90388,105237,113748,121108,128952,140126,147686,153614,161619,174614,182641
1567,28559,30515,38378,52934,58246,64325,68613,77731,85624,92736,104576,112531,119448,128595,139284,146747,153962,163198,173630,181702
1568,27821,29984,37870,52741,59180,64232,68902,77960,87576,93965,107753,113074,120070,127544,139624,146383,154512,162805,175185,182667
1569,27509,29508,37210,52189,59182,63890,68199,81857,89804,94404,106983,112224,119227,127022,139096,147227,154106,162708,173174,181632
1570,27980,29944,41518,54489,59734,64832,68718,80935,88587,91302,104779,112825,120364,127677,138749,146440,154540,161641,173271,182103
1571,27353,29465,40347,50900,58485,63791,67295,78698,86096,92568,106978,112696,120541,127685,139395,147010,154659,162701,174398,182182
1572,27780,29549,40690,53661,57339,63715,67622,79712,84185,94026,105422,111283,120795,127249,138049,146232,153555,161260,173689,182385
1573,27361,29248,40398,53781,58209,64232,67354,81349,88264,92216,102027,113571,120533,127240,138435,146782,153881,162249,173656,182100
1574,27718,29477,40770,54032,58228,64302,67957,80363,85041,91956,103078,110445,119760,127536,138514,146609,153896,162501,173643,181803
1575,27292,28928,39898,53728,57920,63649,67168,77336,81727,94436,104379,112237,117225,127982,139103,146035,154100,161595,173179,181636
1576,27582,29116,40412,53300,57943,63731,67938,80125,86433,92392,106337,111979,120602,127808,138966,145879,153646,161769,174867,182630
1577,27291,28879,40221,53944,58866,63983,67843,77678,84603,93085,102657,113546,120228,127407,138926,145635,153694,161448,173492,182153
1578,27673,29346,40734,53326,57996,63430,67466,79380,84215,92744,101534,114152,120343,127206,138532,147088,153206,161547,172808,181168
1579,27286,29063,39852,53501,57991,63195,66569,78789,82760,90225,106740,112274,120502,127917,138131,146178,153958,162021,173398,180779
1580,27345,29167,40597,54505,58522,63856,68230,79191,85101,96643,105573,112253,118269,128288,138261,147422,154338,162864,173663,182158
1581,27482,29416,40678,54554,59330,64034,68467,77736,88036,93640,103224,110732,120363,128214,138299,145703,155314,163866,174508,181907
1582,27084,28837,40142,53823,58661,64375,68247,78754,88053,92201,102163,115713,121220,128538,139609,146172,154160,162709,174453,181897
1583,27631,29274,40554,54137,59368,63891,68830,81222,86421,92087,103734,114665,121410,128218,139315,147040,155891,161695,173555,182603
1584,28082,30122,41648,54390,58837,66724,69507,80634,83993,94059,105026,112937,117551,128101,139847,147635,155007,164595,175512,183254
1585,58785,61425,65084,66671,73673,88466,124721,126511,127910,129681,135529,135343,139216,143546,150076,156444,161077,169027,176855,183080
1586,45472,48670,49930,51450,56141,64229,88775,99266,101942,103276,107258,112563,118099,124456,137465,144795,153195,161531,172471,181125
1587,43086,46376,47555,52512,58637,65880,91687,97053,98923,102070,107366,110934,119752,127873,137837,144631,151954,162260,172988,181140
1588,44468,47376,48561,55798,61713,67688,70536,98011,100813,101797,107248,111631,118307,125064,139096,144866,153526,161411,173421,181159
1589,44466,47649,48531,56003,61563,67732,70851,79414,96546,101287,108585,114038,116743,126416,139571,145977,154551,160922,172531,181517
1590,45118,48332,49464,57018,62047,68659,70907,100579,101543,103526,107758,112563,119875,126079,140215,147180,154642,162006,173919,180650
1591,44973,47774,48631,56058,62052,68141,69964,85463,101331,102971,108145,112076,119085,125838,139670,145156,152661,161493,173494,182265
1592,45521,48548,49716,56472,63070,68794,70751,83774,102352,104557,110913,113240,119474,128811,139143,145440,152526,162444,173679,181103
1593,45716,48478,49530,56799,62218,67889,78174,76968,103038,107046,107999,113538,118100,125577,137388,147179,154117,163470,174506,181508
1594,45724,48766,49858,57477,62457,67918,71264,82681,104497,106491,109405,112921,117434,125637,139761,145955,155160,162780,173768,181099
1595,45188,48617,49295,56249,62346,67477,70340,76050,91674,105877,110274,113930,117527,124645,138092,144799,154835,163171,174545,181728
1596,46101,48857,49871,57310,62803,68050,72769,86554,92259,107225,111966,114724,120000,124829,138957,147476,155279,162640,172854,181976
1597,45639,49003,49735,56742,60247,67917,72435,78278,92578,106178,109862,111719,119119,126445,137609,147107,152995,162070,173892,181748
1598,46372,49464,50555,57754,60837,69010,75350,82455,97743,109423,109829,114044,120994,126142,136022,144033,152243,161304,173300,181508
1599,46036,49388,50350,54707,60895,68546,70379,87027,88909,103713,110706,113838,120276,130061,138937,145325,154025,162355,174906,180416
1600,47148,50228,51657,55856,61648,68740,81923,84771,105367,107299,113270,116284,121039,128477,139074,146842,154720,161455,173655,181464
1601,46514,49779,50967,55236,62486,68486,72155,80025,89771,109740,113581,115323,120068,126319,138398,146496,153912,162260,174090,181475
1602,47067,50378,51589,55375,62002,68478,71750,80869,92007,109499,112633,117284,122533,126706,138605,145516,152323,160817,173281,181719
1603,46093,49644,51048,55068,61609,68571,70230,96097,88447,109494,113068,116756,119297,126689,140301,145233,154420,161164,174548,182050
1604,46395,49803,51229,55004,61496,68049,71358,80491,101595,109626,115159,115911,118622,125939,137375,145819,155041,161651,173389,180487
1605,46418,49800,51083,55386,61671,68535,71191,79208,88862,108970,114656,116580,121069,125614,139361,144857,153029,162741,172640,181560
1606,46683,49966,51484,55166,61252,68100,71230,83868,90259,111133,115076,117610,120528,126829,140415,148459,154827,163212,173916,181815
1607,46594,49953,51235,55166,61475,68428,81220,79192,107588,109120,113052,116093,119447,127035,137219,144734,154135,162137,173649,181263
1608,46868,50208,51390,55309,61299,68950,72360,83114,87995,109950,114327,117181,121397,125933,140358,145644,153663,160053,172681,181698
1609,46692,49815,51084,55257,61647,67917,69907,79584,83941,108313,111950,115080,120068,126120,137236,147747,153885,161430,173824,181146
1610,47358,50534,51902,56198,61594,68728,70578,106294,107408,109343,115655,116451,119330,127212,139649,147670,153991,161610,173138,182039
1611,46704,50157,51267,55360,61240,68055,71068,79209,84598,108212,112670,116686,122930,125727,139070,145770,152590,160199,173635,180785
1612,47271,50572,51677,56077,62312,68983,77775,87026,93073,111154,114797,117487,123690,125779,138152,144597,155375,162686,173609,183005
1613,46764,49976,50845,55586,61752,68379,72320,87194,92182,108512,113043,117092,119587,126265,137400,144120,152709,160107,173534,181373
1614,47322,50485,52064,55887,62044,69247,71870,79813,102702,110260,115041,118417,124005,125843,138973,145418,154053,162271,173575,181146
1615,46989,50226,51084,55172,61396,68037,71016,78364,92110,101508,112698,115222,118877,126211,136851,146840,153725,162030,173952,182309
1616,46933,50365,51596,55967,61310,68652,71791,78346,85002,106092,115642,116520,120729,125650,136247,144542,154594,163040,173306,182775
1617,46241,50272,51278,55356,61593,68273,76311,88078,106334,97239,113346,114797,120087,125064,136164,146147,154701,161594,173366,181374
1618,46486,50005,51103,54992,61342,68440,71714,83185,87655,109280,114191,116345,121407,124232,137191,146258,152534,160558,174648,182871
1619,46309,49752,50416,55621,61361,68253,71035,79453,91355,105387,113772,114974,120909,125795,137292,147755,154149,162069,173853,181288
1620,47018,50347,51417,56019,61344,68891,74831,79093,92534,97339,113836,116587,122602,125895,137189,144449,152885,160820,174159,180345
1621,46754,50093,50989,55618,61720,68390,70581,79506,87743,108886,112221,114766,118877,124896,136794,145413,155199,162568,173994,181678
1622,46975,50272,51417,55585,61419,68841,76939,79784,108476,108474,116063,117371,120392,127361,137367,143925,153810,161031,172725,182472
1623,46843,49969,51059,55361,61404,67582,71190,93408,92297,97383,112373,116241,120950,124423,137327,145115,153922,161771,172813,180789
1624,47152,50555,51702,55822,61603,68566,70607,80046,86508,110131,113413,116045,120240,126184,137935,145335,155616,163378,174106,181987
1625,46748,50004,51137,55485,61491,68884,76376,81296,87959,96197,113213,115007,120067,126580,137031,145645,155751,163351,173681,182280
1626,46828,50306,51114,55544,61684,69338,71186,79499,106842,109691,113074,115611,120333,126501,136432,148294,153596,161432,172673,183049
1627,46017,49308,50307,55269,60556,68179,70738,83709,91612,97630,112180,114695,119462,125669,138595,146720,154127,161055,173445,180720
1628,46347,49618,50772,55186,61139,68195,81845,84097,92079,106289,113062,115383,121834,125651,138227,145964,155245,160918,173239,181341
1629,46368,49369,50403,55151,60965,67249,71709,82632,90622,108185,113068,114808,121392,125223,137631,145689,153941,161451,173734,181545
1630,46048,49448,50584,54846,60871,67417,71116,85643,93797,109642,113523,117137,121462,128404,138951,146551,154248,161337,174114,181658
1631,45963,49235,50129,54312,60868,67187,70730,79806,90762,102354,113625,116129,121849,125552,138294,144830,153026,161624,172560,181123
1632,46244,49420,50357,54257,60602,67480,71342,97557,105896,101227,114947,117247,122608,128520,139843,146665,153861,161424,174352,182585
1633,45814,48879,49921,54407,60755,67138,70301,81240,85472,95025,113620,117582,118554,125511,138183,144657,154154,161535,173180,181266
1634,46540,49337,50467,54573,60901,68440,88068,79621,89830,108626,113761,118970,119815,126985,135765,146140,154283,160851,173376,182363
1635,45640,48716,49584,53750,59731,67582,73930,81681,105386,107249,112804,116422,119186,125787,138794,146381,154180,160947,172557,181489
1636,46110,49267,50425,55147,60823,69483,70696,77037,94544,112341,113902,118091,122117,128533,139080,146609,153555,163149,172768,181276
1637,45742,48576,49841,54076,60069,68141,70635,89330,85978,101440,112359,116416,121122,125538,139151,144511,153797,160882,172796,181235
1638,45653,48597,49828,53899,60041,69287,70626,78440,90905,98124,113953,116855,120237,126461,137967,146244,155702,162422,172829,182732
1639,45307,48248,48997,53304,59113,68239,70592,82577,94400,105242,110200,113536,117993,126332,136390,146239,153527,162142,173231,182063
1640,45328,48095,49199,55739,59454,67507,71088,91718,90750,104944,110523,112845,119582,125427,139583,146875,154679,162000,173725,181074
1641,44266,46748,47863,55287,61103,67722,72673,81401,100636,104346,109138,113567,118042,124546,138718,146235,154718,161542,173630,181231
1642,44359,46959,48149,54950,61040,68047,70697,80792,91177,103493,108485,112736,117738,128436,139192,145670,153991,160537,172569,181787
1643,43927,46928,47769,55132,60250,67310,69193,83787,87586,102657,108042,112721,116926,124545,137512,145832,152900,161739,172613,180156
1644,43742,46575,47392,54883,60275,67564,92874,83721,97769,103242,108278,111745,117495,124080,138168,146358,152497,161988,173024,181112
1645,43325,46050,46787,54222,59727,67324,70672,82079,92734,101675,105344,111615,116533,125177,140135,145276,153193,161249,172293,181120
1646,43181,46050,46829,56363,59878,67654,72555,83006,99155,102646,110019,112527,116959,125438,139314,145811,152895,161515,172583,180930
1647,42792,45477,46275,55940,58844,68443,74349,80467,85806,103385,109029,110979,117181,125648,137773,145650,153570,161486,173198,180845
1648,42932,45672,46469,55633,60178,68990,73149,92200,97742,102406,108511,113074,122461,128522,136010,146524,152500,161008,171643,180170
1649,42545,45278,46217,55197,59621,68292,72148,80990,92484,103547,107557,115696,120947,124734,138785,146645,151645,160699,172864,180992
1650,42593,45482,46642,55552,59888,68569,75076,81001,100483,103264,110509,112032,117399,128341,138363,145194,152667,160125,172596,180308
1651,41962,44575,45511,55259,58610,68310,71761,81910,83893,99862,107455,111251,118145,124726,137972,145410,151424,159367,171598,180458
1652,41787,44071,44770,54872,61107,67566,70310,82566,95539,98346,106511,111862,118176,124651,137631,145987,152921,161137,173287,180991
1653,42057,44152,45050,55013,60625,67342,71232,80966,95574,99491,105622,110490,119641,129136,138267,144772,152556,159791,173328,180887
1654,42159,44792,45586,55393,61637,67514,73905,91722,97186,100774,106916,112481,118913,125438,138676,146050,152770,160352,172042,181163
1655,42326,44338,45135,55014,61167,68063,72498,81033,87131,99644,105733,109900,116648,124720,135299,145454,152070,159605,171423,180804
1656,42984,45292,46026,55879,62137,69245,73106,83097,97231,101874,105776,111005,121037,126732,139367,144865,152630,161574,172939,180972
1657,42172,44819,45656,55204,61898,67987,73807,80000,98412,99159,104244,111332,116497,125781,136135,143290,151735,161089,173024,180403
1658,42960,45008,45708,55622,61538,68473,73112,82911,90362,101441,106347,111725,119339,125889,136161,145212,152551,159758,172722,181068
1659,42655,45172,45941,55615,61739,67943,73283,83520,86038,101238,106860,113852,120123,129925,136384,145893,153925,160511,172908,180902
1660,43045,45374,46179,55937,62013,67781,74212,81925,95736,101326,105228,112491,118388,125233,137933,144562,152107,160259,172693,180331
1661,42095,44865,45583,55070,60961,67886,72438,83360,94108,97078,104482,112972,116956,127909,138029,144407,151508,161121,173182,181590
1662,43127,45327,46246,55887,61235,68115,73930,86989,96322,102211,108653,116108,121360,125016,138093,144609,152697,161858,172505,181351
1663,42544,45085,45824,55111,61077,68983,72150,79186,96084,98709,107569,111746,121067,124233,138366,144330,151407,162011,172905,180579
1664,42751,44923,46076,55527,61193,69330,71894,86382,89268,100061,107623,114129,122630,127344,137585,144279,154246,161013,171980,181496
1665,42706,44993,45703,55382,61469,68643,72804,82638,95004,99400,106701,111236,119582,126238,137726,145968,151883,160450,173061,180276
1666,42465,44807,45746,55264,61660,68280,72424,79780,96589,98853,106866,113442,120259,129530,136675,145068,152358,161730,172802,180762
1667,42512,44776,45535,55413,62161,69259,71184,93553,91686,100565,108146,110120,117318,127964,136371,145025,153200,160013,173129,180924
1668,42662,44709,45721,55759,61207,69468,71823,82185,96155,100311,106839,110736,117870,126459,137354,144116,152355,160689,173481,180405
1669,42454,44603,45671,55371,61958,70066,71309,81448,89765,99247,106428,108584,121059,123163,137498,145754,151752,159285,172889,181351
1670,43043,45126,46314,56515,61895,70011,72428,80011,100502,102058,107148,110527,116767,127474,137098,146591,152053,160064,172103,180607
1671,42359,44824,45792,55540,59702,68906,72195,84906,86609,100315,104643,113750,121622,126845,137659,145371,153364,161690,173046,181540
1672,43190,45312,46875,56758,60769,69825,73021,82401,98471,104412,110286,116652,118548,129491,138361,145995,153569,161735,172530,180695
1673,42632,44902,46236,56234,60412,68717,71843,81688,90206,102947,106089,114321,121036,128113,138727,144213,152204,160451,171433,181686
1674,42264,44785,46153,55938,60305,68264,72490,80301,97176,101936,109316,115142,115883,129206,137596,144117,151657,160050,171559,179540
1675,41452,44106,45342,55162,59336,69470,72351,90540,83285,100373,104032,108798,118978,128305,138481,144586,152900,160053,172208,179993
1676,41233,43517,44499,54370,60275,68578,73094,79929,94377,99113,104375,108888,118885,126533,137445,144117,152811,161473,171448,180300
1677,41175,43677,44612,53796,60675,69447,72567,79835,93567,98644,104372,109168,117603,128887,137386,143763,152217,160373,172821,180169
1678,41347,43540,44844,53935,60955,69489,73143,90095,92819,100215,105172,108369,115889,124713,137967,145002,153129,160920,172568,181179
1679,40827,43336,44332,54056,60570,70164,70876,79922,93040,101098,107067,109300,117498,123042,138385,144757,153008,160014,172648,180334
1680,40849,43195,44643,53480,59584,68334,70951,78950,96603,98554,107281,109597,116345,126003,136270,145187,151981,161046,172527,181218
1681,40642,42652,44579,53382,59011,66725,70553,88861,97215,99664,105779,115840,121847,126850,136104,144395,151756,160387,172200,180515
1682,40641,42705,44958,53926,60200,67064,73316,79065,97417,99543,106359,112514,116912,127938,138725,144757,151407,161253,172609,180065
1683,40619,42989,45029,53635,59840,67515,73372,90206,97480,100796,104929,111743,120906,128078,137532,144593,152756,161073,172262,179910
1684,40694,43168,46125,54895,60411,68299,73830,83812,90292,102826,106882,114075,117583,125458,137563,144851,152401,159664,171744,180157
1685,41093,43347,45806,54482,58475,68373,72470,83832,94475,102421,106490,112772,116862,123207,136528,145087,152952,161050,171772,180225
1686,41842,44411,46834,55897,59216,68682,73759,84162,92471,105767,110975,116956,118397,124282,136630,145041,153110,160763,173138,180264
1687,41100,44253,46569,52938,58949,66888,69119,81377,98704,101331,107787,115158,118938,124109,136231,145609,152434,159933,172619,181292
1688,41157,44471,45926,52838,58943,67031,81487,80344,86465,102754,108939,115062,118641,123650,135896,144285,152898,160700,172157,179758
1689,41469,44626,46395,53100,59613,67384,73927,81566,100608,104032,111822,116014,119588,123782,135189,143202,151859,159490,172354,180229
1690,42056,44707,46614,53412,59854,67290,70341,86053,87578,104680,110087,118047,120003,124110,136078,143607,152330,159715,171260,179378
1691,42195,44782,46664,53912,59899,67157,69169,80046,100801,104283,108940,115414,120927,125568,136686,143766,152011,159306,171564,179029
1692,42828,45241,46953,54209,59573,66512,69591,92641,87369,103915,110048,116682,120994,126099,136665,144576,151742,160304,171465,179608
1693,43043,45329,47298,54405,59779,67935,89181,84305,101745,104489,110020,115829,121797,124985,136187,144657,152198,159510,170449,179554
1694,43726,45997,47792,55451,60229,67070,73821,81746,88128,105185,110794,116734,122802,126734,137849,142984,153232,159811,172098,179455
1695,43457,45911,47585,55274,60730,66539,70715,78455,92586,105382,110315,117165,122373,127703,136791,143184,151637,159985,171763,178365
1696,44067,46368,48295,56159,60498,67955,71707,79803,104293,107715,112250,117264,123923,129075,136398,142238,151300,159366,171359,179163
1697,43469,46343,48092,53111,58932,67355,71067,87356,88181,107126,111951,116773,121949,128272,135446,143379,150683,160067,171586,179880
1698,44193,47303,49007,53723,59296,67851,71208,84769,88356,107973,112741,118656,125333,129162,139033,143839,151672,157648,172260,179001
1699,44321,47177,49205,54051,59856,68161,70950,79371,105109,109218,113758,119253,123705,124398,137082,144112,151752,158402,170575,179619
1700,44637,47796,49864,54217,60282,68703,72207,80562,89726,109726,114250,120256,124160,127057,139174,144382,152351,159462,172108,179059
1701,44858,47634,49980,53930,60159,66465,72142,102348,88182,110121,114899,118815,125457,130923,139567,144663,151915,159808,171645,179161
1702,45031,48046,49850,54318,59955,66070,73147,81894,89394,109657,112957,116098,124108,130936,139730,145353,151149,161344,170839,180504
1703,44793,47815,49598,54162,60740,67332,71707,80020,103514,109462,113911,118288,124353,127760,138296,145964,153253,160082,172531,180348
1704,45749,48760,49983,54768,61970,66936,71468,80000,89871,110905,116018,117665,123703,128281,140715,146945,154221,161665,174562,180638
1705,45251,48455,49470,54234,60865,67313,71450,79678,87336,110798,113966,116003,121989,127606,138522,145735,154167,162536,173680,180372
1706,45622,49049,50230,55128,61197,67160,73646,81531,108186,111439,116073,117187,122060,127789,138279,146835,154990,162647,173392,180840
1707,45934,49156,50613,55496,61224,67507,71929,80813,89811,111918,117033,118132,124744,131581,138885,147174,154504,161948,173815,181024
1708,46437,49100,51303,56314,62197,68111,71654,84887,92558,114784,118317,120981,125842,132981,140408,148385,156039,162492,174033,181647
1709,46312,49437,50792,56177,62866,68146,74660,82305,88363,110955,116132,120348,124360,131612,140464,147294,156273,159804,174847,181487
1710,46768,49688,52260,57102,63004,68908,71864,82995,101212,112051,119838,122220,126215,132089,142272,147459,153816,162248,174302,182980
1711,46658,49478,51581,56506,61061,68561,73280,82136,88824,108498,116298,120404,126168,131656,141427,146970,154298,161561,174807,182474
1712,46809,49436,51482,56446,60431,68935,72998,84607,89772,110724,114756,120320,124389,131446,138289,148957,156153,161557,174469,181791
1713,46792,49686,50964,56163,62657,69299,72708,82224,107446,107811,114505,120702,123533,132930,138372,147353,156465,162256,173314,180908
1714,46946,49932,51583,57057,62680,69765,73199,86124,88393,98237,116148,120349,124331,131677,139623,145782,157112,163317,174094,181925
1715,46399,49210,50607,55680,62736,68782,72169,81790,85191,111203,114275,119880,123860,127822,136633,148689,157009,162359,173339,180919
1716,46137,49388,51106,55841,62590,68654,72857,82039,110157,98593,115142,120772,123982,131251,141648,147642,156885,162684,174999,180019
1717,45914,48554,50162,55281,62592,68820,72959,83678,88352,109807,114260,118447,122022,130247,137865,149303,154985,163227,175469,182835
1718,45775,48740,49731,54989,61691,68433,71527,82343,90597,100538,116112,117231,124178,129374,140928,148543,157406,163318,174665,182775
1719,45957,48645,50014,55001,61436,68675,87349,89418,87892,110026,115298,118104,124429,129306,142133,148011,156131,163232,173941,183179
1720,46349,48595,50430,55170,62285,68680,72260,83582,95273,100172,115889,118436,123725,130482,140062,149132,157275,162335,173050,181639
1721,45806,48369,49978,55002,61602,67338,72537,81872,87936,97693,113965,116842,124625,130047,142171,148518,155696,163415,174601,182307
1722,46174,49074,50224,55129,62039,67852,72457,80366,104818,108556,115817,117609,125212,133615,142879,148496,156660,163168,173547,182370
1723,45771,48372,49616,54484,61141,67674,72090,79106,90515,109468,113763,117690,123175,128987,140468,147866,155831,162440,173640,182891
1724,45344,47819,48801,54132,59767,67778,71522,101734,89644,98705,111141,117022,122004,125744,139204,148419,154901,163096,173812,181751
1725,45616,47697,48944,53609,60058,67810,72642,81476,103807,108086,112247,119165,122262,126159,140762,147950,153928,161639,175060,180546
1726,46019,48103,49256,54368,61304,67539,72463,80608,90759,98991,112887,120256,122560,127394,141479,148757,156892,162280,174203,182092
1727,45827,48500,49332,54253,60574,68273,72062,80059,89130,109472,113468,120392,123073,130237,139753,149280,154301,161923,173551,181926
1728,46311,48984,50030,54818,61157,69187,71985,79582,87409,100938,115406,121229,123691,130423,141997,149992,155062,162751,175200,181627
1729,46599,49246,50511,55016,61380,68413,72668,80092,104921,111009,114369,119224,123427,131127,141618,146611,155659,163614,173605,181670
1730,46459,49152,51028,55742,61422,68288,71638,81440,91535,101027,117925,119610,124914,130061,139081,151040,156658,164000,173140,183507
1731,46053,49191,50677,55202,60767,67593,71883,105760,86535,100052,116422,118267,125728,130209,140952,148629,156131,164932,175306,181042
1732,46807,49522,51336,55495,61392,67333,71386,83309,110175,110830,118718,119658,126093,130095,141431,149713,156307,162167,171499,182695
1733,46328,49118,50986,55248,60800,67052,71924,81505,87574,98691,115307,118500,123136,130195,142347,146663,155182,162008,172219,181286
1734,46503,49415,51207,55396,60908,67207,71907,80605,91827,110879,116921,119190,124934,131836,140745,147547,156526,162300,173677,180795
1735,46489,48996,50520,54970,60384,67572,72311,80330,87707,97109,115402,117009,124217,128940,140227,146895,153215,162324,173367,180583
1736,45619,48507,50562,54961,60973,67655,71905,80385,98861,109107,114476,117211,122702,127819,137859,146136,154642,160185,172209,179792
1737,46170,48747,50307,55015,60863,67258,75587,79569,90989,99002,114966,117560,122661,130097,139701,143622,153375,159858,172617,179915
1738,45920,48318,50048,55208,60686,67530,71703,79706,90879,109630,115895,116392,122407,129760,139066,145057,152893,161400,171994,179548
1739,46010,48562,50194,54909,60829,67717,72303,80627,106248,100091,116293,118492,122555,130350,137865,145593,152275,160031,171992,179559
1740,45410,47855,50088,54826,60779,67648,75944,82537,91232,105095,115562,117364,123254,129166,136900,144386,152344,159356,172791,179288
1741,44653,47485,49432,54514,61041,67417,71384,87540,88225,101159,113916,116541,121846,127069,136020,143641,151801,159339,172075,179748
1742,44732,47440,49451,54676,61056,67227,73110,79214,88892,111108,114679,116299,123636,127888,138186,144424,152592,160312,172036,180390
1743,44875,47488,49716,54368,61094,68467,73891,87209,107008,102944,113927,116987,124162,128189,136528,144821,152460,162226,171622,179678
1744,45201,47892,49948,55179,60376,68119,71683,78671,92489,101324,116378,118902,125912,130814,137242,146190,151463,159975,172834,180474
1745,44886,47419,49690,54422,59973,68309,69664,95084,86969,95905,114451,116703,123568,127284,138162,144904,153162,160805,172977,180782
1746,44500,47636,49702,54142,59765,67295,87018,83419,89550,107916,113821,115708,122673,128901,139355,143964,153578,161883,172570,179566
1747,44394,46773,49035,53064,59256,66878,71453,80012,96491,108389,112617,114000,122260,127251,136826,144845,152852,162112,173619,180902
1748,43706,46361,48522,53144,58970,68003,70711,79056,88392,97697,107794,117706,122611,126288,138415,144539,150638,161638,173265,180754
1749,43473,46074,48507,53284,58873,67951,71217,80116,103088,106547,111480,116314,122566,126801,136409,144133,153966,161324,173475,180484
1750,43690,46649,48861,53471,59718,68028,71902,89210,89412,107737,110988,116385,122367,126955,136569,145866,152194,160783,172803,180398
1751,43219,45922,48076,53032,59287,67557,73077,78323,85938,100423,109576,113836,121135,125921,137482,144270,152597,161760,173137,179894
1752,43052,45747,47762,52475,58740,67429,72457,80529,102672,105383,111366,115073,122253,125006,139085,144416,153614,160816,172501,179978
1753,43158,45826,48065,55357,60885,67561,70884,99006,88448,104989,109419,115126,120477,124640,138051,146382,154369,161404,173440,180855
1754,42757,45190,48105,55142,61012,67580,70671,85077,101514,104689,109611,114541,119654,124397,138943,145412,154523,161569,172339,180439
1755,43423,45721,47721,55280,60472,68817,71173,82144,87269,103921,108754,113830,119109,124300,139044,143839,154497,161228,173974,181144
1756,43366,46072,48565,54914,60825,69412,77591,83257,101312,105733,110201,115076,120407,124920,136571,145978,153277,161363,172596,180940
1757,42851,45708,47791,55382,61335,67549,74866,80986,88684,104938,107608,114455,118049,125982,138469,144608,153326,161103,173087,181374
1758,44046,46535,48525,55317,62322,68460,72200,81837,93852,96927,111282,114558,120211,126782,137243,143774,154382,161987,173836,181398
1759,43840,46478,47956,55713,62310,67541,72260,81731,92863,103726,108565,114907,120848,124569,139937,145100,152691,161084,172299,181579
1760,43539,46106,47622,55671,61773,68163,71325,79605,88691,102063,107910,113463,121421,129659,138556,145709,154109,160836,173382,181875
1761,43554,45990,47678,55517,61273,68271,72039,82536,100599,102305,108342,113159,118779,128631,140348,146355,154629,160866,173303,181439
1762,43803,46701,47856,55932,62045,68299,74070,82557,87530,102705,108633,114254,122314,125794,141628,147544,154220,161505,172936,180625
1763,43366,45881,47362,55887,62866,68638,73808,80644,100115,103568,108769,113004,118960,126023,140399,147524,152682,162012,173306,180691
1764,43547,46050,47952,56158,62026,69312,74711,83701,90674,103149,107386,114370,120504,126335,140044,146742,152723,161279,173042,181506
1765,43424,45994,48082,55969,61276,68394,73728,82137,101850,105187,110363,114035,120684,126232,138591,145258,154686,160664,172435,181712
1766,43476,46342,48443,56670,61162,69622,73755,91219,89523,105276,110583,116623,118729,125640,139302,144652,153576,161629,173439,181294
1767,43524,46432,48672,56353,62475,70093,71457,82781,88237,103905,110010,114187,121844,129157,139998,147083,154157,160595,173054,181296
1768,43571,46723,49329,56849,61342,70187,71601,84231,101236,105349,110662,117296,120116,128382,139625,144406,152606,161340,172020,181320
1769,43776,46788,49357,56019,61543,68227,71116,82176,91644,105019,108669,116170,120905,124706,137341,146757,154231,161522,172809,181466
1770,44080,47112,49686,56436,61553,69094,70535,79849,89109,105427,107979,114574,121900,125489,136798,147079,154383,161580,172503,180960
1771,44158,46689,49137,56153,58469,68506,71474,80329,102849,106641,110395,114071,119306,124624,138311,146185,153778,161870,172906,181762
1772,43892,46603,48782,55659,58774,67811,75101,87958,88569,105295,107593,113998,119965,124287,137948,145343,153829,161476,172572,182034
1773,43872,46740,48395,55151,58563,68172,71132,81538,89434,103558,109377,114164,118840,123741,138445,146181,153695,160593,173299,180897
1774,44401,46954,48720,55557,60718,67510,74460,82505,102542,105595,110339,113415,121427,126214,135495,145783,153588,161102,173098,181577
1775,44047,46675,48385,55502,61393,67811,71424,78495,88776,105955,109641,113138,123111,128711,137663,146346,153190,161225,173732,181673
1776,44451,46772,48389,55211,60560,67290,74503,98748,88586,105105,108829,113182,119344,125675,140026,145736,153968,161074,172867,181238
1777,43858,46666,48441,55299,60997,67380,70594,78630,100859,101908,108990,112123,118938,124746,139361,146347,154489,161815,172661,181312
1778,43947,46803,48315,54915,60644,68405,81702,79520,85313,101674,107699,112360,118866,125152,138800,144742,153365,160346,172835,181550
1779,43942,46448,48066,55109,61431,67564,72135,80595,100403,104052,108041,112207,119442,127379,137673,143787,153724,161760,173164,181592
1780,43928,46872,48518,55277,61668,68336,71547,81069,85182,101721,108864,112109,119375,125541,139594,146075,154027,160268,173091,181334
1781,44028,47094,48732,55583,61461,68539,71445,99076,99802,103089,107615,111933,118542,125659,139298,145999,153411,161200,173220,180040
1782,44164,46683,48442,54823,60683,68260,71602,82038,100645,103936,108357,111906,119006,125200,136049,145391,154604,160900,172728,181493
1783,43339,46131,47845,54732,60206,67908,72101,81148,88527,102217,106710,111132,119284,124777,139319,147014,154023,161496,172653,181240
1784,43235,46381,47819,53918,59987,67985,71246,78120,87294,100103,107071,110704,117933,126729,139863,144918,153898,161465,172779,180788
1785,42844,46055,47400,53726,59867,67051,70445,82065,95619,101183,107160,110890,118747,124172,139488,146001,154370,161469,172858,181380
1786,43008,46121,47498,53780,60483,67201,87319,81238,98578,102274,107597,112910,118927,125765,138307,145866,155541,161491,172263,181739
1787,42920,46135,47359,53826,60006,66602,71278,81654,87759,99761,107589,112501,118676,126994,138386,145935,153552,161276,173384,180904
1788,42755,45689,47056,53367,59761,66939,71571,80917,96020,102079,106950,112970,118915,124179,138197,146881,153781,161715,172414,181253
1789,42103,45110,46595,52950,59190,66876,72006,94278,95630,99713,106523,112191,118992,126850,136566,146957,153675,160724,173119,181291
1790,42118,45163,46441,53957,59190,68027,71849,82318,97742,101726,106318,112981,118712,125163,139128,145879,154679,161506,173179,181123
1791,42425,45427,47026,54117,60361,69433,73127,81993,86979,103066,108267,112797,119387,126260,136875,145011,153649,161972,173460,181054
1792,42171,44998,46357,53589,59852,66403,71626,81057,96520,102444,107523,111582,120930,127159,138544,145381,153751,161265,173045,180608
1793,41735,44932,46537,52991,59621,67901,69998,83032,96316,100987,108229,111864,120783,124673,139254,146694,153557,161565,173183,181025
1794,42384,45230,46963,54213,60012,67913,73074,83479,87221,102757,109643,115458,119328,123931,136225,147061,155077,161120,173597,180260
1795,42323,45470,47128,53964,60510,66382,74095,79948,97958,102288,108267,113400,117993,127662,139380,145991,151800,160652,173757,180817
1796,41803,44945,46576,53780,59710,66345,71592,80371,92945,100488,105831,112416,120164,126064,139841,145999,152490,161623,173004,180950
1797,41786,44781,46380,53905,59410,66380,70688,94916,95326,100320,105370,114394,118067,124460,139514,147332,153050,161463,173668,181510
1798,41797,44952,46092,53277,59005,67565,71657,77396,87825,100061,105502,112133,118098,127923,139230,144224,154628,161039,172679,181026
1799,41570,44608,46129,53166,59028,67106,74230,79955,96572,99684,106511,111452,119728,127751,139544,146166,153726,161279,173444,181449
1800,116,117,117,117,117,117,118,118,118,118,118,118,118,118,118,118,118,118,118,118
1801,40662,42602,43940,46070,47259,48097,56710,65391,71329,78201,85889,95656,103313,104442,113940,114450,115545,115892,115892,115823
1802,42307,45169,46722,57158,68462,79061,91874,93068,97428,102474,106356,112414,118339,125359,136141,145539,153702,161090,173098,181448
1803,41610,44933,46291,60369,71894,91294,90107,92195,95780,101154,104007,112119,117682,127310,137386,144499,153346,160820,174008,181323
1804,41541,44923,46085,60268,71710,90110,89754,92245,95259,100927,105250,111878,119113,127660,139207,146919,153739,161984,171746,180359
1805,41503,44546,46024,55777,61472,67892,92055,93066,94425,97398,106640,111984,118584,129161,138500,148213,153828,161886,172825,180939
1806,41523,44892,46256,55678,59299,68390,89214,90406,98126,102161,105461,111383,119503,125334,137072,146542,154253,161697,173069,181125
1807,41720,44864,46191,55732,59109,67797,72602,90647,94917,98575,105538,110833,117167,126543,136352,144908,154694,161374,173341,181122
1808,42025,44939,46273,55384,59780,67930,72175,90464,99628,101705,106220,110869,118622,127269,138221,146231,154004,162866,173502,181809
1809,41526,44985,46311,55575,59556,68445,72368,91384,94485,102183,106176,111942,117845,126895,137237,145563,154025,161328,172836,180615
1810,41960,45174,46224,55696,59761,68420,72168,90912,99221,102005,105923,111126,119955,126908,138889,145631,154015,161112,173086,182310
1811,41690,44599,45672,55303,58829,67956,71442,89267,97117,99729,103961,110296,118822,126699,137909,147370,154276,161645,172967,183586
1812,41761,44741,45882,55253,61762,67596,72090,92209,96366,100649,105354,110545,120295,127628,136354,146386,153312,161110,173135,180967
1813,56926,63495,66324,70579,74419,80934,96849,122355,170185,170691,171591,172475,173406,174752,175934,176499,176499,179324,184522,187516
1814,59500,62328,65953,70763,72787,76933,79952,90539,98209,205509,205750,205750,207097,207456,207131,207431,209549,211293,211337,211144
1815,54140,57947,60585,61728,65116,67854,69584,81737,80530,96885,105661,114899,154877,155700,155963,158147,157054,161401,167759,170809
1816,54596,58222,60543,62845,64715,68765,72160,78806,91325,96509,108919,155725,155747,156301,159193,160224,164053,167961,175460,182008
1817,53378,56891,60452,62142,65128,68850,72394,78711,93633,96258,110943,120894,127060,155986,160290,159326,163358,165153,174715,181735
1818,56188,57590,61282,63557,65553,68986,72367,79477,95543,96490,114438,119569,124862,159286,163177,164659,165621,166425,173199,183089
1819,55067,57884,59935,63992,66333,69408,72021,78900,88304,97877,107858,117280,160019,160500,161728,165889,166334,168171,174040,181000
1820,55721,58992,62243,64043,65646,69560,72112,79398,132995,98160,106196,113159,129740,159216,160219,162740,164633,167596,173719,181102
1821,55105,59120,60170,63949,65807,69174,72264,83639,92781,97101,158228,159619,124546,133150,160714,163153,165363,168046,174798,182157
1822,56071,59202,61465,63884,65702,69478,72347,80503,89889,97852,114575,122047,135896,132276,159838,162054,164455,166863,174407,180931
1823,55944,58959,61196,63944,65966,69581,72251,78097,87686,95311,106205,114817,134474,156712,159249,161422,162241,165347,173467,180725
1824,56070,60181,62081,64443,66830,69762,72784,85148,91497,154462,106667,116976,155916,156392,160667,161239,163608,165747,173568,180447
1825,55579,58213,60829,64740,66588,69842,72811,85014,86979,102980,104853,117500,128264,134044,157428,157844,162508,165542,174019,180281
1826,56312,60502,62579,66167,67845,70860,73906,84007,92492,99121,108824,164311,127700,164538,169913,171819,171544,173375,177585,182326
1827,56840,60161,61773,65497,67864,70739,72038,83371,90032,93945,106533,121481,126022,134528,165961,168745,170558,172031,176704,181514
1828,57104,60047,61253,66554,68586,71128,72999,80351,91693,98845,110323,114543,168686,136956,168787,169790,173653,173653,178887,182354
1829,53891,59454,63417,66398,68438,72143,72506,80721,90501,98049,165382,113471,127156,167538,167787,168417,171700,172705,176960,181154
1830,53292,60056,62906,67438,67900,72332,73299,81527,92435,99373,112526,119696,130210,139155,171626,172791,175420,175950,180713,182674
1831,57252,59951,64159,66283,68368,72604,73305,87113,90632,97301,112359,119546,125622,132913,149069,172696,176962,177568,180738,183076
1832,55811,61027,64204,67385,69225,73842,73651,87921,91991,96999,108774,129349,128100,173300,142972,175006,177799,178432,182296,185173
1833,56157,60161,63742,67536,69174,74094,74092,88073,107785,123016,111247,120897,173772,134999,174838,175721,178842,180610,183303,185198
1834,55654,60797,64674,67698,69919,73385,74974,86516,90996,100746,106588,123165,134012,136806,143927,175464,180394,178736,183742,185886
1835,56221,61098,62248,66794,68353,72526,73945,86288,90538,95956,103957,144471,126017,132302,173139,172481,173242,176934,179718,183775
1836,55357,60276,62441,67118,68058,71620,74037,85502,90644,95997,109312,120044,125368,167531,148413,169434,173936,174313,178959,180989
1837,54375,59665,64430,67179,68335,72133,73266,82765,90845,139232,111001,117340,123941,136800,140052,168377,170096,171879,177608,180930
1838,56472,62127,62359,67639,69518,72550,73979,86760,89725,106335,109547,121969,125943,135565,172420,172623,175550,178453,181010,184372
1839,54646,59420,63956,67060,69236,73445,73329,81090,132600,97387,107531,119220,172803,173910,150393,174335,177425,177725,183791,185472
1840,56103,60259,63840,67113,70261,73312,73741,80200,94325,98228,175519,175839,134916,137506,145786,177870,177965,181282,184104,188633
1841,55895,60959,63535,66514,68881,73281,74134,80090,90237,97467,117121,124577,127974,132822,173188,173862,174045,176111,181878,185808
1842,56364,59829,63454,66043,69063,72446,74296,80451,91211,96477,112575,117908,127144,148246,143014,173920,174266,179575,184344,186416
1843,57400,60897,63091,66438,69363,73033,73729,79827,88995,96581,105908,118910,122839,132219,172190,173489,174751,178205,180302,185560
1844,55875,60561,63338,66274,70043,72333,73827,86826,90437,102639,106247,115209,125524,171031,151736,172760,172910,178220,182437,184695
1845,55539,61106,62788,66747,69133,72403,73676,80932,90350,123778,106280,114967,170517,138054,144808,173214,175919,177481,182977,185293
1846,55681,61103,63312,65798,68888,73048,74237,80719,90770,99628,105985,115256,130775,132986,173568,173998,176994,179664,184535,186372
1847,57015,60991,63795,65591,68447,72295,73915,79438,89751,98448,112526,114123,125078,169355,142311,171433,175289,176456,180629,182484
1848,57257,59130,63089,66152,68849,72159,73033,80380,89359,94086,111752,165283,123849,135441,167120,168150,171814,173863,179475,181119
1849,57686,60765,63040,65823,68529,71656,72196,80011,85155,124870,105767,120499,122982,130392,146278,165575,167325,171108,175073,180438
1850,55569,59616,63685,66575,69047,72049,73245,80712,104257,104000,106785,117241,166697,167120,155431,168196,172125,175367,178184,183423
1851,57797,59820,63620,66344,68618,72117,73283,80842,87727,96781,117031,118311,128366,135299,166837,168945,169043,171930,178857,182301
1852,56314,62354,63613,66985,69239,72181,73587,81311,89406,94796,107653,121799,129071,135386,149692,170083,171407,173933,178484,184440
1853,56633,61580,63399,65870,69103,72785,73801,81078,104204,95096,166526,118296,123468,168292,142971,169296,173738,174530,178830,184091
1854,57468,62775,63851,67272,68750,72893,74371,81986,90990,154582,116806,120812,170508,139375,172193,173173,176548,176548,182899,185632
1855,57694,62566,63609,67396,69229,73051,74729,81736,89647,104203,108801,122148,129625,133336,149087,173415,175397,176731,181320,184733
1856,57270,62989,64160,66666,69614,73697,74617,90287,89906,101522,109356,169459,127041,170386,173265,173877,176754,177867,182878,185957
1857,58420,62303,64364,67355,69673,73455,74838,82153,106721,96142,109184,122377,126456,136588,152090,175371,174727,175612,180071,183480
1858,57365,62478,63665,68230,69981,73484,74838,81221,92126,102028,108892,118156,125805,131967,142824,161952,175454,175816,179647,183605
1859,58207,62707,63089,67890,69515,73124,74787,80748,91351,95796,107843,116277,168203,169675,169740,169740,173163,173817,178651,183652
1860,58031,63497,64324,67509,69734,73076,74123,82016,91141,99891,107409,114913,126378,133684,149238,168124,171860,172841,178180,182731
1861,58767,62656,64381,67496,69445,72806,73558,95739,90439,95545,106556,113086,123494,130283,141200,155339,168055,170741,178104,180755
1862,57763,63621,64239,67421,70449,73556,74447,87281,90150,95903,108167,119092,125320,171339,171348,172532,174443,176029,180742,185388
1863,59175,63085,65509,68850,70789,73912,74495,82969,112358,98639,123065,170454,143776,138440,148883,175379,175660,177396,181841,186218
1864,59485,64739,65276,68672,71181,74194,75455,88113,93355,157166,107775,122741,130529,130970,175031,152537,179029,178862,184191,186277
1865,59838,62658,65946,69228,71743,74509,75175,82730,91112,107277,111351,118583,126096,172552,144601,177079,176250,177683,181759,186963
1866,60160,65021,66890,69726,72039,75232,75549,82742,92061,96387,159032,120291,174734,134608,146186,179504,179504,180573,183507,187612
1867,60432,64564,67519,69638,71632,75617,75703,81862,87026,98363,114970,111842,129394,132817,176470,156763,179080,179699,183287,188941
1868,61194,64209,67228,70342,71760,75886,76575,82655,86940,103548,113260,115812,126729,176445,144636,156809,179084,182777,184036,186461
1869,60286,65014,67895,70435,71985,76256,77113,82615,109795,102571,106067,119520,127738,138945,148649,179241,180062,181466,184988,189431
1870,60374,64663,68123,69897,71642,75534,76897,83104,93155,98697,113793,128695,126150,137592,178794,156951,178674,181026,181997,187540
1871,61442,63966,67792,69342,71125,75142,76314,81700,86969,96710,112245,119699,121968,130573,144846,171833,172615,176436,180627,186154
1872,59771,62808,65765,68241,70778,74239,75619,82203,90772,95181,106675,150891,165295,166415,145805,153341,171084,171544,177514,181979
1873,60258,62840,66216,67919,70995,74237,75053,81998,89859,95517,106134,119928,128459,137071,165485,165943,169691,173274,177276,182837
1874,60585,63722,65433,69235,71183,74570,75722,82166,98131,96475,107039,118894,128842,132959,149794,172927,175212,177867,183293,187612
1875,60238,63853,66219,68054,70482,74450,75672,82556,93337,152105,104605,117537,124805,170209,170055,170987,175230,176336,181134,185055
1876,59712,63935,65120,68075,69699,73889,74963,82677,91944,103602,167544,118948,168463,137771,148633,169610,174892,175585,180212,184916
1877,59983,64006,65611,67117,70355,73918,75609,82271,90994,99087,114396,132230,126935,130273,144337,159310,174742,175543,180496,185256
1878,60399,65803,66667,68511,71006,74205,75880,82781,94462,98107,114218,117506,126673,171344,171853,171853,175205,175728,181912,185277
1879,60567,64798,66910,68254,71235,75238,76225,82146,91526,97027,114596,143567,125034,139554,149253,171555,173741,175752,181671,186531
1880,60775,64982,66133,69128,70835,74605,76294,83224,111429,96343,107225,118745,142491,133660,143500,152364,172435,172005,181407,183955
1881,60403,63887,65210,69264,71313,74945,76034,82752,88806,97494,111460,118753,131149,133824,168705,168705,171493,173051,182005,185398
1882,59614,64007,66224,68255,70622,74082,75625,82418,90627,101389,112822,118244,125753,164467,146323,164753,166622,171267,178255,182861
1883,60502,64332,66674,69067,71195,74401,75565,82243,90065,97363,106452,150275,164439,138193,165410,165537,168068,171901,177840,182714
1884,59978,64343,65238,69200,70757,74890,75656,82533,92870,102348,107241,119143,126884,131807,146086,166122,168610,171818,178943,185219
1885,59593,63027,65431,68555,70296,74197,74788,82128,92358,104251,105815,113069,123617,162619,163723,162503,167267,169356,178773,184633
1886,59372,63601,65397,68610,70180,74440,75622,82541,92909,105244,107599,117214,125652,135043,167816,167286,169798,173050,179824,186723
1887,58683,64060,65496,68100,70139,73944,75529,84818,92439,98292,109686,162923,163288,163967,147200,164888,169124,170635,176976,183405
1888,57366,63947,65567,68979,70401,73934,75170,82566,97025,149652,120537,121251,128070,135417,147566,167013,168449,170546,179641,184555
1889,60328,63495,64178,69698,71439,74611,75512,83212,96053,107072,109962,113838,128987,133912,168446,170371,173063,173725,177015,186240
1890,60752,63961,66487,69376,71658,75115,75749,86936,93137,98360,108253,117085,128486,169728,150619,170896,171775,174130,181395,185934
1891,58514,65161,64690,70149,71514,75020,76155,89494,94181,97592,168091,117593,155624,137733,170096,171249,172828,173997,182214,186435
1892,59232,63134,66151,69453,71845,75212,76502,90142,92891,99986,111727,120191,132523,135739,151751,169623,170590,173747,181973,186461
1893,60032,63771,66214,69416,71800,74667,76115,89927,92910,97929,111236,115893,132149,169103,145026,170550,171974,174818,181725,185225
1894,57569,62402,65717,68471,70436,74183,75097,87278,91379,96293,107337,163110,119594,132493,164941,151458,166744,171699,178294,185168
1895,57752,62740,66099,69275,70734,73836,75351,86790,92613,98508,107336,120430,163282,131978,148400,165335,168253,172154,178310,183650
1896,58839,62405,65799,69790,71317,73926,75422,86261,93815,99484,107935,121728,129851,165812,166681,167390,171663,173645,178794,185154
1897,59115,60749,65220,68449,70853,73976,74614,82355,94011,96698,107565,116565,127009,133449,145693,165121,168919,171243,174205,184007
1898,57558,61105,65393,68943,70462,74338,74818,89399,95068,151106,107846,118286,126817,135772,168293,168293,169694,173864,177817,186465
1899,57998,61950,64600,68621,70531,74217,75028,82908,92695,103580,111531,116979,128760,165498,145731,167831,168484,174395,179377,183855
1900,57466,62112,64981,68297,71250,74143,75141,86443,91663,98783,109318,151348,165327,134704,165867,167498,168126,172555,179721,184968
1901,57066,63093,66035,69051,71277,74473,76117,89491,110219,99668,130872,121137,127587,167460,147608,168658,171166,172109,178361,186575
1902,58167,63382,65709,69505,72844,75396,76883,90165,93914,97877,113248,119224,126214,136699,157578,170963,172316,177732,177307,184031
1903,58625,64531,66401,70771,73059,76353,76741,89845,92993,98913,109478,119816,123630,131293,142693,173759,172494,173660,180277,185465
1904,58610,64706,66965,70165,72598,75638,77106,84348,91332,100535,108875,116227,170497,171017,171150,155175,175730,174570,180404,185938
1905,59017,64904,65410,69782,73010,76017,77135,87287,92984,99327,109510,117849,129093,131710,145988,173799,175610,175673,180864,186517
1906,58639,62018,64802,68934,72071,74503,76251,86052,92722,97418,137274,162287,120273,128826,163093,165563,169024,171093,177376,184595
1907,59086,63424,63764,68707,71239,74135,75284,86263,92219,99410,115256,119458,123558,162135,162684,163312,165709,171281,177998,183863
1908,57615,61557,63505,68266,70789,73883,75469,86120,90308,105939,108924,114451,159317,131651,141858,163834,166543,170574,176516,183378
1909,57593,59548,63031,66428,71415,73910,74608,85943,92277,96657,107620,116988,123944,158277,158893,160475,163938,166734,174579,183193
1910,57323,61974,66186,67579,71249,74134,78865,85787,89015,147557,108868,117100,125528,131035,164418,165287,168476,170279,174986,184171
1911,57041,61645,64895,66931,70604,74402,74867,84881,100712,103451,108714,135576,125584,161703,147828,164877,166419,169221,177079,183996
1912,57650,61796,64395,66675,70365,73293,74820,84186,93167,97392,159005,120913,159356,131835,160309,164688,165528,167433,175062,183504
1913,57079,62038,64944,67484,71148,74853,76967,84657,94455,101219,115791,119204,125729,161116,162222,163661,166033,169438,176934,184323
1914,57058,61896,65668,68116,71100,73841,77392,86629,94753,99839,109049,123091,126490,132659,147016,163775,167039,169282,177178,184100
1915,58159,61941,65402,67378,71205,73745,75311,85428,92912,100065,108925,160208,160208,160273,160896,162565,165744,168176,175066,183226
1916,57893,62426,65228,67617,71199,74315,80770,86245,87917,101972,109366,121468,127147,132171,161499,162018,167604,167496,174590,185028
1917,55930,61026,64319,66961,71109,73551,78472,83155,89641,99901,109353,112450,125027,160414,145480,162257,163612,168632,177661,183352
1918,56525,60896,64286,67602,69609,72956,75916,82168,132346,97532,105479,113896,124664,134095,158481,159694,161551,165608,175988,183477
1919,56550,61362,64582,66997,70015,72726,75675,82159,97275,102229,108060,117364,157131,157478,158915,161009,163290,165526,174381,184401
1920,56596,60089,63563,66811,69653,72316,75846,85410,93436,102645,113114,155912,126896,132633,158408,161014,162582,165430,174806,183738
1921,56674,59383,63971,65637,69395,72072,75069,81536,93307,99368,107643,118544,125173,152727,140514,157123,159162,163269,172854,182907
1922,57011,59673,64008,66448,69213,71989,75843,87929,93947,156577,156577,121304,156598,131226,158485,160440,164476,164469,176667,183432
1923,55875,60302,64107,66432,68845,71389,75668,81026,93520,102219,109880,118365,127514,156131,156717,159850,161423,164455,176308,183160
1924,57067,60298,64600,66473,69969,72155,75959,81865,94510,97681,108589,120434,123964,156616,159253,161636,162798,164555,176886,182465
1925,57622,61149,64813,67470,69953,72712,76121,81607,93845,100600,109880,120205,157867,132969,160145,161963,163732,165468,175298,181886
1926,56851,60159,65938,68597,70636,73555,75748,81827,93313,101083,108244,121010,127004,161025,162226,163955,165577,169207,172659,183921
1927,57660,60672,65789,68697,70671,73678,76139,81611,94126,102295,112720,136550,125685,132285,152468,163166,164664,167126,173126,182217
1928,57056,61970,66017,67845,71196,73671,77444,82889,93639,100100,108833,119534,125109,159293,161588,162272,164090,166936,174804,183104
1929,57679,61476,64389,68495,70756,73820,76580,81783,88964,102528,109146,118977,158737,135688,142534,162062,163281,166782,173736,183716
1930,56235,60502,63720,66862,69101,72417,75443,80561,90506,98387,106204,128933,123436,127768,154007,155890,160841,164572,173752,181276
1931,56409,60173,63791,67220,68763,71953,75021,86936,92342,97378,150281,117918,120086,151519,154323,156480,159367,163378,174716,181742
1932,56592,59822,64281,67081,68975,71854,74468,82382,92636,99616,108137,149188,149974,149974,153144,155006,159062,163954,174814,181651
1933,57750,59635,63633,66427,68373,71319,74801,81128,92437,98667,106744,119980,125874,146321,150557,154245,157425,162100,175076,181147
1934,56860,59803,64549,67072,68817,71636,76183,81381,86991,96387,108959,120585,150083,150083,154255,156487,159534,163448,172633,181968
1935,56959,60395,64457,67065,68629,71614,74656,87672,86435,147900,105591,116982,127583,150042,151838,154753,158231,164235,174481,181297
1936,56758,60524,63826,66488,68038,71641,74295,82610,87736,98927,108372,111990,148928,132848,153041,156051,158978,163369,172702,181482
1937,56534,60382,64055,66519,69151,71163,76814,83262,93956,97190,149708,149926,121216,150256,153555,156696,159437,164533,172599,181910
1938,56922,61458,64984,66666,68303,71738,74715,82837,93369,98933,107836,118332,150557,150967,154286,157136,160947,163848,173864,180819
1939,57510,61832,65245,67217,68179,71059,75373,82599,92996,96727,109502,118459,121120,153459,156195,158396,161480,165375,173412,181947
1940,58508,61609,65008,67740,68971,72654,75967,85136,87370,99218,108894,114792,153026,134862,156264,158404,161175,166247,174617,181788
1941,58489,61899,64590,67526,68822,72172,74761,84170,102565,92402,107911,151988,125659,153519,155749,157502,160108,164848,173769,182095
1942,55381,61133,63825,66927,68091,70764,74596,81622,86610,122323,107292,116855,119906,131143,150922,154231,158450,164426,173003,180366
1943,54134,61135,63476,66350,66635,70773,75046,81252,94180,97289,108024,112579,144576,146701,150387,154113,159393,163893,173255,181309
1944,56271,60525,63350,66000,66825,72562,74972,82342,91356,96328,142540,142540,134538,144385,150262,153926,158235,163819,173983,180913
1945,55230,60072,62541,65345,66464,72273,75571,83239,101088,96209,107306,115312,141929,142768,148028,152610,157194,164396,175055,181823
1946,55653,59868,62828,66208,67582,72895,75417,82537,94405,143300,109514,114292,127559,145816,150549,155187,159773,166004,174157,181220
1947,54512,60159,63442,65696,67310,72551,75173,82852,86614,96006,104016,144362,144259,144559,149047,154896,160364,163812,174499,182386
1948,56300,60474,62342,65505,66740,71946,75376,82120,95685,92062,130293,112296,124990,142784,146597,148879,157368,165234,175468,183047
1949,55730,60767,62785,65111,66363,72192,74831,82789,86458,93500,106941,111812,142040,142820,146353,149475,157808,164532,173275,182912
1950,55633,60903,62981,65303,66628,72268,74413,83086,129357,98304,102950,141758,123719,142965,146083,150146,156808,164971,175434,184228
1951,56801,60889,62693,65107,66195,72249,73985,82991,92209,141082,141322,112524,141822,142417,146616,149730,156733,163944,175949,181104
1952,57256,60167,62484,65135,67143,72850,74826,82498,91897,99024,107909,141252,140677,140823,145066,147181,155726,163418,173650,181796
1953,56812,60883,63136,64692,66547,72139,74604,82980,90607,95170,104000,120163,127676,143332,145670,148902,156170,163147,174345,181678
1954,56690,61140,62586,64883,66354,71361,74251,81450,90453,95203,103670,111761,138950,140255,144208,147427,153986,162008,173944,181611
1955,56362,60311,63427,64597,66226,71533,76310,82589,90758,94051,137268,137355,138028,139980,143832,146504,155043,161576,172922,181572
1956,55503,59742,62709,64475,65571,70566,74688,81452,89697,107052,112001,116773,126604,139602,142974,147893,156196,160593,172654,181979
1957,54280,59729,62153,63510,64423,69491,75819,80813,89612,95454,103530,132666,133390,139095,145714,151404,156169,162921,172928,181493
1958,55009,59396,61692,63510,64789,71938,73297,85942,89032,130650,102219,117208,134033,138527,143566,148068,155194,161809,174290,182415
1959,54364,59099,61341,62938,64554,72268,75438,81922,90794,95631,131510,132293,133952,136127,140128,150420,156823,163356,172913,181629
1960,54383,58660,61150,62936,64209,71562,75068,85406,89406,100973,103406,115398,133954,135650,146341,149062,154522,161857,174059,182174
1961,54070,59384,61559,63317,64582,71201,75593,81854,129445,97203,130260,131194,134310,137373,139517,145824,154581,161688,174286,182024
1962,53756,58785,60957,62331,64178,71469,74917,80916,93017,94234,106955,130155,132427,136063,145674,149758,153780,163244,174865,182947
1963,52972,58439,60938,62136,63573,70848,75421,80708,89359,128108,109192,116215,132815,137991,144516,145967,153838,165091,174503,182413
1964,52124,58383,60169,61668,63054,70549,75775,80617,86506,93809,127576,128692,133210,137470,144723,149733,153945,162049,173533,182259
1965,52054,58051,60275,61500,62698,70222,75608,80581,85207,92723,106026,127344,132651,136498,142800,150573,156105,163312,175451,181930
1966,51214,56263,57937,58893,63353,68229,73969,80784,84205,117503,102083,117841,126564,131260,139293,149130,156706,163554,174483,182193
1967,51026,56081,57686,58836,63064,71813,73724,79270,84785,96965,119370,121841,126467,131106,141082,147430,155603,161940,174624,182682
1968,51187,56404,57685,58577,62987,71216,73972,80154,115319,109996,118888,122892,125343,130147,141172,149395,155009,163862,176026,183461
1969,50772,55912,56954,58321,62482,70604,72904,79453,85812,94585,116542,120131,122442,129032,141481,148681,155600,162328,175158,181632
1970,50858,55913,57038,58377,62550,72450,74300,81304,86729,115040,107671,125144,125780,126975,140776,146878,155142,163182,176326,183477
1971,49914,55093,56781,57431,61595,70405,73889,87552,90996,96038,116797,120783,126974,129638,138876,148118,156006,163226,173559,182333
1972,49231,54397,56090,56895,63904,70446,73157,83457,111588,112227,118159,120135,122415,129861,139832,148900,154114,162740,174424,182604
1973,49458,54198,56537,56945,63382,72051,73247,83236,90690,95809,110295,119165,124310,131990,139261,146405,155626,162305,174028,182427
1974,49558,54239,56197,57068,62877,69958,73022,84241,88410,113336,118114,121759,127881,131819,139928,148343,156223,162356,174346,180133
1975,49703,54490,56759,57503,62105,69907,74605,83416,87621,97313,109862,123118,127278,132669,139833,145594,152130,162407,174291,183071
1976,49002,55112,56883,57967,63081,68542,73917,84041,89700,97690,118673,123994,126494,132820,139440,146213,154402,162635,175108,182206
1977,50234,54771,57216,58635,63087,71081,72983,82899,117955,117955,120171,123954,127071,131455,141096,147535,155497,162169,173908,181420
1978,48461,53557,55759,56820,61294,67921,72845,82412,87231,97696,104786,117892,123508,127869,137694,146882,155038,161787,173474,182641
1979,48681,53380,54924,56286,63884,69930,76564,82579,87469,96560,114194,120012,125911,131261,138154,145858,154632,160854,174074,182432
1980,48479,52984,54567,55501,62983,69227,72190,82794,90064,109865,113403,115012,125568,130147,138991,145022,153673,160198,173831,180824
1981,47710,52489,53891,54770,62455,69075,71733,81582,85912,108503,111946,114526,117836,127510,137889,144590,152670,161529,172882,181265
1982,48297,52678,53972,55497,62905,68651,71996,78829,109012,95777,113010,116459,125641,130423,139049,145086,153808,160844,172979,181636
1983,48530,53007,54218,55687,63735,69337,74199,83490,84383,110275,115608,118315,124082,129561,140216,146159,152684,160111,172445,180963
1984,48722,53562,54523,55799,64203,69418,72700,86780,87710,99059,116211,120386,125687,131750,140041,145608,152548,159912,173264,182127
1985,49008,53787,55194,56010,63442,69474,72148,82487,110499,111646,115135,120264,123243,131442,139908,147478,152350,161501,173902,181623
1986,48912,53557,54394,55585,63114,69649,71477,78618,86015,98450,115818,120130,126431,129395,141115,145432,151572,159661,173197,181178
1987,48580,53096,53983,55588,63337,69968,72417,78905,86379,111543,114352,119832,126861,129432,139444,146516,153888,159069,172876,180560
1988,49027,53379,55001,56166,63572,69430,71664,79087,111435,97400,116667,120404,123609,130276,141608,147016,154474,160818,172690,180342
1989,48826,52821,54583,56579,63768,69343,72304,79756,85707,113335,115601,117649,125178,130704,141033,147064,153439,160600,172998,180828
1990,48102,51572,53957,54969,59640,67279,70700,76926,85053,92001,111902,118407,123045,131659,137818,146468,152899,160489,172803,179963
1991,47923,53082,53158,55359,59230,68740,70972,79164,109361,109504,112099,115098,124112,126943,139834,145291,152187,160197,172703,180147
1992,47964,51958,53431,54871,62073,68202,71148,80756,84233,96860,111805,114355,123882,129025,138841,144265,152786,160624,171596,179644
1993,47689,52725,53225,54766,61639,67667,72170,78469,86709,109512,111741,115475,124380,127191,137447,145050,152007,160578,172895,180446
1994,47280,52263,53136,54726,61611,67250,69794,77385,108734,108544,111615,115921,123514,128771,138351,143140,151901,160527,172054,180800
1995,47071,52190,53527,54525,60878,67291,70010,79132,83828,96282,112421,113016,123911,129039,138253,144307,152504,159651,172658,180972
1996,47157,52139,53485,54458,61779,68534,69612,107809,86730,108307,111583,112891,124199,126054,138184,143726,152949,160374,172431,178448
1997,47247,52165,53506,54638,62277,67830,70714,79287,109463,109450,112332,114472,124749,129623,135471,145953,153495,160958,171708,180405
1998,47753,51795,54035,55128,62242,67923,70390,77290,93093,98204,112166,117588,124702,129018,138076,143878,152955,160661,172481,179699
1999,47848,52316,54376,55559,62461,67688,70608,77623,83068,110792,112701,118290,123801,127531,140308,143922,152713,160821,172340,180403
2000,48509,52913,55104,56184,62507,68773,70857,78114,95002,97131,113781,115009,123211,127645,138955,144653,153991,161344,171712,181143
2001,48067,54308,55808,57855,63848,69466,72966,94729,84986,120511,121958,122838,126537,133542,140171,147178,154906,159925,173439,182604
2002,47099,52482,54156,55681,60669,65953,69307,77515,113443,98889,114748,117482,122488,129559,137315,144562,152210,160110,171524,179813
2003,47947,52828,54593,56192,62828,66444,70782,78122,83213,96565,114567,117295,123319,130122,139076,143941,151720,160248,172808,179682
2004,48121,53267,54777,56375,62609,66941,70858,83209,82730,97459,114097,116681,123913,130922,137223,144036,151991,160178,173006,181087
2005,48028,53068,54133,56091,62433,66670,70345,82790,112222,112441,113480,116113,121446,129823,137358,146595,151573,159795,173332,179728
2006,47970,53395,54593,55714,62334,68670,71462,94487,83813,89693,113257,116887,119451,130545,138438,145446,151847,159564,172486,179993
2007,48717,53194,55230,55968,62628,69897,71122,79283,103368,112471,115412,116585,124196,129810,138765,146604,151394,159962,172617,180601
2008,48676,53220,55135,56202,62617,67539,71709,77468,83613,111808,113306,115830,122819,129677,137640,145034,153516,160257,172437,180067
2009,49558,54096,56164,56916,63087,70893,72276,80836,113965,98401,115805,118157,126419,130385,137618,143781,151951,160106,171571,181551
2010,49468,53929,56530,57258,63429,70196,72970,113970,83546,114142,115717,118905,126090,130678,139038,145921,152280,160812,171876,181905
2011,49943,54326,56546,57727,62597,67850,72831,79811,83200,98113,116384,119997,126493,132451,138832,144866,152418,162322,173070,181488
2012,50575,54987,57021,58624,63148,68599,73410,78619,116455,98697,117876,121400,127676,132480,140776,146645,153365,160792,173024,180921
2013,50224,54843,56714,59264,63937,69070,71716,79044,85604,122670,123179,125483,127327,133482,141849,147000,154865,162611,174133,180256
2014,48180,52819,55390,57048,61380,67878,70228,78729,82359,98356,117124,119706,123402,131683,140144,147242,152203,160668,172838,181328
2015,48957,53730,54931,56395,60463,67802,70160,78282,85167,96507,115258,119342,120626,131314,139684,145002,153719,162003,172288,180483
2016,48009,52484,54062,55528,61785,68325,70662,79605,110602,88615,113188,116688,119649,130875,138509,145938,153722,160611,172692,181461
2017,47309,51388,53608,54999,61424,67709,71820,78045,84392,109689,113417,115541,124566,130828,140645,147653,154053,160538,171977,181336
2018,46939,51296,52934,54548,60941,67379,70384,107231,88344,108092,111589,115238,123855,129301,138210,146312,152585,162014,173593,180966
2019,45767,50978,52465,54239,60781,67384,71288,78755,108026,108973,111869,114525,119783,129447,139817,146724,153662,161615,171919,181029
2020,44684,49727,52248,53184,59861,67066,71653,76942,83746,95475,109930,114011,123473,128865,140056,145303,154381,161497,172291,181491
2021,44886,49550,52127,52929,59840,69505,71862,79228,97118,106000,111051,112873,123649,127753,139448,146816,154147,161100,173593,179990
2022,45308,48921,51709,52486,59827,68709,70972,77129,82667,104941,110082,113104,123479,129334,139131,145361,153590,159632,172777,180949
2023,45254,49067,51385,51971,61073,68918,70842,86428,103629,104983,110040,111886,122685,129903,139141,145502,153569,162745,172366,181149
2024,45721,49867,51931,55742,61227,68708,70733,79528,84490,105127,111431,115775,122424,128575,138760,145773,153103,161737,172263,180942
2025,45117,49604,52337,56200,59631,68837,71629,96947,105410,106040,112098,116242,119269,125833,139391,146788,154781,162553,172005,181277
2026,45070,49516,51357,52092,58717,68171,70756,77460,84780,105080,110608,112543,119657,127065,138179,145455,152493,161171,172206,179824
2027,45504,50007,51362,52263,59090,68239,70865,80336,104256,105403,110388,114265,121717,130528,137158,146545,152501,160940,172284,181612
2028,45227,49579,50722,51793,58491,67451,70213,77128,84332,99403,108959,114696,117379,129393,139418,147100,155901,162763,173233,180830
2029,44997,49478,50916,54096,58273,67484,70299,101294,102249,103410,109041,112414,119155,126740,137446,145569,154426,161584,174111,181860
2030,44285,48790,50230,53902,59534,67535,69709,77601,83435,101831,107552,111619,119829,127471,138170,146601,154556,160467,173664,180230
2031,44254,48611,50452,53695,59675,67882,71397,77872,101449,103130,108979,111848,120088,126457,138731,145988,154266,161383,173587,181499
2032,44029,48385,50224,53433,59314,67384,69278,80341,84252,102306,106841,111897,117120,125763,137460,145035,152722,161857,172618,181474
2033,44672,49014,50197,53610,59979,69383,71871,80009,101765,102771,107333,111307,121322,125132,139530,145692,154122,161913,173821,180909
2034,44923,49183,50663,54007,59714,68592,72360,101181,96301,103052,107533,111835,119417,126757,138132,145500,154102,161310,172731,181123
2035,45242,49657,51282,54561,60659,68706,70407,80877,84011,105496,109237,111707,121048,126436,139545,144621,152982,162867,173592,181838
2036,45994,50416,52094,55191,61819,69443,71827,81527,104373,105873,108989,113060,119691,124749,137016,146475,155371,163132,172445,181831
2037,46552,51222,52687,55925,62523,69573,72077,79304,88778,107302,110072,117354,119814,128787,140142,145914,156017,161253,173289,180878
2038,45378,49832,51560,52257,58436,68617,71647,81077,103721,104937,110258,113783,118828,128910,139444,145885,153193,160534,172694,182924
2039,45636,50406,51962,52358,59112,68943,71306,79911,87459,106460,111161,115119,119810,128424,138996,146700,154886,162253,172972,181093
2040,46017,50064,51614,52627,59094,68945,70716,78634,84960,105605,109784,114189,121763,128987,137079,146407,154907,161895,172574,181145
2041,46250,50431,51852,52555,59286,69849,71194,104677,106329,106561,109763,114960,122380,128722,138332,146460,153943,162871,173028,181492
2042,46765,50869,52259,53210,59473,69474,72357,79417,86147,106114,110697,114611,122493,128756,139486,145725,154318,163267,173059,181504
2043,47179,51736,52883,53754,59834,70435,71617,79540,108114,95592,112148,115796,123758,129287,139203,146977,155810,163721,173954,181370
2044,46814,51678,52940,53728,60481,69774,71466,78574,86450,108668,112174,118252,124663,128348,141502,147261,155965,161097,173098,181615
2045,47471,52358,53665,54077,60658,69950,71712,79310,84197,109023,113941,117358,121715,128588,140547,145139,156103,160773,171923,181786
2046,47544,52206,53583,54799,60605,70064,71747,79284,108219,98785,113533,116789,120975,128296,138654,146403,154635,161511,172256,180431
2047,47716,52631,54146,54964,61800,70299,71803,109142,87215,110647,113498,118062,124596,130349,139643,147545,156119,162644,173655,181421
2048,48740,53296,55222,56021,62011,69359,72313,79291,82813,94717,115398,117939,123746,128927,138854,148054,156512,163736,173488,182129
2049,49474,54373,55710,56820,63494,69924,72625,78262,114559,115635,117487,120297,125005,129482,140695,146465,155224,162911,175431,183609
2050,48702,53068,54951,55490,61880,69620,71316,78961,82755,91002,115031,118491,123078,130314,139460,147441,153383,161943,172273,183186
2051,48470,53111,54430,55436,61735,69047,73472,78293,84659,112427,115761,117835,123766,130434,139802,146135,154331,161638,172819,181652
2052,48044,52112,54042,54760,60562,67038,71864,78827,109800,99710,113602,117828,124058,129636,139088,146037,154564,162163,172752,180542
2053,48229,52400,54034,54685,61435,68845,72243,83023,83699,111069,113345,118091,124249,131175,139549,147060,154445,162546,173290,182504
2054,48052,52126,53565,54874,60973,68707,72158,85333,97568,95950,113291,118885,123182,127231,140200,146506,154587,160076,175923,181544
2055,47079,52091,53309,54626,61251,68532,72020,78802,82726,111729,114117,117740,123498,129745,141263,146453,154915,163124,173898,182943
2056,47036,51407,52654,53586,60275,66674,71460,108305,110062,97667,112952,117025,120761,126556,139268,145549,154297,162302,173777,181143
2057,47088,51218,52390,53736,59977,67996,72219,79920,91456,109883,112880,116393,122756,128771,139352,147268,155378,161811,175120,182626
2058,46782,50565,52300,53142,60117,69482,71330,78603,90156,95296,112018,116201,120464,130150,139489,147292,155063,162731,174044,183016
2059,46169,50400,52124,52955,59273,69236,71709,78408,90966,109473,111791,116098,121870,125590,139610,145677,155569,161381,172803,182296
2060,46139,50116,51896,53219,59120,68775,71770,78046,92016,109540,113447,115490,119388,128020,139248,146247,154383,162128,173298,181618
2061,45935,50254,52334,53059,59399,67500,71341,78536,110453,99202,114695,117635,120483,128428,139525,144057,154103,162886,173380,181864
2062,45614,49281,51559,53001,58025,66035,68898,91382,86694,109912,113253,116253,119852,124957,137869,144536,154615,162088,172916,180864
2063,45687,49685,51718,52910,58607,66969,70828,79258,86113,98715,113889,116611,120889,129075,138617,147378,154172,161436,174322,181003
2064,45136,49067,51515,52445,58402,66144,70048,79898,87633,110912,113562,116840,120292,126064,137896,144903,153245,161242,173038,181020
2065,45000,49081,51689,52387,57912,65873,70621,93681,108162,96321,113737,116356,119648,125591,137773,147754,155500,161651,173035,181066
2066,44663,48884,51404,51832,58221,68403,69715,77716,87925,109841,112757,115428,121106,128464,137300,145899,153514,160924,172932,178673
2067,44451,48555,51900,52377,58119,67864,70387,78312,85904,97732,115245,116502,120808,126819,138278,148158,154873,162655,174050,181555
2068,45820,49912,52568,52964,59258,68273,71135,91748,107679,111025,115070,117430,121717,125865,137299,146404,153789,160812,173632,181562
2069,46060,50552,53212,53958,60046,68931,72869,80689,88230,98829,116257,119014,122911,126093,137768,146212,153907,162585,174425,181694
2070,46758,50526,53877,54411,60383,68295,70497,80931,90545,113017,117068,119117,122851,126206,137314,143451,154307,161229,173413,181841
2071,47135,51297,54255,54886,60856,68474,70301,78566,93141,101862,117284,119691,122900,127933,136389,144678,154062,160976,173777,181371
2072,47706,52747,54908,55769,62053,68641,72422,112752,96611,96491,117499,120336,123219,129869,138362,147091,152949,161092,173011,181150
2073,50556,54535,56618,56921,63349,70306,73062,81882,85730,120219,123709,125183,128145,131122,137091,147054,152469,161924,173521,182197
2074,49879,54046,55738,56443,60990,67920,71040,79922,118905,95049,122494,125062,127760,129324,137103,147141,153882,161390,172154,181498
2075,51544,55061,56565,57642,61509,68291,72381,80050,87308,94902,123793,125798,129941,133623,136712,144731,153931,161939,174261,181751
2076,50443,54589,56816,57551,61682,67988,71906,79952,85634,121830,124900,126610,128558,130369,138846,144277,154232,162443,173507,181488
2077,50596,54506,56797,57830,62105,68461,71685,81464,85545,98612,124845,126850,128820,132303,139748,144589,155200,162623,173677,181077
2078,50910,54855,56943,57791,61971,68222,72320,81934,119767,93577,124038,126503,127875,130488,139330,144548,154709,161983,173443,181241
2079,51700,56004,57360,58532,62303,69095,72960,82433,85990,123058,126102,125985,131593,132719,139646,146685,153773,162048,172857,181932
2080,51186,55520,57836,58949,62399,69520,73680,81459,88908,96905,123639,125280,129749,131313,138726,145913,154759,162058,173428,181749
2081,52030,56661,58868,59552,63395,70258,74756,82307,86762,101306,126844,129111,131862,133024,140633,146662,152023,162665,173621,181461
2082,52999,56870,58841,59586,63487,69409,74990,82185,91290,97352,126882,129693,130946,133595,139482,146096,152579,162759,174207,182130
2083,53146,57361,59258,59776,63823,71052,75894,82432,87574,126979,127939,129748,132710,134044,141630,146475,156150,163300,174347,180913
2084,53868,57668,59750,60150,61832,68887,76003,82149,127447,103846,109756,131539,133616,135963,142708,146649,156213,162800,174187,181846
2085,54305,58482,60010,61445,62850,69905,77689,83374,88875,106432,107189,134644,137886,138872,145287,147720,152193,162605,173922,182612
2086,53927,57191,59053,60535,62332,69165,74462,81063,86378,98919,130402,131101,135934,137601,141985,147804,154629,164125,174608,182196
2087,54293,58237,59603,60429,62685,70438,76033,81155,87191,99430,107630,131903,135818,138333,143929,149971,156871,163879,174699,182599
2088,54175,57913,58961,60701,62119,68867,75101,81029,86292,92338,110461,129638,134189,135759,140089,150149,153477,162661,172747,182186
2089,54057,57916,59393,60551,61888,68995,74417,103741,86605,92728,107296,129102,133378,136778,142149,147507,153390,162278,172670,182318
2090,53081,57546,58908,60606,61495,69710,75014,82032,125014,126003,127193,128571,133105,136193,142768,148606,155597,160375,173455,181010
2091,53670,57697,59117,60618,64068,69445,73869,82634,87449,94059,109819,131230,132941,135723,142732,148461,153288,162550,174126,181895
2092,53471,57334,58784,59849,63417,70034,75318,81665,88110,99309,105679,128556,130619,133053,140541,145821,155646,162552,173586,181326
2093,53046,57578,59228,60105,63628,71597,74704,83159,87689,123119,125828,129118,130796,135712,140566,146413,154596,163121,173992,181059
2094,53552,57247,59098,59902,63544,71687,74873,82150,87033,101369,108726,128381,129903,132607,140651,147793,156006,162046,173742,182732
2095,53368,57159,59271,59740,63423,70906,74952,82586,88285,92330,124090,127556,129038,132029,140841,148175,155366,162621,173589,181888
2096,52748,56293,58743,59637,63264,71169,75369,81877,120348,91773,104298,127172,127963,131428,140123,147360,153850,162543,173789,181687
2097,53395,57579,59295,60548,64213,71903,75256,81807,86819,126996,128043,131408,131991,135459,141938,143698,155868,162880,173077,182720
2098,52367,56069,58407,59727,63843,70206,74951,81920,92623,93106,108158,127873,130917,133451,138916,147693,156596,160565,173750,182375
2099,52148,56167,58637,59807,63794,72621,76493,82412,91075,102819,107326,129918,131220,136060,139073,146999,157310,162832,173311,182621
2100,116,117,117,117,117,117,118,118,118,118,118,118,118,118,118,118,118,118,118,118
2101,52534,54123,55727,58550,60494,61826,70453,80476,86249,93428,104245,112754,119861,126240,136606,142044,144454,146044,151686,151780
2102,51213,55106,56707,62506,69984,83273,96862,116639,118035,117472,121831,124493,126311,129863,140480,147895,153021,162675,173949,181185
2103,51121,54208,56221,62761,75189,89188,105651,117664,118382,118899,121142,124382,127288,129734,139710,147655,155052,161263,173770,182735
2104,50785,54731,56144,57848,73954,87909,103872,115765,116921,117259,119286,124473,126876,131147,137815,145966,154161,160360,173350,181857
2105,51188,55194,55751,57814,64014,72885,76554,83035,117109,117654,120170,124989,127896,132894,138585,147642,153688,161958,173595,181522
2106,50806,54323,55815,57937,61568,68110,75706,85924,116790,117494,119911,125102,127311,131431,137085,148409,155736,161914,174775,182131
2107,50815,54772,56519,57458,61676,67738,74902,82664,87382,118015,119854,123854,127515,130902,139890,148737,153141,162502,173761,181684
2108,49950,53407,55119,57363,60776,67261,75918,82364,86278,116168,117900,121917,125015,128304,141126,146766,152744,162108,172526,181229
2109,49734,53661,54945,57219,60441,67762,75239,82397,91640,118212,122171,124475,127016,129623,139357,144179,154274,162219,172537,181714
2110,48334,52048,53267,54882,58326,65606,73644,81336,86927,96209,115758,121912,122147,130013,138324,146217,154178,160955,171923,181012
2111,48116,51505,53033,54330,61630,67662,73764,81188,103656,111493,116518,119306,122146,128831,138893,147457,155113,160558,173069,182265
2112,47207,50949,52189,53513,61595,67350,73137,80971,85461,109899,115028,116631,123232,128867,138376,146109,153122,162527,173910,181344
2113,47144,50819,52014,53262,61206,67301,72509,86105,85567,92758,113806,118533,122628,126278,139786,147103,153140,161022,174244,181366
2114,45863,49582,51005,51947,58867,66084,71449,85099,104798,105738,109643,114080,121696,129280,138388,148542,154163,162039,173295,180431
2115,46135,49441,50849,51878,59083,70287,72005,80128,89423,104474,109938,116618,122799,128778,138866,144580,153459,161338,172619,180751
2116,45177,49153,50132,54200,60667,69760,71206,80701,98628,102353,105716,115094,119061,125354,135866,143906,153824,161265,173406,180540
2117,45272,48830,50507,54286,60473,69832,74446,78730,89960,102631,109445,112888,121234,125524,136024,146458,153092,160234,172670,181082
2118,45147,49043,50296,54446,60133,69340,74036,78682,87088,106110,108504,112387,118500,124820,137113,145968,152257,161345,173345,180652
2119,45545,49345,50006,53984,60467,71723,72370,100082,100206,102809,110384,112499,122116,126649,136745,144356,151671,160136,172457,181785
2120,45894,49490,50584,54448,60894,69988,72439,87093,99146,102906,111180,113627,122210,128593,139292,144249,152620,161259,173014,181162
2121,46462,50024,50896,55484,63034,69411,74244,80127,91380,108654,110487,116146,123541,127474,137435,144452,152152,161924,173317,180812
2122,46235,50259,51212,55091,62512,67735,72623,79106,89792,102733,111176,117065,118417,127545,136535,145066,151994,160986,172154,179564
2123,46487,50505,50851,55363,63054,69823,72983,80001,102946,103714,112321,116418,122308,127126,137440,143947,151637,161209,173336,181234
2124,45877,50092,51095,55085,62611,70082,72483,79066,84615,102855,110310,113599,122306,126323,137267,143899,153998,161633,173418,180845
2125,45978,49728,50227,54991,62836,67645,70622,77977,101366,102415,110684,113677,120405,125745,138568,144752,151845,160985,173487,181247
2126,45719,49606,50256,55093,62309,67949,72556,99900,86374,103332,109333,113950,121006,125356,139234,144592,152077,161700,172840,182046
2127,46079,49818,50664,55413,62398,68311,72295,80142,101457,106588,107647,115082,118489,126853,137806,145915,153952,160128,172672,181201
2128,45899,49490,50337,55311,62207,68329,71303,79802,85919,107405,110161,117545,118777,127793,137955,143884,153754,162339,172774,181177
2129,46593,50461,51145,55687,62723,69645,73267,78444,104488,107606,112132,114817,122687,124508,138088,144778,153853,160279,173694,181000
2130,46357,50147,50690,55547,62271,69293,71513,78661,84918,105829,110770,116675,122085,127866,137757,144126,153469,161787,173696,180910
2131,46692,50442,51777,55795,63016,69796,72132,100852,84744,96421,111899,112170,122804,127582,137241,145113,154702,161666,173705,180623
2132,46903,50725,51692,55985,62991,69166,72333,81403,104683,102219,110286,115321,116731,124566,137166,146322,154257,161211,172999,180833
2133,47739,51710,52864,56812,64143,70789,73602,80217,87106,109273,114038,118078,124633,127311,136659,144887,153983,161657,172130,181573
2134,47853,51970,52747,53147,61274,70258,73302,82599,104207,109882,113581,116462,124696,124904,136978,146098,153509,160029,172887,181356
2135,47958,52563,53790,53969,61641,71446,73240,80768,85220,100337,115320,117486,121405,130190,138702,146307,152031,161569,172909,181871
2136,47760,51667,53401,53688,61545,70843,73392,82948,108847,110562,113954,118052,119019,129383,138685,146184,152474,160301,174133,180841
2137,47432,51597,53043,53620,61356,70724,73401,80266,84768,92349,114360,117241,124593,128608,138095,145908,154522,161177,173457,180166
2138,46231,50329,52107,52561,60404,69370,72472,79399,85310,108825,113085,116125,123753,123836,136781,144079,153295,161600,172713,181629
2139,47117,51388,52210,52503,60372,69872,73295,103887,106996,108541,113651,116955,118750,130055,138993,145504,153621,160036,173619,181139
2140,46653,50837,51941,52295,59806,70050,73123,78729,86265,92296,111761,115641,123810,128551,136416,145885,154046,159856,173338,181701
2141,47373,51545,52699,53165,60259,69789,73050,80070,84029,107864,113347,116852,119248,129391,136909,144284,153523,160661,173984,181176
2142,47607,51398,52447,53048,60479,71655,73254,79476,104206,108883,113822,119430,121183,125608,137022,144786,152431,161293,171885,181609
2143,47509,51646,52760,53324,60845,71309,72577,83356,87500,109149,113007,116494,121691,129577,139023,144830,152117,161189,173361,180937
2144,47667,51823,52894,53203,60707,69921,72279,78998,106009,96129,112871,115202,120006,130305,138730,144796,152918,159724,172975,180883
2145,48540,52454,53811,54229,61661,72061,72378,82445,93224,109115,113506,118747,124483,130793,136397,145092,153464,160283,173568,179962
2146,47801,51602,53490,53975,61265,72246,74519,80653,87300,104138,113646,115576,118409,129663,140834,146113,152420,159560,172180,181044
2147,48251,52746,54185,54587,62116,71326,73528,97269,91992,106293,116847,117477,124838,131394,139211,144878,153711,161389,172508,180950
2148,48071,52243,53788,54420,62579,71256,72678,78605,91723,98567,114075,116726,124862,125177,137227,145644,153463,158645,171978,180124
2149,48018,52043,53924,54160,61906,71612,73595,79686,109158,110735,114658,117396,119302,125484,137937,145255,153926,161848,172930,181304
2150,47321,51111,52883,53395,61585,72079,73793,78243,84054,100008,112809,115955,124124,129848,137740,146158,153163,160801,172709,180834
2151,48231,51934,53236,54052,62113,71151,73693,88831,86921,109456,113878,117006,120040,129747,138587,146555,153994,161927,172694,179922
2152,48324,51740,53004,54143,61887,69938,76905,80262,106939,90407,112284,115322,123902,127830,139157,146037,153892,160942,173201,180486
2153,48886,52613,54348,55359,63977,71613,75147,78960,85820,111052,115257,118836,120879,126595,139370,146113,152879,162084,172668,180499
2154,48932,52681,54053,54961,62414,70317,75565,107027,92628,110216,116091,117486,124513,130312,140182,146879,154315,161288,172812,181122
2155,49062,52946,53891,55226,62689,70110,74928,81811,90798,99210,114288,121090,125037,130591,139484,146257,153867,160662,173620,180285
2156,48839,52832,54139,55014,63048,70027,72378,82921,108677,110724,115631,118205,126073,129930,139815,145447,153219,161505,173059,180522
2157,49509,53472,54785,55628,63185,72126,75950,86506,93047,92501,117485,121696,126244,133574,140152,148663,155943,161249,174159,180811
2158,48588,52667,53991,55293,63136,70658,75277,81545,88725,110470,116212,118883,124582,126960,141757,146681,155312,163138,172637,180938
2159,49315,53362,54571,55402,63452,72167,74797,82980,85072,111104,117459,119452,124114,131636,141089,147001,156251,163197,174215,181448
2160,48322,52118,53848,54728,62685,70863,73007,79394,109797,96125,115846,117676,121727,130584,140488,147370,154360,161957,173543,180804
2161,54450,58770,59809,60748,67215,72831,77930,83485,89086,121097,123851,125064,127021,129469,140722,148548,155883,161609,174245,182264
2162,51099,57200,59614,62093,66440,71753,80614,90066,94621,115817,156001,159314,161062,164366,169908,171888,175966,180463,185538,192156
2163,39331,43240,45550,48953,49361,55505,65634,70562,79564,87418,113914,115890,119881,122340,134584,138180,147611,149426,161692,176216
2164,40000,43879,45905,49518,55888,62540,72266,81954,110454,95616,116116,121752,128065,135721,143152,150723,156686,166463,176906,188348
2165,40994,44403,46357,51336,55504,63213,75401,84206,90429,98141,117284,122721,128824,135097,146607,152163,159613,166196,179542,186887
2166,40327,44762,46508,49384,55415,63188,74952,85068,88488,112477,117604,122482,128807,135635,143934,150071,159256,169626,179967,184987
2167,40921,45406,47308,50036,54772,64289,75237,87657,89587,101186,121841,125094,130085,136429,146501,150302,160741,168505,177106,188151
2168,40642,45058,47304,50095,55013,63596,71452,81912,92182,96630,120785,121423,128103,133880,145069,148841,159181,168545,180646,185774
2169,41211,45235,47850,49850,54839,63525,73905,81816,114939,115520,120543,122098,130657,132709,145771,149389,158919,165841,181368,189210
2170,41125,45404,47921,49949,55961,63201,72050,82020,90402,100596,120056,123039,127151,134547,146294,150794,158104,165510,178555,186128
2171,41743,45952,48199,51371,56646,64593,73542,82099,88851,97619,120904,124254,130768,133690,146401,150487,159365,164896,180043,187496
2172,41432,46322,48684,51788,55960,65369,73561,84361,88926,116284,121355,124607,128522,136082,144778,151967,159120,167643,177814,187757
2173,42688,46889,49211,51659,58752,65656,74379,84159,90318,102950,125097,126538,130371,135256,146801,151398,159632,165655,179518,185587
2174,42153,47562,49853,51702,59315,65710,75465,85393,90812,98656,123628,128106,132715,137373,144136,152696,161222,165730,179660,188409
2175,42905,47497,50037,52309,58131,65826,73301,85037,92542,107175,111833,129270,133253,135478,144641,153559,161866,167179,178646,188507
2176,42261,46760,49144,52068,58690,63903,75166,85329,101620,98552,108045,128297,132833,135311,143915,152078,159947,166282,177850,188188
2177,42664,47312,49598,51814,58272,65496,72673,82752,91285,121181,122927,128511,131614,134389,144490,152921,160546,167612,178826,188669
2178,40907,46061,48466,50464,55923,63564,72656,83735,87423,96493,112047,123183,128660,133921,143547,151098,158571,165347,174793,186223
2179,42356,47252,49542,51339,58162,67305,73419,85866,119510,97581,111846,126633,129402,135276,143840,152341,159386,166523,179042,187226
2180,42122,46328,48430,51034,56308,64227,75149,83685,89261,104699,110005,123510,127849,131993,143018,151067,159153,165920,178096,188396
2181,41476,46747,49144,50930,56686,66568,73183,84101,89455,104574,120167,124831,128070,133559,143268,152256,159083,166081,178413,186528
2182,41477,45855,47593,50234,55130,63575,73040,82064,87854,96505,108738,120593,127266,133073,141819,148911,157077,166033,176403,188183
2183,41565,45881,47954,50337,55785,63517,73809,83617,88965,114485,120614,121998,127731,131598,143386,150450,156628,167580,178718,186321
2184,41387,45212,47393,49956,54967,63204,71580,81678,88479,98853,109173,118856,125984,132881,142865,150809,158016,166636,178595,185917
2185,41058,45234,47344,49711,55221,64360,71611,85035,104829,114083,118266,124133,127308,132925,144045,152076,159157,166665,178676,185589
2186,41263,45244,47005,49025,55180,64410,74576,81801,91701,99799,110621,121051,127868,135310,144011,150053,158617,167225,178456,189600
2187,41272,45262,47006,49453,55331,63751,75846,81780,88534,97218,119287,121336,126927,133993,143685,150397,158040,167264,180624,190323
2188,40652,44605,46475,49192,54303,64154,70866,82193,86945,111821,112207,118735,127613,132299,144727,149394,157620,168735,177491,185115
2189,41411,45898,47467,51681,54732,69156,73678,84073,113075,99738,117280,123958,129610,134055,143485,152031,159942,165747,179060,185685
2190,41218,45471,47614,48929,55825,68974,72905,81659,92266,107844,110809,120713,128906,134190,143376,150572,158055,165219,177445,187862
2191,41915,45768,47781,50152,56192,68507,74053,85030,88818,100166,120152,121771,128693,133516,144246,150201,159638,167129,177297,186483
2192,41912,45209,47973,50035,56371,69361,73355,82521,88939,104747,111872,121335,125685,135805,142500,150246,157057,168252,177842,188684
2193,41224,46586,47611,49353,56028,71129,74448,85961,88236,105967,112618,124271,128945,132016,143631,150930,159130,165480,178491,185976
2194,42233,45397,48050,49733,55752,72242,74384,83457,104954,94831,118817,121805,128414,132588,143416,149978,158172,166748,176563,187094
2195,42199,46293,48243,50946,56573,70538,75416,83462,90596,116923,114179,124033,129676,134021,146038,150220,158472,168764,181349,188150
2196,41903,46835,48470,51137,57030,66901,74754,82309,90377,97131,112080,124535,130498,135146,141854,150737,160682,170581,179536,186850
2197,42725,46978,49109,51686,58330,69717,74299,85029,92115,121071,113996,128935,134301,138085,144570,152100,159713,166612,179106,186464
2198,42525,46852,48994,51780,59364,68832,74323,83412,89618,98795,107979,128121,134317,134422,144275,150178,159593,166782,178583,185348
2199,42908,47292,49547,51631,59932,69523,74275,83393,121045,100140,125010,130101,135300,134860,145162,149729,160160,166635,180422,187744
2200,42757,47263,49337,51702,59582,69587,75123,85303,92811,99848,108317,129148,133774,134253,146571,149628,159007,165995,181136,189174
2201,42727,47275,49836,51717,58523,69945,73631,85037,90683,99025,124464,129150,134492,134804,146430,151956,159209,167568,180100,185442
2202,43090,47977,49761,51378,57406,66081,72990,84257,89338,120592,112724,126927,131519,136437,144324,151449,159296,167077,177745,188332
2203,42904,48387,50506,51442,57931,66803,73950,84411,91271,98660,112537,129524,132935,137321,145921,152192,158086,168361,179382,185602
2204,43209,47745,50405,51037,57580,66574,72668,84323,91005,98851,107216,129331,132434,134773,144194,152302,160742,166192,181874,188068
2205,43573,48072,50331,51068,57317,65887,72512,83960,91153,100704,123206,127775,132060,134544,144640,150617,160359,165526,177888,188269
2206,43253,48048,50167,50854,57404,66299,73171,85173,90192,120131,112367,127085,130877,133666,144555,151888,158963,169615,179004,189100
2207,43132,47929,51391,51499,58572,69850,75368,86436,92131,102794,113542,129130,133495,134868,143504,152790,159802,166234,182843,186953
2208,42770,47588,50603,51309,58800,70035,71706,85764,90426,101530,107466,128407,131864,133750,144922,151394,160487,166951,178514,187573
2209,43438,48099,50753,51663,59383,68198,73416,87732,93382,99843,124856,131602,135484,137226,144211,151976,159730,165834,179331,185013
2210,43352,48209,51307,52430,57759,65472,73407,84766,93797,97856,111070,131694,135949,137408,144325,151387,161248,165676,179059,186967
2211,43678,48608,50727,52586,58734,63997,73250,84039,93535,112006,110186,131054,132376,136503,144733,152142,161183,168234,180348,186570
2212,43160,48110,50916,52254,58712,64148,70887,83045,95043,98811,123351,129732,133783,135147,146487,150549,160755,165588,176010,189294
2213,43341,48360,51141,52139,58546,66136,72665,84864,90314,98175,107977,128802,132938,134424,145403,151811,160115,166427,178931,184974
2214,43428,48079,50859,52428,58640,66559,73083,87494,119061,119798,122670,128059,132702,134555,143319,153093,160692,166054,177002,185376
2215,43336,47888,50374,51894,58353,66881,76467,84654,90782,100539,113644,126704,132301,134103,145862,152668,161748,167863,178158,184767
2216,43662,47512,49806,51712,58673,67678,72800,85198,89737,98519,114003,127628,131947,134132,145510,153483,161238,165272,176302,184980
2217,43989,47776,50702,52141,59458,68665,75433,86099,90989,100496,112845,126398,131775,133969,145031,152875,159819,167168,177610,185037
2218,43181,47993,50642,51878,58826,67142,75957,85206,89859,121539,108662,127085,131612,134201,144776,152840,161291,166008,176136,186719
2219,44082,49039,51828,52562,60960,67882,75791,85285,91756,99189,125145,130966,134438,135877,144369,150698,159976,168087,176393,187281
2220,43851,48557,51763,53323,60782,68168,78014,83855,90442,98877,110201,131038,134314,136146,145083,151927,158819,165972,177810,185421
2221,44082,49208,51710,53404,60978,66253,73171,86105,91270,101159,109805,133546,136103,138186,144437,151851,159171,166637,178109,186029
2222,44388,49485,51594,53636,58652,67154,71126,81342,90124,101632,120134,134084,134825,137496,144305,152822,160194,168486,179880,186216
2223,44024,48888,50567,53379,58422,69552,71206,81349,121986,104976,111042,133595,135132,138021,144607,153125,159853,167198,180706,185874
2224,44394,48963,52040,53847,58051,65870,70355,85034,94589,101826,109411,132528,132955,137365,146407,152368,159559,166246,177150,186671
2225,43969,48695,51917,53292,57964,65165,70972,86318,92035,124084,128128,132478,132619,137521,144494,151079,159753,166033,176800,184810
2226,43572,48581,51701,52915,57773,64931,70957,84428,91631,101769,111556,120205,132029,136621,145767,150428,157117,165533,179061,184023
2227,43927,48935,51975,53197,58155,66509,71753,86593,91211,100496,114436,121729,133349,137564,146639,151177,158614,165483,177820,184705
2228,43545,48276,51816,53331,57459,65589,70886,84500,87919,101069,110080,129874,130304,135511,144257,149874,159363,165372,178598,189090
2229,43614,48394,52034,53159,60979,65546,74901,86087,91154,98436,108112,120387,134179,135710,144285,149958,158589,166125,176266,186609
2230,43394,48203,51590,53033,59434,65556,75284,80161,89737,98241,124345,128778,133184,134746,144697,148988,157085,168211,178003,185317
2231,44117,49167,50507,53047,61711,65746,74619,81905,91693,121629,110862,120336,134554,135416,144230,150704,157814,165118,176141,186888
2232,43750,47928,50206,53491,59885,65438,71314,84376,92436,100029,111977,131842,133195,135375,143257,150462,156925,166762,179745,185844
2233,43966,49229,50635,53733,58553,64926,71699,83572,92461,99331,129174,120995,136062,137801,145221,151895,160517,164605,176573,183487
2234,44609,49437,51768,53262,58474,67749,72063,84505,90694,96151,109830,117022,135261,137639,143782,152831,161000,164084,177573,185407
2235,44560,49498,50437,53114,58248,68208,72141,85332,91645,124493,110169,129263,133390,137328,143427,151053,160881,166457,180844,184937
2236,43659,48531,51514,53212,58094,64704,72798,85291,111658,100470,112096,132327,132650,136956,143266,151324,160509,164782,179697,186185
2237,43824,48489,51212,52814,58102,66692,75719,84264,91365,97005,110061,118960,132114,137189,143610,151376,158560,163140,174335,185620
2238,44347,49112,51140,53117,57526,64756,75337,83495,89561,98710,124689,129227,130540,133499,143427,150781,156618,164209,177805,185708
2239,45183,49582,51825,53429,61047,68614,73808,87140,90506,100732,114269,118456,135154,136567,143884,152295,159703,166315,178434,186451
2240,44865,49623,51901,53216,59640,65007,74038,80884,90436,123176,109193,129514,130560,134244,142968,150789,158338,163746,174101,184931
2241,44895,49129,52036,53217,59471,64425,73357,82813,90029,99460,109580,123372,133441,135437,143220,150939,157936,165965,176756,186439
2242,43451,48095,49607,52486,58391,63555,71469,83938,92372,96434,119830,124027,127723,131493,142918,148383,158225,162922,178762,185237
2243,44778,48189,50463,53629,59270,67790,72858,84736,118679,99970,112295,127094,130545,135341,142860,150959,157564,164499,175527,186082
2244,44489,49250,50591,53211,60157,68481,72845,84140,91206,98159,112392,127798,130694,132618,143188,148767,157361,164764,176328,183305
2245,45596,49403,51518,54099,60491,69087,73323,85894,89504,123628,126290,119851,132987,134848,145295,150474,157759,164081,175444,186500
2246,45565,50281,52147,54972,58774,65290,71718,84168,88858,98251,108813,131215,131840,135391,144884,150332,158636,166883,178231,184761
2247,45672,50032,51893,54127,59417,66014,73031,80636,89411,98134,110298,121387,133733,136388,145879,151264,157612,163674,177696,184301
2248,43783,48670,50993,54396,58027,64723,71530,82460,87871,94527,119094,119308,129982,134551,144072,149471,155168,164272,175283,183307
2249,46115,49959,52698,54921,59555,66175,75850,85747,90141,124979,110792,132039,135046,137198,144694,150321,156905,163877,175642,185819
2250,44825,49046,51696,54357,58416,65714,74023,81464,121468,95950,106061,119602,129970,133203,143923,148557,154724,162662,176081,182241
2251,46366,51137,52443,54785,59463,66238,77460,84980,92114,97600,127082,132901,135942,136885,144658,150608,157791,167099,175659,183774
2252,45383,49525,52513,54964,58783,65837,77609,86404,88723,124460,109156,120286,132671,135126,143898,149235,156621,161792,176668,185406
2253,46949,50859,53255,55332,60083,66405,75465,85222,90293,99312,127940,133022,134154,137357,145917,150071,157676,164646,174413,183100
2254,45569,50378,52677,55729,59149,67036,74284,83615,90368,95545,109731,122036,132378,138756,145839,149218,155787,163016,176513,183328
2255,49408,53316,55081,58031,62283,67123,74240,86124,90558,97602,110774,122615,137903,140837,147261,150775,158922,165778,174952,184359
2256,47466,50820,55369,57390,59460,66518,76663,86605,88728,128776,106720,115813,135783,136923,144790,151025,158509,164624,174628,184498
2257,47996,52381,56288,58414,60093,67367,77847,87046,92506,99492,139949,138927,143582,144764,151142,152999,160433,168756,178053,185418
2258,47573,52228,55685,59064,59838,66992,70766,87850,90925,97173,110640,118229,142537,145077,147552,152346,159145,167203,175586,186681
2259,48879,52511,55652,59193,60511,67328,75674,86321,101266,96991,111354,129356,146129,146276,151356,156393,161020,168991,177505,185918
2260,47050,52737,55955,59680,60875,66656,72016,85458,89672,96587,109716,115929,140256,145265,148668,152106,159969,165788,179874,187472
2261,49069,53398,57620,58886,62247,69437,77240,88274,91002,140020,110741,144994,149315,148938,153099,154615,159664,167570,178531,185408
2262,49461,53664,56530,59498,61338,67020,74200,83220,94581,97000,107205,119104,141951,145559,148128,151562,158656,167126,176589,182338
2263,49682,54753,58317,60098,63549,68421,76916,90356,91655,99889,146730,117110,147741,151447,155816,155844,160937,168023,177727,184531
2264,50203,54154,57167,59100,62226,67706,80679,87352,109520,95458,109447,115124,145138,148521,151217,153102,160779,166743,179569,184876
2265,51841,55170,58629,60642,64137,67332,75372,86460,93659,97221,108870,148184,148691,152568,153662,157757,162496,167547,178989,184488
2266,50198,54119,57611,60242,62878,68096,79282,89525,92865,100003,109480,116471,146310,147333,152440,155395,158139,167829,177670,185383
2267,51219,56008,59547,60582,64893,68451,79743,90333,90670,99566,110380,121138,151798,155552,156222,160738,163105,169472,181822,184838
2268,51727,56071,58117,60764,64320,68649,74789,86191,94968,143225,107330,119329,148838,148775,154507,156898,163093,168348,178735,184968
2269,52443,56293,58889,59591,64846,69067,76941,91676,97869,102499,107653,157433,157810,158831,163535,166615,168983,173985,183400,190208
2270,52040,56211,57845,58913,66114,68071,73458,90391,95751,100810,154401,120004,126812,155842,159832,163027,167687,172103,181228,189454
2271,51320,55886,55429,60587,66127,70016,80322,90725,97931,103251,113955,117800,130799,160038,164534,166685,170099,173414,183291,191004
2272,51758,55834,57781,59753,67316,67719,75158,85143,90581,103302,110027,115701,131975,156807,158496,164414,167522,173110,179192,187995
2273,52616,56933,55610,62877,65923,71248,77610,85399,92954,104700,112033,119762,161074,161620,165743,166596,170719,173568,184668,191644
2274,51641,55926,58583,59513,66288,67881,72764,84992,90646,101500,110001,117686,129568,157120,158777,165303,168535,171883,181177,186239
2275,53645,57981,59256,63354,67209,70796,78349,87150,92457,104487,111299,162925,131909,163988,168134,169153,172997,175761,184019,191915
2276,53346,56687,60073,61363,66492,69701,73619,86188,89991,103271,110669,123332,125200,162238,164950,168917,170381,174191,183280,188669
2277,53692,57230,58433,62938,67065,70226,73997,88097,96084,103427,110261,123097,128310,165248,167427,170881,172880,177838,185471,192260
2278,51263,54985,58998,60150,65789,69033,74348,85829,89840,99937,109511,114068,157966,135258,160287,167466,169902,173483,181052,189954
2279,52932,56627,58454,61364,66343,70646,79875,87608,97125,103202,112988,119152,137993,139168,170748,172299,176669,178474,186879,193981
2280,52433,55276,57884,60748,66776,69288,76913,87641,95824,101855,110190,118122,127774,166757,169215,170964,174389,178718,183746,191773
2281,55656,59693,60456,63703,69405,73565,77989,96090,99909,104063,113286,123591,138904,149509,185475,186311,189017,191347,194848,203201
2282,54684,58209,58427,64664,66729,71618,74093,83444,91755,102854,116728,117716,125870,137743,177404,178240,179111,183909,186627,191986
2283,55371,59085,59938,65225,68364,73242,76932,86052,94448,105199,114224,176432,129828,138824,180068,181081,181911,185760,190143,192981
2284,54064,56632,58707,61810,67171,71185,73273,83035,92091,102284,109643,124006,127426,136071,144960,174017,176133,181175,185385,193301
2285,55681,58958,59544,63136,68163,71993,77037,85906,93970,105289,173208,121013,175480,176364,163097,178550,182161,184070,189145,191054
2286,54841,57887,60003,63014,65965,70920,72531,83054,91157,97933,116273,121627,130052,136945,147863,172113,174105,180593,185955,192592
2287,55961,58893,60268,62822,68019,72215,76872,86210,92152,106360,114912,118608,131057,138108,177363,178592,181657,183665,187285,194662
2288,54909,57981,59745,62768,68382,72482,74758,83866,93589,102536,112464,118429,128984,135931,147022,172977,174833,179705,184635,189569
2289,55630,58875,61144,64805,68499,72979,76899,84856,93720,104145,113356,121095,131056,175074,150211,177550,181371,182327,186646,190002
2290,53676,57760,57751,62648,67139,69820,74987,84119,91529,102987,111784,116627,125532,134900,147769,170326,171661,177977,183792,189569
2291,55377,59612,61725,63779,69134,73502,77314,84796,96784,104230,112467,122587,127931,138599,178374,179427,182257,183857,187816,197547
2292,53837,56969,59208,63914,68899,71759,73714,83653,91810,101199,110554,120117,171562,134508,147905,173678,174724,180411,185566,190375
2293,55499,59889,62472,64078,70250,74571,76352,88550,98814,104857,115626,123452,135081,184904,153471,186802,189812,190788,195181,196001
2294,53873,57556,60521,64940,68896,72921,74059,84133,95857,103212,109415,119028,128246,138627,150483,179030,179547,184632,188470,194082
2295,55235,59205,60250,64615,70669,74995,76209,87731,92681,105232,114216,140686,130409,139772,151978,164267,184628,187342,190918,194655
2296,53049,57701,59509,63189,68761,73017,75400,85555,91412,102071,108912,122036,127348,134396,172989,154935,176753,181148,187377,191442
2297,54348,59641,61336,64963,69641,74945,76412,89022,94005,104682,113859,121622,127964,140845,160162,180757,184569,185818,189747,193811
2298,54734,58366,62485,64519,68215,73250,75148,83988,91355,104088,110020,117890,127193,133997,150560,159837,176686,180818,186807,193001
2299,54730,60733,59823,66382,69267,74820,76752,86957,96100,105708,113163,119716,178815,180285,152529,181663,183013,185887,190148,192919
2300,55846,60718,61361,64954,70240,74251,75625,84931,97752,104672,113219,174886,138037,138623,151920,161244,180349,183811,187484,192769
2301,56654,60219,60859,66040,70311,74704,75696,85248,101545,104648,110745,122157,125337,138937,151614,161899,181296,183064,188107,191589
2302,54842,60569,63126,65044,68502,74267,77526,85252,91849,102586,109710,118675,126812,135368,172335,158809,175634,181265,185602,191599
2303,57023,60734,63143,65149,69733,75690,76779,87770,100645,105171,115324,122226,131439,143548,161761,184301,185202,187350,192268,194086
2304,56796,60430,63124,67138,70476,75297,77339,86653,100262,105219,112271,120405,129427,140511,153109,167261,186965,189765,192995,196640
2305,57449,61575,64911,69805,71616,76014,78289,88657,93326,105447,116326,122102,126069,191161,150946,162070,194377,196451,200282,207405
2306,59166,59897,62304,69621,70919,75868,78392,86412,90448,104974,113718,122320,126378,147453,151030,162822,192812,193934,196749,200108
2307,59105,62959,64684,65812,71412,76160,78115,84965,91754,106148,115870,122516,189457,140760,151026,163079,193549,195437,197861,201620
2308,55118,59994,62281,67209,70942,75918,77980,87205,90659,104056,112882,119991,135475,138797,148326,162287,187165,188847,194645,198724
2309,55090,63027,62285,67854,70092,76060,77988,84630,92163,106610,114439,122602,131932,136480,188379,188822,189112,192613,196323,200398
2310,58256,60402,62706,66199,70384,74615,78097,83488,92020,103440,114555,122258,128129,135220,156456,157357,184612,186899,192169,195187
2311,56555,58955,61504,68131,71800,76343,78216,85189,93439,106001,111049,123322,131930,139206,156315,162464,190298,191681,197218,203251
2312,59788,62988,65793,68095,69474,75873,77401,84710,93510,103336,113363,123264,132135,140637,149093,159817,185516,187223,192967,199236
2313,55544,59335,61050,70550,70569,76626,78211,86481,95114,105942,111567,123479,129121,142817,149440,186168,172300,190842,196550,201616
2314,55558,61920,64439,65439,69839,74973,77543,84230,92617,103392,109253,118981,127953,181785,148513,156433,183647,187081,192117,196009
2315,57128,63490,62557,70326,70933,76484,79254,89264,94211,105839,114442,126449,133530,146960,159769,160414,173850,193062,196205,202453
2316,58493,60327,63886,67860,73878,78473,79523,86733,93498,105052,113339,121444,128727,140217,150631,160652,169557,193458,196372,200505
2317,59946,66796,64251,69089,71948,77591,80642,88703,98141,107615,112990,167250,135074,142106,157279,198879,199359,200251,202338,205622
2318,59041,61716,63113,66210,71667,77271,80555,86034,95301,103282,116510,120511,131711,140194,152805,163344,173739,196865,198473,203798
2319,59420,62883,63561,68748,72625,78262,79563,88189,97292,105100,112844,121011,133219,140041,168989,165352,168021,199220,199909,203872
2320,58771,62872,65079,68770,73038,77198,80234,87402,93557,103930,115344,117271,130950,139388,155714,159260,167970,196320,197600,205184
2321,60514,62658,64947,70291,72209,76831,79566,85931,93812,102875,109891,117229,164702,142864,153036,158396,196085,197099,202506,204199
2322,59612,64207,63419,68939,70938,77402,79214,89390,95838,103377,172966,121142,134549,142335,151723,156173,172117,193780,201889,201597
2323,60629,62453,65092,69635,72886,76418,79986,87176,96509,106024,122812,120295,130928,143261,155142,195760,174751,197044,206852,205028
2324,60533,63855,66113,68595,72140,76814,79458,86634,95277,104637,111368,116424,130373,189175,152106,161863,166834,192467,197432,198868
2325,61217,64181,66206,69763,74133,76206,79668,87397,96812,105912,110970,140187,131333,148769,176832,163404,193015,193720,197679,202794
2326,61368,61516,64309,71138,72390,77049,79102,87279,96811,106855,112658,122021,133501,141614,153203,163784,172544,194726,197371,201892
2327,59765,62327,65051,69998,73150,77327,79698,90134,98350,102534,112078,119105,135612,144239,156495,166335,168437,201121,203938,204137
2328,60326,61366,64330,68418,72248,75926,82714,87160,97637,107136,110839,119801,134951,137319,154862,160596,181602,197991,200261,205406
2329,59371,61023,63691,72089,73851,77095,81105,92477,98446,104323,111361,124328,136300,140613,158755,162535,179605,206172,206957,212293
2330,59067,63023,63515,70386,73351,78164,81400,85959,95965,103351,112008,130923,128333,136861,150356,159888,169146,201599,201348,206950
2331,61451,62566,63180,68792,72638,77954,81777,86756,98024,105928,113668,122009,128984,139195,151835,200997,202230,181825,203658,209140
2332,62977,63824,66290,69550,73806,77269,81810,86059,93618,105070,109182,120510,155507,137635,150953,162988,168661,198845,201193,204222
2333,62212,65208,67362,68659,71503,76673,79851,87863,95119,101698,111961,167371,136070,140547,155974,159121,170749,181845,202488,206723
2334,61366,65136,66820,68470,71616,77570,79294,86850,94535,104315,113066,124199,129376,192808,155314,157192,168350,176774,198679,203144
2335,62133,65590,67736,70025,71264,81016,80891,88035,95447,106038,114644,120435,134367,146623,156441,159909,176941,201255,204014,206933
2336,59934,63744,65710,71173,73415,77323,80133,88524,95886,103118,114961,121328,131147,137674,153396,158421,173220,176900,197629,201676
2337,62980,65526,67104,72268,72835,78012,79867,87714,94635,104888,115033,119666,133117,140199,194646,196204,196259,198882,200896,204298
2338,62434,63924,65840,68653,73315,79172,79745,87001,98500,106709,113631,120257,133743,137365,155830,164849,174479,178930,200545,202220
2339,63504,64142,68386,72062,73384,78193,80312,86788,95117,106520,114589,121824,132766,137408,159334,162675,170204,204853,207818,208193
2340,62640,63145,64940,74641,73415,76801,80321,88818,95941,104704,115062,122351,131474,138233,152809,162763,171805,184383,207527,216469
2341,63980,63351,66138,72050,73358,76627,80741,89166,91758,100800,113907,120759,188717,141278,154197,165316,174782,175691,211421,213693
2342,61152,63204,65726,70832,73850,80065,79957,85600,92133,99438,113704,118666,135375,138458,150862,161504,202507,202563,203683,205902
2343,60231,62730,66140,70949,75352,77376,81001,84778,95073,100164,113710,117720,130114,201406,151330,164389,171918,181600,206052,213714
2344,59764,63213,65905,73608,72987,77184,80522,84752,91881,99187,112429,167507,123562,145610,150425,160172,171484,181119,204574,207335
2345,59392,62626,65268,68776,73215,77805,80681,84827,94317,105489,116315,122897,129423,139691,151797,167112,172774,179839,206744,212780
2346,59878,61874,65552,69596,73229,77542,79707,84446,93503,100112,108547,119462,126906,138453,150276,160603,170814,200998,203931,207074
2347,58237,60542,65514,70850,71241,77883,80699,87119,97440,102971,116557,123132,133891,140916,158654,199693,169903,185023,205992,210406
2348,63216,65080,68233,69652,71579,76630,79789,84934,91583,101310,116928,119394,131973,137902,159267,165362,199437,178933,202376,208293
2349,63526,66038,69610,70300,73079,78096,80946,88746,97130,108170,117474,125271,137747,141643,160302,163922,180047,202786,206713,211166
2350,63455,65423,68824,67907,72205,77362,80123,85776,91989,105707,116184,121626,131164,138624,156553,162163,168093,179727,202147,208767
2351,62338,66466,69726,70367,72078,77493,80942,88579,92422,109278,115933,123240,138032,141785,159889,162771,171790,183485,208015,212443
2352,62771,66704,69957,70585,72298,78546,80925,89892,91999,106931,116707,123419,133393,141486,154787,162934,174241,185508,211517,217485
2353,71567,72517,72163,77519,80845,84608,87620,93687,98423,112506,128020,139788,149489,164359,180132,194883,213005,286489,286489,286489
2354,70019,73108,74372,76118,78245,82233,83575,88755,93821,99440,116093,125433,131478,132931,146218,156890,168993,181702,183675,288013
2355,70175,71083,73887,76483,79456,81878,83655,93711,97618,97356,104441,114785,128763,133871,143031,147022,156693,165658,174735,269604
2356,68759,72114,74956,76297,77798,81833,83969,88964,93496,98767,108017,112164,125025,222459,143668,147027,159497,165750,177710,188879
2357,69260,72440,72743,74853,77799,81712,83824,93072,93139,98043,106717,111885,127860,141641,142715,236167,259727,165163,178176,185431
2358,71168,73587,74602,77247,78204,82569,83691,89557,93750,101402,107473,175821,175821,136729,244512,164018,177765,167031,269379,190340
2359,70700,72252,74061,75905,78662,82463,83791,93813,92677,97421,109828,116058,129333,132792,150125,149627,159733,164326,183573,256954
2360,71260,72029,73620,75831,78223,82055,83299,88691,93493,113284,109878,123982,129346,137336,146079,145355,161662,259347,177328,200286
2361,69265,70962,73175,75854,78213,81881,83224,92925,92190,97513,106020,110771,125815,133287,144045,146756,156034,179561,174086,186596
2362,70376,71141,72444,75892,78455,82160,83347,89788,93406,97780,114132,111958,128885,136210,144185,177541,159734,172328,177803,186379
2363,71130,70746,72464,75031,78484,82224,82866,89640,92210,138505,107733,116984,124025,135183,143452,150561,157769,164108,247538,247538
2364,69017,71308,72244,75661,78260,82326,84040,89810,94163,103892,169373,115685,155628,137377,145973,256069,256069,163505,197528,198987
2365,70330,70455,73643,75910,78093,81354,83106,93459,95447,106396,112166,176387,133062,209543,142312,159005,168550,249560,179144,182361
2366,70545,72149,73824,76412,78330,81756,83490,94547,93110,98529,107895,124361,128555,145028,140416,153035,160628,180941,181868,257794
2367,70540,70211,73341,75256,76653,82478,83962,89972,93110,102712,110505,117802,127304,136767,239323,152291,164028,173739,177648,202786
2368,71190,72069,74466,74600,78311,82384,83245,96416,93283,98953,110921,117209,123523,136841,150872,148522,163375,167008,260295,188314
2369,71506,72357,73748,75944,78307,82162,83350,89813,92884,98705,111651,115830,194442,136030,144735,147926,161632,164657,184711,185328
2370,71205,72716,73893,76005,78497,82416,83966,95981,93741,98391,115754,126674,137713,136570,145340,152822,215537,258151,182936,258151
2371,71569,71060,73994,77042,78722,81691,83069,94169,99994,98208,112907,116296,123739,136065,144699,253744,168961,180007,179639,196447
2372,71518,71180,74807,77140,78310,81549,83464,94044,93955,100052,108603,117256,128880,134322,140959,169848,162634,171808,196291,187239
2373,72040,71756,74264,77135,77921,81636,83482,94764,97553,129607,112031,111261,127414,131146,147132,152050,160884,164364,250976,186088
2374,70747,72900,72899,76870,77465,82052,83149,96515,93767,106983,105801,173598,125805,205199,143624,150412,205199,167393,180800,243949
2375,69599,72442,73103,75662,76631,81308,83777,93044,97029,99075,105147,123860,128224,143718,221277,149042,165710,242094,180124,192238
2376,70080,71943,73730,75647,77596,83289,83797,94532,96674,98932,106267,116627,120947,136068,154633,152667,159497,176008,181189,223088
2377,71605,71708,72995,75268,77436,81595,83510,92214,97102,99413,160910,119489,186410,131915,147260,152132,241993,166871,186410,188292
2378,71672,71969,72958,75958,77590,81655,83889,92752,95656,99089,110421,115778,134320,132402,147746,152060,176515,169349,248514,248514
2379,70420,71356,73324,75344,77865,82341,83480,94602,98052,103899,108135,112694,131165,127035,141569,256950,162793,256950,183740,198942
2380,70810,73223,72656,76393,77438,81295,84218,93738,96537,101402,113107,118154,127375,212363,141736,158150,161920,179374,174897,188432
2381,71553,71971,72623,75517,77102,81486,83413,93280,96087,101323,111944,176265,126423,144403,140668,150502,159359,168923,174914,182559
2382,71799,72488,74460,75439,76974,81761,84441,93481,100848,110315,114509,123157,127069,134569,213966,151917,163023,165821,255674,255674
2383,72000,71674,73551,75508,77487,82017,83554,95956,96475,99612,114180,113339,125141,132327,149847,153342,160175,164493,181136,193329
2384,70105,73141,74908,74458,78634,81478,83921,94976,97259,102796,108346,114288,126974,133791,144774,152178,254085,254085,182642,185046
2385,71718,72347,73866,75832,78308,81511,83755,92715,96129,107613,112335,121734,193314,135789,144127,150759,169358,179258,177294,250820
2386,71818,72242,74434,76570,76940,81694,83554,93316,97760,102468,117452,120825,135453,136531,144529,152273,162316,171284,253463,197340
2387,71356,70697,74489,76172,77344,80945,83885,95008,97759,101795,110481,113796,132695,211305,144260,250976,160610,164819,182235,183606
2388,71908,70648,73764,76483,77775,81882,83615,94108,97594,110619,114301,122310,127697,147316,145643,169395,162326,165772,182911,253624
2389,71138,71080,72489,75087,77702,81667,83789,95007,99277,98136,114456,116117,125029,133386,228480,151872,161024,250395,175290,195233
2390,70657,71478,73123,75061,78096,82128,84141,96831,98922,108379,113572,180260,124602,131099,159292,152603,253566,181312,253566,187634
2391,68687,69991,72946,75766,76305,81792,83558,93031,96209,107732,112073,118769,126732,134702,143606,153357,170329,171501,183669,185665
2392,70622,70932,72760,75927,77077,81388,83670,92002,96256,100002,109209,115105,130449,132049,140954,154574,164448,165501,185671,260229
2393,69744,70499,73050,74233,76924,81822,83192,88520,95812,99640,106047,116470,123312,139067,142108,145626,158298,168326,180182,206045
2394,70518,70791,73395,76535,78271,81878,83188,89305,96022,120863,164605,113468,191873,137544,137917,178827,159259,273702,273702,193372
2395,69377,70260,72444,74955,78183,81522,83724,88455,95319,100595,117043,116607,131437,205665,138575,150496,161474,178744,190312,183718
2396,70806,73674,74204,76618,78509,82026,83029,89415,95715,100699,107569,117733,128066,142702,227394,247162,271546,171691,183310,271546
2397,70059,70654,72713,76197,78707,81393,82721,88855,95086,100132,109622,176621,127661,129952,153711,165598,177395,170175,177690,191843
2398,69765,72368,73510,76388,78358,81812,82930,88313,94826,99386,106188,121017,124565,130057,143359,146252,158564,165860,174316,188477
2399,69615,70696,73127,75719,77969,81598,82473,89067,94845,105967,106046,115700,123905,129500,142923,145600,156241,167214,173413,189055
2400,116,117,117,117,117,117,118,118,118,118,118,118,118,118,118,118,118,118,118,118
2401,69109,72000,74671,87521,103975,118029,136943,161448,175104,186689,202239,220387,238353,238353,261294,261294,261294,261294,261294,261294
2402,67427,71187,74308,75983,87600,104645,118850,137342,162204,175757,203240,221430,240191,262934,262934,262934,262934,262934,262934,262934
2403,69447,71546,73331,74726,77687,81233,84600,93021,97083,111662,115637,129279,139430,149357,161751,162522,258807,258807,258807,258807
2404,67740,70455,72576,74625,76718,80675,82424,88904,95142,100972,114429,117368,128520,134489,147313,150314,178169,188861,262671,262671
2405,69158,71447,72384,74970,76752,80923,81560,87093,95608,98817,111797,121498,127571,135291,138373,154692,159160,168070,189235,204062
2406,68683,70830,72919,76207,76702,80345,82776,87894,95128,100559,115639,116909,127707,135451,141776,258592,164145,174159,188816,284519
2407,69211,72420,72313,75458,77291,82488,82315,87985,95850,100591,107201,114250,124300,139368,143700,163364,158354,243916,182022,206231
2408,71397,70912,73342,76240,78142,82674,83657,88741,96300,100809,108412,119662,129534,131698,148074,151898,158351,181197,181736,196886
2409,70789,71903,73402,75626,77258,81952,83128,88522,95753,99425,107679,120074,127924,135102,220800,150001,158723,165483,174511,185975
2410,69750,70656,74046,74198,78090,80701,83960,88790,96123,99842,108090,118670,128499,139820,152368,150764,261322,165592,286453,183693
2411,69289,72185,73717,74954,77248,81569,83293,88136,92088,100681,106515,113814,126073,213717,145949,146424,172434,166248,186775,181173
2412,68512,69892,72206,75873,79476,82621,83799,87977,92545,104548,107108,121199,123850,147220,144670,149750,161589,279912,178928,279912
2413,69214,71839,71919,74574,77711,82715,83232,87884,91887,99881,106350,113525,168424,133110,142419,230046,153548,184188,177458,196573
2414,69370,70113,71332,75863,78180,82341,83270,88288,92620,104025,111808,185906,133189,134458,142509,159556,154721,174430,176011,190911
2415,69310,70652,71502,75310,77043,81671,83526,88191,91853,100614,106488,124578,127698,131168,141914,150124,153837,163561,273115,185994
2416,69100,70197,73472,73529,77703,80267,82758,87725,91792,100036,167045,115758,127628,132510,228190,148117,247654,163906,194298,185866
2417,69806,70242,72840,73610,78351,81082,82658,87677,92292,99688,120919,120350,127454,130814,155034,149349,169881,163147,185926,272295
2418,69874,72134,73223,75667,77971,82085,82747,87791,92625,106225,112288,119633,128473,215274,142340,234970,161706,280197,176795,200593
2419,70891,71906,72450,74267,78255,81141,83512,88012,92868,100494,106884,120871,155854,146261,142924,157659,154188,186308,175691,191124
2420,69584,71183,73197,75052,78974,81416,84492,89310,92989,100283,110760,119958,133563,135911,146874,154088,156705,178907,180129,194111
2421,69952,71708,70928,74745,78325,82204,84234,88002,95427,104431,108373,115699,129314,133292,146662,152303,272892,168277,301886,189859
2422,71330,70431,73038,75029,77806,81174,83341,88785,93475,101062,115966,121441,128525,133851,141082,148616,178044,167455,193738,293457
2423,70340,69285,71161,75781,76824,81031,83478,87605,98929,135286,109589,118867,127263,132666,143070,149566,155258,164995,181257,202882
2424,70840,71615,73838,75551,77986,81369,83488,88144,95738,103201,113255,118801,200924,131618,217703,237247,157396,164443,180475,189470
2425,69961,70513,71869,74166,77159,80096,82429,87717,91839,99401,105873,117972,131660,129202,147011,157398,155227,270393,177971,183918
2426,69308,70951,72523,74927,77427,80651,82098,86985,91152,99935,110073,181725,126045,210056,141902,149752,153383,182940,174589,188444
2427,69945,69325,70981,73392,76788,79941,81739,86794,91204,99166,105375,121616,124940,144449,138964,149002,246008,169165,173322,182968
2428,69666,70393,71479,73764,76711,80397,82003,87000,92129,99858,110321,118970,124500,131162,143800,149370,182512,162273,271785,271785
2429,70159,70505,72559,74846,75496,80073,82248,86532,94722,101812,109742,118962,127136,133992,210667,149049,159074,162439,195710,196449
2430,70477,70787,71383,74775,77213,80259,82249,87735,95737,100929,133604,121003,125883,132200,158777,234382,159659,278991,187406,192916
2431,70370,71446,71605,74364,75789,79990,82161,87168,94842,99204,115373,117944,125940,127376,141000,159696,156605,187999,175941,189690
2432,68787,70556,72192,75073,75685,81746,82795,88409,96192,118243,108086,120711,136365,202587,142287,152187,157729,164836,182644,283903
2433,68916,69710,70922,74949,75885,80504,82634,87944,95473,100397,107572,118425,127744,138816,141937,150123,259851,163911,178114,203938
2434,69055,70678,72228,73701,75342,80510,82670,87429,97052,99957,107663,119345,206082,131137,142991,145958,178988,166040,290718,194176
2435,70384,69675,70984,73283,76213,80759,82366,88058,95927,100681,150994,119700,134701,130599,228442,249626,159935,167464,198678,184254
2436,67881,71131,72373,75006,76146,80440,81741,88300,95095,100866,117663,120167,128491,130737,153230,164465,160002,208519,183329,184641
2437,70114,70357,71419,73079,76230,80828,82282,87527,97455,129353,107529,163930,125338,209570,143762,148835,158255,167291,173442,183893
2438,68902,69527,69620,74371,76159,80625,82605,88117,98517,101692,107676,122858,127965,142914,144156,146896,160734,195740,172903,296466
2439,67503,67850,72265,74701,76208,80438,81617,87943,97569,100319,106683,119532,124545,133705,142987,147482,160054,166956,173617,210074
2440,69573,70340,70826,73999,75900,80372,81653,87646,97351,99868,106692,113984,124369,129678,141053,146707,265431,265431,172993,194289
2441,68786,69991,70871,75111,75246,79670,81875,87140,96029,100282,106390,111868,124114,129582,138432,202351,176830,177317,283479,181596
2442,69450,71141,71962,73893,75259,80443,81892,87105,95027,100264,128631,113928,125325,129907,219923,155294,156447,166560,192465,181958
2443,68632,70795,71868,76131,76598,80861,81819,88552,97202,101235,111715,177143,192431,205279,153291,148824,159374,167035,179649,182433
2444,69102,71654,71017,75774,77633,80882,82165,88522,97261,101118,116513,120464,135426,144122,145122,149152,160111,169256,174940,292576
2445,69421,72100,69993,74276,75206,80744,81882,87712,97346,122168,107408,114994,126132,134017,141944,246322,157974,267458,172775,209962
2446,68576,70472,71609,75045,75267,80509,81847,87569,96253,101672,105599,114360,126770,132731,140780,166261,155653,181522,288882,196348
2447,67959,71726,69789,73294,76193,80146,81594,86756,96163,99949,160935,109957,123238,130531,140387,145529,258262,165741,192353,184628
2448,69638,71003,72659,74027,75775,78709,81101,88157,96702,100834,113541,115390,121126,132432,165240,148494,182968,169024,182359,185115
2449,69533,70365,71729,75951,76912,79756,81342,88651,98530,101024,108538,186848,125854,130552,147727,153205,160875,172802,175566,189333
2450,70852,70417,72282,75285,77019,80892,82807,87564,101394,101364,106440,126171,171911,220047,158464,155735,154344,163950,175606,311963
2451,70549,72083,74027,76182,77066,80437,82549,87544,101664,101606,107261,120435,131228,140294,142092,150723,157337,282955,176065,206848
2452,71672,71532,72988,74045,77085,80287,82449,87060,102900,133946,106983,118232,127106,132799,236115,236115,154402,189576,306932,190025
2453,71827,71067,73342,75005,76900,81066,82680,86564,98884,102229,106582,117810,125709,133859,157026,157480,250878,164744,199863,187241
2454,71009,72636,73361,74853,76446,79781,82611,87736,98072,101092,106470,117219,123178,129974,142462,149701,170685,162069,178340,186656
2455,70578,72760,73493,75907,78430,80635,81962,87851,98446,102034,168116,118629,128648,133361,143688,149035,162189,165312,179566,187584
2456,71676,73120,74017,75827,79170,81102,82804,87827,98787,102394,113484,116870,203011,135727,145884,155038,162820,164112,176683,190256
2457,72774,73947,73936,76429,79035,81539,82619,88268,93947,101283,107797,116956,132244,217535,143160,159292,155326,278600,180499,305397
2458,73558,72958,74192,76774,78933,82004,82635,88204,92092,101236,107800,112754,124674,140789,143121,234860,155749,188801,176470,205256
2459,70568,71055,73070,74418,78995,81838,82196,88187,93010,101798,107719,155359,125127,131126,142481,158601,250692,163343,174982,186914
2460,69961,72570,73321,76201,77899,81918,82791,87708,92025,102140,111687,119811,124085,131122,229345,148931,170560,164988,296686,186211
2461,71174,71524,73131,74614,77897,81609,82090,87692,94833,101965,113701,120868,121325,133304,156584,148125,160865,164545,198361,184994
2462,71971,71933,73736,74718,77020,80804,82326,88262,99368,101135,108893,115086,129702,132873,143470,154530,162758,165290,185593,186870
2463,71563,71967,73049,74403,77296,80503,83146,92557,97121,101988,108066,112812,127502,131626,148154,156150,162221,283989,178790,310716
2464,72173,72813,73620,75589,78299,80457,83153,92328,96693,102077,107619,171829,171829,218466,148760,236983,159200,189222,178101,205900
2465,71188,72125,73604,74945,77967,81572,82450,88307,93579,111620,107889,125769,131265,140509,143088,162283,258908,168646,177988,189492
2466,70683,71726,72916,75186,78497,80517,81756,88836,93460,104107,138443,118988,126424,138780,145357,155351,177482,167512,180726,193289
2467,71173,71140,73029,75386,78445,80473,82671,88577,92834,101721,110901,117283,122010,127486,144572,151105,159751,166929,276658,181928
2468,71570,72167,72918,75440,77908,80223,81072,89361,92793,102102,108888,113731,121823,134475,143419,151013,158341,166657,201636,187337
2469,72050,73949,72661,74991,78016,80361,83227,87941,92078,101503,107880,113279,198995,131040,230027,150718,157790,166145,176663,186306
2470,71168,71891,73820,74178,77347,79664,82589,87729,91781,110185,106941,115734,137076,136706,157841,148945,151450,266624,176414,291767
2471,72455,71307,73063,73901,76991,80439,82417,87555,91972,101779,132527,152871,124041,207884,140695,224478,244708,182335,175056,208487
2472,70807,69584,72097,76006,77511,80756,82820,87732,92215,105715,109683,120737,125598,146096,145613,157386,182389,169968,175687,197861
2473,71469,72138,70733,72544,75676,79873,82618,87256,91106,102239,112552,121577,123004,135106,140606,148321,161462,164390,290165,184576
2474,71385,71348,71381,74053,75598,80600,83083,87192,93611,108049,109370,118125,126513,131305,144913,152366,161922,166015,203887,189423
2475,69890,72897,71193,73353,78637,80879,83097,87852,91039,103356,107786,116939,126252,128081,143066,167432,156615,165018,178260,186627
2476,69413,71076,74479,74800,78589,81556,82911,87049,92442,102320,142295,116085,128619,127506,211211,157837,162253,270400,175945,211211
2477,72875,72565,72840,74473,76438,80304,82022,88125,92687,102336,116406,181582,128285,196683,147213,248714,228126,183646,175022,197847
2478,70498,71906,73625,74275,78380,80266,82883,87131,92741,105156,109684,122040,200858,138136,144378,170156,171114,170806,174818,303218
2479,73285,72973,72794,74894,78960,80652,83913,87381,91621,103831,108499,113628,138492,133781,144144,152315,160733,163602,201733,203430
2480,72303,74171,72407,75265,79892,81981,84015,88139,92294,103913,109206,114365,130351,135513,145475,152346,156406,165187,176583,193354
2481,69519,70003,69253,72471,74956,77270,78980,84349,86934,91856,105890,107152,119437,122614,131498,134393,141027,204454,249419,162949
2482,48568,53402,52744,56489,58847,62352,65607,73069,78818,137455,100532,106511,116367,209947,228053,143698,251312,179222,182710,184296
2483,65984,65390,67799,69035,73150,76678,80383,89961,99234,140569,246097,266945,163039,209104,228483,394027,250758,250758,269466,394027
2484,64352,64755,67285,69458,71220,75895,78352,84952,89835,104964,120494,128825,127347,137551,150691,177422,175371,178345,194183,210686
2485,65663,64896,66126,70146,71276,76064,77554,85163,90180,99793,105858,114070,127148,127907,138298,151625,165415,176198,180797,193569
2486,64323,64821,67156,69273,71639,76410,78144,84701,90259,99535,106653,114210,127246,128392,139147,151929,165396,166915,180799,193477
2487,65838,64963,66270,69117,71024,76120,78127,84867,89362,98747,105971,113296,126240,127178,137370,150583,163718,165180,179470,192000
2488,65203,66245,66206,68139,71253,75488,76656,83978,94723,96438,104136,111607,123415,124291,135286,147444,160941,161886,175864,187992
2489,65776,66410,66400,69596,70858,75437,78185,84697,88460,96761,109458,116896,124285,126244,146752,147344,160111,279590,185527,190111
2490,66606,66980,68393,70969,73711,78073,79889,87444,91333,99474,111832,119080,216449,136335,148547,149902,162371,187120,237527,191183
2491,67586,69396,68507,71512,73542,78283,80078,87123,91635,99836,111512,113743,135560,128730,148065,149348,161816,173400,187944,190575
2492,67077,67337,69151,71235,74108,78551,80532,87387,91759,100306,111663,113608,126495,212054,147996,148623,161056,170086,184064,188926
2493,68138,67368,69256,71639,74318,78267,80168,87537,91284,99426,110935,112506,124906,144234,145846,146520,175580,169157,180750,185913
2494,68110,68490,70070,72529,74853,78616,80007,87876,95705,100389,111827,113182,125467,134332,146064,147183,226319,169859,268522,186659
2495,68231,68123,70497,72160,73702,78922,80552,88460,93008,101471,112804,114456,127250,136498,253011,149159,170291,172830,196968,189002
2496,69178,68412,71266,72618,74546,81359,80123,87985,93557,102381,108519,114931,128285,129748,159039,150011,162011,307504,185355,336888
2497,69836,68204,70983,72255,75556,81399,79864,87824,92992,101998,108489,115122,127831,130005,148702,150025,162856,185647,185069,216395
2498,69421,68495,71127,73015,74816,80933,80191,88411,93104,104744,108544,180205,127762,129840,149257,150096,162003,173830,185005,189459
2499,68960,70147,71212,73263,74860,81205,79819,88313,92569,101474,107687,120428,126096,206612,146586,242722,265168,167597,182021,187142
2500,70048,68433,70429,73252,75200,80556,79549,88273,95517,109289,107959,118371,125130,142749,144556,164138,175991,167097,178750,183350
2501,70015,69058,70303,73251,74234,81564,80123,88719,92997,101379,108421,119025,203116,134351,145391,155641,165697,167911,310969,191413
2502,70409,69232,71272,74077,75130,82460,81438,88985,93860,102072,109175,119841,137609,135319,146474,156723,165265,169302,206614,193010
2503,70317,71383,74519,74251,76253,83496,83557,92126,97185,109496,113569,124534,131797,140425,151010,159063,163672,173486,187113,199945
2504,69974,73218,73813,73842,77113,84403,84415,90970,96675,107255,113951,121622,128375,134062,144302,153911,164475,172951,179157,192069
2505,72404,72441,75017,76389,78359,84524,84277,89381,96173,104735,113793,119971,126590,132874,142944,152708,160203,274192,177184,274192
2506,71905,72681,72836,75668,76670,83860,85092,90218,97777,104874,114401,121545,128842,217603,144324,154227,164475,184742,179027,203673
2507,72987,71259,72875,74594,76404,84024,83391,90213,97474,105695,115253,121146,128533,142610,241383,261399,163640,174258,180029,192574
2508,70614,72986,74419,75129,76258,85335,84095,90092,95896,105260,115908,122918,129126,136852,154878,164940,267259,169391,181447,194345
2509,70867,71928,73515,75155,76732,85477,85033,90203,96500,105152,115550,122355,130160,137154,147656,157670,177469,170111,181307,196036
2510,71058,72025,74333,75665,76714,86166,83981,89921,95745,105634,115916,123028,130173,136803,147063,154893,166415,170119,297383,195709
2511,70899,72945,74888,75418,76964,85485,84382,91067,95238,104447,115453,123441,128828,135358,145881,148836,158185,168690,190062,193026
2512,72471,72629,74089,75203,77040,82927,84221,90075,95052,104815,114491,120934,126656,134208,144043,146634,156402,280833,178530,307576
2513,70293,72936,72936,73854,77771,83373,85896,89548,94759,105537,114184,120374,137265,133775,143931,150510,160724,181570,177348,200390
2514,71917,72369,74171,75250,76583,83589,85270,91764,95688,104694,114235,180091,132030,166950,144087,153408,163005,172496,178099,191089
2515,72131,71668,73780,76147,77723,84254,84707,91626,95979,104503,113573,126003,165866,140348,143834,213962,163380,171735,177179,189534
2516,71370,71862,74653,76026,76944,83848,85067,92538,96855,104901,114173,121260,133670,134424,149443,160689,280307,173409,178620,192085
2517,72611,72080,75103,76906,78251,83894,85799,92347,95872,104849,113953,120529,127920,133862,236248,153180,172130,172983,304981,190703
2518,71822,73829,75306,77150,77969,83425,84585,91792,99217,104172,114017,119801,127304,214822,159072,152700,162837,171994,197848,189725
2519,70322,71509,73758,76340,76630,83811,85244,91845,96490,104334,114121,121133,127596,141951,150028,152374,162803,233254,185036,327140
2520,74088,72332,73730,76483,78320,85649,85403,92968,97209,105754,115113,122538,130135,134063,144350,237804,163292,175451,179283,219063
2521,71408,71167,73789,75139,76593,84635,84799,90242,95912,104822,115306,121546,168081,134772,144687,161724,162568,174353,179859,192037
2522,70445,70451,74325,74971,76999,83573,85656,90872,96167,105502,115675,122610,134112,135778,145749,156126,163605,168581,181365,192254
2523,70693,71963,73602,75477,77973,83338,84732,92134,96738,105519,115719,123299,129978,136898,146243,154231,164875,187265,181568,193325
2524,72572,73671,73452,75397,78301,83640,85550,91190,96222,104905,115407,123114,129491,136172,146182,153889,158213,202350,180412,193096
2525,73781,73639,71877,75474,77080,84743,84637,91803,95940,105309,114987,121954,128628,135242,145266,153246,262414,175652,313869,192125
2526,73439,74017,74849,75681,77354,84748,85460,91217,96245,104728,116028,122736,130018,223190,145709,153380,174972,169222,204452,192844
2527,72701,72920,73081,75108,77245,87710,85579,91373,95649,104782,114976,122334,127880,142526,241592,153149,164782,284949,179755,191728
2528,71752,72704,74926,75339,77752,83436,84349,89773,94775,104213,114458,121039,166924,133777,151749,237538,162053,184356,178370,190294
2529,72112,73953,74927,75687,76902,84106,84972,91384,96911,104849,114253,119941,132622,133721,143637,10,161257,171334,177716,329091
2530,72689,73925,74353,78291,77721,84118,84610,92048,96545,104900,114504,120342,127600,133958,143296,160929,163624,171734,179527,217034
2531,71293,71819,75404,76727,77979,84783,84865,92175,96757,104778,114574,120999,126761,133557,142154,153041,162149,170053,178895,189048
2532,70836,72644,73694,77116,78639,84011,84675,91111,96708,104534,114230,175952,127109,132932,142044,151512,269916,169752,178472,189442
2533,71403,71455,75303,77473,78945,83926,84950,91078,96706,104567,115054,125094,126517,132175,140718,151723,176327,169423,176260,188122
2534,73010,73386,73228,77392,79215,84421,84188,92535,97371,104720,113410,119461,190800,210585,141634,150816,162418,295224,295224,189715
2535,72004,72646,73497,77008,79731,87689,84099,91214,97769,104488,113983,119402,138143,147145,228652,247611,162275,181064,195095,188831
2536,72321,73095,74856,76861,79432,83429,84621,91674,97760,105699,114581,119967,131582,139954,159823,167576,162526,172895,184346,188870
2537,70595,72840,74911,76132,79167,82806,84927,91853,97359,105053,114786,120202,128295,134188,151147,159520,163015,172154,186330,189303
2538,71709,72244,75073,75903,77733,83242,84808,92010,97049,105406,114717,121824,127513,134040,143638,153260,163323,172948,178601,334633
2539,72519,72818,72404,75560,78128,81238,84659,92626,97220,105379,115732,119980,126687,133755,142867,153526,163054,172183,178629,217926
2540,72680,71557,73192,76217,77894,82359,84424,91913,96837,104399,116067,119647,126207,133664,143100,153415,162049,170988,177326,188365
2541,72305,72454,73194,76880,77903,81654,85344,91952,96801,104053,115765,121078,127096,132802,142642,152097,273708,170872,300144,187936
2542,73018,73495,72661,75729,77937,81479,84758,91925,96674,104786,114978,121315,128523,214287,143051,152051,180835,171955,196773,188240
2543,71086,71924,72619,75960,78265,81464,85032,91819,96378,104350,117149,120837,143686,141614,230481,193964,161641,270676,183296,187058
2544,71060,71020,73140,75891,77024,82656,84610,90643,96669,104704,114023,121159,131250,134500,157949,159273,162601,181700,183177,187391
2545,69620,70008,74223,75873,78107,81671,85905,92527,96504,104160,116540,151151,127986,131847,148927,152200,159507,169537,181485,185686
2546,69976,70152,73468,76291,77562,81073,85919,91115,96041,103443,112199,124189,187050,131540,147704,151006,159239,169019,179679,311893
2547,69385,69762,74525,76028,77606,82553,86367,91048,96759,103869,115376,118733,135943,131704,147230,241520,159346,168725,180072,208764
2548,70277,70206,74509,75123,77316,82751,86764,91631,96984,104271,116245,120364,130227,132524,148543,164252,160747,170062,181509,194731
2549,71127,69922,74654,75960,76515,80814,84761,90378,96008,105795,115504,120076,129784,207221,147954,158196,264770,289976,289976,194273
2550,71764,72843,73324,75925,77705,81583,85908,91299,96424,105919,115372,119818,129885,144817,148219,150685,178240,192930,195326,195744
2551,71515,71110,73525,76110,77720,81644,86245,91697,101414,105397,116439,120591,130360,139030,148807,151332,160790,170578,183111,187263
2552,70706,71321,74588,76854,77027,82176,86790,91508,97682,106230,116544,163678,130649,134246,142758,151498,161666,170445,183337,187768
2553,71863,73583,74416,77398,78757,83647,87983,92131,97143,106275,114839,126328,128759,134026,144305,152150,162799,171631,184305,188738
2554,72592,74887,73722,75401,79429,82536,88016,91738,98087,107614,115082,122113,128227,134385,238107,257538,163100,171618,177614,238107
2555,70756,72531,74385,75104,79074,83166,86605,91126,97799,105744,116864,120122,128681,133568,149183,160498,161499,166118,176126,187032
2556,72546,73097,74312,76232,78280,83658,86332,92067,103073,105879,114878,121086,129520,210840,143203,153164,160785,169254,248535,186496
2557,73250,73510,74367,77344,79499,84268,94064,92254,98412,106576,114755,120628,189921,145890,142916,154350,267515,267515,192797,317492
2558,73089,74149,74175,77180,79325,82764,89710,92097,97778,103478,114452,120505,135343,137566,140602,155058,174934,175961,178531,207694
2559,73107,74066,74545,77287,79073,82516,89151,94269,97822,103321,114542,120246,129109,132292,140082,150437,164091,167590,179017,191398
2560,72134,71362,76472,77086,79294,82624,89448,91850,97245,106157,114130,120096,128942,132024,140248,149540,159285,167869,178035,190941
2561,72093,75168,75178,76340,79314,81709,85496,91280,100092,106756,113897,119476,128333,131180,218784,149873,157491,166791,302909,189804
2562,71217,72816,74901,75507,77912,81930,85794,91456,95540,105194,112981,118059,127135,129921,151512,235200,156874,165308,199933,188190
2563,70264,71859,74048,75517,77631,81668,86114,90393,95690,104514,113828,179945,126035,214307,143624,159882,155574,273835,184612,187534
2564,71406,72656,74295,75662,77238,83652,88629,90817,96351,104491,114395,126408,126336,143852,144874,152756,258981,186128,177823,202162
2565,71373,74406,74388,76756,78109,80848,87126,91019,97117,105053,115829,121541,127613,136206,146015,154455,175208,175405,180806,347139
2566,71503,74208,74826,77178,77758,81532,86112,91089,96208,104488,115876,117671,205470,135982,146419,155413,165450,168702,179733,208377
2567,71103,72407,72777,76478,77464,81415,84568,90672,95709,104683,113983,116872,135546,135214,145608,154303,157592,166928,178235,190559
2568,70264,71211,72814,75487,76554,82206,85256,90734,96487,103482,114655,119262,127183,135353,238005,159621,156936,167118,178645,190276
2569,70560,71286,73716,77081,77789,80903,84788,90400,95917,104257,115072,118535,126589,134772,159270,259319,156753,278816,302772,189111
2570,71338,71871,73523,74931,78071,80775,84923,91273,95816,104233,114265,118604,126646,134474,144396,161099,255014,184963,201484,189162
2571,69560,71557,74139,75403,77799,81620,83721,90810,96002,103881,114498,118322,126506,182377,143959,153765,170832,172265,176958,187976
2572,70776,71504,72143,74172,77883,80662,83488,89633,94846,103353,113249,117528,125693,140240,143496,153489,162775,166566,176476,187251
2573,69345,70558,71881,73632,76415,80290,81643,89670,94288,102434,112112,127498,124504,132458,142595,152149,160542,163214,175137,187417
2574,69230,68874,72669,73705,75982,80603,86387,89105,93919,102142,112748,119293,124448,131946,142090,151328,160314,163230,175220,319358
2575,69893,68494,71790,73964,76255,80193,81882,89975,93192,101326,112250,178155,134394,131218,142038,150592,159988,268829,174439,212174
2576,66664,66304,69266,73311,76273,79507,82773,89054,94412,101840,113429,124124,169839,218644,149406,150448,256353,186332,305427,202591
2577,69535,67222,70497,73761,75775,80513,81277,89164,94635,102482,113798,119775,133413,142420,242546,256353,177209,175721,207178,191580
2578,69084,68089,70987,74368,76500,80532,81279,88626,95374,102238,113940,117108,126840,134933,153061,162978,163774,168193,180842,192289
2579,67415,71587,69654,74200,75761,78520,82172,87900,94917,102446,113414,117108,126288,134634,144604,154843,157051,167146,178183,190959
2580,69459,66379,68886,73452,75805,78989,82152,92393,94919,101989,113456,116303,125987,134363,144283,147078,157103,166159,178786,190868
2581,67155,65803,69721,72623,76433,79379,81398,89356,95259,102567,113068,116718,125286,133448,143395,146639,155634,165021,177238,189649
2582,65960,65129,71739,72310,75690,79308,80915,88042,93447,101491,112879,114138,199875,133058,142483,145437,154955,276273,177629,188192
2583,65493,65345,71597,72414,74227,79214,81981,88177,94125,101765,112575,127846,132700,181986,142762,145064,251299,184902,176722,231218
2584,65674,65470,67843,73222,75105,79233,85840,88935,94436,100478,111916,119617,124217,139109,142247,231218,170612,171129,297120,199410
2585,66618,66625,69048,73144,75201,78702,85832,87967,93756,100870,111426,180837,123870,132015,180837,159711,161286,163493,199866,187444
2586,66453,66195,67486,71661,74444,76227,84164,86148,91084,99492,109473,121420,121684,128917,148124,151782,159672,161785,182417,318897
2587,65947,64508,67248,71185,72249,78355,81218,86549,91553,98671,109652,115320,120566,210751,139904,150346,159047,168954,182469,212487
2588,65288,65895,67030,70554,72439,77636,81420,89118,93490,98233,108400,114964,121411,146770,179645,149608,270285,270285,183046,197999
2589,62962,66282,65585,69674,73487,78229,81167,84491,94021,98514,109161,114879,196684,132202,148716,247276,181600,183248,179013,186878
2590,66112,63776,66719,69976,73032,79817,80500,85531,92484,99263,144505,116101,138648,131188,142049,170011,162669,173948,178526,190378
2591,65704,63527,66617,69846,73562,79599,80449,86942,91695,100100,117685,118011,125624,132811,143834,152781,163728,167820,266416,193769
2592,67172,65473,67028,71376,71440,76481,81343,86282,91973,137982,110830,112817,124974,132636,245673,155006,156731,168052,192915,194428
2593,67097,64886,66813,69693,71589,76801,81442,85951,91179,103534,107075,187801,123983,126724,152570,145908,155787,166923,180500,192042
2594,64643,63475,66532,69959,71660,76741,81682,86105,91121,99285,106640,123402,123571,205088,143390,144601,155946,284855,178345,190913
2595,63710,65972,65588,70051,72552,76556,80443,85062,90296,99065,105353,114762,122078,139322,141262,144100,153854,185682,175179,299929
2596,64064,65634,65869,69822,71754,76147,81858,84801,89424,98056,108531,115183,165412,128274,138424,233216,246426,169803,174700,213307
2597,63260,63238,64869,69411,72728,78019,79553,85834,90150,97444,165014,114526,129604,128185,137811,157428,169814,169358,290455,197086
2598,62619,64405,64975,69397,71626,77783,78569,85245,89707,97469,112856,114624,123225,128233,138621,149195,159719,169816,200018,186522
2599,64658,64943,66115,67372,71967,75797,78761,85007,89124,97429,108568,115258,123776,213270,228006,149576,160100,170836,183332,186660
2600,62262,64155,67096,68878,70933,78816,77813,84527,88692,152058,110449,115776,166113,146421,156493,150133,159377,170696,174589,186332
2601,62624,64576,66492,69690,72109,75637,78253,84734,88862,106452,108258,178934,129861,131438,147436,246374,266192,266192,175045,186027
2602,62123,65145,67261,68269,71861,79372,79558,84791,88936,98198,107337,124936,122554,127530,138080,168866,181070,181070,173792,312980
2603,63228,65185,66701,68293,72219,75875,78914,84858,88881,97314,107512,115194,122867,128498,138006,147485,168567,171913,291526,215366
2604,63497,66983,66448,68900,71920,76029,79485,85120,90777,98249,109426,115340,183193,129274,139493,148615,160507,171210,204581,202902
2605,65595,67752,67625,68695,72785,76812,80219,85508,90969,99051,112458,117204,132692,223592,143218,150854,161109,165226,190277,192264
2606,66021,65210,67070,70036,72016,76192,79727,85612,91880,98894,110758,115545,122785,140110,238766,151946,161730,167378,179729,190661
2607,64701,67042,67042,69122,73271,75855,81601,85859,91600,99196,110821,117438,122891,130838,161456,151039,161262,283449,179642,190799
2608,65781,65657,66760,70186,72955,75765,80066,86032,90002,99882,115962,116788,122533,128931,139843,238771,159013,183427,175869,185684
2609,63368,66541,67702,68749,72610,75212,79882,86466,89759,98571,108711,179666,123016,128094,138847,159019,267858,169903,174761,184848
2610,62791,67815,66292,69590,72557,77628,80220,86407,89711,99980,163506,119433,193386,127372,141709,151742,181209,167658,209220,184949
2611,65691,66102,66369,70490,72158,78472,82256,85084,89829,148857,114319,113995,133970,207012,140971,148049,165411,166585,180875,309162
2612,64249,66505,67438,70966,72175,77871,81600,85341,90663,105118,108759,114868,125641,142993,138644,146702,159233,166988,310434,211390
2613,65687,67978,68473,70456,72018,79549,80925,85326,90652,100765,109169,116594,120973,135424,223939,147288,157666,167300,211094,196218
2614,65481,68302,67683,71056,73510,79375,83035,85457,90621,98506,108366,115668,122146,127970,154469,241859,157831,265412,182838,184397
2615,65513,65991,69021,70288,72927,75908,81929,85384,90044,98414,108477,114883,121411,127474,146032,167984,159474,181383,180126,184363
2616,66275,67075,68357,70552,72170,79034,82133,85385,90573,98505,108943,177407,177407,127357,141778,147357,159913,170971,180697,184850
2617,65272,66847,68029,70573,72573,78085,81762,85518,88982,98077,109036,124828,133643,210328,141258,147302,265782,168671,180760,265782
2618,64841,67062,68300,69880,71910,77866,81744,85020,89285,98009,108350,114950,126357,145055,142134,147309,184683,170695,183230,216780
2619,65458,69414,67721,70972,72903,77726,80801,85330,90137,98912,109455,115406,122764,132225,142206,148442,160148,173656,178141,204031
2620,65674,67616,69685,70838,73263,76920,80380,85410,90015,98529,154671,114994,121541,129574,236341,256956,160880,280652,177662,187695
2621,65675,68541,66889,69526,72512,76130,80252,85250,89871,131875,113316,116074,120439,128576,156434,158875,157376,183058,273995,185347
2622,66320,65551,68301,70158,72521,78046,81736,85224,89151,100508,108481,115682,194252,127459,145848,149322,156995,168377,196569,182837
2623,66304,66277,68532,69092,71512,77748,82867,85868,89588,98259,107305,147185,132312,204907,139796,150536,157685,166621,177953,305074
2624,64224,65677,67818,69357,71641,77097,80598,84865,89744,97998,109413,117368,124450,141474,139838,145193,257423,167574,179393,208330
2625,66299,65365,67954,70305,72126,77346,81187,85582,89854,98494,106607,118891,124753,136310,139794,148149,177656,167508,179018,194247
2626,66224,65437,68649,69935,71438,77498,80084,85055,89394,98274,107226,119152,124384,137021,140138,236475,163952,167580,177395,194896
2627,65891,67332,67572,70435,71241,76629,80407,84840,89368,126626,109787,116152,120325,127844,187200,163769,156483,274021,299380,190613
2628,66962,65583,68024,70297,71410,76978,80794,86013,89687,101042,146561,188396,203885,125686,151063,152062,157208,191605,206886,191089
2629,65990,65024,68331,70370,71361,77619,81159,85980,89982,99949,115441,125751,134082,204753,143550,153288,158437,167891,179238,192147
2630,65797,65655,67866,70143,71956,77051,81285,85550,89904,98210,107618,113253,123695,140904,147120,145476,219456,166246,179592,194043
2631,66289,63938,67598,69891,71633,76384,80119,85021,91159,99230,107952,113224,124190,133503,146975,149537,164199,166595,178259,308300
2632,66228,66052,68438,70076,71817,76607,80582,84977,91530,99526,109543,116963,125555,133904,241620,238804,158435,167512,180684,211727
2633,66622,64831,68555,69915,72186,77726,80124,85115,92153,138499,108933,119391,123544,130153,154201,165344,158756,289254,183118,195450
2634,66221,65532,69075,71292,71747,80222,80034,85783,89744,104569,109783,114585,120329,207652,145048,154627,264411,193606,180213,185921
2635,67509,67346,68426,71075,71055,77623,80173,84941,89095,99650,107703,115812,119041,140878,142771,148758,174877,166050,235212,187495
2636,65187,65525,68579,70397,72379,77678,79490,84925,90370,99246,167396,132651,198038,130802,141786,147367,160997,167215,185751,185877
2637,66906,66460,68661,70874,71836,77137,79565,85816,91356,98608,114176,115636,136200,130700,142019,145486,158988,163319,181824,185521
2638,65031,65684,68403,70614,71787,77481,82132,85306,91599,101343,111962,167566,124613,130556,141706,227964,162066,163628,174277,295856
2639,66177,66125,69386,70256,71668,78674,78789,85761,90950,98615,108879,121822,125168,130114,140141,157859,157270,167010,292341,211240
2640,65670,66128,68757,69660,71293,76910,78737,85886,91963,98365,107994,115594,124250,207572,224863,148431,164394,264967,198161,197072
2641,65679,65367,69245,70648,72032,77749,80043,86303,91709,98503,108386,115724,121551,143358,154905,151085,262606,181472,182373,190097
2642,65750,65986,68312,70459,72346,76841,79693,86569,91214,131380,110213,114297,124217,131779,145726,149239,182475,168071,173909,188823
2643,65729,65377,68395,69587,72270,79051,79256,86039,91339,103499,109780,114992,197796,130604,140689,245260,161278,169726,180574,189187
2644,66059,66113,68824,69451,71352,79284,78674,84019,90544,100119,106645,168110,137447,130736,141092,170980,160375,166817,177440,188382
2645,64674,66542,67754,68838,71575,78629,79599,83657,90086,98113,106418,121369,123822,129439,139798,149820,160415,164676,177917,245695
2646,63151,65640,67227,68112,71053,78803,79034,84864,90320,99399,108252,113755,121289,210304,139371,150439,163826,268261,293590,200718
2647,62989,62730,67896,68400,71232,77519,78285,86425,90390,99610,168989,114784,122647,146642,234073,148208,161676,188846,205178,192445
2648,62597,66595,68468,68631,70271,77509,77709,86274,90124,100169,112377,111476,121709,129726,157161,154720,158329,169315,178129,187145
2649,64055,64250,67739,69091,71187,77904,78142,85904,90513,99519,109698,113998,122269,130367,147693,148392,273739,163404,179177,300657
2650,64235,64505,66916,69078,69967,77917,77695,83901,91139,143835,106148,185523,201311,131222,141252,252841,187374,164895,176725,217738
2651,64488,64733,65868,67337,70468,76914,77194,83470,89506,102894,105369,122478,137037,130423,140175,171625,161029,271538,181182,200774
2652,64351,63932,67352,68468,70943,77436,77172,84452,89736,98854,104844,113548,123074,209034,138962,151107,157493,183971,177301,185341
2653,63810,64802,65400,68241,70073,77556,77554,85019,89222,98944,104773,112130,119789,142800,138017,149524,157714,166209,283505,183017
2654,64565,64829,65004,68094,69741,77237,77624,84846,89850,96482,107542,111930,119205,129797,221226,148640,157052,166126,206510,182680
2655,63676,64859,66168,67608,69936,77059,77493,85311,89165,96580,150449,112178,120007,127927,154756,148343,158356,166834,181551,183707
2656,64520,65593,65694,68458,70585,77720,77409,85822,89685,99180,112480,152233,140190,129100,146168,148220,159083,168059,181920,289653
2657,62865,65721,66165,67911,69966,77144,76929,85583,89514,97960,109715,118991,127263,128839,139134,208749,262006,262006,172717,209151
2658,63964,63157,66010,68470,69601,77396,77286,84757,89215,139141,109018,112179,193347,206349,138169,156713,182059,182090,172413,196469
2659,62761,65515,65962,68367,69685,76687,77102,84700,89411,102062,108251,113119,135852,145106,139975,148143,160043,170991,246473,198142
2660,62712,63460,66602,67394,70355,76730,77374,84951,90264,99379,108141,185465,124628,133465,234362,149666,162123,172475,204184,190625
2661,62277,63781,66714,67808,70822,80965,76898,86182,91375,100264,107112,124925,124318,132356,164698,254496,164026,167923,180248,193609
2662,62840,63850,66249,67435,70598,81022,77028,83722,92505,100286,109383,116294,123758,128095,142926,164960,154108,166708,177563,192195
2663,63761,63573,65308,68566,70425,78735,76970,84881,92363,100060,173563,112638,123495,124890,143193,152811,154427,285007,177749,285007
2664,63450,64040,64580,68672,70309,78152,77004,84640,91516,100335,116095,116701,124890,207553,143698,151351,263432,193282,313096,209839
2665,63725,63146,65973,67890,70730,78391,77519,84461,92398,99755,107628,114362,161080,142237,144024,147360,179164,167706,195482,193571
2666,63721,63586,65114,68138,71361,76456,76833,84207,95017,99617,105807,116697,126816,133098,143246,146445,163078,166568,177560,191237
2667,63091,63151,65390,67829,70519,75955,77907,83256,91137,100514,106399,113139,124132,132526,143150,145118,155840,166579,176974,190493
2668,62883,64845,65178,67979,69692,80494,77136,83996,89776,144599,106271,169977,123028,131639,148254,236268,155155,164971,175367,188045
2669,62856,63654,64550,67988,70333,76953,77192,84590,90004,103842,106507,124638,201176,138246,233421,161450,161819,165456,177338,188731
2670,64005,63534,66949,68695,71231,76233,77541,84469,90477,100106,106822,115976,140015,215878,162079,151859,215878,275615,177743,301623
2671,63797,63908,64894,68354,70836,76088,78036,84317,95696,100088,106240,112745,123953,142643,144079,152009,173411,189988,176566,205254
2672,63358,65730,64674,68345,71184,80285,77863,84137,91283,99691,126941,112628,123662,132860,143091,152494,163063,172759,300269,189351
2673,63865,65749,65469,69128,70972,81088,78346,89465,90468,101290,110457,112816,123874,132609,143063,152320,161154,165586,203782,190003
2674,64430,64500,64910,69192,71094,81283,78127,84686,90572,100267,106258,185298,123173,133215,144316,232308,160807,165252,176307,190302
2675,64197,64766,68078,70141,71031,77210,78537,85612,93763,100832,129221,126462,125419,134679,145717,161726,267556,168628,181246,195287
2676,64918,65334,66887,70156,71809,78098,78551,85819,91293,101002,111958,114060,120525,129865,146452,155111,181241,177012,181275,184503
2677,65130,66286,65598,70274,72972,78427,79537,86250,93116,101875,108874,114601,196414,213110,146815,150177,158530,295312,184156,323907
2678,64597,66235,65603,68957,72151,77717,79117,85787,92918,99026,109133,113944,134105,144738,228775,150723,161301,183326,183614,215101
2679,65423,65981,65390,70253,71877,77953,79731,86405,90106,98082,116315,114235,127170,131120,156552,150445,159203,169508,185177,199569
2680,64390,65933,67515,69157,72484,79149,78790,85361,96415,137187,108115,113108,120136,126851,144241,229233,155727,165088,281672,185029
2681,64943,65178,67936,70567,71273,79119,78706,85694,91373,104123,160200,122669,119935,126524,144000,153530,155598,166590,193051,182851
2682,65082,65614,66387,70502,72833,78518,78907,85068,89572,100099,114953,158210,119199,125761,142638,145952,254650,165394,178676,189189
2683,64455,65167,66313,69736,71595,78127,78441,85061,91462,100457,108052,122882,202133,202133,143037,144722,175228,165897,176487,189715
2684,64987,64609,66251,69099,70371,77181,78718,85546,90480,100544,107623,113375,140693,140977,143205,144744,164226,277033,176625,190160
2685,65073,65419,65303,69483,70411,77796,78540,85740,94573,101561,107768,113436,124870,133634,144496,235428,163435,193312,177559,305038
2686,65080,64783,65199,70145,71977,77717,78210,85576,94350,101531,107964,113706,120198,128804,239642,164797,157491,167706,309153,210774
2687,65571,65566,65540,69347,71720,77407,78884,89463,94209,101654,108373,182053,122032,129168,157481,153726,160214,172554,219183,202595
2688,65325,66023,66541,68711,71328,76996,77739,89584,92440,98113,108417,120307,120399,215937,148009,151222,181344,169747,184549,186878
2689,64469,65741,66155,67232,71525,76025,77290,85176,90108,97969,109110,114945,120972,138655,138254,149856,160233,168989,174352,184013
2690,63864,64595,65117,67805,71332,76065,78172,85179,93072,122376,164831,113732,164831,127924,138219,148968,269093,168569,173716,183478
2691,62655,63787,65617,68916,70783,76603,78442,85629,91958,102919,112660,113700,128855,127927,138129,246883,182998,267545,172860,186297
2692,64175,63246,65545,67902,70666,77610,78458,85347,93317,98322,109775,112448,119965,126731,137182,168772,157193,179533,171066,309721
2693,63462,64991,65383,69240,71359,77297,78205,85288,93600,98400,108522,112533,120659,139079,222400,150668,160265,167966,179061,211767
2694,62650,64457,63533,68954,70124,77297,77252,84729,88859,98395,107918,172653,188643,218179,152500,149084,156146,165144,278979,191291
2695,63373,64104,64871,68622,70504,77163,77683,84766,92540,127459,107580,123112,131558,143859,143573,144692,158852,166954,206327,191409
2696,63631,64188,64961,68439,70987,79977,77930,84537,92149,102495,107518,112951,124318,133066,144461,145276,156556,166677,178748,191265
2697,64172,65299,65214,69013,71202,81631,78502,85094,92637,100588,107866,114389,119859,129152,144399,236894,259015,280767,178299,191927
2698,64148,65459,65264,68740,70824,77762,78372,85667,91572,98089,107813,113298,118958,125734,143072,164358,175582,191380,176400,190030
2699,65028,65322,65888,68275,71452,76908,79223,85985,93533,98808,123149,118115,194718,128334,146691,153473,166773,169910,180975,197122
2700,116,117,117,117,117,117,118,118,118,118,118,118,118,118,118,155003,118,118,118,118
2701,64836,66100,77400,102365,125882,144082,169727,202102,219680,235719,256554,281539,305962,305962,335389,118,335389,335389,335389,335389
2702,64680,65673,66850,70701,72432,78283,82190,94457,102872,113168,120335,129968,147062,149510,172481,335389,329506,329506,329506,329506
2703,66451,66596,65835,70300,72813,77935,79212,90979,95778,102874,109733,116626,128343,130379,149272,234185,186664,201606,203246,218722
2704,65453,66919,67262,69720,72170,82843,79893,86515,95421,98808,109584,113921,120507,149646,138652,158714,158620,168113,180739,183508
2705,65360,65648,67131,69119,71868,82444,79275,86388,95445,98728,109500,114116,121766,135372,138947,149727,158945,167241,180399,184205
2706,65859,66138,66187,69371,72264,82718,78937,86785,94509,99461,108628,114887,122437,210848,226097,149818,158910,167315,180692,289392
2707,65043,65653,67258,69680,72771,82629,79800,87328,95219,99547,110602,178691,195782,145112,155181,149998,159592,168445,181530,213889
2708,65612,67063,67327,69901,73085,79596,79377,87797,93581,99285,110586,120625,135356,131599,148049,150952,158449,167853,174014,196570
2709,66046,67251,67180,70375,73603,83536,79740,87287,94261,98884,110262,115939,122733,129279,139873,245274,158353,167807,287636,184535
2710,67648,66501,68224,70509,73244,79991,80074,86354,90814,98877,160362,114504,120244,127394,138225,167891,156772,258088,192663,181758
2711,65891,66385,66354,70526,73567,79848,80461,86539,91126,148582,116667,115095,121551,128294,138522,146799,158015,193673,180480,183299
2712,66037,66147,67791,70635,72768,79557,79392,85846,91597,106032,108481,115823,122066,210532,138853,148390,264918,169596,180010,286384
2713,67469,68443,68947,71759,74021,83617,79766,87437,94189,101759,111548,116904,136850,149100,237405,149200,190805,173599,188547,223053
2714,67461,68495,68816,71411,74175,77805,83931,91727,94273,100642,111074,187332,124122,133198,161478,154139,164837,166719,178354,191253
2715,67184,68784,70236,71942,74664,77411,86518,92810,95228,100842,111107,124106,206312,133350,143170,152980,163988,166515,178055,191214
2716,65076,66871,68214,71263,72016,77768,82407,86170,93900,99185,106470,115161,129221,124624,139210,240402,150965,226184,289376,190046
2717,67430,66434,67818,71313,73588,76949,79805,86330,90717,99445,109147,115107,121957,128684,138348,157576,156653,178802,197047,187523
2718,66634,65641,67505,69642,72593,79290,79110,85675,94894,98835,109261,114135,120895,207094,137815,148942,157749,168449,178218,189084
2719,65970,66344,68312,69609,72596,79142,79558,85979,90646,98883,109945,115408,121251,143606,138094,149503,158756,166318,179983,284924
2720,67648,65137,68155,69113,73170,79350,79128,85629,90883,98427,110164,114053,121486,130607,224068,150542,263647,286010,179562,211186
2721,65711,65890,66949,69597,72385,85847,79196,85754,95177,99913,112433,114129,150019,128774,154695,150019,182264,196506,185744,196694
2722,66246,65225,66959,69655,72664,79261,79308,85586,90502,98965,138973,177248,126748,128605,147319,244414,158634,168735,179835,184713
2723,66570,65368,67138,69283,72739,79664,79744,85762,90922,139063,113185,125252,121671,128395,137798,167405,158688,167130,286655,184403
2724,65905,65416,67149,70713,73028,79604,79673,86132,90281,103412,110098,114818,194804,211560,138545,149571,158101,168642,198588,191318
2725,66550,65779,67937,70415,73459,80141,79456,85941,90994,100305,110516,115161,136169,146418,140387,149624,161748,171037,185693,202768
2726,64651,66581,68266,69672,72713,79870,79574,85736,90663,99036,109640,115035,123177,129960,232020,151594,160655,161917,179151,326918
2727,66077,66384,66945,68950,72246,78570,79190,85829,90850,98683,109550,114516,121906,129796,157427,150485,276305,276305,178993,218118
2728,64829,65362,65467,69000,71880,78674,78550,85148,89651,97406,108988,113725,121029,128884,138644,167391,169408,183847,180080,188373
2729,64872,66494,66759,69244,71543,78704,78505,86149,92705,98099,166770,180991,121471,129466,139754,155227,159756,168747,177929,190876
2730,64430,65199,65817,67489,71104,77788,77240,84594,93377,96923,111395,117673,174477,206679,135811,250703,155501,158710,284050,183066
2731,63879,65080,65137,67567,70151,76702,77083,84573,93080,147157,108562,113158,131388,141272,135352,163249,155031,164919,193049,184208
2732,63488,63566,65417,67942,70378,77525,76608,82859,89050,102743,106793,112338,123214,132359,217770,151823,154701,163674,176283,180020
2733,63761,64298,64820,67988,70430,76273,76718,83193,87584,98894,107070,112889,124333,133174,151116,144483,260525,282161,176610,192134
2734,63620,64095,63922,66529,69886,77581,76635,83193,105451,97333,105952,112861,119302,128601,144865,146850,178163,194199,177612,310179
2735,63341,64974,65540,68354,70621,77078,77327,83803,91882,99984,107167,177052,194151,139949,145490,147586,165240,168426,179944,214107
2736,64062,64779,66217,68466,70803,76142,77622,83581,88469,96896,108043,123348,132403,208015,136755,245043,155828,166381,285500,193643
2737,63339,64978,65565,68860,70355,77450,76977,83994,88109,97030,107769,113735,125635,142848,137066,165556,156569,166660,197122,195068
2738,62498,63875,65076,67803,69845,75693,76952,83083,112407,96511,161227,111998,119325,128725,222976,152968,156711,165146,178501,185462
2739,62929,62542,64739,67658,70851,76366,77976,84868,93001,108820,112475,114342,121220,128114,155279,148065,158375,168994,182365,185851
2740,64205,62857,65761,66983,70156,76441,78115,83839,88588,99739,107811,112661,119938,127045,146762,149617,267290,267290,172657,187829
2741,62729,64271,65911,68961,70114,77012,78249,84799,88149,103712,107882,150496,194714,140587,146115,149514,182136,182136,173229,185266
2742,64706,65234,66239,68837,71045,77116,78778,84555,87918,108696,107726,118171,132515,208502,136099,149799,156779,167421,285692,312663
2743,63523,64438,65657,67746,70529,77138,78970,84084,101299,100224,107458,113458,124870,142063,136188,242265,155623,165270,193411,209678
2744,63608,64231,66445,68031,70470,77236,78896,83924,92985,103272,106404,113092,119914,133248,218509,164356,156265,166118,177723,190992
2745,62955,64991,67177,68498,70782,76736,80159,84718,90640,112265,107833,172796,119430,129011,151742,153509,157574,277979,177787,190415
2746,62983,63715,65816,69528,70867,75731,80273,84120,91492,99630,146378,122633,118900,125244,145749,148258,161777,191415,176511,190022
2747,63709,64725,66195,69004,71141,76915,80256,85320,93832,100497,111734,113326,205408,126275,146827,147691,258110,166405,178871,191936
2748,64415,65119,65714,68941,71734,77728,80673,88627,93623,112507,107895,113273,133918,205265,146609,148612,177187,166133,304651,191629
2749,64317,65441,66951,69765,72369,78367,80819,85247,93418,100774,108595,114693,126093,143749,146440,237728,164742,168355,210588,194789
2750,64680,66704,68347,70394,72007,78438,80316,85650,97531,101392,109250,114728,122637,137012,147687,166296,159622,169082,184586,318396
2751,64394,66533,67845,70595,72862,78581,80643,86244,91076,100697,110844,185658,123402,131664,142546,155895,162921,173224,177604,222377
2752,64522,64963,66079,68250,71303,74965,81115,85550,89388,132740,108653,121204,121878,130183,231776,151871,158815,273085,174875,187016
2753,64395,65861,66233,68407,71289,78021,81618,84822,131966,101599,131966,115476,121721,129242,155888,150019,159418,183929,173875,184338
2754,63348,64869,66133,68427,71430,77165,81515,84313,95357,97725,108596,113289,161720,207634,144918,150349,260580,165947,171124,182577
2755,63712,65195,65502,69247,71134,77445,80665,84898,89764,96873,106446,112769,127350,141950,136606,148128,178048,164875,169907,181906
2756,64145,64853,65781,68714,70426,74676,80068,84222,91350,97244,108037,113195,120150,133240,136663,238056,163142,166751,278953,181640
2757,64186,65356,65709,67314,70376,75467,80443,84803,95518,98081,161442,113477,120633,129473,136960,163978,156748,167929,195654,309575
2758,63189,64777,66569,68086,69975,73896,79759,88599,92228,136849,110977,173166,189463,126219,219817,154829,155544,279242,176774,208978
2759,64235,64891,66785,68882,70800,74794,80388,86135,93405,104492,107472,123407,132038,206871,152180,146637,155335,194254,177620,193505
2760,62630,65291,65825,67790,70969,75605,81295,84092,90146,99296,106921,112135,123449,140276,143185,147332,254337,164902,175921,190187
2761,63424,64810,65527,69028,70665,75868,82031,86560,90337,100849,106829,112894,123984,133323,144429,145913,176521,165366,301858,190546
2762,64031,65040,65839,67990,70319,75736,80802,86084,92915,99593,107634,113292,124488,133621,144811,236075,164405,166267,206853,191868
2763,64342,65059,67021,68678,71486,77378,81640,85308,91863,102832,108787,115226,127219,131538,147143,163656,158852,170385,183427,197898
2764,64187,65554,66519,69893,71535,77670,81200,85460,90232,98909,108812,177704,194306,128270,138582,156735,158898,167873,180490,184411
2765,64545,67352,66896,70153,73176,78169,81519,84941,94932,98315,151642,126944,135579,212346,227674,149528,159438,270100,181775,320926
2766,64366,65683,67760,69026,72279,77444,81857,85494,91084,97845,112571,114439,120780,142691,152664,151167,156562,178232,172369,207956
2767,64507,65663,67792,68455,72107,76860,80948,86655,90834,130123,109482,114659,121543,135601,145766,148252,264179,167852,178712,194154
2768,64687,65955,67267,67697,71924,76389,81218,85164,90066,102203,108514,114200,120822,127427,137052,242298,176637,165015,177485,191135
2769,65825,64710,68316,68097,71960,76415,85170,85576,91734,103016,109457,114753,122296,128239,139236,163554,164641,167758,313675,194201
2770,65792,65918,67791,69518,71756,76754,85217,85474,91266,101669,109179,114774,191954,128354,138889,155486,157809,166689,195332,194429
2771,67282,66563,67636,70952,72086,76884,81895,86548,94203,100271,109753,177841,135219,210805,226326,149176,158506,291053,180465,184156
2772,66120,67669,67397,70944,72410,76815,81715,85913,91215,98529,109054,124680,121411,142456,152152,149585,156146,192155,177892,181571
2773,65975,66125,68043,69941,72033,76614,85965,85839,91468,98648,108067,114658,121323,134532,145396,148110,220383,166500,177492,307722
2774,64614,66676,66458,68852,71990,76464,82840,89357,97899,98391,159288,114111,120538,127164,143630,239107,163517,164188,176498,207462
2775,64466,67890,69081,71757,72672,76489,78655,88492,94242,128593,116928,115596,121912,126399,143136,163016,154714,164374,174543,188001
2776,59620,63042,63472,68180,71040,77057,79648,82550,87796,97737,120362,126288,244075,143173,167952,151886,183450,202588,221629,245529
2777,56431,60211,62435,69062,69852,79235,82438,86458,112379,108271,115744,120504,129169,129326,139796,181490,151669,162299,174127,178950
2778,56300,59213,62640,63752,71474,77715,83072,85130,91537,107259,118512,124306,130261,240977,146834,146418,291511,169833,185470,191240
2779,55107,59407,62353,66882,69714,80541,78475,92700,93187,108574,118461,124332,130573,146257,149256,148664,172475,321345,325209,192032
2780,55906,58791,63400,65447,71724,75543,77942,88286,101776,100091,116550,123437,129163,137069,146868,149173,159246,184352,187198,188879
2781,59349,59297,61952,65407,69746,75651,79095,88571,96700,107751,118579,122744,129122,136256,253610,149138,157006,169748,184656,186399
2782,57001,59227,62499,64867,68414,71368,78839,96586,99784,108049,115463,120268,125450,133057,149255,253610,152724,164170,178257,181163
2783,56162,58960,61184,65976,74330,71024,78506,86772,103018,104849,116145,119875,123672,133814,142602,161842,159827,173308,179851,333451
2784,54816,57877,60931,64825,76303,71389,78387,96671,94803,102568,114677,123680,125258,130422,140705,151762,159533,170610,178849,218892
2785,55480,58522,60038,67478,75959,72262,81494,87998,102598,111315,115031,144098,132303,133052,142587,149826,200259,172513,188245,205415
2786,54892,59082,63020,64289,74752,72492,81160,96591,103063,104199,115495,125071,126055,132343,140616,151318,171057,172587,189409,190178
2787,55280,58775,61923,64742,75642,72760,78166,97719,104002,105286,111250,122491,127708,215935,142979,151532,163036,173825,190268,195975
2788,57206,59994,62071,65028,74980,71788,79725,97352,95159,105998,115855,120828,127126,148096,142894,152343,161590,172553,189431,193240
2789,57958,60062,63818,67645,70306,74388,81217,89959,96462,108758,120239,124988,131542,148139,150373,231936,303885,303885,200551,207079
2790,58401,60852,63227,64863,67616,79531,80712,87202,92993,109984,119208,116542,131092,138591,250841,171667,187722,185093,187917,201260
2791,58422,60103,63547,67238,67672,73760,80375,87212,95510,109147,115018,122269,131119,138585,159160,160102,168973,170751,326799,201425
2792,57635,60008,62705,66620,66891,78476,78117,86766,92453,107288,119396,127754,130671,136900,147027,156126,157757,169195,199859,199657
2793,57841,60024,62124,66746,67626,72496,78182,92833,101279,101601,119149,124579,148941,136000,146356,146744,157800,167546,185806,196066
2794,57182,60572,62014,65585,69186,77829,80432,96038,100737,105283,116390,119533,132335,133099,142947,146686,153243,162853,178855,187674
2795,57478,59795,62531,66401,68176,72396,81833,92463,102399,102484,116098,181557,127951,134049,142164,149123,163263,174144,193171,194141
2796,57967,59922,62710,66206,69822,77774,82240,97210,101469,106280,115785,126865,127619,133600,141438,253352,163124,172613,189469,322469
2797,57242,58370,62783,65992,69581,76797,84470,94532,102564,106270,115499,121966,197773,133836,143436,173419,163436,233180,190812,222844
2798,56495,59111,61199,64603,69885,78792,80867,98623,101263,105308,115355,120006,137933,210961,141470,151570,160860,181916,183837,201019
2799,56556,58266,62142,65942,68550,79972,81277,93617,101681,109934,115496,119782,131137,145981,141195,150790,264263,175833,184786,200307
2800,56107,59090,61219,65952,69193,84157,80981,85113,99482,108014,113988,117989,128897,135946,218175,150655,180192,171034,182140,193681
2801,57075,59755,61682,66177,68153,71930,80595,98744,101004,110041,114546,120264,131770,139428,159384,147990,172395,175997,187950,201755
2802,56135,59085,62156,66234,70228,71429,75996,96139,102077,110154,116029,119309,131728,135872,150509,150712,161354,216052,188860,202233
2803,57985,60678,62802,66632,70010,73409,80886,97734,106416,112252,119546,124378,129383,136312,153316,151755,166711,191738,195732,211110
2804,57330,60251,62282,65871,70429,72253,80576,97724,101693,108357,117325,120456,127750,135508,144338,260123,163899,175646,180215,197260
2805,56115,59844,61466,66376,70011,79622,81568,96930,103128,108392,115141,121316,127786,131759,142245,163326,162120,172550,296703,191608
2806,55020,59389,61406,65611,68457,73710,74702,82017,85338,106460,112274,117536,122159,201584,137256,151466,154855,167404,194975,181366
2807,56015,59978,62370,66224,68007,81453,74912,89313,98346,105398,113582,120587,126336,142087,151555,146556,163187,276203,180132,194097
2808,55592,57449,62027,65326,66910,72287,74059,80931,90986,98140,114924,119562,183809,134224,230721,152519,252657,192176,180276,195729
2809,55548,58033,61122,65641,67084,81015,75516,87627,91789,103168,115789,156492,135353,134284,163702,153047,188837,176491,177965,297491
2810,54954,58068,62179,65164,66698,72146,73164,87141,98347,97253,114507,127226,128759,133383,150532,153502,162673,171902,179878,218523
2811,55991,59618,61217,65371,67665,78975,79786,86915,90152,104428,114659,117333,128260,132610,149832,152472,162994,171218,179357,204482
2812,56146,58133,60895,64292,67134,71492,80584,80218,84225,103108,109121,115175,124978,190797,146610,248847,158136,167925,281809,197599
2813,55414,58588,61441,65759,67574,72317,84368,86742,90214,106833,114401,119370,126758,148054,149497,168655,163041,176368,220258,206578
2814,55847,58513,62852,65306,70462,80006,75636,81077,85277,103802,112582,117948,128774,136746,150793,162374,163182,173963,192163,206728
2815,56001,59309,62808,65970,68994,72756,76790,88642,91698,105437,114524,121305,131190,136408,154215,152285,168188,287950,196118,215270
2816,57810,59300,62393,65363,68304,80646,74945,88037,91223,92959,113750,158979,124545,134891,145338,155675,262665,198384,182564,200795
2817,57164,59764,62785,65770,67875,73467,74639,88213,91862,104094,106817,125910,205241,135259,145724,154530,179246,179465,181656,195512
2818,58545,59446,61790,64842,66734,79662,73709,80937,85066,102637,114915,115721,139119,131508,141463,154897,160803,162406,177699,188439
2819,58518,58688,61865,64912,68985,72487,75489,80182,84669,91264,113530,116038,130984,209809,142038,150467,161423,170638,187791,192937
2820,55992,58637,62773,64855,67920,71046,74415,79868,85662,104893,108924,116787,125092,145267,224475,150891,160508,168684,182218,199336
2821,55786,59399,61162,65301,67068,73302,75493,79858,85518,104599,113010,117267,125732,139742,158587,243596,160028,171766,186675,200051
2822,55811,58666,62041,66372,67548,73057,74216,80511,84830,104465,111367,151585,125198,133145,147368,171766,159272,170213,186593,199211
2823,58051,59068,62593,65318,67991,72175,75123,80102,85309,107610,112481,125458,125650,133863,148227,158805,208465,171817,288181,201266
2824,56178,58701,61583,65840,67105,73123,74539,79450,84621,104135,111337,118382,123880,130612,145442,157627,167733,280804,211052,282139
2825,55677,58990,61861,65782,69389,72881,75379,80046,85626,103370,112683,117940,130924,134950,148924,147453,171274,207410,203332,221564
2826,56228,59082,63446,65404,67756,73400,75417,80581,85117,107934,113119,118092,127181,213116,149796,151736,162333,175899,188845,204966
2827,56562,59808,63116,65810,68239,72828,75568,81109,87217,97793,109592,118285,202878,150682,152738,151097,175283,175454,192891,210288
2828,56394,58707,62132,66105,67474,78387,74594,80117,85039,103511,112917,154182,140074,134080,141394,154331,213631,176378,178722,192984
2829,57512,58758,62443,64871,67551,73765,74190,80664,86510,102025,112170,126009,131833,131295,141476,253238,173383,176016,176416,192831
2830,55779,58400,61180,65457,68070,79482,74971,80265,88722,96556,111674,115632,123913,130273,223114,173597,157036,170155,172960,187143
2831,55919,58273,62655,65954,67804,74080,75157,80825,85495,106796,111356,116787,128195,130995,156960,146333,162036,170722,184809,198744
2832,55222,57776,60464,65679,67348,72846,74717,79574,83306,93463,110949,115867,127317,131249,145172,147329,258020,168408,179591,195668
2833,55018,57686,60673,65338,66176,72627,74871,79835,83994,93883,109444,113987,126387,200667,144039,145933,179143,219581,276121,194579
2834,54265,56585,59626,64345,66746,71367,75143,79553,85149,92999,109084,183810,124873,144160,142886,145646,163877,180714,204860,273368
2835,54687,57723,60977,65360,67154,71541,74534,78858,85336,92592,104214,125975,126737,134007,143024,151410,169291,177983,194573,220190
2836,54371,57366,60867,66268,68400,71771,73639,78466,129752,92082,109004,118659,123234,131667,139365,248123,164003,173502,185475,199792
2837,55200,58052,60133,64127,67629,72692,76146,81694,91642,93563,104930,121802,186471,135517,236626,172547,167445,190817,193193,206937
2838,55442,57594,62204,64713,67349,73805,76391,80185,86081,146897,110614,119743,137277,136113,166299,162448,170256,184842,185031,200160
2839,56787,58995,63583,66032,67497,75898,76730,81329,88065,102129,112826,121567,130922,139886,149536,155543,173646,178614,193793,204835
2840,56097,58267,61545,66450,67295,72370,76361,80331,84792,95239,112317,117043,124561,165372,148515,161076,159492,294029,187208,201332
2841,56355,58609,63053,65995,67951,74239,76534,80992,85094,90885,129746,116456,124234,137989,148083,149001,159168,198669,185887,200558
2842,56208,58235,62519,66308,67911,73917,76434,80381,117629,103367,113892,115887,123201,135196,144245,148584,254732,180188,181183,194725
2843,56265,58124,62580,65000,68957,74059,76038,80627,89621,104855,114508,120649,128532,150549,146061,145831,193408,182522,207190,201150
2844,55635,57599,61260,66035,67946,73442,76286,80488,86272,101235,111534,116038,127035,136306,145684,242230,170389,171900,195120,195577
2845,56259,58261,61410,65171,67902,74442,76406,80673,86704,96372,111757,190406,204963,222406,147206,168900,171457,173593,187588,208658
2846,55614,57747,60850,64703,66553,72130,75814,80411,101539,115681,111259,129174,144048,154515,146054,157410,165152,168484,281290,210864
2847,56223,58534,62944,65621,67529,74307,76225,80470,86986,106683,111754,120674,130632,138154,147800,153615,167374,173531,213516,202949
2848,55946,60116,60796,66729,67206,72977,75557,79638,85138,103893,110282,116048,126493,136281,237341,155362,156486,172571,183804,276598
2849,56105,58444,61092,64992,67739,73379,75833,80567,137123,102117,161387,121670,127964,137950,171550,145576,166311,173252,187904,215815
2850,56312,58437,63089,66097,67441,74061,76207,80158,90825,106835,115787,116443,129597,137791,147155,154875,167617,173822,188261,203254
2851,57400,59503,64166,68002,69391,75564,76864,80790,101238,109078,114604,117769,131366,141221,151933,154844,167103,303423,194630,207306
2852,56681,61072,61933,65985,67999,72824,75801,80127,97768,108674,112658,117795,125752,132159,149937,256511,198263,191103,188387,203237
2853,57437,59468,63447,66115,68175,73795,76049,80617,100905,107809,114805,117896,125899,132262,151488,171435,178031,177859,189840,205059
2854,56902,59109,62027,66846,68295,73010,75635,80906,97552,101364,112213,116740,123730,127684,146723,159363,158308,166380,183019,197204
2855,56595,60747,61469,66577,68943,73750,75057,79869,86886,104885,111491,117642,128256,203486,146429,147338,157423,172195,186312,197997
2856,55795,58603,60549,65224,74437,72774,73546,79675,91577,102985,110609,119107,126715,143033,143338,147459,254301,166405,183343,194762
2857,55990,60054,60893,65917,67858,73458,74721,79945,100380,104329,114526,186864,200825,135188,144228,145337,192538,167185,221359,198038
2858,55990,58714,60617,63967,67780,72317,75369,79219,99985,100567,114034,126758,140417,134138,142922,151839,164254,165018,195075,195822
2859,56292,58895,62333,65641,67503,73198,74659,80262,96871,104606,115596,122832,135133,136024,144857,152788,167763,167783,195058,199200
2860,56548,59151,61043,64266,68588,72759,74493,79979,99543,103779,114469,119666,126808,134924,198988,255604,165205,273432,183622,274422
2861,56587,59534,61173,65112,68610,73043,75117,79954,100795,104966,114161,120283,129248,136986,156361,178563,169283,198378,185901,213326
2862,56573,59166,61269,65097,68346,72916,75768,80514,96902,105131,112148,114502,127913,149214,145861,156395,164558,181141,279468,199133
2863,57938,59920,62580,65885,68397,74118,75576,80937,88862,108116,113509,118646,131327,140854,150687,152851,172388,178265,220065,205943
2864,57347,59979,61778,66321,68948,72173,75529,80245,98294,106544,110378,115636,125455,194224,148603,159080,159208,168562,191635,202199
2865,57452,60229,61698,66721,68602,73485,75421,80831,91689,107210,112591,117017,124553,146815,148729,149985,209818,175743,186893,201921
2866,56923,59833,61489,65780,68928,72400,75981,80508,98805,106111,112930,114728,124093,137747,146669,151518,169219,171916,182809,196854
2867,55907,59777,61687,65629,69025,72720,75058,80728,99112,105760,112032,116608,127989,137575,154999,147182,170557,173398,187588,198496
2868,56067,59083,60979,63951,73238,72166,75153,85418,100480,104458,109685,185191,126245,134846,186513,148263,165389,168999,183334,194001
2869,56348,59596,61509,64366,68888,72550,75536,85895,97556,105476,111020,128259,201756,135950,154214,235474,169761,278144,185364,200122
2870,55838,58791,60625,63937,73994,72399,74847,79629,85781,103280,109269,118193,141020,133818,143842,166261,234658,194469,182427,274100
2871,56490,59893,61447,64572,68580,73298,75973,81317,87360,95683,112176,119320,134517,188982,145277,155018,184150,185230,185606,224812
2872,56235,59875,61575,64676,69161,73096,75442,79685,85180,97332,110246,118576,125587,143138,142504,156183,163667,177843,273971,205914
2873,56728,59821,61677,65631,69047,74544,76122,81706,86640,95231,122034,115918,128837,136727,239077,156838,168156,181969,212754,211064
2874,59026,60887,61874,65128,70928,74680,76340,80258,86987,92846,115468,108140,127157,137462,167647,157005,169827,172568,196200,201674
2875,58560,59235,62781,67032,71734,73792,76570,82499,86554,117447,113573,115996,131784,141733,150578,160855,173321,175382,194413,206703
2876,57578,60520,61843,65598,68665,73204,75425,80396,85659,96181,103013,108741,124515,132812,147132,163429,163065,171462,186327,199313
2877,58213,60678,62703,66730,69749,74765,76514,80584,85175,91550,164286,178191,125109,133812,147680,148164,163344,174518,186583,200333
2878,55319,60540,61738,66436,70307,74104,75238,80638,84850,146996,111794,125880,122398,199768,143984,247233,155235,169580,179886,194149
2879,55421,59857,61598,65447,68232,73710,75527,80350,85635,99711,105573,119896,127755,153526,145636,167586,254241,276596,184040,198213
2880,57661,58527,61540,65486,68576,72060,75725,79955,85008,92930,108776,117631,197125,133290,142749,155118,187052,194919,180531,194919
2881,57452,58949,62195,65838,68150,73325,75212,80355,85513,93649,110254,118898,140993,134483,142907,152194,167969,181378,183047,195830
2882,57354,58910,61613,65504,69716,72313,74998,79374,84402,91997,111048,116757,131228,132563,140966,152744,165893,175505,267877,192818
2883,56518,59592,62018,65957,69083,72969,75274,79244,132570,142671,110579,116947,126809,132861,229841,150631,164338,180190,207299,271023
2884,56115,59028,61905,67097,68408,73201,75361,79775,90255,97444,111191,115494,122734,131940,161661,151626,160830,171271,191542,215863
2885,55630,58876,62050,65677,70060,71853,74509,81029,85151,92323,110809,183213,127018,213180,150997,149601,164025,180258,190489,207688
2886,57025,59970,62616,65337,68510,73539,75215,80217,85215,92444,113126,126720,123690,151195,141777,249509,166832,176089,191380,204782
2887,57446,61149,64465,65689,69903,73958,77352,82210,86921,95099,114978,123187,128693,141888,148383,176543,297040,187296,191717,219332
2888,57031,60267,62607,66102,68634,72709,76765,81788,84792,148859,109678,115456,127484,130541,146064,159802,183442,174670,186178,199752
2889,57509,62821,63826,66389,71218,74602,76702,82130,111972,101560,110561,117331,141127,132362,147773,147241,174641,175063,187092,202512
2890,56915,61531,63372,67936,68975,72350,75983,81280,86109,93816,135482,113783,126348,130144,144439,149559,156181,168452,181266,194409
2891,57028,60773,63307,67246,69103,72961,76927,80686,85935,99685,113350,113806,201183,135260,144153,144809,164187,277871,184036,200185
2892,58518,58972,62863,67336,69014,71961,75298,80419,85118,104203,112517,113371,139590,133923,140851,152050,166625,192421,272324,195095
2893,58490,59205,62930,66003,68924,72208,76159,81622,133663,105626,113989,117887,134022,217081,234818,171965,169409,182741,210901,198056
2894,57278,59272,62299,67008,68502,71923,75078,80684,87329,104678,113596,185017,124462,151971,164556,158070,167428,178439,192418,195940
2895,59178,59736,63215,66144,69203,72057,76369,80680,85971,104130,112875,127193,126553,136965,156906,250912,169074,180360,194905,278905
2896,57309,59869,63070,66871,68570,73886,75982,79861,85064,92946,111037,117179,124617,133516,143040,182064,166187,176556,180552,209121
2897,58324,60418,63192,66238,68845,72301,76490,81405,86303,105895,115381,120833,128726,137630,146442,152835,171391,185614,189351,216065
2898,58249,59483,63182,67603,68989,72383,76099,80486,86430,105493,110847,117113,127536,137006,146334,161261,161119,173268,185084,203406
2899,58122,60747,63640,67581,68916,72529,76055,81372,140124,107042,110817,118362,130378,140133,149653,155230,164888,177935,191033,206805
2900,58635,60727,62813,67360,68593,71876,75733,80560,89415,107100,111779,117230,127913,131708,147077,150935,158277,173437,186296,200107
2901,58362,60612,62891,67401,68516,72518,76180,81146,86606,107157,123396,116391,127023,131568,149492,147978,267441,173894,185474,200984
2902,58079,59608,62878,67092,68026,72205,75638,80841,86338,104925,114144,116262,148087,201514,144198,147862,184371,279327,181403,195469
2903,58239,60338,63219,67472,69122,72985,75771,80311,96635,101719,114893,121720,136984,150015,147340,145849,173474,203470,289958,204133
2904,59220,59828,62395,66863,68928,72407,75658,80484,86688,103568,110061,115252,127111,136180,146030,247839,168176,182842,212532,197425
2905,59053,60826,62419,66725,68592,72616,75358,80356,86456,103395,109837,189965,127096,135866,242424,170982,167255,171885,196523,197566
2906,59743,60204,61997,65734,68666,74322,74341,79958,91959,103765,127103,125704,199910,134421,167481,155975,163460,168422,183955,194428
2907,58944,61211,64204,66797,68698,73043,75032,81195,85837,104742,112171,121529,142766,134853,155818,155740,169410,169410,185519,280419
2908,58614,61567,64303,66370,68727,73342,75199,80359,90456,103958,110626,116218,125352,132406,141199,154599,166155,167650,180520,206562
2909,58919,61265,64140,68416,68634,73125,75914,81428,127325,105842,115290,119435,126941,142703,146319,151106,171835,183689,187482,214777
2910,59208,61226,62673,66795,69422,72899,75684,81012,89726,105630,112785,115184,127439,207658,146247,159371,168161,174031,188031,204535
2911,58598,61321,63852,67950,69793,75486,76169,80652,87252,103292,113390,117601,130310,148482,150037,157438,172838,178196,190526,207434
2912,58346,61509,62670,67752,68886,72818,74151,81206,85105,106129,110692,115237,124545,138311,148719,161977,162618,297825,187129,204396
2913,59772,61815,64459,67588,71613,74107,75779,81933,85658,106469,130335,117159,123641,133305,147470,149444,269270,188102,185820,201704
2914,59681,61779,62768,67995,70701,72294,75601,80704,84948,104369,113096,114589,122129,129142,143628,246731,180232,167828,218927,191964
2915,58004,62253,65085,66677,70420,73061,75730,80713,135405,105822,113970,188928,126435,136035,145186,168267,170090,170034,199786,200155
2916,57935,63255,63355,66186,69990,73746,76551,80124,101804,104565,112095,127589,199906,134604,144291,155870,167971,168202,183128,197542
2917,58168,62990,64472,66951,70023,74849,76253,80481,99050,105401,112422,119795,142834,137169,236788,157004,169617,169818,184594,199002
2918,58537,62336,62824,66160,70309,73367,75019,86142,93085,104401,112015,118571,128387,214875,164874,158169,167750,168420,275981,196355
2919,58760,62580,64089,66724,70271,72563,75416,83582,93199,105113,112447,118275,125186,153818,155391,154778,168052,168393,205752,219921
2920,57542,62253,64283,66487,69918,73887,75543,86122,92956,104214,110489,116915,123416,133956,140519,155391,164237,267979,187744,200857
2921,58671,62478,63776,67866,70418,74133,75778,88752,92004,105731,129242,120346,127531,137766,145498,150497,170905,211739,196369,211739
2922,60308,62502,64978,67914,70282,74235,76243,86319,91811,108039,113092,119461,129091,136960,146057,156688,171658,185422,186190,202264
2923,60091,65103,65728,69058,71854,74221,76203,84892,96376,108679,115212,119487,134799,143614,154391,262937,182301,183498,199485,212291
2924,59445,64818,68056,68760,71394,75200,77538,88812,92802,105425,116251,118513,128557,133645,144931,182301,167277,177655,182339,198816
2925,60106,65310,65738,70020,71402,74586,76596,85722,93771,107060,115566,119544,127082,134858,144865,155524,170942,181295,185727,316916
2926,60118,64105,64739,67720,71385,74814,76545,87549,90927,98941,111584,115298,122821,130478,140240,155987,160344,162808,177486,205821
2927,59731,64149,70250,67911,71275,75119,77334,87662,90952,105106,111989,165333,196180,131976,141186,151743,269272,174936,187851,202176
2928,59511,63539,70093,67880,71107,74842,81761,87283,98241,107290,110972,122023,136054,207556,224524,152279,186243,172232,208925,199884
2929,60829,63797,64172,69101,70753,75758,76943,87256,101842,106847,111582,115866,129796,148103,160496,148240,174265,175026,189932,202191
2930,60527,63802,67197,68489,71068,75274,82046,86099,101175,107417,112066,116108,129143,138209,148259,152107,163188,174233,185136,199461
2931,60245,64573,68722,69639,71411,75737,77214,88132,102361,109040,112820,116267,130346,134933,149586,148500,164864,251749,294773,202164
2932,61436,63997,67494,68615,71803,75224,83026,86938,100993,106911,123348,115001,123017,129756,146304,152239,160842,185134,200397,196819
2933,61287,65477,70285,68809,71619,75378,77169,88895,95570,109482,119798,157812,127408,135732,155558,241751,168067,179986,195782,209092
2934,59834,65085,70795,69055,71173,75405,83009,87927,100749,106268,113196,126687,123478,131955,155210,180040,168095,176055,180092,195398
2935,60701,65880,71083,69349,72077,76330,78407,90130,92448,107968,116458,120343,126094,225476,157910,155157,172274,181196,184792,201774
2936,61457,65242,68493,67879,70785,75083,76920,91575,92024,107289,114344,118440,206051,146048,143689,158476,170174,172708,182791,196038
2937,60391,66059,65878,68058,70816,75575,77243,90467,92789,107950,115468,119290,143258,134269,144772,156532,169971,171865,182839,199577
2938,61267,64507,70598,69072,69709,75709,76622,88171,91387,105488,112393,116952,124433,131213,140711,158257,163805,164771,177301,189536
2939,61393,65483,70873,69138,72517,74589,83885,88971,94692,107916,112702,118059,126912,133412,186353,152666,166656,275648,191300,301607
2940,60988,64316,67412,69924,71819,79710,86424,87119,99977,105269,112425,116724,122939,133207,150213,155513,271530,190965,252275,218194
2941,62673,64679,67749,69899,71436,80108,91275,87294,99942,106747,112409,181496,124486,133080,149684,150762,190511,175738,201970,202630
2942,60269,63886,68502,67921,72268,79499,85551,95939,99008,98337,111876,127316,123736,131422,147135,249938,168827,173169,186520,197489
2943,62384,64821,68912,69533,72603,79396,83440,95821,101849,106089,112310,120718,123563,208290,147624,171930,170145,175883,184780,199241
2944,60716,64477,66760,67952,72539,75296,77285,94911,91675,105445,110955,114701,122865,142979,189265,161156,158257,169143,180819,193632
2945,62557,66116,69339,69030,71386,81858,87918,98078,102154,106364,166497,117238,211859,138514,159850,151009,172762,175936,190429,206079
2946,61742,64852,69320,69659,72520,81404,82474,88920,102966,107197,120294,117433,141915,132342,150338,160460,163423,176028,189291,203371
2947,63491,65008,68921,70127,71486,83428,85088,88890,104437,105198,113105,120272,132960,133904,156660,149910,168586,316733,224810,212666
2948,62153,64467,69148,69149,72205,81784,82651,92386,100950,99474,111808,116613,125301,131798,139818,156660,163669,190239,190400,192452
2949,61592,64910,68547,68408,71857,79470,87139,88634,102711,105727,111548,116761,123939,130413,139772,150030,163226,176030,190278,191073
2950,61548,64641,66763,68758,71929,75395,76533,93802,99910,104349,111301,121712,121878,202714,219463,149701,156966,165623,180168,183393
2951,61053,64681,66841,69354,71777,74722,79844,98377,90920,104721,112891,188088,126563,147561,166851,239800,256574,168135,279851,279851
2952,60854,64236,66068,68941,71108,75507,83409,89035,89896,104600,111348,124349,124273,131799,139879,169824,187006,164911,200121,205553
2953,61048,65898,66554,68827,71779,79883,87327,87513,90865,105423,111813,119849,124709,132648,140510,152118,174060,175372,193894,202318
2954,60630,64912,65501,69317,72578,79094,79608,93691,96413,103757,110626,115306,121133,128940,137804,151729,158521,170770,183850,196399
2955,60568,63372,65384,69233,72617,80123,81021,96929,100037,104596,111459,119269,192553,128491,139169,149030,158735,172877,187218,196818
2956,59710,64004,66406,67672,75022,74485,84378,89417,100420,104307,108322,116591,135340,201437,135879,149072,155608,170503,182054,191850
2957,60502,63217,65825,69391,71757,85138,88063,85879,97768,104763,111813,118008,128385,149838,241010,144987,168561,265343,187319,199433
2958,59913,65146,65887,69120,71365,85285,87833,85868,99904,105240,110675,116237,127061,135117,171362,242266,169136,195342,187452,197238
2959,61418,64614,68069,73609,74253,80539,82839,95650,102123,107795,113297,120174,132619,143172,152843,171362,181263,195629,200550,224425
2960,61043,64312,67136,70464,72304,79680,84577,94860,90879,104731,113709,117864,122948,130842,140538,167802,166694,177764,182155,196073
2961,59864,65550,67583,73859,75679,81219,83495,95941,100958,104043,113335,119661,125435,134848,143902,150893,243394,181480,245260,199932
2962,59850,65573,67128,71282,72127,80086,85164,98428,99808,105250,112174,184470,123020,130587,140229,156332,177469,166989,192638,275247
2963,61518,66632,67612,70233,72729,83721,85719,96458,92852,105197,111965,124242,156350,215997,141110,147630,164967,175610,190008,221368
2964,61144,65917,66175,70772,73055,82904,86262,94617,90230,104787,110333,117014,128573,147017,138803,150822,160739,173104,177632,199161
2965,59394,65207,65290,68943,72665,83042,85293,97152,99597,104988,111307,118767,124642,139276,140826,148545,165177,177080,177394,201658
2966,60208,65200,65864,68924,76486,82769,84435,94872,99312,103317,111920,118856,122761,130395,227461,250623,163285,172364,268870,198013
2967,60650,66348,66901,69599,72880,81519,84956,97821,101385,103735,144960,121069,198792,133077,165003,173724,166545,278237,208213,204884
2968,60234,66074,67200,69337,76779,79166,83938,94235,99974,103876,116273,115846,136879,130142,147534,160362,181321,188276,189102,189730
2969,60141,64544,66811,69985,73310,79902,82376,93895,101133,106073,112039,120540,131285,132671,142068,149485,176038,178886,190887,194846
2970,61214,66015,65896,69662,77223,80147,84997,97008,99908,101803,110970,115971,124675,130528,140005,151018,163144,174021,176985,191957
2971,60247,65951,67395,73270,74202,83760,81184,88548,96468,105450,112039,119575,126628,221616,142285,149807,288660,179733,183119,288660
2972,61071,64385,69802,69238,71571,79971,80615,87394,95137,104399,110930,115251,122668,147019,140557,152586,186272,163837,177089,205130
2973,63210,66309,69171,73050,77183,80029,82176,91755,100691,104340,111041,184428,124784,138631,198580,148433,176935,176935,178935,203404
2974,59256,65156,66554,70063,70620,79114,88711,85784,95993,101152,109984,121797,124229,128326,146150,253569,157832,168029,266566,196598
2975,61362,65056,67281,69828,71930,80059,79949,88430,98464,103479,109236,116143,201029,126969,143804,172733,154945,169621,194516,192346
2976,61101,64971,66337,68247,73896,78489,80223,89502,90755,103321,106282,113970,138963,127444,141711,153989,154236,253478,187943,190520
2977,59758,64084,63826,67402,72491,79437,84559,92984,89623,100349,166770,115234,127959,129330,141433,148217,157973,187573,184152,187335
2978,58156,63342,65633,68986,72889,81550,84509,92526,94943,102423,115216,114951,126403,205320,222387,148574,160150,173576,181069,184477
2979,61830,63547,67167,68126,72126,74929,80019,86223,99358,105271,111332,117498,126960,145972,159104,146615,162348,173850,186387,246575
2980,58103,63073,66166,69213,70756,74792,85724,91831,99035,103147,110429,115204,126494,134665,147965,147518,240848,172928,241629,208959
2981,60412,64509,63162,71772,71739,78634,86391,92231,99341,104955,111685,177745,128166,137343,152403,240496,185302,175632,200207,200336
2982,59662,63900,66848,72717,74020,79031,87677,92730,97107,104342,112159,127304,128241,131092,147770,174111,171631,247519,187223,198773
2983,61199,64632,65608,69558,75704,80016,83479,94418,96165,106415,115743,122931,134815,136297,157712,160571,174106,200619,198341,214458
2984,60747,64693,70498,69895,77576,80617,83553,91669,97057,103013,108607,117415,127048,129396,145587,158686,157934,172699,187012,200271
2985,62735,65162,70425,69074,72993,85557,86321,98443,102907,104504,111261,120204,129209,213876,149144,147630,163560,177355,188868,277939
2986,61558,64439,68422,69235,78034,84208,86222,92455,96962,100175,110098,118140,124716,144826,138636,149791,161334,171289,184067,199261
2987,62462,65637,69285,70939,76810,84963,87059,95336,97995,104800,110763,118056,206816,136277,138819,147758,160208,172823,265465,197106
2988,61641,63987,68745,70337,80080,83720,86788,96495,96383,99840,109496,116680,142189,128706,219412,147575,258443,169392,194531,192910
2989,62513,66179,70302,69621,72470,81245,82432,97022,97430,101756,109815,118220,130438,131971,158607,236265,187487,268076,197676,200909
2990,62002,66080,70491,70045,72748,79800,81617,97114,100805,100401,110717,116784,126467,128255,145281,172438,170424,192815,184398,194590
2991,63079,66703,69848,70522,75368,80481,81927,93180,101734,105647,109402,179265,128290,207492,146829,152807,173262,183539,187697,198396
2992,60288,64929,69803,71898,72810,79544,81129,90495,100292,99988,109847,124889,126122,142921,144422,150128,160172,171717,181924,192301
2993,62575,66082,69116,70883,73911,79892,81702,91978,96757,105188,177657,121424,127454,136467,145902,146605,169957,172544,186262,265262
2994,63223,66456,70404,75371,78986,85853,82565,92874,97773,101012,119758,117274,127365,135906,146308,148674,167888,172201,185876,210635
2995,63268,68038,71612,76163,78400,85935,89668,90639,95725,102966,112524,119576,132069,141431,203829,241755,178149,182499,290338,212870
2996,63033,66414,71340,75960,77656,86751,87617,95114,101707,106304,111920,117894,124562,131316,149845,179627,163565,177441,203994,194373
2997,64204,68261,68118,73816,78432,82402,86112,94402,101661,104819,114942,120639,127289,135508,146368,153759,171067,183000,199386,202152
2998,63898,68186,72343,73697,77767,81953,82866,87726,102192,106207,109468,113552,124890,129886,141349,155659,160152,166450,179570,190731
2999,63797,67866,68733,75726,78207,87533,87931,93832,101373,102993,112169,118200,197432,214343,141563,146355,164615,273757,178818,192591
3000,116,117,117,117,117,117,118,118,118,118,118,118,118,118,118,150222,118,118,118,118
3001,61650,68404,72996,86383,102940,115806,135416,160210,173665,185244,199820,217964,236579,236867,256802,118,258129,258393,259352,259412
3002,60528,66703,64525,71705,85939,100786,112924,142848,156695,180388,195200,212324,230461,250559,250559,258129,251717,251717,252588,253371
3003,61162,67440,69252,74028,75277,79007,81047,97400,101664,113976,125136,134399,143965,154715,165019,250559,257003,257003,257817,258499
3004,59560,65352,65882,71414,73795,80793,82185,94577,99044,100708,114436,120830,126919,133807,142024,180694,184853,187737,250976,251367
3005,61125,67007,66232,72209,76369,77563,77896,88055,99380,104086,113438,119092,125020,131715,142338,151562,175252,176087,202356,254356
3006,61629,63851,68690,71002,73658,76639,82319,88333,98549,103250,113973,118349,124380,131450,143413,154620,165106,173463,185319,203287
3007,61137,65654,70763,72857,76884,84691,86052,92139,101118,106797,115116,121667,127075,136276,147321,249662,171179,271227,197185,213321
3008,60700,65547,67582,71803,77215,81776,83670,88908,101548,104331,110195,116087,126715,134334,239525,184864,156693,182438,184092,194422
3009,61258,64933,68648,71468,75002,82433,84400,92458,101497,107904,110240,117601,129099,231413,173928,155025,159648,175651,188198,201838
3010,60341,62865,68196,70546,73684,84831,87279,91384,96295,106398,111306,116561,127076,144476,146533,158994,156203,171070,263566,194750
3011,60814,63473,67814,71277,74623,85640,88384,91864,97789,103136,110462,116058,126256,135794,148625,150152,263619,170602,196549,264275
3012,61353,63804,66546,69624,72570,81818,84047,91904,102147,106436,110505,115297,200198,133121,144449,149432,177926,167982,181590,204177
3013,62027,64606,66940,70768,74488,84950,86703,90942,96817,107504,109617,160061,140784,133531,145375,150338,167041,167694,182286,193570
3014,60186,62915,66256,70467,72451,84606,85432,91013,101011,104975,109291,121877,124720,130659,140956,152840,159948,249682,177673,188351
3015,60768,62174,70353,68830,71986,84760,85291,92142,98738,105262,113896,119359,123687,133483,142679,149596,165070,188193,186377,188997
3016,59352,65021,70628,68907,72708,81713,86250,90811,96761,105173,109632,116925,123419,129811,139086,250981,162821,174219,245894,245894
3017,60888,63412,68514,75229,76571,85844,86763,94063,95762,106722,117278,122522,128371,163460,145058,170953,172070,184844,212855,227780
3018,61591,62765,66742,73599,77255,82010,86037,91068,96450,105774,110383,116299,125589,133159,201514,171046,164288,169846,192166,194662
3019,62151,63541,66608,75751,78608,83637,83379,90083,96918,105230,112882,119208,128861,137999,160392,153050,171825,176818,198553,203493
3020,61554,63017,67676,71683,72392,75981,87400,94623,97200,104509,110494,138355,124396,204730,144962,156565,264330,170124,185275,195462
3021,61790,63629,67014,75035,77667,81758,87117,97953,96328,103513,108272,122037,206524,144593,145384,148872,183242,267757,185184,196954
3022,61666,61917,66807,70581,72574,75912,78768,90345,94221,105406,108810,113258,132488,131135,143510,148168,161652,187665,177428,189907
3023,61459,63906,66821,70619,73671,76239,77692,86213,100587,106239,112473,174606,127271,133096,144590,146693,165284,183251,183251,262028
3024,59399,61610,67159,70078,72915,76167,77258,82626,88301,93839,116234,125122,123914,130573,143461,151644,160022,166461,252399,204554
3025,61183,61730,65032,70825,73117,75746,78318,89998,93743,99398,113111,120408,124667,130800,230012,251168,165817,166200,201520,202199
3026,59279,61504,65673,70124,72040,74987,84815,84316,86522,103389,122352,115805,123358,206997,160540,175393,161993,164639,182565,185890
3027,58148,61279,65251,69675,72187,75687,77968,88320,87079,98547,114075,117895,124711,145990,147185,149749,161192,245338,181999,185956
3028,57895,62554,65986,69285,70635,82367,77909,82841,86099,101978,108393,117029,124484,134547,145634,150775,159161,179777,177789,239313
3029,60457,61932,65905,69381,72918,74978,77625,83673,86907,95416,111749,116634,128383,137550,147191,150005,247982,183605,211737,213803
3030,59628,62203,64953,69550,70616,74743,78195,83009,86563,92387,151950,116570,206984,130844,146680,152546,180192,172535,185226,198133
3031,59898,63206,65178,73143,74847,83937,85709,88214,101770,101458,118480,120051,143038,134128,157246,149401,179286,182673,195250,208432
3032,60031,63192,66169,70268,73625,77204,79361,90213,96217,106024,113811,185228,126473,131848,142432,157801,167931,168725,260311,195511
3033,61650,64604,67290,76288,77787,81599,83294,91302,96717,107557,114298,128700,128328,208956,145332,259809,170873,172645,199592,270209
3034,60372,63537,66292,74340,76231,84161,83323,89971,96261,101429,110067,117893,125899,140640,142764,181840,155960,259045,181183,207049
3035,60177,63438,67029,74874,76218,80045,80986,88613,94818,101942,110546,119461,125800,133948,236991,152388,166405,190572,182163,193333
3036,59838,62251,67500,71099,72121,75388,77882,89427,94968,98952,110525,115934,122753,130249,158592,150065,160756,174149,175363,187404
3037,60171,62728,67250,70814,73896,75771,78169,91138,94915,105937,111366,118516,125329,129862,148539,148692,248344,175369,183874,187468
3038,60246,63065,66600,70048,71860,75098,77291,90740,94442,98661,111370,117567,123134,127457,139815,151119,179604,171127,242746,243515
3039,60062,62827,67187,69962,74156,75240,77874,90940,94930,99522,112558,117814,123804,208437,146467,149356,174760,173690,198253,212518
3040,60583,62940,66460,69204,71637,74688,77927,89731,93748,103393,111473,115611,204562,143599,144774,148443,157957,170404,181293,195993
3041,60101,63302,67465,70223,71758,75393,77900,91123,96029,101935,109833,117386,138584,136394,148162,149296,163208,248132,185729,201246
3042,60708,63387,65795,70417,72276,75339,76591,91892,91958,97798,109100,119063,126324,131094,139600,248132,160045,181615,180291,193574
3043,59870,64700,67426,71443,73524,76159,78591,91200,96123,105187,112952,197585,129527,132077,150360,169764,167980,177173,257179,202652
3044,59391,63350,66423,71199,72033,76285,77991,90146,95458,102530,109873,127561,125316,132248,212413,166892,161301,164740,187246,251857
3045,61620,62879,66166,69795,73711,78099,78635,85432,98266,104164,170607,119632,125670,132089,164276,149859,256592,167728,187693,207316
3046,60541,62786,66952,70849,72389,76572,76879,89336,94200,102242,116179,117841,124701,207744,147647,152950,180392,246759,182038,186131
3047,59686,62918,66751,71126,72330,75816,77682,88949,93569,97434,112570,118432,125055,145838,146068,149492,171285,184653,182803,185393
3048,59033,61753,65506,69817,73467,76206,84753,90077,92685,103534,106458,113181,124674,132891,144219,149334,157418,166855,202049,237640
3049,59370,62972,65778,69577,71650,75874,79054,83169,86099,107023,105069,114453,196645,131955,143796,147613,154523,162645,184929,201055
3050,59770,62395,64894,70139,73645,74193,77323,81255,85949,103965,107942,118229,135056,129367,139464,231431,157226,163955,224104,194022
3051,58357,62116,65409,68417,71504,74537,77561,81933,85788,98930,110537,115105,126853,131362,138591,168497,157955,222045,192831,193331
3052,60014,63021,65852,69895,71136,74268,82938,88391,91370,149312,109120,116174,127184,202365,221081,158022,222028,179321,182052,222028
3053,59433,63270,66297,70297,72546,75796,78216,83663,93610,110244,113181,119102,130061,149243,174308,156500,187796,175724,235143,219137
3054,60275,63183,65788,70256,72447,75201,78678,83176,87438,100021,115802,186260,126117,134604,153952,161455,178140,245005,194190,210273
3055,59837,64412,65020,70911,73160,76143,77772,83396,92570,98589,109708,124695,124156,134263,145819,154524,169505,180687,181528,195926
3056,60194,62826,66242,70901,73969,77029,79594,89056,92475,97814,111348,119835,128902,135323,145672,154721,165834,171591,185431,197964
3057,59502,61787,63406,69722,71533,76602,86235,89099,96994,98849,108007,117123,124419,134212,147827,156691,159812,171784,184447,249234
3058,50201,50875,53478,55664,57284,59702,60359,62412,63393,64717,69610,75320,112329,92919,103194,248595,112769,123441,157298,150794
3059,59165,65527,66308,70841,72819,80306,89117,109640,117356,233803,233803,234088,234220,235070,238204,122097,241767,241769,241952,241536
3060,58627,61689,66232,69455,70909,75562,77021,81636,86013,107873,114786,123390,128118,138016,149467,238204,166466,169307,236235,198091
3061,57620,63417,65385,69528,71140,75226,76976,81744,86189,105482,112245,117763,124375,131753,142750,152320,176729,234564,183550,235588
3062,57316,61766,64438,68965,70965,74274,75093,79759,86011,104262,111309,117213,122599,129463,140861,156128,185484,174203,179716,192499
3063,57481,62997,65936,68584,70740,73740,75743,81598,85695,103336,112488,117530,126859,130572,141616,150618,161181,175156,226116,192362
3064,57631,62913,65709,68144,70574,73943,75484,80707,86231,99563,110848,116232,125772,219341,139804,153625,220228,173750,187464,221166
3065,58886,62907,64267,69119,71043,74578,76643,81062,85955,103676,113795,120059,126684,137115,222049,149227,172632,223629,189696,192183
3066,58525,61359,63607,68244,70923,73775,76014,80199,86094,98733,111409,116706,126149,130135,145307,149993,160756,175172,187403,220304
3067,56934,62619,65539,67990,71253,75295,76769,81644,87166,104744,113613,120566,126886,136603,147990,149814,161803,177906,225138,194052
3068,59777,61908,64743,68974,70667,74021,76107,79733,83922,96225,110209,116631,197435,129824,141368,223517,198595,173160,187226,219043
3069,62097,63321,65813,67788,72016,75081,76837,82794,93500,102006,113038,118316,138200,139210,143555,158226,178165,230218,194823,231429
3070,60680,62158,66050,67382,71580,74935,77069,81158,86296,98866,112806,118228,124823,132007,143042,156986,166668,178278,182907,195193
3071,60456,63673,65756,69029,73954,74832,77108,81509,86546,100534,113816,119414,125102,232780,143689,156616,167409,169647,235208,198180
3072,59693,61869,65803,68358,71573,74594,76798,80706,84372,103073,111446,116098,123233,137935,227456,153760,162852,167687,181008,228222
3073,60998,60912,65642,68720,71543,74355,76102,80599,83951,103262,111153,117376,123782,130600,146426,150956,218070,218677,180377,193691
3074,58979,59932,63636,67910,70821,74154,75078,80158,127310,96627,110056,115577,122279,128557,140707,217670,167697,169826,209430,184514
3075,60830,62648,65054,68221,71385,74645,76168,80238,92067,103913,110995,131228,127073,135524,145485,156353,170620,184610,187101,215852
3076,58774,60825,63754,67502,70715,73747,75752,79209,83377,95896,109676,118451,205693,129869,140427,154494,158290,207155,207678,208331
3077,60275,63830,64524,68773,71128,74221,76626,80296,87362,97844,112736,141271,136051,135778,145919,147612,215736,185134,187977,218755
3078,60043,61293,64323,68546,70509,74032,75803,79800,84569,97067,110683,119152,126882,130729,163400,150384,170883,169619,215480,215550
3079,60934,61256,64959,69152,71640,74969,76925,80543,111035,103343,111553,117563,128654,219412,147860,214059,164171,220930,190833,204131
3080,60193,62560,65423,68547,70875,74212,75729,79756,87204,93471,110721,116077,122951,135809,193711,157122,161225,171669,185873,188689
3081,61089,62256,65119,68415,70550,75252,76853,81133,86146,103586,111817,198204,122627,136525,156289,150138,220288,176603,220588,221418
3082,59275,61375,65929,68144,71044,74540,76063,79833,82828,97285,112856,124312,121786,130149,144964,149442,170453,170811,185222,215627
3083,60471,63392,65270,69468,71867,75429,77235,81612,133696,105577,115148,121255,127875,138716,154277,214499,161752,227639,192616,208968
3084,60157,61291,64616,69068,71126,74629,75601,80717,88327,100235,111815,117438,123243,132709,143704,160455,162414,176915,190788,193065
3085,60281,62494,65062,69089,71251,75238,77368,81460,84122,95539,112448,118300,204730,132846,142407,151239,164922,177982,228343,229060
3086,61732,61714,62326,68510,71016,74422,75710,80871,83042,91986,110597,116269,127582,214145,214625,154822,216059,165266,186708,192576
3087,60190,60411,63489,69833,72006,75309,76804,80953,84301,100027,112692,117947,127814,148483,158833,148673,176654,224071,190975,225063
3088,60086,60948,63403,68370,70961,74516,76647,80523,131535,99285,112013,118079,124604,131354,141417,222275,163467,176495,180360,194123
3089,60137,62547,67190,70029,72733,75920,76237,81155,91840,95912,113383,118133,124075,133041,142470,162401,165669,176833,224773,225289
3090,59293,60091,64756,68188,71530,74401,75919,80841,83466,96003,110225,116066,121901,129083,140593,151221,157098,196279,186245,190507
3091,60641,62081,63966,68455,71840,75193,76505,81495,84108,151984,142456,117059,123815,131814,142120,148379,219618,175459,188846,221308
3092,59369,60443,65864,68143,70880,74886,75769,79964,83079,106191,113020,115846,139941,128612,179307,150428,169589,213131,213312,190528
3093,60901,62357,65220,69220,72156,74731,76601,81200,85439,99892,112344,202059,128520,221670,149779,212687,163622,190900,191419,225364
3094,58151,62209,63512,68725,71560,75064,75685,80605,131654,94477,112156,120998,200014,137275,141379,163040,159559,175215,180627,193766
3095,60571,63605,65835,69150,70699,75322,76983,80894,92724,101150,112663,117980,138674,132692,149765,150350,230041,178173,231875,231924
3096,60277,61903,66154,69434,71598,74729,76319,80592,84421,95111,112444,117095,125454,133285,228123,153525,166296,168509,182669,195659
3097,58591,63981,67282,69863,72715,75420,76891,81482,85185,93990,113456,119256,124725,132489,152314,151104,167945,233817,186027,198330
3098,60487,61750,63626,68828,70612,75106,76052,80168,83480,92228,110937,115542,123794,130662,142136,232547,158917,174962,221915,222142
3099,59997,60794,64091,69041,71737,74797,76532,80615,84286,153036,112686,117244,124226,130466,142747,151623,162536,176293,189574,190859
3100,59563,60622,66677,69371,71193,75464,76742,80583,130117,107370,110667,116102,124159,214347,140542,151968,215282,172254,186307,215895
3101,60919,62312,63453,69288,71951,74753,76755,81246,92701,99468,112073,118051,124178,147272,142584,149554,174288,220331,220976,220976
3102,59900,61882,66764,68715,70026,74411,76775,79975,83793,99027,110269,116885,151571,130742,140880,152604,162441,173039,187993,188520
3103,58829,62244,66630,69346,71774,74963,75887,80927,84425,98248,135027,118906,128811,133174,222546,215354,165162,177734,191970,224421
3104,59278,60289,62530,67784,71047,74082,75414,79549,83057,91712,110942,178143,122844,129759,146438,164497,214618,168286,176369,187287
3105,57908,61551,66424,69336,71939,75368,76652,81230,134678,94905,112815,123361,225854,132412,143113,149220,178302,226639,227423,227874
3106,60602,60366,65022,69147,70848,73930,76270,80398,87834,96859,112136,117206,136501,155103,141986,152505,162786,176148,189951,193161
3107,58385,61865,67160,69569,72300,75259,77005,81495,85078,97366,113597,119349,126537,140972,143945,150690,168573,180706,182456,232240
3108,58152,61706,66556,69829,71909,75363,76393,81487,84736,157286,113085,117343,125623,132785,143341,230884,162466,169016,231482,195483
3109,61703,61565,66565,69752,72151,76002,76923,81880,85216,107705,113093,118208,125816,231796,231910,153919,176183,232343,197709,233537
3110,60804,60862,65740,69284,71778,74404,76161,80977,84551,103832,112244,116396,125776,138439,149560,153490,201262,175412,182143,191383
3111,60137,61690,66594,70032,72483,75135,76782,81601,135389,102141,112776,118804,125890,132894,144145,147576,165507,177263,183702,194288
3112,60206,60968,66078,69231,71438,74289,75782,80783,88563,94595,112133,116130,123957,132698,142172,153322,160429,167080,222435,222827
3113,61491,62069,65793,69307,71706,74806,76683,81425,84877,98606,112149,186148,125771,133093,142469,168639,223460,224077,191091,193182
3114,59297,61228,66738,69170,71610,74294,75782,80947,84319,99107,133952,122620,124344,131784,142223,151862,171850,171871,178348,220425
3115,60409,63989,66831,69619,72163,75086,76715,81064,84689,97432,115409,118707,125783,132653,143945,218925,166466,176317,226250,194990
3116,60025,60831,66010,69301,70385,73773,75430,80316,83456,97044,111266,115203,165282,130345,216932,165229,158355,216699,187516,217299
3117,60642,61552,66421,69239,71795,75068,76698,81138,135595,97047,112768,118907,131926,226362,163708,149949,167174,180198,194175,228211
3118,60266,60484,66224,68593,71371,74820,76161,80918,88522,99212,112096,117121,125038,141076,142768,153032,224604,168044,179768,194813
3119,58595,64482,66916,70400,72295,75960,77280,82195,86124,98213,114741,120822,126747,135129,146396,151167,183574,234182,236798,199593
3120,59031,64699,67822,70485,72309,75235,76730,82305,89163,150654,112021,119536,126933,135327,146072,234302,166049,184931,186043,236642
3121,60669,64984,64267,70246,72563,75965,77477,82730,85801,103263,111485,119671,197073,134845,147435,158964,158920,173719,185983,201887
3122,59997,60620,62960,69111,71757,75081,76150,81036,84626,98900,105642,115245,128990,132327,142960,149946,155868,164960,179986,185154
3123,58712,60804,66606,69564,71505,75530,76814,81963,84992,97048,170060,118440,126016,132004,143635,146806,162166,167811,224720,224831
3124,60181,63456,67165,69335,71307,74868,76389,82138,133790,94958,115805,183335,125246,131857,218922,152697,220002,220040,189625,191922
3125,60751,62664,67688,69874,72400,76100,76696,81873,89216,95522,113109,124749,126139,224919,151267,150759,178376,180202,193920,226889
3126,57579,59936,63159,68808,70903,74962,76125,81192,84520,99186,112442,116882,124877,139819,143295,224919,160701,167524,221093,191872
3127,59884,62325,64722,70280,72103,75814,76812,81989,86722,97872,114548,120028,126890,133584,144766,162208,164649,229434,195863,230890
3128,58434,60504,66206,69079,71882,74673,76367,81304,84081,101546,106202,116032,123146,131269,142490,154060,162386,174887,179269,191036
3129,60954,64745,65118,70358,72101,75806,77060,82599,86054,149866,114383,120924,212429,134236,145892,146004,235813,184164,200508,202140
3130,60364,63895,64939,68740,72226,75280,76336,80700,137663,106723,111254,118266,131605,133712,145249,158098,169403,169524,183511,235381
3131,59270,63759,64944,70924,72873,76234,77995,82599,94954,97387,113857,120053,127892,135902,240947,232785,168633,219036,241975,203881
3132,61250,61595,64996,70792,72780,76018,77595,81246,86213,99038,111086,116843,127698,131689,147438,157903,164179,173905,187242,189279
3133,60436,65272,65224,70812,72997,76435,78072,82804,86923,99327,112218,117502,128302,218520,142738,150368,162447,175550,179075,190585
3134,60457,64138,65246,69744,71884,74950,76995,80619,86267,95545,109556,148336,126839,140805,139291,150851,159038,168464,176170,228195
3135,61199,63032,64632,70340,72513,75519,77307,82191,85497,100017,111400,119799,126254,133187,143842,148375,228784,230429,229483,197144
3136,60477,62818,65517,69120,71350,75590,76403,81466,85035,99270,110890,118198,125407,132377,142749,147427,165956,178348,192275,225345
3137,61567,62409,66775,70195,71532,75497,76913,82081,85862,99871,113775,118622,126368,133175,144134,224173,164147,169841,183079,197750
3138,58358,60457,64735,69752,71795,75113,76688,81677,136384,94991,111847,119224,125794,132727,143913,167977,163254,169140,228580,229058
3139,58893,64335,67468,69982,72697,75743,77176,82673,90528,138794,112072,175721,211511,134477,233158,153752,233841,234908,198598,199968
3140,59355,61409,65427,69881,71268,74829,76449,80588,85153,101562,106534,122754,128690,224732,150415,154766,166074,177736,181044,186307
3141,61678,62740,64060,70542,72105,76202,76988,82824,85760,105771,114454,120569,128253,143871,145147,147022,166064,172626,186651,239276
3142,60451,62195,65718,69837,71193,75641,76359,83105,85372,100473,111603,118887,126581,134053,144975,196900,158363,167965,236469,200243
3143,61811,62924,64055,70682,70734,76256,77696,82804,86139,100434,113392,119786,126802,137114,146939,154678,158838,241703,188090,189110
3144,61691,62549,64028,70115,71653,76429,77214,80820,86056,100683,110629,116963,127062,134631,139664,149678,239604,172954,186236,240437
3145,62109,62233,63302,71230,71333,75911,77391,82394,139967,101120,164278,116822,127268,136373,140367,155429,173266,169026,187887,203701
3146,56783,62195,66187,69916,71598,74869,76855,80797,88692,98275,112586,114724,125972,132734,228186,240647,158910,167157,174583,186225
3147,60973,62167,64558,70415,72222,75884,77235,82377,85968,96111,114294,119119,125969,134041,152773,152915,164942,233271,232436,232436
3148,60123,62584,65540,69229,71765,74655,76561,81903,84964,94853,106966,157067,124961,133346,143953,153725,162611,178621,180889,194477
3149,60133,61778,64420,69152,72521,75471,77145,82537,86024,158415,113326,123939,210038,229691,144429,147828,165288,170439,231283,197663
3150,57811,60628,65359,69837,71111,75515,76711,81610,85337,106227,106813,118939,131728,140433,144448,153986,226495,169451,182282,227085
3151,60545,64266,63694,69880,71305,75940,77095,83035,86030,106052,111818,119344,126583,135801,144899,148219,169758,234392,185268,199468
3152,56392,61776,65202,69281,70904,75037,76625,80944,133455,95119,106934,117017,124677,131404,142885,233219,163036,174945,179978,185232
3153,60207,63537,63560,71002,70641,75264,77513,81840,90429,100858,113989,121017,128620,136049,145533,154337,170937,183839,236824,236824
3154,60223,64350,63610,70329,71796,75673,77311,83192,86072,100951,112721,119923,126260,136359,235485,155883,158850,172355,186097,201415
3155,60322,60760,67059,70868,72498,76535,77967,82481,86771,101712,111428,124987,127624,136737,158202,148970,159606,170063,188003,189977
3156,60706,61003,67448,70838,72306,75950,77757,83084,87421,101736,108454,124247,127905,131717,147219,150102,240452,241214,177954,240452
3157,62449,61067,67183,70607,72021,75809,77503,83386,86582,102445,111555,143245,128098,132490,141211,239719,174419,174774,242130,205317
3158,60278,62241,65049,69796,70800,75294,76570,80245,84947,95252,107382,118784,126548,205465,137275,158645,159329,168402,182885,186086
3159,58866,64513,64233,69881,71020,75924,77275,82943,137093,95962,174085,118403,149858,141386,144829,149555,165109,170235,184155,230943
3160,59530,62852,65474,69720,71343,75185,77073,82620,89528,99816,118090,118458,127471,134116,144861,152937,167133,228047,228047,197541
3161,60085,60473,64663,68783,72076,76141,77481,84034,86269,96517,115115,160243,127523,136597,145750,149508,165559,183907,198187,198947
3162,59756,63948,65172,69858,70774,75507,76331,81622,85232,95714,108271,119806,170703,133289,188823,155075,224253,169097,182058,225591
3163,61856,60826,66434,69979,71950,75878,77324,82427,86716,158659,108827,119227,132778,134538,153437,147901,181090,170680,183788,199514
3164,60233,62317,65680,69266,71002,75601,76670,80537,85473,101130,109092,116673,124613,154967,141934,230640,160455,220608,221746,191518
3165,63279,61769,67076,70501,72123,75830,77457,82829,86699,106280,115351,121346,128317,142497,145887,163124,165974,185431,200180,237140
3166,60819,61448,66474,70527,72382,75594,77231,81318,137986,100321,106714,119072,126812,135286,145626,155801,158449,172327,183959,199371
3167,62143,61935,66176,69908,71465,76395,78182,82332,91489,97102,111460,121386,128080,242486,242692,149349,243046,169752,188798,191104
3168,61168,61913,66538,69757,71901,75858,78032,83183,86987,102034,111606,118248,199405,145616,147009,150854,171313,244095,204218,243614
3169,61267,64568,64380,70737,72427,77290,79425,82230,88798,98377,112164,204651,137359,132776,142909,220054,164220,179298,191149,195431
3170,60881,64492,66708,69066,71152,76243,77411,81483,86793,91932,107765,120803,127398,131412,140513,163579,157325,164804,197261,187381
3171,60462,60825,65781,70329,72526,75975,78137,82364,87124,100336,110532,119595,127953,134746,144747,148676,159879,169746,233842,234435
3172,61985,60576,67056,69408,71233,75957,77431,81674,86488,99705,106881,118788,127457,134538,144413,148895,159370,194213,185109,196583
3173,61406,61207,67706,70420,72022,76037,78025,81635,86652,97084,111146,120807,127824,135786,147106,148986,236884,173484,185491,201426
3174,60340,60968,65644,70683,72705,75429,77631,80881,138636,117148,106871,117295,127743,135365,145115,237392,170444,233793,184785,234445
3175,62485,61396,67917,70670,71544,75899,77815,83352,91239,105593,178066,118137,128110,136215,239587,155276,159428,185961,239587,203932
3176,57057,63407,66284,69344,71835,74847,76822,80839,92966,99139,115836,114568,125853,128583,151614,149613,156853,168070,183003,186587
3177,60940,61778,67147,70416,72684,76034,78387,84723,86612,96875,116222,121733,128203,241339,147105,146484,171435,175191,189381,242008
3178,57021,61033,66818,69815,72278,75240,77828,81986,86964,99596,110102,118102,132757,143761,140327,157946,166195,171462,177259,201447
3179,60584,61487,67996,70796,72600,75527,77662,83312,87182,152813,111296,118224,200293,136400,147006,149237,243498,242807,242807,190581
3180,60127,61113,66599,70379,72691,75432,77978,81568,86731,107572,111143,118154,134913,133150,141448,243244,167924,174608,188476,190671
3181,60377,62048,66035,71120,73205,76604,77749,83463,87474,98439,111427,119364,129440,132317,142834,157735,161393,173727,179905,244616
3182,56865,61624,65105,68102,71421,75499,77109,80680,86032,98765,110128,138167,127037,128878,139220,151826,156287,168284,176255,187679
3183,60526,60898,66067,69764,70582,75666,77956,82627,137491,96514,111672,119993,128147,134256,230269,147391,159569,230269,230906,197336
3184,56943,61635,65109,69788,72317,75760,77935,81596,90261,103291,110159,118211,127308,133729,152539,148668,226650,179738,182334,228311
3185,60079,62412,66818,70090,70784,75439,77760,81706,92426,99997,108433,123146,127732,134496,143992,149323,167948,169067,182836,197349
3186,56634,63429,64434,69397,70754,75647,76788,82064,93154,102430,110621,145807,126311,155767,142903,227378,164292,167597,223687,192321
3187,59941,63310,66124,68088,71611,75565,76918,82678,92994,99285,113724,119130,126410,139467,142885,162217,164652,223702,191726,225136
3188,59036,59746,65134,68466,70879,73764,74781,80000,94160,98689,110343,115377,123120,131837,141668,156571,158229,172426,177973,189626
3189,59944,61870,66621,69840,71838,75445,76878,81285,87657,105529,113878,120028,224883,225789,142621,149645,226948,179132,227186,227316
3190,59630,62467,66760,69008,70202,74700,76473,80973,84918,105435,113849,146462,140085,141907,158293,152975,167500,169228,194731,196777
3191,59884,63654,64304,70026,70795,75665,77523,82028,86282,105486,115197,120267,127653,135156,146034,152172,167361,237381,185862,237855
3192,60100,61408,65183,69502,70717,75011,76322,81051,85267,95430,110813,118458,126169,133321,232091,237932,157914,170175,181894,197091
3193,56719,62590,63662,69475,70837,75518,77146,81278,85856,99185,111137,118443,127022,134219,156240,155671,165205,170331,232198,198767
3194,58979,59470,65397,67972,70714,73986,75911,80513,131768,91960,109183,115230,124079,132570,141782,153726,215924,166075,178052,189281
3195,57482,61579,65899,68367,70672,74839,75690,80902,94741,151644,112199,181753,124849,132607,141657,146278,171967,218858,187440,219763
3196,58707,61912,64652,67254,69574,74734,75655,79680,93291,107510,110353,121232,123400,131068,140184,150757,159941,170203,212192,212999
3197,58522,61641,65589,68771,71062,74534,75804,81622,88164,100266,112201,118665,124844,216995,141923,149157,160277,217716,189559,219340
3198,57699,60920,64753,67918,69574,73982,75848,79917,83935,99023,139487,116406,123388,142964,140732,217192,211343,170388,195404,197943
3199,59783,62279,65144,68347,69992,74220,76512,79986,83338,100121,115184,118483,124079,137670,217879,154770,172916,173737,219611,219611
3200,58662,58890,64954,66998,69959,72449,74024,78602,81901,91270,108829,115872,187362,129854,144141,150561,156369,206364,182824,194229
3201,60372,62275,66645,69251,70229,73593,75358,79818,139295,96963,112322,119800,135222,135203,146051,147279,216894,184207,188129,217967
3202,60173,60431,65079,67597,70207,73699,75818,78739,94987,99888,110975,116273,127469,131610,140178,216622,170652,171781,217487,201002
3203,59190,61581,66479,68725,70698,73573,75836,80720,87094,99670,111520,117370,129094,131232,142284,155661,163690,225622,192079,225733
3204,58374,60421,64690,68316,70166,73811,76016,79983,85128,110621,112021,183154,123181,220921,141506,151283,158807,173157,179970,192386
3205,60076,63454,63263,68341,70626,75216,76444,80834,85949,105313,111839,122291,123783,139941,227057,152777,205899,177760,227235,194151
3206,59215,59105,66303,67494,69786,73825,76023,80125,82672,97975,111818,118345,124831,132926,148540,227630,161707,165075,189978,222227
3207,59323,61837,65509,66989,69956,74656,75939,80640,92598,101512,111424,117132,184793,133626,141586,162086,164176,222536,190013,193402
3208,59177,60866,63781,67319,69980,73530,74769,79479,83469,128184,137679,115014,126517,130097,139382,151687,162604,168869,176554,209848
3209,58912,62664,64159,68734,70584,74240,75680,78867,119017,106647,113002,118778,126919,135236,144781,148217,210691,170253,211591,211885
3210,59022,60971,65824,67696,70117,73175,74136,78651,89990,96050,110975,116831,126282,132803,142840,150135,166800,207364,207626,208582
3211,58440,62389,63898,68771,69919,73903,75262,80226,92611,97018,111250,119267,128130,192403,211908,147733,168502,181895,184436,215020
3212,59011,59340,63981,67409,69834,73491,74917,78530,85703,96200,111096,118399,127888,141383,151770,211908,165010,168847,210475,210527
3213,59699,62237,65703,69278,70322,74436,75237,80400,92742,99876,112282,179096,127968,135388,145744,155787,216123,216278,187935,217313
3214,58823,60146,64484,66735,68876,72766,74068,78146,85198,145384,108636,119521,159440,131351,138976,155466,167278,168340,210686,195643
3215,57974,61356,65053,67782,69732,73769,75583,79112,87217,108100,112505,119716,133580,134973,146286,148059,168923,221064,189930,221623
3216,58399,61760,64788,66365,70215,74094,74508,78411,138955,98359,130733,116094,127768,131690,140119,221064,158205,172111,218197,190452
3217,61348,61580,64178,67262,69752,74142,75813,80020,92561,100204,115154,117308,128784,220245,220800,154747,220800,175263,191207,221542
3218,59180,61863,63904,67026,70085,73554,75309,78518,83687,100700,111004,116186,122846,136009,145540,152146,170507,215214,185063,188695
3219,60262,63108,64244,67800,69388,74592,75905,79190,84744,100193,112312,117630,219474,136374,147888,151253,161385,174442,188716,220071
3220,58913,61741,64454,66999,69092,73115,74070,79435,81804,102448,108461,115764,130552,129585,139688,155208,159024,166400,205677,206094
3221,59708,61251,65944,68554,70310,73047,75244,79167,86924,96661,111574,146519,127370,133516,146900,203843,207622,208448,208540,210279
3222,58640,61187,64490,67127,69341,73492,75268,78452,88312,95676,111019,118162,124696,132589,144359,164783,164859,176578,182411,205666
3223,59900,61240,65673,68334,70400,73928,75340,80372,138678,98392,160695,119161,126692,135419,193321,153825,170566,170151,213885,214418
3224,59839,59396,65237,67076,70087,72996,75131,78732,90822,97481,116863,116474,126501,209235,152996,157444,159614,209605,182264,211105
3225,58642,61446,66265,66988,71210,73689,75845,79699,87999,150729,113985,151776,127536,144809,146805,148728,217202,185722,217784,201708
3226,59503,59863,64723,67201,69795,73134,75684,78785,83408,106151,110273,119691,122025,133754,140396,217202,169693,170545,184053,213763
3227,58737,63586,64561,68493,71399,74818,76533,87299,85225,101582,111710,118017,128018,137820,149234,154155,160843,225319,191391,207136
3228,60152,61562,63903,67264,70240,74150,75903,79762,82934,98551,111475,117366,124101,131491,146448,151625,158562,175643,223258,205340
3229,59687,63602,65349,68373,70855,74551,76467,84481,94379,98490,111816,118544,204264,132400,226172,150755,226706,176642,193160,227321
3230,56538,61366,64581,67645,70727,74064,75586,80372,84579,99370,111949,133929,136788,130986,147825,226172,160373,164111,178710,191222
3231,58412,61803,65049,68276,70822,74872,75707,103058,132492,98752,111718,118415,124242,222918,143464,162145,160766,223153,223298,224469
3232,58621,59605,63610,67534,68960,73516,74678,80606,86475,98616,109947,116478,121878,135277,139838,151950,155786,169422,181227,185878
3233,60007,62142,63878,66767,69173,73370,75102,79848,87349,96716,111483,188724,127186,134502,144621,147926,208043,208043,180787,210546
3234,58524,61344,64170,67075,69731,73269,75286,78400,84931,95189,109805,122042,124358,132014,141485,149168,159845,173814,201935,202617
3235,59490,61256,65499,68876,71040,73839,75478,79645,86613,148013,114366,119114,127226,134523,210753,199816,210860,181794,211201,214135
3236,59260,61274,65557,68201,69878,73226,75170,79131,86247,106844,110235,116315,127809,134769,153533,168386,169062,211394,182692,211706
3237,57506,64098,64404,68825,71336,74548,75803,96221,141728,100742,112063,118811,128786,137170,147418,154126,162295,187650,220253,221795
3238,57908,59651,64176,67499,70126,73381,74453,80675,90880,99325,108873,116558,126979,130932,140272,150755,160056,168904,182448,185143
3239,59139,63070,64586,68439,71106,75261,76116,80483,88739,101465,112776,122152,228335,227516,150913,149539,228027,177040,227974,228978
3240,58929,62096,62444,68263,70637,74268,76720,79589,90745,103356,124565,118432,138165,138172,142586,227516,161038,226567,191846,193369
3241,58905,62046,66105,68017,70979,75413,76925,80834,86178,103795,113605,118346,124732,133472,143210,163680,161907,179295,181845,233048
3242,57832,60586,66002,68587,71045,74281,76496,87158,82965,99758,112624,116794,125024,132776,226291,152932,163242,167568,179226,191877
3243,59385,63872,66242,68572,71311,74311,77117,80198,83276,104671,113421,128706,125472,133087,149596,151028,226772,168992,227960,194100
3244,58485,61263,64093,67876,70075,73613,75055,81789,82689,102861,110143,117068,121290,129745,140778,152121,159816,210799,183025,211546
3245,56147,60899,62047,67211,70084,73151,74709,88868,137381,96501,109899,191347,128737,134127,145956,192628,159760,181599,194847,211376
3246,58335,60002,63398,67644,69755,72522,74794,80249,90692,96084,173730,123807,127233,207323,145099,155795,158780,169361,208630,208800
3247,58607,61174,63228,67774,70509,74080,75433,79239,95286,99626,119555,120747,127951,144490,147133,147844,214886,214876,185707,216061
3248,57802,62247,63228,68509,70995,73456,75322,110206,95184,99312,111427,117501,124301,135557,141705,214696,171781,172619,215650,201039
3249,56036,63115,65816,68573,71070,74936,76998,82003,88252,104785,113308,118556,124943,132373,221113,159565,162410,221541,191292,223357
3250,56571,62064,64254,66932,70380,73500,74842,80276,83029,102935,109666,117152,148766,131099,145460,152356,159196,168927,175973,187978
3251,60622,61380,62729,68351,71297,74705,75791,79828,84040,104768,112033,118535,129557,137501,149632,148479,222185,175500,222991,223162
3252,58886,60348,63154,68362,70641,74064,75096,79014,82964,101082,112672,118565,124583,131221,141276,151911,168550,172756,187462,188738
3253,57204,63553,66092,67810,70787,74083,76030,80174,103006,143235,112729,119209,221201,221300,141490,218553,160206,221663,222016,222689
3254,59121,60738,62477,68844,70485,74325,75856,79939,87710,105365,112866,118676,135911,139650,141531,159029,162622,175512,187949,219995
3255,58440,62611,64495,68957,70464,74576,76099,80383,84142,101651,112408,119602,125565,133559,222727,152469,222727,172180,191090,193572
3256,59402,60057,64622,68060,69448,73360,74196,79244,128731,92846,109552,117106,123021,130572,144083,152987,165571,208990,175619,210225
3257,58905,62379,65022,67816,70867,73645,75408,101280,94400,93269,110437,193293,128326,134275,146786,148788,160805,183362,214473,215360
3258,57054,60690,65147,67482,69272,73224,75003,80967,86438,93126,110039,125243,127385,134630,144993,212395,158801,170546,183713,196431
3259,59140,62010,65599,68084,71285,74714,75235,80150,86404,93929,111435,120810,128935,136025,147377,153881,216200,216781,217311,218300
3260,59413,61042,65921,67399,70644,74965,75906,80205,83553,148898,110543,117108,123960,130332,140978,153988,171985,172560,185913,200668
3261,56926,62809,66194,68905,71195,74001,76249,80094,85049,109802,112953,118361,124844,220564,142259,151128,160194,176677,222359,222635
3262,59638,60288,64922,67837,70215,72675,74528,79165,129096,98050,109879,116662,123553,135833,212564,221119,157564,214357,184516,186946
3263,60922,60473,65483,68468,70734,73871,76170,84112,101091,104834,112808,118564,124155,137840,161064,154985,225894,177131,191814,226572
3264,61048,62288,65153,68545,71022,74437,75242,79883,88868,103053,112773,118951,204825,132406,143955,151433,163496,165593,227095,194419
3265,58439,62263,65278,68900,70004,75059,76289,113948,84150,103726,114083,119565,131484,132082,142359,152923,162316,228817,193819,228792
3266,60116,63001,65793,68834,71211,74404,76015,82956,84823,103753,112748,117282,125024,132250,142227,152946,161914,177846,180202,194553
3267,58641,64287,66310,69737,71281,74550,75953,81572,84323,104063,113474,119543,125514,132412,142462,226146,190136,168265,180798,227017
3268,59087,61899,65442,67076,70426,73018,74979,79576,82685,93615,111244,114717,122177,211746,150975,165907,158910,164098,213166,190378
3269,58518,60838,65435,67780,70051,74302,75696,80344,130490,94195,111106,178828,123823,145295,213671,149067,214837,214893,185951,200468
3270,56225,61879,64958,67197,69707,73546,75511,79114,89309,93676,120062,120150,122801,134558,155618,148852,168298,169000,209669,210196
3271,59281,62787,65335,67781,70512,73824,76072,79104,86021,98042,114955,120037,127960,135120,145259,148794,170162,214000,184735,215469
3272,56508,61720,64822,67566,70267,73319,74891,79344,91201,147033,110055,116419,210219,130021,144651,213426,159929,169304,211922,197772
3273,59325,60546,66486,68573,71068,74892,76092,80663,88212,110677,112282,118180,137434,137468,148866,157708,202924,221994,190506,223069
3274,58892,61573,64488,67299,70180,73683,75450,79179,83486,98038,130382,116205,122294,130530,141038,151185,159472,172275,216328,187649
3275,56207,62146,65346,68865,71534,73998,76142,87412,97870,104249,115574,118251,125944,231690,142334,150823,162200,178848,196220,231931
3276,58557,61863,66713,69150,71513,74923,76210,80630,85325,102589,112070,118120,125342,138846,230958,151580,230958,164918,180540,194908
3277,56848,63743,66650,69192,71847,74938,76972,81209,136425,104572,113897,119191,126407,134493,155399,230958,168923,236711,236847,236847
3278,58890,61476,65651,69218,71788,73574,75937,98289,88565,104168,113892,191938,125695,133273,143061,156080,162139,167236,181419,197581
3279,58945,61810,67000,69157,70872,75903,76056,81877,85342,103816,114376,123987,125848,134318,143891,148483,163128,170136,183053,198738
3280,54785,62359,65128,67390,70456,73561,74761,79216,83017,91816,111422,114837,122448,129919,141195,148029,154238,216206,176305,184472
3281,58943,60975,66584,67721,70738,74263,75140,79731,86005,94600,111582,117006,214510,130386,141548,144652,215124,172909,215649,217047
3282,58916,62437,65137,68387,70153,74369,75011,79140,83710,100303,110462,116415,133595,130520,139308,214882,170584,171707,184713,214009
3283,59363,61519,65927,69103,71926,75520,76929,82460,133890,101605,112852,118211,130486,221674,221674,157000,162951,222965,223216,224311
3284,60986,63874,65232,69351,70901,74522,76902,92130,88383,97070,125020,117566,125983,139983,149903,151827,163150,177129,190880,193457
3285,57918,62533,64201,68598,71839,74701,76957,81572,84198,93371,113909,119189,124916,133547,142753,151852,225391,168251,181075,226397
3286,60338,62782,65417,67920,70508,73712,74879,79792,84628,150277,110981,114748,123429,132275,141182,225391,160839,165455,217114,187948
3287,59495,63842,66629,69089,70566,74702,76671,81353,83970,110454,113415,118462,125559,133970,142079,156410,162188,227541,194278,228630
3288,58291,63475,66387,68837,70982,74632,76217,80986,83625,94653,112808,145929,124252,133249,142210,152175,162435,178704,180346,194981
3289,59539,64159,66501,69213,71924,75841,76661,98247,135648,93311,113669,118745,125518,132964,229513,152067,229513,169024,230155,230813
3290,57729,63695,65825,68647,71490,74693,76431,80725,88937,92918,112418,117519,124145,204666,151074,153629,166100,225887,192763,195911
3291,58873,64821,66316,68990,71221,75892,77119,81687,84750,94265,127434,117975,207612,141078,143408,224699,166990,181798,185468,196569
3292,59795,62850,66140,68216,71048,74513,75840,79956,84332,92340,111479,142038,129301,131629,140959,167012,159408,165064,177302,216900
3293,59574,62715,66025,68392,70826,74656,75495,80338,84961,151710,111999,121123,124024,132079,141077,149670,162862,172555,218922,202808
3294,57926,62707,65135,68572,70341,74114,75904,79994,84616,109434,111508,117287,124851,130599,141352,151146,216564,216962,188078,188862
3295,59670,63507,65450,68877,71086,74772,76203,91502,132241,100522,111845,118687,125513,131440,141223,149301,174185,173822,220157,220728
3296,58675,62719,65660,68820,70966,75046,76133,79980,91850,98162,112062,152317,125203,218206,218120,152930,162276,172678,187939,219664
3297,58736,61534,66565,68370,71405,74952,76725,81512,84775,105035,146465,123448,125852,140717,150413,218120,166836,225768,192904,208433
3298,60739,62412,65028,68326,69768,73633,75248,79906,84807,102993,112149,115107,123680,130678,141041,161390,157915,173294,198401,188603
3299,58949,62980,64809,69006,71446,75224,76939,98343,85114,100847,113371,118376,207123,134324,143312,150993,228849,180136,195226,229667
3300,116,117,117,117,117,117,118,118,118,118,118,118,118,118,118,152802,118,118,118,118
3301,59036,62733,67443,74671,86392,97541,114405,136553,148010,159355,174963,192154,209637,209637,231234,118,231831,231831,232092,232794
3302,58600,60866,65665,73972,81322,96563,113633,135557,146947,173116,190337,207845,229498,228844,228844,231206,229846,230004,230269,230269
3303,58909,61262,66694,69176,71961,76109,77177,83543,89613,111698,116787,124412,141613,232279,230886,229518,231933,232139,232606,232606
3304,59718,62605,64292,68434,70841,73729,75714,80336,84722,96905,111426,115074,123383,137661,148203,231063,217519,217519,219569,219080
3305,59690,62549,66030,69347,71548,74957,76255,80375,131187,94836,112191,116887,125484,133177,141195,152664,172364,216615,217650,217210
3306,57061,62670,63646,67927,70488,74112,75648,79780,94663,93958,110728,116593,122946,129848,141077,150115,160115,211327,211956,211327
3307,57697,62652,65265,68521,71408,74999,75874,80608,98545,139603,111980,194196,123847,131062,140260,210728,170336,183721,215429,215893
3308,59121,60802,64945,68341,70616,74332,75815,80084,94484,109579,111535,127012,212333,131901,140455,157839,213620,170565,214959,214959
3309,55952,63328,65444,68599,71665,75318,76784,81085,86174,104931,112743,122766,138735,133690,222404,149078,177303,177869,223916,223950
3310,60746,61370,65020,68054,70413,73838,75579,80447,89242,94680,110571,117066,122983,130941,146884,153758,158569,215475,185430,216831
3311,59194,63938,65855,68932,71645,75723,76520,104340,84656,105513,126088,118097,126429,226984,142480,215589,164936,178607,193731,229800
3312,56242,63947,66273,69114,71709,75187,76610,82931,84403,105021,113196,119356,125042,139455,142546,161059,175775,165687,228372,229702
3313,60808,64131,66983,69182,72660,75876,77182,82736,85643,106382,114014,119679,126151,134886,145309,156565,231701,232447,196936,233816
3314,56058,62518,67118,69532,71270,75220,76122,80490,84163,103323,113786,117649,124911,132334,144408,156017,164554,174216,180175,225060
3315,58517,63239,66617,68964,71405,75112,76622,80580,133847,105059,113652,117642,125238,132493,186833,146672,163383,167876,179933,193606
3316,56403,62047,63811,68021,70206,73302,75796,78483,89939,102670,109808,116271,122365,130645,144604,202980,157516,164101,209625,209625
3317,58803,63997,65791,68690,70265,73726,75377,79164,87661,98592,110508,116276,211863,134614,144669,153701,160883,213148,184718,214493
3318,58255,61304,65396,67261,69845,73506,75954,78949,83916,99005,139290,116464,133105,134773,145033,149149,212340,182145,213831,213071
3319,59473,60663,66139,69228,70684,75237,76241,90794,89479,104496,114906,197449,128547,217201,217624,147820,173072,218566,189194,202623
3320,59652,60723,64172,68671,70261,73539,76028,79588,89002,104677,112473,126653,124452,145928,147133,218156,162295,172655,217960,218585
3321,60445,59975,64401,68331,70940,75293,76587,80255,85887,104650,112508,117441,124265,132510,142742,160206,163098,174368,192385,204395
3322,56396,60971,64354,68098,70461,73289,73761,85455,128972,101149,109290,116507,123480,130218,140335,150362,211153,169025,183263,185461
3323,59813,61117,64929,68837,70882,74230,75828,80334,93087,98600,112083,117828,129243,136695,148788,148379,171453,221746,222900,222990
3324,58079,61217,65382,68503,70695,74870,75772,94362,85086,94429,111776,117597,123997,131197,140776,221106,161866,174406,187257,220331
3325,60904,62425,65418,69355,70416,75159,76567,81462,84114,103551,112929,117709,123917,132313,222659,159127,163423,173405,190269,191690
3326,59680,61637,64955,68440,70445,75007,75643,79648,83222,104503,111663,118153,155268,222057,149172,151752,223491,223491,179319,223576
3327,60403,61143,65458,69414,71453,75531,76045,80366,86791,102887,112918,119051,129536,141666,143514,151244,176813,178962,225887,194405
3328,58141,59824,64889,66980,70248,73670,74144,78814,128827,92935,109727,116271,123364,130290,139428,152922,157401,164173,184236,212503
3329,57326,62647,63210,67116,70961,74119,75022,119033,91218,147185,160636,115904,125873,134681,139233,192725,157567,211136,184211,212014
3330,56783,59903,63510,66952,69935,73036,74639,82446,87085,107586,116358,115165,206083,133944,143946,154262,175620,178707,208371,208885
3331,59774,61804,66055,68710,71053,73967,77783,79437,87569,100177,114307,191561,134664,135240,211265,149280,211657,170252,213427,214333
3332,59029,63151,64470,67272,69971,74773,74779,78879,83724,98750,111818,124270,126451,134895,152294,211365,167716,209954,184567,195577
3333,57193,62690,65598,68938,70238,74372,76461,80593,86844,99654,113792,120995,127441,137540,146423,153664,170361,185130,216147,216519
3334,58630,61309,61772,67798,70280,73541,75151,80312,119257,103233,110249,116052,122122,147884,139811,149866,156446,169523,185033,195756
3335,57866,62028,64335,68929,69977,75105,75919,79647,101161,103821,111606,117338,128662,137131,148231,147796,220824,220824,190367,221318
3336,57552,61980,63791,69525,70730,75589,75904,88677,88285,103336,111924,117973,124191,222410,142459,220806,174119,175408,222748,192932
3337,60168,62391,66727,69137,71636,74918,76761,81535,83891,104058,112667,118058,125288,142334,190401,162178,166961,178831,194184,230158
3338,59264,62331,66033,68890,71217,75121,76483,80567,83935,103355,112744,116783,123739,132653,150472,152937,160917,167122,180591,194901
3339,58307,62450,66106,69400,71090,75797,75728,80679,83894,104469,113038,118130,205866,133097,143395,151344,161997,228783,181502,229117
3340,58488,62691,65000,68699,70053,74959,76035,80513,131288,98676,112085,116697,129719,130626,141228,152911,218659,174316,219622,191014
3341,58775,61560,64930,69133,70152,74798,75800,82847,90554,102542,111535,125673,123989,130538,165534,218856,171435,172402,187723,219586
3342,58417,62933,64859,68590,70463,74578,75991,79820,83847,100083,111083,116597,123700,129721,145384,161526,160305,194389,212991,197859
3343,58239,60461,66525,69211,70994,75088,76014,80580,83467,104609,112723,198940,129014,219737,220542,148046,163956,176437,189815,221255
3344,57746,61653,65956,68716,70826,74125,75771,80219,85026,98829,112007,126765,124441,137989,147866,150862,162543,217335,186886,191583
3345,60070,61807,66560,69370,71344,74521,76708,97805,84095,103883,113341,118235,126264,134019,142874,149922,223102,175370,223431,224267
3346,57184,61338,65677,68250,70232,74172,75265,79751,128989,97212,110302,114708,121608,129128,139717,223102,168057,164141,183968,188019
3347,55478,61200,62672,68055,71023,74700,76941,80520,94644,143194,112607,117930,222513,131406,141311,154261,163629,223958,190919,224892
3348,58092,61578,65699,68960,70989,75277,76031,80902,83101,107731,112558,117608,137579,131854,142351,150397,162531,177884,225847,193486
3349,58887,61372,64847,68380,71364,75894,76776,81530,92749,104129,113494,119505,126362,133752,233012,151226,233972,170172,198048,234016
3350,59877,61158,62491,69693,71652,74966,76736,81572,84733,102965,114041,117914,125422,232051,151812,153753,169514,212220,182535,199868
3351,61113,61660,64124,69819,70612,75898,76913,81813,85177,104547,114150,118700,126765,142969,145300,233584,164871,182368,183370,200840
3352,59642,61943,65623,68189,70735,75057,75741,90964,104716,99055,112046,116662,123857,131694,142035,154929,158007,167245,224605,183005
3353,60406,63133,65918,69157,71348,74629,75869,80406,96343,94396,142336,117584,124517,130547,140828,146146,161973,221144,188443,222092
3354,57180,62772,64293,68334,70606,74437,74855,80230,91157,94491,114662,117178,123653,130443,140596,153529,180326,172331,185879,217157
3355,58867,62953,65789,68393,70382,74733,75992,80335,89258,100738,112877,198783,125133,132511,141462,150333,161862,174966,188433,220789
3356,60668,61520,65652,67986,70430,74401,75541,111360,88612,100134,111268,127279,124806,131164,217676,219701,217676,172436,218465,192370
3357,59101,63214,65906,68823,70871,74614,76126,82176,92494,103691,112949,117920,153051,136993,159184,159784,174805,219257,189927,220364
3358,59216,59747,63560,67530,69598,73830,74487,80894,108938,93183,109573,116197,126427,209032,144951,150131,156505,169157,184078,187257
3359,56886,61536,64739,68251,70461,75063,75214,79881,87245,148164,111368,117599,127669,144185,146218,149318,158279,170336,214909,215207
3360,58246,60143,63403,67969,70072,73405,75531,79726,86755,108606,111561,117202,134623,136245,141356,150812,217327,217327,188279,218016
3361,58199,60721,66228,69322,70357,75369,76621,81482,90789,106191,113217,118418,147763,134984,143769,217269,178901,179818,228668,212089
3362,58171,60546,66302,68789,70827,75175,76045,80349,134652,104095,113390,117242,126071,132621,143531,166143,166066,168114,192178,193789
3363,58576,61494,66031,69911,71609,75038,77069,81390,89463,106719,113282,119756,126241,133922,192688,152874,164396,230955,182203,230955
3364,58666,60270,65684,68426,71099,75295,75877,80244,83455,103910,112330,117536,198600,131441,148540,155390,159849,174433,176243,190384
3365,57547,62963,65695,69102,70887,75292,75845,81033,84299,99210,111456,117760,135598,217952,140752,150141,219157,172824,219731,220865
3366,59676,62458,65342,68123,70524,74879,75787,79808,84052,102719,131612,117387,124512,136970,140971,149482,171275,171811,186463,201230
3367,58609,63072,65850,69501,70954,75514,76046,91247,83389,104710,114948,198127,124360,132453,218545,217105,159733,219561,220164,191225
3368,58410,61477,65852,68506,70555,75350,76011,81872,131775,103751,112210,127179,124398,132608,147444,162464,162525,175383,187892,219810
3369,58149,63921,64275,68732,71301,75270,76666,81208,93355,106065,113151,119272,126357,133026,144876,152974,224760,176970,191487,225999
3370,57547,60974,65268,69292,70818,74935,75935,79903,89554,103146,111380,116656,123013,131011,140752,152416,159229,215181,176723,190946
3371,57949,59871,66108,69375,70755,75140,76013,84514,83863,105406,113149,117845,124041,132371,142275,152120,162996,173464,217492,217555
3372,61111,61058,65308,69024,70634,75791,76044,80372,84118,104919,112461,117676,199204,220138,142448,216951,163828,174593,220182,204125
3373,58271,61960,66634,69894,71317,76595,76127,105285,85671,103753,114149,120185,138877,142599,227767,161188,229033,228370,195032,197068
3374,59810,64460,65750,69532,70931,75354,76788,83278,94633,95507,115074,119449,126725,133610,153224,153917,165601,180819,182143,229671
3375,59537,64015,67278,69923,72316,75503,77653,81838,85111,95889,114875,120051,127171,134499,146268,153271,165936,172082,184113,202309
3376,59596,63499,66213,69059,70707,74748,76308,80144,133652,101621,109761,117622,125635,132746,142881,155437,157542,165584,223422,183218
3377,58238,62478,65938,69300,70798,75707,76823,80758,88114,103415,112580,118534,124660,131810,142263,223422,161869,221163,188493,221837
3378,59099,59754,65968,69163,70732,75078,76166,80044,83818,103752,124278,118125,123931,131482,142082,158641,218789,173547,176984,220220
3379,57051,63588,66903,69440,72518,75791,77479,82228,85311,106287,113409,119929,126403,223729,144120,150199,175038,177560,224234,207276
3380,59909,63453,67928,69518,71401,76235,77059,82799,85615,106950,115761,119695,132752,142884,146547,153377,169136,170454,195906,199284
3381,58821,62492,68513,70900,72033,76268,77581,84782,93615,97295,113816,194233,194233,135595,233271,155392,166588,234422,186691,235269
3382,57133,62724,64513,69326,71299,75005,76927,79545,91228,102712,110004,122581,130819,133499,150246,150463,157672,175919,223260,191281
3383,59179,61657,65582,69764,72419,76541,76555,82716,129295,100994,113491,120345,127340,135819,147411,221395,237634,170506,200975,202274
3384,59831,62011,66972,70648,72974,76487,77631,81997,92347,101335,111978,118215,129065,138560,148435,168024,171172,170755,187704,244212
3385,60333,64506,68128,70730,72948,77513,78236,82797,88885,98873,114822,118810,129250,133578,143304,158902,161573,247509,180379,193252
3386,60367,64640,65266,70345,73377,77831,78382,83487,88895,94399,114720,118818,129029,131819,142190,151918,162774,173891,249953,192841
3387,60413,63553,67221,69586,73082,77523,77947,82693,89047,114053,112439,119189,125449,132052,143400,152716,161819,165753,194020,194593
3388,60821,60937,63907,68979,72675,76155,77743,85747,86143,97630,140981,118353,123766,215573,142075,152153,159925,165804,175821,238961
3389,61028,62191,66271,69708,71763,76025,77394,84229,87806,97193,115261,117741,128420,145231,237401,238679,237046,239025,177056,202835
3390,61409,62144,66491,70765,71881,75905,76757,83292,97428,150901,113635,118293,215389,136470,156317,157971,169094,174873,177986,192643
3391,60737,61760,66740,71057,72748,76440,77109,86576,97592,107767,110854,118702,135147,132596,146929,150385,159684,172988,241413,204328
3392,60056,66932,70628,73291,75618,82045,83315,87722,92989,104330,111026,115237,127222,131124,142694,150625,157944,163959,175951,199473
3393,63831,66943,72408,74238,77596,86210,91193,110758,113879,128436,145110,278408,181328,196007,213893,148640,377995,377995,311362,378585
3394,66700,69299,73742,76990,80439,85960,96254,101162,104974,112355,117745,134630,136616,146661,159134,233513,186925,186717,198901,218909
3395,68463,69779,72748,76468,80174,91555,94300,102021,102534,110593,117217,126738,130582,137121,148729,162626,170811,174056,189149,198698
3396,67687,69101,72524,73635,77693,88638,91941,101082,101951,109188,117847,125351,128870,135539,147516,161342,166649,172327,185496,195176
3397,67250,68811,73011,74790,82648,89497,92187,100791,101889,110694,121565,126516,130401,136456,148833,159897,172836,175265,188758,199429
3398,68582,68764,72573,74838,79658,89907,90926,98819,102387,114021,122300,125735,130450,136350,148424,160956,171637,174617,188821,198178
3399,67395,69739,71165,75422,81273,90011,91816,99649,103596,114623,123374,128395,132893,141347,153505,160737,177819,178837,194175,205999
3400,66006,70218,71608,76299,79671,88389,91088,99575,105622,114978,118365,125521,133549,135884,155034,166089,166558,178721,192887,197241
3401,67048,71492,73197,76081,78146,89304,92824,100214,105818,112131,117150,127679,136163,136525,144955,154604,170103,181933,193373,199661
3402,68890,69168,70515,79471,77181,90254,90779,100338,102708,111910,116246,123972,129955,134259,141159,156637,167324,175341,179973,193178
3403,68903,71290,72666,76482,79650,89869,95008,102615,105868,114506,119436,131211,139528,179135,150122,152926,175141,188134,199621,220453
3404,67395,73673,75718,78213,79282,87197,92938,100878,105550,109723,118735,125768,135596,141820,150469,163650,172091,176942,191047,200242
3405,67331,69984,74889,75585,82683,92894,94038,103599,104515,109576,123820,128379,137725,142929,153948,158445,176250,179343,195178,206324
3406,69489,69702,73579,79319,81420,92096,94608,105475,103634,112994,119873,126754,136112,141872,152147,263205,166543,177647,190372,195426
3407,69218,69598,73206,75792,80912,91381,95046,104174,106665,112959,125193,126521,137016,143481,153635,173659,168455,179626,193001,196203
3408,67538,73863,74070,79051,80779,92364,97530,102217,105677,112231,121857,121489,136803,141150,142847,162402,166664,175524,189265,192956
3409,68442,72900,74912,80037,79519,92743,94548,101574,104591,113648,123455,124397,137095,140932,149849,150632,165659,175789,188454,199730
3410,67456,70011,73637,78404,80048,91915,94904,100713,106281,112941,119526,125709,134547,139955,149253,151296,161630,177229,187501,199446
3411,68808,69365,74933,76448,83447,91538,99183,99906,104577,112876,122708,126594,136924,141862,151163,149826,166518,177421,212885,201154
3412,70700,68989,74242,79200,79152,90520,93478,101625,104411,114671,123525,126092,134850,155439,247628,152190,162301,176132,188341,199254
3413,68008,70908,75358,80920,83674,93235,95214,101252,102621,117123,126491,127056,135902,143092,162956,150370,167878,180151,191329,203913
3414,67515,69482,73026,78153,79886,92213,93427,100636,103102,112386,122418,128096,134816,140160,148604,153366,160856,285653,228371,198272
3415,69102,70771,75142,81319,86206,95048,95393,101168,102805,114718,127692,129692,138322,144301,153685,151130,168360,209123,203690,204077
3416,67795,71195,74269,76037,86733,92693,95941,102070,103898,112642,124354,128066,138886,170550,145359,255856,168460,180778,191645,278188
3417,69783,70989,74926,76542,87619,92726,95543,104401,109454,111379,126046,131389,141150,146999,147469,178254,169906,182847,194442,212447
3418,68405,72511,74265,78166,79437,92025,99061,100412,109740,113567,122877,129923,142026,143768,148657,165055,170614,181501,185512,199104
3419,68242,73195,74306,75723,79977,90688,93201,101082,104300,115749,124878,131797,139203,144427,150677,158227,172574,185258,189631,201725
3420,68268,71690,74109,74983,79357,90605,92908,100746,106085,112031,122365,131642,139010,144391,149456,160992,167170,173891,187386,199039
3421,70077,75781,76064,77510,79545,89698,93286,99622,106999,112265,121382,130727,136965,143730,148620,158575,266470,172332,313267,197848
3422,69450,73848,76732,76294,79215,91694,97989,100167,106787,112834,121226,130045,137988,142965,148372,158751,181426,172234,209947,199194
3423,68955,71794,74910,76053,79310,89207,92332,103661,103427,112368,119593,130972,138873,143963,149344,158247,172333,172492,196198,198914
3424,68090,74006,74237,76153,81211,90551,92071,103608,102764,112958,121778,130275,136820,142818,148187,158774,170851,172213,184773,198523
3425,68968,72864,74148,76202,80461,90699,91442,105654,108184,115212,123682,130476,138643,143081,148401,158024,171176,173102,186477,197839
3426,67313,73853,75435,75561,80668,91275,94631,104972,103042,113532,117884,127308,136623,139957,145324,158015,167941,170453,183529,276958
3427,69655,75183,73877,76959,82223,87303,93771,103615,105029,116555,121414,127442,138863,142074,238476,155259,169484,281379,185487,223077
3428,69682,74439,73828,81362,79031,86476,93770,101138,106642,114893,118095,127392,139256,198808,165078,156757,168122,192853,183512,206738
3429,68326,71984,74445,77158,78845,89393,91754,103179,110407,113913,122139,130875,141122,149012,157500,156721,171066,183419,185369,198744
3430,68538,73623,73978,77333,79253,93427,92434,100616,103683,110529,122433,133148,138109,143542,148018,262671,168444,181637,184787,198066
3431,69643,71652,72989,81129,81065,93656,91518,100178,103029,118161,122597,130817,136651,142571,150099,167219,172860,182024,187786,200917
3432,70952,74931,74280,77129,80139,91032,95331,100206,109021,112856,121583,129874,135870,140799,146838,159154,166869,169257,183239,194576
3433,68479,72876,74097,81180,78369,95884,94213,102916,108270,114363,121179,132577,141704,144018,152380,156470,171653,174710,189578,201783
3434,67105,71854,73552,81238,78618,95715,94069,101900,104934,110148,121174,130924,137507,144208,153396,161252,169183,174848,316802,201775
3435,67284,72160,74122,81178,78445,92694,96428,99382,106292,116904,123071,132451,138101,144465,152406,160263,170214,174535,218190,202818
3436,68207,72894,73465,80772,85020,93736,94095,103045,105084,113336,122459,129546,137417,143843,153232,162784,231029,173827,188174,202141
3437,68603,73473,73725,76781,79728,93068,94075,102807,103613,112811,121913,130026,137523,142745,151316,161150,173382,173948,185815,201892
3438,68032,73464,72215,81128,80457,90548,96076,99287,102626,108752,121620,122102,135996,140990,146220,162654,164219,281878,180790,196960
3439,67802,75259,72771,80023,82989,93833,92891,102470,102679,112410,122273,126562,138052,142080,146276,154847,167735,192838,185531,327263
3440,67940,75726,73635,82800,83997,89938,94465,105882,102992,111223,122218,127774,138419,142194,146082,154669,168386,181805,183922,222296
3441,69011,73926,73296,79134,86276,91659,95679,104189,105886,110461,121507,130675,138982,141545,148892,155222,168445,177864,186125,209035
3442,69345,74876,73320,77447,83909,92650,91846,100690,102416,111069,120532,127200,138472,140917,147350,157495,166471,177698,184378,196587
3443,72487,74548,72958,82793,85245,89501,97663,102588,103466,111751,120812,127010,138470,140795,201877,155396,220433,177356,185494,198515
3444,71083,76128,73948,80920,85279,90582,93254,105738,100883,111107,120238,126794,136589,140729,154858,261356,180306,175849,185683,193825
3445,67990,75000,72639,76214,83767,88782,95272,102119,103164,114024,120930,127030,139508,140151,146923,173322,166110,176687,193535,197903
3446,68852,74403,72031,76265,78991,90733,91537,101399,100950,111263,123445,126479,137046,215039,146686,164321,166585,176323,192938,196167
3447,68876,74159,72101,79321,83073,92641,98504,101546,106629,114033,121215,128866,139223,155393,147626,154748,167506,178105,195285,199714
3448,69401,74785,73627,75701,83077,89429,98793,101032,106486,113712,122382,127135,138080,140671,148113,157481,168146,178174,185745,200061
3449,67856,75187,72753,79072,82880,83070,95800,103703,106319,115306,122713,130867,139032,140385,146625,156894,169898,179414,316207,201752
3450,67488,75998,72094,80405,82941,86146,92480,100604,105422,114251,120437,126736,135590,139612,217494,159962,241798,283594,209048,199201
3451,68674,74141,72825,79488,82863,86727,97495,100318,105443,114388,120339,126210,138462,140009,155715,156141,178257,192962,192683,197152
3452,68251,74920,72754,76317,86503,87650,93873,101567,105688,111381,120638,126938,138435,140303,147884,157600,165920,178682,191956,195398
3453,71288,74174,73243,80444,82489,87831,94662,98841,108242,112062,120469,129886,137872,141431,147704,156638,167567,176982,193781,199028
3454,72221,75235,73209,79476,86872,87048,94203,103395,106277,111863,122158,129969,139893,140747,149564,157071,167947,176605,193162,197414
3455,71809,75401,73358,79167,81604,87455,92913,105648,106605,112716,122610,130790,140592,140527,147841,156915,169044,179129,193782,336725
3456,68444,75803,73158,78495,82453,86099,96059,103235,105984,112645,119941,130624,136485,141646,148486,160151,166402,169479,186031,223015
3457,67709,74778,72976,79872,83129,87368,93875,104523,106517,111895,124244,131838,141736,143735,150548,259086,172988,173818,187220,217641
3458,68158,70990,72765,80460,85289,87940,94733,101112,104957,109847,123734,130661,137066,144626,150423,185615,168277,172533,187367,203097
3459,68115,75015,73031,79342,82976,88465,96234,101985,107153,111244,125068,131296,137875,144624,151767,161802,171733,177284,187867,201064
3460,67655,75370,72992,81045,81058,87848,93565,103480,106564,110197,124076,129422,137201,144728,151412,161859,277160,212555,186301,200408
3461,67589,75894,72446,78540,83598,87744,93529,100319,103444,110281,124758,130780,137443,144865,229055,162300,187058,184592,185071,200914
3462,68364,75331,71731,78118,83222,88660,93943,100320,106012,108966,121209,127204,135972,141886,158343,161432,170556,173714,186146,196467
3463,67717,74521,72947,79904,84904,87952,92997,100508,104922,111698,120046,131872,136896,141299,149309,159364,169155,169823,185013,195599
3464,68570,75185,74406,79498,83852,92179,95259,102552,108446,113761,121029,130298,136076,140471,148724,159447,166272,281149,183922,198012
3465,67697,74221,74576,78119,83566,86716,94719,100662,107047,114709,118950,130369,135450,140407,148503,159593,167967,198048,303561,198732
3466,73337,71084,73913,79842,80775,88538,93443,101014,104194,111360,118418,130587,134813,140928,148154,158882,168100,180258,209959,198038
3467,68921,75101,71892,79863,82401,89174,95828,99882,103587,114867,121369,132302,136862,219767,149046,156065,168648,179446,194339,198936
3468,71456,75551,72361,81030,81969,90156,92679,101225,103087,113466,120373,127227,136298,146058,146313,158393,167508,169084,184379,196370
3469,67333,75272,76817,82219,85265,91034,97213,100170,106758,112943,119642,127446,138691,140839,147783,155559,167826,169418,183053,199260
3470,69490,75170,72000,77636,82300,88610,97043,102808,103624,114079,119361,128481,136344,141773,148763,159895,168790,170588,183537,198872
3471,71639,76405,75587,78920,85144,90094,93640,100348,104742,118043,121199,131239,136802,142324,149700,159991,171521,171112,185855,201325
3472,68237,72920,72796,81283,85509,88966,95402,100696,105135,112531,121690,130676,137902,144072,150121,161667,168751,174246,186700,199083
3473,71493,75479,74771,76898,85667,90169,90880,100683,107865,112363,121985,132880,137550,144136,256332,160584,173005,299954,189346,201827
3474,72854,74972,75902,78758,83810,92965,94056,99875,104995,110767,121429,127706,136908,142644,159452,162302,166048,185889,187100,199984
3475,71921,75565,76290,80403,84727,95325,96614,101518,107633,115024,120631,127161,136912,142349,150231,179497,208544,172216,186621,316956
3476,71742,75334,73013,81007,85774,88128,93665,100657,104520,117923,121217,130272,137158,143802,151270,160859,172532,172755,186730,218150
3477,71466,75228,78364,79174,85471,91562,94262,100388,109810,119167,122200,131762,137470,144830,151680,162057,171991,175120,198826,205198
3478,71307,74860,73702,77909,86374,88240,94794,101292,105253,117755,121407,130019,137066,142685,151490,162916,169601,173834,187119,201090
3479,71661,75610,78276,79174,84537,89309,93474,101366,108208,114664,126534,130138,137994,143807,152350,210805,172125,175531,321370,200999
3480,72270,75288,74850,78299,83431,88387,95807,102652,104115,109072,123002,128017,138633,144026,151070,163604,168025,174191,200357,199354
3481,70130,74269,74337,79810,85441,91234,94988,106798,107374,113006,125060,130316,138452,142987,151503,159460,193337,174668,187813,199461
3482,68608,74023,75953,78727,85633,93109,93212,102428,103573,113124,122132,130599,137054,142806,151405,158818,174542,174082,188171,199552
3483,72471,74506,77190,80666,83815,88467,93689,106783,109350,114075,122924,132602,139692,144272,152042,159154,169075,232400,189362,201169
3484,71902,71950,75960,78070,86470,94155,94855,102230,109109,113503,122790,127847,137592,143655,152166,161280,169261,185953,189431,201029
3485,72459,72173,76713,78303,87027,87163,93265,106754,110265,114185,124907,132770,139058,145390,153697,160046,254195,178116,188807,201538
3486,71754,74480,76813,77992,84013,92007,94197,102653,105991,111659,123129,131041,137803,143976,150534,162443,182307,171900,185129,201285
3487,72013,76210,74912,83965,84770,92891,94466,105464,109301,113979,125398,132659,139837,146476,155561,167818,176619,179021,191025,202250
3488,72086,75231,74884,83196,81487,95507,96219,103620,106368,112913,125464,131779,139938,146273,155145,166105,165551,173559,191834,203367
3489,67607,76950,74887,76357,84959,93282,97762,102392,104827,112876,128607,134857,141448,147820,156572,158319,170706,306482,195298,205850
3490,71775,76018,75253,76101,84518,96888,96025,102840,104353,111816,123797,132216,141172,147632,154963,262195,167527,193664,195196,196349
3491,69918,77082,78674,82481,80163,98951,95381,103963,106465,112586,124173,134451,141264,147099,156186,175214,170005,181584,195151,196156
3492,70279,75585,77095,83538,80980,93967,97453,105320,106787,112157,122756,126997,138370,146066,154735,165998,163521,171516,188884,215088
3493,72458,75740,71176,79280,83809,92415,97294,102461,109018,109742,122447,128844,137412,145127,151635,153673,162436,176321,188658,200433
3494,72191,76487,76799,83849,81686,95898,97589,98860,111702,109504,122219,129518,137011,146360,152761,152039,162836,175700,189868,272414
3495,68000,76577,75110,76976,81855,92534,94045,101863,107152,109731,122741,128164,140699,145323,151859,151889,163273,176605,190853,217934
3496,70797,77030,76301,77148,83020,94558,93266,102019,108881,111608,122507,127815,140062,146512,150914,152433,269939,175722,188111,199862
3497,70614,74874,75819,74930,83369,91483,94738,104325,105738,111477,124970,132131,140399,148073,153018,151884,188627,177913,321210,202300
3498,68626,74233,76847,78471,77400,89905,96649,99957,107213,114274,122799,130270,138271,146528,151551,162793,169311,176866,201026,201552
3499,69150,75227,77456,79092,82195,92795,95449,99744,107708,112655,123794,132758,140079,149290,153800,160601,172408,180034,191692,202762
3500,68900,75125,76357,79795,82424,93968,96124,101063,107608,111353,125970,132344,141745,148542,153777,163701,165186,180207,191272,202793
3501,70459,76235,76619,79914,81867,96465,97400,101906,112065,116946,123024,131077,142557,149530,154597,154757,165584,180213,193926,205161
3502,73709,76977,76339,83892,83453,96252,96767,102333,106870,117286,123581,129824,142125,149292,157472,183708,165241,173826,192263,204904
3503,70448,77002,76236,81572,86848,89483,93642,101553,108588,113169,122314,131638,138051,148884,156264,164693,166743,306931,193429,207047
3504,70889,76400,76760,84288,83767,93127,94592,98893,106572,113055,123145,133335,137498,148233,155431,156110,164721,190356,191599,192905
3505,67728,76679,78953,81747,80114,89713,95372,98676,108281,112096,124133,130157,137254,147231,152369,154750,163484,174993,188236,192315
3506,70047,76440,75681,78844,84346,95371,97275,99685,107924,110333,121523,130207,138846,145989,151397,253402,162218,177442,186856,199622
3507,70946,73859,77066,80955,82292,89869,95016,100337,107688,110761,124767,129593,136984,147264,180839,172172,273893,177908,190914,318764
3508,68123,74059,78068,78068,82206,96178,96217,99808,109997,110463,124378,131096,137614,147378,152941,162967,184313,178279,188782,223468
3509,69078,76843,77271,86679,83207,86991,95109,103215,106877,112321,122766,132249,138929,149008,155563,162124,173153,177073,190898,204072
3510,71455,77585,77978,81138,82163,88824,97067,99937,105975,110891,122265,129998,139588,146639,150864,163153,162354,175139,187898,201676
3511,71931,77154,78250,83043,82777,89775,96338,100325,108536,110764,122096,131884,138969,144933,150800,152534,162407,177223,188524,199499
3512,68080,77259,78379,83488,86758,96407,95845,100859,108680,110828,123445,131298,137269,146772,151653,160448,162508,178252,189011,200123
3513,71914,77357,74383,84119,88171,96297,95337,101352,106467,111468,124998,130266,138066,145347,153084,161720,163932,178503,190740,202341
3514,63002,64153,66582,70949,76399,78127,83342,86667,91475,96349,101198,104469,118080,118353,133571,162675,139595,147297,152210,159234
3515,61269,63248,66059,73624,74558,82247,82642,88980,97556,107597,116920,123450,132763,142595,307778,133807,219246,376514,376514,244533
3516,61093,64932,65733,69227,70693,78507,82779,91832,94050,107189,108571,115499,122130,127183,146706,175346,158772,175896,184835,186620
3517,61020,66094,65811,68858,73468,82090,82924,92597,94683,105985,111497,118648,124029,133621,146608,147610,167146,174103,187476,201281
3518,61959,61101,65753,69088,78402,83130,83360,93144,98764,105867,113908,119632,124551,141235,145261,163950,166805,171765,188800,201323
3519,62667,61903,66069,69003,75181,83113,84367,92820,98397,103172,112821,121605,124705,221872,147409,239636,169001,177208,188768,201961
3520,60541,63480,67731,73061,73164,82910,84926,92949,94308,104946,112688,122873,124844,147391,148338,173798,265179,177303,190941,203148
3521,63138,62364,68908,68634,73458,81216,85470,93846,96496,104415,115160,122417,125733,136519,150141,159040,187889,177948,191272,205345
3522,64109,62865,68235,72916,73353,81633,85747,93968,96819,105882,114683,120913,126185,136863,150602,160986,177809,178026,187793,205014
3523,64475,64808,67860,71577,76834,86512,88812,95739,104302,110079,121275,124526,135831,141497,157726,158143,180704,188233,196948,215338
3524,62856,64252,69107,72030,82303,84719,86102,93634,101525,110687,117556,122738,130214,134504,143205,166352,167617,177928,186503,197715
3525,62600,64653,71691,75526,79540,85146,86593,95817,99672,107911,117411,121937,128181,135183,146295,156045,169448,180878,188864,201246
3526,67032,64934,67606,72282,78968,86647,86882,93746,99959,106715,117202,125222,129861,136587,148011,156723,170732,170982,191583,200045
3527,63210,65982,69671,71830,77342,83974,88817,93583,100408,108166,117240,123981,130880,139353,149953,159238,170575,174132,193862,297822
3528,66465,70944,69525,74281,78082,85340,88556,94012,99440,110749,118355,124245,129481,138313,149072,161323,161725,174915,187495,219433
3529,66211,69976,67752,72283,78296,85860,86781,93664,100004,109305,117502,123747,131368,137516,150710,158187,162221,176119,189230,203537
3530,64363,66255,67707,72193,78518,85643,86625,95254,98228,107249,116249,123867,132061,227554,148510,158030,161229,174534,187705,202861
3531,64123,66429,68740,72047,73735,84576,87141,96570,98240,106830,118935,124519,130182,144123,145260,150653,161270,173766,187199,202528
3532,63242,66535,67545,72190,73625,87475,86132,97096,99928,107253,116962,124186,129621,137171,148584,243423,161148,244663,192533,200381
3533,63503,66989,68529,73698,73268,86234,87569,98474,100459,107588,118629,124154,129526,137071,242879,171955,263831,191694,288892,202107
3534,68345,65328,67103,79775,75868,84263,86964,94780,102685,107282,117555,122727,129374,135822,156525,161905,184892,171374,201457,197449
3535,64077,65624,67650,77363,76222,85737,86398,94611,102250,107275,117204,123959,130960,136482,145592,154633,171277,170965,188756,198464
3536,64547,65554,73333,74751,76399,86050,87490,94783,103791,107167,119613,124695,130352,135862,145890,158202,166949,170772,187601,197580
3537,67059,68044,69164,74387,77817,86614,87460,95740,103917,108282,118197,124889,130499,137944,146519,158525,172246,173506,191616,202588
3538,67799,66012,69151,72447,77322,85316,86437,96447,103809,109792,118523,120034,130915,137170,150377,164136,163597,285238,191490,202155
3539,66215,68395,69193,72925,77301,84072,86673,96535,104983,110101,121638,122514,131909,133017,150226,157929,165783,201801,194514,204446
3540,66225,66343,67902,72627,79111,84458,86791,96189,103378,107885,119588,123687,131141,144951,151481,159090,165495,177752,193143,205171
3541,64358,71993,68554,71699,79492,83731,89093,96683,99333,112207,121621,124291,133284,157034,153444,152121,166991,181828,193833,210257
3542,63722,68042,69996,71994,78672,86406,88875,95228,99839,107985,119358,122550,132643,140380,142704,154150,168319,179252,192946,198936
3543,64011,68088,70245,71884,79625,86710,89315,97271,97823,107692,120224,121966,134022,134998,144550,253083,167640,179676,192513,199010
3544,63368,67911,69943,71662,78704,86566,91529,97788,99227,109656,117152,124253,133467,220827,142821,175280,188222,179239,193598,200396
3545,65297,67254,75316,72412,79616,86088,87429,99849,101334,109938,117357,125916,132453,152664,240334,156434,170730,180316,195432,336231
3546,68815,69852,70546,73867,78464,85539,92167,96273,101803,109806,118084,125238,132078,136348,164242,156546,169630,179868,183076,230484
3547,70033,68387,70863,73659,77849,84155,90662,99803,101901,109837,121733,125609,131023,137060,145968,155769,257014,180556,185007,201267
3548,65112,67762,70122,71821,79708,85145,88918,95745,101587,110345,120309,123599,127955,135042,143029,156295,178079,176825,178833,197362
3549,64025,70280,69521,72065,80966,86157,90977,94536,102739,110953,117133,124160,127176,136568,141460,154352,164803,176597,293486,193889
3550,63252,68197,70239,73468,75212,85704,90212,98555,98948,110149,119682,124989,134417,136881,144332,153284,168230,179779,210472,198416
3551,67004,68291,70043,73399,75123,85565,90878,95925,99407,111402,119410,123775,135100,137189,145762,155446,168663,178895,194055,199815
3552,68293,68330,70305,73274,75148,83328,86514,96058,99867,109278,119033,125307,130674,136046,145114,157921,167745,178482,194007,200043
3553,63235,68448,70032,74951,78958,86920,88317,95703,104283,111918,117154,125095,132720,139203,145742,201721,173543,228637,197758,202307
3554,69864,67605,69860,73290,74213,87513,90767,100336,103138,108173,121029,123950,132974,137226,145133,173552,164895,181136,185052,196710
3555,65914,69413,69539,73365,75415,86801,90958,100318,102460,108724,119257,124470,131071,222901,239880,156733,169130,180225,183306,200538
3556,63190,67524,68719,73302,75472,85177,91071,101788,102590,108986,117133,123732,130515,147336,162799,158631,169938,181065,183901,200567
3557,65191,66129,69676,72652,77845,84914,87428,95464,100963,109824,122445,124934,134328,138007,145728,158277,172808,182871,187170,203907
3558,69141,67962,71454,74104,78459,86269,88428,96211,104980,108912,122886,124838,132183,139032,147339,159006,169598,173871,188397,200597
3559,70407,73691,70304,74233,79799,89847,88568,102543,104173,111500,118227,127940,132397,138563,148246,157499,268801,175304,190919,201751
3560,67062,67861,71152,73244,75500,88427,93325,100489,103325,108872,117847,125572,131813,138022,146738,248442,183801,283717,186070,199497
3561,67874,73352,68522,73136,81820,86450,91104,95806,104538,110316,119081,125591,130515,138102,144334,167532,163897,190032,181894,194422
3562,65921,66305,68782,73235,77563,85995,91323,101071,104002,111640,121107,126650,131189,137919,145887,155020,169579,181692,306090,200663
3563,65434,66591,71892,78700,77309,88585,92006,97809,104294,112216,122333,124961,133834,138282,146407,158230,171837,181189,212187,203733
3564,63919,70619,71957,73667,77418,80699,89604,98947,101607,108890,121993,124362,131583,138827,144758,156049,169217,182322,197244,340198
3565,65235,70949,72272,74653,80284,86566,90573,99835,103004,109317,119056,125445,134316,138839,148021,156563,169171,173604,187607,233887
3566,63823,69498,71856,72518,79488,88445,90274,97672,106459,111211,122814,128001,132055,138702,241149,159856,167844,171953,185947,203631
3567,69290,69713,71496,74925,78206,84097,89852,99830,104437,111297,118225,125273,134530,162939,155163,154317,169424,173381,187650,199842
3568,65718,71029,72266,75355,78781,87049,92022,98128,105410,113619,125327,129874,134460,141137,151166,156875,175266,180005,192915,206414
3569,67826,71199,72602,78519,79110,85798,90924,97533,105271,111808,124391,127514,135029,141712,152480,159129,166430,182223,191519,197282
3570,68936,68732,72667,76104,74622,88093,92277,97889,105093,109983,119061,128864,134731,141392,144701,153344,166108,175716,191512,197246
3571,71147,69893,72953,73035,80213,89061,91197,99209,104190,110529,119178,133635,135176,142430,146259,257180,166116,176552,193290,197954
3572,67933,69885,71554,77655,78512,87177,90963,96692,101568,109448,120325,129223,134364,155894,144201,165749,162340,273635,191468,194637
3573,70653,72429,72218,72563,79879,89001,90035,101270,104554,106308,120205,126386,133704,139068,147507,152549,263214,186015,186439,189238
3574,67486,68689,72357,73466,78744,87358,89979,101922,101853,108532,123744,128567,135472,141076,148933,149901,188069,176396,188545,202039
3575,67905,69505,71904,74290,79369,85525,90991,97701,99748,107659,121881,128819,135067,192343,149335,151920,176173,176483,189134,202143
3576,71305,69113,72556,75135,78938,90165,90918,97790,101453,107795,118529,128525,136501,146299,150073,152001,172368,176907,189772,202750
3577,70630,68661,72907,75122,77483,88250,94279,101533,106375,110706,121883,130603,135547,139660,151326,152609,164468,180232,190607,206072
3578,67940,72581,71633,72799,79636,85074,89400,97844,104897,107274,123250,127826,136031,140203,149682,153624,163093,170800,185902,190857
3579,67688,69478,71966,72567,81110,87372,89427,96970,102187,107276,117785,129005,133185,140493,244477,246674,160244,172557,312291,199586
3580,68060,68414,72696,77507,79171,85658,91023,96310,101109,109053,121584,126858,136974,140766,163722,171195,166794,177866,220665,204055
3581,67730,67783,74812,77031,78681,85054,91385,97046,105053,109112,120588,126783,135175,143668,153522,161698,167280,299761,194502,206988
3582,71592,70608,71446,74863,81398,87006,95359,98743,105005,108796,121400,128038,137240,144153,146895,156597,166418,194089,191908,196463
3583,63562,69934,78115,74383,82200,85200,90314,98173,100867,113164,121206,127756,137411,144328,146898,153689,168900,183550,195945,200961
3584,67585,68057,71315,76324,81809,87232,90143,99861,103780,111060,118393,128685,136363,139553,146022,156253,262111,179491,183742,197289
3585,67165,70832,70295,74150,79384,87432,89205,100971,103715,105664,116183,124881,133785,136451,144930,155021,172872,171082,176953,320011
3586,68600,70588,70793,74654,81484,86629,88277,99501,102891,110362,118524,126841,135614,140058,150189,151265,174333,175565,189873,220413
3587,71187,72400,71343,76454,80706,85597,90837,96388,100495,110625,120203,128165,135804,233440,151170,152703,166303,178604,190767,204661
3588,68244,70412,70872,73362,81609,85927,90314,98639,104509,108786,120313,128089,136121,149578,151442,252977,165254,178270,190531,204815
3589,67852,67673,70699,73584,81772,84951,91140,99231,104537,109725,120239,129509,136138,141249,152081,173527,166091,179581,192058,206730
3590,67525,70476,73191,73939,77872,84597,89209,98862,103680,107820,119743,126420,134851,142243,150432,161365,162430,171529,188646,194214
3591,64627,66832,69730,74178,77387,86274,90697,97053,101538,108078,119910,129309,133992,140165,148280,152418,160469,172647,185027,200470
3592,67705,72300,70508,74586,77895,87223,89052,101259,104368,107601,121571,128778,136151,141242,150238,151090,162872,174704,189599,203074
3593,66511,72922,69720,74840,81079,84729,89599,98009,103477,107611,122506,128911,136877,141685,150145,151903,270840,177467,191995,203724
3594,65942,74749,74072,74204,80893,84874,90100,97800,103822,109397,122606,129579,133758,142019,150865,154350,189396,298429,191081,205463
3595,66079,71430,73288,76583,82325,85080,89932,97153,104942,109353,120246,128074,134477,142994,236427,153806,176541,192932,191503,196242
3596,67260,71306,73263,74729,77413,88025,88821,97353,103888,107599,118531,128570,133274,141939,161174,156302,163825,177106,190397,193442
3597,65617,71167,73040,73960,79053,84021,89650,98615,105924,107770,122090,127444,135751,142273,150491,153181,165486,179310,332589,195563
3598,64506,70301,70899,76982,82364,84694,90475,97833,104994,108708,120862,127655,135557,141658,153250,257003,164933,175858,208983,195306
3599,67621,70334,73721,76053,82555,85078,90669,98173,103773,108917,120111,128478,135346,142972,154527,164711,166676,176367,193074,197495
3600,116,117,117,117,117,117,118,118,118,118,118,118,118,118,118,154097,118,118,118,118
3601,64189,72178,85090,110429,137711,161780,192859,231229,252443,272485,297414,325591,354871,354871,390131,118,390131,390131,390131,390131
3602,66279,70533,73815,76521,83799,89009,92534,102625,108652,120907,128728,136094,155367,158155,173409,390131,199493,202905,342964,376437
3603,69194,70248,72126,78350,81570,86784,93542,98119,102767,115040,122292,126588,132507,140224,146992,185779,166636,181011,211084,227400
3604,64103,70407,72475,75002,78357,86777,94034,101862,103038,110550,120875,127914,134506,139156,147668,156215,169494,183153,198251,203957
3605,65794,70387,70434,75159,77433,86950,94310,97738,103774,107587,118405,129131,133631,140732,147410,159734,169816,174783,188441,201182
3606,65693,70566,70268,74961,77452,81878,89109,97733,104596,107311,120889,125439,135169,141254,148583,157651,170179,174612,189104,201173
3607,65303,71055,72530,75692,78988,81604,89122,97768,101494,106764,121316,129040,134749,140146,147627,157695,171205,291816,190692,200922
3608,65830,68874,69097,78523,82301,86131,93182,97038,101722,111335,118391,128248,132651,140025,147347,157681,168663,197487,187899,199112
3609,70990,70051,72045,74387,81884,87351,89629,97478,105410,109971,123504,127441,134075,141491,148071,154577,171023,186133,190108,201873
3610,69440,70602,72753,77986,77863,83600,90520,97074,105258,107776,123095,127271,134944,140040,151423,162142,165451,176676,193382,204681
3611,69944,70734,73387,74784,77911,83105,90608,97523,104405,107241,122621,130476,133599,141865,149697,158289,272640,173178,190692,205376
3612,66982,70708,72329,79885,79379,82567,90781,96961,105536,107854,120154,127111,136182,139956,149374,151198,187072,172925,189181,194959
3613,66235,72278,73683,78062,77779,83295,91146,97161,103810,107682,123588,127593,134827,139445,148937,253318,173767,172352,189654,194141
3614,65916,69590,73429,74765,77565,82447,90051,96847,104464,106654,118508,127827,134259,140820,147642,170571,163523,173614,188541,192516
3615,69127,68876,71277,73489,75401,84103,89331,97514,102423,108726,119696,126299,131534,135795,220028,157033,156738,170335,182383,194429
3616,69963,68938,71972,73659,80670,84269,92147,96478,105309,109922,117868,125729,130019,218503,154528,151764,164872,169967,180789,198692
3617,69110,70234,70683,73565,76732,86066,92008,97997,102040,110223,119668,126726,131345,152765,145449,153562,167809,189730,182525,200879
3618,68950,69171,71680,76750,76404,85319,89785,97134,103842,106648,117489,126070,130600,136142,145910,157685,168229,177318,183587,200326
3619,68906,69813,71800,74050,76812,85653,94274,99581,102154,110565,117753,124762,131007,137340,146308,155928,169714,283826,184433,202663
3620,67723,69902,71659,73543,76013,85080,90484,99367,99408,108396,116599,124248,130893,136463,146054,159709,167664,194717,306101,196024
3621,70526,71719,73026,73723,79672,87726,89613,101176,102237,110785,120517,123748,131564,136352,145316,155120,170391,181335,213892,200002
3622,69477,68349,72384,77218,79581,86845,89774,100017,103363,111559,121644,125330,132411,139319,148067,159465,171235,174845,190580,215011
3623,68111,69465,73477,75658,77980,87010,89962,99873,104010,111854,122302,126355,135833,139649,180621,268436,197291,176004,192144,204322
3624,68759,68528,72645,75427,77237,86960,89759,100548,104053,111095,122572,125990,132687,140939,151086,172796,174223,175860,188755,204416
3625,68133,68360,73378,76361,77381,87258,86591,100791,103963,108242,118659,124845,131825,140610,149597,161231,164412,175795,188449,255966
3626,68152,68595,76446,76218,77501,86972,93460,99645,105514,108460,118556,125381,132839,136264,149021,159707,163259,175130,187208,204152
3627,65136,69052,71759,76272,76300,86604,90501,99301,99715,108283,118255,123581,131045,137122,145330,156928,257865,169985,182917,197078
3628,68923,69387,76885,77340,77042,85863,90772,99181,102976,109845,116696,123191,131944,188419,241429,152022,181209,172354,184139,198103
3629,68144,68577,71447,74614,77214,87069,88045,99226,104333,110162,117172,123485,133332,143045,156865,156820,170180,285662,185103,198968
3630,68386,67989,72282,75893,75945,86846,88236,99228,102992,111150,117951,125060,131648,138240,146876,158164,165956,195676,185094,198142
3631,67719,67718,77423,72775,75965,87215,86062,98952,101713,111011,117298,122560,132196,138680,146338,157668,169256,180365,185593,198649
3632,68925,68025,71478,74777,76618,86725,90421,97870,99947,111224,116676,125530,130606,135594,145723,158033,165689,170366,182711,330089
3633,68379,67343,70349,77372,76232,88117,90526,97108,99623,109432,117277,122392,131827,136435,145098,156857,168579,170105,306730,226605
3634,67265,71712,72941,73130,80592,87468,89641,98364,99598,109940,118092,128247,132100,140768,148782,155121,173390,173319,217231,206257
3635,68429,68715,75035,73804,78400,87052,88695,101165,99786,109252,118407,126650,131960,175324,151689,160622,170427,175076,192058,202645
3636,68755,68825,73126,74330,80714,85020,90649,99114,103180,109211,119802,126368,131531,141658,151858,160438,163573,175724,186898,203167
3637,70219,69240,71523,74345,80890,84533,89057,99187,101206,109613,120495,127202,134193,141776,149282,251324,164970,176783,188747,205219
3638,68910,68611,74203,74183,80574,84971,88488,99272,102733,110199,119980,125674,135054,141453,152388,174602,273271,173890,189265,197353
3639,67104,68531,77199,78530,77257,85911,88483,94996,102080,106831,116913,125984,134359,137680,146728,161265,180445,226062,182229,187644
3640,66956,68626,74092,77417,77130,87711,88700,100429,99682,109088,118167,125618,131956,138952,147894,149100,172773,191047,188678,199746
3641,66844,67803,71401,78304,76529,87555,89336,100549,102219,109394,119088,126108,131894,144025,246027,157540,169767,174006,188671,200848
3642,67104,67556,77990,80360,79487,86427,91100,100730,99647,109269,119456,126332,163008,175064,158048,158088,168788,173436,190318,200355
3643,69088,70961,71104,73949,79790,86126,89634,101362,103779,108047,118598,126420,136076,145647,149847,158176,170604,174379,191774,200363
3644,68719,71978,72871,77315,76535,87872,86886,96878,102019,109021,122890,128491,131903,138837,147247,159088,168074,191451,186404,198495
3645,68326,68284,72400,75500,77234,87282,86551,98703,102022,107247,121648,121950,130570,136478,145570,154845,163866,176950,183403,196355
3646,70216,68862,74496,81750,79995,87095,89523,99202,105172,109280,121073,124497,133580,140582,148656,155108,172790,287792,190769,199572
3647,67351,71198,74096,84030,80299,87127,89864,101569,105143,108003,118345,126118,131925,138543,149602,158660,170252,200143,190829,200306
3648,69952,69026,72384,80575,77716,86217,89976,98005,104494,109015,121506,126002,135391,175894,148902,158509,170060,174078,291906,200769
3649,64441,70757,74920,75855,81861,87266,93819,99299,105391,110246,120238,127494,132744,141246,151558,247818,164142,176951,206011,207580
3650,70423,70054,74238,75569,81501,87758,89470,99153,103368,107822,117924,126604,132720,141203,150737,173672,162688,175906,186726,203912
3651,67004,70299,73153,75579,82994,86211,89098,100234,104969,108603,118302,125972,133958,141409,150192,157578,217545,176295,189997,218889
3652,67508,70392,75293,75941,81542,89378,88756,100634,102027,109325,122099,127512,135353,141398,153613,161172,175959,174696,191101,208291
3653,65909,70954,73167,76069,79856,88012,90173,98032,102728,109946,119608,126811,134675,141981,154668,155099,166818,176303,192257,201298
3654,67876,70409,73992,76370,80104,86403,90047,100036,105012,111998,119980,123370,135120,139014,147116,155922,166942,176660,192451,201126
3655,67801,71203,73249,75551,81226,87642,90278,96897,105396,110043,122265,123828,134712,155515,148152,156673,165097,175494,190328,333731
3656,69349,69421,72167,76025,77330,85284,86865,95481,102492,108368,117269,123125,133564,139353,179959,154369,163366,172757,185791,220082
3657,65447,72814,71640,72723,77108,87056,90102,95989,98750,105169,117262,125099,130459,137344,145749,151241,254905,239201,179998,195306
3658,70013,69240,71139,73436,76781,88750,88980,100182,101800,107047,117155,123240,185578,222368,147362,148915,185008,186328,184957,202167
3659,66105,69454,71185,73098,76699,86344,88576,100112,101432,107030,118523,126125,137019,141722,148398,259008,170439,179779,184778,197658
3660,69636,67743,71286,72516,77185,86670,89449,99525,99722,108889,117945,122439,129808,138603,239266,170034,167998,170273,243251,198340
3661,69724,69585,70949,73448,77655,85556,89148,100235,103104,108791,117658,124919,130836,137088,164649,155003,170053,170320,199850,197790
3662,69586,70381,70222,73338,76116,87301,86067,99217,98450,107197,117424,121781,130177,137722,145932,155706,168238,168898,183036,195717
3663,68338,71544,72440,72902,77247,86604,88515,97863,100186,107535,115513,124036,130760,137368,144187,155776,165826,270679,179797,197436
3664,67197,72576,71076,73398,76332,85842,85894,99955,103919,109827,117481,122818,135413,137887,146811,154136,169203,196629,195025,199941
3665,65961,69920,71624,74028,77024,85575,86338,99297,103018,106790,118295,124583,130100,138404,149207,156269,170802,180798,185906,198701
3666,68150,69709,70905,73317,76537,85791,86180,99912,100975,108471,118112,126669,132690,137501,146794,157565,166705,172159,264880,198931
3667,68121,73335,71053,72973,75274,85405,89353,99833,100074,107006,118309,127044,129023,136674,148377,156752,167657,172592,200244,199227
3668,68410,72911,72370,72932,75516,85236,85826,99592,105267,107229,118708,123583,131377,138266,146520,157343,166598,171408,187516,198247
3669,66718,72200,68168,71918,81153,87105,91076,98177,103358,109280,115424,125451,128913,215490,143258,190362,271547,166634,179034,191728
3670,68550,69796,70687,71751,75070,86817,88205,99707,103899,109642,116476,125884,134001,149276,142883,153294,188940,175050,191468,324156
3671,69490,64786,68877,70969,78006,86743,88379,98772,103983,108778,116434,123924,134719,140496,233747,152768,166656,271963,190664,223717
3672,69166,66937,72824,71420,74976,87673,87965,98634,104674,111488,116667,124228,134702,138665,164017,250023,166051,191572,191294,208644
3673,68042,66790,71175,71945,74949,85838,93324,98371,104865,111255,116973,124117,133197,137036,151153,171334,165438,176709,189628,197064
3674,68326,66968,71242,72110,75665,86875,86159,99188,105182,109990,117519,121754,146015,136535,151289,160631,165667,178223,190256,197286
3675,68624,71602,71149,72111,77250,85979,85150,96832,101871,108789,116300,123574,131617,137076,142396,151446,162351,173437,185856,193357
3676,70103,73177,69918,72303,75462,85155,86617,98876,103211,110709,117552,124271,133695,142710,151506,150447,164646,175953,319442,205527
3677,68212,71293,69141,72244,76301,87951,84218,99287,103444,111064,118047,124674,134298,138427,152722,151676,168428,179509,210785,208844
3678,63926,70916,69808,72526,78228,87964,85399,99343,104824,111341,118264,123118,134443,137671,145471,151264,168518,178351,194380,199616
3679,70456,73898,70654,73135,76345,85353,84467,97157,100306,112331,117832,122787,129559,136979,146822,156649,170177,178834,196888,202522
3680,69148,73291,74398,72916,77142,87842,84759,97881,103685,110996,117623,124118,201395,151422,146876,156431,169882,178983,184108,201667
3681,68892,67260,72283,72033,76172,84212,85200,96931,104195,110783,119053,123105,137306,136088,143235,257735,269128,173977,179075,196083
3682,69789,70121,73610,72564,76876,88028,87106,98440,104330,110434,116923,123073,132157,216493,144724,161903,190270,298397,190965,195757
3683,69243,70783,70914,72198,75576,86538,86309,97564,104606,110068,116528,122747,132927,148735,232445,153441,166013,190689,190690,195424
3684,64342,72962,67555,72019,76039,85942,87502,99143,104109,109011,117598,122882,134165,140959,162432,153517,166218,178083,191569,196370
3685,65512,67216,68104,72627,76202,79707,87543,99852,103494,111390,117508,123779,134549,136829,151715,153708,167189,179831,192978,196463
3686,64226,67634,69068,78392,76214,85029,84776,96859,103225,108946,116530,123688,134204,137520,146026,153856,166961,175915,191896,197989
3687,64472,67895,68545,72705,76369,86206,86820,97031,103303,111532,116826,123087,133422,135400,144652,155012,164212,173388,187812,316886
3688,64648,67650,68361,74751,78619,81021,85054,99143,104448,108672,117424,124988,135832,137689,146103,151173,168190,182648,195830,228389
3689,65138,72270,68684,74385,75917,85496,87055,98400,104063,107995,118567,125582,135223,137920,145397,156712,168872,178836,197109,209657
3690,65957,72157,73087,72108,82082,87159,86031,97354,104953,108703,118780,125104,133457,138727,145814,256981,170534,180346,186472,199754
3691,69959,72532,73293,71617,81845,84854,88188,99496,103718,109546,120776,125582,133459,140544,147640,168554,170792,174451,190746,202642
3692,70157,73125,72248,71490,81247,86517,88062,99382,101704,109526,120497,124604,133117,139801,147948,161524,170887,173481,190256,202672
3693,64488,70847,71940,72158,78377,83382,92621,97372,103455,108196,118843,125987,134803,141540,148758,157310,172134,177594,192858,204688
3694,66958,69802,70119,73552,76710,82530,91189,98040,100550,107158,121459,128452,135696,198282,256368,156822,165495,180356,190795,208140
3695,66884,72503,69535,71733,77389,84745,89143,98587,103773,110992,121591,125809,135606,143311,162789,151826,279284,307858,191474,196845
3696,67986,72849,72019,73033,79490,85142,90427,98613,103900,111713,121993,124950,138156,144459,153529,153254,180270,194224,282035,199905
3697,67681,71025,71384,73606,77457,85504,91185,98357,101342,107501,122647,124958,138918,145568,148804,154105,167964,183439,210090,198114
3698,66841,70749,70739,74830,78382,84843,90054,99884,102041,110262,121991,124083,138324,137479,147182,152148,166542,176777,191705,197730
3699,69123,69169,74070,73377,77049,82898,93029,98499,103264,109870,118479,123087,135764,137798,145172,153595,162567,171847,184722,191664
3700,65325,67784,70487,73641,77718,82408,92381,100653,104041,108676,120792,126221,137399,141944,150071,245966,164327,178162,191915,206203
3701,65303,68584,71937,73550,78685,83456,92828,99941,102247,107382,120467,125684,135273,141124,149094,176268,164964,174718,187986,195395
3702,66680,68621,70528,74122,79142,83649,90771,97906,103483,111381,121077,129136,137138,142647,152518,159435,166339,176561,190914,196263
3703,67038,67349,73114,73924,78129,85704,90049,98526,103632,111031,122631,125651,137702,146339,148125,154394,169191,177756,192666,198108
3704,65127,67674,70882,73756,76658,85234,90703,98376,101670,109567,122345,125348,136493,139756,147216,155086,165956,175991,181080,196061
3705,63513,67145,73404,72992,80877,83832,91640,98078,101009,109676,119089,123405,136968,137662,146214,153501,162642,173021,178402,321753
3706,68674,71565,72253,72710,75604,85530,92009,98107,105574,107617,120851,126924,137211,144761,156715,152144,289971,186053,198752,233335
3707,70773,71417,74357,72548,76532,87465,92779,97659,105855,111020,118868,125951,132706,140320,148900,157528,181487,171980,187783,200803
3708,72189,71924,73368,72848,76990,82048,92107,98274,105357,110604,118555,126665,134117,207176,148606,155934,168641,170919,187410,201349
3709,68678,70647,68978,72674,76555,87366,92055,98151,105705,110932,119054,126508,132836,143236,148874,156828,167582,292743,323896,200475
3710,67063,69451,74524,72847,77631,88919,92493,98178,105247,111197,119113,127070,135655,141947,149475,269934,167434,197102,200196,199950
3711,67863,67184,73294,71805,75627,88355,89979,97872,101644,110100,117346,125298,133273,138900,215992,167971,162081,175382,180588,189907
3712,68212,69409,71863,72571,76863,82960,90723,99218,104599,113122,118074,125710,137801,142626,164914,153090,167139,177847,184076,197003
3713,67533,71735,69679,72752,76610,86625,91456,98217,103243,114622,118597,125411,138454,140469,155615,155240,166882,178817,184172,199842
3714,67225,69596,71409,72315,76543,87950,92129,98140,105011,113419,118289,125973,138040,140603,148292,156428,167654,179208,184251,199216
3715,67542,70892,71998,72468,76395,86757,92332,98402,103086,114520,117332,125213,138168,139734,148680,155935,168374,179850,184306,199587
3716,66617,67644,73816,74116,78130,87635,90757,100199,105398,110996,117328,125430,138665,139791,147201,156919,163938,177250,182055,197284
3717,70494,72255,72441,72445,76212,84205,91805,99138,101337,110710,116883,123576,134782,139418,145582,154675,163690,174089,179357,191841
3718,70433,69441,68201,72201,78298,83074,94717,99846,103912,113664,122278,127230,138074,146192,154480,152973,171209,179616,194724,199953
3719,70555,69662,69944,73231,78526,88538,92143,98408,105546,107622,118884,127406,136438,140866,148517,156184,248014,172121,186558,200586
3720,69358,69903,73785,73304,77595,86800,92301,98454,106181,109468,118823,126867,136681,142384,148957,157101,181252,172811,288932,199958
3721,67768,69988,71927,73162,76276,87108,87708,100208,105666,109988,118172,126770,132511,142137,150319,267572,172743,292500,201216,351994
3722,68007,69783,74121,73276,76962,85973,87633,98519,105356,108524,119194,126621,133533,141754,149791,171929,168161,196675,188597,220408
3723,67972,69528,73058,79444,78337,87816,86577,98111,102096,109342,116697,124291,133549,216508,146635,158089,162120,174282,180433,191188
3724,69748,71639,74492,72610,76289,86671,91424,98881,103166,110885,117796,126616,137730,150008,241132,152996,169515,178290,185887,197113
3725,66323,71445,73738,72428,78460,87034,91851,99168,102857,110926,119800,125865,137265,142954,154349,155077,169992,177921,185127,199250
3726,66422,71205,73904,72492,76318,88178,90680,99046,104120,110831,118008,125767,134521,141587,148143,155996,169400,178821,184959,198987
3727,71422,71495,74263,71618,76116,88408,91611,97567,101787,111112,117709,125457,133804,140915,148386,156235,169816,178447,183133,197160
3728,67977,67531,74164,79640,76699,87793,90904,100218,101791,109919,117076,126661,135314,138335,146714,154894,164928,175172,180317,192899
3729,67939,71381,74522,71542,78017,84077,85580,98541,102146,109170,117902,120164,132750,138022,144896,152801,160697,170849,288895,191197
3730,63986,71782,74315,77049,76970,83150,90739,97750,103025,109095,123130,127299,134536,140928,150429,149072,275297,180010,210086,206856
3731,66929,72768,75124,73954,79145,83412,91116,98640,103009,108418,121192,123926,136472,140742,147111,153008,180409,177020,190787,193695
3732,67104,71491,75486,71587,79336,85295,89934,98295,105572,108180,121999,125235,136781,139333,147409,256575,167941,177534,190552,198667
3733,66885,69669,68338,72172,76486,85646,91743,98861,103845,114991,122422,128939,135583,141023,148776,165524,170192,179664,196953,200525
3734,66717,71583,73692,74211,75923,87767,91401,97512,102120,111454,117728,126643,135605,141172,146980,155356,170626,281920,185188,197307
3735,68005,71607,70154,79374,76788,89091,90287,97525,102371,107623,119586,125894,135405,139556,237808,155040,165608,190208,180963,195196
3736,68344,67466,70446,73699,77539,85841,94862,99314,106337,110151,123418,126181,135666,139906,163538,153932,170069,181517,183355,210463
3737,68654,71956,75952,72523,79548,84440,90823,99228,102613,110960,122565,125751,136709,142395,151665,154402,169535,178501,184800,201532
3738,67502,71435,75316,73656,77403,88585,90380,98250,101823,111769,120014,127123,135058,140452,148010,155321,169485,179417,185512,346306
3739,67608,69157,75525,73718,79092,87890,91807,97358,104700,110732,122463,125530,138862,203698,147846,156080,170314,179829,184971,217515
3740,68902,68461,75970,72819,78905,87846,93516,98503,101932,110762,116553,124992,136387,141665,147251,155041,168696,178295,194582,199509
3741,69839,69241,72659,75537,77584,84550,88574,97869,103776,109204,119318,124444,132885,136068,146102,261740,161043,173246,287310,188054
3742,67330,71155,71660,82727,78350,85254,92070,98964,102629,108652,115176,128607,135608,140880,149946,158500,163224,177536,205709,203952
3743,66609,67929,71890,79627,78331,84702,91870,98188,102066,108657,117627,128341,134977,140327,149495,161760,270257,176236,192239,204291
3744,68670,68037,73953,79253,78373,85639,92246,98427,102131,108848,118570,128790,134963,138931,149745,151812,185273,176315,187802,205202
3745,70130,68363,71851,75176,79332,84895,90965,99311,101532,106563,120989,127208,135103,139242,151574,152540,172121,178562,189512,205688
3746,71445,68245,71508,75489,77230,84251,92258,98966,101280,107980,117240,128641,135193,140144,150116,152614,165290,294642,188356,190429
3747,70108,70948,72283,71546,76655,84915,86379,97157,99674,108170,119555,124307,133661,139555,147918,152524,160351,183201,182656,189859
3748,68590,68393,72599,80093,77197,85672,92500,97800,102586,112454,121209,128489,136241,143135,152337,151496,165743,180911,194082,208234
3749,68018,67213,72912,78001,77241,84327,92761,98374,101589,109144,119372,123712,137764,139704,147163,162092,166573,177083,195927,196559
3750,67854,68243,75008,74194,80715,85769,93371,96796,101059,110183,122479,124814,137822,220454,240507,154057,167774,177776,194776,196499
3751,68973,68132,72672,78197,79581,83042,91561,98728,105349,110373,121843,124610,136974,150066,165069,260308,169772,178447,185133,199134
3752,68378,70544,74117,80718,78183,83222,92195,96533,101376,109413,121387,123617,135819,138966,152621,166835,165564,176345,181613,195475
3753,66660,72056,69677,80648,77242,82497,85908,97688,100316,102327,118361,122495,134145,136916,145222,154002,162788,173238,178180,190213
3754,69020,73078,73825,79390,77119,83418,90429,99395,102547,105746,120933,129231,136908,142384,150681,151510,273067,179053,297657,256308
3755,65704,69365,71348,79923,77526,83265,90685,99604,101362,107663,120532,128946,134990,142288,151588,152477,187917,179316,208177,208177
3756,68350,69077,73654,80036,78460,86057,91937,97619,103238,105655,123059,128713,136368,143471,151553,152448,175078,175640,193626,207254
3757,66438,69168,71586,81577,76445,82951,91459,97596,101146,105655,121542,126751,137120,143326,151631,152832,165610,175046,192903,193529
3758,66606,72227,72161,79821,78256,82815,91634,98079,100827,107477,121930,129101,135465,141898,151810,153367,163305,270701,190066,191781
3759,67223,67787,71557,79676,76303,91131,86361,99117,100838,108362,117991,125177,134293,140343,147273,196291,157757,185137,184779,189154
3760,65781,68505,71037,79965,77327,82308,85719,98632,103409,108126,118919,126954,134068,143243,149388,154623,162672,184740,189276,346476
3761,68464,68010,71142,81230,77542,83492,90953,100746,101435,106711,121506,129000,135535,144306,149391,159009,163183,178119,188809,223558
3762,66123,68723,72482,80959,76888,83855,91327,96357,101556,108410,120281,128648,136711,142562,150318,159172,162936,178228,187627,204078
3763,66471,68278,74259,75618,77678,85259,91730,95601,101719,109114,120520,128400,136554,143158,151467,152322,165672,178070,191368,207329
3764,66186,68004,75134,77324,77654,84759,94095,96502,101732,105866,121626,127358,137314,143387,150821,253518,253753,175041,191594,194255
3765,66149,67782,74982,76009,76038,83185,85621,96892,99030,106960,121456,125794,133602,141387,147201,173497,170317,167985,183431,188207
3766,65243,71982,73201,80471,78149,81927,90170,99857,103187,107393,119152,126319,135572,142448,156146,154460,170941,175028,187033,199679
3767,66166,72615,76958,80072,74587,84678,90082,95682,101854,107367,119146,127352,135454,140160,152948,159463,170734,175548,189312,202219
3768,66428,71812,70112,75945,76089,81714,89953,98936,100325,108381,119004,125639,135405,140113,228002,156674,168430,286792,315034,198777
3769,67262,72190,72542,75798,75918,84931,91199,98722,100751,110722,119030,126055,134517,139915,157854,156775,167915,195075,214579,198457
3770,66931,73462,69666,74359,78179,84781,90844,98430,102891,109499,118894,125831,133735,152824,145157,156036,168673,182208,195966,197639
3771,67959,67246,72996,74609,76865,82198,85429,99137,103267,105466,116464,126628,130481,138066,145757,155248,162582,167396,182355,193924
3772,66586,67069,74937,77283,74695,82336,86888,96790,103791,108312,118242,124718,132333,169177,146641,154778,167496,177923,195541,198138
3773,69895,71298,75190,74575,75332,82981,91086,97355,98616,107239,117187,124971,132035,141849,145873,153266,166826,177987,194481,197689
3774,68955,71206,73547,76993,79701,83203,85076,96661,98762,107436,117713,125870,131932,138502,145954,253196,277148,178351,191913,199552
3775,69516,70386,72975,74969,74012,81183,84701,95166,98111,107989,118545,126109,131660,138310,146182,168858,179267,177464,183027,199080
3776,69143,69755,69770,78863,74416,82834,85924,95265,102694,107977,118611,126028,131570,137891,145917,155152,168834,179270,182593,200446
3777,67527,70420,69782,74205,77823,81552,85145,96811,100541,109304,117530,126023,133107,224087,205305,155562,169343,180270,183499,200378
3778,66391,71232,69757,77384,77318,82542,89409,96511,102502,108819,118398,126314,132484,142555,150480,157154,167555,178791,185364,333728
3779,66851,71098,69144,78265,77303,82259,89097,95949,100299,110991,118124,127072,133661,138330,147086,155559,170740,179584,182910,228768
3780,66483,71350,74560,74562,74054,82558,89651,95304,100338,109347,117757,126265,133493,139147,145966,156660,170479,180760,185188,199919
3781,65952,71408,75261,72452,78734,82833,91494,97582,102408,105703,117567,125932,132004,138593,144906,155720,165625,279274,186081,195098
3782,66652,70235,70436,75498,78368,84256,92392,95629,101823,107930,116089,125859,135271,138507,146541,157045,170557,196282,206083,194751
3783,69217,67318,70467,78088,79148,81983,87987,94951,100853,105880,118070,125329,134166,137266,145354,157307,168376,177814,190953,192276
3784,65718,67608,69450,75359,74282,84504,89843,97069,100818,105630,115785,126752,131077,138528,237431,185696,170341,179020,193362,198422
3785,68924,67246,69176,71956,76625,87377,90256,95615,102522,105366,115985,124591,132576,138081,165290,166543,169058,179306,303579,199233
3786,66851,67237,75395,75295,78789,87137,90084,97126,104251,104874,118045,124434,132469,138125,150879,156933,168881,177131,206842,197568
3787,66063,71161,74557,72521,78544,82136,90077,95356,100341,106850,114878,124833,132763,138460,146823,152397,169739,180034,194132,199003
3788,66324,69425,73025,73997,79607,86475,89168,95910,102901,106160,116409,125751,133444,138988,147283,257330,169213,179993,187387,197107
3789,64112,70037,71637,74291,79510,88237,89963,97852,100117,109515,117954,123344,131522,222224,143764,168905,281146,170864,183729,195571
3790,69927,69581,73003,74236,79446,84017,89391,100567,102587,106747,117120,122231,131677,140515,146408,155839,183580,171642,187386,196798
3791,68035,67862,73003,73929,76652,81765,90426,98620,103057,108293,117165,122970,131858,139215,144017,156549,169382,171469,186761,196804
3792,67177,67785,70756,74510,77046,86181,87887,95314,98144,108157,112561,110441,123600,130453,137100,156884,151509,239538,165344,172986
3793,71684,72587,76843,79437,80249,87304,89191,96155,98615,116552,131052,148134,157685,168807,184883,146769,221835,270179,268499,537844
3794,64718,67626,68039,72510,73924,79212,81013,85724,87682,91166,97339,116854,111845,131414,139803,202744,147958,153443,162489,176274
3795,64778,66782,67474,72819,74363,78575,80476,84040,88052,91432,120590,110106,128752,134803,142359,142629,155822,161755,173869,185758
3796,64363,67418,67956,71479,73015,79856,80441,84365,87931,91636,109461,119860,183265,135501,143088,145274,153816,163330,173805,184699
3797,63450,68235,67840,70713,73416,78825,80057,84661,87869,91912,119582,126315,134347,135346,233533,145692,154061,163742,172885,183329
3798,65332,66478,70083,73645,73819,78794,80279,84044,88248,92588,121210,122788,130718,137094,158914,144968,154163,163486,293861,183314
3799,65231,66207,69708,72892,73843,78657,79685,83813,87400,92794,117068,124929,130974,135514,143413,233870,251581,235049,200801,184111
3800,65030,66417,70790,71136,73043,79093,80057,83527,88322,92524,107948,125961,131141,136760,143820,160263,171109,171577,184769,184769
3801,65967,66176,66844,72753,72872,77720,79396,84847,86844,92385,117915,114746,129773,219278,143372,151881,161362,163263,174173,186074
3802,65541,66108,67410,71909,74109,78012,79418,84242,87784,91317,118710,123130,131879,143858,144675,150406,161427,163606,174625,187787
3803,65830,66634,67552,72057,73959,78772,80545,84222,87706,91294,120949,111721,132824,137098,145511,152146,154740,282680,175108,188789
3804,64645,66435,67380,73848,74934,78503,79742,84833,87707,91185,116668,112171,132094,137775,145254,171397,156606,191161,176299,190251
3805,66105,68460,67895,70483,74190,79495,80857,85640,88180,92362,119543,127714,128993,138479,234434,154062,267843,169796,291342,195304
3806,65948,68960,67372,73032,75736,76797,80392,85234,86964,92115,119739,123391,129936,136880,156564,252705,181416,167467,198616,182239
3807,65882,68508,67641,72484,75096,78810,80917,85489,88212,91403,118263,113820,119135,136510,142427,168325,157486,167278,179573,181780
3808,65905,68456,68130,74180,73560,77727,80771,85158,86481,92570,108084,124239,195573,136921,142577,150584,157958,167711,170337,323545
3809,66062,68335,67835,70625,73326,77482,80655,85963,88239,92148,108005,113437,137766,135922,142375,150318,157202,165975,169783,211293
3810,66014,67957,68061,72240,74995,79723,80199,84059,88670,92040,119344,122496,133468,135997,143290,150106,157198,262479,168937,192037
3811,66030,66082,67713,70785,72704,77027,80420,84351,87319,91526,116724,123907,127388,203141,141637,148867,156685,188767,279141,177196
3812,65716,68259,68031,71155,74891,76859,79867,85327,87547,91618,99159,122948,127888,143865,142178,146404,257312,163441,204330,177288
3813,65995,66009,67417,71452,72576,77471,79446,83783,85979,91322,122232,122847,133036,137867,221228,240446,173874,161780,174366,176805
3814,65911,68070,68156,70653,74451,78806,80220,83716,87050,92286,121058,123178,132393,137511,153510,162159,163428,164444,177154,307541
3815,64728,69721,68400,71687,73286,79535,80291,85087,87242,92158,99635,124931,133366,135875,147118,153673,156415,263258,177981,209995
3816,64788,67643,67871,71804,73557,78476,80895,84541,88061,91320,97170,125204,129209,135461,142142,148345,157533,179423,209438,195190
3817,64550,67439,70286,73593,73033,79052,80040,84670,87388,91311,97314,124608,120052,136682,142058,149599,158444,170385,182960,183346
3818,64914,69073,67841,72847,72928,78567,80403,84328,87130,91490,96915,106151,129638,136768,142440,149752,251633,160236,292351,183051
3819,66925,67158,67759,71960,72778,78844,80954,85049,87592,91295,96870,121049,176399,208837,142362,251633,166861,159697,195127,179298
3820,66613,69370,70229,73577,72894,77256,79134,84966,87749,91849,96624,124385,137102,145840,227709,166226,156968,264614,179374,311225
3821,64627,67478,69049,70825,72628,78579,81218,84462,87484,91185,96898,123605,131632,135487,154034,148505,156303,177509,177236,209618
3822,65819,68777,67614,70522,73056,78617,81088,84179,86309,91523,96401,124592,128772,135530,145714,148017,155575,165203,175254,190684
3823,64716,66799,67269,73353,75180,78887,80311,84260,86295,91398,96171,111055,126343,134512,140709,148568,252791,161153,172426,186319
3824,66869,66544,67036,71860,75237,77260,79423,83915,86414,91243,107097,124981,132531,133795,144779,146774,173618,238303,187474,187474
3825,64741,67223,66959,73406,75190,79620,80090,83007,86397,90321,98481,111279,132736,134830,144225,147492,160918,173303,299155,187241
3826,64884,67437,70115,70529,72810,76810,79919,83582,86845,91663,119614,124664,132264,135149,145926,237869,157027,166183,207275,191494
3827,67885,68402,68208,70766,72878,78941,80757,83806,87142,92022,111224,127633,119028,208293,191790,164919,156617,164939,178633,286862
3828,66188,66452,70208,70957,73579,78429,79406,84695,87051,91511,118524,122488,195012,145981,147562,147935,158057,269457,180850,213061
3829,65134,66711,71199,70275,73030,77680,79866,85446,87509,91380,120518,124288,139878,137740,142930,149477,274710,184125,172637,201277
3830,67941,66906,70604,71698,73115,78100,79478,85014,87728,92367,119674,125375,124497,137873,142675,151483,183530,169831,172315,184608
3831,66136,67943,68023,70788,73545,77549,80901,84941,87936,91390,108435,126839,132067,131984,179567,151224,157935,159957,171680,182100
3832,65873,68163,70419,73044,72826,78194,81110,84833,87708,92211,119937,125454,122098,137765,148395,233121,156816,160211,294135,182369
3833,67714,67810,69325,73815,73275,79073,81049,84224,86930,91561,120088,127009,129597,135947,141145,157016,156202,266330,196122,288167
3834,66197,67412,67585,73400,73215,78720,80776,84570,87140,91414,119072,125883,119496,137691,177252,149077,157483,179887,178815,211311
3835,66151,67545,67799,70995,73549,77452,80748,83778,85970,91492,99471,127867,129749,176396,147857,149080,156505,167466,182233,195685
3836,65961,68475,68958,71141,72888,77432,79475,84685,87234,91706,97407,124936,120877,138990,141848,148224,267544,166839,181439,181557
3837,65574,67562,67447,72805,73921,76773,80381,84499,87493,91393,97075,125507,192658,135973,208548,249814,179393,159232,169563,179711
3838,66517,67320,68351,71215,73625,77605,79036,84053,88193,91660,97444,124425,137951,136679,155482,166880,157409,193921,170885,180960
3839,66405,67181,68634,71831,74015,76538,79382,83496,87681,91600,97512,124074,121368,136956,141305,149245,156881,168013,288793,314183
3840,66187,67482,68230,70546,73328,76507,79905,83801,86638,91525,97006,124365,131585,210501,141735,148318,157235,267298,196608,213093
3841,65485,66670,69174,71251,74531,77667,80073,83852,87464,91134,96461,125390,132763,147030,142573,148437,158492,184331,183276,200213
3842,65902,67863,68355,70868,73816,77949,80183,84961,87402,91751,96793,125699,131077,137620,143614,150485,157884,169932,175552,185082
3843,65332,66429,70731,70286,72580,77000,79257,83609,87408,91252,97283,125334,131241,137503,236387,150359,256911,161154,173224,186130
3844,67271,67042,68797,70462,74567,77418,81101,84206,87659,91460,97346,126291,131449,138342,159543,236387,173084,161952,174770,186323
3845,65838,67576,68870,70913,73908,77290,80594,84737,86949,91256,97034,124523,131489,137716,143830,159935,158997,272650,295007,185117
3846,65528,67630,68185,73291,73324,77525,80667,84537,87426,91321,96875,106128,130147,136869,145293,151490,156647,182280,198607,316597
3847,66025,67053,67509,71433,72837,77064,80056,84880,86964,90935,96639,101143,130266,135700,142036,150207,154704,165543,177806,211095
3848,65451,67242,67618,71996,72593,77554,78855,84739,86988,91303,96542,100660,129740,136454,142826,148979,155430,164791,177208,192757
3849,65048,67512,68746,72010,73533,78769,79213,83267,87684,91368,96455,149933,189782,161883,141328,147903,259919,163743,175966,177401
3850,65194,66346,68639,71862,73575,76923,79227,83591,86812,90828,96801,126441,137199,138577,142643,242838,178461,165058,177671,179708
3851,65184,67665,69220,71968,74601,76503,80383,84425,87487,91507,96434,123652,133579,136684,227795,165962,164764,264666,286902,180630
3852,65615,67138,67879,71601,72719,78033,79939,84455,87927,91351,96481,123725,125847,176320,154376,148673,155752,179890,195344,182260
3853,64912,67118,68875,71910,74989,77281,80100,85016,87162,91765,96578,124761,131387,140726,144064,148621,157400,168911,181407,320987
3854,65254,66973,68852,73054,74226,76587,79379,83925,86554,91590,96688,105144,130553,134927,144054,149604,156043,159443,169326,214798
3855,65221,67441,69181,71219,73168,78574,79618,84188,87409,91477,96344,101528,131447,134249,144189,149785,246668,157912,168022,193710
3856,64272,67301,68334,72541,73833,77063,79198,84323,87177,91642,96478,176214,119896,136822,144239,246668,177878,265109,168706,180658
3857,64760,66661,69652,70310,73737,76714,80425,83932,86228,90788,96092,130521,130535,207192,141707,166296,155323,177826,282835,179065
3858,64959,67233,68242,70983,73609,77408,79537,84206,86952,90317,96405,127446,130545,143657,141957,148432,155207,165058,207047,179615
3859,64712,66849,68156,70720,72312,76539,79755,84365,87126,90883,96204,125905,130767,135782,221289,148784,153392,162541,176261,277494
3860,65102,67105,69245,70560,73706,77763,79852,84337,86768,90660,98528,124534,150508,135746,152563,148290,259692,281562,175330,208466
3861,64855,66521,68508,71386,72921,75913,80112,83449,88045,90146,97538,122833,133092,134576,144900,147472,175514,191124,175195,190083
3862,65092,67123,69690,70397,72911,78406,79743,85116,87335,90757,98391,120815,133778,137349,141162,242027,165181,166586,178054,194049
3863,64599,66904,68297,71675,74003,77824,79414,84302,87000,90680,96532,120651,130774,136927,142224,166111,156754,167487,293656,181392
3864,65049,67465,68103,70381,74409,77120,80268,84150,87835,91473,96633,105948,133058,137961,144001,148678,158704,169626,201274,183948
3865,64781,68301,68938,71167,75360,77401,79884,84420,87608,91927,98166,125147,130619,221278,202954,149984,159931,162135,188492,339733
3866,66665,66809,69291,70678,72435,77415,80556,85315,87856,92018,97201,107123,158537,142353,151909,151874,154222,162718,176988,223821
3867,64811,66076,68287,69962,73571,76532,80072,84307,88102,91119,96228,167839,136168,138740,144470,148144,257648,276575,171102,184882
3868,64987,66208,68008,70687,73049,78005,78878,84312,87588,91163,96398,127584,133900,138307,143642,145775,170527,183846,172678,183021
3869,66519,67480,68218,70507,73460,76223,79599,83755,87780,91000,96271,106131,131823,137710,142733,235517,157917,168517,180148,181356
3870,64637,67422,68229,72775,73716,76032,80895,85227,87120,91072,96042,101158,132248,137195,143698,156894,156935,158984,288685,181014
3871,64712,67004,67833,72421,73957,76661,81113,84315,87686,90908,96501,175104,131821,135730,226812,148677,155371,157276,193986,180205
3872,65484,67000,67380,70119,73133,76753,79063,83154,87171,91094,96620,130291,128553,133895,154951,148670,228099,264809,177743,264809
3873,65808,68919,68021,70223,71995,78057,79886,83821,86934,90546,96346,125981,130508,137020,145843,148438,165669,177179,175959,208699
3874,64615,66868,67638,69752,72017,77420,79135,84236,87019,90934,95791,124523,163014,135551,143708,244220,155496,166990,177540,194161
3875,65548,65849,68435,70387,72303,76673,80011,83723,87013,90921,96306,120141,133671,207145,141684,166048,156229,165176,176505,181495
3876,64652,65058,67415,70391,72164,78744,79899,84242,86967,150371,96591,126888,134166,145025,142557,147193,265040,165946,287225,180437
3877,65257,66819,69629,70180,72338,78634,80259,85014,87232,96602,97079,120412,131324,133189,143428,148980,182374,273715,199669,328474
3878,65297,67195,69974,72057,72395,76886,81076,84461,86404,91461,96358,105380,128945,138183,233850,149000,157839,182216,181016,215850
3879,64905,66984,68159,70014,73244,76956,79572,84390,86962,90688,96713,100372,131490,137040,155842,149077,156217,167261,170335,195260
3880,65810,67872,66823,71260,72061,79018,79981,85049,87331,91126,96080,178357,132801,138488,142937,250929,158354,167775,170564,181681
3881,64387,65840,68774,70431,72920,76996,80787,83975,87400,142316,163809,124581,131422,136047,142800,168692,156988,166262,169034,180019
3882,63839,68118,69270,69789,72939,77010,79905,84462,88123,92700,113927,120550,129649,135134,142351,148140,156251,165042,282306,178358
3883,64672,66102,69590,69740,74888,78248,79521,83945,86299,90024,96978,113717,199604,184518,140177,147502,252633,252633,201465,174933
3884,66365,66630,69801,71038,72940,76965,79672,83855,86929,90402,97483,126109,141441,141467,143885,146555,172562,187421,185907,296005
3885,66373,66938,69712,69328,72226,79231,80128,83115,86366,145049,145356,118265,130198,136365,142950,146624,161083,170327,172980,218821
3886,64632,66518,67966,72848,74966,78477,80179,84004,87590,95206,118694,119534,131380,137086,240139,183391,161075,163122,176615,190442
3887,63723,67924,68312,70959,73311,75741,80055,84435,86605,90528,98784,126941,132342,137996,163707,152974,154895,163626,175564,190429
3888,66496,66703,69559,70550,73723,76312,80172,83807,86751,91378,98578,124508,133623,135914,146034,147019,156352,264818,286743,192691
3889,65713,66440,68076,72642,73632,79008,80003,84721,86766,153271,99041,123510,131130,213068,143192,246392,274975,182924,199528,182924
3890,65708,67462,69576,72765,74707,78666,80409,82868,86080,114487,164882,121946,126963,146755,142987,168991,180210,167549,180324,181536
3891,65074,66150,68306,70314,73045,75882,80277,83870,86449,91921,120864,121778,132021,136663,141043,148121,155808,164884,170262,312401
3892,66236,66520,69955,70718,72724,77951,80230,83125,86942,91651,99235,121539,134428,135845,142463,147246,156805,166033,169340,213171
3893,65946,68379,69993,71412,72974,77574,79767,84662,87050,91318,98113,122840,126777,136203,141870,147494,155805,175033,176305,192052
3894,66098,66391,68398,69861,72264,76785,79981,84180,86586,91735,98324,124600,130108,135732,140625,146725,155234,282632,282632,177034
3895,65171,66833,67235,70619,73158,76800,79401,83657,86880,89709,158434,122202,130977,133596,219824,243771,153750,188745,202691,174679
3896,64589,67304,69124,70115,73397,76351,79294,84264,86507,146393,122438,125768,132816,136389,151427,161417,254947,171458,187028,187028
3897,64359,67312,68006,68801,72769,76466,80174,83070,86668,109834,119058,124203,133294,135551,143002,152385,171774,162168,171927,296750
3898,64487,66867,68341,71577,74910,78834,79664,83914,86569,91924,118363,127766,132888,222268,143950,146518,162822,164241,174856,224169
3899,64254,66506,67257,70514,73598,78909,79766,84126,86796,91407,118427,120746,133723,143834,140787,146450,154991,162782,174084,191299
3900,116,117,117,117,117,117,118,118,118,118,118,118,118,118,118,146561,118,118,118,118
3901,64444,70464,76510,110552,141005,165042,194924,233009,253057,271297,294547,324870,355002,355002,388756,118,388756,388756,388756,388756
3902,64902,67077,69332,71488,74519,78582,80540,86489,111441,113872,130935,136653,154780,154780,167690,388756,195957,197696,348100,379962
3903,64050,66971,69307,70584,74337,77709,80151,83748,87318,92804,120379,123421,133794,138358,145822,180920,164048,165833,209513,229279
3904,64965,67887,67027,71899,74487,78805,80285,84121,86895,91310,105408,124682,132979,133725,142149,154890,157574,228327,179275,193834
3905,64198,66396,67646,70455,73790,77359,79418,83759,86617,90769,98574,113793,131705,135618,141332,148879,155508,174055,174132,176025
3906,64615,68061,68361,71989,73966,77090,80414,83468,87096,90701,98366,122777,133031,134938,140590,147290,257057,163890,173710,175218
3907,64679,67066,68031,71023,73504,78579,80103,83523,86589,89898,115266,122167,132244,133573,140086,146682,173019,161401,172327,174279
3908,66081,67428,69009,70723,73806,76678,80622,83543,86659,89930,97482,120595,133995,134897,145449,219411,162607,276042,173169,188101
3909,64384,66567,67922,69716,73573,78085,80109,83478,85901,146076,98234,122454,133256,133428,144043,162607,154158,187964,171837,186223
3910,65665,67152,68900,70066,72391,77885,79444,83071,86940,103320,117527,119828,132742,202632,239791,151330,154699,173373,174726,188347
3911,66966,66642,67533,70547,74138,78389,79755,82661,86861,92147,114618,120156,132932,142709,161293,152017,154784,163100,299226,299226
3912,67267,67552,67815,70364,73681,76974,79214,83455,87009,90096,98477,120582,131417,137254,144142,146469,255777,162853,203011,222082
3913,66048,67701,67678,70075,74299,79367,81071,83213,86605,90436,162110,123996,133690,139674,146561,238991,178010,165728,177945,194475
3914,67619,68380,67101,69900,74913,78074,80134,83975,86527,150438,122145,122626,133009,135239,142010,165196,164397,22,177449,193142
3915,65105,67354,67218,69542,72654,77608,80497,83848,130807,106762,105995,124260,125859,135840,141057,153764,155286,265078,177851,177589
3916,64112,68995,67299,71598,73545,78863,80356,83481,88816,93160,110997,127020,127838,136484,141441,147041,156377,177384,179653,179175
3917,66862,67495,68018,69860,72909,78747,80372,83947,86590,90813,110237,124123,127218,136702,141202,147601,155118,167603,176503,191462
3918,64819,67629,69905,71466,74469,77085,80103,83710,86819,90290,106739,122273,128037,203368,203368,146099,256926,163633,277614,301142
3919,66122,66059,69186,69736,75028,76889,80526,83713,86755,90817,110122,122114,132551,142958,151648,240281,172651,162940,201553,219298
3920,66127,65710,67360,70822,75230,78250,80589,83738,86798,146492,116889,121771,131259,136711,143832,161211,162354,272291,186716,188422
3921,66827,66505,68467,70945,73413,77225,79870,82660,88836,106618,113838,121550,131649,136082,142571,152077,153386,188255,172397,185769
3922,66370,65949,68731,71248,73924,77181,80413,83098,138341,92096,106333,121469,133444,136665,143934,145487,153579,170719,175179,188651
3923,65612,66496,68239,72542,73761,77504,80508,83065,87360,89896,120397,113174,132704,138658,139726,146066,154608,164048,175849,190880
3924,66317,66130,67929,72935,74585,78256,80069,83800,86372,90728,107332,122317,131829,133826,228185,146088,265542,163449,287780,194099
3925,64984,66685,68121,70746,74442,76900,80477,83679,86783,152896,110372,122729,122358,153590,156209,247175,181974,165413,198723,325143
3926,65464,67998,68763,72265,73395,76745,80727,83966,86691,116996,119746,124731,126241,139025,141748,168588,158034,271967,180535,214127
3927,66041,66606,70388,72644,74335,77689,79915,84051,85550,92423,109854,113407,190795,135846,140299,149084,155699,181957,168443,192421
3928,65193,66733,67961,72100,73798,77939,79780,84297,85277,91105,110889,175396,136148,207606,140664,147105,156320,164658,169148,192825
3929,63923,66574,67077,71186,74476,77898,79489,83055,130308,90026,117897,129043,132727,145184,140265,147748,155337,164739,167702,191286
3930,63812,67219,69234,71281,74090,79048,79996,83598,87441,90187,108122,122539,132893,137562,224049,146703,259348,163722,280635,190666
3931,65248,68194,68153,69805,73520,76312,79212,83417,85140,90120,106344,121076,132148,133557,151691,242246,173286,259348,202378,187360
3932,65620,68297,69361,70459,73779,77051,78687,83365,87233,148079,159780,123158,132370,135086,145605,161823,163810,187360,188819,188819
3933,64555,67664,67138,70216,73239,76598,79753,82987,86800,109733,123132,121262,132568,134805,139902,153172,154029,173915,174450,188112
3934,64934,66695,67820,72056,73809,78022,79661,83385,86513,93340,116800,118147,133862,133930,140282,146033,156781,164226,178119,311173
3935,66758,66800,68370,70879,74132,78211,79833,84404,131900,91109,99464,105064,124824,192142,140065,148621,156577,167095,179631,212514
3936,65701,68460,68003,71057,75034,78686,79884,83305,87771,90986,99921,105441,126154,147608,165563,149693,269328,165699,291707,196454
3937,65488,66890,69638,72735,73931,77399,80320,83960,87413,97599,100570,182632,127360,136391,150989,250706,185011,269328,203809,185462
3938,67778,67671,69388,70037,73406,76789,80186,84028,86625,146031,97100,125123,131105,137701,144046,171891,160479,185462,173996,185421
3939,64887,66457,69119,71153,74430,76512,79984,83569,85755,93815,166150,118060,132414,132827,232556,151008,157476,171035,171102,182016
3940,65608,66671,69228,71030,74808,78746,80489,84673,87248,90938,125109,118627,128696,137013,158057,149872,159964,159268,172198,183779
3941,66160,67396,68902,69799,74303,77360,79917,83638,87249,90826,119279,118580,192992,135392,140821,150051,156834,160105,169645,311731
3942,65744,66170,69297,70220,73993,76063,80548,83872,132405,132841,99633,105337,137614,207851,140462,149856,156806,265254,284020,211742
3943,65650,66058,69464,70063,73494,77402,80638,84093,87699,92628,97520,103154,132670,143043,140814,149423,154266,178780,190135,188644
3944,64911,67620,69158,71928,73103,76502,79489,83494,87650,89634,98556,172359,133327,137477,140927,171950,256761,164208,176003,189160
3945,64135,66423,69190,70207,71841,77927,79849,82948,86803,91873,97858,130000,128684,137712,139795,153592,172827,163240,172740,188597
3946,64287,65969,69039,70818,72664,77440,80266,83005,87117,148225,159821,125195,132781,138131,222211,237220,164174,161305,175874,189403
3947,65107,67357,68625,70921,73473,76595,79959,83646,85834,95984,123874,124034,129284,138163,151685,163335,153543,279040,221677,188424
3948,65378,66096,68623,69805,73355,76978,80858,83109,101155,90511,102931,116741,132315,137994,146302,151484,154474,189960,190016,304924
3949,64247,66978,67578,71770,73660,76483,80053,84087,87050,90424,105373,125732,132512,138141,146866,146987,269637,174879,181243,213830
3950,65265,66352,69441,71289,73394,76693,80393,83847,91045,151717,117164,123906,133975,135379,140797,149443,180394,168518,249924,195176
3951,65066,67768,68942,71037,72879,76542,80217,83579,130724,96899,99306,118636,130008,208520,141252,148676,156018,167948,193342,179930
3952,65113,66843,68436,71132,72703,78769,79539,84113,87928,90618,121031,124276,131027,146777,142597,247159,157890,167609,181905,182943
3953,64730,67497,67578,71745,72501,76661,79377,83387,86816,90326,115002,119142,131397,132858,227575,169727,156798,169296,169017,180236
3954,64781,66400,67580,71987,73778,77041,80212,83639,87331,90330,98936,123865,130554,135859,155474,149256,155804,263847,167480,178837
3955,63802,66132,67038,71247,71780,76636,78980,83699,86845,148586,96812,124696,129088,132466,145669,148262,154341,177949,277575,300830
3956,64347,68209,67815,71278,73092,77424,79541,83339,87538,96712,160262,117969,129773,132777,145837,147616,257675,164386,204957,223978
3957,64351,66554,67021,72079,72671,78534,79617,83538,86492,89195,123406,122068,201375,135203,141967,147903,173871,163666,174959,188595
3958,64468,66515,68237,70359,73474,77666,79628,83757,130879,89999,103473,124521,134028,143689,146215,201375,165710,163314,177946,191545
3959,64781,66360,67416,70919,72816,78002,80418,83921,88256,89769,98777,126041,133010,190374,140385,164132,155899,283290,177467,192040
3960,65114,66611,68199,71294,72201,76706,79233,83435,86305,151880,99378,118978,132030,145810,193045,153927,156455,192040,288669,194469
3961,65137,67415,67964,70649,71891,76925,79718,83772,85644,112794,112179,126192,129324,136426,147992,147969,157924,168809,198650,185134
3962,65081,67401,68086,71256,72634,76690,80266,83660,87071,93137,165891,125804,129721,136608,142490,179787,271304,169103,180883,320325
3963,65061,68653,67811,70771,73708,76902,79615,82485,86584,89722,122856,125856,130245,135767,140253,155992,177728,168666,170577,210119
3964,64989,66871,69007,71187,73703,77245,79870,83736,132070,89777,120007,123843,129878,136049,229339,147981,167288,166173,171411,194990
3965,64724,65727,67720,71498,72852,78059,80263,83287,88052,90420,98667,127103,129740,135100,154859,248598,156167,167112,168441,180765
3966,64960,67481,68666,70983,73600,76628,80173,82805,86018,150001,98474,124811,130473,206494,145618,167661,155977,261473,282320,179978
3967,63709,67063,67855,70472,72822,77107,79651,82766,86516,117335,120709,123906,128697,142875,139144,154277,153747,191950,203283,176626
3968,66974,67422,69827,70610,72629,77825,80104,83909,86240,92285,123194,108797,132648,138348,141017,146431,155260,165724,177069,190575
3969,64636,66827,67660,70106,74634,76762,79804,82914,86287,89453,120622,171352,132030,133305,140301,147065,256061,166720,174289,300441
3970,66271,67547,67949,71373,74108,76815,80164,83241,96148,90096,103408,131551,135105,135689,141756,145910,180027,163163,179051,230078
3971,66379,67089,68545,70534,72904,77299,80779,83347,86769,90790,98737,116740,129062,135822,228888,247599,157099,247599,179889,194586
3972,66129,68311,69380,70793,74797,77184,79993,84817,134806,155769,99953,123823,133042,136481,159760,167402,160053,179952,305084,186590
3973,67148,67818,68723,71000,73374,79195,79637,83849,87749,97543,95755,117574,145117,136047,142745,151029,156660,172744,196933,182562
3974,66813,67009,68853,71206,75288,77454,80002,83552,86738,90939,166583,118296,134327,212839,142106,148376,158355,158432,181407,182995
3975,65979,66674,69807,70518,74103,77850,80155,83431,86826,91275,122600,105522,129419,145152,141666,149623,247146,159700,169467,180116
3976,66582,66748,68781,71196,74809,76030,80907,83869,87142,89956,99335,163495,128056,136076,142218,147263,178213,264253,168830,309547
3977,66270,66786,69230,70750,73909,77292,80259,84399,87506,91307,98388,122440,189867,134077,141124,147749,155544,179886,167254,208446
3978,65942,66576,68412,70943,73178,77599,79861,83729,87244,148903,98223,108297,137022,136713,151474,242289,154496,167068,277460,190259
3979,65945,66847,68575,70410,74026,77705,79933,83869,127245,96751,97733,113108,128570,135268,236661,164213,153658,164095,202335,187909
3980,69121,70866,71476,74190,76260,80044,82222,86400,89223,92438,102900,103585,105109,109155,132902,151332,145727,162631,148024,149949
3981,64801,66702,71525,76185,76986,82022,84503,88607,91643,106166,203526,203526,128008,246040,155838,117770,272758,173247,191402,272758
3982,64804,68295,68039,74332,77507,80311,81122,88483,90826,106156,113041,118910,124811,134723,144034,272758,172252,272736,185430,193927
3983,65428,67471,70879,75649,78301,80595,83059,88008,91643,103635,112706,117206,222347,131655,142676,158142,163250,22,182681,192231
3984,65634,68489,68959,73680,76282,79800,81786,85790,89192,100916,108164,114416,124564,129236,137947,153656,153606,176798,228998,184597
3985,63230,69237,71821,73789,77307,80783,80996,86135,92795,104845,111045,115494,126806,129964,142467,145748,157532,164484,184434,189454
3986,63624,68131,69147,73514,76044,79452,80366,86019,97535,104310,110528,115882,125647,129698,225930,147945,156494,164027,181295,225930
3987,65037,67935,68770,74566,77451,80269,81454,87470,98425,105182,114304,118983,126547,131094,154061,151510,237844,228046,237844,237844
3988,65140,68456,71395,74234,77405,79532,81644,86378,94007,103752,109667,115826,123691,210521,143346,155567,161962,177506,182859,189429
3989,66130,69818,71558,74209,77334,80634,82283,87722,93129,105354,115797,119113,126502,144364,141063,153449,162229,166910,188979,192713
3990,65846,69933,71842,74495,76456,79810,82017,87247,90665,95419,113700,161649,123884,130445,138859,183633,163801,165811,180842,232159
3991,64630,67694,72005,73607,76772,78708,81437,87040,90508,102153,116129,122254,125602,131914,141907,153685,216859,242472,239105,202676
3992,65535,66129,70053,73330,74767,78893,80627,86132,88839,94825,109458,118074,122391,129652,140133,148448,162950,172447,185290,190714
3993,65402,69531,70497,74454,76393,79000,82364,87848,91210,162026,115840,119695,213390,132616,256152,232736,163306,167155,186225,256152
3994,65545,66889,67991,73297,75581,78580,81455,87607,90172,103266,110857,118587,128306,221357,146696,162935,159894,166906,181533,194839
3995,65941,66746,69500,75120,75465,80199,82129,87937,90673,103215,116689,120031,126501,138795,143502,149126,255835,256152,255835,200218
3996,66512,66096,67624,74245,75453,80262,81367,87273,91352,100787,115019,115705,123658,131172,137819,149884,157726,170453,181068,188518
3997,65542,67312,68532,73087,76073,80005,82302,87440,114836,103191,112895,159264,124668,133428,143379,145471,161006,166847,184467,197054
3998,65943,68340,68518,73910,76232,79600,80794,86384,90831,99123,108694,119228,123298,130039,141997,246442,156342,163478,182339,237096
3999,66750,67729,68801,75699,77378,79005,81706,87005,90967,102144,111164,118965,124326,132145,141920,155619,160972,246442,183025,195998
4000,66699,69455,68307,74191,75521,80269,81250,87975,92650,100190,111573,117142,123222,130127,139281,150524,179084,168364,231553,192007
4001,66658,67308,68867,75683,76051,79454,80957,87249,89786,103973,112003,121407,196094,213538,235182,145139,157382,168272,189515,235182
4002,66230,67216,68393,74432,75767,79289,80646,89224,89500,105309,109899,118470,129055,137908,148935,148036,225368,169634,179307,195438
4003,67216,68616,69430,75163,76921,80167,80456,87444,94991,101848,111764,118729,127474,134520,145602,151723,173707,235182,238682,202942
4004,66399,67003,69977,74814,76210,78902,80920,88367,88591,99917,114542,176653,123087,129595,138822,238682,162453,171624,186501,232218
4005,67142,67608,69038,73867,77085,80054,82408,88017,95353,98603,116451,122755,125940,132584,140630,152939,161559,175074,191543,211657
4006,67055,66728,69113,75742,76411,80964,81637,85357,89772,100688,113941,119272,123898,130689,139961,150477,242211,168105,180766,192920
4007,67945,66750,68927,75023,78169,80741,81599,87053,123250,101061,115386,122144,126718,227324,207863,146227,176325,250551,185980,196863
4008,66322,70118,70121,74066,77815,80565,82019,87936,91451,96558,111257,117440,164379,133388,143889,150869,156438,177141,236107,236107
4009,67946,71797,70552,75857,77523,80317,82974,88017,94869,105076,114293,120519,128966,132095,140208,236107,163869,164605,192795,207723
4010,65888,68833,70414,72864,76525,79915,82316,88816,93398,105495,112040,118706,124413,131297,141057,165013,156855,166195,183411,194520
4011,66936,68547,69342,75258,77295,79560,81930,89720,96167,98973,113164,120655,127256,133333,144297,147865,160586,245779,187955,197682
4012,65787,66981,68823,73560,76320,79717,80865,87449,90778,105216,108052,117283,123885,126850,216280,147151,237682,177073,181365,186884
4013,66100,68693,69651,75208,76742,79443,81707,87788,92033,96897,110700,118408,198663,130839,146090,146184,169601,167671,237761,237761
4014,66798,66728,70852,74364,76389,80020,81696,86574,90672,97541,147013,120208,125931,203664,139465,148510,159531,165393,185481,189522
4015,66917,69724,71359,74408,76864,80421,82375,87382,91317,155051,116088,199045,126995,145012,140012,223908,157844,170033,188034,239002
4016,67108,70301,69513,75004,76264,79871,81394,87264,95248,103698,113376,121367,123225,129480,139839,170685,157781,223908,180081,192394
4017,66471,69433,72290,74826,78735,81087,82412,88664,100215,98208,114292,121840,125625,133291,255417,148144,255417,185810,255417,201149
4018,66471,67265,69884,73799,76848,80542,82899,87361,92509,99687,113155,118181,125305,129000,150252,153998,162768,170545,178452,247140
4019,67100,69578,70818,76689,77808,81437,81923,89397,98178,99248,114348,119920,126308,133541,145031,148898,163514,175197,183918,198105
4020,66982,69716,69866,73992,76876,80237,82068,86074,94685,95393,108940,117041,196427,196427,137205,211710,161342,247140,178644,187009
4021,67147,71010,71737,75665,78012,81454,82865,89000,96016,99000,111739,119520,130190,137383,142206,147256,162619,183353,245447,193038
4022,64752,67587,70486,75166,77781,79965,82923,87391,100843,97226,109791,117957,124368,131668,141833,153147,161427,170679,191010,241493
4023,68248,67206,72511,74921,77889,81521,82795,88266,92981,109575,114631,120181,127581,135485,145403,147819,256611,171901,190961,202196
4024,65620,69440,69834,74301,77081,81322,82572,87484,90430,106898,110621,118831,123171,128976,142303,256611,168266,166676,187284,191311
4025,68932,69544,69571,74565,77594,80437,83401,87668,93294,107496,112883,120160,124995,218248,144195,153912,160371,256611,186186,204530
4026,65401,69329,68653,73887,75856,80567,82321,87206,91666,96789,105250,118229,122603,132625,220674,150526,156115,179246,175109,242723
4027,66352,69481,70907,75347,78093,80061,82257,87583,92037,98551,122095,119498,217702,135815,157200,148628,159588,174550,261440,202379
4028,64050,66226,67839,75168,76362,80451,81947,87443,91054,96454,112539,115894,131388,128839,139391,148676,159326,164326,183576,193370
4029,66930,69435,69504,74407,77285,81900,82430,87873,92489,106635,111645,190402,125162,132651,142692,150832,276867,179597,194196,196497
4030,66619,65703,67578,73770,77031,78777,81191,86473,91913,97161,104233,120484,125137,130174,137618,152247,174432,167666,180087,266667
4031,63972,69072,68527,75256,77414,79934,81904,89027,92555,148100,178198,120523,125408,230777,144302,241610,165260,276867,183573,200089
4032,65484,66554,68543,75156,76918,80604,82230,87432,90896,104415,113023,116077,123553,135345,213320,164542,155296,175921,255967,185805
4033,64145,67738,69420,75172,78879,82314,84051,87571,92185,98377,111412,117938,125833,131726,147546,146623,161011,169385,191729,194469
4034,67547,66651,69088,73194,75579,81917,82684,88415,91284,97573,108987,117303,124121,130195,139260,150224,158344,160568,181846,188692
4035,66502,68597,70051,74080,76136,82755,83661,88936,92027,98443,116632,118630,126554,133145,146736,146955,165611,163410,182460,267578
4036,64440,68106,69252,74967,76644,82002,82506,88202,91518,96814,108582,116431,123957,131418,141533,150655,156818,182078,181237,191875
4037,65723,66736,69948,73764,76997,81499,82392,87195,91653,97354,111076,118684,195981,131299,140980,229378,257078,267578,257078,193441
4038,63436,66595,67889,73998,75845,79494,81187,87056,90675,95884,111741,117773,129388,203517,221616,157232,167070,170902,181652,185069
4039,63575,66337,68284,73951,77505,79742,83394,87304,92063,114405,111185,197602,127745,143130,155769,148237,161969,166052,187741,259962
4040,63672,66721,68406,74571,76058,81374,81987,87516,90060,103747,108819,121312,124739,130102,139416,151794,160862,163914,181262,196573
4041,64787,67532,69160,74578,76436,81312,82388,87842,90826,104785,108754,120089,125481,129904,140297,148631,160554,172646,188990,193466
4042,65617,65847,68191,74054,76854,80296,80822,86454,94867,102083,108444,118523,124001,130056,138626,265520,155494,228201,176111,185089
4043,64719,67545,69552,75764,78187,79807,82296,89015,94950,104624,112353,118762,124879,132132,139895,155218,258980,187087,258980,258980
4044,63491,67153,69345,74679,77852,81450,80865,85848,91905,100851,112032,115611,180613,197416,214284,151831,162006,163630,179824,187424
4045,64324,66838,69815,76141,79637,81328,83970,88157,99076,102822,115258,118713,130131,137997,150795,146058,165990,167611,186130,195045
4046,64132,67991,69659,74730,79097,82650,82996,89404,91571,102383,109953,118111,125753,132899,141258,151779,156859,235392,180723,192901
4047,66220,68727,70579,77266,79958,82368,82783,91140,100842,104597,112446,120016,127630,135368,144356,149087,161327,177746,256058,232597
4048,65730,67298,69017,75460,79156,83198,83415,89748,91931,102731,109833,114011,123467,129866,138209,148237,155548,172068,182070,192423
4049,63886,67111,69738,75419,79653,81958,83519,90810,92559,105439,145820,115666,125211,221011,243763,239533,243763,171806,185723,195000
4050,63195,65817,68534,75214,77865,82361,83071,87988,95515,100102,112073,122406,192224,133897,143187,162110,167522,160740,180397,229967
4051,65555,67270,70763,75271,78886,78901,83745,88858,97733,142939,116608,181969,132033,131707,139535,151044,159272,243763,183878,202090
4052,64755,70056,69346,75486,75509,79827,81785,87355,90329,104001,111512,121891,122495,129389,138896,155100,160681,175363,232149,190338
4053,66146,67364,69044,74864,78640,78900,82094,89250,92037,99598,114516,119728,126600,133490,141788,149519,164596,176735,198167,255660
4054,65972,66691,68801,74735,76682,78382,80595,87373,90756,103531,107988,114701,124227,129732,139620,152155,239937,168137,181059,193092
4055,65537,69440,67717,74435,75498,79697,80835,87744,91676,101671,114275,118865,124781,185905,141526,182458,174427,255660,184921,195190
4056,62978,68740,69053,73979,77162,78194,80208,86417,89376,100171,110069,119359,123581,132664,228807,150580,158298,176957,228807,189067
4057,65521,67338,70090,72438,75862,78690,80593,86509,113692,99181,115237,119397,218069,131967,156761,191021,158537,172953,189103,240522
4058,63806,66953,69952,72174,76532,78111,80750,86954,96485,99226,110748,117802,131411,130500,142506,156922,161582,163272,180478,190456
4059,63549,70004,69598,74179,75657,80266,81299,88854,94558,100470,116769,120932,131113,222253,143583,148954,162726,174929,184616,194564
4060,64190,69630,71841,72424,75052,78445,80822,86831,91138,101828,113316,117630,123989,134894,140746,244903,235836,230781,235836,235836
4061,63026,69919,70109,74884,75630,79361,81153,91354,95663,103491,114918,133510,125320,132415,141843,156254,175547,189914,192111,206724
4062,63977,67648,72044,72970,77734,78787,81628,86825,91331,102394,111762,117324,122811,129180,138646,153142,160652,167708,175754,189075
4063,63351,71318,71172,72870,76105,78903,83055,86577,92071,101297,111589,121371,125394,130946,240274,145662,159198,166965,240274,240274
4064,62424,69092,70994,73727,76985,80590,81332,87919,98841,98172,109925,177606,122415,129299,143181,150403,155625,179820,186511,187199
4065,64889,70767,70497,72386,78872,81691,84054,86555,94397,163300,113185,122861,127476,163300,142316,144896,255069,240274,184524,198748
4066,64100,68188,72113,73878,74538,78721,81138,89887,93965,104223,110469,116413,124223,131209,138635,255069,166453,172603,179111,221472
4067,65594,69679,72234,75952,76851,81620,82486,86788,96359,102990,177047,118788,212425,133539,144011,154245,171151,180045,255882,200319
4068,62487,67794,70997,72893,76676,80192,81472,87101,98873,98355,115494,116216,127635,198129,139412,146931,153475,167736,180262,181701
4069,66122,68773,72214,75508,77539,80852,82870,87528,96451,102397,114204,119644,126398,138318,191087,144719,157085,173344,184687,251424
4070,63879,68943,71900,74499,77185,80431,81947,87562,91528,102090,112020,118724,125310,131360,140909,153445,156396,237797,182535,193618
4071,66916,69124,72971,76306,76887,82616,82100,89894,93523,105527,115337,120062,127388,135673,143584,146578,254661,177746,185954,200111
4072,64749,69531,70707,73910,75771,80918,81848,85564,93816,99721,110763,116796,123375,128563,138391,254661,166625,170815,241401,241401
4073,65694,68136,71840,73654,77106,79315,81672,87232,92030,104104,113749,147318,124174,222799,244939,150459,162884,174755,192546,199729
4074,65581,69870,70118,73648,75399,78799,81021,88401,90433,101621,107620,117688,123394,133828,143730,149253,157803,175351,180656,189102
4075,64882,68268,71824,74284,75476,78559,81826,88232,90920,103922,114648,121211,184249,132621,142869,145364,168403,244939,189848,195009
4076,65045,67751,71943,73811,75673,78270,81195,86704,89118,100243,112345,117666,127450,130345,140423,152592,162212,173006,180853,233290
4077,64736,70322,69980,75294,76349,79658,81801,88659,92164,106152,116037,120103,127464,134673,144591,145204,256576,176472,256576,214926
4078,64579,67284,70811,74005,75320,78502,81744,86785,89135,101418,110157,159089,124281,128264,137893,256576,163317,167704,185741,190280
4079,66062,68140,70720,73194,75860,78896,82624,88697,99288,106711,114866,121326,127240,141840,146060,153652,161991,194900,187526,191933
4080,65342,67187,70903,73531,75782,79133,80487,86909,99026,102044,110184,118378,123389,199610,217185,148886,157968,170847,181253,238674
4081,66323,69416,70955,74361,77428,79886,82596,87529,96909,106300,115163,121264,150985,140645,152822,150551,157998,258152,185500,199253
4082,66138,68821,71508,74342,76570,80255,82171,86930,90654,103177,110186,118482,126187,132080,139415,150416,159123,175389,191382,188126
4083,66924,70504,74757,75276,77077,81043,82687,89942,94442,108532,116535,121289,130329,133996,142868,150999,265529,173849,265529,265529
4084,67113,68668,71224,73794,77677,80833,83230,88714,91237,104575,107916,117924,125268,129765,139539,172578,166519,172062,185779,189587
4085,66813,71071,71467,76385,78683,80759,84256,88467,92824,104967,111400,124318,213659,130221,140648,149122,159225,179448,188586,190821
4086,63630,68650,70059,75079,76184,80890,81403,86645,89367,103054,110142,125053,129168,201095,218493,255887,153745,166205,184021,189154
4087,66715,71382,70794,75901,77651,81954,82757,89157,93285,108037,114256,142505,129069,144713,157954,153007,160988,255887,190195,264162
4088,67595,71359,71761,75583,78811,81719,82013,87121,90847,104338,112436,119023,124266,130605,140114,149942,153308,175949,179640,202430
4089,66890,69254,71354,74974,77808,81579,83345,88160,94420,106302,117574,122382,127366,136179,145434,146296,288093,178183,216331,204161
4090,67231,71700,69231,74560,77982,81945,82721,86741,94950,104901,110833,119169,123966,129623,138556,155408,169038,165718,183682,185594
4091,65804,71450,71709,77066,78106,83170,83203,88732,94293,106111,116028,119292,128503,134933,139983,148399,162074,172852,185035,190308
4092,67391,69853,70733,74386,76126,81262,82824,87010,91175,100157,109179,166971,123359,195631,213921,234945,157027,161916,256185,256185
4093,68411,70213,71220,75206,77734,82492,82140,87216,91335,104567,117012,123320,126189,138261,148332,149039,163688,282897,191709,207434
4094,69308,71216,71360,74124,78114,82061,82192,88128,94902,104593,109455,119613,181455,131201,141849,151191,155448,170627,184594,195350
4095,66869,71034,71682,76984,77715,82789,83120,90191,94257,108632,117638,122874,132124,133667,144368,145605,168503,169621,191639,201591
4096,66927,71791,70021,76990,77334,81501,83171,87808,92032,103834,110618,118533,125843,129408,138659,148173,161334,163872,179959,189973
4097,68979,73405,71356,74664,77649,81456,82968,91265,95208,106269,113826,121279,127438,210850,192866,241916,250701,177578,187622,200595
4098,67490,71407,71597,75261,76898,81848,83685,88009,91276,99823,114086,117962,124451,134663,139995,167788,165505,171052,254884,254884
4099,69783,71485,71009,76165,77073,82949,82983,88672,92104,105355,117422,121331,125989,132425,141764,144721,169559,275759,194696,208408
4100,68176,71283,70607,74534,77217,80031,81919,87820,91709,98670,109180,117656,125032,129814,137364,151532,155813,176220,181614,190952
4101,67298,73212,70196,75610,77427,81732,84485,89692,93750,100459,118090,122329,211494,134940,255066,145188,165883,169394,188643,199519
4102,65517,68613,72624,73789,76774,81120,82363,88788,91794,99047,109637,143119,129127,130857,147861,154042,157157,162717,174279,183960
4103,66986,71730,71576,74204,78358,83165,84009,90881,93866,105353,117971,123322,127694,233127,145523,222857,180902,167632,197997,281135
4104,66129,70704,72126,74191,77564,82153,82515,87665,93079,97959,113706,119704,124437,135013,137081,166127,157227,168551,186747,187603
4105,66567,70623,72046,75284,77892,82400,83484,89659,93425,100470,118135,121247,128842,134229,144057,145816,270902,281135,270902,195879
4106,66803,70058,70790,74351,77193,82942,83091,88971,93348,104778,112449,117280,126639,132309,142616,152313,170449,176514,189465,194100
4107,65694,68852,73283,74736,78030,81834,85356,91104,95458,103981,119256,164675,129376,136467,148651,145714,167318,177098,189071,201016
4108,65972,69636,72209,74123,76686,81498,82691,88912,93228,105405,107913,121357,125249,129441,138230,251430,158571,168516,178886,189380
4109,66743,69471,72143,76899,79659,82266,83683,89526,94541,102433,116813,120874,127146,134405,242737,160032,157841,170631,185177,267009
4110,67042,71011,73246,76102,77723,81990,84565,89190,94914,99081,107385,114475,123230,129389,144629,153723,156828,168546,178346,191494
4111,69252,70513,71358,77333,77096,82017,83026,91081,96440,108104,116741,120426,203613,222948,143474,146358,165249,203737,267239,192061
4112,66995,70343,74391,76582,78115,81520,82655,92660,92051,100362,107368,121351,129056,137287,142559,153012,257975,166870,188457,189619
4113,69448,72426,71074,78650,80243,84364,85310,92347,94058,102955,182823,123608,129839,137317,146923,147842,184276,267239,189676,287961
4114,68273,71224,72937,75170,78575,83368,84179,89627,96376,100527,117972,121877,125223,130576,139713,160095,161528,170293,176520,195203
4115,67684,72123,71492,77139,78931,81819,84702,90833,101147,103720,117683,123351,128079,134275,145643,148154,163135,175832,179857,196553
4116,68616,70120,73402,75519,78221,82072,83638,90237,93785,105945,110031,119037,125573,130614,139191,253961,158238,164518,175096,188584
4117,67680,71882,73496,76278,80536,82573,83564,90284,94404,107659,114881,148223,127634,135539,250818,155995,165169,174919,276855,195911
4118,69064,70242,73755,75656,79838,83180,85267,89109,93506,105240,113693,120985,126564,202548,148164,160441,161544,167499,189664,186697
4119,70090,73521,74962,78442,80815,83729,89585,90898,96011,107261,115324,125088,130290,146582,149718,147470,167173,276855,191983,289899
4120,67167,72562,73406,76389,78847,87338,84111,89615,97670,101776,111089,118660,176186,129870,138894,152093,245562,176200,179154,194924
4121,68362,73223,74975,77604,80099,85890,87632,92961,101653,107549,114174,121207,133594,131375,141738,145153,181539,173306,180324,199236
4122,68943,72876,72689,76755,79808,86980,88986,91135,100154,104621,112037,118919,123743,128653,139459,181052,158223,165946,176455,186205
4123,67399,71400,75348,77755,79962,83083,84255,94736,96678,105413,117418,122628,129408,136349,147397,146455,169134,169986,282124,201271
4124,67190,72844,73888,77013,78443,80780,83813,89715,95977,96869,115201,128509,125947,206806,139868,256116,162320,165020,191807,186293
4125,69638,72874,74625,77167,80428,81930,84123,93572,101794,104304,117618,122150,126794,147277,247339,156686,163294,282124,190464,192624
4126,66912,73616,73524,77537,79066,82687,84121,92001,97777,98211,116484,121845,125604,131542,146965,154765,154355,177691,179643,281801
4127,70154,72248,74362,76912,79698,82219,83227,92248,103361,100930,117797,186684,201303,134229,142874,144123,263122,176151,181931,204275
4128,68342,73224,74998,75948,78854,83105,83738,89206,92585,104303,111572,120294,127484,129774,139796,151094,164680,167886,174806,186164
4129,67000,71628,74041,76804,79666,82008,83829,89770,97330,105114,115587,120233,127619,132590,142067,147323,163472,167895,178318,188014
4130,67964,72858,74906,76602,78351,81854,83266,91768,95426,102778,113152,119347,126156,140374,139645,151109,162063,167603,271558,184775
4131,68027,73089,73881,77220,79982,87477,85017,89615,94833,107797,113765,121934,129171,219997,144380,246905,166533,170621,202254,288785
4132,68819,70919,73578,77329,79561,82339,88456,91941,97793,98204,112507,119709,122556,137912,141351,173187,156891,271558,180732,198723
4133,69371,72935,73104,77367,78758,87738,84244,89186,93872,105664,115941,121088,128082,135512,244007,151112,163638,188432,182838,195906
4134,68604,72648,73743,76444,77556,81209,82487,90176,92031,97240,109905,117038,123455,128618,143859,155304,240349,168216,174523,185072
4135,68617,72984,71354,77295,78003,81703,83913,87718,93524,105780,114428,119638,197816,133314,147967,143494,183996,170278,179764,189084
4136,67864,72272,71583,75855,77242,80911,86852,86982,91007,99043,112722,117585,133532,132512,140719,153230,158711,163999,273448,186809
4137,69075,70166,71031,76605,78400,80869,83168,88334,91753,119456,114530,120090,131847,132348,143503,149615,162305,171491,204256,292969
4138,68506,71156,72577,75334,76889,80425,86357,90693,91754,105555,115159,117731,125716,216328,141765,266176,156363,228469,179467,200025
4139,68326,71703,71850,75421,77301,81379,85968,89451,92032,111037,116436,160047,128082,140579,145218,156588,162862,175012,180756,193809
4140,68512,71458,71652,75692,77079,81268,86610,86884,91455,100721,114822,119565,124451,132867,141541,154570,253206,168347,177159,185799
4141,68332,72186,74309,76568,78709,82327,82945,87796,91263,99288,116485,120862,125884,132955,244172,145409,174077,166196,178511,190313
4142,68486,72705,73928,76036,77526,82400,82622,90612,92597,105390,114633,118508,124818,132648,147307,152479,154416,278685,278123,189554
4143,68691,71731,75984,76512,78134,81868,82590,88829,92751,99328,116682,123405,128079,135542,144661,144575,161950,189565,205564,292310
4144,69364,72080,71838,76259,77304,82657,81980,86909,97260,101517,111573,118760,194077,128935,141926,152866,154178,162577,180191,199713
4145,67457,70177,74927,76795,78755,82860,82826,88170,92085,100142,116228,122396,135893,216732,142446,153491,159569,165583,179013,189689
4146,69095,71661,72513,76111,77347,83088,82564,88178,94833,100010,109949,119352,123980,135549,139967,257785,242981,162317,175797,186890
4147,68659,72612,74749,75341,79029,81545,84903,87588,93728,115693,116206,123029,128406,134743,143166,152425,187949,163611,184770,190259
4148,69751,72845,72914,77287,77641,81569,83001,88649,91923,100441,117103,142058,126540,132997,199708,152849,160017,266829,175766,188069
4149,68582,72720,75138,76387,79073,80675,83648,87695,100068,106073,116646,122501,127783,134669,148665,151103,161302,188941,292623,292623
4150,67678,72790,73546,76035,78384,81289,82624,88975,92436,98642,112664,118572,125625,131407,141372,153028,155130,164341,183490,197632
4151,68325,73963,74186,76225,79318,81280,82866,88319,92359,101980,114314,122550,128725,133385,142120,144776,160605,165470,183183,190225
4152,67599,71351,74542,76033,78490,81610,82096,88775,91485,99101,114538,118945,124159,205723,140476,185682,245186,166574,177537,187447
4153,69230,72342,73175,76379,79188,80379,85549,88216,93301,152324,115153,152324,196920,142837,235856,148085,182917,239238,181869,189577
4154,68822,71746,73362,75568,79342,80046,82459,87855,96451,109927,115375,123271,133974,131674,152575,182425,162523,172846,179385,190141
4155,68383,71608,72746,75553,77736,80797,84003,89274,94357,108798,117019,122693,133019,134364,143788,148552,161942,171527,263433,290343
4156,70142,69708,73508,76518,77934,82558,82720,88165,92082,105049,114727,118257,126068,131706,141647,241939,153275,164021,182689,195142
4157,75060,78068,80374,86338,87319,94106,96116,105252,109303,117850,134149,145359,164380,176948,193439,155301,231826,290343,254637,288241
4158,75756,77666,79367,84313,85568,89536,92719,98156,102878,112480,121704,130365,135341,149153,155538,213574,172543,170977,191581,202143
4159,75412,76033,78132,82421,85089,90136,90655,97342,102452,113231,120595,125533,135715,137592,149252,160578,172419,230781,190585,199785
4160,75112,77340,78805,83063,85620,88499,90895,96869,103298,112230,120707,125473,138185,137867,149886,162386,172235,184381,189935,200589
4161,75878,76673,78922,83076,86254,88646,90265,96235,101624,112447,121261,126024,136935,139616,156499,160960,174001,177194,191421,201110
4162,75647,74587,79097,83712,84918,88235,90305,96817,101663,113136,120256,125882,130397,138051,147358,164258,171870,177075,189507,199202
4163,77826,78404,78176,82287,83832,88944,91021,96897,101760,112426,119444,125864,129900,136123,151740,164598,166880,178158,190384,197146
4164,76046,77487,78515,81800,83038,88214,91800,96800,101976,112293,120124,125282,130873,148769,151017,161037,173526,176524,190015,201449
4165,78478,78695,78338,83184,84308,88789,90819,96357,101057,112535,118973,124029,130477,137678,155175,157333,169753,175845,190992,199054
4166,77223,78806,79889,82535,84922,88306,90645,96277,104695,112400,119990,124930,131061,207626,155895,159423,173207,184083,191599,200732
4167,76876,78474,80026,83697,85591,88507,91703,95901,103396,112407,120787,127455,131445,145073,157639,168572,171532,176317,192585,202348
4168,78322,77156,78334,82038,85480,88275,89945,95606,101215,111592,120722,126403,130467,137457,155748,160439,171348,179181,188675,199139
4169,78308,77052,78913,81666,86793,87760,89913,98490,106787,113905,120549,125353,133154,140185,158158,162319,175800,178365,195209,203067
4170,73957,79296,81119,85670,87592,89195,92227,99598,103212,114468,123945,127833,134204,143381,164548,168047,177340,180111,199647,210258
4171,76457,76248,79793,84709,87105,92298,92867,98046,101447,113187,122383,128296,134378,145930,162142,167847,173897,180181,196305,201981
4172,78131,78432,80091,83519,84750,91462,91556,100337,103127,114146,120007,127515,136509,147912,161517,166835,174783,182219,191364,202035
4173,75733,77559,82054,84165,86807,90098,95802,98682,103273,111913,119875,127864,135264,149841,155180,166547,173936,180459,192223,205160
4174,77776,79925,81841,85663,88871,89764,93628,97981,103437,112634,118743,127517,131878,140688,148474,165974,202024,181394,191266,202077
4175,78644,80160,82656,85213,84927,87425,92316,99873,101168,111442,120578,125900,142718,137539,155370,167477,173327,184476,190869,199361
4176,79939,77813,83337,86343,86999,92070,93104,100145,104289,114516,121896,126948,135651,139310,158415,162012,176097,180944,313135,203242
4177,80194,79375,81762,83841,86353,90212,91326,100605,103395,114857,122455,128803,143947,151564,150492,164384,177582,281108,213611,201943
4178,78493,80866,82741,85934,87255,91035,91600,99869,104377,114823,122082,130250,142509,152441,153834,167471,176715,196170,192906,251147
4179,79490,79592,81849,85358,86927,91962,92542,100971,103655,115226,123032,129644,144536,152004,155994,169197,177766,185224,192570,207436
4180,77611,78211,80422,85781,88260,89704,90796,97526,106488,111883,121898,128621,144124,139942,160136,168754,170465,180941,187816,201115
4181,77645,78869,81013,83106,87797,91549,93946,100309,101628,112195,122533,129494,145427,151997,160680,165209,176323,183281,192611,202114
4182,77216,78404,81058,86154,88307,91774,92300,100328,102330,115645,124828,130159,135291,141301,158602,168835,182629,181464,195216,207215
4183,80102,80936,84438,86326,88440,92109,92771,101030,103894,113213,123723,130624,136667,150149,161280,171285,175256,181578,195771,200275
4184,80216,81453,83159,83123,88529,91968,92530,98246,103819,112744,121610,130976,136629,144622,158449,167987,177143,186114,194706,200237
4185,80916,81158,84324,85523,88566,92155,94021,100182,104099,112858,123203,128376,136757,149835,162866,167579,174188,183536,194162,200578
4186,80131,80846,83486,86208,88202,92746,93540,100786,103822,113168,122569,127715,135912,147819,153836,168376,174665,186852,192493,200149
4187,78552,78401,83635,83488,85956,90996,92641,96665,101628,111300,122074,127812,143213,149526,159847,164477,169051,184630,188403,311890
4188,80234,80873,83140,86636,86339,90441,91999,98454,102699,112181,124298,130073,142501,153440,161340,159720,177799,183447,191268,220870
4189,79943,80638,83124,83399,88573,90116,93209,98100,101838,111071,127795,129890,145109,152658,163439,168266,174529,180739,192079,201919
4190,80452,80451,81704,84320,88456,89800,91939,98216,101813,112795,123348,129883,145155,153201,156621,167328,176688,183959,191931,205820
4191,79754,80923,84652,85946,88804,92870,92999,101265,102148,111439,123518,136162,134754,153013,164698,171462,174750,182717,193657,206353
4192,80973,81302,84973,85331,88996,92561,93902,100648,102898,112314,121395,130315,136556,144121,165393,165898,214822,184210,194061,198261
4193,78952,81259,84517,85546,87827,91397,94448,100677,101957,111262,122667,128601,135239,148242,164674,166852,182828,187028,194168,200097
4194,79562,81418,82944,84050,88840,89210,92598,98330,103053,113305,121515,127306,135465,149589,160835,166723,169627,186115,191523,197217
4195,80056,80349,83029,85899,88694,90159,93804,98204,101876,112222,123437,131037,146397,152497,152954,162363,174271,186172,193380,204886
4196,80058,81027,83257,85572,89092,92146,96028,100162,104521,112507,125086,137616,143146,146899,164104,163335,178778,181977,195604,211446
4197,80090,81264,84280,85624,89436,92043,96766,101462,104612,113457,123648,130020,142864,148780,159952,167169,177007,184958,194147,201553
4198,79984,80726,83663,85747,88700,91637,97401,101178,105241,112935,123127,129389,144364,147220,159067,167517,176596,187853,189438,199208
4199,81061,81529,83733,85529,90675,91467,96686,103640,105052,112807,123654,129626,143085,148253,159840,167314,177708,178249,191272,200119
4200,116,117,117,117,117,117,118,118,118,118,118,118,118,118,118,168308,118,178562,118,118
4201,78359,83147,92850,125914,162199,190282,224960,267881,291858,314638,342550,374826,407537,407537,448048,118,448048,178655,448048,448048
4202,80276,81441,84064,87417,90183,94417,97657,107253,112826,123848,137475,146337,155889,169200,184596,448048,201265,118,237146,240901
4203,80874,82052,84519,86108,90033,92458,92566,101040,104656,111087,126407,130540,137467,154680,163264,200251,183215,448048,196348,208747
4204,80324,82491,85350,86358,90566,91455,95745,100439,103853,113730,123518,130258,143704,152993,158474,173896,180480,220227,196024,199904
4205,80177,80879,84208,86071,90946,91788,95931,99997,104254,113312,123826,129408,143592,151501,159315,166560,177448,186100,190104,200845
4206,81162,81537,81922,86461,88607,92136,97436,97801,103092,110971,123025,127849,136168,151601,159106,169465,172979,186991,189854,198710
4207,78056,80529,81066,83054,87872,90747,95121,100451,102055,110581,121058,126980,142311,152650,161488,166967,172339,187417,191534,198282
4208,80116,79373,83500,82537,89637,92701,96713,100798,101482,113342,124487,135376,135674,154914,157227,161313,176688,183497,195673,208226
4209,81004,82093,81950,83194,88662,92787,95350,98943,102688,113344,122972,128890,138948,149587,159016,167716,179054,181792,195267,199363
4210,81260,81004,82698,83974,89903,92050,95893,100963,103783,112498,124918,130035,144235,151812,161370,168926,177144,187622,190844,202231
4211,80304,78822,84486,86314,88239,94531,93906,103358,104458,114487,122243,129404,137288,149115,159845,169655,177430,187201,194169,199486
4212,80706,80435,84616,83869,89595,92642,94881,99167,106903,112958,123428,128017,136462,151027,159247,169223,177878,186993,190250,197552
4213,80707,79402,83739,82780,89732,91896,92904,102176,104124,111845,122924,127633,135765,149449,161092,167441,176638,180928,190752,331243
4214,80832,82299,84445,85454,89937,92622,96470,101806,104328,114200,122823,129401,138364,149647,160793,167696,177807,176905,190284,224439
4215,80973,79125,84985,85451,90002,92362,93273,100759,103496,112016,122868,129427,138535,148925,159465,168912,176401,186437,192429,209571
4216,81288,81757,82891,86395,90499,92470,94807,105138,104424,111633,122976,129205,136546,148345,157855,166390,178587,186394,192451,201378
4217,80041,81511,85184,86528,90380,91559,95027,103951,106190,112629,123240,129118,143119,151128,161027,166754,177694,187127,192820,199058
4218,79977,82088,83426,86337,85565,91596,94040,99556,107775,113354,122737,127793,133255,148181,159226,169114,175038,187121,189122,197713
4219,78599,78225,81351,82078,86975,91591,92046,99863,102451,111045,120674,126686,144948,144860,158052,164827,172717,186872,208827,196121
4220,79289,79306,83411,87334,89363,89552,93054,100774,102180,111127,122414,130049,136098,150400,159360,164729,176831,178393,191114,200286
4221,79793,80981,83393,83027,89126,92568,90762,100980,101222,111770,123917,131029,142902,153774,159915,168533,178807,181665,192235,201969
4222,78756,81279,84151,85916,86759,92351,92809,97490,104136,112652,123645,130768,142857,151573,160630,172073,175479,182162,268891,203230
4223,80147,80059,81862,83447,88273,91726,94690,100313,104680,111376,123795,130914,143877,152057,164555,170797,171126,183644,204148,206022
4224,79491,81587,81964,83083,88494,90492,92131,97787,103583,112343,121863,127819,143627,152171,159400,172819,173241,184583,189306,200507
4225,80140,81173,84956,84523,88577,90488,93634,99979,103922,113620,124548,130130,146347,153864,160524,160935,181290,185334,193879,205041
4226,81151,81680,83683,85798,90028,91899,95274,101173,104026,112206,125293,129390,136754,147253,164715,165523,177280,181637,195800,211376
4227,81353,82367,83798,86095,89825,92152,95724,102964,102725,112075,122877,129842,143335,148904,160093,166194,177420,183692,192817,201681
4228,81018,82808,84140,86173,90055,91350,95649,100102,103492,112401,122929,129472,143224,148678,160117,166207,177559,187367,191450,199228
4229,80993,82736,82407,85887,90007,91670,95404,102807,105060,111923,123285,128728,143716,148533,160659,168077,177014,178058,191347,200188
4230,80739,81564,84023,83354,89917,92554,96259,103593,104176,112794,122978,129518,145086,148194,161124,166151,179611,181191,191268,200179
4231,79516,81491,83245,86352,89073,91736,93641,99902,104510,112114,122463,127492,134938,148295,158805,167463,172252,180684,189747,196686
4232,77339,78924,82321,86398,89624,92474,94988,100277,106966,112198,123178,135642,134712,152145,164661,164544,175826,177651,192586,206004
4233,80248,82221,82195,85197,88158,92602,93059,100388,103344,111450,122170,130860,135571,153687,160272,168039,176820,248097,194439,200008
4234,81098,79823,83457,85474,89660,92175,95632,100803,103825,111926,122669,129603,136205,145487,164423,167779,177638,191536,195567,198877
4235,81083,81046,83827,85693,89125,91568,96361,99933,104068,112182,123558,129489,143253,147896,164901,167718,178279,185540,192127,284504
4236,80168,80270,82238,85806,88585,92445,92739,100038,104362,112225,122811,128091,134579,150735,161521,166799,174639,186701,189353,209310
4237,79981,80740,83722,86066,89581,91961,93327,98642,103391,112214,122584,127579,143628,153298,157707,165027,174440,186417,191687,203731
4238,80851,82395,84092,84450,90382,90439,95800,103371,104651,113351,125206,129034,137033,153661,165506,164827,177314,182355,310540,211514
4239,80953,82212,84718,86026,88305,92679,95968,100172,105087,112820,123536,129968,137184,140744,161065,167606,178120,182508,210473,202528
4240,80186,82470,84324,86338,89869,93102,95912,103403,105436,113307,122662,130411,146122,149599,161176,166362,178361,185810,196891,199767
4241,80395,81396,84419,86387,90612,92473,93144,102241,104956,113725,122822,129670,137390,140116,161178,166429,178729,179486,191124,200945
4242,80802,82369,82719,84512,90328,92477,92183,101833,104208,112118,123028,129489,145189,141190,158792,167417,179133,177693,191346,199832
4243,80220,78698,83185,86723,88710,93369,94147,100120,104148,111956,122565,129463,135049,150146,156981,167367,171286,181343,188369,194934
4244,80367,81440,83972,84127,90395,92702,92780,100549,104049,111663,123833,130948,135826,155022,165329,165175,177200,178487,195060,199470
4245,81283,82028,83519,86062,89362,91532,93392,102719,104795,111470,123331,130175,136997,145299,164667,167505,178599,175582,196689,199762
4246,80540,81909,82248,86020,89321,91796,95674,100246,105033,113236,122829,129221,145911,147703,160255,166918,179637,185427,193862,201445
4247,80577,81744,82438,86207,89882,94518,95667,101401,104152,114008,123192,129926,138584,147780,160641,169130,177547,218359,192921,200508
4248,80259,81230,84467,85554,89154,92919,92482,101235,103677,112182,122336,127673,136411,151186,158377,169121,172925,186642,189579,295813
4249,79607,82141,82718,83288,88762,92090,94771,98458,103363,112069,120337,127964,136522,152454,158688,164421,170646,180727,189728,214266
4250,80321,81356,82291,86797,87685,92033,95001,100244,104471,113180,123107,131440,136379,144921,164270,165274,176806,179336,196091,207421
4251,80734,81570,83981,83740,90046,92342,96924,102558,104208,113047,122806,128765,136344,148986,163136,173752,177185,181877,194513,198634
4252,80972,82329,81927,85954,90059,93053,93858,101654,102731,112449,122912,130702,138371,151610,165216,167031,176370,186485,194935,198928
4253,81076,82354,84568,85691,89988,92493,93625,103522,103078,112431,123118,128862,137046,151982,164961,166401,176339,185855,190016,199328
4254,80730,81580,84754,83679,89644,91864,94261,100630,103874,112850,123164,128013,137010,148871,160573,166999,174029,186790,190762,200434
4255,80116,80928,83813,85759,89355,92209,96370,100225,105300,112358,123119,128084,135853,146676,161583,165883,177089,186918,190858,199129
4256,80145,82444,83932,85706,87197,92014,92494,102720,104549,112775,122745,128556,142226,147716,164684,165234,176330,183680,190042,199124
4257,80564,81371,83967,85958,90206,92720,93197,103858,104478,113303,122494,131224,138154,147862,164228,168011,177902,184582,192479,200516
4258,80082,81483,82765,86042,87885,92026,95628,99591,104621,113037,122919,130262,143303,148371,160666,168312,178833,257923,192246,199786
4259,80161,82121,81483,86944,89155,92945,92449,100683,105358,112454,123028,130085,146596,140251,160681,167622,178543,192681,190127,200153
4260,79848,81620,84272,86100,89937,91584,92139,101405,104067,112095,123095,130520,136525,151071,159620,169644,177825,187229,191217,199590
4261,80950,81998,80927,86058,88202,92428,92180,100462,102397,111504,121129,136645,132921,144509,153303,167427,169209,187433,185840,198310
4262,79710,81098,83787,87665,88393,92431,96368,99406,103899,111508,122487,130258,135308,149516,158824,166298,174467,179463,310411,310411
4263,80514,81240,83500,83377,88641,92556,94088,98460,101683,112090,122015,129740,135521,151694,160782,168213,173091,175195,215563,218192
4264,80566,81529,84735,85545,87511,92319,96291,99836,104697,112616,121352,128770,135294,152975,164670,170939,173122,182739,195391,206869
4265,80164,81514,85092,85591,88809,92554,94936,99981,104007,112925,122352,127585,135352,153225,160123,165022,176378,184273,193837,207402
4266,79574,80985,83012,82747,89785,92267,92682,100870,101838,111841,122488,127843,135255,153084,160694,165158,174910,184700,191740,197556
4267,80332,81509,83641,85439,88749,91699,96654,99850,103632,112907,123831,131006,135371,152771,162419,166190,174601,183170,192740,205657
4268,80155,81718,85781,86124,90127,92297,95387,102026,103939,112509,126457,138539,138755,154935,164650,165875,179043,182141,197429,211951
4269,80122,81719,83592,86310,90478,91687,92255,100942,105074,112148,122784,130149,146333,141442,161727,169136,178819,184152,192421,203449
4270,80159,81505,84995,86290,90604,93534,92619,100906,104181,112154,122800,129761,146445,149457,161256,168240,178307,188270,190527,200685
4271,79921,81601,82817,86360,90347,91844,91097,103319,101738,112529,123292,130069,146654,146358,160782,169112,178514,181914,192837,201205
4272,80698,81393,83771,85970,90250,92428,91768,100728,103732,112573,123598,129456,137355,148624,161018,167004,178297,181920,193235,200109
4273,80191,81316,83420,85514,89220,89627,93014,99853,103428,111576,120946,127747,135212,144291,158279,169297,175288,182398,189975,196256
4274,81158,81957,82784,84377,88272,92128,97181,101192,104960,112041,124050,137914,134718,154024,158623,162389,176490,178937,193520,206949
4275,81182,81908,85089,85761,88518,92522,94868,102042,104257,112425,123038,136432,136098,144712,162978,169362,177965,175833,194462,199717
4276,80988,81306,84444,86183,90324,93054,92506,105443,103992,111542,123586,128747,137061,148341,163720,168345,177309,301452,195557,200668
4277,81105,81518,84373,83899,87869,92650,95633,102865,104455,111139,123603,128486,136802,148435,160695,167161,177495,193406,192793,201477
4278,80645,81463,82516,84426,89099,91101,92887,100894,106962,112607,121349,127787,135539,151454,159004,167379,173137,186993,189010,197635
4279,79784,81819,83540,85107,89474,93133,93824,100958,101904,111318,121457,128015,145158,152053,158963,165663,171049,187626,189693,196910
4280,81121,81157,84375,86521,87187,92027,92509,106226,105342,114273,124244,131707,140039,147737,166028,161037,186231,184254,198284,213788
4281,81457,82306,83697,86584,90319,92525,91361,101738,104485,112604,124058,131375,137571,140305,162121,168575,179540,181803,190566,202290
4282,81532,81736,82353,85850,90297,92300,95871,102231,108678,113105,124241,130301,143811,148801,161530,169402,177770,188591,191381,200908
4283,81597,82858,84472,86621,89904,92183,93591,102275,109051,112694,122983,129481,137433,141349,162337,168532,179891,182481,191122,317208
4284,81292,82574,84183,86236,90153,91781,92558,100106,104964,112069,123316,129018,136525,140243,160590,168409,178323,182601,191137,215722
4285,80148,81844,83354,85779,89590,92396,93968,100428,102662,112400,121955,127514,136639,149960,158960,169210,173294,182093,188181,197405
4286,78926,82050,83664,87140,88746,92889,93364,99854,104218,114591,122360,129326,135529,152255,164279,162915,173424,178454,195256,207235
4287,81105,80440,83512,87416,88790,92239,97248,100662,103868,113078,123241,130035,136520,147210,164802,165232,177417,178308,195571,199844
4288,80970,82414,82871,83756,90308,93780,93154,98573,105067,112268,122857,129450,145227,148497,164761,167833,176184,184498,260834,200701
4289,81313,81532,82289,86221,90455,93573,96248,101800,102213,112175,123269,129326,136683,148853,160631,167116,179385,186785,198331,199151
4290,80886,81985,83362,85822,90520,91822,93437,101037,103955,115163,121858,128844,142763,146673,159543,167755,177269,186371,191120,199129
4291,80129,80694,83950,86076,89306,92848,93294,99326,104228,110931,122125,127274,146143,151514,156601,166014,173204,177487,187678,198439
4292,80538,81647,84605,84698,87175,92090,94709,100130,103763,112657,123945,131283,135984,156165,164160,161307,176868,179279,195224,208896
4293,80892,81381,82697,85839,87590,92130,93689,102782,104234,111155,122436,128034,136352,140470,164647,165446,177466,175152,195303,199581
4294,81279,80465,84109,84281,87946,93192,93352,101264,102749,111584,123222,129165,134400,148358,161597,166193,178194,186745,192058,200510
4295,78810,81740,84707,86714,90794,91577,95944,101646,105809,111860,123123,130290,143294,147936,161222,167233,177812,186598,192435,202280
4296,80663,79721,83602,86019,89542,92255,92938,103079,103233,111626,122791,129546,136923,150753,161229,169091,178035,186808,192208,199007
4297,80755,81195,80236,84174,90331,91761,94623,101155,104520,110692,122763,129956,137303,152073,160895,167652,176347,187458,190584,199732
4298,81099,82395,82859,85220,88652,92481,92877,102167,103371,112038,122843,128356,135962,151257,163897,169086,177691,179379,190144,199461
4299,81297,81322,82060,85588,89658,92490,93035,99895,104016,115203,122462,130892,144678,151106,163723,167441,177642,183907,191472,199634
4300,80845,81665,82462,87178,88979,93597,95296,100851,104439,116006,122371,129497,137306,148220,159847,166448,177205,186398,191389,242224
4301,80258,81774,84902,86629,90208,91906,93687,100671,104456,112592,122221,130517,145680,140615,161213,167741,178369,186718,315045,212681
4302,80898,82425,82276,85785,90277,90295,95268,101472,103248,113248,122907,129611,145505,148387,160783,167810,178657,186977,197249,200717
4303,80607,81263,83702,83976,89283,89480,92614,100647,102779,113445,121444,129539,145960,149503,155446,166873,171557,177713,189404,195373
4304,80202,79416,82191,83813,89376,90938,94504,100156,101640,111910,123104,130422,142998,154003,163038,165196,174514,178388,192423,204461
4305,78732,81471,84294,86019,89725,90368,95080,99727,104780,112041,122392,127548,135869,155113,162904,163154,173941,184849,192920,207166
4306,80868,80719,81811,85553,87897,92429,93235,100351,104543,112291,123000,129944,136046,155451,164226,165603,176557,270774,194823,207613
4307,81208,82002,82958,86707,90817,89969,93178,99723,104409,112278,122743,129079,136747,146696,163896,164420,176869,189672,195176,199455
4308,80743,81744,84061,85589,88745,91748,96371,99547,103476,112477,121755,127672,146467,151147,161318,167091,172772,186105,192022,197264
4309,80867,81205,82662,85894,87908,89977,94006,98521,102865,110801,122115,137679,135222,140052,159942,162582,171540,186287,190201,306974
4310,80163,81378,83513,83609,89721,92204,95528,101654,104958,112929,125142,132764,139473,156039,165258,166211,178407,179489,201453,230712
4311,80954,81835,82520,85777,87161,93267,95563,105488,105093,113665,124763,128839,145853,140861,161306,170646,178144,183292,192971,203062
4312,81842,81573,82702,83788,89130,93703,95640,102348,104638,114003,124336,129477,145841,140894,162055,166957,178080,188070,190770,201108
4313,81942,81566,84265,83581,87028,92094,95586,106386,104513,112844,124017,129848,145953,141225,162468,167237,177993,179890,194431,201670
4314,81449,82412,82322,86269,90793,93163,93741,101626,104630,112981,123029,129023,145744,141044,162120,167222,178677,180086,192575,201548
4315,80982,79209,83366,85460,88738,91744,93542,100624,102772,110857,121773,127505,134893,144128,157656,166768,172815,182068,187721,196571
4316,80150,81866,82118,84354,89680,91859,96902,101236,104430,112115,123300,127457,135879,155425,157738,164529,174321,180384,193937,207804
4317,80795,81640,84789,84654,89807,91571,94881,101691,103724,111933,122968,128138,136199,154992,164159,166217,177667,176862,195126,199324
4318,81243,82011,84196,86053,87473,92861,96686,102794,103721,112534,122927,128285,145570,151519,160466,167661,176914,186432,190546,201160
4319,78876,81855,83132,86205,88241,92302,95914,100750,103409,111969,123157,129617,138764,140236,160817,167453,178179,186861,192207,199333
4320,80225,81260,82577,85424,87835,92518,93204,102037,104050,112301,123113,128324,142376,147535,160028,169140,177052,187145,190708,199392
4321,80648,81332,83167,85493,89199,92973,92885,100823,104295,112616,122271,128461,135244,142931,155011,165857,171296,187911,189066,198785
4322,80806,81501,82318,87848,89658,89438,96692,104948,108465,113851,126600,132538,139404,155580,165639,162018,178106,176165,200165,214845
4323,80843,79216,84090,86122,90178,91506,92626,102686,104517,112468,123982,128933,138582,151329,162022,167983,177383,178056,192756,202554
4324,81546,80140,84158,86011,90171,93034,95512,99872,104986,112860,122148,131403,145878,152442,157981,169454,177718,190036,191931,202103
4325,80857,81705,83658,86180,88110,92817,96259,102652,105495,112818,122974,129910,146023,151257,161124,168992,178673,179085,200563,202294
4326,80480,81629,83536,87351,88234,89785,93202,103056,105312,111168,122108,130541,138715,140971,153701,169796,177665,179284,191318,201506
4327,80697,81634,83477,84079,88566,91851,92964,100761,104106,112416,122165,127922,145239,151091,157129,169079,172177,290740,292718,195303
4328,81005,81810,81981,86597,88647,91714,94405,101239,104971,111859,124291,128469,136341,156037,164565,163443,177522,196624,209372,279909
4329,80034,81515,81985,85970,90289,90379,96036,101106,103989,111883,122783,129173,136673,141224,163917,166328,177610,176284,196040,214202
4330,77668,79006,84288,86323,89791,92781,93202,105598,104681,111594,124827,129410,145993,144551,160930,168282,177929,184126,192882,200980
4331,80220,82178,84865,86121,88187,92928,95101,102105,104770,112689,124046,130569,138247,140112,161213,168906,178778,186576,190685,200816
4332,80022,79551,83135,84882,90386,93417,96395,105360,105181,113000,122999,128130,136185,151585,159656,168948,178291,187655,190678,197942
4333,79926,81572,83654,85419,86881,91876,97066,99858,104027,112000,121376,127866,135995,151760,157217,165590,172893,181824,187898,198526
4334,81067,81420,82417,87305,89897,92672,93811,101343,103930,112233,122702,130964,136078,144150,164789,165231,176544,177944,195255,207603
4335,80908,81284,81866,87433,91086,92859,94123,100935,104158,112427,123776,129042,136626,151475,164764,167883,175133,176636,196140,199707
4336,80208,81216,82349,86006,90457,92581,96322,100285,105452,113907,123450,127526,145561,150725,164458,167613,176310,185155,190406,200987
4337,80563,81359,82045,84446,89317,93564,93875,99589,103612,112841,122357,129847,143656,151940,161051,168786,176961,186266,191091,199987
4338,80660,80023,82324,86747,88628,92039,93991,100569,104270,112359,122184,128733,136145,149522,158696,167561,176425,187538,191010,198400
4339,79171,80650,83388,84979,88845,92152,93542,99943,102924,111849,122392,127971,135350,150953,162103,164564,171551,186951,189273,199216
4340,80494,80120,84004,85061,86953,92072,94379,100350,105537,112265,122580,129041,135982,155877,163944,165346,177037,181377,195427,329241
4341,78510,81759,83756,85510,89434,90790,94731,101008,104015,112481,123292,130977,136347,148392,163745,165563,178035,183130,196638,224503
4342,79994,81271,82702,84211,90218,92475,94896,105109,104014,113603,124692,130426,136022,151327,160098,165838,177055,184292,190866,210838
4343,80049,81343,83580,86114,90550,92256,96270,101099,102696,112170,124423,130515,146062,149131,160681,169074,179858,186010,193764,201399
4344,79609,81337,83283,86601,89984,93052,94733,100310,103984,113176,124489,128669,136632,148331,161177,169042,177977,187107,191181,198533
4345,80076,82287,83228,83998,88756,91628,94195,101019,103969,112849,121441,137527,135631,139791,155802,167246,169553,177402,185584,196858
4346,80011,81304,83214,83366,88818,93168,92770,100712,105011,112582,125464,130323,142720,153238,162589,166943,175639,178255,191493,204820
4347,80350,81892,82725,85473,89260,92792,93677,100942,103648,112328,123020,128985,135411,154696,161910,172119,173717,173815,298461,206563
4348,80449,81495,84022,85155,86584,92099,94992,101184,104004,111675,123074,127918,136216,154098,164172,172245,174862,184895,209780,208643
4349,80934,82176,82076,87267,88530,92177,94556,101342,104292,111850,123450,129791,136659,147836,164093,165351,177153,184773,195504,199722
4350,80534,81759,82515,85001,88490,92812,93609,100891,104215,110659,122246,128955,135909,151182,163531,168437,173330,184062,195142,199172
4351,80793,81555,83662,85655,89217,92875,92665,99123,103704,111798,122113,135694,144805,139605,159646,168433,168686,184435,189775,197173
4352,77969,78885,84164,85733,88210,90648,93374,103992,104668,112739,126489,139105,139081,156033,166743,161293,178461,202546,198072,214023
4353,77908,79136,82397,86417,88465,94652,95351,100813,104156,113836,124902,130803,146618,149295,161601,174367,178883,182484,192796,201721
4354,78087,79174,81783,86447,86848,92037,93987,101337,104710,113552,124941,135807,136423,149680,161002,169908,178916,190127,191768,200851
4355,79160,79209,82385,86160,88433,93619,93876,100183,106091,112879,125162,130063,136454,149232,161754,170028,178972,177910,192869,200839
4356,78169,79171,81291,85906,88307,93436,92560,104174,104521,114040,124605,135794,146180,147910,161946,170122,178448,177926,194090,200537
4357,80499,80785,83596,85350,88114,93067,92067,99924,104433,112849,121445,128414,136500,140267,157424,169329,172742,291174,187928,196507
4358,77211,81334,81193,83897,87207,90222,91465,101579,105272,111215,122961,135635,143259,149984,164023,164144,172586,195012,193971,208056
4359,80834,78671,82517,84131,87583,89867,97964,98627,105473,114608,123305,130515,136124,143006,161003,165225,177244,183606,195750,199091
4360,78850,79634,80976,85141,85623,90083,92532,101105,102501,113829,122832,129581,136807,148498,164532,167425,177007,185709,196969,200690
4361,80859,80086,83530,84888,88271,91479,93161,101324,105627,111438,122571,129536,145559,151354,160620,167113,175955,184861,191271,200482
4362,80877,78976,82964,84381,87865,92078,94728,104144,105538,112236,123835,129297,136026,150977,160506,169851,175691,185774,191120,198586
4363,78429,78262,83631,82485,89145,92685,95384,99434,103650,112046,120873,128152,144561,145636,154462,167200,171085,178123,188362,198103
4364,77969,80198,84469,86392,89414,92539,91382,99689,104290,112667,124197,139674,145599,146533,166350,159642,178142,178124,196496,337810
4365,78779,80665,84447,86508,86815,92010,92134,101564,105280,112586,124749,129992,146270,148054,159586,167979,178320,174618,191929,228430
4366,80313,79325,82643,83640,88342,90556,91200,99390,104668,110882,124990,130756,146622,149192,159646,169652,181000,186241,191628,202485
4367,80531,79426,84798,86577,90603,94534,94940,99863,104640,111058,127019,129812,134862,148014,160338,168394,181229,181855,191950,200653
4368,78726,79156,84095,86770,89241,90656,95494,102401,104728,112643,128765,130121,142681,151632,160487,170472,176598,181982,192178,199298
4369,81053,78585,81061,83144,86106,89912,93144,100793,103800,109265,121038,127773,143224,144974,154540,169006,172566,182286,187451,195570
4370,78168,79307,84494,84345,86619,89426,93775,100122,103323,113745,123235,131283,135867,155551,164552,160204,173449,182057,217678,208099
4371,78358,78313,81593,86751,87093,89721,93786,100619,104181,110242,123035,127969,136163,155937,165251,164182,176725,175515,197027,199153
4372,77357,78746,81722,84633,88056,89744,97265,101216,104120,110791,123081,135349,136602,152320,164680,165042,175339,183728,195749,200165
4373,77394,78877,83471,85583,87719,89800,93042,101394,104682,112670,123183,128934,142809,147523,161569,167919,176583,183785,191181,200259
4374,77368,78654,80882,85070,87861,89818,92934,101171,104797,112072,122638,127911,136282,146261,161466,168022,175031,186935,190887,200130
4375,81325,79520,84438,83525,89002,92701,94871,100170,104089,111444,121545,132301,135140,149321,154663,166631,169691,186437,185895,197112
4376,78335,80406,81767,83296,86576,90111,94242,101533,104763,111313,123980,130309,136236,154195,163348,160348,177454,186455,325042,208006
4377,77469,78599,84069,83497,86640,92757,92612,101221,103951,111078,123099,128449,135668,147814,164582,166862,177618,178029,211933,200152
4378,77665,78812,84024,85841,86234,90303,92282,99769,103166,112425,128061,128208,146042,147056,159391,167725,177008,187028,195716,200355
4379,78424,80363,84486,86020,87911,92647,94145,100129,104234,111362,124411,128597,138690,147637,160713,166996,177808,184686,190551,200356
4380,77244,78674,83828,85648,87070,92069,92698,103624,104219,111464,123015,128867,142733,140732,160354,169436,176078,185847,192476,198811
4381,77904,79312,83668,84925,88473,92531,94271,100541,103806,110610,123388,128318,135560,151079,154870,168924,175763,178604,190240,197633
4382,78521,79269,83038,84252,87651,89534,93682,102733,104283,110751,123667,128659,136400,145629,164383,165114,174905,282099,195632,199980
4383,78403,79025,81875,85037,87176,89997,97041,102486,104112,111185,123255,130253,142407,150949,160839,167013,177236,187725,190556,200199
4384,77529,79752,81889,85117,90847,92767,95594,101495,105336,111361,122662,129508,136723,140059,160833,168712,177020,184009,192128,201328
4385,78460,80009,82580,85600,88661,90127,96831,100929,105284,111398,123883,129928,134150,139985,160767,168999,178388,185617,190982,340560
4386,77302,79394,81921,84653,87613,91360,96704,101190,105037,113073,127337,136448,142438,141513,161247,166954,176287,186300,191391,213817
4387,80554,81379,82678,83079,86014,91989,92471,99738,104257,112289,122227,127121,135006,149144,157195,168627,172015,181132,189163,197417
4388,77708,81541,83761,85722,90545,92866,92751,100986,103908,113023,124924,137911,137027,151577,165696,161043,283870,179287,197017,211775
4389,81300,79056,81559,86037,87525,92256,96066,99506,103661,111045,124527,129691,142565,149051,159502,168325,185853,176342,191792,202068
4390,81609,79216,84342,86058,86887,91281,95329,98678,104177,111045,122981,135600,145289,139894,160973,167987,178467,186515,191241,200499
4391,81514,80367,84640,86211,89565,94149,96083,100201,104819,111998,124228,129710,136290,149280,159840,169619,180392,180943,191764,200685
4392,79602,82724,84122,84826,89953,92275,96977,103760,104227,110899,127352,130044,136854,148003,157786,166236,180091,179940,190145,200086
4393,77420,81246,81543,83971,88331,92324,94359,100165,104551,111245,121045,127364,135344,140070,156709,168858,172494,181005,187206,195874
4394,80094,78156,81519,85294,88182,89930,93743,100636,104302,112807,122597,135783,135790,153577,163696,164698,173614,180465,192128,205035
4395,77750,78108,81940,86020,88957,90088,94461,100400,104120,112992,121559,136449,135712,153250,164278,164017,173305,177430,194054,206517
4396,80687,81155,81710,86128,87048,92238,91699,100402,103838,112115,122070,130543,136367,151838,164171,165085,176747,183994,194598,198771
4397,78294,81302,84311,85370,87747,89715,91216,100159,105608,112659,122955,128441,136273,151310,164958,167501,177275,182547,194837,199393
4398,77816,78065,80825,84532,88503,89349,92247,100641,104272,112624,122364,127321,136352,145586,164148,166193,174137,186105,190020,198038
4399,80463,80997,83021,84969,86524,91875,93027,100351,104234,112274,121293,128220,144423,149551,159814,168661,172538,186095,190804,198080
4400,78100,81881,81162,86293,84957,89760,92810,100543,103421,112429,124440,130169,135694,155609,164501,160905,176143,183439,194510,208132
4401,78603,81982,83227,84458,87706,94088,96858,103191,108973,114194,122924,130339,141248,149462,167114,166420,182262,180795,250008,205563
4402,78253,82373,84737,87433,91539,93034,91644,103122,107907,114088,124164,130161,145197,148731,164272,169556,179136,300063,202720,204298
4403,81334,82556,82388,86910,90076,95386,91233,100131,108954,114067,124484,130552,143616,140442,161774,169692,180449,201126,193374,202092
4404,81776,80358,83868,85912,89612,90795,94986,102069,104849,113041,123017,137094,147047,139691,159799,168640,177494,185074,191851,200845
4405,78030,79268,83163,84517,87183,91984,92590,100372,104196,111326,121516,127603,135330,147179,151740,168958,170794,183532,186834,195927
4406,77296,81254,82052,83048,86323,90694,92657,101255,103611,112497,122710,130258,134869,154605,162891,161284,174316,177542,191507,204350
4407,78904,78658,81027,85385,89246,89784,92813,101102,104679,110969,122481,130819,135842,153340,162890,162653,173569,174667,193896,205718
4408,77205,79652,83979,82269,89500,90445,97863,100597,104575,111902,122797,135408,142396,153441,159726,162963,174162,183665,193773,304650
4409,80050,78944,83652,84796,87318,90163,95123,100011,104610,111753,122319,128776,141337,153692,163703,166788,174035,185064,194470,209702
4410,77120,78956,81155,83221,87239,90500,94468,100906,104499,112476,122574,127486,135997,153798,164205,167147,173381,183691,194085,198794
4411,78051,79131,81876,84457,87073,90730,91928,98856,103881,111675,120608,127304,134996,145903,161486,166738,168996,182783,189715,196139
4412,78652,79622,81676,85135,88824,93830,96283,102874,107450,111778,125483,131369,139201,156433,165717,161940,181837,182075,200530,215625
4413,78732,81911,85029,84125,89428,91841,95994,100296,105766,111836,123963,130358,142650,140583,166931,175165,181025,181507,194071,202310
4414,80708,81748,85096,85262,87622,93161,96320,100224,105284,112170,123970,129894,144767,140433,162824,168251,180752,189911,194052,202772
4415,80958,79311,84938,86963,88095,92603,96602,100303,104620,110567,123424,129982,136741,140212,162841,168185,180549,182835,226168,202457
4416,80618,81901,83334,86579,88175,90813,93199,100550,104018,111874,123807,128795,134825,140920,165578,169317,180176,183785,199706,202260
4417,78194,79297,84329,83841,87230,90899,92111,100041,103981,111808,121058,127866,144479,140697,156995,168783,170178,183266,187675,195450
4418,80053,79456,82650,85209,88631,92921,93424,101815,105766,112774,123380,135806,142647,154168,164626,166721,177174,184121,193106,207917
4419,77776,80860,83935,82896,89247,90168,95992,100613,104708,112640,123212,128497,143605,155269,164733,166352,175335,177869,195749,199694
4420,79796,79916,84453,83658,87896,92145,96439,103338,104410,111746,123549,129977,136964,145307,164794,168238,179416,184285,191075,201406
4421,80896,78999,84502,85811,88646,92435,96214,100721,104252,112789,124508,130011,134694,139991,159689,169087,177709,186363,191992,200298
4422,79041,79605,82322,82964,90062,92862,95554,103168,105469,111044,123855,129103,134617,143460,160749,166785,179327,186421,220159,198844
4423,79966,80265,82383,83549,87238,91032,94434,100437,103844,111848,122152,127350,135876,150041,156986,167217,168262,177562,189771,195653
4424,81200,81006,84813,87196,87848,92391,95960,100460,104709,113682,126528,131437,139098,147502,165915,166938,181021,179783,197998,292349
4425,80698,80820,85337,84471,87693,92249,96089,101208,104601,111580,123537,131030,137070,140423,165042,175217,180007,174913,194111,215742
4426,81945,81305,83234,84544,88387,89602,95934,100413,108003,113076,123969,129698,134297,140368,166802,169382,181081,188638,192715,202178
4427,80511,81318,83225,87294,88839,90622,96027,102256,105331,113059,122886,131266,135907,140612,165481,167657,180885,183652,192803,201777
4428,80361,79489,83539,85907,90434,92412,96670,102920,104956,112735,122397,129327,136735,139320,165869,171017,179239,183677,224848,201756
4429,77569,79590,82375,84343,86857,90308,92675,100641,103930,111229,121536,127671,143288,140409,158303,168630,171350,183938,191213,196191
4430,78945,79313,81075,85006,90674,90209,95392,101461,103904,112338,123626,130627,136331,139649,165375,164152,175123,264933,195001,208367
4431,80908,82607,85070,86761,90409,92944,94483,99523,105199,112253,122126,130012,140000,148230,165038,168389,179804,183330,195413,202437
4432,80774,82048,82299,86175,90426,92024,96282,102784,106875,112650,122150,129385,134631,150889,159779,169452,180008,185954,190948,199513
4433,80961,82196,83943,86125,90629,89650,96055,100063,105075,113148,123621,130718,136571,141094,161963,167234,180265,185338,191673,201244
4434,77930,82137,84947,85604,88180,90182,93528,102089,105353,113692,121996,129419,135798,141189,161592,168983,178990,182535,191117,200691
4435,78440,79976,81914,84782,87525,89653,93953,100876,104226,112136,122463,127673,134414,140377,157519,167587,171391,183538,290316,196715
4436,81431,82715,83971,85779,90596,92559,94829,101017,104422,112505,124808,137639,138399,147538,165568,162638,176546,183078,212698,210684
4437,81597,80253,83675,85936,88258,92818,95067,101635,104391,113448,122164,130215,137278,140539,159362,168037,179568,176281,195892,201388
4438,81915,81558,84809,86273,90748,91742,93787,102460,104993,110782,127566,129779,137427,151545,160422,169747,180151,184637,191223,200662
4439,81169,79656,85275,83574,89836,92414,92884,101861,105039,111874,123837,130032,136450,140407,164771,166479,181436,181850,191946,200935
4440,81447,79811,84424,86405,90576,89567,94890,101974,108369,113065,124316,130173,143083,140182,165396,168243,180425,182637,190250,289578
4441,77556,79632,80703,85545,87051,89265,95754,101298,103840,113657,122733,128769,136003,140536,158851,168308,175436,182442,190588,207038
4442,77719,82164,84453,83906,88844,89863,95970,100726,104132,113046,122584,129283,136297,149957,165156,165679,178782,183416,195089,198836
4443,81051,82564,82371,86561,90129,92758,96482,99423,104378,110781,124325,130043,134721,140547,163515,167951,178556,177783,191658,201889
4444,81125,82566,85096,86857,90098,92196,93457,99689,104978,113183,123632,130004,136885,140817,161135,168181,179369,184986,191447,201384
4445,81250,81760,84825,86427,90237,92285,94022,99875,105053,113655,124290,129258,135414,140646,160396,171601,180178,185847,191572,200595
4446,80846,80380,84942,84213,87958,94502,93770,101665,105208,113135,124028,129463,135083,139636,159946,167552,178827,183629,192262,200724
4447,79036,81073,83137,85552,85331,90970,94411,100624,104446,112560,122290,127485,135581,150046,157365,167207,171195,183377,188078,195003
4448,79650,79690,82792,87078,88113,90801,93534,97961,104036,111946,122766,130724,135294,152203,162973,162074,174094,262857,192821,205054
4449,81074,78694,82858,84808,88921,90333,94740,100362,104495,114759,122564,127801,145286,154265,163518,165777,173933,181999,195329,208147
4450,80359,78928,83464,84366,89548,92293,95550,99833,103928,110941,122640,128145,145739,154992,164345,167254,177853,183255,195678,199117
4451,79067,81821,80732,86407,88948,92485,97212,101730,104283,113265,122796,127630,136302,149566,159713,167236,178316,184524,189691,199887
4452,80310,81465,83341,85563,89623,91507,96973,102940,101585,112558,122582,128509,136978,140732,158842,168112,178001,185654,189700,198578
4453,78507,80849,80995,86345,86983,91020,94135,100601,104284,111212,122067,127272,145569,148181,157659,167155,170532,186155,186646,309065
4454,79654,80334,82236,86204,88638,93360,96762,100889,104806,111271,125688,132835,137883,155348,165746,162384,181633,185259,318604,231962
4455,78793,80332,84369,86329,89108,92455,93899,103179,105137,111013,123860,130181,144010,140552,160752,168675,181461,181165,202040,203595
4456,81331,80125,85287,84229,87918,89570,96547,101444,104413,113466,123938,129386,142802,140704,161007,168653,181640,188431,192945,202018
4457,77966,79572,83264,85817,89392,92292,94267,102783,104895,113598,123360,129409,137120,140952,161272,168846,181731,183912,191826,202220
4458,78589,79912,83694,83343,90493,92185,96494,101460,105553,111399,123211,129677,133054,146887,160379,168785,180931,184219,192949,201515
4459,77742,81060,83126,85611,86563,89777,93278,100635,101887,113134,121575,127169,144103,140378,157612,168169,172946,184995,188571,195653
4460,80178,81473,83809,85739,88512,93336,95365,101620,104149,111972,122847,127863,135696,148143,162834,163436,173953,180729,194793,198826
4461,80117,78979,82380,85786,91044,93855,92559,99710,102031,112634,123410,129096,147135,147907,164628,166943,179548,174406,196168,201908
4462,80316,81034,82987,85603,90212,92635,94929,103399,104522,110898,123298,129491,137218,149463,160476,166735,179333,184526,190467,199366
4463,78228,79990,82695,86802,90398,92421,93830,101761,104946,112286,123390,129944,136666,140661,160302,167455,179852,186000,190353,200603
4464,79302,80121,83573,85696,89122,92994,94324,100108,103948,113135,127613,129642,134506,145319,160532,165677,178643,181805,191427,200203
4465,78779,79664,82758,84817,87736,90126,94179,100291,103471,112464,122285,128052,136356,149019,156696,167945,170774,177823,186564,194669
4466,79000,79146,83499,83552,87513,90460,97096,102250,108759,113584,124821,131608,138273,150456,166585,163235,183567,192013,200961,216569
4467,81427,79744,84698,84447,89542,89668,93377,102325,105549,111567,123598,130714,134884,141378,162700,175632,180222,181042,192212,202177
4468,79092,79925,84963,86915,88571,91782,96221,103163,105464,113519,123613,131441,142860,141049,162957,166903,181145,267155,193486,202589
4469,79093,80184,83432,83804,89147,89217,95644,102429,105321,112163,123576,129127,135393,141531,163093,168419,180673,187224,192469,202014
4470,79043,80226,82206,83737,87798,89864,97089,101887,105046,113459,124225,130988,142611,141202,162781,167274,180479,185426,192921,202115
4471,78743,81316,80745,84887,85558,91090,92628,98777,104408,112184,122520,128193,134323,143264,157836,168061,171895,185261,188194,196008
4472,78785,80100,82998,85028,87821,92764,94582,103037,104127,111560,123660,127359,136288,151720,162944,164248,178980,185150,195571,239681
4473,80865,79301,84666,83446,89115,91068,97378,101301,104645,112437,123751,129618,136438,147492,161352,165632,180144,175600,191220,214073
4474,78984,79519,84780,84927,90316,92139,95356,102653,104864,111367,123807,130175,145547,140749,160180,165480,180178,185209,192683,202332
4475,77938,79540,82093,85762,90488,89387,96408,100513,104814,112070,124290,130575,135045,147504,165843,165932,179647,185585,192317,201405
4476,79307,81220,83577,83487,90395,89808,96446,102630,104351,111978,123697,130545,142016,145612,161562,166296,180317,182560,191930,200521
4477,78634,79540,81208,83909,86041,90106,93689,98708,104010,111981,122304,127587,135879,140710,158937,166451,170654,183264,188228,197141
4478,79545,80255,84753,85184,90204,90828,94849,102237,103035,113113,126269,128117,136688,151338,163685,166232,179206,183747,307400,210061
4479,78803,82578,83904,83475,89143,92241,96847,101845,104266,113225,124173,130737,138087,140692,160530,166187,180025,176887,209605,201467
4480,78747,82751,85539,86258,90919,93697,95523,101679,105000,113153,123119,130800,136273,148777,159509,167644,178046,185866,197298,225143
4481,81540,82578,81579,86432,90614,92072,95405,100733,105514,111939,123609,129678,135399,153022,160357,169095,180920,186534,190471,202156
4482,80434,79393,85066,83793,90436,89459,95417,101499,104648,112576,122804,130914,142630,149249,160426,167475,179770,178773,190342,201418
4483,78942,80103,82114,83990,89899,89879,93771,99827,103481,113387,122302,128807,135741,144971,158467,166044,174060,183741,190467,198148
4484,81510,82966,84785,85935,87943,93320,93673,101458,102996,112898,121745,128678,138666,147999,163448,166858,178745,183750,190425,334461
4485,82284,82271,85011,86678,90715,89698,93245,98589,104518,113012,124230,130207,143671,147901,160555,166648,179761,177812,191490,227959
4486,80685,80826,84635,85516,88322,92371,95086,100916,104792,112828,123598,130814,135200,151476,160434,167411,180175,187017,192230,202812
4487,80783,79605,84180,87000,90528,89956,96302,101926,104740,111748,123532,130550,142288,148725,162129,170047,181598,186469,192826,201412
4488,80554,80276,84996,84249,89683,92863,93725,102343,103821,112182,122269,130902,142704,148822,159976,168884,178474,184334,191521,200875
4489,78565,79032,81061,83693,86887,91104,93629,99919,103749,112031,121958,127201,136310,148330,157384,167480,171476,264830,188421,196901
4490,78785,80529,82588,83807,87177,93184,96257,100191,103957,110500,123304,130783,134245,153420,164378,165552,174689,186845,193827,206148
4491,81440,80359,82284,84108,89729,92205,93251,99848,104430,111342,122522,128381,136403,156081,162403,165573,174062,175826,195231,198065
4492,79411,82250,82762,84827,91005,93809,96487,104744,104511,111987,122383,127628,142781,145912,165587,167323,180048,183697,196019,199991
4493,80153,82310,82769,86363,90253,92770,96802,99503,106023,110500,122779,129236,135583,151729,159162,166840,179219,184620,191530,199286
4494,81099,80234,84467,85676,90488,93048,96489,101705,104530,110509,122728,130049,144105,151260,160372,167428,179106,185504,190391,198225
4495,79420,78644,82151,83910,86006,89970,95160,100609,103360,112371,120663,127864,145709,149155,156360,166984,173239,186030,186712,195415
4496,79702,79313,85447,83591,88042,92549,94519,101715,105854,112980,126073,131891,140214,153275,167160,161213,181179,186094,196150,216218
4497,80751,82707,84715,84565,88255,91916,92646,102347,102721,112808,123412,131089,143114,139968,166456,168488,181874,180414,192695,202174
4498,82113,79683,85562,84002,88096,89443,95599,102728,104130,112725,124029,129914,143640,139683,163814,167834,181955,189245,192197,202394
4499,79775,82827,86030,84744,89078,92134,94520,99471,104697,113080,123230,130114,134998,152150,163068,168549,181794,184800,192112,202077
4500,116,117,117,117,117,117,118,118,118,118,118,118,118,118,118,168444,118,184599,118,118
4501,81238,84174,95082,127491,163429,191756,226038,270394,294409,317047,344852,376975,410149,410149,450488,118,450488,185356,450488,450488
4502,80871,81696,81807,88218,89082,94034,97444,110428,113302,124589,139453,147173,156908,170567,185641,450488,202826,118,221994,241948
4503,80904,82332,84431,86410,89540,93135,95838,101988,104803,112282,126318,132637,136892,147740,164629,200136,183928,450488,197602,212260
4504,81381,81821,85347,86074,89135,93683,96204,100994,105500,113666,122750,130582,135906,152356,160972,174255,177932,218370,191407,202270
4505,80314,81624,85182,85192,88073,92872,96019,102149,104546,112202,123152,130839,137042,152227,160782,167580,180021,186409,191191,199637
4506,80987,82009,84785,86111,90444,93073,95967,101275,104269,111961,122468,130512,137378,140114,161447,170130,178104,178522,191818,200117
4507,81080,80455,83531,84487,86894,92738,92494,99494,103176,111904,121558,127568,136234,149687,157565,167787,170341,182420,188153,194267
4508,82155,82536,85875,85740,90002,93639,96506,102193,105346,111151,126551,131498,140213,152776,167021,169032,181454,178533,198684,216605
4509,82677,79587,83652,84881,87791,92665,95055,102186,108209,111372,122772,131260,136794,140113,162956,176289,179907,176236,193241,202915
4510,82322,82196,84567,83631,89743,91407,90873,100332,108684,114110,123930,129634,135205,139866,166301,168753,179675,189606,191750,203457
4511,82240,82158,83980,83676,90154,91398,92945,102769,107707,114049,124604,129581,136122,141594,160356,171237,179619,184932,192853,203277
4512,80665,79960,85022,86159,87935,92261,93162,102163,105732,112144,124462,130904,136832,140211,161487,168285,181819,184335,193566,202909
4513,81130,81143,83621,83946,86137,91953,95831,99756,104320,112750,122058,126279,143506,149546,157227,171590,171205,184759,186423,196199
4514,81114,81353,83642,85080,90473,92368,94914,101152,103827,112901,124777,130722,136501,143764,164314,165520,176979,184805,194994,208936
4515,81192,81236,82533,86452,87679,92197,94246,103640,104436,111503,122266,129858,142873,139329,166909,167352,179034,177019,195801,201244
4516,81455,81115,82526,86581,90401,91613,98099,103455,104582,111967,122411,130292,136108,140014,160674,167377,177636,187521,192333,242206
4517,81105,81021,82743,85303,90523,93669,96960,99468,104841,111827,122909,130407,137380,147828,161348,167100,176898,186170,191854,212213
4518,80284,81301,82538,86351,89923,92759,97293,103355,104600,111182,122522,129218,145635,140276,160712,167689,178470,178202,261175,200697
4519,79653,80335,83816,86110,88009,90799,94360,100625,104673,109885,122675,127189,144800,148395,155757,167202,172941,178452,192184,195788
4520,81538,82550,84044,86394,86343,93251,95623,104115,104045,112403,124077,131623,136607,154832,164204,166037,178037,178086,195291,209923
4521,81414,81479,83361,86295,90703,92982,97292,103485,104514,111827,122685,130108,137351,140971,163943,166708,177098,175594,191481,201688
4522,81564,81598,84058,85597,89650,92437,96374,99738,103258,112051,122832,129488,135140,148610,160393,169049,179075,186499,191745,198790
4523,81306,82930,82440,86141,90892,92313,97449,102370,104183,110430,122533,131152,143568,148984,161647,168055,178610,186164,191646,201274
4524,80228,81659,84870,86186,91427,92879,97416,101245,102308,111661,122554,129794,134834,146932,161148,167780,178640,178877,191808,313021
4525,81484,79504,81354,85959,87666,89104,96422,98736,102114,112891,122063,128278,139396,150789,157799,169052,174370,287812,188203,208810
4526,80339,82469,84719,85352,90996,92453,94456,103356,104272,110901,122830,129371,136973,145276,163411,168232,178543,195111,195569,210353
4527,80412,81866,83603,83961,86924,93169,96428,102056,105438,111319,123580,129961,143175,145413,159445,165576,178437,182646,192080,201705
4528,80548,81045,82810,85876,87331,92448,96549,102046,105471,112314,123556,130491,143221,152831,159830,167137,177919,185265,191561,200476
4529,78915,81649,82967,84552,89105,93231,96862,99635,105016,113319,123843,131124,136470,149503,160134,166649,178597,187670,192317,201988
4530,80618,81275,82693,86567,90031,91889,96760,101329,104836,110420,123619,131322,143061,139723,162953,167555,177303,180489,245689,201901
4531,79141,80261,84171,85661,86567,92340,94634,98287,103822,111416,121797,128563,136086,140485,157466,168807,170882,182727,191060,195879
4532,80405,81485,81518,87009,89006,92927,95093,100990,103689,110447,123906,127686,135913,148233,163982,162874,173517,182448,194335,208041
4533,81311,81168,83556,84934,91077,92895,96073,101146,103143,110367,122262,128728,134950,140471,164727,164391,178487,177760,196847,200180
4534,81326,80940,83603,84114,90242,92761,96985,101282,104007,110614,122698,129556,134424,140918,159560,169582,178516,185273,191585,198949
4535,80608,81322,85055,86028,90591,92256,94061,101931,104066,109940,122944,128440,135984,140162,160727,168393,176979,185914,191558,198916
4536,81611,81252,83542,86295,88859,92586,96540,102087,104078,110577,122913,129097,135325,139263,162441,168935,178792,186022,191243,199151
4537,80806,80188,83494,86074,88359,92511,94063,98182,103739,111340,121565,127790,135632,147621,156186,169285,172016,178072,188900,195735
4538,80420,81893,83179,84875,91023,89654,96742,101076,105283,112239,124363,132092,140136,155426,165791,163292,178348,177751,199773,213300
4539,80218,81722,84249,85197,87988,92513,96995,102328,102713,113421,124353,131149,145983,140883,161237,167186,179967,177124,193122,201718
4540,80358,78669,85192,84321,88085,90021,94197,102621,102683,111605,123084,130876,142635,147524,162317,168742,178590,187601,193233,202321
4541,80469,82540,84772,85264,88082,92774,97295,102126,105078,110680,124390,131059,144068,140319,160760,167581,179149,182613,246776,202277
4542,80615,81099,85230,85601,91109,92322,93994,102901,102990,109887,124705,129594,144054,140335,165229,170521,179246,184008,199728,212225
4543,81102,82042,81731,86169,88254,90659,96539,99898,102473,112828,121238,127675,136489,139199,155672,166412,171003,182433,189134,196946
4544,80739,81303,83569,85773,88914,92915,94152,100408,105183,112463,122659,129420,135929,151901,165580,163656,176986,182559,194828,328259
4545,80183,81004,83653,86128,90164,92897,94121,101598,104246,113130,122901,127973,137220,148875,164605,169717,177879,176441,196109,226197
4546,80056,80980,84081,86209,90903,92729,94070,101477,102113,112411,123090,129888,136003,140656,163402,167281,177303,185056,191584,210972
4547,81758,81293,84882,84238,90715,91760,94113,100794,104408,112864,124345,130511,135238,149314,159366,169352,179942,185682,191923,201824
4548,80552,81695,84231,86989,89012,91317,96224,101140,104889,110306,122227,129025,137259,148290,160633,169200,178583,185891,191244,198236
4549,78246,79457,82813,84930,88235,91555,95794,100252,101983,112212,119988,127948,145960,147811,157768,168796,171649,191759,186533,196717
4550,80448,81700,82749,86311,89165,92210,92839,101316,101822,113383,124996,138443,139455,149630,165392,165380,185117,185472,198248,213799
4551,80681,80912,82608,85853,87020,90307,93230,102371,102561,112535,123680,130056,135312,139899,159937,175240,178034,181389,193614,201634
4552,81517,81354,84189,85925,87082,91809,95838,102287,104879,114183,123782,130947,143598,140293,160012,169924,179869,317572,193030,201137
4553,80940,81787,83551,86009,87063,92937,96838,102544,102602,113859,124030,130807,136999,140153,160384,168472,179531,196342,319389,201705
4554,78014,79026,85315,86463,90894,91825,95562,102486,104727,112454,123806,131259,142214,145816,160320,170756,180652,182223,202535,202231
4555,77980,79840,81581,84755,87595,90995,96254,100265,103779,111679,121604,127516,132227,148803,156425,168732,171572,182455,189176,195770
4556,78219,79758,84006,86010,89235,92483,95915,101477,103351,110890,122476,130111,135216,154290,163575,166040,175062,182344,192689,206297
4557,80746,81921,83999,86112,88298,92806,94370,101905,104987,112264,122932,126971,135918,154357,164521,172863,177312,175186,195783,199691
4558,80997,82359,83735,85150,87528,91216,93689,103860,105363,109699,122990,129425,134628,148246,158903,167679,177819,184624,191327,199569
4559,80993,81907,84027,85231,88175,91587,96726,101524,104257,110262,123348,128940,145510,151403,160068,166532,177751,185032,191750,200261
4560,80833,82466,84337,86847,90182,91472,94150,100866,102637,110282,121968,127994,136465,151512,158453,168577,177930,185570,190893,197958
4561,78548,80335,81353,84968,87410,91429,96657,100283,103066,111982,121506,127197,131557,147823,154694,167272,172458,185896,186072,195567
4562,81421,82337,83514,85361,89480,93098,93932,101273,104753,110469,123677,130778,136368,154099,164360,165902,181522,184624,194922,208990
4563,80946,79425,83735,86198,89865,93092,97147,100634,104148,112317,123236,129365,137193,150401,165092,173765,178306,181672,191036,199559
4564,81311,80594,81302,85582,87654,91487,93743,101110,103903,112096,122082,128810,135916,147848,164312,167069,179465,185029,191215,200126
4565,80026,80977,82607,83850,88306,92442,97629,100623,103939,112449,123111,127770,135787,149659,159194,166782,179396,185191,191237,200372
4566,79895,80410,82618,83914,88938,91628,97159,100280,102241,113180,123220,128817,135556,148180,160337,168317,179569,186034,190967,332036
4567,79687,80978,81652,83881,87197,91284,94019,99925,104090,110406,121613,127398,135137,143756,157663,166779,173782,185473,187754,219401
4568,79809,81177,82425,85785,87297,90510,94770,100324,104939,110319,124203,128710,144687,155191,165186,163128,176913,185200,194228,206056
4569,79975,80791,81533,85434,85437,92717,95946,100356,102083,115686,123752,129067,136340,155055,164675,168509,177841,182837,195574,200091
4570,79094,80355,83610,85160,89333,91027,94296,102592,103877,110501,122044,129523,144897,147329,161333,167271,178000,185222,192233,200806
4571,78313,79352,82957,85683,86694,91531,96787,101371,102812,112892,122515,129523,137596,139777,160023,169509,177930,184634,190872,199561
4572,79039,81484,84515,86550,87704,89624,96117,104046,104025,111626,122280,127050,135291,148239,160065,169634,177378,184430,190644,199027
4573,80785,79221,82536,84910,87187,91875,95712,98525,104223,112243,121149,127836,133328,147962,154398,169508,168057,180227,186654,195246
4574,78287,81378,82072,84611,86577,91373,94763,98509,101843,112054,123361,130366,135344,153584,163895,162910,173855,177711,298633,206039
4575,79870,80942,81681,83809,86920,90640,97503,99871,102749,111220,122794,128059,135327,154648,163093,171540,176783,177585,209773,208248
4576,80069,81204,82201,84220,88036,91832,95335,100395,104624,111777,121986,127019,135523,154400,163579,167976,177812,182706,194639,198934
4577,80136,80060,82503,84340,87293,91779,95539,100217,104313,110661,123386,127654,136274,154758,164451,165426,179356,184234,195389,199408
4578,79920,80145,82656,85481,88096,92720,97363,100909,105878,110534,123298,127896,141523,149455,159860,167718,176408,183680,190333,199551
4579,79165,79677,83226,83409,86800,92401,92905,99552,102433,111432,120381,127715,134411,149477,154262,166638,170990,185556,185489,196153
4580,80408,80045,84015,88055,88097,92235,94032,101990,104480,110712,124057,129046,136229,153636,164880,160189,182480,184445,197805,210598
4581,80578,80070,81753,86265,87471,91629,96590,100429,104972,112820,123055,128843,144520,148387,160067,175481,178183,177636,191892,200853
4582,79701,80237,83400,86114,87403,93363,95263,100130,103734,112230,122903,129418,136791,151432,159562,166833,178642,186281,190412,198454
4583,79006,80108,82840,86419,87025,92024,97294,101311,103544,112136,122289,128837,144254,148623,163955,166544,177713,185919,190896,200366
4584,79115,81966,81963,84325,87940,91771,93660,99827,103936,111260,122303,129593,136896,148182,163634,170075,179281,184873,189763,200112
4585,78257,80359,83169,84024,86545,89890,94383,98688,103754,112562,119801,127190,131940,143802,154663,167937,170971,182847,185016,195267
4586,79471,80616,83020,83995,86574,91438,96101,99547,103214,112473,123216,129951,142467,151792,162724,162453,179282,179068,190793,319269
4587,79620,80698,81321,85063,87112,91883,93267,98252,103389,111973,121694,130455,142776,153730,160771,171550,174436,263393,191878,219218
4588,80037,82078,83814,85334,88908,90188,96355,99759,102937,112139,122985,129192,135750,153991,155848,168651,177046,188605,192420,205977
4589,79742,81130,83402,83996,88013,92049,95117,100543,103096,109788,124222,127275,134434,145241,162738,164188,175596,182417,192949,207301
4590,79868,80490,82567,85763,88731,91699,94241,98805,103781,112197,122270,129795,137659,145121,156537,163383,176182,182016,196685,199536
4591,77261,79863,82592,84685,89904,91298,92856,98959,103220,109421,121334,127494,132581,145216,152992,166728,172509,180867,185643,196268
4592,77323,81316,80345,86029,90340,90689,96200,100882,104842,115671,124978,130406,137624,146288,157692,161422,182727,184248,195410,208852
4593,80264,81241,80547,88269,89642,92622,92720,102877,104468,112514,122787,127602,136391,151636,148257,167205,169954,177540,191256,199461
4594,83924,80780,86505,85270,89331,93290,93981,103022,104705,112497,122414,127595,136735,140593,148902,161180,178450,186901,318026,198699
4595,78708,80135,83015,86839,87814,92320,94621,102597,103835,112791,122891,128471,136482,150983,148584,167061,171219,177792,199150,199773
4596,82687,79409,80729,87709,90341,93432,96014,101535,105502,111657,123295,129322,137148,142227,152428,168163,174547,182212,193741,202078
4597,83064,79262,84034,85213,88834,90838,96266,101698,105598,113138,123689,126025,134969,139277,153455,162777,169840,180564,192879,203674
4598,82043,79846,84101,85480,86931,93049,96990,101564,104370,111043,121853,129013,134220,144246,163721,161755,171120,176389,192776,202906
4599,80645,82046,82807,86173,89287,92915,95605,101588,105141,110775,122282,125918,132743,138924,155136,164198,173179,180563,186924,192894
4600,82195,81747,83492,86057,87091,92280,97810,100191,103299,110459,122219,126872,133020,144301,159598,165309,174133,213057,189808,196608
4601,81505,81323,84447,85294,89901,92727,95260,101833,103615,111377,133281,127501,147156,152006,149132,168811,170769,179443,190787,197056
4602,81940,81495,83430,85852,90011,92646,95222,100160,103986,111428,125046,127405,145984,153326,159068,167381,176116,175044,189916,198180
4603,80465,80994,81708,86385,88254,91334,93539,100340,104148,110299,125370,130985,134662,148778,148248,162566,173200,177673,188362,195803
4604,80565,81999,82032,85358,89646,93551,95105,98812,104511,111087,124745,131308,143810,145024,158790,166260,171573,290784,187107,338565
4605,82105,82444,84110,86465,89448,91404,94316,98733,103464,113958,119956,125616,134354,145977,150618,163653,166406,22,188494,212418
4606,81114,82523,83706,83499,89508,93673,94727,98807,104802,109631,122335,129137,138537,150121,155968,163824,172442,190223,196603,213109
4607,81233,82810,83827,85526,89528,92601,94325,100315,105538,110587,122466,130373,134709,150345,155231,168048,167792,181631,191297,200113
4608,80288,82143,83690,87862,89802,93225,94582,100636,105280,110858,122225,132352,141884,150062,161393,162600,169060,171601,191667,196243
4609,81146,84090,86166,89074,89544,93461,95232,98699,103654,110227,119632,132810,138797,142964,158082,160420,168524,185555,185096,196016
4610,80072,80087,83748,88763,87608,92405,95226,98199,105263,110280,122726,128513,138474,147194,155433,161013,169976,180995,185878,195987
4611,80106,82733,83965,85940,88188,91964,94003,100079,104418,115676,122331,130445,142562,141097,158462,161162,168111,175625,189145,196878
4612,83052,82013,84137,86322,87249,93074,93921,97597,103134,109807,124914,130855,133898,149418,155515,164558,166857,181145,299415,195011
4613,80356,83039,83796,86839,87608,92257,93822,95713,104070,109764,125268,130328,135919,143454,155607,166038,172854,180790,197949,197264
4614,81726,83401,84096,86763,88966,92971,94576,96727,102573,109805,124634,130561,146204,143128,155860,163344,167662,178780,189200,195041
4615,82209,82160,83576,88021,88007,93028,94762,100975,102620,113911,126358,130919,137629,151112,156079,162331,167811,179177,189508,197951
4616,83086,80908,85268,86102,89552,94156,95393,99819,105170,115630,126531,130647,137637,151396,156434,159994,171177,179594,183050,197142
4617,80317,81557,83538,86062,88428,91723,94031,98795,104196,111022,118483,126105,132419,144198,157498,160488,258875,179982,185937,193026
4618,81559,82759,85813,83977,90001,93331,95868,99455,105961,109663,126884,135228,137056,150956,152973,160147,188625,179415,192055,332389
4619,81721,81702,82825,88086,89500,93367,95458,100314,103218,110842,126355,132508,137687,149748,158436,169392,174450,180831,190091,220639
4620,80050,80827,83521,86335,89741,93974,95357,99074,105329,113171,119367,129986,137313,140917,160907,161386,171532,238455,191359,198358
4621,80118,84373,83922,87516,90967,93092,96805,97454,105872,112118,119598,128938,136648,141329,156556,161597,174555,188725,189907,197859
4622,80473,82721,84692,90201,91677,93370,96112,99975,104104,114237,119345,130119,134864,143078,162051,161526,170576,178817,189230,198085
4623,82055,83457,83350,85696,88852,93025,94390,98555,104597,110699,121104,127474,133218,137358,153932,162700,169611,180739,188325,195405
4624,79247,83406,83787,87935,89684,92515,93977,100057,104825,111724,123774,129209,142118,143414,155996,162043,168355,177907,189780,196107
4625,81052,82416,83908,87316,89524,93014,95232,101578,105714,108793,128264,130864,134264,147802,157409,166291,170238,181616,311633,196303
4626,80149,84455,84859,87493,85599,94706,95727,98103,105421,115539,117703,130485,137611,149496,158052,161006,170614,178917,201727,194834
4627,81107,81231,86078,87158,89561,94201,94245,99050,106187,113954,119237,130491,135398,148101,158200,164025,171476,176031,192010,199011
4628,79675,83507,80339,86615,86000,91048,92728,96484,103210,113357,121453,129686,136660,143679,151420,164016,171656,217402,185886,197618
4629,74127,77269,79919,82419,82668,88135,89417,94534,100120,106561,113555,126143,126589,135202,149870,157478,169573,176353,180852,189064
4630,79320,77444,79980,83939,88075,91976,91506,96387,101076,109269,118733,124659,130101,144756,150629,159085,167072,180961,183752,190804
4631,78383,78019,80710,83427,86773,91859,92922,97020,107616,111684,119019,122851,139199,141343,150816,158103,168658,184824,184989,303540
4632,80917,78380,79353,85389,87778,90764,92111,97699,101617,112569,120160,124927,131019,144923,151144,158392,173323,175573,192136,209989
4633,78511,79750,82070,84325,87343,91194,92451,96296,104813,112480,119401,130654,130742,144654,153011,161498,173721,249231,190106,199949
4634,78407,77994,80505,85457,87575,91596,93194,97484,104846,112285,119853,125339,131673,142948,155664,160285,209598,186921,189775,201533
4635,81031,79123,80772,84329,87256,90971,91161,97492,104350,111175,119584,124086,132034,139158,152728,161688,177423,179716,188617,202972
4636,78261,79731,78988,86112,86653,91814,92071,97998,105111,111893,118505,124182,131793,136632,154578,164605,168244,179300,190993,203545
4637,78379,79530,80994,84850,88701,91307,92872,97272,104820,110310,118765,123462,131030,144092,154234,164704,168408,180884,187771,199937
4638,78771,77960,80937,85073,87562,91676,93540,101966,103321,113512,121312,129484,136852,144622,158364,161726,172664,178596,199767,214640
4639,77805,80623,78903,84846,84707,92452,92452,99353,102075,113137,121060,130996,138959,148407,156514,169509,171898,178872,195275,203041
4640,78964,77734,82707,86406,88099,90613,92067,96326,102149,111241,121564,126499,133748,145334,158042,162222,168008,178112,191730,202801
4641,76563,82801,81250,84674,88873,88647,94285,97133,102522,111475,122231,126886,139632,142738,159030,164836,284193,189309,308996,208766
4642,77036,81424,81707,84354,87778,92252,95089,99265,102272,113592,121842,126273,134603,138719,158811,162808,177801,180528,203725,199107
4643,75755,76644,80559,84834,84212,89481,91417,96549,101135,109147,119302,125885,130291,140233,156919,162903,166452,182188,186653,193793
4644,77662,80838,80080,83331,83999,92119,92256,96615,101549,112280,119536,126739,131258,145637,154922,154944,171082,257758,192898,200683
4645,76665,77500,79279,82807,86327,89233,91276,96657,101827,112326,119702,125916,131449,138033,155591,162802,172835,190420,191554,201306
4646,77359,76232,79467,80178,84027,91132,90525,97318,101959,112195,120102,124890,131148,137932,156228,165183,172710,175760,194399,200188
4647,76338,76521,82601,80729,86593,91833,90901,99558,102282,113436,120172,126713,131721,139119,156879,162076,173431,184305,194823,201711
4648,78046,78500,79091,82293,86821,89187,90427,98074,102699,113892,121106,126075,132334,140294,152999,161723,169701,185052,194422,211140
4649,76116,76869,78776,83163,85740,87948,90973,99230,100803,111334,119107,125662,130123,137499,155633,159648,170834,175845,191996,199723
4650,75253,77243,81647,80489,85896,89645,92140,97939,104403,113260,120894,126535,133648,140159,160312,160836,173874,175449,200330,344127
4651,76971,77815,79459,81526,83897,89172,91697,96224,103003,112445,121279,126967,132664,140809,157830,164733,174202,179954,192696,218506
4652,78732,78269,79568,84534,85339,93558,94549,96478,101807,109361,120928,125655,133683,149042,162534,167251,172928,177480,192792,203036
4653,76024,79113,80743,80746,88438,90091,91149,97948,102805,111937,121443,127259,132743,140332,159557,168767,171823,189235,193329,204326
4654,77914,76660,80102,81844,83725,89511,92139,98254,103129,112010,121050,127281,137467,142449,160885,162975,173925,178844,194605,206424
4655,76089,76446,80345,82106,87945,88769,94211,98877,102975,110731,119463,126690,132641,142373,158074,164682,171955,181087,193744,200102
4656,75676,77651,80561,82622,85660,90551,92885,99575,106095,112320,120610,125634,139558,139604,158777,165314,173822,215014,196557,200886
4657,77151,79267,81845,82918,85880,89616,93842,99406,103372,112198,119626,126171,134953,139830,157090,165900,174452,183087,190657,202119
4658,77248,78345,78589,80848,87403,90214,93303,99830,103615,113228,123256,126594,134945,148296,155998,165545,175000,179938,190146,199974
4659,77251,81068,79499,84558,88120,90874,92828,99243,102707,114532,121916,126830,144336,144882,158714,165894,176036,182354,191290,201529
4660,76377,78352,80312,83071,86875,90766,95309,100109,102820,113524,121981,135399,141878,149534,160269,166742,174726,184191,190393,200825
4661,76182,76572,81316,82754,85418,90253,93185,97926,103743,111454,119901,126734,135917,136979,155107,166463,170215,179423,187486,195614
4662,78053,78330,79780,84546,86471,91904,94916,99402,103865,113285,122296,126523,141195,144121,161434,163393,172574,244371,196315,201459
4663,77422,80350,81957,84621,86467,90239,94000,100224,103371,114420,122833,127397,139589,142077,158101,164755,176513,186285,191090,202137
4664,77004,79216,81613,83746,87654,92181,94995,99746,104820,111495,122214,126917,140962,138969,155217,165526,176272,175571,190559,200351
4665,78941,78085,81347,82732,87199,91211,93835,98231,101976,111879,121533,128149,141470,144952,158301,166170,175072,181645,312477,200814
4666,77292,78508,80022,82578,86865,90526,93006,98633,102427,113044,121235,126470,134849,139518,159096,168230,175461,178363,213997,201396
4667,77080,78547,80550,83327,87064,91389,92593,98484,102103,111100,119738,126154,130140,138018,155735,169173,171711,178487,187488,196169
4668,78959,78372,81854,83367,88201,92141,95800,100012,109156,113543,122484,129285,140706,151114,168217,163705,176033,178562,203454,209509
4669,79041,79058,80617,85529,87445,92094,95094,97848,109222,114039,122712,129039,139913,150024,159760,171540,174534,178230,193333,206603
4670,79800,79664,81558,85170,87122,90931,96089,100687,109577,111473,122899,128216,137986,150999,161219,162810,180350,197070,193392,206277
4671,78444,78729,82194,85035,88190,91140,95591,101179,104456,110534,123244,134097,139336,151220,162820,163138,174396,187917,192619,199520
4672,78836,79186,81922,85815,87760,90300,95734,98691,104201,112269,123006,129656,138841,152371,161296,166922,175563,182135,193227,198280
4673,78006,78718,80898,83115,86600,91398,94898,97833,107793,108593,120713,127473,131890,143331,159184,164212,177158,182018,187424,192474
4674,76904,76968,81408,83715,87147,89577,94064,99801,104945,113723,123008,126698,132946,142183,159411,159882,191422,233192,190003,334716
4675,78732,79394,78797,82241,87059,91135,92462,99242,103585,113132,122422,128137,143448,150581,157931,167658,176329,185585,191169,229098
4676,79174,79455,82908,84954,87137,90989,94526,99187,102581,113074,123024,127432,141467,139646,158347,167345,175666,177418,192227,204424
4677,77008,79675,81387,82478,85925,91290,94092,99980,102597,112958,122565,127473,135036,150125,159241,168211,178234,178486,190963,202349
4678,77414,77617,81188,82940,88454,92046,96154,99100,103342,112110,122854,127581,135160,150383,159290,168510,178500,179272,191799,201704
4679,78609,77687,81618,83437,86239,91299,94287,97875,102506,113599,120976,126511,132267,139690,159502,168461,172467,180752,188396,196750
4680,77552,77602,81264,82072,86088,91121,94876,100651,104904,113515,122770,126956,142693,151354,165665,165284,180492,179337,201757,205926
4681,76817,78435,81400,82911,87119,89197,94923,100447,104424,112331,122721,128327,141600,151940,160432,170139,177489,196045,192591,203573
4682,76427,78357,81040,82747,87108,90403,97303,100814,103446,113966,123391,128661,142595,152388,161465,168010,176273,177000,192003,204000
4683,77122,79287,81118,84280,87362,90784,95600,100252,105524,114193,123297,129317,142741,151526,159266,168817,174778,270135,191329,205480
4684,77141,78288,80497,84710,88229,91528,96096,95782,109075,111609,123244,129070,139137,151768,165397,169577,175740,186271,192554,206127
4685,78942,79571,80992,81773,87912,90036,94108,97597,101565,109013,121934,127687,135262,142201,160077,162682,169364,182614,188066,194084
4686,78408,79391,81298,83900,85625,90723,93817,99571,103063,111762,123513,129857,133490,147477,158683,161643,175424,181878,191275,200147
4687,77018,79187,81631,84494,87641,90778,94976,100131,103394,112565,123739,127678,143292,151026,162347,169540,182373,182101,192426,202637
4688,77008,78243,81838,83564,87125,89939,93816,100464,103627,116105,124302,128643,141613,153257,163464,169988,177013,177071,191401,202381
4689,76449,79647,78837,84336,85840,91590,95907,99512,106130,113649,123331,127833,142650,151909,159329,172376,176078,179279,190831,202478
4690,76808,78630,82784,84286,85672,90303,94583,99630,103939,110729,124461,127867,140998,152072,160602,170769,172381,180422,296464,202841
4691,78912,78873,82202,81521,87005,90723,93619,97953,107993,112547,122939,126878,138822,147379,159885,169750,186279,182656,196348,197375
4692,76800,79718,81525,82597,87565,90536,96912,100352,104065,113097,122760,128603,134734,152233,159654,165226,176917,182781,200907,204706
4693,76536,78136,78896,82903,87511,90850,93837,99946,104516,112629,123699,129067,134010,151384,159502,169403,176748,182484,193421,201203
4694,78869,79703,79333,84127,87294,92113,94422,100426,104240,112679,121291,128717,134605,150690,158859,169110,178480,177291,193450,201921
4695,77510,78510,81065,84117,87344,90571,94430,99428,103600,112876,121100,127509,144042,151832,159068,167554,177123,181231,190808,202721
4696,76564,79305,81359,83365,87537,91131,94272,100250,104088,112944,121993,128465,142290,149956,159549,169564,177738,182555,190898,202151
4697,76295,78335,82396,83060,87264,93212,96559,99839,104437,111976,121506,127003,141151,149675,158933,171019,171925,180531,188982,201385
4698,77334,78695,81676,84452,86901,91792,94695,99494,103848,112119,122233,128466,134838,147784,162541,167132,175185,293299,192353,318532
4699,76570,79355,82406,86838,88502,91654,95336,98866,104117,114185,122655,127991,143552,152700,163714,168599,171469,185933,191553,221139
4700,78629,80757,80846,85043,87310,90202,95600,100103,104037,111185,123555,133468,142006,153056,163006,168417,248823,179399,191434,204670
4701,77544,79370,81053,85871,88304,92684,94562,100799,104224,111755,126036,129259,142586,151175,163088,165429,177414,182160,191180,205851
4702,76594,78597,81077,84881,87839,90743,94880,99661,103861,111984,124345,134249,136752,141714,163975,165508,174588,183415,191347,204722
4703,79140,77569,81031,84989,87924,91126,95129,97822,103548,109978,120950,125105,138980,146296,155868,165396,171064,182562,185776,197833
4704,78794,78390,81156,82916,86963,89522,94044,100289,103938,111762,121567,128638,143286,148741,158660,162910,177537,182367,190849,203464
4705,77116,80603,80579,82420,87680,90600,94150,100502,103165,113112,121846,130070,143564,151865,158651,167483,176776,181990,191567,200961
4706,76193,80675,79580,84344,87680,92298,95241,100143,105079,112496,123510,128926,139847,152533,159458,169249,177808,175772,192203,203212
4707,78187,79729,80604,85957,88105,92254,96097,97330,102860,112234,123963,127941,140594,152092,160637,169459,175008,182571,199751,204218
4708,76761,78466,81031,85346,87868,91591,97334,100039,106162,111275,121499,129063,139708,150474,160709,168709,175060,179754,192431,203855
4709,77206,80096,81117,81538,87526,90906,92413,97717,101410,109810,121047,125375,131844,145320,156266,161768,170426,183301,273297,198094
4710,75886,79123,81240,83732,87545,91344,95031,101289,104739,113928,121119,127038,138799,151022,161265,163261,183107,181053,220745,210238
4711,76575,78956,81568,84421,87906,91298,95285,98654,103375,112795,122224,129475,137769,151022,165467,170943,171642,182114,194563,206802
4712,78316,78931,81457,84567,86480,89890,95085,101843,102400,111572,120872,129893,139635,142070,162265,166683,174901,176556,191866,199288
4713,76970,79095,79631,84408,86571,91073,94783,101095,102603,111611,122371,133707,139972,147632,162652,166497,174934,185934,193149,200218
4714,76501,80335,82039,84555,87793,92092,94050,98252,102537,111820,124298,133580,141769,152823,162528,167962,175842,184379,192428,200367
4715,77966,79636,81123,83184,86879,91046,95258,97912,104671,109380,121075,126382,132565,151334,160898,166968,172469,182176,188839,195891
4716,78574,80031,81054,83665,86406,90305,95633,98723,103443,112868,121302,126849,141586,147560,159231,161224,180142,182132,190579,201125
4717,77137,79639,81456,84695,87463,91553,95543,98846,102896,112236,121092,134631,142893,151121,159729,168957,176928,236226,192530,202634
4718,76364,78910,81220,84776,87294,92021,93115,101024,106051,112948,123415,128808,141703,152827,158446,170127,177660,178740,191264,203065
4719,77202,79262,81166,84349,86125,92385,95013,101353,106358,112817,123085,128285,139609,151697,158961,168845,171620,181668,191537,203524
4720,76738,80165,81625,84924,87512,92133,96352,99211,106459,111671,123215,127820,134473,153172,157711,169991,170458,180414,191056,204270
4721,79330,77659,80431,81441,87690,90834,92181,98220,102196,116845,121568,125566,132605,146368,156066,170167,170671,184402,186383,235348
4722,77705,79474,79089,84428,85928,90700,91781,101108,103288,113115,124843,135678,143478,154226,161046,165377,178052,182673,193613,220464
4723,78767,78883,82375,83839,87907,91757,95885,99413,105771,114996,123581,128928,135150,152350,160546,170630,171551,181366,191956,205699
4724,79246,78936,81357,85031,86135,91476,94552,100240,103857,112061,126644,133057,143392,151068,164011,167195,174619,179288,193506,207564
4725,77680,80492,81582,85155,87723,92870,93591,98926,103238,111742,126876,129317,139813,151636,163308,167518,174939,186294,193703,198902
4726,77307,81921,81374,85331,88907,92089,93832,98440,106747,111866,126763,133059,140042,151571,163025,165318,175317,183429,193329,199959
4727,77771,79425,82798,82539,86586,91081,95071,98051,102415,113551,121487,128573,140243,150385,158180,166289,171657,253303,241816,196897
4728,75715,78357,81026,84292,87672,90664,95637,102167,103149,113815,123692,134310,145326,150554,159049,163572,177789,186244,202939,201310
4729,78416,79324,81563,85444,86962,91989,94516,101476,103608,112004,126317,133499,134204,151802,160166,169013,179199,182516,193227,271060
4730,78789,79354,80027,84316,87910,90298,94565,101194,102545,110742,126335,133154,142676,150343,163408,170607,175019,177932,190622,206504
4731,78397,79701,81535,85531,87906,89139,94706,98465,102379,113530,123020,134830,134795,150184,163135,162394,172607,178533,192015,204372
4732,78468,80003,81028,84644,87606,91252,97346,101593,104839,112249,126751,132134,133189,150381,163455,165973,175526,184706,191182,204593
4733,77986,77396,81033,82984,87058,90187,94120,98336,103055,109097,122049,125870,142513,147367,158151,166457,169664,183027,187123,197301
4734,78356,78518,81623,84574,87091,91138,95639,100504,102957,114971,122034,127871,146004,151299,159398,159382,245438,183277,192223,205799
4735,77004,80199,79309,84548,85983,91002,96816,101606,104469,112176,123588,127893,142403,151055,158759,168397,181560,183666,190195,202992
4736,76041,79646,81522,84812,87408,90839,96739,99706,103171,112368,123609,130196,134509,151228,159098,169030,177395,177286,247453,202886
4737,78338,77850,81206,84682,87708,91842,96185,99117,103821,113320,126917,128073,144793,151811,158287,169919,170516,185757,202345,203353
4738,76494,78216,81539,84157,87473,91073,96068,100307,101688,110374,124395,129028,134103,153208,163262,169066,170992,179946,192809,204444
4739,76522,77862,79304,82232,87071,90599,95727,97460,105122,115593,122792,129679,144033,150433,159372,170126,171143,180992,189203,201641
4740,77378,78070,81870,85410,87164,91495,94863,99417,105747,112891,123218,133610,133919,152320,160158,166485,177445,247663,192950,202812
4741,76456,79452,81523,87756,88184,90581,96332,101644,106202,113757,122720,130080,132962,152054,160454,170548,175657,188768,191821,204966
4742,79189,79335,81352,84021,88487,91151,93398,99128,105694,111707,122696,132771,135578,150755,165967,170673,174580,180476,193452,207175
4743,78937,78596,80324,84705,88235,91381,97426,96817,102906,111256,122889,129466,134037,150896,161695,167393,173116,182468,193304,206997
4744,79206,78417,81660,84746,88586,92122,97326,98689,102629,111696,123380,132750,143649,150936,163388,162683,172745,181413,192234,216455
4745,78008,78932,80928,82705,86517,90975,96019,99443,103702,110590,121391,126824,133463,138570,159377,163539,168199,182231,187688,198071
4746,76494,79323,81416,83245,87513,89794,94379,102017,103595,112410,123797,130655,134310,151322,159351,162256,179686,181449,192564,289954
4747,76445,78376,81406,82240,87604,90561,96365,102177,105510,112583,124950,128623,142449,151549,160282,168949,177676,181168,291372,216158
4748,76246,79776,81391,84380,87366,91761,95645,100035,102378,110729,124616,133415,142506,150040,158034,168905,178821,178070,205615,204223
4749,76584,79941,80882,84637,86474,92050,96304,99403,103178,111769,126831,129417,134104,150719,161896,169761,176010,181030,193884,204952
4750,76559,79359,81201,84552,88061,89951,96942,99269,103601,112166,126572,133894,135178,149760,165065,169308,172516,180259,191608,205572
4751,78245,80101,81098,82441,85775,90198,95552,99844,104753,109851,121970,127062,133197,143827,158364,167602,169022,199072,187160,198319
4752,78477,80928,84204,85112,88518,91490,93476,99924,104688,113494,123434,134019,134654,150272,162254,159933,180434,183186,195825,210604
4753,78560,78512,83630,84285,86628,91430,97552,99121,102526,111829,124258,133491,134082,150072,162815,173844,174819,182596,193191,199064
4754,78756,77976,83755,84026,87986,92612,92975,99451,103050,112198,124278,132971,142676,150990,163671,163891,175375,177534,192283,199852
4755,77168,78304,83777,87582,86400,92096,94136,99361,102895,110993,126979,134366,142084,150683,161637,164138,174744,303663,193899,199450
4756,77159,77948,84425,82934,86943,92758,93255,98940,109828,111872,123535,134732,134597,143577,163516,164450,175046,190418,192773,199829
4757,76283,78044,80796,83062,87099,89999,96303,96578,105026,110715,120977,130731,134437,147812,159053,169931,170196,183928,185659,196588
4758,76513,78232,81970,84007,86769,89540,93637,98479,103493,112574,125953,134131,145858,150687,158296,160995,177420,183440,191881,200860
4759,77454,78049,81134,84254,86686,90888,93806,98607,101394,113497,123596,129214,135171,152375,159442,168325,178753,183788,193259,203470
4760,77794,80224,80616,84278,86709,90257,92346,98309,104729,114300,122878,130279,134718,149196,160333,171067,173723,178851,191223,204119
4761,78648,79965,81109,83384,87141,91225,96593,99434,105088,111395,122770,130251,145519,149639,160224,168625,173784,181191,191405,203571
4762,77976,80634,81616,84382,87979,91196,96814,97553,102508,111869,123815,130366,133829,152104,160761,166909,171611,181425,190869,203447
4763,76634,77769,78824,83708,87944,91581,94385,98752,105206,115679,124194,128904,135085,152360,159043,161731,172389,182219,190869,312130
4764,75944,77969,81503,84094,87426,90099,92966,100213,103859,113395,124347,132958,141264,151652,159282,164417,267851,182924,192973,220175
4765,77677,78195,80169,83553,87743,89999,95350,97884,101405,110027,121749,125192,134786,143948,156300,166586,177625,184216,185864,195882
4766,76806,80516,81221,84571,88543,92119,96294,101910,108278,115334,123701,128493,134712,148067,161276,162134,178757,180753,330242,209683
4767,75987,78586,81066,84846,88150,91703,94758,98299,105164,112382,122966,131034,142189,153762,161241,171536,177457,181900,206285,207287
4768,78008,78596,80201,84158,88180,91573,97255,99671,102288,112649,124192,129256,134517,153897,161330,162558,175103,177297,191067,199250
4769,77609,78929,80342,85668,87435,91370,97742,98382,104577,111453,124094,129229,141799,150646,162034,163255,176295,186764,192939,199515
4770,77231,79534,80499,85664,87954,92475,94471,99798,106650,111546,123541,135226,139473,150798,164224,163571,176361,182771,194104,199050
4771,77834,79758,81624,83382,86257,92455,93696,100857,105194,111624,122654,127606,142857,150954,160062,163985,175241,181378,190884,197359
4772,77684,78306,80057,85788,86506,92899,96304,100080,105049,113083,123062,133080,141733,151171,158906,161783,177654,181690,189894,201378
4773,76773,78236,79245,83823,86888,92997,96549,101374,103867,115165,123567,130283,144263,148225,159230,170730,177041,184107,191794,201423
4774,77454,78164,80321,85136,87408,93036,94600,101382,104271,112936,123963,130213,145206,149674,159365,168714,177986,179826,191680,202183
4775,77556,79350,82481,85115,87329,91706,95198,100284,104703,112809,123576,128473,139479,148091,159316,169503,178487,181236,192605,202530
4776,77519,79091,82946,84146,88669,93052,95438,101476,105039,112961,124462,128740,134460,152576,160299,169098,177928,180353,191218,203571
4777,77590,78881,81059,81730,87935,89065,95771,99287,104209,109699,122153,125818,140191,145358,153576,170139,167928,180279,186524,198300
4778,76532,78687,81537,85594,87577,91746,97427,102967,107388,118415,124643,131394,136888,142912,161972,164355,177627,293140,195971,212099
4779,79189,78795,82109,84152,88114,92432,97221,101790,105437,111087,124359,133977,140501,143519,162486,172128,175127,187697,193676,200003
4780,79077,77552,82273,83859,87874,92542,97342,101990,105508,111355,124707,129823,139562,142949,165419,163675,175084,178913,193555,199643
4781,78762,78632,81265,83976,89423,91697,97458,101543,110921,112367,122040,128771,139780,145021,165905,169039,176956,185293,193674,200389
4782,77002,77714,80794,84438,87494,91340,94478,98891,111175,112237,122027,132292,140882,143176,166083,165597,175467,182638,189989,238760
4783,78621,80403,81335,84426,86677,92243,97240,97493,105449,112691,122865,127442,145476,150716,159862,168732,175393,183578,187839,203676
4784,77883,77701,82073,84170,86391,90385,97239,97788,102204,111599,123182,128137,141250,148391,159719,162985,177525,185057,190946,201981
4785,77691,79326,81840,84149,86530,92114,95614,101649,102332,111718,124727,128685,133933,152696,159165,167914,177578,183753,192692,202873
4786,77807,79680,81836,84514,86512,89700,92963,99271,105298,115361,124970,130483,137749,151240,159188,170075,172655,178938,190817,202930
4787,77979,78430,81276,84421,85650,91872,94846,101109,105947,114334,124472,128453,139174,153738,158391,169907,176419,181909,190725,204109
4788,79339,78088,80681,87675,88404,91699,94531,101869,103927,111961,126203,135015,142351,150556,162985,168287,176414,180129,191027,205600
4789,79041,77859,80927,84930,88964,88977,96345,98866,103294,110556,122161,125898,141662,147103,155659,170138,171554,181195,273727,198025
4790,76012,78977,81626,85756,86442,92528,96588,102901,109239,113521,123803,127614,135190,150696,159789,159286,181171,179899,217578,349795
4791,77662,80388,80330,85143,87607,90119,96493,97508,104826,112404,123614,128612,133643,150213,160628,172162,174687,183187,194199,222227
4792,78798,79955,83148,84105,88082,91672,94324,100965,104369,115374,122856,129819,140697,150658,161111,168816,175174,176925,191245,205253
4793,78607,81256,82045,85234,88214,91692,97302,101646,104429,110934,122022,130149,134820,150365,160037,169070,174995,183642,190786,204977
4794,77261,78834,80591,85516,88752,92337,95437,101622,105836,112872,123986,129660,135360,152235,160812,162153,174949,181960,190524,205668
4795,77624,80210,79852,84200,85875,91765,92948,101018,105263,111213,122734,128586,138496,151763,160401,162983,174633,181410,190673,202652
4796,76726,77722,81314,85636,88290,92063,97386,101621,105000,116205,124804,128934,134852,151601,158696,166523,179506,181834,191921,203544
4797,76690,79504,81748,85130,88190,92039,96331,102361,104939,114855,125476,135158,141423,152876,164488,171347,177006,182055,191085,205357
4798,77533,79610,81659,84914,88123,91703,96717,102621,103197,111376,122249,135484,139968,150860,163208,169992,173964,267187,193714,206535
4799,77324,79552,81333,84736,86057,91585,97029,101335,105596,111937,121933,133232,140500,153045,163384,165285,174803,186895,193317,199070
4800,116,117,117,117,117,117,118,118,118,118,118,118,118,118,118,166460,118,184877,118,118
4801,76944,80158,93755,121610,154795,183040,214483,255585,277522,298363,324189,353301,383298,383298,420307,118,420307,183005,420307,420307
4802,77493,77749,81773,82665,87406,91427,99951,103199,114362,123319,132116,144253,164093,178366,194008,420307,212145,183134,230898,267164
4803,76659,78948,81409,84352,86584,91522,93198,102179,104990,113594,124159,128253,135071,156596,164667,195443,179678,118,202733,220412
4804,76526,78313,80229,84442,87193,92310,96440,98073,105029,112691,124412,130145,132938,150373,160025,168536,174041,420307,193715,203957
4805,76381,77282,80539,84618,88053,91850,96640,98597,104335,112324,124527,130389,133110,152896,163148,169434,174991,214130,191287,204818
4806,75914,77587,80763,85600,86484,91916,93711,102097,105372,112222,124510,129931,139084,151064,161424,163027,175098,185543,191985,207298
4807,78814,79209,82105,83591,86524,90327,95938,98217,105175,111681,126185,130086,133965,143036,162063,163560,171913,183112,187949,196904
4808,76436,79540,80982,85033,88492,92294,96179,102096,107833,114724,123468,130390,140113,151584,164632,160372,178516,183718,196310,209019
4809,77558,77281,81750,84373,87115,92084,92925,102164,111215,114868,124174,128150,143352,151717,163880,172309,175685,182484,193453,199129
4810,77828,78408,81127,84596,87981,91948,97590,99143,110090,113550,123117,129278,140602,151736,164722,167272,176174,177716,193725,199251
4811,77636,76977,80671,83997,87324,92081,97172,101535,111602,110618,122166,129150,142625,152020,163927,168162,177734,183905,193420,199737
4812,77635,78362,81329,84996,87494,91368,96222,102945,105231,112129,123038,129008,141547,153229,165200,167280,177704,183085,194106,199390
4813,76416,77312,79197,82953,86051,91109,96536,96766,104215,112098,121252,125647,144676,139570,159875,169056,169398,183723,186885,196085
4814,76732,77427,81694,83094,86179,91247,93364,100625,104810,112519,122570,129243,141990,139831,159916,165836,176761,183168,191747,201368
4815,76293,78590,81567,83718,85536,91127,93357,101692,105379,115417,123533,129977,139515,150947,159744,168837,177856,183782,316637,316637
4816,76337,77335,81187,83721,87810,92254,97091,101811,104891,114117,123670,129539,143108,150133,159532,169001,178300,179208,216927,221273
4817,77612,77745,80364,84643,87266,91310,93751,101443,104366,110772,123722,128286,133976,152536,160046,169893,175274,179443,192466,203854
4818,77535,77852,80491,87645,87267,92179,97676,101997,104893,111356,121740,128281,141241,153018,162015,168445,175446,179811,191290,205007
4819,77328,77252,80241,83427,85912,90003,96306,96944,102532,109552,120804,126268,140492,145340,157944,169935,170021,210825,187496,196989
4820,77520,78681,80625,84792,88415,92036,96122,103265,107252,115973,122846,130114,143593,151522,164268,160506,178742,184227,195409,213142
4821,78283,78648,82196,85676,88656,91984,97244,98115,106377,110965,122045,129724,141782,151652,163006,170719,176298,181269,192767,199643
4822,77830,78751,80200,85971,88594,92178,96542,102152,105151,111749,122261,133036,141231,151447,162723,163708,175139,175504,193329,199007
4823,78182,80190,82220,84545,88559,92121,96901,101117,109616,111390,122731,132798,141567,151036,163477,164119,174794,183685,194123,199783
4824,76569,80173,84066,86410,87432,92520,96987,99060,109726,112159,121988,130044,140326,141521,165667,168393,175100,253729,194638,200200
4825,76407,78584,82786,83875,86586,91035,96580,100599,105035,113052,121265,133869,141674,139623,156592,169126,171661,187294,184339,195963
4826,77999,79460,81775,83019,86727,92021,94559,100330,106539,112210,122639,130103,134965,149689,159562,159941,175628,183972,191063,201202
4827,76565,77313,79515,84134,87080,90406,95486,101979,105329,113440,123411,129015,139437,148419,158424,171881,176360,184819,191988,202354
4828,76080,79177,79914,83187,86444,90565,93677,101206,104326,115123,123904,127469,139819,149370,157803,168362,178260,177806,192260,202856
4829,78279,78818,81209,84161,86929,91502,94959,102670,105049,112924,124535,129326,139999,150372,160495,169294,173717,178471,191030,203316
4830,77770,79115,81338,83621,87267,89986,93877,101611,104235,112289,123343,128982,139860,153118,160805,167805,174703,181340,191526,205314
4831,78812,78702,80892,82770,86598,92312,95428,98830,103083,109840,121169,127371,134477,142417,155687,170275,172223,180946,186889,197896
4832,78435,78622,79154,82791,86573,91137,95914,102355,105801,115039,123615,126854,144878,150721,157357,161700,176565,182450,191163,205535
4833,76638,79514,79520,83077,86681,91227,96563,101571,105611,115821,123924,130081,140306,151140,159873,169568,173462,181699,190650,202624
4834,77424,78729,79152,83815,86181,91077,94054,102274,106295,113637,123617,129389,133024,150851,160403,168041,173871,178590,191580,203314
4835,77375,78788,82033,83357,86535,90979,93807,101669,106589,113693,124330,129786,138919,152035,159845,168198,174692,179662,189060,203105
4836,78768,78601,79402,85501,87929,91105,96716,101822,108648,116021,123263,129381,140262,152192,162120,167746,173783,247625,190643,213688
4837,77171,78217,79003,83313,86710,91449,96702,98899,105424,115079,122287,127743,141281,149497,159372,169016,171557,188150,207623,202003
4838,77127,76980,81607,82866,85113,91333,93134,101802,105205,112943,123817,127914,142260,150928,160256,166472,177886,180195,192185,248491
4839,75899,77824,81606,85307,86763,91927,95069,102116,105900,115414,123477,130328,139796,150721,160920,170158,178252,181875,192895,206837
4840,78630,78829,82034,84489,88484,92146,92882,102259,105510,113130,124132,130011,139530,150707,161026,167946,177761,180499,251437,204693
4841,77081,79836,82019,84828,88484,92082,93055,97884,104197,112335,124178,128338,132706,150744,162553,168205,175054,180031,203241,204335
4842,76073,77815,81456,85690,86417,91069,95782,101029,105323,116073,122406,129994,140679,150950,162759,163310,174686,180573,192211,206551
4843,77506,78326,80174,82331,88381,91590,96211,98231,105562,110843,121683,126680,142616,147382,155689,162822,172902,181206,188414,196023
4844,78335,80576,81841,85406,87021,92732,97080,102098,106382,112972,123285,127787,144321,151025,159038,161922,177546,180928,191895,201177
4845,77280,78372,79111,82198,88277,92921,96344,101345,105697,115967,123840,127901,141947,151150,160809,171410,176447,181273,191070,201909
4846,77314,78139,82405,84930,87877,90927,97168,102827,106220,113621,123822,128061,139578,151100,161968,172136,178236,177502,192193,202498
4847,78540,78828,81689,85612,87531,90519,96241,102029,104726,116171,124375,128719,138629,149285,159716,170295,176349,288661,190932,319234
4848,77202,77310,81548,83370,89375,92708,95748,101658,110873,113403,123383,130214,140096,150685,164268,169927,173906,198916,192839,223308
4849,78631,77603,80767,81604,88917,90021,94093,99061,104611,113572,121896,125320,133919,146459,156487,170518,171839,180732,186836,197747
4850,78213,81554,80953,85868,88249,93731,94599,102374,112040,114663,123124,128140,145986,150750,163498,161124,181442,182231,195089,211594
4851,77171,79523,79933,84587,88034,90970,94843,101304,108978,111775,123465,129557,142901,150947,164103,171653,175760,182571,278716,198470
4852,76158,82207,80335,85031,89565,92322,94892,101663,109849,112031,122531,129084,141119,150961,163765,165078,175502,178395,205959,199516
4853,79758,78300,80877,86179,88012,91943,93064,101231,109471,111494,122225,130384,134685,150627,164122,169029,177129,183087,192211,199381
4854,75846,78036,81199,85767,87965,90970,93189,101002,109693,111812,122248,134983,134661,151138,163267,165301,175265,181648,193229,199488
4855,77175,78513,81705,82490,86991,91501,96742,100756,104469,115215,121460,130540,141729,148094,159279,165215,171764,182428,190431,195794
4856,77038,77642,79560,83027,87504,91950,92064,101663,110735,114085,122511,127190,144609,150408,162777,162436,176728,182051,191192,200322
4857,77489,78729,81187,83337,87854,92137,94435,101036,106917,114546,123824,127162,134935,151254,163135,168996,178311,183430,191704,202050
4858,77412,78140,80847,84381,87833,91059,95953,101833,104925,113740,123501,130677,143105,152154,159408,171603,178749,180120,191421,202303
4859,77840,79628,81465,84876,88205,92257,96475,102066,105365,115442,124146,128903,132542,149820,157986,169584,180120,180614,191636,202817
4860,78372,79157,81822,83879,87511,92405,96394,101223,105848,112408,123201,133412,141002,150470,165061,168525,175659,180657,191946,204042
4861,80313,78573,81363,83712,87327,92096,95707,99612,103480,109468,119208,126868,132757,145115,156021,168918,169853,181122,185497,196529
4862,77594,81492,80656,85266,88296,92996,96879,101980,108381,114951,122632,129145,145063,151139,164185,161193,177257,181355,194410,211393
4863,77879,80572,81865,88053,89556,91283,93136,100417,105327,110858,122750,129497,140159,151305,163304,170937,174257,180327,192725,206458
4864,77557,80888,81575,86068,87052,91722,96124,100681,109544,111715,122538,129497,140144,151479,162076,163372,174773,177765,192594,199676
4865,76350,77892,84557,82775,88546,91944,96728,101214,105188,111957,122193,129785,140552,151399,163871,166374,174356,186755,192756,200109
4866,76695,80239,83021,83869,87268,92917,95696,100953,110813,111394,121754,130028,141011,150790,164668,163312,175292,183523,193840,200281
4867,77623,77643,81982,82848,87625,92332,95516,99167,104406,110838,121884,127559,141711,146462,157372,165708,204879,183470,189761,201124
4868,80084,80986,81322,82994,88104,92614,97030,100837,105873,114044,123563,128446,142598,148049,159203,158795,179177,278241,316122,316122
4869,77229,79412,81339,85133,88953,90391,96536,100672,105815,112511,123348,127727,133680,151365,159196,168389,178921,194030,217164,220864
4870,79057,78618,81218,85036,89340,90564,96476,98797,104320,113357,123695,128425,134580,153294,158843,167782,173674,178603,192788,203575
4871,78721,79290,78569,85245,88288,90836,94857,97583,104674,113343,123618,129486,133824,148888,160303,169532,172636,181273,192354,203322
4872,77314,80448,80284,84361,89342,92192,97266,98149,104650,112222,123913,128811,143170,149956,162905,169600,175708,181663,191861,203555
4873,75894,77691,82177,81464,87932,90678,96388,98827,103156,109650,121988,130824,134703,148452,160607,169735,168326,182552,187070,197871
4874,77460,79427,81828,83032,87037,91590,94184,102841,108284,113491,123733,127236,134541,151011,160085,163866,177887,181439,192183,206054
4875,75926,80019,81313,83218,88514,92711,94652,101129,104499,114265,123439,130046,144353,151220,159991,168860,179270,181329,191297,202213
4876,78023,77968,81697,83276,89124,92250,94820,101279,104495,113743,123478,130399,142870,152810,162429,169386,179189,175906,192537,202920
4877,78353,80185,81321,84523,88001,90547,93049,101219,104225,113104,123834,129794,133938,152302,158840,170294,174084,180690,190956,202912
4878,77292,79079,81481,84055,88534,92955,93907,101746,104494,114095,123120,129787,141257,151097,162664,168397,175906,179818,193112,206040
4879,77257,79761,79070,83918,88521,91200,96568,99439,104089,114003,123069,128181,133436,151110,159916,171457,174640,181266,191479,202584
4880,79815,77906,81677,83089,87401,91632,96756,100524,105334,112994,122805,128544,141901,150822,159904,166235,179563,181311,191359,202027
4881,77350,79103,81396,83505,88436,92874,94746,101734,105687,114257,123429,128485,133592,151191,158147,167789,179622,181548,192468,203218
4882,78416,79517,81701,83779,88030,91239,97139,101245,103415,112806,123520,128823,134102,152223,159920,166408,177446,179806,190456,203370
4883,77698,79740,80456,85486,89046,92361,96771,99540,104730,112301,123370,129458,133659,150865,159879,167986,173211,181599,192484,204487
4884,77749,80359,83215,84989,87250,93220,97015,99067,103366,112729,123643,128840,135373,152290,164398,169071,174820,228335,192878,206384
4885,77751,78803,78551,82138,86363,91039,95727,98127,102744,110665,121730,125352,134351,147172,155645,163553,171691,187440,187263,194288
4886,79460,77030,82126,83432,88071,92557,93054,100772,104497,111571,122193,128654,144921,150789,160655,160814,175645,182753,192146,200838
4887,79125,78712,82276,83329,86518,91255,93969,101671,103767,116404,122662,127417,135392,151321,161093,169500,176801,184016,192628,202131
4888,78210,78179,80379,84099,84664,91479,94648,102149,104629,115232,123155,127935,142756,151587,160961,168250,178778,178303,191561,202613
4889,78188,79087,81390,83400,89010,92539,96385,102457,104543,113645,123429,127560,133893,150723,161137,168902,178163,178430,190116,203064
4890,79238,81293,80392,86706,89274,93415,93793,101326,105638,112533,123814,130182,140972,153790,160563,167677,173865,180184,191627,214799
4891,78849,78985,81736,83074,87815,91528,93057,98417,104815,110210,120967,126477,132140,143134,158107,170752,172211,180920,279434,198767
4892,78783,79218,81708,83875,89869,93042,97550,101416,107195,115069,122880,128361,145704,154133,163304,160633,252516,228389,221086,360153
4893,78970,79701,80524,84754,89534,92111,93711,100299,104551,112219,122459,129374,141777,151036,164090,171392,177343,186301,193895,222253
4894,78055,79855,81022,85833,88010,91476,93359,98991,103246,112727,123895,129054,141331,151569,164052,165816,173238,177478,191805,207026
4895,78266,80212,81400,84734,89527,92300,95932,96912,102548,112385,122454,128823,141639,151385,164503,165847,173407,183078,191671,200214
4896,78455,77040,81475,85241,88164,92121,97574,97214,107609,111450,123252,130450,142260,153380,164916,165962,174408,181982,191954,200254
4897,77330,78560,78812,84249,86956,91491,95155,98356,104816,114965,121095,127198,140776,147225,160727,167065,170993,182625,189444,197466
4898,79729,78834,80215,83172,88379,92369,91372,100383,104109,115958,121858,128240,135313,148929,159138,160391,176057,182536,191447,201506
4899,79060,79313,82194,83947,86627,92370,96505,101413,104916,114700,123286,127690,145099,149258,159359,168131,177100,183285,192634,202048
4900,77637,79801,81638,83350,88261,92610,93880,100040,104336,113091,123094,128103,133666,150265,162271,169270,177848,178673,192849,202933
4901,79503,78148,80433,84942,88790,93269,96027,102219,104878,113461,122553,128215,133793,151228,159018,168275,178123,289472,191418,203866
4902,79829,80060,80728,84308,88470,91383,95083,97897,102894,111473,123061,129947,141907,150399,160984,168052,175673,199089,190530,204929
4903,75850,79188,81771,82789,88133,90450,94806,97660,101616,108977,120366,125168,134550,146988,154759,168995,169228,180926,187251,197539
4904,77892,79773,81080,86014,87491,91515,95367,102021,109199,114958,121268,129490,139593,151214,163813,160111,179053,182266,193902,210670
4905,79032,80165,80925,86668,89250,92935,95340,100780,104172,111321,122621,129294,142163,151265,164948,168582,174006,181744,192057,206248
4906,77642,80196,81346,85592,87861,91374,95807,100944,104746,111883,122627,128988,142246,151216,163445,166274,175089,178226,192665,199294
4907,79045,80297,80747,87137,88039,91082,96263,99067,104773,111788,122723,130289,143285,151921,165091,165911,173590,184691,192520,199618
4908,79055,77893,81454,85927,88522,91651,92577,99220,103926,111894,122543,129605,140445,153332,163387,163365,176083,183289,193941,199718
4909,77638,80571,79261,83411,88421,90893,96883,99437,104183,111644,122161,127174,140530,147522,158270,168858,172039,183903,188915,197805
4910,78719,78344,82143,83702,87394,92487,94434,98802,105002,112797,122138,127978,143758,148192,157883,165041,177325,183986,311175,202413
4911,79650,80695,80556,83492,89067,92028,96658,99391,104116,114362,123910,129055,144643,151325,160249,166639,177701,182630,214905,203023
4912,79195,79841,80796,84296,87476,91769,95840,101567,104045,113098,123056,127718,141353,152373,160867,169367,177818,178787,192587,203353
4913,77278,80815,81067,84592,89470,91804,94008,101829,104722,110914,123142,131506,133907,152522,159114,169088,178586,180310,191152,204044
4914,78932,77318,80555,83534,87956,92281,93347,102162,104263,116206,123487,128653,140560,150245,159014,168101,173237,180726,190591,205527
4915,76087,78390,81005,83404,86727,90331,95941,99557,102990,108604,121068,125341,133516,138261,154784,169540,168974,182239,187879,197858
4916,77375,78901,80044,83502,88395,91976,96205,101975,102731,114765,123342,129676,133880,150093,159237,159901,179916,182587,190646,205663
4917,79109,79419,81132,83276,88371,90050,94274,102349,104378,112781,123105,128508,135281,150973,159937,170031,177821,180652,191737,202599
4918,78722,79040,80136,83333,88406,92315,94157,100211,103271,116517,123412,128643,144017,147792,159091,169085,178169,177106,190747,202981
4919,76916,78480,81833,83303,87807,91805,93877,98553,102582,112565,123161,133307,143060,152932,162940,169483,172350,182711,191520,203464
4920,76635,80703,80929,84664,89070,92164,95714,99630,103486,110643,123406,131019,142705,151440,160858,169968,171540,180208,190262,203904
4921,78751,78591,81264,83062,87933,90543,93902,97258,104707,111893,121481,127496,142599,148390,159102,170466,171249,180537,191167,202153
4922,78094,79655,81148,84131,88064,91364,93978,100791,104437,112626,122645,127281,142310,150884,160062,171622,177183,293492,192137,315782
4923,78544,79175,80565,82954,88653,92816,93951,102527,104249,112632,122622,127290,133290,150344,160881,169863,178489,188657,191287,219563
4924,77679,78952,80009,83525,88475,92469,95278,99434,105422,110309,122545,128635,133340,149999,160159,168921,178278,179951,190422,204567
4925,77601,79365,80118,84617,88206,92486,93455,98064,104123,110702,122144,133324,132991,150291,161398,168355,175960,182774,191677,205193
4926,77860,78529,80007,84991,87939,92341,95373,100663,102366,110823,122048,132805,139441,152758,161929,162692,172160,181979,191169,205679
4927,77237,80315,81382,83084,87601,91940,94348,97429,102779,110688,121604,126361,145007,146765,158102,167017,170180,181717,189921,199733
4928,79191,79286,79839,84300,89125,91680,92599,99095,103256,113109,122912,130549,142982,151303,161893,158234,177795,182841,192076,203287
4929,76717,79615,81232,84555,87566,90550,93434,97803,103938,112050,122969,128499,133738,151916,160203,169017,178411,181671,190713,203378
4930,78383,79453,79775,84650,89452,91978,95360,100375,102383,116690,123222,129634,141074,151212,161425,168085,172880,178498,212194,204538
4931,78518,79882,81115,83479,88995,90435,95236,98626,103087,111170,122961,131296,140421,154028,163477,171301,173509,181898,192973,205296
4932,77960,80019,81773,83730,88050,91975,97085,100002,102479,110698,122271,128887,140575,151472,163058,169696,175859,183381,191245,207083
4933,77684,77951,79263,83126,86799,90370,94599,98583,103506,110740,121900,126405,145235,147800,156415,163645,191425,184170,188880,196539
4934,77864,79524,80883,87678,88369,92160,97149,101896,108669,114256,123119,132675,140830,152342,161871,159499,176972,184684,330374,207373
4935,77591,79615,80856,85451,87003,91754,94570,98791,109262,111084,121983,131273,139194,150317,161933,170634,173851,182795,209244,198473
4936,77537,79766,82178,86052,88149,92040,93301,100833,102384,111489,121765,128333,139254,154524,163458,163715,175253,178141,191236,198266
4937,78180,78988,80279,83395,87660,92155,96410,101095,101183,111596,121958,127381,139045,152090,163011,163847,176229,183726,192401,198719
4938,75830,78852,78940,85991,88036,91250,94230,99606,105291,111153,121108,127104,139975,143599,163845,163887,176264,183020,194557,199299
4939,76158,78147,81005,82072,88335,90460,94267,97091,105304,115222,123038,126316,144866,149810,160292,164707,172757,182792,185319,197636
4940,78215,80704,81176,82923,86399,90430,93355,99660,102891,111806,121966,127863,134926,147456,159165,159694,176221,183628,190943,201078
4941,77482,79150,81783,84987,86377,90765,93039,100657,104476,112197,121426,127342,143164,152418,159378,166127,178043,184175,191954,202906
4942,77482,78694,81568,84250,85862,90015,95249,100141,103835,113114,121051,128397,141593,150620,159370,169971,178278,178046,191781,202752
4943,78082,78795,80924,84838,87682,89976,95622,100536,102864,111156,123564,128113,141480,151292,162391,169039,177898,242131,191283,249641
4944,78117,78267,80612,82694,87687,91426,95650,97573,102802,114000,121356,130229,139669,154113,163758,171259,173812,185316,191976,209201
4945,77052,78086,80944,83492,85952,91458,92734,97325,101320,109216,121447,125084,140482,139372,153850,169647,170318,182280,185279,196494
4946,79113,77975,80833,84324,87439,89880,95518,101710,103711,115257,122297,132460,135735,152573,162482,159718,301071,182029,192550,209284
4947,78474,79732,80271,87578,87830,90447,95204,98281,104738,112448,123088,127564,139402,149808,162727,171699,186142,184985,190650,205809
4948,76493,77473,80551,85146,86253,92138,92920,97625,103111,112502,123456,128587,140104,152727,160950,164940,174275,177529,190905,205968
4949,78226,78133,81029,86752,87316,89739,93155,99864,102641,111333,123626,132702,139390,152932,161189,163462,172511,186425,191227,199397
4950,78177,78252,82499,87011,87592,90136,95174,100866,104780,112180,121801,132970,140804,151007,161603,166872,174112,183483,191505,200307
4951,76005,77894,80246,83340,87564,90066,96898,97927,105088,113477,122347,128940,133707,152115,159465,162359,175769,180471,191560,198033
4952,77745,79589,80951,82348,86567,91503,94395,95890,103309,112713,122109,127854,134042,148156,159104,163344,170338,183076,191476,289927
4953,77728,79108,81815,82460,87136,91279,94841,99627,103001,111469,120756,127923,134230,151358,157687,166215,175958,183883,191960,213755
4954,77190,77665,81251,83486,86890,89734,95765,99968,103027,112278,123513,128389,142492,151909,158721,171856,178090,181426,192321,203075
4955,77874,77851,80230,83709,87740,90670,92833,97249,103212,112737,122383,129358,140718,151518,159461,170408,177877,179639,190968,203796
4956,77667,79039,81448,83120,87681,91054,93411,98888,102058,112789,123441,127641,133507,152771,162751,169478,172933,290018,191964,204022
4957,78654,79161,78374,82379,87955,90892,92225,97005,102120,109449,121829,125907,141872,147785,154145,169161,170720,200193,275801,198067
4958,77291,77748,80584,85080,88148,92007,94056,98495,104329,113179,123016,127843,136051,152175,159504,163861,177599,181382,214953,205795
4959,76069,77753,79927,83702,87908,90990,93182,100255,102999,113774,122736,128290,134063,151247,159588,169461,178689,181719,191883,203362
4960,75776,79452,81698,84190,87888,90804,92316,97795,102504,114380,123516,127737,134479,150911,160045,168375,171909,179113,190747,204285
4961,76808,78446,80124,84387,88329,91385,92540,98975,104516,111716,121909,128302,133852,151489,160256,172634,174166,181054,190894,204599
4962,76754,78099,81061,84761,87667,90452,92671,96964,104574,113556,122754,129764,135181,151719,160314,168708,174116,179780,191710,204669
4963,78879,79810,81239,83906,85912,92198,93927,99297,104733,113786,127516,127794,136803,151805,160505,170319,173626,179752,191451,203945
4964,75852,78910,80437,82322,86539,89982,94835,101086,103861,114955,122879,127905,144398,148205,161986,162061,171823,181013,192160,203667
4965,75875,79187,81297,84629,86602,89898,93942,101160,104125,112384,122559,128316,139012,151804,159809,163546,171793,181463,192318,203774
4966,75657,78106,79618,83674,87845,89718,93023,98414,102911,115522,123134,127637,141417,150937,159351,161846,172259,181417,192191,203796
4967,75215,78000,81143,83599,85461,89967,94179,99400,103229,115427,123428,129983,145204,153412,159712,163912,170278,181492,190905,204617
4968,74986,78302,80644,84322,87462,91140,94367,98690,104192,110886,123498,130421,134711,153766,163296,163883,171706,182078,192411,205541
4969,77111,80189,78624,83395,86203,90897,92503,98005,102306,112448,122025,126629,145028,148252,162661,162959,169898,182867,187302,198695
4970,77992,78413,80621,83016,87209,90494,94573,99281,104798,111459,121804,128426,146078,149841,159755,162911,176516,182870,191459,205824
4971,78440,77423,81405,83892,87719,89745,93069,98834,102658,112491,122900,134536,143537,150871,159454,163854,175943,184639,191955,201048
4972,77865,77794,79530,82177,87295,91671,96505,98732,102038,112936,127160,128555,134960,150179,159380,167103,176253,177795,191948,287951
4973,78071,78068,80587,83722,88257,90028,94038,99977,102897,112926,125689,128112,134499,150891,157423,168830,177638,179227,246080,214774
4974,77215,78716,80078,84788,87046,91529,93873,99117,103570,113491,123560,130132,134426,151112,161021,168067,178627,179426,202540,204134
4975,78333,78504,78476,83224,85889,90654,92461,97652,102676,110330,120440,131344,132495,147410,154393,171704,169196,244153,186804,197492
4976,75678,79013,80604,84031,86670,90099,92769,99649,106151,114649,123757,125868,143660,151431,162572,163873,180148,185939,193362,209454
4977,76495,77807,81238,84182,88252,90996,93296,98889,103560,111267,122793,133981,134846,150578,163054,172700,174892,181749,192602,205422
4978,75473,77856,80215,85059,87084,90546,93461,100429,103579,111484,122995,133181,141852,152322,162902,165480,172345,176655,192463,205402
4979,77609,78726,81871,85141,87842,90184,95490,100201,103135,111180,123316,133008,134852,151353,163353,165412,175172,184511,192402,205220
4980,78254,79463,81296,84896,87260,90610,93243,99981,103435,111485,123567,133327,134582,153063,164635,163333,171753,181959,193092,200688
4981,78685,78280,80404,83157,86537,90785,94302,99276,102856,110503,122299,127735,141361,139410,162747,163136,172442,183861,188376,193970
4982,78111,79732,80226,82415,87213,91087,93033,98184,102728,112902,121539,126479,134204,148299,156484,158784,176874,182686,190856,200213
4983,79359,79059,81273,82974,86218,92033,92932,97911,103564,112139,121881,126508,141973,148019,156828,166438,176169,183253,260442,199767
4984,78053,77270,80835,83536,86196,91325,93048,99650,102994,112273,125806,127216,133260,147465,159311,165167,176636,178413,203736,201537
4985,77320,79579,80799,81979,85608,89775,94707,99279,103008,113689,127348,129749,141491,153095,160537,167631,177059,180312,191331,202062
4986,76442,79000,80983,84982,85015,92536,95978,100340,102660,113100,123251,130376,140202,151391,160193,169530,177973,222297,192071,203580
4987,76525,79976,81656,83409,87167,90165,94020,96177,102533,109942,122394,128082,133168,149888,160927,169253,171349,184793,187028,198237
4988,77633,78436,80872,82922,87286,90721,94900,99844,104880,112814,121663,127718,133773,148165,160969,164103,180992,179968,191661,346440
4989,78741,79271,80633,84267,87159,92335,94715,98254,105551,112963,122254,128139,133356,153023,161239,169044,178426,181158,191429,220638
4990,77704,79612,82121,84963,87372,91742,94051,99645,105534,112957,123187,129296,133816,153975,161930,168846,171898,178226,191970,205528
4991,76688,78261,81460,84899,87283,91428,96147,97020,104998,111263,121434,130946,139393,153823,163831,164839,171321,181851,190921,206151
4992,79307,77635,82899,84573,87648,91672,95507,98636,105497,112183,123046,133145,135335,153504,163463,166007,173788,183526,192778,198337
4993,79329,80211,81131,82136,87502,90636,96876,96814,104149,113727,122270,127610,145303,149159,159438,168397,171516,250582,190285,196462
4994,78698,80197,80995,83021,88378,91498,92503,97515,102416,112338,122467,129154,142980,146882,159599,164697,176838,188129,190799,201219
4995,76907,78185,80182,84489,88090,91300,92552,101621,102878,111126,126871,128453,142241,151148,159392,167592,176889,185113,264750,201724
4996,77516,80212,80801,83944,86907,90841,93854,101205,104107,115812,123445,127848,133705,151174,159837,168194,178237,179956,204008,202718
4997,78930,79134,82098,84762,88177,90839,92965,100206,105344,113082,123171,129862,133616,153491,160391,169263,178968,179193,191831,203883
4998,77455,79360,82337,85882,88023,91723,94752,96681,104955,110279,122561,133031,141559,153472,162303,169709,172132,179531,192117,205906
4999,78726,79784,78197,83109,85609,89988,94715,98591,101815,111049,121900,125619,132669,148538,154730,170625,170754,179778,186863,198464
5000,79298,79386,81475,84801,86842,91470,94188,98783,104908,111564,126466,127226,140813,150846,158775,161342,224612,183308,190627,204183
5001,77941,79457,81337,82756,87985,90580,94243,99424,102635,111047,122489,128160,134772,150099,159077,166567,179438,184922,190879,202198
5002,79549,79194,81431,84746,88087,91678,92758,99591,102658,111793,123679,128402,142605,151118,159754,168335,177577,177796,191472,201968
5003,79371,80307,81437,83538,88779,91506,93397,99641,102506,111870,123114,127532,140313,151070,158688,168170,177720,180119,191601,202213
5004,75922,79052,79248,84399,87977,91405,94021,99923,102420,113442,124367,128216,134876,152702,161617,167710,178207,180710,192125,203997
5005,78744,80737,81529,84102,86722,92215,94106,97003,103333,113940,127311,128034,140498,151502,159427,168169,170706,265930,190942,202701
5006,79314,79125,81742,82403,87982,91549,93428,97603,101918,114021,122190,127835,141776,150211,158084,167148,170711,186235,190924,201281
5007,79736,80670,81961,85313,86675,91879,94053,99303,102747,114138,122530,127130,141848,151185,158880,167913,177628,184420,190510,200719
5008,78116,79116,81807,83993,87491,90745,94254,98855,102259,112547,122527,128518,142496,148308,158448,167679,177445,181612,313338,200812
5009,77780,79909,82050,85083,88950,91676,93695,98498,102979,113123,122694,127791,135359,152739,159504,169181,177664,178975,214898,202264
5010,77931,78129,80492,83353,87622,93099,94437,98684,103018,111305,123226,127391,133499,152404,158299,167929,177227,178709,192882,202849
5011,78678,78401,81137,84895,88220,90536,93748,98692,102459,109227,122109,125888,133011,138768,155841,167372,170860,179502,187704,198312
5012,77513,78658,81229,84052,86810,89874,94604,98436,102706,114296,121878,126090,134636,147009,156092,164328,175428,182385,191462,200773
5013,78216,80140,81842,82720,87376,90993,93548,99786,102274,112391,123268,127435,141708,150117,158169,165883,174758,182403,190614,304874
5014,79069,79862,81603,84500,88096,91563,94359,98755,102675,111340,127241,129652,135148,149868,158567,168300,176584,179210,190470,215695
5015,79134,80565,81860,84700,88043,90075,93900,98732,102539,112036,122861,127951,134011,150925,158933,167719,177274,180123,191254,203583
5016,77682,79332,82187,85090,88145,91966,93689,100566,103198,113360,123537,127918,133873,151256,159004,167455,177380,178733,192246,202140
5017,78509,76262,83056,81777,87000,91058,93299,99651,102533,109329,121570,126082,135278,140773,159876,168166,172088,179533,187043,198568
5018,78018,78346,80998,84707,88010,91762,94483,99950,104190,113783,122893,130739,145175,151343,160323,164784,177578,264424,192714,207996
5019,79744,77904,80599,85272,88010,92715,94384,99577,103578,113518,122520,128520,133349,152140,161242,168705,178556,187042,191634,204339
5020,76704,78004,82842,83767,87380,93326,94728,100479,103291,111905,122900,128651,145535,153497,159382,170375,174326,177765,190054,204432
5021,78965,78017,81814,84166,87668,93214,94817,100457,104169,113541,121746,132765,137496,151280,160164,168578,175596,181927,191234,204431
5022,78326,80117,81356,85493,89139,93776,93523,99539,103823,111513,123056,129166,138555,151804,160775,168809,175757,183065,190414,204369
5023,78179,79382,81863,82243,86581,91339,93268,98889,103109,110326,122766,127476,141853,146859,158649,162861,170431,181733,188764,199860
5024,80320,80009,81212,85124,87163,91650,92565,98356,101718,113740,122467,136079,144449,149047,156582,159856,175652,183113,190269,198182
5025,77397,78666,78362,85326,87000,89787,93181,98542,102459,113979,122643,127301,141468,146645,157327,165945,174879,182719,190797,199147
5026,78238,79743,83509,81920,87323,90038,94710,100628,104061,113196,122142,127510,134896,149797,158968,166184,177223,178791,191589,201284
5027,79870,79450,80050,84142,88816,90907,94291,99644,102842,111695,122996,127161,133613,147856,158786,167740,177009,178854,190710,202408
5028,79242,79187,82413,86597,87461,91789,93130,99464,104490,114037,121616,129263,142092,149848,162051,169350,178247,178136,323410,205045
5029,74824,76146,79550,84518,88087,91121,93527,98295,102506,109673,122062,125642,132777,139171,155081,169505,170788,180802,198139,196918
5030,78970,81043,81931,85190,87384,92772,93604,99371,105999,111763,122965,127703,135345,150540,159154,162696,179130,182496,200093,205103
5031,78871,78093,82048,83628,88860,92283,93993,100512,103111,113319,122408,128497,135171,147862,160301,168867,177350,186455,191183,202678
5032,76898,79808,81964,84152,88567,92938,96608,101234,103321,113447,122510,129842,141888,151347,159129,170878,176163,199258,191694,233394
5033,78675,79235,82534,83842,87871,92259,93104,98591,104180,112428,124364,128166,141608,151505,160834,170413,176505,185589,191429,204820
5034,78636,78934,81471,86058,88993,92425,93563,99548,103692,112552,123123,129592,140348,151878,162267,162835,174370,182773,191646,197881
5035,76632,78532,82107,84968,88314,91574,92733,98233,102413,113118,122328,130490,143036,149553,158728,163200,170336,181764,189736,196972
5036,79066,78446,83182,83852,88353,89872,93969,99421,102510,113820,122419,126729,133582,139462,155764,164466,262050,232060,191007,243644
5037,78143,80066,82173,84850,88054,91142,93006,99438,102666,111228,121807,130403,141800,148993,159346,167247,182940,185958,190689,212300
5038,79366,78033,79971,82822,88570,91492,95978,99735,102699,112705,126334,127271,135334,146386,159954,168726,177864,180001,192096,205562
5039,79035,78383,81941,84699,88179,91130,94196,100356,102753,111736,121854,127078,137809,150965,160416,168044,177119,178993,191454,202559
5040,76880,79207,81484,84755,88604,91984,93953,100321,103250,111333,122502,132467,134923,151801,159806,169529,178362,178470,190913,203687
5041,76886,78763,81352,84704,86211,90508,95388,97857,102501,109459,121066,125422,132342,147569,153900,168646,170705,180337,188074,197312
5042,78415,78018,83051,82624,87182,90921,94194,98081,104655,112417,122360,130147,139253,146705,157921,163917,176299,181117,190855,204061
5043,78537,78467,80506,83590,87405,92751,96565,100079,102657,113215,123495,128213,133480,150933,159734,168365,178728,182626,192309,203246
5044,78258,78710,81197,85625,89080,91857,93262,102814,102041,113642,122571,129978,141302,153246,159128,169621,175466,234312,190906,203747
5045,76882,77905,80903,85098,88409,93160,92975,99061,108482,112004,122094,131690,140857,151609,159159,171567,173340,197582,190948,213416
5046,78315,79493,82224,84864,88822,92774,92981,98315,103160,112669,122981,130442,141900,151033,162325,161995,174216,179486,192373,205019
5047,77714,78467,79039,84045,87632,91511,94337,97802,104877,113019,121713,127111,142825,150754,162933,162791,169944,181951,190005,197514
5048,76001,78893,81701,83155,86787,91053,93312,99239,103388,113102,121915,125625,142189,147675,157987,160886,176012,181412,190625,307036
5049,78275,79901,82348,85569,87872,91683,92525,101697,105201,113710,122336,132881,141269,150647,164012,164428,182855,183496,259130,226520
5050,77169,79659,82411,85982,87857,91861,95749,97861,107531,110748,121909,130493,139438,152114,164518,173587,175710,179655,196329,209595
5051,76155,79101,82690,85414,87812,92065,94963,101329,105672,111086,122360,130122,139604,151198,163258,167662,179411,180137,194695,199926
5052,78278,80108,82545,85540,87915,91950,94740,99023,104138,110924,121654,126223,141457,153791,163007,167771,178063,184619,194500,199604
5053,77778,78779,78690,85330,87073,90880,93667,98637,102756,112656,121707,129323,134770,150743,159250,168378,170905,184305,191369,197294
5054,77144,78175,80693,83143,88038,90602,93535,97925,102855,113628,121299,127181,141648,138950,155721,162755,170109,184334,189730,197469
5055,78939,78744,82874,83913,88466,90176,92724,98270,104813,114114,122299,126778,134972,139853,155023,163823,172238,182893,190067,199177
5056,77228,78757,83258,82798,87441,90146,92434,99620,106542,113486,121463,127410,134104,144000,154563,164918,175358,180525,190045,199963
5057,79361,78633,81364,84095,87775,91846,94141,101378,103647,114572,122309,127478,134394,149964,158805,165108,176438,277767,190933,203083
5058,78595,79028,81028,84664,87864,92877,93398,99674,104813,112620,122049,129319,134905,151075,157201,166819,177966,194167,191810,201623
5059,76371,77266,80080,82925,87707,89571,95391,98565,101542,114900,121437,126476,132396,139970,155668,168928,172612,181945,190157,196187
5060,78654,80475,81830,82979,88339,90925,94753,100313,105721,114890,121990,128238,135660,151770,161937,164493,178035,184109,192759,209944
5061,79428,81221,82519,84432,87039,91788,94302,98722,104988,112243,122255,128155,134232,152975,161069,169975,174047,180131,301556,205188
5062,77875,79560,80024,84009,87936,91163,94664,99947,103195,113454,122685,128677,133754,152567,159316,169281,172191,174986,204154,204341
5063,79290,80226,82762,85217,88328,91972,93790,101631,103497,113617,120700,130568,134223,152748,162616,163983,173649,186981,191204,204046
5064,77989,78881,81718,85193,89078,92055,96752,101494,104825,114720,122572,131004,135164,153127,159883,163078,173645,183625,192464,205375
5065,79151,77191,78295,83936,86682,90856,94437,99994,104622,112198,120577,126600,133591,139737,158895,163607,171656,183316,189099,200089
5066,77927,80005,82698,82180,87840,89844,92198,98181,103004,113218,122618,126580,133121,145122,155895,160396,173485,184990,189700,199172
5067,77602,78880,81298,83002,86182,91143,93877,98908,104528,113888,122575,126895,135456,142390,156423,165715,175755,185482,191596,261625
5068,78189,80716,81849,82600,88367,91049,93654,98715,103976,112084,122371,131598,139097,139810,156113,166143,176457,180111,191581,212883
5069,77026,80725,82059,84731,86577,91958,93555,101987,103993,112436,121612,127881,143567,149638,159180,167392,177866,178298,192137,202427
5070,78431,80513,81941,84322,88809,90821,92855,99698,104811,111779,122289,127624,134782,147668,159542,168371,178959,178185,191804,202946
5071,77499,78690,82287,82895,88439,90510,93068,101191,104724,113560,122900,127070,134144,143072,162040,167397,174903,179075,189091,198559
5072,78732,80133,82755,83229,87426,91415,97002,99907,105066,113578,123253,129284,133503,146885,159114,165077,179199,179239,192898,204388
5073,78453,81282,82171,83358,87404,92478,96540,102144,107154,111591,121684,129348,144067,145361,161561,169657,179743,180815,193007,204283
5074,79728,79370,81324,85144,88790,91370,94135,99811,105045,112751,122332,128229,133431,152921,159660,170762,174489,176914,191973,204925
5075,77849,78576,81573,83955,88865,91633,94537,101517,104931,112563,122832,129624,142693,150995,160009,169895,174047,289579,191699,205481
5076,77694,80460,81900,85107,88625,92307,95419,101808,105585,110714,122562,130810,140254,149868,164155,163679,176752,199198,192746,205943
5077,77656,80609,78610,85296,88151,92720,95269,98138,104971,110462,121822,128251,134359,146742,159691,165430,172224,184882,191847,196350
5078,77712,79038,82445,82496,88659,91296,94725,99093,105125,112450,121341,127154,134965,142711,155789,166821,169938,183033,192104,199073
5079,77854,78566,81557,82541,86726,89583,96764,101179,104123,112215,122070,126607,140367,147535,157338,165479,176779,184979,192036,311449
5080,79610,79419,81450,85104,88724,91784,94370,100161,103108,112776,123145,130820,135135,146800,160315,167540,179744,181150,269027,219546
5081,79284,80239,79997,84384,88251,92941,94065,100506,103146,112931,123197,129475,138702,151096,160458,169455,180099,179859,202589,203460
5082,77654,79401,81962,84521,88606,92732,93732,100403,105544,113695,122431,130955,140254,152085,160423,168459,179161,179930,193236,205460
5083,78762,78757,81615,84540,87896,89049,94656,97513,102043,110197,122064,126983,135506,147205,154873,168488,171863,181807,188034,199201
5084,78444,79032,79189,83198,87151,92379,95336,99969,104880,113024,123153,128262,145971,142212,159099,161096,179143,181561,192660,204168
5085,77178,78478,79116,83134,88120,91467,94130,99722,102543,112334,121827,127592,134459,151095,157638,169472,179712,181319,192881,203060
5086,78310,79691,79302,84195,87360,91903,94777,99928,102902,110733,122497,128038,143899,147236,159586,170922,179880,178668,192515,203489
5087,79536,80703,81226,85272,87344,90697,93403,100421,102638,111172,121659,127422,143841,146979,160019,169577,178482,181691,192058,203452
5088,78951,79965,81583,83913,88727,91289,96165,100302,104802,111931,122030,128266,141861,152547,159252,169098,172963,181082,191646,203889
5089,78516,79055,81550,83643,88792,92594,95284,99774,104724,112926,122842,128033,143173,147303,158266,169056,172541,183495,191211,204001
5090,79241,78818,82133,84421,88717,89581,94259,100928,104936,112969,122485,127676,133836,149877,156822,163437,170840,182497,189386,199680
5091,79674,78957,82187,84734,89035,91632,93597,99417,103806,111958,123149,127606,135333,147484,159939,161620,177510,183394,192792,202970
5092,78466,79165,81778,85336,89204,91863,92939,100232,103062,111956,122359,129643,143619,148773,160285,172162,177631,181789,192685,202939
5093,79406,77538,81876,85148,89086,92824,94193,99883,103087,111915,123055,127966,144355,147005,158935,169056,176829,180387,192175,203526
5094,77825,79495,81464,84757,88775,93156,95289,100466,105265,112333,123925,129176,134660,152816,161201,169776,175195,181170,212843,204924
5095,77881,79625,81411,84712,87304,90489,94781,97810,102388,111686,122292,131061,141463,148549,156825,169696,170159,181213,190539,199858
5096,78172,79654,81550,83810,87374,91278,93517,97385,105806,113862,122752,129018,133728,143384,156597,160399,176856,294965,190524,199289
5097,78889,79557,80175,85820,87592,90350,96257,100736,105224,111204,121496,127783,139949,147206,159602,166396,178636,188056,199910,201929
5098,78951,80125,79003,84815,87007,90792,94217,100564,103045,112780,123456,128091,137145,149939,162434,170502,177869,177638,191916,202984
5099,78253,79704,82361,84445,88267,90735,94855,100910,102725,113381,121845,128003,138579,152167,163568,169935,173429,179565,320597,204118
5100,116,117,117,117,117,117,118,118,118,118,118,118,118,118,118,169681,118,180118,118,118
5101,77197,78818,92226,122149,157388,184679,217424,258454,280974,302102,328491,358203,389570,389570,427260,118,427260,180615,427260,427260
5102,77759,78928,80317,83818,87680,92833,96749,106376,115119,124918,134971,142590,164720,170003,182343,427260,213961,183158,234197,236430
5103,79802,80120,80945,85696,86826,91741,94076,101043,106939,113616,122980,130772,142909,153794,160668,197689,177388,118,192500,209665
5104,77951,79138,81912,85835,89454,91979,96315,101195,105296,111324,122361,130163,140243,151792,161929,170839,174854,427260,191535,206169
5105,77098,81644,82439,84414,89640,91247,95640,98870,105128,111068,122571,133763,140533,151814,162349,162902,174666,217532,192319,207269
5106,80356,80239,81480,84946,87463,93401,95698,99858,104522,111161,121860,133836,141269,153304,163142,163513,174981,184753,191877,198489
5107,77849,79300,78778,85324,87938,93078,94460,98587,102361,113484,121338,127538,143756,151257,160254,168079,170431,182648,192111,197945
5108,76579,77897,81136,84151,87843,91031,95854,97658,101806,112491,122758,127265,132397,146569,154730,163305,172596,182524,188278,199321
5109,77145,79308,78954,84335,86450,90745,94240,98220,103761,111443,123597,126294,140131,149418,156365,159938,174485,183746,191575,201717
5110,78636,79528,81698,83935,86768,90031,94436,100227,103253,111413,122641,127686,141900,146793,158534,166170,175172,180177,191107,311347
5111,79341,79266,81975,83177,88344,90316,92832,100792,103061,111499,123342,127011,133716,151685,159533,168092,177552,180356,192548,218766
5112,76962,81356,81865,84037,87275,89995,93761,100356,103390,113273,125112,127472,134233,151328,160922,168191,177673,178157,192371,202342
5113,78084,77718,80883,84220,86733,90720,93789,98199,103129,112193,122567,127177,132110,148542,156046,168171,173569,178325,191619,197334
5114,77420,79232,81684,82831,87775,92238,92616,99137,104417,112950,121660,131075,145164,149889,156121,164768,175665,182833,309060,203467
5115,76799,79646,82263,84543,86572,93068,94425,100047,105334,113417,121438,130335,141737,152826,161032,168406,178582,181713,218595,205254
5116,77663,78985,81154,86799,86870,93385,95638,101370,103027,112077,122097,130566,140837,152409,163153,171711,177158,179130,191799,206377
5117,77582,79155,81767,83329,87370,93550,93832,101588,104293,110889,122311,130880,141170,153074,163234,167087,174369,179774,192528,200224
5118,79350,79462,81959,85301,89824,91527,94102,102498,104993,110848,122849,133367,141446,153518,164404,168137,174642,183192,193079,199470
5119,78937,80537,82582,85068,87889,93577,93525,100196,105227,115398,124953,129552,133499,151207,158935,168257,174964,233520,192275,198429
5120,79681,79360,82010,84523,87170,91691,93256,97997,103125,109346,121825,127095,133538,146978,157868,159473,172692,187206,188990,199050
5121,76496,79310,80753,82994,86752,92274,92729,98700,104153,112791,121441,128214,134883,146921,159464,164050,175728,183291,191804,201693
5122,77180,80442,81336,83910,87804,91381,94493,99985,104192,111638,122009,129361,146484,151784,160741,167805,177895,180993,191425,202910
5123,78092,80317,81063,83764,87485,91364,93853,101664,104755,112561,122767,131033,132991,151184,161979,167373,177471,180162,190869,202966
5124,79453,79725,80974,85201,87928,91066,93440,98832,103505,113025,126036,129584,141302,144976,158781,169008,177114,178409,190874,202967
5125,75714,76566,78866,83404,87778,89032,93468,97673,102153,115237,121657,132944,132025,145408,155660,168708,170762,180758,187626,197538
5126,76893,80611,81980,82833,88070,90382,92707,101095,104779,112567,122793,136243,134011,151246,159384,164981,177474,180058,191131,203025
5127,78217,79197,82064,84932,86680,92282,94810,98113,104233,112605,122431,130074,133485,152041,160632,168869,178191,180097,190381,203323
5128,76996,79337,80891,84046,87298,90623,93403,102284,104402,113057,122369,130352,144091,148378,160866,169284,178125,274900,190526,203348
5129,76290,79277,81593,84043,87194,92196,94236,100493,104281,112806,121801,130194,134776,153149,158910,168766,175038,201103,191003,271778
5130,76256,78656,82243,83993,89053,91480,93294,100650,104603,112645,123871,130017,141519,152879,160539,169168,171360,183186,191140,207324
5131,76562,80582,80876,83391,86396,90493,94536,101525,104498,112700,126269,129911,134147,151424,158993,169663,174068,183356,190792,203667
5132,77118,78595,78992,83235,86541,90894,93567,100657,102255,112893,122578,127620,133972,149243,159087,168830,171890,182257,189339,200221
5133,77747,80848,81687,83775,87279,91313,96384,101051,104279,111114,126544,138272,133396,147319,159787,168424,177685,181969,191392,202964
5134,79145,79535,81252,84169,88091,90335,95210,101325,104162,112791,126652,130734,135439,152125,161919,168813,176842,182416,191148,203569
5135,78323,78668,81217,85101,87286,90435,95258,99177,104231,113177,126429,130272,139871,148425,161963,168746,175735,178540,321843,204414
5136,77596,80520,81224,84448,87958,90946,96479,98119,103728,112376,126692,131144,143027,153782,162583,169679,171885,179374,207309,205197
5137,79322,80022,83196,84889,87415,91819,93982,98029,103681,111958,122892,127148,141995,149677,157705,172463,169221,181820,191078,201706
5138,77652,80597,81970,85176,87462,90633,95312,98157,102038,111693,122508,126669,135365,147433,159242,160951,175108,182121,189242,199264
5139,79532,80362,81808,85334,88760,93244,94273,98704,106048,113132,126963,130421,135135,151578,158620,165792,176624,182580,191647,201726
5140,79886,80564,82040,85045,86881,92737,95880,99657,102921,113116,127174,128118,135205,151214,160056,168211,177866,178230,192744,202256
5141,79150,79052,81685,85119,87205,90795,93980,101344,105602,116523,123328,131056,134820,151323,159059,168601,178319,180665,192429,202512
5142,78963,80186,81366,84215,88941,91135,94306,100054,105658,114458,123124,130379,133852,152150,159304,169731,178460,178770,191401,319576
5143,77223,79621,82171,84867,88526,92392,94491,97973,105361,111964,122598,127355,141821,151698,155762,169137,169465,181195,190243,211215
5144,78367,81102,83170,84166,88258,91648,96198,102064,104591,117179,122408,130824,143391,151656,160876,169919,178413,182556,192972,207955
5145,77765,80807,81551,86390,87395,92783,94278,101289,104629,113823,124158,133316,143320,152873,163101,169932,174175,184458,192048,206558
5146,78792,80488,81452,85291,87133,90670,96226,100574,104743,111323,123839,133327,142645,152448,164348,170406,174347,194414,191577,198022
5147,78851,81110,81454,86669,87241,91903,94321,101640,103948,112013,122954,132817,143290,153048,162985,165922,174113,182264,191704,200489
5148,78872,81257,81604,83936,87279,93605,94846,101253,107621,112016,123096,130154,141649,142711,163411,165833,174694,185431,192867,199322
5149,79712,80437,81527,85956,87351,92403,95063,100545,104371,111477,121565,127848,133909,139248,160282,169171,171830,214394,191494,197934
5150,76145,79494,83184,82786,86382,90713,92888,96779,104961,109505,122375,126101,133379,140259,154247,163412,167370,183807,188364,197043
5151,78641,79219,78516,82763,87505,90718,93485,101352,103155,116823,121842,126557,133256,143479,154596,159528,174790,184052,190581,199608
5152,78723,81276,82207,84321,87719,91875,94873,98236,103889,114328,122887,128572,135058,150382,157054,165357,176309,178807,191098,201513
5153,78134,80235,82146,84521,88782,91803,92418,100226,104222,112893,121582,128203,134464,151958,159669,169471,177776,177513,191851,201274
5154,77648,80057,82113,85381,89092,91898,94761,99797,104484,116585,122369,127858,134028,151528,158008,171555,177396,189964,191282,201540
5155,76047,79729,78433,83251,86701,89275,93085,98837,104835,113213,121955,124754,142462,138882,154338,169023,173089,184256,189303,198354
5156,77393,81556,81296,85315,89135,90220,95067,102386,105358,114453,123652,129960,142555,149924,160049,164553,210085,206900,191615,207257
5157,78471,80036,79860,85419,87589,93955,94224,101562,108506,114889,122172,130373,139457,152797,164308,169841,180059,183450,306604,207492
5158,78378,81166,82240,87112,89782,91820,94156,98037,109418,111967,122851,130340,139906,152339,164204,172944,174851,179221,204334,199623
5159,77857,81098,82529,87118,88856,91886,94467,98675,103755,111646,127375,133766,139961,152497,164056,168770,178787,184532,193092,199067
5160,78671,78937,79445,85796,88986,92856,93359,101307,105210,111557,122221,133531,140065,154505,164571,168665,175013,183374,194608,208060
5161,79008,81818,82160,86366,89944,93684,94758,99175,104991,111684,122520,134307,140048,153581,164585,169352,178729,201656,193168,208154
5162,78394,80546,80097,87854,87810,91804,94413,100500,109587,111869,122963,130000,139688,154725,164045,167692,178060,183249,192956,218320
5163,79617,80044,81856,84137,89072,92111,97260,99739,104432,112262,122637,127395,135535,151942,159593,169117,174159,183792,190497,205578
5164,77187,80485,81599,83341,87522,91308,93595,98267,104630,109927,121819,127201,135877,143498,157972,165014,171403,184688,188841,199881
5165,77091,78318,82008,84418,87513,91546,93361,101829,103873,112748,122646,130328,141788,149722,159237,160754,175173,183991,191106,265723
5166,80080,79897,82434,84758,86838,91609,94165,99769,102980,113185,121717,127544,142094,147608,160370,168953,177926,214389,191507,215796
5167,78185,80694,81275,83408,84161,92097,94159,102115,104685,112721,121947,131248,141644,153549,161238,167908,178697,178979,191602,204065
5168,76992,80352,83833,84069,89027,94015,96126,101433,104784,112600,122596,129354,136687,150779,161739,170737,173432,177191,191176,205119
5169,77417,78717,81947,84680,88678,90455,93046,98305,103395,111974,120929,127776,135014,150107,155691,163026,169371,179817,189944,200834
5170,78762,80034,78887,83918,88155,91489,95933,100830,103207,112305,121694,127322,142538,147154,159229,159135,176466,194023,192562,201875
5171,81241,79799,82031,85397,88177,92175,94603,102030,107705,115173,123012,130921,140126,152769,162433,169510,179793,183120,193929,205621
5172,79923,80977,81840,85420,88442,93498,94222,98977,103073,111750,122450,133810,140980,153316,164488,172637,174260,179050,192514,198260
5173,79171,81355,81446,85330,87623,92210,93838,101341,101627,110972,122873,130009,143178,153506,163453,164760,173868,287374,193868,198826
5174,78199,81708,83322,86465,88369,92172,94774,101552,104997,112079,122302,130703,142426,153819,162946,163881,174111,200956,192457,199019
5175,77141,81252,81811,83466,88044,92342,94520,98897,104314,111993,121124,128973,133871,149010,160483,167333,171967,183265,191402,197498
5176,78026,79187,82149,84400,88597,91637,94479,97790,103998,110018,121889,127673,136162,141689,154911,162836,170330,182393,189977,224634
5177,78999,78644,81622,84127,87851,92294,94939,98752,104334,111863,122577,131108,133909,147555,158002,158322,244589,183106,192263,204467
5178,78677,78330,82112,84213,87470,92586,95399,102124,104400,113096,122740,130306,143238,152416,159858,171091,182135,181479,270134,202136
5179,77798,79514,83573,86374,88658,92590,94828,101188,104540,111220,122463,128804,141787,150910,161723,171074,178685,179385,202882,204492
5180,79084,79652,80776,87270,88681,93022,95147,101349,105800,110975,121945,133329,135095,141697,164028,172114,175437,180154,193676,206870
5181,77234,79544,82141,84564,89082,89855,95406,100321,104442,114843,126178,130721,141937,149988,162325,167861,172819,182624,189922,201299
5182,75847,76717,81610,83412,85118,90851,93233,97985,102986,112067,121776,126294,137491,139630,158358,162168,175285,180181,188723,300702
5183,79247,80026,81805,83444,86904,92295,94096,99358,102658,112766,123251,128623,136355,148207,161701,160891,179007,181356,192751,220235
5184,78741,80825,81245,85146,84864,91172,94838,99784,104807,114187,127008,128777,135891,151224,162563,168798,179811,178886,190626,204027
5185,78873,80621,82382,84668,87849,90993,96140,98526,103707,112412,122232,128374,133392,152770,161811,169380,174046,178196,191005,205248
5186,78471,80173,80751,86431,87899,91316,93868,98825,104021,111431,122455,128630,135113,152440,164004,164104,175899,181479,191971,205356
5187,78475,81736,81785,85305,89280,90883,92334,97970,105068,114346,122347,128983,140251,151861,164589,164972,176563,182237,192161,204411
5188,78652,80207,79168,84356,87386,92406,93862,100217,104426,112918,121585,128086,134606,139508,162073,163523,172670,182763,188844,198824
5189,77581,81036,82230,84197,88325,92002,94026,100703,104358,111942,123087,128276,135058,151337,162989,161165,178538,181746,193005,201578
5190,77238,80260,81639,84352,88269,91664,93195,101543,105002,111523,122304,128394,134472,150075,162922,169568,177592,181485,190850,202965
5191,78972,79511,81568,85178,88574,92582,95422,99001,108398,113878,122324,130424,141321,151323,159713,168085,175480,177661,191724,204237
5192,77462,80362,81530,85367,88314,91793,94617,98811,104666,111641,122646,133461,141074,151507,164902,169009,175393,269106,301628,206057
5193,79016,79756,81635,84231,87633,92078,96225,99375,103094,111217,122074,128481,142598,148480,160813,163744,175250,188412,199556,202123
5194,78016,79957,81784,82629,87611,89546,95405,99270,103202,112455,121523,126765,142897,148350,157458,166718,175348,180607,189163,198589
5195,80466,81491,82560,83568,88387,91413,96360,99534,102590,111744,122834,128559,135185,148895,162688,167011,177427,180250,191924,202062
5196,78754,79228,82339,86916,89139,93148,93346,99210,104397,112887,122733,128701,143149,148473,163904,168115,176941,179187,191020,202348
5197,79038,79388,81507,84528,88084,91868,95425,99283,103177,112067,121250,128528,136563,148224,164002,167671,173459,177501,191692,203206
5198,77650,79153,81376,84880,87828,92115,93575,101141,109013,110512,121651,128550,142509,151585,162885,170997,175322,180586,191390,204700
5199,79989,81308,80929,84043,88788,90572,96154,97962,102675,113441,121822,128254,134625,148816,162355,172541,175959,181306,190807,202187
5200,77486,79100,81921,83176,88150,93342,94784,98661,103137,113720,122937,127415,141409,150690,158140,163681,175956,181843,189546,200778
5201,78925,79071,82025,87123,88494,92440,94990,102245,104962,113051,123285,128292,134535,147455,160885,163197,178335,181123,193572,205528
5202,76959,79285,80216,85502,88664,92513,94014,101015,105148,111539,121477,130265,141532,150875,162161,168317,173859,180217,192820,206022
5203,78492,80044,80387,84396,87466,92251,94270,98867,108448,111224,121589,130457,141802,151437,161268,166030,175446,179672,192722,237385
5204,78080,81583,82086,85017,86318,91491,94074,99221,103033,110717,121997,132266,139055,149491,162828,162413,175157,182441,191422,207943
5205,78174,78641,81023,83633,87165,90282,95445,100146,103180,112456,120286,128998,145253,147117,162930,163682,173352,181740,190648,197963
5206,76223,79790,80815,83624,87521,90550,93957,98673,103117,113182,121622,125871,133892,144193,157077,159987,171969,277794,187642,197989
5207,76364,79188,79561,82865,88011,89986,92688,99521,103695,113674,120417,125246,134755,147427,161439,160707,174607,193477,188730,200381
5208,78118,78097,79422,85461,86545,88607,94690,97860,106578,114625,121368,125280,134587,149247,155898,165323,177002,181653,191300,243571
5209,76826,78250,80369,82796,85522,89242,94148,97881,103175,112971,121826,131084,135017,149868,158765,161228,175027,177512,311372,201578
5210,79649,80304,83506,84002,85766,89639,96150,98816,103901,112632,122312,125779,134407,139441,160977,162488,171107,177372,212000,199282
5211,74803,76925,83413,84276,85564,90135,94384,97116,104144,113177,119214,125853,133160,139241,161709,162805,170674,177957,189878,198454
5212,79517,79985,80878,86055,88277,89190,93571,99129,104186,114398,121906,126691,135889,140452,154428,160191,178978,178567,194449,202309
5213,78301,81994,80407,82326,87212,92265,94665,98665,104905,110899,121869,126984,136492,142513,154538,165980,170019,176899,194616,205937
5214,78090,80254,81271,86189,88692,91398,94844,99225,103969,114181,122255,128323,139245,141343,159171,165941,170900,176444,188891,207229
5215,81014,78914,81176,84638,88433,91682,94855,98509,104932,114844,121952,129333,136921,145375,161925,158733,171097,180856,190682,239388
5216,79340,80117,81617,85372,88184,91134,94553,98990,103249,113584,122954,127115,137975,149754,159143,162659,218977,182741,188319,205835
5217,82578,82977,82381,85764,90200,90731,95154,99528,105096,110832,122081,126570,137598,140233,156663,166932,181774,185380,190160,199147
5218,82254,79043,80490,85252,89805,93571,95490,98030,104112,109592,119959,126045,132636,137927,156645,162426,167908,185252,189748,196806
5219,80406,80290,82098,86626,88195,93788,96480,98663,103793,113478,122786,126768,135991,147385,161736,166185,172823,184265,191916,197171
5220,79987,80798,81749,87596,88472,92518,95002,99533,104432,110417,122395,127737,138432,143242,153843,166339,169605,183062,188750,336896
5221,80926,81222,82407,85042,89023,93265,95823,99962,105104,110979,124022,126531,137811,148520,155379,166868,173411,176270,189311,221381
5222,79752,81613,81693,84194,88427,93016,94930,96622,105048,110457,121964,126070,137521,141305,159805,166643,174809,280773,189221,196810
5223,81156,80733,82978,84542,87320,91715,93207,96282,105662,109583,124170,127778,134721,140794,159755,166470,174590,188318,188955,199019
5224,80052,82524,80930,84434,89390,91479,93671,98500,103895,110692,122405,127821,135995,143430,160280,167278,173035,179827,186697,194780
5225,80727,81782,82767,85917,88104,92585,94885,97956,103140,115089,122063,126787,146345,150258,162341,160085,175873,176484,191882,199421
5226,81303,78176,82233,85229,90433,93174,93169,99269,103213,115885,123094,127288,137174,142192,160599,163868,172195,176855,193273,199517
5227,78213,82714,82191,85948,87012,93267,94315,99035,104018,115525,121340,127951,136377,142597,157526,164665,171301,174656,193650,195345
5228,80687,83560,81870,85651,89227,92848,94067,99789,104451,109214,121479,127703,143716,142471,157278,163250,182630,183855,196123,197732
5229,80464,82699,82108,86165,89924,93250,94826,100460,103977,115060,122936,127360,142376,142406,160147,161394,170875,175017,252500,198085
5230,81987,83550,84645,84218,89577,92064,92411,98560,103837,109867,118849,124304,134905,143744,156732,163465,185926,178257,188201,194891
5231,69999,71731,73461,77082,82716,85508,87939,92133,96613,102131,113328,114342,127111,130894,141885,162800,165801,178207,176484,184804
5232,43489,43489,43489,44191,44799,45142,45514,46141,46505,46911,47280,47280,47484,47484,47859,147945,64748,177581,48447,52066
5233,29575,31224,32060,38597,41813,49296,53611,66863,67222,75236,82574,90788,100647,101649,114828,48200,152582,219032,142867,158915
5234,29882,31883,38370,51173,57260,63987,69189,82164,86739,96386,102767,113122,116827,127810,137235,114453,154010,170920,173317,182186
5235,30224,32128,38740,50858,57892,68768,70238,83472,90888,94998,103817,113024,117522,126046,139037,146515,153866,48447,174679,181701
5236,30332,32000,38820,51170,59400,68348,69028,79637,87031,92411,104611,112258,119303,124989,138928,146206,154756,128431,174177,182357
5237,29992,32233,38736,51624,57565,68751,71101,81193,87676,92303,102431,110218,117593,124721,137304,146780,153645,161981,174467,182030
5238,30851,32315,39318,51800,57303,66470,70389,78000,86832,95124,105486,113081,118686,125555,138610,146003,154060,162560,173971,181873
5239,30994,32964,40131,52623,59138,67460,72391,79121,88056,93456,104650,113839,120334,125937,138157,146905,154264,162615,173548,181245
5240,31511,33525,40667,53068,59451,65188,69713,80118,87922,94710,103093,111018,117877,126823,138177,145924,154251,161764,173229,181598
5241,31861,33736,41199,53225,58609,65502,68459,81990,90510,93807,106352,111473,119993,128512,139284,146133,153345,161771,173476,181205
5242,32203,33902,41352,53627,57743,66286,69891,78889,87571,94253,105461,112264,119956,126551,139104,146166,153946,162422,174779,181862
5243,32501,34365,41805,53859,57783,66251,70736,78862,90192,95250,103444,111207,118544,126604,137381,145996,154541,162141,173499,181451
5244,32592,34513,41815,53650,57625,65766,68804,78367,85012,92948,105396,112864,117794,125815,138637,146694,155190,162310,173294,181474
5245,32631,34526,41782,53717,57312,66362,68284,78294,90585,97036,101638,112171,119218,125031,136942,146079,153768,161888,172910,182002
5246,32957,34726,42000,53707,57483,66952,70726,79056,90152,92641,105637,113560,120159,125734,136214,145914,153486,162562,174033,181784
5247,33449,35315,43027,54247,58240,66629,70797,80198,90537,93413,106183,112262,119919,127898,138947,145502,154193,161780,173803,180931
5248,33725,35225,42739,55021,58070,67134,70124,79105,90916,94216,103883,114237,120734,126617,138647,146406,153857,162092,173835,181531
5249,33817,35391,43014,54827,58388,66954,71061,79836,88806,93348,104303,112048,121907,128210,136711,145952,153706,162476,173440,182240
5250,33911,35587,43196,54891,58544,67216,70272,80547,85375,92715,105296,113288,119307,127065,137397,146636,153626,162477,173545,180902
5251,34030,35761,43142,54783,58388,65467,70639,79807,88530,97505,107668,113812,118774,127615,138020,145558,152815,162131,174337,180980
5252,34187,35720,43226,55311,58251,64869,70294,79844,91382,95572,107680,113869,119626,124763,136489,145686,153238,161981,173755,182203
5253,34723,36198,43725,55028,58654,64872,71600,79692,88002,97188,103670,113927,119908,124958,135848,145440,153863,161819,173779,181608
5254,34928,36426,44189,55030,58738,65679,69563,79599,89379,94503,104447,113565,120790,124160,135517,146739,153717,162509,173955,180542
5255,34977,36630,40653,53411,58647,65705,69893,82958,88566,96874,106595,112867,119625,125509,138649,146867,154262,162526,173705,181318
5256,35015,36627,40603,53542,57254,64757,69044,83384,86740,91960,104934,112558,119073,126716,135968,144149,153794,161356,173570,182307
5257,34923,36522,40588,53235,57019,66449,72138,80294,87975,95297,105993,112554,119861,125294,138704,146341,154189,161623,173578,181546
5258,34841,36269,40269,53929,57064,65393,70776,80490,86403,95670,103149,115350,117921,125348,136652,146039,153869,163046,173289,182046
5259,34666,36554,40784,52868,59063,67089,69951,82282,85947,95204,104434,112096,119738,127137,136797,144668,153444,162040,173525,181477
5260,34692,36423,40690,53564,59441,67139,69297,79184,85798,94195,105021,112617,119371,126612,136416,144140,154144,162355,173416,181495
5261,35069,36765,40984,53786,59757,67178,69378,81263,90784,94898,106342,113202,119676,126963,136591,144201,154406,161462,174430,181507
5262,34940,36803,41009,53857,59654,67170,69976,81496,86139,97023,105108,112638,120320,125862,136983,147012,154333,162256,173240,180736
5263,35493,37093,41616,54522,59980,68313,69514,80799,87247,98306,104782,112873,120512,127884,139382,146750,153930,161394,172803,182608
5264,35782,37606,41959,54514,57573,67374,70649,80712,85785,94612,107957,112727,121548,128355,137019,147609,153581,161986,174072,181239
5265,35825,37832,41933,55309,57849,67569,70483,81395,90674,95476,103714,113601,121711,126692,139249,146636,153679,161934,173592,181455
5266,35958,38076,42165,55462,58162,66802,70073,82538,87751,93766,104537,111501,120909,127257,139066,146063,154154,162216,174118,181128
5267,36391,38372,42642,55020,58501,66164,71381,81706,88849,94365,108188,114290,120355,128287,136333,144355,152684,161747,174117,181407
5268,36308,38300,42522,52886,58840,66505,70092,81473,85074,94082,104739,112933,122495,126210,138311,146589,153556,162549,173883,181214
5269,36308,38452,42895,52864,58602,67955,70889,79539,86624,94640,108537,112185,120797,128250,136165,146858,154284,162822,173241,181905
5270,36168,38370,42883,52566,58620,67640,73868,81261,87525,94404,104961,112697,119287,126657,135959,146097,153301,162092,174047,181584
5271,36398,38148,42800,53190,59187,66155,70959,82533,88414,99553,107051,111839,119233,128827,137171,145449,152755,162621,173455,181217
5272,36392,38361,42813,53082,58820,66512,69278,81121,91393,99804,107024,113585,119851,127793,136973,145048,154547,161524,173743,181631
5273,36648,38655,43243,53557,59350,65299,69253,80473,88009,96476,107128,116822,120966,128893,136048,147194,153703,162094,174011,181868
5274,36920,38907,43367,53523,59323,65835,71002,80663,91231,95586,106862,116161,121499,129094,136860,146634,155675,161674,173739,181924
5275,36893,39011,43378,53598,60283,65942,70600,80749,87397,95251,104442,115695,120324,129912,136629,147100,152687,162416,173325,182344
5276,36934,38913,43566,54030,60730,67086,72235,82050,88017,100528,106025,114849,120802,124545,139151,145569,154330,161167,173114,181651
5277,37244,39266,43798,54290,59852,66681,70982,81106,89295,100798,107258,113556,120412,129075,136255,146978,154254,162205,174003,181586
5278,37347,39139,43694,53948,60490,66880,72328,82997,86830,101268,106886,114232,120763,127020,138628,146447,153487,162732,174262,181886
5279,37539,39826,44314,54214,60008,66357,70872,83217,93309,96806,107191,116569,118519,126122,138421,144916,153669,161508,174312,181780
5280,37695,39497,44021,54160,60198,66495,70860,80799,89210,100783,106308,115764,122544,126343,136786,146781,154178,161815,174396,181723
5281,37889,39855,44443,54359,59966,67886,70207,80718,88009,96485,107583,113285,124766,126118,136628,145548,153540,162617,173613,182440
5282,37671,39613,44494,54238,60005,66646,70617,81284,88643,97012,107129,115420,122337,126876,136663,146827,154349,162481,174193,181482
5283,37825,39720,44370,54181,60399,66622,71289,81050,87075,96189,107030,113898,123373,126003,137830,144319,154641,162141,173590,181152
5284,37900,39771,44474,53984,60507,67512,70872,81310,87211,96477,103511,114460,122160,126191,139662,146601,155478,161533,173646,181284
5285,37880,39635,44397,54130,60034,67118,69902,82732,89330,100356,107457,111762,124505,125454,137348,147120,154675,162722,173816,182371
5286,37855,39798,44606,54378,60367,66851,70869,81434,87275,97332,104693,118965,122967,125760,139584,147913,154898,162155,174558,181483
5287,37911,39752,44656,54363,60481,67873,70756,82631,90153,96199,108194,113881,120802,125168,138851,146698,154704,161911,174215,181700
5288,37892,39898,40698,54780,60184,67266,70121,83590,90334,96613,106108,114886,123040,128636,136836,145575,154629,162097,174622,181877
5289,38294,40157,41088,55024,60944,69003,69847,81766,87424,95871,110569,114718,124881,127726,138628,143889,154747,161622,173111,182293
5290,38427,40541,41374,55352,61159,68798,70899,81359,90550,94092,108565,115897,120476,128239,137738,145167,154970,163151,173172,182227
5291,38743,40604,41498,55235,59535,68418,71122,80585,88475,95175,109311,113681,121262,129001,137772,145287,154605,162004,173509,181029
5292,38291,40479,41115,55430,59861,67218,70276,79949,89281,96635,109855,112967,120275,126677,138940,146852,154595,162574,173090,181468
5293,38592,40645,41394,55338,59373,68165,72497,79372,88339,96357,110603,115856,120752,126307,138369,147216,151116,161572,174207,181684
5294,38687,40904,41795,55486,59498,68755,71190,80842,89233,98412,108089,113208,120315,129846,136250,143547,154139,162411,174417,182443
5295,38626,40420,41093,55177,59713,67514,70746,80243,87610,95979,109245,112951,119992,127839,138453,145153,153781,162390,173806,181468
5296,38436,40347,41001,55491,60998,67561,71393,81084,87728,98048,109004,115149,123354,127998,139013,146641,154362,163119,174537,181640
5297,38699,40313,41318,55213,61483,68489,69898,82113,87895,97700,108047,116744,124116,128263,139896,147556,154073,161908,172834,181617
5298,38431,40447,41288,55198,60557,67366,70229,81487,91107,96369,108707,114766,119992,130125,140256,144364,154622,162401,173763,181616
5299,38608,40914,41475,54783,60644,68775,70878,80343,88040,96657,108897,114457,119573,125058,136056,146740,154473,162124,173047,181357
5300,38518,40514,41237,55287,59517,68244,69969,82162,89107,93379,107673,113917,120384,128381,137175,144048,153586,162081,173250,180895
5301,38771,40939,41599,55488,59486,68733,72046,79382,89781,100078,109111,111682,119383,126605,138024,144443,154556,162112,173275,181162
5302,38810,40789,41683,55624,59993,67517,71431,77283,90004,96943,104840,114410,120801,128307,138054,144664,154819,162668,173151,182028
5303,39241,41165,41894,55829,59843,67893,71021,80766,89787,98081,105295,114440,122848,130120,137408,147069,154387,161608,173121,182295
5304,38848,41043,41924,55684,59735,67346,71585,81544,90308,101729,109169,113807,121727,131168,138932,147735,153865,162249,174035,182299
5305,39300,40962,41774,55777,59352,66480,72314,80502,88711,97735,109239,114134,120341,125055,138870,143846,154525,161816,174277,181246
5306,38719,40762,41544,55693,59521,67734,70479,82173,89374,96494,105270,111720,119806,128684,136683,146948,154809,162111,173329,181859
5307,39075,40740,41779,55541,59447,67385,71785,80123,88508,96334,106700,113964,118608,129397,138169,147288,155645,162112,174776,182407
5308,38595,40737,41558,55675,59651,67228,71277,80488,88713,99436,104969,111659,118773,130011,139522,147183,155431,162425,174137,181966
5309,39020,41235,42107,55767,59393,69425,72223,80115,89910,101338,109004,110893,120862,127742,139296,145863,153796,162280,174697,181861
5310,38727,41010,41812,55582,59594,68348,71113,81286,89537,96476,104488,112538,122370,128084,136580,144454,154289,162458,174404,181419
5311,39178,40936,41862,55837,59335,67695,71314,80225,88125,97263,108322,112832,118661,129324,138850,146390,154480,162449,173680,182240
5312,39424,40991,41685,55998,59443,67116,69677,79374,88801,98265,108322,112742,121383,126390,137847,146322,154563,162347,175045,181399
5313,38995,41116,42034,55846,59748,67251,71575,81537,90014,100718,108609,113146,120397,124663,136602,147159,152942,162842,173415,182227
5314,39124,40979,42025,56062,59566,68411,71500,81484,88735,95410,108626,112985,120744,127175,137435,144131,153876,162068,173881,182169
5315,39221,41328,42180,56839,60768,68055,71536,80846,90749,95846,108734,115042,122827,127550,136450,146266,153604,162940,174259,182022
5316,39002,41360,42070,56088,59716,66468,71105,81079,88554,95662,108460,115012,119412,130018,137908,147087,154743,162531,173774,181790
5317,38928,41168,42074,56319,59841,67311,72441,81432,89257,94665,108257,116952,123345,127424,137311,145840,154901,162048,173824,181843
5318,38704,41018,41855,56153,60042,66724,70818,81774,87705,95348,110189,116060,120715,126313,137533,146690,154387,162350,173752,181233
5319,39272,41061,41949,55819,59334,68238,72023,80687,88792,100179,107749,113857,118588,126738,140703,146340,154522,162464,173300,181578
5320,38843,41097,41829,55829,59122,68528,71959,80278,88836,95063,107469,115396,121182,127390,138102,145883,154130,161826,173619,182145
5321,38911,40980,41692,55760,59372,67242,72344,82368,88439,97277,105648,112885,117948,127845,138156,146894,153879,161652,173879,181394
5322,38982,40758,41553,55510,59935,67206,70824,80102,88449,93675,108896,112802,118361,128658,136501,145957,154022,161703,173985,181113
5323,38928,40797,41675,55711,59597,67460,71366,78394,88514,93874,107550,112813,120673,126452,136294,146626,154784,161009,174302,181236
5324,39179,41258,42068,55429,59299,67266,72252,83155,88443,96342,105569,113840,120457,127746,137515,144619,154020,161879,173818,181782
5325,39071,41073,41950,55544,59261,67504,71185,80209,88230,95819,107818,112581,122741,129007,139962,146896,155481,161632,174234,181492
5326,38902,41404,41992,56142,59385,67531,71502,80052,88688,96646,107633,112360,118966,126211,139319,143939,154397,162453,174365,182090
5327,39186,41469,42224,56118,59252,68118,72075,79942,88872,97266,108051,112625,120575,126238,139240,146854,154634,160933,173857,181896
5328,39100,41343,42016,56172,59802,66511,70135,81250,85428,97556,108100,112352,121486,128062,139781,146195,154767,161692,174050,181700
5329,39471,41548,42520,55626,59645,66968,72082,81295,85573,96671,107784,112376,119199,127588,136298,146573,153088,162330,174066,182158
5330,39355,41576,42667,56163,59918,66703,73156,80543,88965,94698,109078,115577,121337,125229,137573,147906,155159,162017,174220,182349
5331,39234,41641,42625,56821,60049,66813,72095,80550,86247,97219,106024,114473,120595,124916,140324,144084,154404,161902,172987,182526
5332,39340,41582,42250,53223,59643,66414,72616,80700,89689,95874,107650,112191,120342,129622,136710,143862,155124,162718,173514,181706
5333,39502,41793,42534,56272,59487,66474,72459,80492,86297,97893,108364,112973,121120,126620,136702,145962,153602,161045,173707,181682
5334,39194,41507,42326,56050,59378,66405,71370,81411,86079,95796,108223,109874,121698,128215,136338,146280,152872,162451,173427,181189
5335,39176,41521,42085,56295,59498,66800,71681,79958,86151,95766,107882,114746,119015,129202,136861,144402,154544,162585,173665,181929
5336,39122,41285,42088,55883,59784,66531,69183,81846,86134,94013,109240,110916,120246,128552,138275,146543,154536,160745,173962,181362
5337,39092,41504,42278,56059,59343,67111,72043,80691,89930,96468,109555,113766,119724,126186,138088,146337,154232,161538,173187,180331
5338,39430,41532,42294,56305,60031,66847,71886,80718,86884,96627,108296,110563,123530,125829,139289,147109,155137,161657,173944,181500
5339,39393,41994,42743,56440,60474,67501,71766,82656,86445,97442,106986,114163,119414,127038,136010,146703,154263,162270,173563,181947
5340,39176,41657,42379,53708,59765,66962,70597,80649,85786,95980,104824,110827,120356,130230,138879,147361,154268,162018,174108,182206
5341,39268,41643,42350,53596,59636,66315,71111,79435,86901,94779,106164,112551,122352,129164,139472,146334,154271,162416,174441,182362
5342,39023,41367,42185,56299,59546,66443,69898,81162,86106,94926,106156,112755,118513,126484,139301,146629,154640,162629,173659,181859
5343,39012,41283,42055,55973,59455,66450,70689,80387,87830,97534,106163,114055,119556,129494,138833,146739,153702,162129,174362,181264
5344,38890,41127,42021,55958,58995,66043,70427,80120,88445,96232,106089,113428,120977,126528,136311,147465,154043,162229,173588,181702
5345,38939,41335,42146,55058,59117,66316,70352,79969,85201,95877,110080,113508,120780,123887,136319,146233,153287,162711,173020,181282
5346,38986,41213,41980,55460,59358,67984,69147,79424,88519,99783,105772,109523,117394,126831,138958,146510,154675,161910,174278,181196
5347,38928,41116,42022,55895,58865,68889,70532,79337,88364,97261,108977,111846,118908,130682,136704,146334,154259,162528,173809,182614
5348,39010,41168,41934,55811,59762,68037,70369,79424,87980,94729,105916,111842,118063,127017,137165,145663,154289,161805,174294,181008
5349,39291,41383,42283,55356,59219,68334,71485,79558,88679,96930,108093,113817,120087,124494,139054,146750,154492,162138,173992,181184
5350,39015,41421,42189,55847,59334,67025,70741,79749,86590,94391,109104,114002,120754,126162,136143,147188,152568,161365,173745,182232
5351,39019,41338,42228,56281,59606,66066,70260,80699,86976,98208,110152,113193,119944,126487,136837,146917,154302,160944,174698,181226
5352,39089,41359,42022,55648,60039,66731,69681,76482,88607,94997,106232,113739,120834,125361,137606,147285,154852,162657,173220,181185
5353,39235,41475,42226,56101,60161,66140,69948,79518,86788,94674,107505,113143,123728,129125,140294,144464,153293,162741,174428,180996
5354,38825,41254,42068,56009,59736,66092,70434,77602,86102,101804,106800,115670,121675,124772,136636,145936,154489,162890,174599,181596
5355,39068,40885,41723,55685,59371,65526,69212,77285,88061,100534,108818,115610,119485,125083,138653,147894,154127,161682,174404,181352
5356,38623,41026,41650,55571,59234,66206,69607,79671,87437,97809,107869,113166,122429,127925,135441,145509,153407,162733,173469,181771
5357,38954,41113,41841,55588,59276,67925,70691,81021,88449,100307,110912,112614,118353,124034,136270,146318,155899,161911,173502,182326
5358,38622,40753,41480,55478,59276,67951,69071,78218,88218,94285,106336,113055,122222,126265,136166,144698,154567,162148,174433,180610
5359,39133,41127,42003,55097,59193,67496,70878,80759,87905,96387,108929,114791,119159,126457,139154,146854,153806,160971,173360,181392
5360,38938,41126,41921,55555,59424,67456,70273,79756,87792,99977,108530,114090,120279,128593,136857,147352,155478,161527,173041,181246
5361,39072,41548,42255,55622,58705,67874,70219,80127,85660,99465,109406,114343,118785,124924,138854,146622,154804,162266,173380,180451
5362,39020,41312,42000,55647,58913,66061,71465,80046,86399,100569,106997,112642,120844,125784,139733,146911,154206,162107,174141,181833
5363,39272,41485,42367,55629,59194,66554,70510,80900,87107,100647,109314,113483,121280,128523,135739,148148,154889,161832,173572,181532
5364,39365,41432,42217,55537,58998,65734,70341,80337,85412,94347,107692,113683,120562,125256,139356,147516,153574,161493,173490,182019
5365,39126,41227,42210,55901,58763,67107,70128,80153,86280,100406,106817,113424,118299,126051,138634,144812,153960,161434,174146,181128
5366,39258,41452,42180,55271,58856,66306,69863,80290,88830,98409,107281,112729,120350,126075,138804,144618,154346,161657,174724,181525
5367,38893,41192,41964,54914,58901,67876,70203,79534,86448,99834,105750,112643,118527,126390,135948,147237,154458,161390,173022,180798
5368,38683,41093,41743,55537,58602,66725,69679,79824,86740,99026,106257,112784,117099,125893,138149,146736,155030,161655,172407,181455
5369,39136,41242,42355,55409,59048,65553,70612,79615,88534,97945,105584,112998,119027,128862,139861,146154,154808,162395,173437,181751
5370,39013,41313,42030,55362,58894,65319,71980,79090,84683,100826,108634,113202,119281,126827,138938,144959,154777,161872,173189,181264
5371,38852,41002,41910,55213,58386,66253,70337,83887,85012,93844,105797,110458,116845,127927,138427,146041,155017,162043,174546,181017
5372,38987,40717,41545,55145,58392,66276,68339,80569,87991,95219,106412,112502,120465,128815,138968,147420,154866,162984,173344,182156
5373,39040,40901,41819,55675,58156,67990,70660,80190,88165,97111,108706,111985,123613,126377,139435,145958,153281,160998,172855,182251
5374,39107,41094,41897,55460,58532,67147,71349,82011,87853,96276,107233,114340,121095,126995,139370,145698,154429,161785,174089,181205
5375,39351,41338,42120,55889,59516,66176,70443,79404,87967,96849,109016,113632,118411,127953,137636,146512,154893,162077,173152,182030
5376,39178,41145,42246,55733,59507,66070,70441,79681,86478,94014,106739,113716,118107,127028,138687,144551,154396,161500,173724,181857
5377,39258,41447,42147,55936,59049,67181,70145,79392,85681,99425,109255,112156,120996,126219,138788,146021,153856,162229,172729,181841
5378,39262,41308,42030,56166,59520,66231,70518,79677,88033,98591,108896,115164,117607,128564,135909,146595,155205,162115,173677,181266
5379,39182,41200,42170,55635,59227,65498,73435,79513,84876,100955,108522,113091,117735,129824,136723,143503,154882,162503,173572,180797
5380,39008,41435,42147,55272,59169,65925,73835,78957,84853,98569,107675,113255,119029,129338,138985,146146,154935,161401,173281,181469
5381,39459,41606,42429,55735,59465,66204,71164,78966,84829,98999,108782,113232,118487,124824,138461,147010,154041,162367,173235,181520
5382,38990,41457,42171,53330,59230,66428,70117,79616,90026,101930,109081,111236,117829,126108,138888,145983,153877,162036,171866,182060
5383,39107,41587,42307,55458,59355,66139,70766,80049,88305,102102,109159,111572,118864,126204,139106,146975,154757,162312,173723,181940
5384,39196,41624,42407,55248,59210,66345,70322,81154,86626,99426,110525,113372,119402,125037,139794,147195,155126,160533,173579,181509
5385,39329,41892,42437,55598,59387,66078,74053,80764,88274,99209,108517,111636,119224,125097,138924,147392,154272,161728,173562,182277
5386,39603,42007,42714,53573,59794,66211,74172,80731,86038,100062,107173,112570,118785,126468,137183,145767,155183,161691,172495,182371
5387,39689,42313,42965,54007,60646,66803,70412,79324,86228,100640,109263,116915,120648,126095,136513,145156,154317,162630,172022,181714
5388,39568,42155,42860,54074,59486,66587,68111,80474,89138,102602,107355,116453,119304,127774,136350,145503,153879,162303,173186,181358
5389,39674,42241,43226,53780,59989,67538,70089,80057,88478,100021,108688,113387,120726,125641,137092,144215,153876,162515,172924,181201
5390,39775,42207,43014,53744,59854,66667,69639,80314,85806,99390,105602,115183,122365,127621,137385,147648,154991,160480,173175,181562
5391,39369,41839,42595,53367,59777,67040,69455,79750,85227,100583,105435,114042,121757,126361,139827,147164,155694,161698,173850,181680
5392,39261,41503,42334,53249,59743,65464,68304,79783,86493,100167,107360,111811,117812,124799,139726,145470,154238,162821,173925,181201
5393,39291,41891,42403,53305,59261,66553,68942,80810,85631,99368,106806,112534,122140,129090,138295,147373,153921,162667,173501,181545
5394,39250,41742,42557,53412,59562,66664,69066,81655,83989,99762,104962,111205,118006,126130,137110,145507,153945,162458,173501,180565
5395,39760,41945,42794,53683,59280,66977,68964,80154,85876,100500,109745,112284,119438,126723,135636,146722,153402,161878,173465,181385
5396,39606,41921,42691,53615,59477,66698,67868,79263,89319,99785,107820,112046,120137,125140,139483,145816,154245,160052,173217,181842
5397,39905,42194,43038,53797,59698,66850,69057,79940,86000,100954,107482,113982,119938,128077,136626,145369,151955,162591,173598,181483
5398,39952,42387,42940,53826,60331,66542,68719,79855,89526,99530,107444,111753,119362,124694,136158,147640,154316,162219,174030,182128
5399,40105,42501,43545,54493,59632,67373,69892,82321,88846,100505,108537,113127,121135,128389,139221,144908,154191,162087,173696,181558
5400,116,117,117,117,117,117,118,118,118,118,118,118,118,118,118,145830,118,162566,118,118
5401,38897,40217,41383,42516,43280,43750,52830,62481,68657,76631,84615,92319,101904,101904,111972,118,112306,162304,112306,112306
5402,39701,42290,42909,57471,67912,79900,87425,90743,93695,98819,106795,110815,118954,126636,139133,112306,153609,162216,174108,180283
5403,39868,42404,43065,61102,73325,87134,87598,90943,95089,102707,108080,114889,118615,125693,139033,143205,154297,118,173733,181565
5404,39868,42337,43098,61142,72825,86979,87468,90910,95309,101867,107922,113679,116743,126344,136400,147063,153807,112306,174246,180717
5405,39868,42152,43043,56100,59771,66284,87331,90491,95896,101893,105166,110838,120279,124385,136745,146910,152115,161658,174365,181040
5406,39868,42108,42891,53950,60226,66018,87319,88719,94716,102865,107711,111425,119094,129199,138034,147518,154637,163255,173704,181061
5407,39893,42497,43347,54228,60228,67013,87636,90269,94754,99272,108520,111546,120016,124514,138990,146417,155131,161442,174039,181227
5408,39992,42426,43124,54155,59741,67020,70025,90855,94823,98592,108535,111353,117694,126963,139407,147296,155261,162707,174383,181946
5409,40188,43059,43824,54747,60731,67123,70830,89847,96280,100929,109147,112528,122251,124228,139653,145493,153973,162576,174225,181997
5410,40400,42742,43819,55226,60965,66724,70671,93174,97879,101302,107595,113456,119201,125325,137789,144212,154445,160627,172386,182578
5411,40250,42980,43877,55370,61308,67562,70080,94132,99153,100814,108335,113599,118731,131124,138466,148409,154117,162257,172675,181967
5412,40423,42978,43618,54577,61093,66987,70302,89465,98176,101500,110157,116400,121981,126228,138029,147869,152207,161831,173636,181934
5413,40658,43054,43807,55123,61489,66734,81629,91551,98963,101469,108971,114929,120236,129267,137833,145923,154673,162612,173723,181252
5414,40349,43041,43728,54980,61143,66793,69327,81219,97202,101440,108479,115466,117911,130453,137231,147289,154841,162709,172489,182499
5415,40093,42756,43641,53914,60440,66780,69746,79418,96273,100819,107938,115316,121646,124761,139689,144798,154994,161924,174096,181767
5416,40270,42446,43191,54083,60011,67273,70197,92163,96585,100267,107427,112497,120916,125678,135897,147327,152183,160324,174518,182635
5417,40227,42224,43074,54242,60083,66039,88176,79097,95577,101075,107356,113817,119639,128961,135444,144627,154073,159787,174252,181897
5418,39680,41797,42596,53539,59339,65890,69889,77449,95637,100838,107096,114971,117700,127043,135772,144121,155079,162560,173872,181505
5419,40088,42264,43054,53904,59615,65993,70276,89597,95255,99923,107075,111289,118897,126597,136222,147617,155014,162057,173881,181543
5420,39749,41928,42841,53602,59569,66522,69222,78443,95623,99659,106853,111911,119476,129233,139729,147287,155876,161738,173845,181176
5421,39912,42220,42969,54032,59649,66463,68937,88861,95307,99999,107022,114393,118878,128164,139326,144608,155310,161800,173476,181805
5422,39794,42248,43189,53863,60088,65835,70214,77679,95089,99887,108396,114464,119080,126483,136465,146886,152820,162799,175168,180772
5423,40199,42420,43534,54235,60739,66475,90040,90281,96237,100604,108648,111187,117468,126111,139100,146321,153421,162669,173336,181167
5424,39856,42272,43360,54091,59881,66248,72567,79302,96039,100161,107858,111834,120675,127324,137109,143785,154643,163661,173413,181764
5425,39962,42005,43042,54080,60271,66927,70134,78821,95533,100359,108944,112769,120360,125372,139909,146804,152158,162353,172876,181770
5426,39842,42410,43069,54297,60711,66027,70908,92231,96441,101211,108817,114099,119325,127247,139570,147567,155195,162147,174341,181808
5427,39646,42159,42929,54136,60059,66407,69007,80498,95896,101560,105515,114738,120807,127849,140800,144418,155005,162143,173569,181620
5428,39717,42192,43050,53960,60635,66180,69090,80537,96096,101423,106877,113719,122587,126904,136704,147711,155495,162102,173099,181398
5429,39670,42105,43204,54224,60434,66818,68756,86937,96183,100594,106756,112855,119645,124746,139753,147879,154484,163090,173409,181251
5430,39643,42017,43133,53996,60126,66278,88352,79571,95510,99915,106076,111863,117246,125984,139195,146224,153850,162934,172892,181336
5431,39760,42151,43260,54287,60791,66459,71978,90317,97673,100927,107350,113134,119973,128339,137375,147004,155265,162684,174378,180930
5432,40068,42369,43392,54635,60927,66499,68793,78234,96696,100430,107592,112545,122803,124868,138571,146932,152730,162485,174108,181593
5433,40133,42698,43880,54801,61055,66712,70391,81402,98598,101143,108123,112037,119485,126421,139633,146534,154907,161873,174202,181049
5434,40456,42965,44227,55579,61121,67153,69894,89566,99641,102312,107977,112654,120558,126099,140144,147149,154343,162281,173139,180671
5435,40373,43043,44170,55494,60475,66376,69513,79780,100061,102125,108930,114248,116435,126369,136242,148143,153156,161969,173361,182133
5436,40286,42829,43786,55226,61248,66796,82194,80736,98088,101945,109460,113480,119690,125324,136674,145299,154284,161706,173315,181265
5437,40374,43179,44112,55478,61075,66259,69991,87479,100220,102167,108362,114324,120597,128318,140628,147011,154491,161941,175697,182125
5438,40150,42625,43850,55373,61306,65897,70170,80411,87965,101782,108634,113444,120764,127728,140372,146319,152553,162271,174567,181308
5439,39951,42986,44041,55559,60885,65950,68913,81100,93528,102085,107261,113494,118811,126752,138861,147381,154598,161633,173676,181778
5440,39564,42901,43950,55508,60760,66744,84118,92232,94021,101307,107516,112005,122387,126029,139427,146625,154261,162392,173933,180932
5441,39803,42583,44016,55483,60696,66521,69706,79602,98879,102361,109090,111289,119488,124818,138439,146923,155317,161929,174657,180840
5442,39740,42457,43437,54366,60188,66461,68882,77752,86409,100395,109006,111029,120154,128800,138878,146634,154541,162289,173679,181782
5443,39714,42332,43409,54511,60243,66960,69700,90277,96514,102065,108152,110979,118349,124125,137054,147788,154476,162063,173559,181699
5444,39655,42450,43239,54624,60201,66591,82149,77211,95932,103102,106833,111432,118948,124292,139696,147886,154074,163853,173087,181508
5445,39812,42438,43082,54710,59920,67049,72372,90374,87006,101911,107160,112120,119273,127348,138974,144812,154372,163252,173467,182125
5446,39915,42826,43712,55441,60656,66618,69977,81989,97598,102360,108855,112180,117720,123502,137900,146305,154406,162770,173487,180565
5447,40049,43316,44242,56163,60868,66450,69544,81317,99791,103502,108683,113569,118500,130627,138015,146360,154055,161792,173413,181715
5448,39866,42953,43715,55553,60926,66188,68442,80188,86940,101352,108719,115400,122620,130159,139728,147160,154981,161523,173748,181833
5449,39763,43092,43909,55932,60806,66457,90634,93389,96728,103073,107809,112342,120346,129372,138384,146595,154847,162944,174208,182154
5450,40154,42957,43758,55825,61319,66348,69858,77838,88868,102338,108961,114610,120607,124931,139074,146775,154175,161680,173494,181851
5451,40418,43247,44152,56043,61395,66187,69590,78015,100141,103533,108752,113441,122834,125787,140045,147312,152018,162594,173964,182244
5452,40212,42733,43676,55396,61072,66416,68431,93517,87343,102404,108958,113452,117863,126508,139498,146065,156361,162160,174035,181736
5453,40309,43366,44293,56062,60840,66722,69582,80179,96117,103317,108760,115162,121394,127283,139360,146186,153956,162203,173292,181345
5454,39974,43081,43983,55497,60883,66449,70410,80971,95680,101506,109261,114687,122607,130160,140066,145985,154779,163121,173290,182254
5455,40317,43083,44179,55900,61021,66755,91599,78711,99899,101361,107839,111463,118516,129959,139602,148095,153853,162312,173363,180754
5456,40764,43373,44404,55939,60777,66944,69829,91911,87675,103210,109222,115016,118437,130047,140085,147098,152020,162421,174305,180933
5457,41209,43412,44666,55847,61021,66650,70044,80072,91106,102688,111044,115456,120549,128123,138655,146825,152293,162946,173649,181366
5458,40837,43326,44161,56005,60447,66551,69792,79751,96409,103343,110380,116175,118239,126663,138649,144279,154536,162295,173389,181774
5459,40745,43755,44651,56543,60640,66750,70903,85097,93728,103248,108852,114100,123246,126890,140003,146152,154397,162522,174432,183016
5460,40414,43142,44182,56284,59818,66188,69467,81831,94010,103217,107849,113493,122068,130064,139025,146894,154577,161451,173066,182153
5461,40581,43392,44892,56413,60236,67097,70165,82618,94190,103172,108683,115393,121098,129609,139993,146208,155283,161077,173346,181847
5462,40838,43088,44066,55702,59589,66666,77734,90865,85394,102949,108118,113567,117542,129021,138498,146548,154764,162803,173262,182396
5463,40564,43447,44501,56329,60281,66530,69842,80770,96362,102918,109944,116215,117617,127666,139953,145035,153464,161704,174765,181525
5464,40191,43175,44234,55865,59568,66409,70059,78379,95515,101829,108776,116093,120208,126745,139575,148368,153768,161673,175324,181763
5465,40394,43110,44006,55655,60214,66321,82775,87302,94855,102534,108092,115278,119671,127218,137177,148271,155097,162602,174235,182656
5466,40149,42921,44007,55388,60729,66374,69838,76756,100126,101741,107249,114122,116972,130134,138545,147379,154764,162523,173870,181121
5467,40212,43381,44311,56088,60631,67055,70298,94563,86759,102409,106062,113646,120534,125963,140305,144348,152648,162752,174538,181656
5468,40169,42980,44015,55908,60836,66657,69054,77334,95353,102782,109149,115508,117704,126540,139298,148207,153884,162882,175133,182200
5469,40532,43478,44831,56073,60760,66663,84720,77893,95524,102293,109015,114388,119607,126485,139659,144885,154815,162179,173548,181519
5470,40583,43449,44697,56322,59471,66995,70508,94622,87384,103921,108490,112805,119273,128107,140388,147331,153805,162351,174483,181024
5471,40530,43604,44762,56610,59716,66996,70142,81315,97590,103878,108615,115249,119854,128833,137851,147272,154877,163072,174213,182499
5472,40263,43129,44266,56264,60381,67262,71087,78370,96796,103416,107884,115933,121458,127383,136867,147971,154102,163537,172556,181374
5473,40480,43028,44534,56142,61411,67289,70606,81523,85539,103304,108656,114219,118441,126476,139306,146433,154896,161983,174952,182425
5474,40172,43259,44169,56126,61098,67138,70847,93794,97517,103675,111630,116375,119088,129344,140188,146783,155424,162831,173778,182282
5475,40371,43159,44169,55938,60783,66563,78061,80667,96783,102939,107737,116869,120372,127890,140775,148244,155123,163090,174387,181970
5476,40107,42977,43723,55566,60428,67265,71989,78890,94897,101765,107848,114087,119469,127659,140051,146499,155991,162607,174094,180882
5477,39954,42817,43931,55684,60281,66536,69714,80104,84945,102134,109118,113827,117632,130005,139988,147898,155711,162974,173856,182534
5478,39898,42500,43419,54532,60661,66063,70918,93112,94082,101706,106852,113592,119884,124999,139659,145615,155547,162434,173937,181674
5479,40072,42634,43561,54834,60771,66248,89201,80377,97928,100995,107737,112326,121214,126857,138156,148366,154206,162238,174055,182278
5480,39975,42566,43516,54903,61312,66197,69816,79618,98139,102553,107352,112983,119393,128789,139607,148233,153747,162462,173850,182235
5481,39771,42650,43834,55387,60931,66741,69565,78392,88723,101582,107342,112477,121308,128114,136772,147213,155599,163208,174544,181829
5482,39898,42955,44175,56001,61880,66871,70309,95739,95563,101935,107794,113852,120705,129006,140450,148792,154849,162879,173179,182134
5483,40327,43313,44450,56158,61055,67627,71052,82062,97630,104262,108114,116631,120552,125636,139720,145777,152996,161661,173561,181622
5484,40200,43435,44397,56239,59866,67364,70296,80399,87774,101843,107434,114727,121775,128159,138736,147587,153229,162903,173336,182864
5485,40296,43115,44302,56031,60095,67503,70966,78808,97728,102146,106799,114372,121509,128643,140520,147197,154826,160705,173546,181623
5486,40193,43099,44420,56199,59726,67330,84664,81126,97049,102003,108569,114055,119940,128533,135606,146030,154724,162339,173796,181821
5487,40074,43039,44296,55724,59345,67756,71001,94960,85121,101123,107701,115058,119915,129009,139453,147284,156304,161947,173644,182262
5488,39611,42534,43935,55725,59138,67047,70026,80446,94569,100593,107172,113721,116914,128740,138380,147031,154154,162912,173385,182290
5489,39908,42799,44096,55644,62203,67899,70051,80508,95422,102234,107196,113378,119786,127855,137213,147941,155350,162011,174092,182606
5490,39697,42610,44041,55504,60059,67339,70872,80022,95402,101935,106187,113926,119923,128436,139419,147867,153748,162939,173714,181634
5491,39915,42501,44059,55706,60655,67124,70779,79257,98028,102291,107186,113718,120928,128922,139647,146000,154750,163262,173650,181105
5492,40117,42375,43747,55504,60438,67439,82590,91920,86909,101492,106525,112949,121351,128626,139673,146825,154767,162954,174864,182432
5493,39534,42974,44008,55498,60442,66833,73107,81541,95249,102009,108351,114430,120264,130095,139660,147816,154483,163048,174072,181953
5494,40046,43026,44399,56071,60694,67323,69882,80634,100139,102815,108810,114728,119811,128989,139259,146238,155156,162732,174095,181784
5495,40582,43619,44549,56433,60268,67319,69966,79060,85886,103487,109147,112309,120998,128511,139912,147467,155854,163022,174796,182054
5496,40686,43259,44428,55645,59915,66947,70354,96648,97035,102524,108860,113698,119538,126624,140051,148235,154927,162900,175257,182827
5497,40535,43156,44715,56211,60369,67312,75606,78926,97932,102629,108924,115569,122563,127496,139836,147363,155561,163268,174741,181849
5498,40443,43008,44456,56023,59886,67146,72274,76872,84587,102725,107905,115073,119579,124307,139005,147371,154438,163378,174212,182117
5499,40285,43338,44570,56003,59414,67296,71917,87117,97691,102363,109968,115121,119880,128068,140048,145946,156032,163385,174931,181574
5500,40180,43138,44442,56119,59155,67290,70533,81604,97424,101357,107877,113164,122979,127473,139984,147943,154860,162732,174829,182880
5501,39855,43141,44097,55982,59671,66525,84653,78473,84462,101690,107133,113150,119981,126823,138628,144742,155269,163141,175065,181890
5502,39995,42806,43868,55803,60181,66127,69620,95075,94404,102271,109592,114583,118814,125418,140245,147594,154653,162232,174283,181398
5503,40383,43242,44364,55968,60904,66916,70241,78528,96629,102809,108251,113913,117709,127702,139530,147877,154991,162546,173744,181863
5504,40474,43306,44722,56098,60641,67297,72379,81681,97151,101719,108237,114865,119610,127287,138409,147841,155416,163013,174821,181425
5505,40313,43241,44573,56055,59939,67206,69763,81279,95298,101217,107071,114364,119090,129161,139474,146845,155114,162899,174831,181795
5506,40626,43232,44316,55951,59640,67018,70326,91015,85433,102837,108000,111651,119504,126419,140793,148211,154554,163117,175193,180862
5507,39935,43370,44797,56554,60400,67336,93103,80429,97305,104646,110588,116873,120487,127512,138786,146734,155799,162925,175311,182074
5508,40067,42880,44338,55899,60009,67874,70549,80088,97969,102025,108613,113753,120567,129980,140169,146946,155363,164198,173521,183213
5509,40373,43266,44299,56459,60259,67343,70637,81645,88585,101980,108880,114080,119213,127419,139466,147330,152745,163655,175710,181440
5510,40142,43030,44455,56171,60371,66886,71442,96505,97296,102107,108001,114820,119569,126596,136369,147481,155427,161807,174382,181549
5511,39725,42752,44058,55664,60348,67283,70247,79450,97102,101837,108559,114938,118895,127190,140941,147582,154538,162386,173771,181383
5512,40064,42546,43918,55724,60499,67104,71775,78064,87541,101264,110183,114171,119012,126280,139812,145678,154190,162116,174838,182388
5513,50394,56069,58853,66724,68795,78310,82678,104721,140828,144368,145696,146966,150968,152200,156211,147430,162549,163687,174156,180621
5514,50155,58006,62719,64725,71979,93867,108510,122036,149438,231776,231776,231776,233023,233023,233701,161416,234863,161907,236405,237962
5515,50023,54040,60433,64090,68763,71410,73254,81523,83614,106601,116610,130251,219448,219448,219448,233701,219448,162626,219448,219448
5516,50613,53606,61644,66593,69147,73488,74349,74612,83120,94806,108493,119624,138924,140026,218552,219448,218552,164739,218552,218552
5517,50390,53428,61067,65899,68535,72325,73983,77000,83299,95004,105514,121607,124145,132467,149965,218552,217586,236405,217586,217586
5518,49503,56465,60034,64156,68263,72644,73553,80986,83298,93039,100968,178353,122298,164189,140722,158908,166257,219448,212746,212746
5519,51616,54660,61946,64855,71587,73785,73262,78390,84521,95862,110280,125952,128549,143599,145677,212746,231460,218552,231460,231460
5520,50781,54431,61008,63264,71022,74585,73723,81684,83359,93139,127133,111523,126041,134647,138259,164137,166534,217586,230976,230976
5521,50753,54420,60213,66457,71145,73080,76818,74865,84244,92463,109591,111795,126304,135644,231970,154689,158773,212746,231970,231970
5522,50269,53814,60870,65582,70444,72325,74113,75376,84493,95107,104937,111543,125436,225412,152225,149213,156503,231460,182003,225412
5523,50359,53747,60789,65527,67615,70770,73721,75153,84906,147218,158026,110461,126407,140549,144064,147607,223548,168048,223548,223548
5524,49821,54822,59816,63524,68018,70932,72087,79265,82017,99610,110525,177276,192004,130750,140343,223548,158370,168233,181298,211059
5525,49776,55988,60871,63460,68807,75703,76712,82671,114941,100141,108032,125697,138812,133270,143287,155302,162153,225412,186919,220705
5526,49640,54228,60800,67475,69918,71869,75839,74741,90508,97488,105446,115474,124754,132139,142606,152862,160112,174027,216745,216745
5527,49666,54651,61207,66059,67654,74242,74185,91697,84599,97613,107678,115948,125194,133629,144120,150211,219066,164808,186451,219066
5528,50637,55431,60606,64379,69641,72022,74061,80290,83025,93710,107093,115281,124371,132917,196353,152484,168425,220705,181127,215289
5529,49734,55728,60709,64348,64440,75377,75456,81317,132696,96127,106590,114212,124281,132842,148517,215289,159780,171045,214538,214538
5530,50605,54907,61139,64770,68319,73310,73943,78076,95369,147041,128806,109475,120833,204675,140340,157034,158757,184273,182097,186000
5531,50587,55716,61769,67151,68026,75746,76685,114995,88529,105446,116682,185177,222577,149082,144680,148187,222577,215289,222577,222577
5532,50645,56572,60972,66486,67922,71611,75875,83827,86824,96825,108590,126534,139556,133946,144428,153100,161659,169423,187899,221342
5533,49689,55168,60906,67302,68884,73810,70614,76226,91362,100344,105967,118444,126698,135234,226344,221342,164107,166022,178561,195211
5534,49310,55689,61863,66327,68754,70176,71869,79442,91610,98266,108463,111102,126411,134793,153367,162994,157228,222577,224031,224031
5535,50646,55806,63029,66918,68655,75083,75451,79246,84749,99225,169786,111039,126291,134689,144006,154319,219482,173957,186954,194265
5536,50171,55239,60115,62405,67963,69182,72908,74283,81473,94489,110396,110561,123706,129955,140752,147172,157294,166682,208771,208748
5537,50157,56293,60720,66856,68352,71242,74656,82370,107801,98896,107596,116123,128491,220000,144365,143499,161413,224031,187393,220000
5538,51646,59785,63180,67805,69205,71902,76705,80158,90042,99448,106921,146704,127304,141349,145539,220000,218440,173115,218440,191129
5539,51850,56691,61999,67287,69658,71493,76625,76275,91447,136969,105716,119655,128526,134609,145622,159500,171771,163678,187679,221135
5540,51560,59923,61518,65930,70798,71234,76158,115531,90758,100615,105175,110826,127331,134089,218546,153680,160525,220000,179523,189962
5541,53658,59435,61140,68961,69270,71848,75477,85925,90829,99023,105645,118995,126388,134938,150010,147474,160842,175754,216752,216752
5542,51254,55691,60155,67635,68765,73542,73771,79664,84313,98713,105305,170839,123070,130312,140344,148075,203930,167541,181239,205652
5543,51656,57461,61258,67906,69915,73077,74443,85570,133557,102978,181228,129036,197038,135338,143178,203930,169639,218546,216535,216535
5544,54225,59403,62947,67371,70080,72698,72746,81887,99031,100559,113822,115598,138139,154113,144382,157934,159207,171520,186804,216038
5545,54229,60745,63271,68452,70960,70969,76362,83066,86707,102304,109682,121722,130290,141333,146271,151813,224073,185780,190721,193209
5546,52004,59524,62189,66747,69713,71634,76191,83447,84377,101604,109053,121803,128622,135599,145703,155179,162563,216535,224219,224219
5547,54403,59638,63550,67014,69905,71029,76466,82845,84822,102465,106285,121134,129112,225685,225685,224219,166923,170569,190088,193884
5548,54931,56507,60886,68298,69642,71433,74208,78930,83487,98469,106811,111098,125434,137093,146853,162409,158355,165377,175408,213309
5549,53955,60010,64007,68432,70587,71496,77107,82815,89074,108802,108687,115820,130425,133685,144837,148950,159920,224219,221136,221136
5550,53563,59550,62881,68458,70811,72408,76627,81296,133268,100142,106871,114680,125543,134783,144422,153054,217590,176582,184372,190009
5551,54583,59627,63450,67414,70793,73107,75804,82500,99870,102495,107266,183252,128983,133493,145656,151106,170544,167374,219662,219662
5552,54456,60213,63888,68544,71063,73673,75307,82290,88913,124020,109471,125396,128184,134946,143713,219662,159864,221136,184335,186240
5553,54264,60159,63079,68675,70901,72656,75378,82176,88607,102541,109619,115252,127303,134008,143363,157476,160021,174910,175773,215879
5554,54515,60039,62008,68186,69123,70531,72780,81347,84022,97252,105720,110385,185011,131812,203198,151656,203198,164132,203198,203668
5555,55597,59630,62537,68381,71938,73398,75291,79584,86949,102868,179704,114737,138016,215392,155076,148917,168427,216675,215392,215392
5556,54006,58876,63027,69751,70867,73688,74845,79637,85867,101206,113308,113691,127298,139551,142871,151316,159701,170970,184651,213985
5557,53705,59803,63097,69289,71142,72595,74259,82510,88424,100517,110158,113400,130317,135429,143836,213985,217823,163818,217823,217823
5558,54164,59377,63035,70071,71006,73416,74787,84102,89080,99011,109444,181270,128403,134609,143410,158399,170894,215392,184191,188908
5559,54233,59947,63006,69430,71789,75009,78364,84013,126141,157099,109612,125623,130274,136809,158101,157072,162086,172337,177144,223135
5560,54078,60365,62791,69273,71717,70451,78279,83489,94139,104514,107533,116619,129725,136863,145554,153826,165469,217823,223004,189502
5561,54173,60574,62906,69403,71834,79383,78355,83571,92632,99359,105701,114644,129524,136075,222629,152162,222629,173018,187668,222629
5562,54942,60070,62413,67973,71633,71877,73642,81809,84863,97765,103694,108343,120951,132809,145859,222629,161032,166125,208851,208851
5563,55694,59603,63971,68096,69802,72739,74339,85232,89373,99522,109384,118025,196851,217199,148223,152780,163692,223004,183905,217199
5564,53758,61082,63723,68000,70718,72782,74805,82195,90498,97901,107846,112732,137430,140108,142750,151825,159660,173591,215936,189733
5565,54306,59879,63559,69279,70901,76080,74658,79738,88207,98330,109194,182007,125808,133861,143656,150954,217940,164473,184928,217940
5566,52485,59790,63833,69185,70761,74276,74555,81874,88190,97929,134555,124187,128270,134702,143794,152876,168171,217199,217141,217141
5567,52782,60471,63024,68478,71193,73934,75400,84754,89116,99110,109622,116899,124710,135325,149342,217141,160417,169416,184871,185938
5568,55440,60832,63861,68273,70417,70994,73526,83789,126949,97715,106449,112655,124378,131710,205914,157614,155588,217940,177317,206210
5569,53569,61256,63855,68699,71841,77699,76253,83755,99010,101372,109711,119595,126946,137469,157290,148901,219701,170241,219701,219701
5570,54372,60761,64042,67863,72020,79256,74665,83775,91341,98975,108210,115162,125425,134234,144544,152998,165595,164345,184697,218862
5571,54642,62050,64663,67772,70094,73824,75032,84468,91494,156048,169954,117810,126375,222742,144043,151129,160863,205914,222742,194192
5572,54190,61250,64186,67171,71939,73116,74324,83913,87265,104360,117305,117787,200420,139621,143912,222742,169481,184712,185788,220872
5573,53964,61386,64309,67520,69927,72083,75044,84416,91058,102035,110399,122358,138987,134822,144671,158363,224976,170562,181182,197088
5574,54663,57703,63207,65765,70234,72862,74194,81641,86753,100113,105563,148680,125568,133121,212222,153399,157949,222742,212222,212495
5575,53889,61577,63497,67731,71455,73291,74767,84039,90089,102766,110670,126016,127227,134898,158514,149843,166733,171396,188388,223593
5576,54084,57618,63768,67533,69505,72414,76549,83716,91103,98253,108894,118431,126301,135189,143072,154364,159722,170084,221030,191611
5577,52672,57862,64141,66880,69172,71699,74572,85107,89875,99766,109655,119494,126788,134764,146183,221030,222361,212222,187521,222361
5578,53233,57331,63292,66441,71012,74873,78026,84685,87279,98799,107700,118563,126513,135176,145232,159600,160800,173055,175646,188485
5579,53617,57741,62854,66666,69537,72356,74661,83875,116231,98730,106530,116617,127349,223515,146191,152567,161851,221030,223515,223515
5580,54327,56732,63739,67328,69933,72367,74352,82776,88232,98410,107711,175120,123508,137188,141265,152047,157176,173660,182699,187159
5581,54150,58528,64260,68725,71271,73573,75958,84432,92844,102345,111515,128135,158047,137130,224889,149287,224889,167934,224889,224889
5582,53871,58942,64261,68306,70873,73014,74635,79686,93325,102048,120068,117712,128186,136229,152337,224889,163372,223515,190553,225548
5583,54424,59430,64038,68980,71685,73900,75452,84206,92481,101831,111705,114540,130694,138024,147027,161846,159470,165629,180573,195530
5584,53969,59218,64645,69132,72210,73708,75203,79807,88053,99630,110001,113974,130945,135116,142866,155365,159334,175146,231244,187972
5585,54978,62035,64534,68629,71384,75081,75047,83456,88042,102666,150594,116599,130793,133144,142306,150199,231225,188154,184278,231225
5586,54889,57792,62587,67751,72079,72026,72733,81723,85726,98876,109800,115209,130168,125717,138212,151045,160458,178044,176679,187657
5587,54507,58932,63201,70633,71106,72383,76669,84744,139304,161344,111132,119516,209648,231467,147092,147087,166152,231244,231467,231467
5588,53815,59268,64647,64314,71145,73922,75110,83347,98884,105458,109414,192385,136315,143650,230797,231467,159715,167681,180242,195080
5589,53570,59910,64927,69496,71918,73033,75735,82512,93630,102587,110613,129103,130746,137626,155627,156359,234595,163368,182955,234595
5590,53765,59010,64788,68601,71004,74764,75053,83724,89912,101605,107802,116812,126070,132766,142426,151474,166748,231467,231552,195596
5591,54767,59151,63274,69331,70936,73604,74861,81802,88166,102673,110437,115455,122667,132812,141738,151904,159434,167681,180774,189269
5592,54258,57322,62873,68287,70256,71904,73215,78611,82900,96111,108645,113013,118603,127974,137806,151530,155572,168959,173699,214030
5593,54001,58496,64504,69760,71122,72449,74679,127068,92507,100273,127729,116818,126625,136145,145704,214030,162991,231552,225893,225893
5594,54181,58319,63342,68837,68092,74705,74612,91266,92620,100421,111817,114316,126233,135630,146008,162129,225348,168332,183977,191038
5595,55017,59145,63811,68965,72570,73694,76768,84984,93556,102728,108290,114466,128119,137182,146161,153284,164802,165239,179834,230323
5596,54605,59105,64025,68421,71041,73549,74645,80913,87864,102189,111596,115794,130090,210281,231920,150405,159342,225893,231920,195199
5597,55142,59892,66182,69145,71736,74063,75648,84683,89152,102368,110604,142014,214464,146384,156259,150019,161239,174387,183079,189109
5598,55111,57473,62479,66316,66790,74407,75310,78917,82915,96082,150739,112659,131400,127738,137627,236851,214236,167150,174467,214236
5599,54422,57741,62574,66222,67486,72361,74970,85369,99673,100408,116833,116776,127573,134631,145452,150911,172179,168180,223035,223035
5600,54528,57416,62714,65576,66721,72499,75896,82648,90322,100872,109814,184014,125536,133019,144638,154029,160280,236851,186912,193262
5601,53953,57482,62568,66524,70147,72065,75006,83666,95106,101296,110471,124961,125692,135860,145884,152055,162017,166818,224705,224705
5602,54271,57047,62053,65694,66761,72042,76241,81797,86741,101920,108080,116191,126339,134808,144858,153570,222179,164944,187699,194266
5603,54800,57373,62181,66314,67170,73607,75672,82754,137181,102130,107773,115208,126548,204995,146294,149044,163242,220260,178300,226142
5604,54413,58328,62673,65559,66996,72202,74866,79496,94445,99231,104957,113142,122502,137730,212324,226142,154906,174125,212324,188199
5605,55643,59417,63012,69898,67429,73139,75995,83085,90175,107121,112508,116816,128129,134985,159851,151620,161356,164428,192622,225574
5606,54811,59188,64048,65711,66950,74273,75943,81227,86475,100291,108083,113662,125448,132761,144486,153319,220037,226142,220037,193729
5607,55166,59611,63924,65485,66850,71633,76116,81533,91782,117052,170207,113140,204111,133880,145496,148639,161268,166137,194340,224179
5608,54429,59358,63080,67473,67784,72077,75208,79988,86547,102998,114191,182419,131738,132725,143241,204111,164131,173478,183372,188638
5609,54740,58873,61275,66225,68004,71328,75773,82837,91581,101485,111261,123061,125746,154280,143358,156052,183769,220037,181360,220679
5610,54524,58652,61921,67665,69261,73648,73929,83230,91008,97485,107232,112345,120933,131287,140765,152773,160398,174186,209269,197314
5611,54081,58951,63458,67831,67764,73470,77808,81745,88942,102781,110841,116768,125831,220771,220771,152672,220771,165928,220771,220771
5612,53700,59377,62176,69652,71641,69369,76423,80304,88742,99084,110987,114809,122022,138218,147529,220771,162146,220679,187620,189894
5613,54325,59059,61958,68154,69003,69223,76410,80702,85549,151418,109718,116261,122567,130685,142218,156684,159423,165994,188249,216378
5614,54649,60481,61604,65942,65974,70278,73501,81779,118819,105203,109156,114073,126081,129581,141521,152090,157765,220771,184914,211100
5615,53000,58394,61539,65953,66229,73718,75764,81898,97574,103715,109019,177162,212544,129908,141764,150674,212544,167754,212544,212544
5616,53163,58935,60883,66563,68288,70366,75132,80620,83189,97484,107622,118116,130180,126932,138399,150977,159536,171122,177211,202859
5617,53343,58727,61921,66290,72146,74746,78262,83080,94551,103271,110935,118829,126916,215249,215249,201599,215249,211100,215249,216263
5618,53857,59042,61964,66561,68725,77627,75702,82080,84615,99521,112351,114223,123454,138248,148041,164885,165768,166784,212579,186703
5619,53954,59308,60914,67549,70703,74584,77622,83583,86118,100066,113158,115821,125973,136873,144185,151688,160812,183127,191526,220959
5620,55008,58877,61521,66349,69053,75949,74823,82785,94491,98913,112613,116122,122719,129879,142676,153047,160293,215249,181717,217112
5621,54877,58578,62759,68210,68904,72173,74137,82067,89948,99976,120292,115101,122002,129302,142807,165402,216396,167768,216396,199444
5622,52208,58732,60574,68199,68414,76935,78742,80619,121986,98215,110208,153199,119990,127494,202473,216396,162410,171444,178662,202792
5623,53751,59750,60759,70567,69685,71878,78473,83267,95379,101480,112842,124009,212874,212874,153316,150783,165770,216585,212874,214370
5624,53607,59123,60773,70831,73182,71765,76489,80474,94373,101633,117293,113571,133623,142728,145610,154357,157477,169632,183773,208851
5625,53983,58899,62823,67539,72893,71641,77319,81349,95302,105525,112046,116403,126329,136438,148752,148931,213739,202473,213739,213986
5626,53658,58695,62526,71890,69632,71335,74536,80910,85286,101657,118929,114228,123592,129466,140718,150643,164803,178839,182987,209833
5627,53128,58628,60744,67802,74448,71375,74962,81286,91589,103732,111193,175390,124759,129854,141151,209833,159403,170276,210993,210993
5628,51898,58454,60927,69725,68622,73874,74381,79274,91705,98398,109600,114543,116498,127280,192311,155234,192311,213739,175231,187336
5629,53279,58848,62283,67938,73301,71654,74579,100279,94047,126243,187086,119497,125244,148150,151652,146018,174001,170430,205877,211410
5630,53145,59178,62549,70264,74125,71530,76255,82652,94879,102657,117587,113311,125178,134497,145301,205877,165304,210993,206829,206829
5631,54478,59043,64272,71296,69593,74412,77658,80531,95043,103328,110195,114659,214550,214550,148297,153494,214550,161823,214550,214550
5632,53363,56876,63531,71512,69487,74697,79177,79401,84507,99376,110825,114636,135378,137942,142015,150569,166187,205877,184011,213300
5633,54988,57313,63768,69877,74032,74244,76642,83735,89657,102087,113324,180858,132079,132028,217635,151699,160233,176470,187258,218208
5634,53742,60371,62661,69465,70859,72043,75568,80449,88022,98983,108271,120142,122254,127293,147830,217635,158628,172953,204002,187229
5635,54920,58061,62410,71998,74042,73125,76822,81730,100158,102982,111954,118583,127178,138375,147967,153012,215597,213300,215597,215597
5636,54463,57270,61802,69469,73208,74700,79315,82664,92514,100779,112077,114511,125175,130680,142799,158726,165222,171460,182500,213220
5637,55157,59052,63464,71864,72165,74817,76833,81404,90668,103237,112039,117221,127244,219530,143253,151697,161026,204002,219530,219530
5638,55934,60584,63401,70608,70877,74903,76505,81915,87187,105737,112344,119108,123882,141617,144274,153076,220997,181320,189598,192173
5639,54883,59895,64223,71222,77410,74657,78007,92921,136380,104836,114271,119394,126216,137353,228282,220997,162985,172589,182346,228282
5640,54709,60111,65320,69853,70878,79365,78387,83206,97148,99868,111544,114141,121702,130679,151029,161998,160711,219530,222194,191955
5641,67373,70138,75142,80678,87591,91214,97563,111471,118923,192834,158944,212634,273569,199833,217003,151342,253394,175564,302158,365538
5642,67277,70104,71061,83240,84620,88773,92660,100267,111664,124016,123647,141090,157439,159834,176087,236751,192270,170725,217366,233748
5643,66834,70953,70953,79753,84122,89787,90003,99910,108101,111755,126470,133560,141103,147417,158527,179076,176277,222194,195851,209561
5644,66278,69669,72084,79278,85267,89631,92405,101183,106464,118613,132759,132037,144149,152568,165118,162765,185498,275489,205252,215719
5645,66696,71930,70471,80148,80855,88368,88899,100485,110946,118944,127882,135024,136821,140485,159563,171725,173084,203818,191500,206496
5646,66189,70670,72339,81574,84890,88530,93425,105448,112155,114416,126761,136507,143608,151595,166924,162009,187892,186745,205523,219831
5647,64702,69977,70523,77965,81347,86700,89877,101509,110994,117057,127697,121558,139161,139965,161795,178899,175600,193003,194173,204237
5648,65180,70262,72564,81812,82505,88922,89972,102241,111450,118824,129369,125740,139906,147307,163431,161364,182120,182433,204774,212919
5649,64314,66875,69889,78066,80757,87350,87567,102350,108305,117714,123355,127542,136679,143662,155973,170214,175419,193698,195128,203700
5650,64042,67433,70418,76705,82905,85530,89231,103676,112010,114932,121012,130466,141424,148802,162533,171595,185581,183784,201800,213094
5651,63704,67588,69981,75473,79343,89335,87003,98312,104665,116863,128491,126789,137817,146013,155798,176582,171886,186089,197244,205485
5652,63880,68639,71151,79978,80412,86238,88642,103016,105197,115287,122381,134309,136308,152181,164923,162646,186998,183570,207509,221005
5653,64445,68537,68886,81023,79529,83395,87972,99126,103964,114441,120132,131044,140865,143756,160213,178589,174927,193876,198005,207589
5654,66357,68359,71259,76758,82037,83881,90865,100989,108843,114660,129198,132134,147807,156398,168316,163730,184209,182886,207295,216276
5655,65809,68776,69501,79931,81356,85969,88431,99800,108828,113350,129101,135174,139066,145759,150108,170199,175260,193015,192717,198819
5656,64281,69128,69128,78458,78142,85518,89488,100161,108728,113708,134616,140166,142096,152128,159423,162459,177070,188740,200720,218237
5657,64156,68255,68074,77652,80448,84118,89025,98385,105625,109185,127588,130938,138684,144142,149556,164095,169092,196567,189397,194516
5658,64990,69490,69490,77954,78519,86041,87856,99819,108192,113520,129670,136097,142833,150323,161147,161166,180889,182584,203294,214552
5659,64320,68924,69015,78596,81485,87424,88027,99865,105851,112892,127034,132575,138816,148098,159115,172476,168064,191777,190744,204494
5660,66008,70427,70427,79061,80686,86640,88796,99669,104146,117851,122566,136694,143287,152078,162767,162851,175672,181707,203137,212265
5661,68014,73383,70944,80737,85610,92089,89868,100982,104298,115418,121968,136431,140075,145938,158372,170554,168872,196160,190692,200428
5662,68241,71965,72345,80123,83787,87427,90610,100760,108334,115609,133981,136982,141357,148843,158566,157501,177261,179272,200724,215525
5663,66653,70228,72434,80374,87614,92278,89499,98718,105383,109725,129621,133709,140001,144617,156200,170773,172712,185850,192534,198520
5664,68905,72104,71153,80081,85382,86704,94802,99618,108869,114566,122435,142171,143503,149936,161121,164151,184201,180723,201228,222863
5665,69367,70985,71847,80970,86404,91349,89825,99382,106711,116712,118664,137176,142496,146853,160014,168951,173437,190625,202705,206584
5666,67655,70896,74022,79038,85164,89069,93944,99807,107079,115109,125023,133499,142372,149432,164655,165846,178528,180787,203586,215035
5667,68298,72694,70596,81814,85010,91184,89073,102532,110013,120181,122596,129515,135578,136528,156629,174832,170980,192978,193355,199777
5668,71057,72153,75576,81104,87468,92285,93594,101236,106087,116334,128320,131711,144804,153683,163184,160038,184933,184456,205476,216596
5669,69157,68604,75367,80106,84027,92249,91370,99969,103462,111980,127715,126432,141374,143424,157573,175457,168934,188012,193756,201161
5670,69402,71738,75525,78951,85918,89461,92119,102221,109230,114960,125089,138943,141869,150261,159416,159111,174523,182901,202612,211899
5671,65101,67880,72521,77997,82897,88890,91529,100853,110387,120100,121944,126205,133884,144277,157157,169468,169016,189461,196095,205545
5672,66072,69079,73669,80296,83535,89382,94828,100251,112430,117032,122978,135664,134364,146825,158869,159819,178391,185093,201755,213165
5673,64865,69172,68743,79476,83742,86863,89748,108554,110282,118444,128920,126263,135313,143070,154904,169045,173371,187530,193671,202727
5674,66007,70457,69069,81195,84498,85932,92294,100915,107724,117847,124973,137724,142387,148978,159711,167753,180819,182427,199381,217187
5675,64334,69916,68573,80932,84082,85334,94695,97519,109105,112922,122142,133146,133037,146585,157000,171407,175462,185817,197223,203634
5676,66184,68387,70738,79574,82948,85544,93951,100130,107360,123089,135074,135692,137764,145063,161481,169023,184035,180661,204613,213263
5677,64331,68652,70490,81729,82105,91441,94248,100248,111869,114888,131413,134711,135429,143204,160323,176309,173054,192217,196092,209000
5678,66111,71153,70777,79939,82679,91727,93699,101266,105589,112845,136775,138012,147812,147700,160611,166362,177256,181637,206070,214809
5679,64192,68486,68751,80521,83882,84466,92853,100883,108806,113459,123099,132108,139771,138879,154974,176090,170993,185545,191896,194918
5680,66464,72014,72014,79215,83188,92566,92318,99861,103483,123371,130850,131653,138224,144096,159255,156840,179071,183145,201821,210142
5681,62638,66438,66558,79265,81370,83142,91551,101224,106461,111054,122162,133617,137385,142840,156221,171380,169810,189843,191039,201589
5682,65328,69623,71621,80711,84881,85767,91752,99385,107526,123128,131640,135435,142578,144313,159889,162542,183969,180845,202610,220151
5683,62442,65447,67884,75246,81207,85596,88843,98604,109211,110025,130601,128135,138412,140595,157956,171580,169327,184378,194934,203191
5684,63572,66393,68197,78677,83728,87495,92041,99399,110095,113229,122284,130304,142322,147469,158323,163534,175636,181418,195301,213885
5685,62039,66223,65852,77223,82119,84561,88948,94463,103759,112822,127945,125756,136201,141157,154923,169179,175469,194492,191577,205187
5686,61557,67252,66645,77586,79790,85999,86892,99756,107477,115842,119337,131677,138944,145203,158402,164497,177366,183009,203969,222848
5687,61598,66466,66609,77245,78820,81707,90593,100079,107075,114880,118680,132005,136857,140495,152769,170227,177110,189084,191973,204285
5688,62585,68929,66517,78167,80332,89037,86750,100885,109504,113165,118155,132498,138887,145855,158556,164729,180003,178549,205784,217212
5689,61021,66143,66031,77698,79069,84801,89874,97713,111766,119607,126184,131589,138136,141498,155730,170642,181439,189420,197847,206860
5690,63441,67373,68127,76171,79274,88398,91037,97857,107979,115849,130955,135343,141011,149211,160395,166345,187813,184334,207561,220374
5691,62335,66708,67414,78854,80739,89722,88647,97250,107144,114820,127215,130738,135169,138424,155354,176662,170194,196677,192666,207107
5692,62979,65682,68366,77100,81344,88338,87375,97611,108618,113647,124598,130167,135633,144262,154449,157907,178658,190511,201488,217632
5693,61786,65213,69617,77928,79099,84405,89611,95507,104559,113800,127409,129958,136969,141649,153272,171894,170874,197068,193247,199597
5694,63176,66425,68231,75137,82822,83139,87637,97210,110305,114194,123782,127348,138013,144519,157799,163971,183297,181474,208016,212258
5695,62205,64888,66631,77918,80479,85742,85618,94377,104201,112698,121364,131726,134019,137670,153671,169100,175214,193703,191951,205849
5696,63281,65800,67408,78896,82914,84971,87496,98335,104982,114632,130519,127915,141321,145793,156961,165851,179762,177540,207579,220778
5697,62786,67194,71430,79634,82602,83277,86333,98906,103953,111827,122847,129853,137531,136868,152414,167469,175452,192106,197118,205397
5698,64564,66699,68058,81545,83570,83952,88354,99884,106192,112364,119748,131367,136880,138376,164825,164626,177696,184083,200587,217182
5699,64252,66860,68518,78462,82199,83895,88172,103080,108306,112332,117271,123320,134319,138633,163963,166958,174881,196208,196272,211856
5700,116,117,117,117,117,117,118,118,118,118,118,118,118,118,118,164797,118,183933,118,118
5701,64885,70958,81983,103150,124475,142774,167262,198622,215558,232115,252619,276546,300379,300379,329102,118,329102,193457,329102,329102
5702,69315,69342,69624,81054,84617,88562,92532,101128,111992,123302,134599,144801,161321,171884,190162,329102,348704,188093,348704,348704
5703,66007,68205,69431,79443,81206,86290,89514,98920,104327,113134,121647,133677,141909,148900,166456,317044,190066,118,214337,220684
5704,65258,68570,69446,79379,80862,85409,94093,101999,105938,115915,121610,137838,137349,145546,169406,182110,185916,329102,207498,213521
5705,64179,65839,67455,75669,79783,83018,87373,98263,108980,111822,120424,125700,129436,136526,155009,168364,171916,348704,194460,200074
5706,64365,64458,65968,78934,77488,83880,87300,96549,105831,119250,130601,134009,133885,138749,155760,164206,176939,199765,201424,207565
5707,64117,65232,67406,74309,82138,82133,86832,98330,107015,119104,124007,123371,135324,135773,149761,169036,172563,195725,194090,201580
5708,64607,64967,66129,76616,79280,83588,88192,99902,108356,118087,120201,135709,135706,137655,163173,162799,177011,179119,204813,215754
5709,63242,65442,65552,77164,78249,78151,88343,95715,109006,118968,122097,127462,128544,157280,163364,165599,174441,187419,194568,209064
5710,63476,66430,66422,78746,80540,89562,93129,97736,106409,117280,118187,128113,135643,146117,164416,162177,175057,181136,204229,215185
5711,62040,64776,65361,74996,74856,85426,87158,97210,108409,109858,123567,128852,132339,146826,162397,164506,171106,191188,196223,209235
5712,62949,65748,65374,78724,80976,83897,86880,102980,107210,118058,121898,128876,139295,152286,165925,161922,187019,185125,205631,217716
5713,62728,66027,65577,73669,77924,82074,88298,100874,103157,110982,120722,128001,130290,137774,153380,166101,177333,188212,202139,208933
5714,64385,66032,66154,78938,78707,85322,90412,97775,106053,115631,122406,137597,142954,146961,158394,166286,183376,186694,209110,214353
5715,61823,64036,65191,76219,80876,83810,87495,95054,107459,115037,122614,130207,136947,141811,152939,172997,171594,193309,195615,202885
5716,62439,64924,65479,74176,82035,83215,88815,96667,110640,123033,129961,135462,138602,145269,155482,165050,179718,187009,206731,212328
5717,60202,65188,65417,76081,78766,81673,87471,99017,107394,114580,126716,131527,137463,141961,152048,169527,175922,193864,197694,204452
5718,62151,65066,65052,75412,81831,82536,87983,101272,105919,121897,124726,133844,142155,140776,155141,165332,179155,180695,203421,212548
5719,60564,65177,66117,75846,78224,81100,87097,93357,101299,111590,119691,126578,132568,180227,149238,166839,174527,188042,195868,204224
5720,61630,64598,65089,75944,78677,84173,88022,96162,104572,118900,121657,131668,138967,152119,163477,162906,175898,184444,207073,213904
5721,61281,63918,66775,74550,82801,83438,88668,95020,105584,106635,121199,127728,135236,144201,154383,165307,170708,196887,189491,205240
5722,62323,66788,67602,78327,82898,85135,86603,98308,105139,114253,121815,130304,133283,144347,157939,157088,184085,186616,199201,213324
5723,62505,65732,67314,78118,82635,88612,85757,99262,101421,118841,119452,128936,132969,145818,156878,171662,179266,191163,201231,212769
5724,63797,67178,68613,78941,82954,87796,91226,97284,103423,114614,128372,128092,135169,149781,165493,171245,185635,183375,203469,217480
5725,62919,67286,67420,76967,81383,85006,89516,97531,102991,108271,120986,126738,134904,147118,165190,174416,176885,191731,198619,219024
5726,64152,67969,66856,78352,82181,87536,93745,100668,105375,109883,125563,131468,137205,147418,168910,165235,179945,184452,202578,217719
5727,61533,65431,66549,75590,80236,85674,90233,94253,103873,105929,119358,127417,132527,141660,154464,168904,172904,192529,197258,204423
5728,61129,66508,67141,76709,75948,85747,93552,101285,108252,114303,120737,128171,137970,147518,162635,165058,177137,190776,200252,213673
5729,63320,67120,69036,76208,80996,88149,90970,97363,101556,108744,123334,127866,132388,134768,159080,164818,172436,191394,194811,200948
5730,64992,66476,67664,78476,82678,88501,89157,96131,104596,109103,122836,128030,132878,147148,159762,162945,173704,184055,199492,212994
5731,63788,67746,66595,77094,82334,88691,87472,98353,104673,110722,117503,122585,132949,146581,158064,161377,171741,190349,196917,207190
5732,63385,69026,69007,79270,83735,89717,94045,98873,106367,111391,124627,130263,139159,150284,160222,160695,182135,183784,201338,220135
5733,63205,65831,67315,78485,81217,88344,90626,96203,105792,111157,120487,124876,134786,144671,160592,172391,170483,183936,193502,207030
5734,63300,64219,65154,75807,78621,86557,92096,97290,103533,114054,121853,125747,135986,145750,159910,161536,180253,182117,199276,208966
5735,60939,62415,65097,75011,79585,86900,89209,95615,103699,110724,117548,121426,132039,142908,157780,166477,176649,188920,198454,207665
5736,61660,64202,65601,75641,82408,86454,89406,104284,105034,116381,119645,125188,136067,150081,161638,167357,187160,184635,202972,219927
5737,61934,63752,65414,74802,81021,86193,88217,99077,107390,109999,115315,122196,132154,150095,160930,174966,180354,188493,199154,213058
5738,63212,66394,67503,71535,79990,85552,87808,104465,106944,112774,115137,125217,136827,150255,165065,170046,185179,183151,202604,220512
5739,61211,63553,66739,75679,83448,87192,91544,97648,104099,115497,114003,126367,130771,135494,163452,172768,175301,190370,204179,204815
5740,62532,64508,66573,75961,80019,93109,96706,99578,108985,119648,118843,128181,134837,140690,164035,165581,181092,190584,205310,213513
5741,60096,62553,65330,72515,77376,88498,92952,100796,107123,119219,114170,124294,131298,140550,151051,167479,176934,192109,202276,206946
5742,59956,63225,65399,73238,78221,91214,87461,97709,104806,117899,123222,125293,135671,144754,163312,161639,175189,185759,199033,213818
5743,59340,61542,67108,73369,76736,90316,91134,95550,105840,117740,115440,125150,135543,142119,158639,165321,170222,195443,193042,209933
5744,60418,62381,65736,74761,78906,82577,86170,97821,100848,118916,127387,131580,134515,148865,162300,160924,179728,182529,200312,212747
5745,59970,64699,65361,72097,78755,90300,85988,96201,107952,113372,121608,125777,137073,142882,160486,174380,176477,188481,194538,207740
5746,60468,64853,64760,76123,75138,83754,86697,100794,103553,107632,122885,129113,135305,144661,159722,169441,183146,184987,199415,217081
5747,60472,64242,64755,72447,76526,81571,84714,95953,98679,113068,120235,128564,138767,140135,156029,173686,176070,188916,195042,203529
5748,60683,64385,65416,71467,74951,83859,86707,98196,100496,106619,121928,126764,137157,147350,160674,169208,185829,181373,201673,212907
5749,60664,65106,65088,71430,75337,82433,88186,93680,102275,108700,122800,125873,136519,148971,162957,174929,182983,183575,197496,214204
5750,61038,66067,65346,72941,78084,85112,90375,97928,107411,113378,124479,128696,136195,149916,166948,172211,178842,182831,206712,216981
5751,62396,66662,66676,73740,81116,87221,89196,96953,99203,111093,119050,127465,134915,138110,149423,174258,169911,185447,196912,201713
5752,63722,67341,68205,74594,80741,86034,86939,95969,100098,109879,119936,126241,134732,143209,161675,160850,176309,186904,203861,213137
5753,62696,67153,68555,73544,79586,86747,85548,93482,100485,107956,113942,126126,129975,136993,154576,162847,168237,195301,189142,206909
5754,63035,67230,69284,73177,84485,90524,92447,93694,100502,106488,118402,127393,131787,143299,157258,160436,179064,180550,197619,213863
5755,64493,67906,68195,72225,79606,85625,85854,92011,102124,109782,117490,124808,128008,186003,153411,171752,179762,189657,192908,207867
5756,65368,67113,68910,72471,81056,86695,89320,95984,100858,106983,118201,124408,133167,152353,156313,165954,183428,183281,199690,209449
5757,61897,64098,65868,72449,77082,83841,85398,94430,99954,108059,117845,123638,126602,141243,153686,167861,178499,186192,192955,205326
5758,62004,66100,66208,72040,80278,84889,87626,96186,104848,109314,115360,122149,127162,141435,155927,162726,179545,180716,200669,216028
5759,60499,62621,66958,73145,76412,82098,86083,96581,100840,106061,114568,121692,130666,141125,154569,166498,177308,190837,199601,210678
5760,60863,63598,65191,71515,75648,84259,85562,97175,101577,106877,120573,124912,138374,148036,166189,164836,180162,184198,202997,218074
5761,60875,64640,64787,72180,76911,81696,89386,96397,100635,106989,121996,127361,131559,142940,158405,169031,178429,187058,194650,210489
5762,64586,66390,68178,75840,76924,87324,90704,99841,105022,111683,119054,126936,135987,145431,161726,166700,183096,184387,203374,217375
5763,63088,64956,65838,69437,76732,86166,86768,97233,109466,113049,118419,121367,133864,139271,156390,172664,174122,191550,191889,206081
5764,62322,64941,65856,69524,77018,86958,88948,98517,108060,113638,118076,123884,130942,144386,160312,161167,180549,189391,198846,209191
5765,59768,63859,64603,69462,76125,85644,87979,97743,102067,111438,122012,121404,128945,140133,156164,167167,178162,194446,193322,202578
5766,59568,63369,64574,73470,75891,83949,84992,100622,104173,112355,120177,121923,199431,143870,155740,170079,180374,185286,194407,208451
5767,60720,63373,64526,71842,76272,89397,84707,98105,100479,113867,118271,121103,149330,138369,152925,170161,175885,186532,189513,201817
5768,59684,61637,64837,73164,76834,88146,86608,101131,107821,115937,118977,125118,134644,137531,164654,165109,180941,183042,203874,214118
5769,58266,62619,64034,69488,75888,80214,86189,96612,105737,113160,122098,125668,130019,170433,153049,168849,177038,188577,197111,202878
5770,58532,61590,63754,72268,76642,80311,84528,94395,104734,113875,122186,127355,134576,148244,163064,164989,178280,185104,199502,213067
5771,58181,63068,64644,70402,77306,77864,83938,99257,106441,115343,116103,124689,132579,142283,156553,167466,173335,190947,197096,210038
5772,60503,63538,64357,69249,73398,84802,88185,99182,107019,115407,124155,125299,142112,153815,161200,160211,183896,182768,204629,214136
5773,62785,63685,64783,70982,75853,87262,87223,98611,103291,114214,122806,129672,141765,144615,162821,171981,179457,186686,202572,215621
5774,63546,64100,65795,74583,76772,89543,89362,94224,107126,113255,125484,129517,142200,147763,168169,165174,182346,185639,206894,223499
5775,63186,61300,65595,73811,75188,82690,84798,98007,105179,113792,120677,129309,133056,144277,157346,170528,179137,191694,197247,211914
5776,61374,62001,64830,71160,74368,82779,87196,98428,106469,117148,123987,132217,134689,145545,156123,168880,182611,190587,201246,217359
5777,64792,65270,69577,75229,78840,87952,85307,95718,97347,111797,121478,124789,129842,139476,155608,170247,177898,190836,197395,209243
5778,63557,64875,69112,72809,78029,81476,84547,95776,102400,108292,117401,124444,133628,137948,151185,165389,178659,183007,202539,209321
5779,62021,64386,68038,72910,76806,82545,88538,96877,101454,107591,118927,120777,129312,134052,150915,166328,175925,191970,195619,207175
5780,62607,65090,66568,73841,75284,82655,84328,96472,102428,111252,116817,126457,131511,136065,161807,161862,182089,180214,205248,214190
5781,61720,65672,65122,73013,72944,80009,82138,93933,102103,109335,117525,118686,126995,199931,157559,170452,171642,184559,195381,203703
5782,62810,67070,66023,73349,73287,80589,84147,93226,101376,111935,116955,122653,131241,159880,159371,159288,183848,186899,201420,207807
5783,62729,63913,67949,73304,76356,82120,86220,93320,103472,108183,114448,122405,127241,140785,155928,171229,179325,187080,192831,200037
5784,64048,65328,66705,73513,76453,81430,85353,97610,102418,109253,120968,123225,131870,149184,158374,170017,181463,187952,198871,210170
5785,63977,63409,66572,73621,74685,81450,86173,94509,101870,110507,116840,123601,131997,146611,158783,172806,182572,192408,203448,208038
5786,66004,64335,67519,73268,75787,83172,88901,95990,100964,111473,121740,126821,131209,144622,162779,173735,185118,188240,208400,218370
5787,61713,61124,66037,70631,78692,78621,85436,95554,99194,108179,116449,119188,128621,137358,157985,173131,173364,193582,196101,206459
5788,63479,61590,65407,70932,75766,78934,87554,95726,99675,109108,120565,119863,130004,145863,161004,161919,175798,189547,198307,210559
5789,61922,63248,66013,69751,75092,78383,85255,94192,99765,109822,118128,120634,131310,144891,157842,162403,172467,191154,193738,206581
5790,59295,62012,67088,70059,75296,78499,85757,93548,101902,108961,114612,123655,133324,143784,157289,160708,172523,181363,198342,206425
5791,58932,61749,65886,69437,74643,78314,88047,94822,101454,107850,115391,118897,129876,145513,156168,159697,175347,187549,192042,201120
5792,59492,60300,66401,70168,75919,79930,85857,95631,101371,110380,120829,118666,132397,146934,158258,162551,179137,181506,201955,214834
5793,58413,60210,65359,68936,74984,78557,84675,94495,102289,111714,117120,120869,126391,146347,155562,170273,174283,181101,195002,213671
5794,59033,60729,65701,69681,76246,81037,83513,97753,104242,112098,121941,122315,198698,146718,157644,166558,179500,179563,196706,209544
5795,59186,60350,65703,69668,74471,82677,87761,98802,103644,109946,118994,121230,144870,144548,155659,167458,176981,182212,194000,209458
5796,60195,62716,68724,70008,78514,82203,89675,100302,104412,110407,122055,125084,141113,147486,159017,166448,181206,179322,200192,215583
5797,60045,64231,69653,69982,78638,77474,85300,97308,103102,111002,118042,125411,133771,148265,157952,170541,179569,186338,202399,211888
5798,61000,63591,69118,72474,77708,88012,83656,94471,104914,113459,120906,123453,139920,150063,160397,166753,176908,186346,198444,216303
5799,60837,62849,69091,73046,76333,81179,84925,94269,102197,110747,116549,123760,132221,138410,157917,163235,176051,190125,200200,207366
5800,61076,64768,67410,74556,79337,85153,87481,97054,104218,114239,118690,125882,135901,143286,159192,157917,176124,185477,200283,213473
5801,60413,64038,68485,72369,78411,84006,89347,93256,98146,109755,117657,122226,129050,136195,155088,159733,169770,188793,192338,204984
5802,61873,64600,69352,75332,75761,82230,92984,94457,100458,111745,117703,122611,133168,139953,155159,157091,169259,181682,198136,210359
5803,62256,67850,69279,76674,78020,82023,91981,93156,102294,108950,115619,121658,132869,142152,154684,163141,174582,189725,196956,205271
5804,64054,65207,70383,76581,79136,80895,90076,93289,104290,110716,114416,124563,135654,146575,157816,167524,181822,180769,198738,213482
5805,59712,67302,65946,73555,79215,86454,85878,95565,101612,107993,114321,118110,131405,143001,153699,168460,173913,181800,198575,203418
5806,59716,63518,65362,70864,71297,78041,85437,92463,101481,108229,115509,119081,132414,144844,155237,160981,179780,179792,200534,206347
5807,59126,61984,64689,72474,75691,78116,86279,95113,97498,105419,112737,117154,129257,139636,150920,166678,175798,185949,193405,205443
5808,59730,62700,63875,73846,76452,83254,83852,98745,100371,107514,116780,123187,130933,142471,156305,165280,177794,179280,202255,208350
5809,58962,67104,65515,71019,78796,86552,88171,93866,100207,107955,116506,125960,135580,143577,157321,167098,179572,179969,198198,211679
5810,58553,62306,63788,69484,72135,84474,84515,97628,102191,108776,116140,123577,136117,147245,158573,167286,182987,183648,201335,215478
5811,62613,65371,71380,73636,80074,90719,88146,93181,101621,108707,114283,120058,132559,140227,154393,171845,168453,191977,190522,203906
5812,62517,66675,71028,76588,85319,86709,83727,93826,103657,109374,114732,121539,131806,144222,156944,159122,176580,187851,197522,212056
5813,66111,65429,67054,72267,82077,78412,87729,96148,102160,108247,113107,119116,130865,143079,153155,168931,173306,186612,195374,203938
5814,60120,63911,66914,72894,79614,77562,88879,95774,101922,108083,112955,115674,128278,142002,152715,166743,177538,182767,195172,207261
5815,62490,62106,64248,75458,77526,83020,85801,98535,103017,109416,113463,116802,129095,148973,152688,163899,175090,185435,190752,204793
5816,60415,63073,64861,72069,77410,86397,84976,100435,102894,108294,115021,120439,137959,145225,153760,161454,176125,180955,198389,212170
5817,59882,63359,66987,73916,77345,85224,88054,93570,102974,107996,115747,118406,134576,138272,150743,163548,173275,185427,194232,205527
5818,59399,64817,69819,73365,78600,86809,87212,96501,101889,106332,111978,122593,138008,206029,158748,160966,172936,182884,200511,208159
5819,60346,64088,65361,72475,77487,82072,84888,94636,99012,102679,110715,120344,135946,151220,156413,161311,171050,188309,197187,205358
5820,63212,63770,66703,73462,76160,81828,83789,94891,99799,104801,113137,126632,138246,146493,160108,160121,178761,180810,202044,216672
5821,59830,62981,65705,72627,77462,81581,84366,94128,100283,105237,113721,127408,139507,144683,161784,166962,176289,186003,200118,212473
5822,64353,63263,65025,72464,79514,82776,86102,94222,99429,105715,114438,129925,140824,146028,154810,164266,178162,183504,202586,214233
5823,61599,63275,67193,73905,75327,81539,84706,93110,98815,103981,112282,120927,137735,141350,154485,166569,176462,185737,193161,207079
5824,62516,63734,65971,72240,77329,82563,85229,93533,99535,104476,114915,128591,137270,142426,154647,166069,176956,188875,198070,205757
5825,64307,66466,69856,77778,80591,82386,86765,93509,98499,103115,114814,128274,134739,139941,151883,166177,174410,191171,196685,202634
5826,65034,66070,70347,77421,74461,84885,90723,94917,101179,103420,116345,125483,135127,138134,152597,163906,173595,184867,194815,208984
5827,65040,66796,70530,76628,80702,82869,88415,94242,98798,108522,116237,119883,132562,138084,150661,162668,174274,185499,193986,208334
5828,64276,67944,74545,77614,80107,88693,90600,92470,101541,109902,114909,123459,136482,143694,158921,160584,178812,183249,203672,212066
5829,59995,66639,71175,71555,76128,83670,85657,96178,100780,107339,112802,121007,130849,141550,156111,161701,176071,187393,196749,204747
5830,59807,62764,64328,71687,74263,83380,82450,94773,97871,106646,111734,124878,133175,143392,156485,159536,180160,186466,199703,204579
5831,57587,61855,63344,70928,74534,83518,89043,92543,98297,103896,111741,121289,135053,143386,156134,162883,177608,185816,199469,210265
5832,58447,62908,66238,72188,72382,80355,88219,94393,99029,105433,111277,125548,136503,145301,156780,166965,181766,182305,202664,212788
5833,58930,63257,66692,71885,72809,84508,85003,94145,98768,107239,114215,126217,136482,146014,157997,169433,179996,252855,200895,211878
5834,59775,61744,66300,72103,78205,83839,88432,94620,101268,104528,115155,127364,137800,149387,160992,171690,183065,197404,202548,210995
5835,58156,61069,65087,71831,75169,84476,86449,96091,99999,102682,115771,125057,136984,144348,160028,168234,174626,190888,196817,209008
5836,57728,60811,65576,70931,76921,81485,85354,93747,98182,104973,113495,124798,136649,143052,159831,163361,174178,187451,200526,209909
5837,57823,65991,65015,70759,77804,80186,85013,89608,96029,102368,112378,123660,135127,140298,158235,162132,171618,189334,197015,203741
5838,59083,61211,65219,71902,71764,82918,85951,92221,96319,102628,110006,118378,132712,143337,155062,158561,174161,187079,193567,204926
5839,59115,59218,63056,71778,71592,84423,82872,90843,97823,103832,108133,117503,133360,141650,152595,160751,178527,186128,197724,207513
5840,63112,63619,69521,77000,77075,87451,89171,91297,98608,104834,113434,122760,137027,143810,155053,164038,179527,184867,199513,211350
5841,58389,60591,64767,71296,76358,78363,86371,94561,96620,104708,109477,122846,132317,139281,151068,165019,175928,182605,196005,200780
5842,58510,60808,65047,70838,74855,79599,84167,93873,96289,105625,115321,126768,135354,206002,159076,161562,175534,185582,198931,209086
5843,57893,60986,66269,72783,75757,84963,86263,92909,96721,106616,112799,124570,135067,154045,156841,161749,178981,189105,200605,207318
5844,60219,60980,66059,72917,75325,82980,83898,91237,97290,108758,115789,124795,136541,147445,159551,161333,179440,184062,199380,211032
5845,57360,61160,69630,71896,75517,83432,82475,97335,99499,107552,116447,126256,135115,147566,160339,171361,179861,185979,200580,210712
5846,57433,60833,70540,73284,78171,82680,86205,95720,101279,108893,115447,126147,135262,149253,160650,172153,179895,186932,202900,210987
5847,57884,58666,66949,70688,74100,82585,83088,95542,98871,110082,117071,125516,136796,147413,159935,162452,176981,188312,199067,210943
5848,59282,58793,68852,71339,76392,80427,93327,94424,101322,107797,117138,125435,137918,147867,160236,161784,178076,190699,198914,210831
5849,55732,60808,64725,70114,75725,77992,79511,92883,100229,106706,117463,118272,134792,142016,159387,163392,177405,189867,195918,202206
5850,55155,57759,68383,70221,72207,75615,82799,95295,98260,104658,112082,117028,133097,143309,155119,162986,171989,188673,196650,204351
5851,57784,57010,66887,68898,73834,85526,87701,90774,99095,106118,111962,124220,133314,142756,153565,159853,173103,189895,191555,205844
5852,55941,56673,66403,69774,71902,79075,82823,93653,99438,106329,110863,125725,133237,142683,154384,158266,178067,186188,192325,208525
5853,55568,56630,66200,69340,71493,81920,84108,94361,96787,103970,109170,118797,137111,142909,153007,165048,175318,186616,201258,210528
5854,55458,59195,65398,69547,73539,83487,83183,92902,96978,103527,110171,119131,135644,142145,152977,164426,173809,184693,199875,211946
5855,54811,59877,64245,68922,71856,83571,82546,91660,95850,102053,111454,116575,137410,142453,152032,161494,174844,186835,201287,210575
5856,54898,59863,64282,72542,73469,80575,85392,93731,96420,104209,114509,125966,136811,147868,160665,161087,179343,183878,203056,212844
5857,56270,57566,63739,70273,75077,79804,82607,93036,95961,104452,118082,125331,137263,148908,161073,164314,178310,188406,202524,210799
5858,56076,59130,64116,71586,72642,81693,84903,93101,96041,101655,117141,126588,136366,146474,154232,164502,178466,185777,201352,213429
5859,55759,62308,64616,71247,72735,79805,85410,96628,95120,102520,118064,121824,134639,141140,153715,164441,178841,185791,198314,207916
5860,56391,57768,66238,72352,72842,80818,84495,92484,95783,103379,119814,126818,135705,142703,155454,164137,177166,188544,197948,208624
5861,53916,58085,63665,70239,72245,79006,82692,90703,98720,102894,118525,125288,136084,141474,152196,165734,173578,187474,197293,205343
5862,52620,57479,61895,66952,67818,77649,82734,94509,96777,102775,118602,123965,134742,140656,152206,163728,172628,181245,195191,208573
5863,53774,55935,62648,68700,68395,75610,81525,91443,95381,104245,117455,123768,136040,142534,157540,163599,173670,184587,199099,208295
5864,52315,54950,61560,67981,67027,75865,81358,92852,95686,103224,118106,124569,136655,145546,158053,169336,175789,183378,198078,209262
5865,51599,54868,60626,65588,68692,71590,81204,91953,93556,100654,115454,122832,133949,141999,156306,167388,173884,185640,190879,199888
5866,52518,54292,61748,67083,69853,75234,82938,91545,97908,104003,110477,121747,132405,141236,153976,161700,174754,181133,198709,207398
5867,52847,54588,63069,68096,70576,79562,82239,90182,97644,102984,114041,120456,134722,141366,153349,196243,173211,182409,202183,210419
5868,55282,57759,64951,68289,72065,81373,84653,90685,98702,100976,118978,125566,134598,143882,156492,168442,173547,181152,201866,210935
5869,52916,55685,63708,70764,73155,77885,82397,91419,93441,105536,121368,126674,134835,144136,155541,169915,178472,182301,202981,212173
5870,53894,57023,63761,70459,72242,83061,84601,92516,95479,102651,121131,125784,133160,144438,156323,166132,178019,188158,202655,210233
5871,54947,56657,63944,70848,74587,80843,83928,90576,93860,99743,113671,122038,130734,142650,157013,165405,173128,187622,198000,205733
5872,54908,57558,62936,70064,69596,77292,82378,90849,93620,103226,112928,121031,130835,140690,155823,166998,172949,186922,196571,202336
5873,52605,57959,63611,69998,70460,78863,80469,90303,93535,100458,112385,121710,129378,139439,151740,165624,171506,186773,193778,201793
5874,53385,57025,61208,67829,69701,73362,82347,87946,93967,100076,113216,123188,130643,142288,149111,164334,172399,178376,194611,203425
5875,52804,54885,62225,68668,70698,76791,79942,90345,92089,104928,114531,121893,129430,144210,153973,161748,171719,182694,193342,208530
5876,54905,56416,62132,68550,71034,77857,81768,88167,95142,107304,114545,123573,133612,152500,155581,158859,175675,183191,194597,208848
5877,53230,56197,61978,65208,71227,79437,82797,87439,89412,105454,113237,121488,132499,142251,154312,164645,172850,182063,193437,205381
5878,51671,55592,59337,64221,67192,73987,79010,87558,87255,100444,113009,119681,134729,139822,153289,162951,173951,203538,191102,204985
5879,48649,54156,59097,63614,68658,72285,78280,84541,91322,99404,113010,166123,138208,195038,152517,162012,172381,188905,191026,207665
5880,48161,55960,58376,65805,67850,74493,77640,84225,95202,99491,116493,131152,137516,154638,151916,162271,174556,185526,194464,210742
5881,50941,54874,60343,64089,68426,73590,78129,85197,98239,106934,117597,124659,133894,148965,153202,162064,171407,182045,196024,212084
5882,51281,55159,58274,64209,69482,71319,78802,84664,98485,99660,117321,122825,130608,142059,154518,201614,171988,180856,200098,213279
5883,48775,54070,59620,65151,70615,69753,77249,88626,90923,105474,114954,121556,169934,142352,152005,170080,170247,181168,194544,201151
5884,50537,52878,60627,63222,66642,73529,77622,89313,93116,104209,114099,122983,141543,142527,153908,164657,171924,202558,193907,204369
5885,51926,53151,58935,64650,69140,73170,76230,88909,91692,105117,113279,121388,130620,140687,151209,164558,173109,185642,191462,202628
5886,50762,53380,57440,59122,68865,72243,75686,82829,94961,100911,110997,120477,129260,138370,150336,164077,170655,180932,190721,202322
5887,48005,52765,58146,61826,67053,70499,76031,86912,90330,95750,113133,120027,131373,136961,150406,161118,171088,180717,191534,202456
5888,48921,53480,58655,65040,67588,71479,83349,87918,92096,98329,113718,121336,132846,139659,153241,159910,172477,199660,196186,204881
5889,49315,54927,60871,65108,68200,73041,74893,79251,89840,97610,112715,120673,132955,137340,151782,160877,173164,182390,192861,202723
5890,48646,53666,59092,64673,67456,72911,74509,79486,88873,101394,112988,120058,131206,140465,151081,158499,177911,180960,193770,203518
5891,50677,54031,59633,66447,68172,73210,74911,85151,92251,106119,111602,119014,129947,139768,149042,160906,171428,192835,196557,203063
5892,48171,52297,58128,66070,67838,71757,74643,82520,87690,106099,113257,121756,130622,148842,148837,184179,173404,191094,197184,204068
5893,50826,55538,59741,65386,68813,74700,75533,81583,88759,106013,115380,122530,132538,142580,151795,170172,177269,183272,198838,207224
5894,48046,54739,57487,63342,68182,74185,75809,81751,87407,106524,112694,152711,132516,154557,153748,162490,175069,189227,195498,206456
5895,50892,56001,61255,64931,72242,74990,76346,82228,89598,107647,111982,125036,163381,142950,151770,163802,172155,185052,194096,206127
5896,50401,54981,60811,62589,70430,72811,76246,83023,87537,103879,112954,120208,134622,141642,153759,160605,172533,194515,195684,206091
5897,49448,53222,58958,65119,66636,71958,75708,83617,88078,98949,112488,120238,133525,136584,153245,160364,172393,187559,194681,206680
5898,49633,53311,58884,64742,69677,72746,77936,83091,87715,96015,112051,119849,131482,190361,153560,193312,170871,178782,195248,205662
5899,49583,54231,59722,60717,68961,72063,76765,80591,93190,97178,111542,119295,131690,147012,150327,162066,168130,194612,190602,200300
5900,49274,54728,60331,59651,68849,71652,76836,82259,88012,96747,111630,119257,130735,141288,150428,157774,171757,178714,190934,201973
5901,49308,54147,59790,63778,67575,70148,74171,80405,84880,94855,111079,124680,129966,138112,149335,159035,167476,193156,189763,202250
5902,49061,53503,58217,64395,66974,71214,74458,77019,83228,102020,111330,130071,126556,136650,147327,156889,170361,182767,192577,199254
5903,48879,53084,56984,62140,66360,69650,73061,78342,87541,102035,111514,119115,175796,138181,152724,179644,169000,190822,194218,197933
5904,48654,52983,59076,63401,65414,69319,73187,80056,87952,102934,110604,142551,140060,137494,151556,165714,170105,190322,196156,199002
5905,49064,55238,58072,64376,65631,70281,74523,78797,94892,100469,112761,127041,132869,149967,154504,164541,171677,181220,198159,201276
5906,49134,54693,57887,63550,66093,72409,73240,77702,91612,102811,111788,121627,130802,141159,155157,156523,171313,185475,196520,203003
5907,49164,54370,59115,62898,65179,70336,74989,80550,88665,102122,111075,119911,130495,156590,155248,184115,171196,187202,196078,202144
5908,49343,53344,58950,60647,65094,69417,75081,81162,88549,99438,111268,119453,128217,144307,154266,167120,171792,190541,194332,202825
5909,49465,52855,57173,63206,66634,71129,74774,79534,91089,103115,111862,119525,128022,139911,153553,157324,170435,192002,195324,201667
5910,49492,52564,58896,60140,67220,68203,71636,78137,87901,100464,110196,142559,126839,133415,151958,156830,179826,182126,191793,198725
5911,48629,52186,55670,57845,65912,68553,70880,75178,87974,99745,110877,124460,128629,174338,150038,178506,179564,190889,189375,198632
5912,49175,52812,58503,62869,67232,70996,74995,78067,87648,102208,110774,119320,135284,142801,151529,163951,180567,188799,193438,199147
5913,48606,52025,56582,62337,65992,67920,72005,82508,87253,101657,110219,118775,141213,139275,150364,162892,172350,185595,191829,197476
5914,48428,52019,56520,61830,64053,67677,71023,78879,87592,101597,109122,117868,133399,138555,149104,176006,177294,183286,191097,195358
5915,48006,53089,56085,58176,63942,67345,71959,79653,85297,101082,109033,169628,128578,134684,149830,162220,176995,182754,190149,194430
5916,49319,53247,55065,59775,61432,68620,70898,79420,87297,97343,110152,127992,170670,170748,150138,162851,177750,183660,190424,194597
5917,49499,53845,57788,62270,66215,69475,72918,79766,90381,101919,111039,125236,136542,145732,149978,173397,182505,183143,193253,198307
5918,49675,53954,56752,62150,65744,71528,72712,83270,86376,102474,112003,119591,130188,140364,149744,163623,172490,182465,193519,198303
5919,48806,54152,57735,58953,65694,68828,72475,83547,89838,103026,111571,119744,130030,140807,153876,163393,180396,182013,194975,200144
5920,49362,54340,57602,63218,62329,68605,74193,84282,94777,103335,113151,119733,126877,140343,154365,178988,176722,185703,193946,200128
5921,49824,53755,57007,63423,63599,69327,71043,79228,93537,100836,116146,124454,129504,156930,153554,168778,172571,184817,193347,200247
5922,47578,51864,55381,58851,64347,65965,70049,79667,92659,98950,109839,120479,126578,141980,151889,155392,180730,185876,190423,197661
5923,49328,50448,54944,57045,61586,67820,72494,83654,93324,99195,108984,119077,139942,139677,149463,157673,169895,186644,189610,195426
5924,49978,51014,56319,58136,60391,66887,71438,81179,87225,100912,109009,117549,134155,140122,150449,175748,178787,187249,190111,194964
5925,49285,52185,55180,58316,58445,68100,71751,79794,85763,100897,109075,118774,129798,172610,149975,163966,179103,184940,191671,195680
5926,48487,50782,54413,57019,58860,66428,70003,80179,85611,98809,108826,116401,170691,145710,148057,175522,178051,180886,190414,194907
5927,47483,50641,53090,57407,62835,66499,70084,78774,85584,99720,108938,170391,135837,137653,148664,162463,178296,182565,191236,194658
5928,46393,52443,55166,60460,64559,67949,70039,81081,91614,99581,110635,129000,132552,137174,148496,159706,170717,182815,191196,194295
5929,47915,53559,54535,58941,60138,69414,70916,79883,89514,101737,112705,123504,131663,139798,152709,174571,183435,180770,192821,198382
5930,47806,52362,53584,60010,60988,69664,70933,79198,89702,102596,112303,120533,127980,179834,152558,162259,173331,182465,193767,198971
5931,48648,52191,53693,63451,65030,66959,69990,77084,93072,99970,114279,121488,130522,142610,154425,180924,185036,181637,193721,199902
5932,48301,52592,54392,56956,60207,65122,69752,78883,93248,100485,112634,122261,130276,139659,155610,165776,171638,185061,193202,201021
5933,47083,50147,53985,60779,57959,64970,71695,80798,93963,102552,111298,118391,127668,137254,154956,156979,185942,187131,194119,202488
5934,47109,50597,54578,54595,59575,66779,70850,79820,93775,100915,109134,113784,125710,135583,146652,158154,168495,188439,191522,199210
5935,46541,49666,53466,57542,55013,67137,70236,75326,87458,99492,109009,114528,177474,134914,146103,181844,173467,189087,190804,197207
5936,45853,49610,56728,57020,56801,66477,69815,75247,83467,94460,108720,117282,139348,176516,177641,164392,180230,189714,190664,198046
5937,47444,51049,53473,56992,58432,64052,68881,75578,83035,94784,110780,174675,132009,141246,150837,156519,178749,187758,189011,194456
5938,47007,49667,53206,56508,57542,65731,70481,73289,86318,97008,108385,126270,124456,133178,147148,176458,169995,185725,187075,192925
5939,48350,49298,52440,56489,57488,66399,69465,77220,91043,94157,109105,120117,124753,132970,146585,158483,175484,185081,189200,193099
5940,47234,49073,51804,53482,57876,66068,70330,75703,86413,94125,108856,116108,125192,171583,172169,173882,177665,183473,188685,192658
5941,48670,50254,53913,60362,57287,62942,69354,74087,91134,93733,108802,116272,125839,140327,148474,161095,181333,179797,192289,196637
5942,45785,49929,53820,53369,56487,62101,69506,74131,89905,96285,109382,115740,174548,134014,164083,163577,178838,180756,188566,196326
5943,46122,49155,54021,53033,55828,64897,67698,75579,90502,96307,108671,117658,137132,134740,150098,176260,179724,180684,189783,196509
5944,47105,49214,51591,53516,56423,63361,67346,74642,91793,97474,110229,118901,131303,178949,151158,162446,171568,184222,190543,197693
5945,46306,49498,53306,53537,54790,64892,69802,74459,85859,94663,107203,117347,126226,140542,177557,153670,179999,183174,190169,196230
5946,46452,50185,52768,53730,55595,63985,67761,73753,81836,92140,106319,174499,124593,133834,147728,178228,177360,184497,188000,194536
5947,46683,48870,52956,53544,55781,63182,66603,73301,91034,93718,108284,126377,125622,133449,147420,159758,175658,186298,187607,193649
5948,46682,48781,53016,52769,55536,63700,65821,72912,83050,96325,108357,115866,137199,169890,153187,173763,173446,183842,187403,192218
5949,46481,48352,52431,53140,55815,62091,65025,72477,89412,98675,108189,114564,129094,141734,170016,158379,176551,181560,188137,192168
5950,46860,49245,52960,55133,55792,62264,64554,71216,82654,96332,105515,113518,166325,134081,152461,171660,174440,180317,186053,189353
5951,46663,48288,52259,54553,55251,59928,64081,74710,80357,91451,104856,112374,128351,133087,143622,169743,172243,180181,183901,188965
5952,46180,48356,52780,55287,56769,65076,65380,74595,86776,94331,106473,116972,125275,164473,165863,154952,172287,178915,184365,192505
5953,45800,48486,51792,55417,56955,66597,65653,77522,88323,95230,106881,168776,126726,140344,153175,167622,175758,177695,187179,194422
5954,46183,49071,53076,55283,56304,66999,71300,76927,84432,93387,105439,126321,135679,133596,143869,170717,176474,176654,187798,191675
5955,46056,49162,52832,54532,55724,63936,67179,75704,82583,93063,107808,118255,133489,172092,172476,171539,177060,176558,188212,192058
5956,46810,49543,53276,54808,56969,63610,67710,76538,85922,97069,108143,117258,174945,138620,148572,173575,177761,178455,190458,194174
5957,46761,48928,52624,55209,57523,63543,65515,74919,83573,95422,108772,117138,136546,134839,177078,158543,179470,179179,188461,194736
5958,47498,50352,52970,54282,57420,62996,64821,72263,84721,94426,107171,115159,126341,159577,147270,177514,176564,179474,186024,192023
5959,46729,49046,51936,53572,55810,63819,64556,73907,82207,95122,107015,114824,124147,134808,146276,157773,175861,181895,186486,190968
5960,46902,49397,51825,55836,55763,64238,64839,72099,82801,92631,104998,170880,124145,134980,171480,163499,176325,183542,187852,192149
5961,46826,48748,52584,54968,56403,63328,64069,71449,88583,94678,104255,124538,123810,169465,144145,173348,175340,181452,186368,189707
5962,46363,48888,51275,54584,57584,63592,65669,70519,86074,95980,107744,117372,166997,139449,143910,155227,175120,180208,185433,189415
5963,46294,48985,50244,53446,57082,63365,63341,73693,84899,96686,106003,113364,129662,133036,166920,169590,173374,180238,184417,189114
5964,46011,48215,50948,53711,56241,60127,63193,72692,81640,91102,105494,112830,125825,168538,150626,168437,174898,178250,185641,188852
5965,46711,49010,51187,55742,56141,63463,63708,74878,88903,91175,107096,114874,127760,143632,175069,170828,179306,177596,188439,194272
5966,46064,48046,51094,55862,55959,60022,63955,71585,88791,94192,107201,123662,123926,135220,147144,158740,177841,176885,188657,193369
5967,46525,48668,52323,53020,57675,63467,65206,71730,88563,96510,107658,152258,178199,133245,148730,176316,180432,178518,188816,194821
5968,46600,49128,52472,55321,56035,63371,65719,73104,90782,97292,107705,123537,139166,183139,183188,160816,183988,181510,191768,197761
5969,46319,49133,50816,54386,55620,61360,66132,75190,88451,98454,105994,118509,127227,142565,153617,183538,187307,182593,193773,198201
5970,46675,49099,51168,55699,55451,61118,65485,71165,82176,94396,104779,111619,123393,133417,146040,167694,184979,184358,191167,195038
5971,45827,48367,51070,54961,56171,60979,64968,69778,85464,94287,104228,111933,122446,131861,144505,153908,162891,188146,189292,194011
5972,46401,48259,51391,54811,56273,60401,64170,75818,81646,95871,103614,175096,122319,140804,152505,151209,178374,190296,188088,194450
5973,46333,48304,51317,54943,56180,59661,62612,72105,86305,95357,105850,126571,173735,173891,174447,176928,177022,186355,186208,192681
5974,45699,47533,49902,52955,55658,59326,63416,72746,80293,89339,106449,114471,131711,134420,144202,175429,173877,185143,184900,191006
5975,45597,48379,50254,52671,55349,60084,62878,70856,79106,88544,105632,114712,124236,132749,143988,154869,176179,182843,185571,190129
5976,45480,48500,51093,54047,54966,60024,63384,72270,80351,89118,106309,113538,125088,173226,173789,171991,177771,180849,188067,192499
5977,45782,49945,50523,54669,55068,60034,63324,69984,81356,95191,107203,115496,122879,137924,147270,174973,180017,181067,189879,194269
5978,45556,49527,50679,54621,55013,59807,63981,69790,78983,94493,106465,113679,174488,133730,175186,159200,177740,178622,186937,193080
5979,45664,49640,52549,54323,56601,60583,64699,70470,90869,95800,105136,177351,134789,133757,146927,162726,179432,180726,189279,195926
5980,46016,49482,52392,52978,54467,61334,63194,71533,89308,96119,105570,123207,129349,182841,150169,178443,184108,183708,192158,197151
5981,46044,49746,50429,55049,55043,60255,63892,71691,82412,93599,104719,114354,123011,139440,145536,163379,183918,182134,191899,197236
5982,45484,49987,50557,54242,54401,59138,62597,69027,80741,94336,101792,111334,122263,131367,180845,152577,163403,183452,189951,196511
5983,45906,49777,50727,53908,54018,59090,62008,68941,79842,96022,101045,111046,126072,130874,148143,180845,179349,187429,189228,195592
5984,45888,50032,50168,54334,54176,59266,61616,71156,77083,95827,101160,112219,175865,175865,147639,160861,177571,186844,187840,193732
5985,45340,50054,50480,54055,54346,58753,62561,70485,77380,94912,103762,175428,134897,138160,175672,176409,177571,185179,187399,194631
5986,45259,50123,50372,52509,54398,58446,62437,71167,78295,94191,105190,126002,126544,132609,146660,158958,177073,183124,187112,192980
5987,44801,49829,50181,52774,54153,57538,62251,70815,83352,91254,106125,113945,122524,131134,146138,152613,176394,182221,186526,192430
5988,44766,50023,49787,51998,54145,57805,62176,72249,87951,91020,106419,114102,124153,175765,176449,174904,177808,181992,187872,194175
5989,45536,50632,51005,54980,55792,58388,63001,79404,83030,92750,107574,115095,167099,140968,150038,176884,182881,181388,191416,197231
5990,45443,49822,51050,53509,55418,58338,63036,79361,78542,93217,105594,113650,132606,131754,144601,161745,164536,180643,191418,197048
5991,45449,50419,50716,52428,53726,59191,62245,78082,78497,93584,117111,169854,124862,137853,146186,168991,185878,181957,191708,197741
5992,46302,48658,50525,53316,53836,58735,62878,75675,79485,92082,107079,126822,124752,188021,188021,154007,188700,186249,193575,198477
5993,45928,48935,49923,51586,53653,58501,62259,71291,80716,90891,175844,113502,126216,144928,156307,188080,170114,186670,195486,198955
5994,45503,49414,50253,53519,53441,56789,62200,70255,76940,90111,117569,110092,186564,134366,145257,158096,161116,188206,193197,197131
5995,45513,48337,49601,53315,52892,56904,61523,70424,76382,89585,104777,112373,136006,129231,144531,150224,185763,189009,192345,194307
5996,45406,48308,49525,53281,52674,57240,62689,71202,76483,89599,104416,112498,123794,128926,149984,185184,185310,191467,191708,196565
5997,45605,48786,49345,52339,53055,57928,63918,70980,76168,89713,104568,170104,124162,184098,184098,154729,166573,188046,191419,198007
5998,44683,48532,50844,53103,53055,57935,61443,70549,75038,90477,103372,124534,122673,139647,150334,184365,181751,186546,189589,195108
5999,45570,48841,49435,51715,52274,57227,61444,78245,78614,89441,102734,113987,122868,132116,143634,152425,182315,186998,189545,195426
6000,116,117,117,117,117,117,118,118,118,118,118,118,118,118,118,181459,118,185427,118,118
6001,45035,50163,54852,66068,78509,88066,102322,120386,130074,138767,149569,162218,174519,174632,189477,118,189752,183280,192358,193817
6002,45496,48628,51055,66790,79088,96064,112710,132721,152838,165818,195383,195383,195383,195383,195737,189477,195862,185393,199741,202119
6003,61259,61571,65754,69398,80876,121254,143461,122687,170477,242574,242574,270382,270382,270382,270382,195737,270382,118,270382,271416
6004,53659,55839,58052,61957,64417,66875,68129,69623,71602,80976,89673,90717,98093,104857,105402,270382,149497,190238,156009,156919
6005,47985,51026,52464,54815,55107,60627,64592,76200,78143,87467,101737,107232,116241,125886,139958,146677,154586,195943,173178,183521
6006,48549,52558,54022,54715,62774,71011,73214,81946,87669,95304,108189,113894,128782,134452,141187,149739,156243,270382,174560,184261
6007,48646,52393,53790,54816,62869,72395,73979,82149,87553,94871,106814,115957,128375,131076,144103,149589,157920,151677,175649,183026
6008,48384,52857,53955,55650,62783,72623,74196,83121,88340,99321,111397,116486,122825,131760,142071,149495,156937,162405,174308,184201
6009,49294,53439,54318,56098,64358,72960,74539,82968,86203,98520,111679,116408,126245,135628,142569,151669,156228,163500,174770,182777
6010,49348,53505,54573,56479,64800,72674,75776,82409,86559,98990,109570,116978,126261,133064,142451,149607,157823,163218,175528,183049
6011,49245,53562,54490,56365,64040,70980,74526,82453,86597,92128,106741,117093,127079,134328,142346,149634,158416,164298,175130,184484
6012,49569,53744,54790,56131,64308,70884,74399,82421,113553,92290,107195,117570,126570,134366,139275,150441,157945,163768,175795,183239
6013,50227,54047,54326,56519,64327,70993,75424,82444,89685,94688,106928,116477,126457,134886,144118,147428,158422,164137,174746,183806
6014,50278,54150,55109,57011,66376,71629,74786,82942,86346,95616,108499,116624,129544,130795,144215,149067,157995,164026,175515,181994
6015,50709,55303,55905,57697,65143,73817,75610,82936,86931,94273,108151,127128,129558,133860,143357,150225,158813,163510,175307,183936
6016,50591,54395,55468,56236,61739,69860,75210,82941,91111,93199,107580,124969,128626,130491,143286,151432,155706,164716,176543,182354
6017,49780,53964,55183,56826,61318,70454,75629,82821,114457,117103,105845,124575,128030,135100,143732,149225,157845,165156,175800,182609
6018,49578,54098,55290,56490,60900,71640,75206,81819,86274,95733,107469,123247,126330,131281,142848,150519,156021,165771,174839,183081
6019,50061,53953,54741,56263,64748,73547,75209,81912,87015,116949,107906,124124,126686,135215,140917,147977,157461,165284,175109,182964
6020,50000,53721,54268,56001,64309,73600,75157,86678,87151,96179,117844,122364,128183,129778,142914,151264,159572,165700,174852,182685
6021,50270,53901,55083,56338,65309,73713,76004,82144,113904,102518,113531,122521,125935,131120,144810,149567,157787,166037,176516,184923
6022,50008,53601,54705,56086,64012,73418,75420,82403,87135,113222,120339,121918,124901,134175,143003,150719,158383,164579,176521,182976
6023,50032,53862,54497,56015,64732,73154,75897,82002,87053,95940,107276,122400,125653,130110,144983,151128,155453,165310,175688,183318
6024,49317,53982,54579,56030,64234,73572,75715,82405,86999,114747,116834,123062,125934,130420,143399,150503,155162,165041,175973,183572
6025,50311,53275,55092,56197,63913,73251,74368,82093,112121,95620,108006,121740,126015,131028,143819,150950,156718,165248,176736,183536
6026,50194,54157,54661,56208,63911,73356,74047,82622,89150,98065,114996,121017,126630,134953,141697,151211,157791,164532,177512,184863
6027,50175,53492,54735,56600,65085,73287,76357,83194,87052,115051,122466,123322,128914,135464,145612,150444,157863,164996,177726,183102
6028,50051,53952,54962,55935,63690,73346,74799,82182,86747,98063,107756,123018,126535,136339,141396,147215,158462,165252,175695,183656
6029,50019,54560,54989,56402,65123,73377,75821,82130,111867,114601,119391,123359,126804,134657,144779,151087,157741,166258,174168,185290
6030,50098,54674,54915,56432,64991,73333,76150,82929,89540,99952,108515,123589,127562,136031,144851,149608,156168,166079,175005,183497
6031,50726,54221,55661,56687,65067,72681,76363,83242,87389,96343,119925,123877,127505,132224,143490,151324,157905,165757,175562,182710
6032,50955,55092,55771,57255,64969,73392,74873,83838,88314,116296,123827,123955,128571,133938,146305,151322,158523,164110,176229,183757
6033,51136,55208,56097,57354,65825,72539,76441,82449,106353,97983,110897,125676,129518,134075,144632,151140,156622,164571,176620,183658
6034,51108,54730,56005,57233,61447,72742,76555,85638,90940,95306,109613,125909,129390,134204,144153,151639,156736,164895,176334,182330
6035,51298,55058,56081,57031,61713,73557,75656,82526,88327,116254,111494,125530,128369,133596,142252,152382,158885,165761,176815,184294
6036,51792,55187,56351,57210,62092,73083,75259,83639,87070,100576,121447,124956,129284,133834,142964,152243,157538,164687,176043,183907
6037,51324,55083,56549,57669,61819,69799,75246,83975,114527,100307,110643,124981,127868,133090,142049,152279,158073,163200,177071,185246
6038,51833,55304,56624,57682,62626,69689,74826,82849,88019,110686,113492,125923,128616,132395,144747,152557,158638,165001,177542,185254
6039,52161,55853,57030,58791,62815,71406,75686,84583,93250,94531,123200,127903,129635,133144,144825,150974,159671,164724,176361,185875
6040,51631,55391,56572,58648,63228,72303,74839,82105,88236,120671,111157,125487,128969,132232,144182,150006,158009,165369,178012,183034
6041,52235,55453,57253,58129,62642,71062,74913,82986,87574,101116,108895,125151,129077,132488,144528,152455,157727,166106,177380,185199
6042,52243,55398,56969,57947,62861,70676,74206,81361,92396,102132,122389,124247,128007,130741,144520,151373,158660,163801,177770,185483
6043,52240,55470,57178,58157,62474,70926,73486,86193,116189,98542,110046,126805,129688,130656,141774,151299,158924,165084,176375,186731
6044,52218,55744,57510,58601,62551,70060,73689,83614,88055,96282,109789,126808,129980,132889,142443,151525,158395,166822,178418,183711
6045,52154,56127,57577,58557,62251,70469,74166,82177,87125,119008,122591,126627,129865,132681,143812,150578,158757,164054,175903,183439
6046,52068,55932,57764,58732,62873,70609,75225,82891,87940,96071,111538,125603,129455,133055,145196,152302,157681,163601,175108,182904
6047,52271,56235,57727,59381,62733,70491,73166,83183,88445,98550,109448,127074,130112,133019,143634,148970,157779,166618,176077,183026
6048,52006,55819,57214,59083,62783,71011,73099,81716,118176,119892,121470,126634,129739,131742,143991,153418,158101,163739,176793,185374
6049,51782,55481,57006,58526,62256,69541,73733,88196,87986,97090,108155,125140,129517,133607,144023,151315,157911,167572,176636,186164
6050,51043,54988,56247,57854,61868,70580,73828,83332,86878,96191,120836,124617,126903,131093,142102,151960,161084,167278,176009,185490
6051,50958,55070,56797,57597,62510,69596,72723,83772,92129,119874,111201,124816,128760,132523,140470,151971,159062,166739,176179,184566
6052,51060,54938,56036,57895,62278,68909,75217,81940,90922,98943,111628,126067,128934,131141,145793,151565,158221,166038,176231,184323
6053,50991,54856,56721,58653,62331,70052,76731,82009,87265,99492,123189,126678,131290,132668,144488,152243,159561,165970,176527,183465
6054,51360,55047,56745,58565,62731,71709,76228,82857,121687,98815,113447,127949,130214,132794,144859,151346,157855,165864,175748,185382
6055,51940,55617,57154,58305,63060,70830,74828,82915,87792,122656,108211,128020,130733,131839,145320,151916,158640,165751,175577,183290
6056,51392,55363,56845,58125,62310,70754,76240,82762,86963,98472,122681,126278,129012,131431,145423,150444,157357,166561,176868,184011
6057,51629,54867,56820,58480,62562,69811,74034,84288,86571,97131,110911,127038,128496,131631,145531,150995,158503,165716,174771,184738
6058,51545,54864,56243,58337,62326,69954,73932,82433,86189,97834,108879,125731,128634,132048,145128,153542,157035,165656,175622,184366
6059,51769,54680,56955,58049,61777,69542,75175,82486,108519,120921,122943,126055,128295,134878,145119,151322,157964,166251,177573,183871
6060,51234,54562,56948,58503,62478,70161,74189,87171,88583,97633,109768,126515,129687,133952,143505,151479,158683,165035,176119,182178
6061,50865,54295,56377,58022,62360,70681,74829,84236,91988,96831,107451,126722,131104,132370,141252,149751,159415,163698,176845,183487
6062,51117,54095,55943,57760,61798,69205,73275,81732,86886,119479,122755,126297,130939,131910,144931,148049,158217,166060,175704,181550
6063,51458,54566,56212,57597,62142,69552,73062,82104,92714,100553,109928,127775,128876,134156,144924,149069,157511,164239,178334,183315
6064,51452,54644,55923,57597,61837,69638,72983,81838,107417,94717,122917,120018,128724,132180,141662,150375,159322,163946,175971,183026
6065,51060,54709,55448,57140,61503,68073,74361,84732,90893,98530,111597,125902,129431,131921,143684,151447,157037,164794,175895,183226
6066,50985,54510,55472,56587,63379,67716,75929,82106,89483,117174,111177,124984,127980,133571,142591,149134,158315,165569,178276,183557
6067,50652,54470,55826,56593,64217,74370,74046,84586,86663,96253,119543,123309,126920,135826,144831,150268,159239,165952,176470,185373
6068,51398,54843,56060,57665,64654,74247,75303,82019,116351,99121,112415,124089,127915,134672,144885,150667,159599,167796,177827,186687
6069,51838,55464,56799,57706,64661,73846,75539,86282,87564,120088,107616,123672,128842,134442,146260,151725,156370,165775,174615,185435
6070,52004,55238,56692,58053,61990,73401,75010,82013,87311,99431,120126,123282,127175,133832,145615,152329,158875,164124,177275,183645
6071,51758,55628,56865,57827,62096,73687,75248,82667,86226,100480,115428,122703,129937,135912,145614,150912,158225,163985,178901,183914
6072,51698,54918,56438,57239,63535,72845,74237,81870,88179,97837,110167,123837,129786,134747,145854,150747,159064,166596,176032,184387
6073,51508,54376,56390,57292,63858,71664,75681,87862,113017,113605,117576,122008,126672,133168,145410,150253,156440,164590,177626,185563
6074,51400,54534,56302,57155,63914,71516,74422,83257,87067,97313,118075,122334,127229,132973,142537,149873,159292,166974,174297,184084
6075,51551,54647,56382,57212,64266,72154,73577,83372,91418,115180,110964,122917,125896,134359,145192,149984,158977,166896,176425,183449
6076,51404,54706,56380,57417,64275,70951,73706,85739,88055,96921,116852,122444,127997,133850,145239,149914,156580,166255,178344,185133
6077,51643,54958,56868,57578,64427,72065,74391,84032,99745,97984,109115,122346,128240,135051,143302,150710,156206,165388,178389,185054
6078,51059,54473,56085,56922,64579,71235,75642,82173,86370,114793,118890,122049,127393,131190,142409,151137,156276,164622,176305,183934
6079,51141,54718,56072,57218,64158,71597,74017,81757,114672,97044,109351,122745,127067,133172,143939,150046,156064,166553,176135,185061
6080,51701,55366,57067,58133,64674,73869,77155,83070,92557,107036,120804,125504,129786,132972,145331,149416,159018,165890,176596,183954
6081,52334,55825,57047,58562,65526,74168,73550,83303,92922,99294,111487,125206,127481,133967,145674,152110,159524,163198,175435,183385
6082,52289,55710,56956,58186,62986,73317,74531,83197,88169,117353,120572,124489,127573,135925,144035,151122,157413,165753,176945,185340
6083,52084,55784,57091,58146,62544,70378,75966,83288,87936,99992,111771,124861,127485,136979,145914,150778,155768,165555,177823,186510
6084,52005,55578,56791,57763,62337,70206,73754,83180,87392,96093,111698,123103,125604,133478,145166,151017,159063,166215,176800,183404
6085,51787,55506,56804,58080,62352,68846,75271,82883,105016,116578,119415,122855,129123,134659,144338,151833,158583,165877,178568,184508
6086,51356,55274,56415,57502,61502,68646,75462,83193,91967,96591,109450,122381,126800,133868,142105,152637,158850,165535,176281,182381
6087,51304,55245,56700,57544,61957,70841,73561,82622,87973,97584,120439,123807,127025,133567,144618,150892,157684,166272,179005,184784
6088,51026,54799,55985,57382,61683,68807,72603,85790,87218,117297,109387,123596,126432,132033,145010,151769,156984,165606,177143,183961
6089,51546,55285,56811,57639,62804,69674,73404,87080,117025,97659,120885,124641,127532,132249,142236,150300,158519,163900,176757,185503
6090,51670,55129,56212,57680,62347,69189,72199,81944,90599,97846,109073,123253,127101,132959,141918,151447,159569,165773,174987,183723
6091,51500,54597,56256,57909,62287,69056,73151,81588,90033,119194,111547,122754,127006,131254,145248,152433,157410,164383,176486,183255
6092,51869,54874,56593,58050,62755,69162,73152,79180,91687,97849,120559,122317,126829,133195,144963,150053,159596,165319,176328,183627
6093,52164,55409,56609,58060,63362,69470,73489,81807,90087,98246,111130,122799,125949,133339,144545,151904,159296,167078,176352,183591
6094,51925,55197,57090,58111,63421,69563,74046,85434,91214,110519,120773,122673,126149,132183,144255,153629,158949,167015,176344,181969
6095,51416,55206,56640,58866,62977,69459,73817,86271,90459,99134,111884,122668,127055,132193,144539,150095,158264,164341,175263,182570
6096,51418,55108,57009,58741,62563,69017,73253,82100,89821,94789,107473,123279,127917,130767,141930,150762,157704,167156,176465,184371
6097,50712,54619,56475,57767,62156,69025,75267,80754,116069,117455,118283,121523,125499,135169,142100,151947,158428,166303,174705,185875
6098,50513,54258,55952,56865,61240,67884,72688,82414,91852,98933,115686,118195,128521,130108,140806,151553,160228,162866,175954,182630
6099,51118,54825,56584,57468,63529,72119,73241,92120,92239,106958,112536,120429,127493,133084,146581,149680,158540,164721,176094,183503
6100,50459,54565,56088,56938,63628,71827,72725,85199,88906,101960,117229,120078,126947,135147,142122,149249,156700,163688,174511,182049
6101,50751,54263,56095,57142,63165,70317,73790,80332,88095,102099,108767,120037,124587,135584,143461,150301,158393,164426,175640,183233
6102,50286,53626,55609,56292,63101,68592,73311,83324,86245,113155,116586,120047,125694,131706,141292,150482,157158,164792,176362,184779
6103,50146,53618,55675,56301,63038,69934,72821,79918,111713,101181,117493,120377,129304,131520,144811,147086,156923,165747,174920,183382
6104,49814,53326,54949,56000,62498,69763,72591,78675,92022,97556,108746,119560,122709,131188,142350,151738,156193,164247,175303,182040
6105,48962,52743,54175,55413,62046,68221,72599,93385,90385,111448,114897,118459,122442,134430,143951,150005,157876,164821,175816,182725
6106,47947,51960,53268,54231,61372,67600,72379,81224,88922,97872,112610,117206,122127,129807,142024,148702,157763,163834,174916,183030
6107,47826,52207,53136,53932,62302,69779,72413,81455,91737,109525,113288,116662,121450,131310,140713,147850,156992,164962,175007,183395
6108,47437,51714,52697,53454,60900,69147,72084,81486,86201,97799,111048,115836,122323,131615,141625,151114,156532,164228,174658,183711
6109,47985,51638,52509,53513,61043,69210,71911,81964,106632,107494,111909,116579,127440,132992,144007,149084,156413,160998,175305,183146
6110,47802,51887,52732,53246,60830,69357,71931,79557,89088,99516,112054,116961,120626,132915,141468,147747,157481,164764,176163,183467
6111,48143,51798,52962,53571,60664,69587,71718,104062,86406,106875,112399,116599,121060,133594,140881,148269,156762,163226,176653,183128
6112,47805,51526,52393,52982,60944,68766,71484,79241,102761,104987,111161,118753,123244,133124,142529,148725,155720,162387,175832,183960
6113,47873,51512,52840,56442,62362,69277,72306,82144,91180,105543,111545,116461,124939,131951,140813,149364,157172,163334,175821,182296
6114,47434,51181,52187,56331,61517,69612,72478,84466,90724,96192,111278,116522,123484,131339,140979,151328,157236,165205,174827,182679
6115,47170,50884,51780,55990,61719,69233,71972,83725,90671,105749,110026,119477,123136,130822,143485,147862,154806,164113,175436,183006
6116,47313,51123,52438,56462,61837,71094,72502,81139,102333,105467,111916,120285,126839,132886,139039,147024,153395,164053,174709,183455
6117,47674,51498,52641,56694,61847,68990,72588,81949,88461,106539,110998,116641,126158,133942,139460,146930,156148,163993,175796,183529
6118,48181,51703,52887,56872,63220,69352,71988,81719,89873,106309,111688,114577,123097,129231,141375,150680,155939,164979,176365,184634
6119,48361,52168,53265,57615,63363,68833,72837,84430,105455,100518,112530,115780,125438,130082,141228,149396,156215,164891,176452,184535
6120,47726,51946,53134,54144,61269,68965,72551,81529,86473,108216,111752,117388,124164,130968,141286,147186,156818,162797,175998,184449
6121,48149,52399,53609,54290,61442,69712,72854,84261,91337,100394,113355,116000,124203,129530,141247,148564,155749,163728,175546,182994
6122,48467,52399,53782,54805,61988,69525,72595,84236,99211,109954,113902,116285,123337,130606,143250,147155,157049,165099,176162,182637
6123,49141,53394,55022,55799,62743,70020,73521,81964,91534,95292,116861,119483,123122,129156,142717,147660,156659,163778,176089,184690
6124,49560,53511,55047,55967,63357,70126,72642,81934,91846,113558,117229,118157,122394,133222,140937,148446,156385,162635,175493,183873
6125,49363,53365,55190,56331,63300,70065,73403,82536,89333,96260,118245,119647,125406,130907,142555,148302,156174,164172,175407,183509
6126,49574,53457,55829,56602,63512,69112,75306,82991,113381,114796,116834,119692,126270,135202,139687,149192,155445,164006,174938,184193
6127,49989,54004,55798,56810,63919,71051,73289,84595,91083,98450,116441,120279,126250,131500,139813,146765,155449,164903,174737,182626
6128,49989,53945,55596,56854,64010,69691,73221,86044,90078,99607,116114,120847,125240,130542,142243,148850,156857,164933,175407,183205
6129,50133,54040,56099,56872,64233,70596,73399,84646,91782,114398,116052,119429,125987,131953,141086,148844,156379,162537,175455,184375
6130,50420,54324,56235,56654,63971,70782,73158,84409,88654,98115,116906,119994,122934,131461,141188,147532,156326,164720,174904,183716
6131,50213,54468,56484,57070,64049,70876,73149,82978,89544,106888,117006,121825,125797,130753,140104,148651,155622,163610,174982,182529
6132,50481,54438,56397,57604,64188,70368,75162,82842,113833,95963,116618,119130,124785,131731,140675,149942,156487,163598,175975,182221
6133,50598,54748,56648,57124,64504,71102,73243,83747,88622,115481,117516,119071,125710,131074,141693,148680,156884,163422,177383,183695
6134,50409,54483,55940,57165,64253,71099,73244,82148,89862,98224,117457,120290,125591,131296,142326,151435,156504,163716,175068,183571
6135,50694,54809,56408,57122,64267,70309,75717,83124,90196,104896,117134,119744,125833,130735,142849,149576,155618,164147,175840,183563
6136,50070,54253,55901,56689,63802,69243,75981,82301,88876,100633,116613,119418,125631,135799,141313,149041,156366,163722,176122,183498
6137,50019,54322,55934,56669,64487,71065,73264,83892,87843,115150,117683,121006,124264,130414,142166,151636,155816,163787,175203,184372
6138,49954,54079,55566,56684,63933,70417,75159,84499,113885,96483,115904,119844,128390,130889,140277,149397,154924,163577,175654,183768
6139,49949,54368,55751,56450,63961,72518,73308,83601,90564,105363,117047,120098,124025,135152,140887,150625,155928,164774,176054,183660
6140,49853,54009,55588,56369,63785,70610,72980,83528,86364,98357,116685,120008,125100,131721,141218,150569,154614,163040,176069,183205
6141,49977,54150,55662,56576,64089,71374,75184,79965,90369,114415,116665,121441,124280,131543,142107,147733,155502,163682,175709,182980
6142,49996,54113,55654,56674,64653,69450,75479,82208,87028,96049,116278,119788,124591,136500,141001,148976,156272,164255,175713,184074
6143,50026,54194,55765,57096,63672,69674,75349,80127,114645,115175,118167,120176,124605,134958,144033,149603,156052,163628,176155,183005
6144,50001,54145,55591,56670,64127,69467,73821,79913,90673,96830,117915,119597,128385,135244,141402,149327,155608,164063,174966,183153
6145,50509,54578,56262,57296,63975,69787,75838,83155,90367,99142,110249,121676,124347,132644,142947,149777,156375,163302,175373,182850
6146,50639,54825,56191,57843,64318,70267,75539,82611,93898,116251,118412,122087,124479,136812,144261,150718,157341,164012,175547,185468
6147,50829,54796,56567,57534,64417,70652,73265,83299,91700,98619,109175,121264,129968,132942,143628,151564,157192,164001,175825,185798
6148,50170,54792,56473,57872,62237,68675,75491,86155,89555,99584,119194,121829,127255,136527,142788,150258,156657,162700,175813,183792
6149,50067,54747,56503,57334,62126,68762,73324,80470,88963,117444,107577,122740,126775,135310,143238,149981,155306,162746,176208,183916
6150,49577,53938,55398,57183,61778,68429,73909,83989,116256,96941,119044,122931,127562,133441,143325,151109,157501,163465,175058,183747
6151,50084,53915,55715,57446,61816,67620,76799,85874,86594,96951,118933,121798,126425,132625,142254,149811,155976,163646,176101,183928
6152,49831,54303,55410,57414,62092,68086,75786,82642,89308,116499,109250,122051,126455,131770,143123,148829,156769,165411,175034,184620
6153,49687,53898,55169,56937,64569,68661,74753,81414,90267,96368,117672,121432,125567,132524,141832,148555,155996,161940,174881,182793
6154,50014,54038,55034,57079,64297,69605,75433,83337,86684,97164,110318,121518,125207,135067,140642,151194,156246,162040,175552,183424
6155,49713,53757,55156,57409,64328,69675,74788,82595,113521,114247,117430,121028,126729,131889,141580,151422,157699,164054,177105,183383
6156,49583,53663,55564,56914,64119,69928,73171,85084,92556,96614,117248,118870,124045,131798,140390,151942,155982,163438,176125,184286
6157,49603,53562,56196,56682,64671,69801,74905,82167,87459,113860,108014,122246,124565,134036,141684,148109,155627,162842,175114,183789
6158,49796,53552,55598,57194,64694,69853,74591,83781,88106,98611,116340,122354,123955,135946,144170,151989,155785,164624,174451,183815
6159,50349,54295,56038,57429,64665,70141,75513,81937,87959,101630,120140,122980,126644,133260,143591,150555,155953,163959,175207,185462
6160,50080,54221,56081,57147,64183,70152,75581,88759,104550,116481,111536,122732,125812,135455,142486,150240,157678,164908,175769,183902
6161,50219,54150,56069,56963,63954,71209,72907,82093,90824,97944,113484,123338,125666,136403,142743,150170,157135,162204,176847,182386
6162,49986,53622,55708,57111,64287,69743,75504,81950,92230,99891,117286,122277,124747,132728,140957,150980,157343,165288,175803,183124
6163,49928,53914,55914,56933,64721,70956,73041,81322,91669,102702,108710,121680,125671,132930,143532,149890,156859,165593,177915,183814
6164,50085,53990,56058,56758,64193,71285,73200,85713,87354,115433,116000,121762,125147,132780,141421,149049,157226,164671,175524,184782
6165,49855,54081,55836,56796,63949,71815,75084,79679,113200,98966,117679,120060,125513,132797,141265,149184,158912,165244,176093,182726
6166,49647,53772,55883,56854,63960,69930,75562,95594,91282,97261,108127,120513,124474,134734,141524,150336,156994,164358,175563,183266
6167,49583,53452,56020,57081,64108,71083,73393,84855,91575,115239,117975,120684,124886,135646,142525,147894,156650,163246,174932,183687
6168,49444,53447,55735,56822,63846,69458,75834,83947,86648,97960,117671,120792,124473,134209,141823,151613,156266,165592,175626,183096
6169,49435,53422,55627,57178,64145,73841,74740,81872,86716,95762,110864,122245,125000,131135,142225,149426,156223,163319,175464,182553
6170,48635,53087,55118,56942,60969,71127,74641,78939,115197,114584,118321,121617,125628,132027,141558,148155,155830,164787,175184,183813
6171,49847,53639,55006,57466,61691,68760,75338,81810,88055,97501,110271,122350,124718,135828,144220,148942,157347,163202,175795,182741
6172,49132,53439,55132,56744,61175,68560,74849,82250,86800,115892,118574,121419,124766,130937,141492,149972,156896,162087,175109,183727
6173,50266,53837,55300,57769,61675,70336,75684,86647,87097,97637,114239,122971,125850,136544,144551,150645,156285,164491,174305,183700
6174,49448,53341,55742,58167,62254,68453,75866,80610,91858,96100,114456,123011,126146,131816,142995,148967,156684,164378,174390,182829
6175,49664,53521,55820,57764,61440,68931,76373,81503,116657,118492,119078,123458,125908,135061,141624,150427,157182,162720,174308,182629
6176,49279,53526,55398,57529,61601,68131,76689,81409,87960,99313,113327,121291,126897,134083,144006,150117,156293,164220,174234,184647
6177,49915,54053,55502,57415,61857,68436,77060,83261,85819,97837,113249,122072,124499,134144,141522,151069,155807,164241,175907,184031
6178,49188,54008,55552,57030,61886,68242,76415,85981,86246,116082,111159,120536,124597,131631,141919,152059,156535,164342,176279,183620
6179,50561,54011,55511,57218,64007,68948,75758,82188,90968,97787,118217,121930,123773,134434,141622,149708,156741,164650,176214,182965
6180,50230,54048,55683,57399,64496,68087,73159,83208,115258,98191,110233,121029,124876,133275,141579,150110,155696,163478,177003,183638
6181,50458,55015,56667,57942,64642,74224,74157,80090,87438,117524,119428,123340,126801,131980,143324,151218,157139,164614,176206,185538
6182,50630,54808,56121,57764,61821,71748,73861,89608,89325,99366,109908,123298,125495,131853,143211,149559,158404,163916,176009,183515
6183,50383,55362,56480,58294,62644,68723,74096,84479,88429,99826,121582,124618,127981,137193,141396,150347,158555,163715,176206,183724
6184,50092,54711,56090,57719,62383,68659,75030,79381,86304,99685,110067,124280,127788,136340,142026,151111,156268,165446,174726,183001
6185,50412,54913,56606,58694,62621,69154,74602,80002,118476,120938,110708,124965,127749,131835,143723,148655,157281,165841,176065,183072
6186,50490,54768,56648,59037,62523,68546,72644,86963,90599,98232,121115,124900,127885,137276,144074,151948,157825,163050,177759,183203
6187,50841,54997,56638,58828,63239,68984,75528,80905,87138,97360,110320,125987,128665,136963,146214,151071,157048,166080,177636,184556
6188,50280,54891,56605,58807,62844,68528,73552,80339,84852,98719,121494,124542,126479,134279,143953,150468,160767,167458,178509,184250
6189,50700,55145,57095,59099,63230,69401,76455,119336,89847,120927,108888,125481,129603,134580,146323,149804,158039,164702,176732,183452
6190,51044,55439,57272,58884,62885,69713,75365,81927,122401,100910,123764,125650,129246,138004,147942,149699,157686,164899,177555,184218
6191,51007,55347,57365,58837,63609,69541,73464,85091,88751,98362,110282,126295,128517,137814,143902,151203,159575,165157,178039,184241
6192,50725,54814,56786,58748,63062,69241,73264,79119,86895,97293,110692,125042,127595,134141,144094,149510,156946,165561,176811,184281
6193,50968,55357,57177,59016,63381,69393,73591,79397,88126,121435,110492,125875,132783,134112,147140,150802,158669,166012,176329,184385
6194,50954,55539,57152,59070,63414,69387,73739,80988,87900,100061,123814,127212,129625,137219,145826,151776,160949,166212,178223,185815
6195,58614,62970,65419,67582,70667,76092,77874,87502,99685,102339,121341,146333,146241,147738,154456,152704,164008,163072,179630,183531
6196,60522,64270,64205,67291,68262,75004,76960,85765,89294,102620,113985,162287,163411,164075,166462,157869,174363,166346,184842,190881
6197,41412,44440,45948,46592,47111,47891,51231,61522,66875,79555,87846,112254,116522,118472,118462,171365,130488,165129,142078,157055
6198,42336,45929,46662,50607,58492,66047,69294,77712,100095,104217,111256,119050,121839,130482,140883,118462,154681,170972,174979,182160
6199,42445,46021,46716,50893,58193,67467,71079,78544,101052,105684,111049,115298,122547,130487,144185,146765,156345,179827,174197,182993
6200,42568,45973,46780,50727,57577,67800,71455,99122,100813,103179,111180,118851,124522,132757,141267,147105,154190,142078,174853,181472
6201,42752,46332,46939,51264,57612,67647,72159,80171,100747,105338,111461,118141,124892,131738,141295,146593,153880,163551,173881,181629
6202,42583,46248,46765,50700,57099,67208,70823,79132,85823,105940,110851,116395,125378,127736,141657,147647,155886,162412,174131,180532
6203,42596,46256,46820,51139,57494,67603,71550,78157,101561,106284,111625,116656,123562,129300,138669,146177,155255,163440,175138,181867
6204,42630,46197,46834,51156,57986,67620,71186,78257,85377,105475,111104,119919,123681,129008,138640,146461,155127,162873,173112,182618
6205,42566,46337,47023,50982,56931,67301,71246,98022,99473,105015,110474,117076,123775,130013,139091,146875,154454,162763,173789,182309
6206,42539,46165,46666,50547,58024,66924,70599,79823,86181,103327,109724,117714,122463,127263,140177,146846,155520,163228,174114,182367
6207,42567,46508,47108,51105,60004,67274,71063,79921,100205,104058,109710,118364,121113,127759,143393,147917,154536,161911,172737,181432
6208,42822,46512,46773,50675,59702,67528,71262,77335,87588,104447,110366,116644,122924,129350,138857,147856,153823,162805,172921,182775
6209,42928,46736,47166,51412,60284,67438,71431,98460,100022,105319,110939,118626,123606,132391,141220,148447,153888,162492,174127,182348
6210,42954,46648,47156,51468,60344,67576,71397,79506,89302,105702,114653,114545,121232,132965,141193,147027,154410,160872,173825,182353
6211,43048,46701,47153,50987,59845,67877,71478,77810,100840,105431,114272,115774,123650,132443,139461,147320,155869,161252,174555,182408
6212,42931,46476,47180,51152,59334,67063,72007,77853,87018,104916,109904,117419,125510,128505,138062,145718,157334,162633,173108,182333
6213,42870,46499,47052,50894,59510,68009,71455,97811,100732,105413,114515,119115,123743,127084,139356,145610,156153,162772,172997,182082
6214,42958,46496,47063,50772,59795,67119,70818,79193,87555,105178,110376,118827,123139,132501,138717,148315,155473,162055,174235,182338
6215,42796,46328,46936,50800,59183,68061,71509,78176,98928,105090,110668,118647,123009,131584,140164,146965,154995,162286,173750,182750
6216,42592,46205,46963,50623,59415,66832,70887,78431,86709,105213,109877,119234,124452,130650,140394,146380,155913,164536,173939,181582
6217,42976,46525,47041,50997,59435,66880,71168,97671,100515,105737,110522,118852,123818,131509,138649,148151,154876,161989,173799,181664
6218,42594,45765,46827,50564,58688,67694,70693,79537,87643,104480,109560,118397,121893,125868,136513,146437,154791,163046,173630,182416
6219,42970,46531,47316,50897,59193,67927,71194,79287,100727,106006,111620,119490,125972,130247,141911,148382,157549,162628,174861,182534
6220,43164,46683,47475,51114,57940,68532,71387,78083,87955,97118,115676,117005,126470,130558,141968,147671,156367,162760,174079,181648
6221,43167,46535,47117,51050,57532,67306,70467,98008,100087,106394,111255,119399,124496,129611,138643,147146,155519,163017,175271,182254
6222,42932,46397,47232,51138,58105,67354,71033,79205,87379,106150,110802,118795,123233,126996,139921,146710,153892,162429,172259,182229
6223,42886,46579,47358,51083,58230,67906,70786,78673,100886,105408,115420,119547,124640,132855,139596,146928,154674,163248,173148,181529
6224,42917,46647,47029,51110,57050,67848,71310,78587,87042,105812,114544,116359,125171,130787,141177,146885,153972,162828,173845,182657
6225,43209,46577,47673,51343,58533,67419,71431,84209,99930,96979,115063,115573,125585,129731,139327,147500,154968,161664,173010,182660
6226,43155,46530,47496,51105,59191,68047,71373,78551,87183,105570,114544,117686,124567,130396,140819,148233,155739,163792,174602,181302
6227,43422,46799,47618,51417,58058,68027,71827,98535,100293,105890,111519,116616,120968,129095,142289,147573,155159,163214,174392,182312
6228,43601,46920,47921,51948,59086,69467,72871,80206,88140,105989,111696,118373,123434,128868,142973,147406,156007,162736,173650,182978
6229,44111,47373,48196,52469,58657,67922,71727,79439,103927,107857,113984,120391,126593,132258,143096,145886,154787,163036,174301,182676
6230,43621,46631,47569,51836,58009,68677,71567,78363,87791,97422,111703,116461,121292,130572,140518,148718,153190,162448,172958,182395
6231,44103,47788,48186,52575,58830,68271,71400,91804,90089,107611,112757,120517,126954,129006,141401,144967,154928,162824,174794,182113
6232,44379,47556,48369,52554,59530,68639,71628,78316,105056,106985,115680,116647,122955,129030,139779,148081,155496,162522,173012,182431
6233,44354,47608,47991,52537,59018,68368,71421,79270,90006,98817,113982,116024,124815,133086,139428,147833,156266,161876,173935,181791
6234,44328,47925,48436,52491,58722,68283,71442,101723,86510,108200,113255,117633,126210,129747,140650,146884,155185,163621,174625,182917
6235,44450,48001,48377,52793,59825,68633,72080,79293,102500,99627,114689,118955,124750,131293,141766,147275,155332,162676,173565,181993
6236,44554,48235,48614,52901,59805,68951,71661,78646,86398,108937,113856,117353,125065,130192,142570,146934,156518,161494,173119,182994
6237,44913,48130,48902,53393,59133,68390,72295,79532,90846,99835,114801,119030,125001,129849,142792,149729,156258,163581,172874,181503
6238,44535,48003,48421,53115,59864,69252,71187,78601,103309,107015,114818,118374,126000,131440,140982,149232,154958,163692,172895,182461
6239,44679,48275,48811,53429,59122,67693,70801,87245,88235,109773,114609,119946,125636,130689,142333,147937,155246,162839,173476,181215
6240,44576,48052,48453,53167,58784,68419,70990,82408,85899,99614,114566,117869,124591,132634,142583,145627,157881,162827,175656,182381
6241,44471,48014,48738,53136,58744,68594,72151,79372,102253,100366,112929,119978,124788,131393,144007,148536,154473,164588,175629,181968
6242,44286,47605,48331,52375,59104,66924,72378,100511,89934,106744,112248,119279,122854,129635,139497,147941,154399,163560,174047,182915
6243,44745,48102,48449,52911,58460,68398,72702,83527,105696,107753,114956,120436,125027,132143,140355,148062,155622,163233,175117,182685
6244,44669,47884,48645,53076,58433,68080,71895,82458,91734,97518,114838,121082,125795,130715,143130,148771,154803,163019,174768,182453
6245,44444,47864,48309,52650,58638,67155,72243,79230,86495,106620,114689,119309,124397,132589,141383,148189,155525,163444,174876,182853
6246,44142,47695,48343,52349,59108,66826,71578,80645,86243,107385,113518,118008,124222,129206,142550,148231,156818,164482,173392,180808
6247,44254,47734,48268,52754,59343,68777,72367,80944,102782,99673,114470,119219,124820,132218,142229,146913,156136,164083,172832,182590
6248,44071,47325,48054,51973,59751,68421,71622,79599,85663,107376,113440,118631,124691,132381,141758,147210,156844,164356,174592,181440
6249,44314,47666,48594,52732,59127,68291,72064,79220,102664,102541,114828,119049,125973,131504,143116,147532,155955,163606,175276,180969
6250,44109,47651,48435,52493,58787,67716,71045,100784,89467,104676,117689,118900,123828,131029,142992,147611,155249,164684,174289,182589
6251,44180,47651,48392,52537,59257,67892,71253,80697,93900,107631,115808,119176,124070,132208,143342,146879,154647,163036,174548,182715
6252,44109,47413,48134,52144,59593,68188,71280,78198,93316,98563,112898,117652,125376,131408,142087,149484,156068,162323,174140,181286
6253,43986,47296,48155,52241,59794,68434,71485,78395,103026,107358,112290,118656,125014,131375,143802,145838,155205,163360,174697,182211
6254,43430,46490,47315,51423,58949,67959,70885,77991,88862,105545,112490,117725,125386,130117,141158,147079,154701,161717,174154,182583
6255,43386,46488,47418,51376,59539,68320,71532,99414,87502,97290,115179,120533,126437,130015,142266,147629,153223,161937,175362,181716
6256,43329,46699,47587,51683,57546,69184,70994,79558,101816,106031,112311,119348,126866,131103,140415,147219,153392,160833,173776,181439
6257,43603,46916,47781,51733,59593,68663,71053,78564,88069,106886,112147,117750,125755,130603,138692,146646,154847,163859,174076,181680
6258,43523,46737,47557,51610,59455,69095,71532,77919,96593,106500,113057,115039,124992,129702,141570,148038,154813,162643,172500,180309
6259,43713,47121,47942,52369,59830,67721,71217,86066,89117,98634,112948,118856,126110,132483,140742,146894,155554,162665,172118,181090
6260,43790,47023,48089,52106,59556,69008,71791,77905,102725,107777,115463,115780,123535,129345,143088,148965,155213,162398,173368,182364
6261,44024,47344,48382,52755,58592,67751,71570,101189,91715,106965,113917,117712,123075,131795,142460,148728,154534,162654,174312,182289
6262,44084,47373,48250,52265,58048,66461,71236,80582,84518,98080,112828,117941,123842,131663,138017,148430,156797,164131,174349,180841
6263,44384,47590,48379,52769,58929,67956,72396,78206,103408,106658,113773,116391,124312,131601,141270,147507,156968,162576,172106,179905
6264,44600,47769,48713,52767,58942,68472,72460,81409,89182,107179,116297,119028,124598,132330,140781,147684,154570,163510,173839,182395
6265,44369,47792,48770,52702,58691,68662,72846,81589,90165,99083,113242,116685,123832,130580,141275,147774,156611,161137,175214,181091
6266,43984,47529,48134,52087,58775,68400,71977,81328,102772,104769,111940,117952,123670,130374,140813,146847,154315,163396,174808,182389
6267,44168,48031,48390,52568,58941,67632,71992,82373,91406,105735,113875,119190,126713,131491,140402,148227,155465,163720,174170,182734
6268,44047,47349,48107,52449,58999,67133,72516,85992,86603,105332,113987,115557,123779,132024,143826,148809,155515,163171,173405,181927
6269,44440,48141,48602,53063,59296,67610,72950,82592,104457,105666,114050,120011,125739,132052,138863,148068,154884,162684,174604,182256
6270,44474,48050,48720,53005,58993,66924,73021,78867,90054,97395,114738,117236,126657,132616,138322,149635,155484,163095,173170,181971
6271,44569,48104,48603,52773,59085,68547,72037,102164,87591,106500,114605,119328,124228,132920,139722,147668,155388,163825,174191,180827
6272,44170,47610,48412,52802,59235,68707,70960,78911,104703,105988,114006,116488,125916,130146,137454,148490,157762,163341,174901,181603
6273,43982,47693,48244,52429,58836,68859,71697,81949,90106,105371,114477,119990,125761,132623,139447,147180,153547,163612,174399,181180
6274,43753,47250,47879,51871,58330,68204,71209,78617,88597,104651,112766,118793,124348,129577,140737,147438,155185,162045,174022,182765
6275,43458,46955,47486,51699,58318,69911,71277,80585,93926,100794,115381,118399,124480,128798,138916,145386,154728,164495,172888,181708
6276,43204,46698,47445,51537,60077,68261,71521,78653,97077,105083,111511,114573,125172,130777,141605,146726,155348,162689,172279,182170
6277,43567,47079,47750,51837,61201,68022,71618,101967,90748,104832,115968,118734,123816,129886,141107,146851,156254,162144,174123,181265
6278,43024,46380,47077,51211,58596,68609,71161,81465,90292,105523,110667,115469,122759,129494,140690,147323,153920,165181,171812,182617
6279,42909,46378,47531,51645,57948,67571,71934,82443,101123,106978,115819,116153,125142,130925,141604,149197,155777,163584,173796,182840
6280,43001,46402,47351,51368,58580,67624,72356,79104,88177,98223,113785,118892,125351,128146,138106,147990,155802,163022,173644,181032
6281,42737,46280,46981,51533,58266,68138,71490,80134,101409,103896,116628,117972,123090,133161,142789,147629,155301,163009,172037,182777
6282,42453,45816,46753,51065,57795,67852,71756,78468,88721,106411,111841,116063,120620,129005,143079,148296,154283,163500,172064,182546
6283,42737,46214,46878,51394,58270,67524,71352,82306,85311,107112,112650,117090,125483,132477,141960,148234,155393,163084,171894,182100
6284,42589,46133,46996,51366,58621,67944,71802,80016,100495,98534,111948,116962,123713,132062,139548,148974,153644,163092,171843,181447
6285,42669,46379,46649,51330,58416,67686,72172,99464,101005,104532,112265,118190,124776,129514,141294,147443,155200,163478,175900,181355
6286,42537,46080,46866,51275,59292,67308,71598,82124,87792,105806,112139,116532,123612,131503,141277,147314,155098,163589,173080,182980
6287,42721,46219,46828,51529,58125,67532,71685,78443,89674,106450,113010,117227,124157,130492,140032,148216,155174,160797,174221,180495
6288,42512,46175,46858,50980,57706,67242,71614,77584,101264,106358,112094,117602,125502,132054,139907,147265,154114,160995,172682,182409
6289,42565,46452,46623,51161,58260,66905,71541,78730,88130,97875,112894,117382,123680,132272,138971,146578,155025,162511,174940,182971
6290,42059,45821,46406,50512,57460,67323,70986,97880,100346,104579,111117,117328,122893,129915,140809,148642,152909,161850,174116,182772
6291,42462,46149,46710,50825,57243,67348,70772,79290,87911,105270,115309,115623,123362,132055,141086,145657,157062,163682,174897,181613
6292,42628,46322,46759,50558,56791,67201,70415,78047,101728,106428,113832,118721,125670,129383,139582,148300,154024,162937,174713,182937
6293,42737,46466,47035,51429,57654,67509,70789,78435,88025,106369,112123,120499,127007,130726,142532,147576,155171,161475,173625,182523
6294,42644,46399,47198,51398,57512,67460,70953,98930,87675,97596,111911,120091,126025,131526,141345,146706,155181,161453,173857,182717
6295,42482,46321,46993,51064,58835,66773,70223,79830,101812,106107,111794,120801,123912,132057,139476,147467,155069,163958,172950,180992
6296,42688,46370,46800,50983,57963,67513,71086,77981,90078,106092,111728,120188,126332,131111,139662,147970,155728,163497,174257,182559
6297,42908,46641,47022,51529,57341,67437,71527,80486,96506,107564,112167,118890,125383,130170,140767,146670,155275,162815,174038,181969
6298,42737,46189,46954,51304,57425,67738,71138,81098,89672,100047,112080,119469,124414,130431,140271,147830,155582,161775,173184,182533
6299,43060,46610,47243,51694,57579,67091,70491,99804,102202,107278,112097,119157,127471,130438,141833,147656,154915,162325,172552,181911
6300,116,117,117,117,117,117,118,118,118,118,118,118,118,118,118,149110,118,161686,118,118
6301,41870,43338,44954,46949,47915,49105,58529,69424,74864,82589,90218,100114,109436,109436,120524,118,120524,161966,121184,121734
6302,42516,46148,46610,56136,66749,81131,96352,97915,100195,101353,111051,115099,124572,130097,140656,120524,152074,163877,173680,180249
6303,42771,46464,47231,59299,70782,97463,97551,99084,101627,107068,111527,118766,123912,130525,142694,147550,157208,118,174697,182202
6304,42905,46437,47217,62840,75185,98042,98268,100022,102313,107834,112002,116870,124656,130918,139416,146019,154790,120524,174052,181150
6305,42820,46549,47104,54773,59869,68968,98338,99998,102265,107494,111952,120093,124595,130402,140328,146465,155621,162613,173205,182836
6306,42811,46487,47097,54801,60886,67266,72434,99429,102251,107102,111501,116427,124578,130802,142762,148403,155763,162036,173141,182667
6307,43344,46994,47553,56290,60791,67369,71376,101231,103233,108160,113079,117080,124585,131753,143696,147585,154607,162908,174509,182748
6308,43322,46687,47413,51572,58086,66744,70909,80752,102661,107081,112421,118459,124170,130428,139830,147611,154512,161022,172291,182828
6309,43488,47182,47813,52063,57816,67236,71615,81378,102829,108590,114135,118308,124177,131223,140082,149996,155420,162906,172980,182891
6310,43429,46964,47786,51963,57837,67390,71136,81042,102005,108467,113249,116516,124824,131897,142995,146756,155508,163151,173479,182484
6311,43708,47197,47766,51983,57785,67415,71083,78365,101834,107817,113322,119004,124922,132653,140158,147470,155418,162659,173669,182509
6312,43429,46869,47462,52047,58291,67885,71323,85120,100909,107539,112675,118669,122836,131182,143130,146499,155071,163008,172803,181621
6313,43729,46980,47717,51905,57910,68355,71363,81111,101916,108055,112396,118961,124643,129924,143079,148257,154421,163667,174417,181994
6314,43265,46565,47247,51317,57541,67862,71395,98769,85090,106361,111503,117534,124982,130927,141619,147313,152321,163195,174430,181388
6315,43867,47188,47774,52093,57698,69871,71643,80216,101767,108091,113033,121106,127959,131433,142398,147272,154741,162440,174702,182370
6316,43952,47426,48082,52353,58984,68209,71028,78109,91914,109363,116683,119017,125125,131862,140398,146418,156348,160229,174823,182258
6317,44075,47481,47969,52189,57648,68597,71165,78238,92798,108487,116756,118098,126116,134236,141001,149367,155773,161308,174218,181909
6318,44268,47321,47895,52749,58563,69694,71956,78730,101823,107677,112576,118638,126123,132991,142228,148399,154026,163008,173513,182556
6319,44299,47669,48292,52657,58084,70229,70802,104031,89228,108889,114356,117263,125548,131604,143027,148971,156218,164962,172812,182141
6320,44142,47555,48246,52229,58147,68751,71546,83162,84829,108463,114147,120814,124614,131642,141636,148881,156405,162554,174957,180956
6321,44319,47938,48695,52789,58573,68510,75002,79390,103965,109783,114888,121277,126895,134427,139567,147789,156664,162858,173940,180919
6322,44158,47706,48352,52439,58288,66525,71148,78699,87807,107635,117412,119934,126276,130663,142314,148544,154614,165078,175597,182269
6323,44227,47743,48406,52640,58017,67872,73804,79135,104351,109231,113880,120444,125455,134734,142440,149409,155457,165192,175137,182044
6324,44130,47489,48337,52361,58678,66738,71663,78314,87245,109278,113974,119132,122275,133099,142383,148564,155194,162505,174393,182109
6325,44355,47539,48501,52723,58264,67160,75384,93378,87324,108944,114228,120744,127376,133722,142616,148910,154756,163899,172263,181697
6326,43549,47168,47775,52006,59056,66038,71405,80221,100354,106448,111856,118722,125512,130859,142119,148869,154863,162989,172696,180560
6327,43769,47385,47968,51944,58047,67675,71738,78442,89123,107529,116702,118363,126319,134001,142776,147853,155058,163313,174013,182806
6328,43353,46787,47663,51839,58501,68496,74973,79565,103206,106777,112336,119061,125633,131833,141858,148213,154941,162754,174918,181181
6329,43685,47124,47997,52217,58516,68163,71718,100647,88330,107851,116610,118347,126098,131415,141607,144563,155959,162822,174713,181701
6330,43622,47156,47948,52088,58094,68037,72999,80198,84652,107270,115708,118925,125379,131958,142474,148463,156095,162762,172498,182243
6331,43665,47409,48070,52298,57999,67655,71875,79494,104402,108043,116690,120490,124982,132716,142876,149200,156206,163713,174411,180995
6332,43495,47096,47867,51894,58074,67631,75282,78140,86424,99586,115706,119147,124658,131476,143747,150979,155597,164729,174608,182309
6333,43953,47529,48007,52277,57963,67972,72118,79062,104443,108776,118283,119023,125965,132754,142123,149078,156658,163194,174488,182646
6334,43735,47413,48152,52402,58492,67810,71779,101694,89775,100579,117157,120234,125401,131390,144514,149382,155999,164203,174052,182659
6335,43885,47378,47929,52069,58311,67734,74458,80453,87720,107907,117465,119651,127529,130887,144166,148612,154706,164308,174380,181201
6336,43655,47255,47930,52079,59665,67605,71748,78429,104094,99707,117824,119960,126116,131942,140530,147844,156151,164517,174504,182426
6337,44169,47855,48561,52860,58523,68471,73608,79219,89612,110265,118685,119909,126327,134000,142754,149094,155069,165205,173581,182193
6338,43753,47379,48034,52217,58460,67183,71656,78569,86050,99622,115088,118337,123760,132343,141132,149688,156018,163295,174777,180592
6339,52441,55512,57184,63098,68097,76267,91060,108285,135851,137212,139466,139977,145358,147263,152529,148583,163560,162498,180435,187158
6340,49784,56562,58794,63048,68132,86134,98998,115000,122131,128965,180590,180590,181459,181459,182090,155781,183764,164237,185749,189198
6341,48933,50269,53236,55246,58091,63160,83508,98700,112407,129503,315590,315590,315590,315590,315590,182090,315590,165370,317251,319058
6342,48262,49748,51074,54573,57431,59814,60506,70866,81467,97963,116266,117886,136632,136632,150406,315590,314483,170624,314483,314483
6343,48514,49107,51634,54157,56288,60020,61472,65659,73294,93028,100329,107410,116971,123867,134209,314483,173149,183764,189544,192212
6344,46548,49335,51814,52952,54554,59045,59663,63751,71058,89192,97185,102435,110025,118718,185680,159231,149498,317251,164327,266118
6345,47870,49790,51179,53272,55454,58245,60034,67632,71535,92400,96072,102254,116494,156645,146828,138020,148297,314483,261847,203188
6346,47534,48413,51722,53071,55312,58148,59614,67153,70640,90765,92385,101974,115810,125259,134786,136739,146996,175403,186158,187102
6347,47664,48674,51689,53586,56310,57293,96832,110383,118986,91771,95205,101690,115632,214702,233296,135435,157127,149733,182772,185864
6348,46472,49966,51523,53885,55284,57710,62368,83655,87019,90902,95327,101602,193439,142639,155773,134863,251219,162401,180462,251219
6349,46951,49541,49806,54704,56245,58906,59791,69473,85277,102400,93485,175169,130199,130739,142126,142205,177267,257268,178009,195423
6350,45939,48855,49789,53793,54709,57878,90841,64393,120178,130070,88906,114450,114924,118037,125376,246719,156331,182772,228431,181842
6351,45757,48327,51524,53564,56529,57677,60223,110595,82952,95514,96964,108043,115278,124882,135501,158087,157777,170089,199811,186700
6352,45764,48255,50060,52845,55673,58713,96559,82345,84025,90027,96723,101750,115834,215054,135348,147562,157715,166199,183505,234772
6353,45984,49114,50853,53290,54654,58640,64004,71576,105189,91012,97833,188565,204687,149753,244852,147615,163590,156621,179092,206542
6354,45848,49121,51256,54007,55836,58222,60104,97673,84949,145165,158327,117247,127826,125923,149413,150815,240652,234829,240652,189529
6355,45821,48734,51265,54219,56042,58731,78158,71137,85695,95927,109311,108285,115834,125351,136519,138007,171320,171311,186419,239929
6356,45772,47890,51597,53841,55161,56830,59899,66843,123421,88420,98116,98625,109842,118830,128947,239929,152163,175951,166088,179732
6357,45674,46257,49047,53823,54650,57271,91837,113020,86878,89393,97124,104424,117727,199974,128822,151606,151389,163637,218380,218380
6358,45927,47706,49124,53226,54690,56890,60779,83218,74107,143160,166219,166219,196715,135806,214556,148180,156648,239929,183757,214556
6359,45799,47723,48947,53012,54631,57288,89681,67410,121192,95321,108635,117197,135639,125649,157524,145830,215328,162847,215328,199032
6360,45641,47228,48534,53128,54669,57152,60275,101999,81738,87524,101899,107057,117430,124704,135598,215328,168915,161754,183471,212212
6361,45371,47317,48644,52943,54446,56759,58879,71736,83317,86496,94688,119409,114927,150613,135166,156567,156483,214556,193216,210550
6362,43532,47007,49489,52421,54430,56640,89153,63639,82130,131269,91104,165440,108690,126222,126994,146721,195129,170891,195129,183043
6363,45771,46953,50675,52791,54397,56642,62191,106877,138429,97611,161216,122136,209382,209382,209382,137459,177833,212212,209382,210480
6364,43486,45708,50148,52847,54118,57480,91986,81153,88737,86860,111389,106296,133780,142606,152796,209382,164408,168901,181274,210271
6365,43233,48528,49165,52839,55228,57159,61000,78725,82092,150765,99234,108088,122331,133578,145167,153578,214523,155858,214523,214523
6366,44018,47507,48513,52686,54631,56860,62713,67355,78932,97810,98637,178097,114298,121711,133103,145669,166397,209382,181812,211965
6367,43365,47976,48848,53563,53827,57618,98741,107100,79685,87216,162732,120774,115078,122049,211789,212018,154968,210271,211789,211789
6368,42883,47037,48623,52444,55153,57310,60118,78481,121951,87619,107512,102754,111477,199433,146461,153762,157486,182390,174387,199433
6369,43214,48799,48864,52982,54864,56493,59288,77367,85303,143420,103470,104211,201182,138433,139541,138940,201182,167272,201155,202228
6370,42491,46761,48499,52280,53425,56381,88577,95819,72878,96781,96180,102848,128420,126639,137492,201182,158303,211789,197107,198402
6371,43434,48782,50645,52608,54044,57048,72668,81775,121317,90158,96378,179404,116669,126058,137355,155271,195991,161057,195991,197726
6372,42904,48401,50052,52867,54832,56822,58905,76617,86840,88768,164438,116187,115932,193831,193831,146381,166052,201182,193794,195242
6373,43917,47724,50464,53653,54325,57156,93894,76397,75378,119709,113779,107068,150219,135978,143264,145072,192603,197236,192577,193924
6374,42597,48245,48625,52896,54522,56619,61220,105284,114614,91505,96982,104065,122084,120135,137966,192603,159742,170162,184947,186391
6375,42850,48642,48683,52893,54351,57152,63506,74563,87428,90588,99845,176533,130984,126124,192724,148722,192724,193831,194521,194487
6376,42891,49187,48306,53251,54964,56660,92733,75148,85052,150312,100135,122471,193905,193905,153580,192724,167099,192603,195369,195369
6377,47096,49559,51142,53129,54929,57857,73742,80998,132290,101194,169611,109544,136141,138408,145912,154050,200522,162564,201822,201822
6378,43848,48773,51086,52662,54515,58369,60355,94087,86297,89716,107993,107004,116736,125093,136123,146894,156825,192764,196746,198143
6379,43715,47050,49482,53737,54994,58000,77849,71950,75221,87982,102963,107473,116147,126643,182330,196735,158605,193874,199693,201278
6380,45531,46673,49178,52598,54727,56983,59757,100425,77516,100626,98758,175875,114130,191995,142043,157746,191995,200522,191995,193790
6381,44239,50244,51554,53020,54868,57501,94000,72243,129825,150394,101393,123560,193076,142631,143179,143150,193076,168065,194440,194263
6382,45224,49245,49138,52655,54598,57468,73121,76729,81856,98064,126984,106675,130859,124890,187822,193076,162866,199693,189137,190202
6383,47205,47993,49322,54555,54866,58325,60801,110294,75693,91574,106347,107186,124516,125484,154116,150815,193085,191995,194665,195026
6384,46551,47552,50076,53473,54647,57994,64109,75174,101065,87646,101207,160978,114255,189810,142324,193085,164588,178620,190924,191414
6385,47021,48490,50131,53715,55145,58817,94667,75775,86769,88416,163654,116872,115818,142766,143456,152316,155689,187847,194084,194315
6386,46073,47824,52577,53496,55308,58686,66241,77750,100686,136204,107116,105691,172600,125996,139225,144600,188282,193108,189554,190174
6387,47224,49169,51808,53666,56191,59062,60918,77618,86295,102192,102873,109446,137303,128120,198113,188282,198113,189810,199344,199344
6388,49203,48282,51821,54903,56392,59098,92405,115941,107006,92568,99446,188415,120871,205877,150496,157980,175437,192973,205877,207286
6389,47896,48843,51746,55231,56957,59500,77851,83713,86898,91447,103928,129423,120008,151643,151774,205877,174764,165219,225327,225327
6390,45491,48194,51825,54589,56700,59459,62593,78528,76839,148054,173198,108643,118338,128573,140414,162444,161621,198113,225504,225504
6391,48901,49563,53857,55806,56759,60710,61648,80087,125076,97103,110934,105822,208763,129976,175427,152372,228546,205877,228546,228546
6392,48184,50692,51797,54892,57117,59607,89817,79165,83615,87094,97338,103919,126866,118712,137110,142479,158033,190960,172205,214990
6393,46211,49553,51964,55274,56710,59245,65320,79709,77374,86461,97528,104025,116592,214178,167016,214981,156011,163771,214178,214262
6394,49160,49467,52457,55585,56698,60574,61898,78457,121234,103494,97997,166478,116534,147317,147317,157335,156254,228546,197006,213229
6395,49801,50713,52115,55409,56868,60011,97025,78385,87632,121573,143941,117996,116907,126368,137312,147996,213639,168506,213639,213639
6396,49746,49898,54509,55642,57748,61136,66639,81586,83649,98245,109824,110207,170390,129100,216948,146261,173588,168655,187753,216948
6397,48768,48599,53518,55708,58288,62307,62904,74508,78944,94441,102829,114876,133849,126864,157947,216948,168662,213229,182390,227741
6398,48641,50614,53030,57089,58137,62518,63408,112882,122072,95498,99112,179589,118967,126536,136736,168554,159698,170386,228524,228524
6399,52161,51608,54625,57053,58723,63576,96351,78378,91093,148791,161151,121834,120945,217855,140773,148088,237741,172159,189547,237741
6400,49596,51792,53924,56561,58440,60402,69778,80616,79973,101858,115249,109913,131367,157181,144703,152509,181445,227741,181747,245027
6401,51384,53620,55564,57800,60586,74970,64877,84939,84341,96447,109207,109833,238214,145461,238214,145231,186912,181479,281656,281656
6402,53065,54101,55517,58864,59541,63201,64879,82498,134207,93897,103777,105686,137237,129166,163249,281656,163145,175858,205933,207955
6403,53276,54603,55942,58406,60830,64742,97062,83683,95902,94630,106793,191690,129647,132284,150767,178423,164581,170333,195768,212808
6404,54279,55833,56638,58561,61140,64069,65085,71136,85715,92337,102250,122531,121308,122059,140692,164581,150930,281656,175117,191125
6405,53365,54227,57493,59762,59887,63578,65822,71036,83661,151865,103337,110011,117390,125899,135132,148708,155902,193408,182170,199122
6406,54251,55101,55917,59040,60143,64164,64356,115205,78432,103239,168566,105204,117843,134560,137510,145733,277751,179197,172814,187421
6407,55324,55605,56751,59452,61098,64760,90783,87514,88313,93906,113962,108637,121128,226464,141222,147940,178307,163583,178553,192326
6408,55237,55030,56485,59391,61454,63005,66294,70632,128435,93224,100998,107757,114292,139536,131457,150479,160525,169340,174877,309120
6409,54902,55909,57075,59435,61119,64253,65949,71140,91106,92176,101915,174871,114741,131814,225638,141643,153503,170216,287167,211770
6410,54730,55238,55548,59176,61115,62890,64694,70270,87731,91924,99425,116488,178330,117574,145035,142174,146609,163701,182520,180742
6411,55049,55943,55921,60066,60957,62780,102835,118100,88526,147081,101825,112783,139222,121748,140439,225778,152186,163256,189827,191944
6412,55101,56273,55964,59525,60197,63635,65473,83780,84779,100055,158771,107546,120595,206501,131323,174281,188552,287167,177131,190511
6413,54887,55963,55837,59374,59614,63536,65105,71069,84792,92517,113754,128863,114663,140448,131912,151463,163727,180330,177432,193291
6414,52899,55590,56246,60124,60006,63731,64127,69174,105648,90050,98941,103841,115003,124837,214287,142458,230159,176421,168648,182216
6415,51733,54110,55575,58598,59585,63281,64987,96178,87739,91661,97220,169583,185504,118933,146663,135816,160167,163117,275899,300879
6416,52835,52334,54328,58626,59772,62645,97627,70842,76325,136576,97722,115195,123586,113852,132590,216256,151206,164669,192280,205880
6417,52722,53188,54131,57412,59973,63076,64706,94027,119753,100364,162137,106958,116605,205735,133237,152479,154205,157188,181188,196348
6418,52623,51818,53958,56932,59002,63305,63789,70228,89894,93184,105577,136517,136517,139764,220781,142867,259032,254747,177686,192396
6419,52544,52889,55025,58266,59458,64213,74265,119826,86983,94021,101899,114336,123188,132905,153493,240230,181985,177568,180134,195154
6420,52231,51153,53943,57484,59371,62758,63534,84738,85792,91757,100352,127069,190895,122109,141075,166801,153628,166493,283140,193382
6421,50465,51194,53305,57480,58773,62206,100730,69009,124840,145546,116407,111068,128429,199669,139190,141817,150899,163430,201393,188797
6422,49461,50732,53213,56262,58782,61013,63071,68168,87583,94483,97349,162749,114000,133474,131952,139668,144002,286345,178459,178527
6423,49591,51580,53039,56378,57698,61875,63912,68280,86158,90398,169784,118418,116684,126635,233935,132582,276801,193382,186504,276801
6424,49513,51573,53044,57235,59207,61916,64706,113825,85431,90724,110157,108437,199620,126892,159866,253464,187582,162592,175551,203514
6425,50348,52304,56082,57806,58588,61855,100318,75677,87097,146792,102887,104567,138504,224922,139521,174687,163928,155238,180704,196286
6426,50004,51922,53747,58242,58246,61374,64302,69247,124205,97269,98789,173996,118968,137145,138648,151583,151212,171939,176776,191754
6427,50495,52744,55629,58475,58512,62503,63331,95874,86386,92344,100656,119245,113523,129705,139403,139259,152342,161130,289404,193606
6428,50380,52899,53567,57862,58652,62842,64216,82857,86240,87438,160691,105108,114063,122961,139851,140281,153121,224922,196480,224877
6429,52079,53642,55628,57212,59438,61927,101241,69814,85244,92051,111522,105405,112244,121254,150105,140653,153820,178154,179680,197249
6430,51720,52621,55868,56278,58909,61991,65335,113499,85670,142171,97834,168498,182774,142171,229950,246375,248558,165142,171354,184933
6431,51639,52637,53545,57449,59053,61793,63710,76067,123650,98386,99102,120025,129292,215212,160033,157987,187068,163799,175369,276430
6432,52107,54375,53946,57329,59400,62079,64487,69714,87045,92567,99021,110660,119179,148312,138338,148858,161318,292604,176334,203776
6433,51654,52800,55013,58197,60002,63419,103102,68476,85560,91846,160515,106710,115735,131528,141078,147782,162498,172508,285606,194498
6434,52466,54048,53634,59155,60324,63135,73266,115252,89969,122940,116903,182535,198554,126140,145213,141950,158329,161214,202434,200750
6435,51998,54397,54175,58279,59991,62521,65272,84111,89633,99914,106884,123190,140491,130885,141292,252011,163742,162053,192171,193974
6436,52407,54208,55210,58263,60534,63089,64032,70947,86816,89992,101757,107478,121398,121811,140310,175503,150412,165355,175456,188345
6437,53939,55265,55336,58843,61175,63256,66171,83085,135134,116441,104923,111899,119886,218292,234136,149790,275034,273492,186043,324021
6438,54167,54890,55795,57317,60214,63941,64589,70434,92660,97651,102340,107787,121680,143468,164280,157711,192061,193974,179235,228463
6439,55780,56456,57633,58954,61404,65165,109041,102916,92494,96955,172182,147805,121274,139541,150272,153329,175778,162493,190002,209894
6440,55144,56147,56893,58270,62341,66031,65804,72629,90443,138109,111995,112634,189496,128915,140855,151069,162286,173157,177371,191741
6441,57056,57471,57464,59419,62670,64085,66229,71282,86549,102362,109334,111048,133778,126768,134809,141098,157685,165259,332238,198597
6442,56400,57366,57745,59968,62728,64266,64775,118747,74860,93485,100987,171095,114213,122350,130390,146487,151647,175778,190530,176477
6443,56140,56465,58300,59827,60292,64212,65217,86192,74712,94241,101156,121334,114357,173252,130860,240921,152714,164850,177494,191346
6444,56716,57076,57669,59393,63115,65537,66469,70642,125166,92160,99635,107114,112854,128685,218543,164339,149925,303729,171440,185762
6445,56760,56893,57903,59650,63134,65810,102729,70739,92839,146524,100085,107700,201191,128330,149247,147323,257624,174777,174216,187468
6446,56995,56504,56906,59654,60910,64892,66081,70514,88289,99154,157260,108353,138474,219934,139492,139949,172707,165023,173872,186559
6447,56481,56859,57147,59804,62601,64390,65589,119369,89952,96963,113177,171754,121635,142071,140889,139622,163212,159936,175978,308003
6448,56686,56179,56388,58593,60773,63736,66214,86256,77020,94495,99887,116843,110935,124357,125399,242477,144917,162237,165799,194738
6449,56115,56524,57651,59430,61254,65400,66879,72644,122737,96860,98646,109740,118107,125444,230901,154541,156019,162014,291910,196996
6450,55500,56580,57232,59377,60948,62598,90836,69210,88873,94847,131048,104211,162263,123366,154113,146356,264427,282926,196188,181176
6451,55202,55807,55993,59258,60883,63809,65751,69402,74488,93820,105730,173003,120722,187861,140076,143696,176793,179612,177200,177715
6452,53921,55256,55781,59462,61205,64763,65993,115740,126076,145498,100332,117936,118309,137847,138652,140673,159207,168644,173907,176511
6453,53759,55415,56942,59677,61185,64407,65020,85572,92804,97345,157318,107048,207219,127877,138223,239167,150739,164431,174767,313442
6454,54054,54374,56136,58682,60889,64326,97752,70026,89739,94459,107988,104663,125521,116095,134250,160800,146215,161465,250713,201900
6455,53912,55393,56676,59310,61226,64098,66362,69753,86662,93707,103057,180263,115142,215287,231421,145281,146142,161704,200239,184646
6456,53201,54885,55893,57892,60292,62863,64235,69385,86500,95712,102047,113118,113423,141029,150973,145513,241388,288863,177211,177494
6457,53809,55091,54819,59577,61905,62348,65787,116925,87080,144176,100706,106258,111782,128131,138565,142703,174778,182440,173271,175717
6458,53387,54113,55097,57816,60110,62452,99565,83992,73624,97249,152680,104579,180876,118920,135164,234713,157171,167599,168437,290130
6459,53287,54251,55852,59639,60579,63413,66575,70113,121269,93634,107497,165324,133398,118463,135034,156369,156547,163292,290172,211320
6460,52693,52826,54999,59142,60245,63182,64569,69295,88927,92513,100606,113652,114086,185967,214381,144355,250587,159499,189411,187703
6461,51428,54934,56405,58623,60529,64304,64204,117215,85338,92431,100179,106130,112680,138980,163798,138956,178485,157955,178382,191421
6462,51660,53663,55908,58649,59689,63182,72583,84776,124939,145907,158489,105677,188598,128903,138151,238989,160494,266189,175751,190063
6463,51039,53654,55721,58841,60614,62913,76730,71038,87282,98548,111987,174549,128427,203338,138645,162340,151359,175548,176417,191426
6464,51201,52923,55795,59025,60016,62831,64340,70231,84289,91074,100221,118328,118783,137154,138055,150724,151050,164153,220761,285414
6465,52872,54496,55691,58823,60201,62589,99233,70803,91280,88587,99658,105097,112399,129128,138562,139008,192412,160852,194042,209611
6466,51537,52420,54553,57335,60863,62337,64847,110313,85286,89004,98994,102173,180388,116688,227881,139556,155835,163324,168879,182556
6467,50437,53275,54671,57778,59434,63436,64839,84046,88605,140162,167171,181674,131983,210928,156318,227881,272111,285414,272111,185793
6468,51641,52970,54256,58271,58844,62663,64628,82142,127178,96569,107364,115127,122457,141998,132304,156221,181098,194042,193560,183727
6469,52420,53616,54709,58616,59746,62496,96966,82832,88113,91384,101469,108929,117110,126267,133776,143482,156762,156779,184750,196038
6470,51948,51725,54312,58387,59777,63469,64981,84534,82051,90960,101348,106691,114708,123688,132653,144988,155905,157667,169982,266730
6471,53001,54495,54736,58379,60837,62767,65420,74815,86250,137776,100580,137776,189443,122852,222271,244320,154588,156257,168340,206730
6472,52140,55231,54318,58158,59691,62946,64236,78973,84057,95185,154132,107961,123684,191760,145466,167085,146548,269869,244555,181386
6473,52812,52842,54691,57718,60148,63536,101017,74273,123605,95069,111680,186564,119675,150569,139337,136240,219557,182994,203719,190176
6474,52419,53393,53727,58169,60490,64084,68582,95484,87458,91765,99210,120797,119964,128412,139719,140532,176793,167419,189248,221297
6475,52700,54595,57516,58935,60681,64370,65185,84376,85494,148402,100126,106811,205890,123107,141316,140381,164945,157357,180639,193671
6476,52133,54261,54710,58647,59677,63267,64740,74248,86776,97706,99536,104916,130998,121404,225042,243303,153644,164480,179685,267675
6477,53299,55002,57261,59482,60746,64039,65614,80379,85861,92057,166093,106316,122289,211934,155242,166637,155631,262113,275676,198569
6478,51500,53049,55337,59038,59602,63578,99538,86673,121157,87770,103618,170865,111927,136441,137043,143704,255247,180582,184673,176528
6479,53055,53716,54926,58674,60081,63272,69091,81274,85120,84541,98613,119505,118526,126709,137619,138200,174848,166873,175786,185815
6480,53481,52304,55268,58007,60765,63259,65168,81965,85748,141713,98781,107970,116603,124827,135236,138712,158795,167997,172602,248880
6481,53556,53369,55118,59102,60081,62343,64496,89361,86348,97436,168765,105043,194644,211518,136358,228516,157606,159952,173505,198040
6482,51043,51750,54322,57347,60249,62510,65035,80165,110730,94037,107896,152364,132420,143519,222835,170250,155028,256722,243211,181093
6483,51260,53626,55751,59102,60092,63736,99255,81193,84842,95126,103834,118353,119421,127827,159161,144849,194920,181006,197076,249999
6484,51666,53087,54689,58771,60275,62623,69078,81818,84965,137551,98145,106530,114535,122405,132435,146999,163974,172128,175469,190296
6485,52483,54227,55620,58064,60721,63107,64648,98790,119796,101962,98961,114521,116700,124841,135443,142817,158527,157382,180879,195110
6486,51062,53517,54286,58295,60760,63602,65236,82107,86785,93639,118221,177066,191650,208149,134028,248476,246214,160559,246214,182043
6487,51845,53628,55663,59142,60366,63960,64306,81424,79146,93411,103407,116813,132993,144602,229867,168682,181015,238125,195939,251531
6488,51108,53550,55491,58734,61075,62361,96505,79536,87726,90608,166659,106358,116578,124984,156341,145846,157223,182629,180572,196869
6489,52196,52592,55139,59149,59199,64481,69701,81711,130152,142213,108520,107560,116044,124489,146311,145019,159711,169101,185344,187315
6490,52642,53246,55855,58407,60694,63862,64900,80809,87607,95956,100652,162636,113248,121171,131735,147286,152462,169337,168388,243902
6491,52879,52203,55663,58689,60489,64307,65817,73967,77868,90176,101442,115145,190898,207816,132365,142398,247103,250784,247103,194285
6492,52675,53612,55444,58401,59943,63896,83442,106795,83591,90638,98357,106488,128217,138564,170714,247103,172646,185344,186944,187380
6493,53142,53915,55995,58874,60096,62621,65369,76357,91491,148268,160748,106947,119242,129826,140568,163504,162687,165001,176136,238667
6494,50140,53359,54080,57723,60269,63864,65052,73352,112734,97252,109204,167574,117704,120522,196692,152370,150219,166502,232382,186134
6495,51214,53827,56476,59016,60659,64146,98804,83451,87281,94980,100285,118856,168232,120622,148712,138817,150291,162938,185573,233468
6496,49326,53477,53710,57879,59590,62671,79216,82279,83804,84650,99198,108133,123365,189501,134212,138810,223358,238667,168708,191761
6497,50055,54086,54642,58765,60003,63033,65927,93585,89590,88038,99623,105259,117919,146493,136194,223358,168391,171498,229422,195225
6498,50422,51684,54355,57979,61058,62673,65044,79681,129069,141053,152757,162603,114788,124356,225477,168347,156557,161927,179440,225477
6499,49737,52266,56338,59287,60759,63568,65165,78702,87550,98657,109501,117494,194842,125809,158751,145424,159310,223358,182170,198038
6500,50265,52771,54620,58755,59255,62450,64460,82640,84349,90621,100656,107053,130845,203271,132491,147757,221929,181465,221929,179417
6501,50808,51996,54743,59453,60121,62444,97533,78286,79747,92402,102307,114501,125884,148973,137384,143832,172340,166458,202213,238069
6502,49729,53160,54161,58741,60726,63857,74357,109391,85030,141731,141731,177794,114667,124303,134486,238069,157271,167866,169767,195580
6503,48982,53859,55338,59069,60159,61896,66284,78635,131850,98131,108018,124800,116218,126183,235206,156413,159051,221929,235206,235206
6504,50012,52365,54981,59193,60668,63496,65054,82753,86289,90902,100668,107922,192541,141509,156595,148298,227849,186224,181274,194329
6505,49221,53360,54857,59607,60929,63185,65526,82843,79019,91816,101133,104235,134537,211915,135926,145706,169471,166459,182659,185561
6506,50808,53523,54456,58690,60571,63068,74310,80981,86157,140691,162453,104051,115812,143861,133581,147621,156109,235206,225786,225786
6507,49331,53317,57974,58935,60923,63592,68546,83188,78690,97722,113177,177662,114929,126656,134794,225786,157352,167403,194437,228412
6508,53061,53616,54867,58501,60206,63788,93884,78487,116414,91903,100914,113042,112723,121349,131201,167117,200342,168598,175215,187480
6509,49657,52568,55978,58950,59462,63335,75664,77983,86959,92020,100677,109021,190900,123921,225928,142060,165645,165083,225928,225928
6510,49206,55152,54805,59711,59835,63254,66224,78099,78146,89343,98898,103453,131517,204463,153997,144875,155105,228412,190286,191924
6511,50191,53941,58532,59066,61376,63760,66348,110417,120225,142659,164500,178032,123503,145773,145773,174067,229319,173194,181177,229319
6512,49725,53627,55132,59568,59974,63452,65221,78185,83392,97534,107291,115164,113628,123373,133564,157500,164849,166143,224836,191530
6513,50357,52078,57577,60175,60779,64194,81778,80395,83975,93499,102636,111776,184573,127126,137659,224836,162060,223456,203503,189860
6514,49822,52770,54687,58055,60540,63806,66688,79470,119975,87735,99980,104735,125353,124707,135053,173105,156474,180369,170887,231200
6515,49998,53024,57245,58345,60471,64661,65729,79935,87791,143687,99834,180471,117770,212877,233782,146212,233782,165560,174279,197555
6516,49711,52666,55651,59684,60438,64218,95754,82861,84073,98611,162773,115379,114892,144102,155915,147684,165239,240223,226453,226453
6517,49924,52553,56503,58577,60659,63948,78381,72518,83530,91867,108637,110115,164192,126761,135213,144888,157296,168544,194719,196817
6518,49538,52711,55504,58075,60765,64333,65969,101462,117468,88384,100410,104154,123660,122725,132956,145826,152859,168659,177251,180768
6519,50423,51899,56563,58879,61027,64871,66274,76132,87380,131515,101592,105238,118037,125878,136264,222155,230490,165195,230490,230490
6520,50081,52112,55946,59734,60520,64953,65981,82534,83530,96947,99376,160772,160772,203399,221648,168824,163714,228583,178870,221648
6521,51561,52255,56766,59204,61276,65053,66352,79711,88512,93379,165171,117489,126188,146214,157611,143904,158461,174988,228578,196974
6522,50514,52814,56040,58516,59992,65030,96590,79556,129868,89699,108624,108342,115335,124830,134906,146735,155346,169606,180633,226044
6523,54743,55507,57539,59066,60768,65476,76795,83945,88961,147509,103775,147509,200682,128610,138850,226044,238135,203399,186605,203750
6524,51877,52744,56256,59008,60905,65537,66873,82220,77384,97668,100998,111993,127623,120914,137283,173867,171489,179729,173528,186394
6525,53194,53670,57827,59700,62636,66090,66777,87710,78914,90927,102701,108339,121312,209968,142080,148733,167732,167213,249635,249635
6526,55140,53607,56997,58882,60694,65905,66468,78861,125443,91118,100691,173447,114527,139239,223201,142915,153054,238135,190096,191872
6527,52539,53412,56717,59499,62572,65970,66936,90415,90471,90723,165269,120458,116440,131161,155320,141490,156004,171674,181799,193599
6528,52952,53581,56100,60330,61306,65820,84592,85795,79418,135869,106274,107290,171677,120578,139419,249243,239774,168197,175528,218794
6529,55678,53593,57200,59330,60670,65802,74671,86258,78346,99539,102509,106322,129267,121506,140636,163824,174769,163809,241933,191462
6530,55124,53250,56271,59925,61205,65824,66689,83045,123936,91890,101329,134374,118782,198652,129908,152863,160749,249243,184557,234861
6531,53966,55327,56919,60219,61426,66470,67644,79964,92090,91213,103376,115220,122035,142114,222094,139861,165326,174664,179019,206661
6532,55370,56231,57072,59127,62551,65434,68979,74992,79394,135061,158650,146857,168687,128773,149793,143056,150867,165698,233045,186898
6533,54792,54950,56786,59550,61398,66135,96561,84988,83904,100277,113227,115389,130924,124559,142157,139594,165106,164815,191783,242181
6534,56502,53831,56304,61441,61584,66279,76451,84871,101780,90888,102218,107191,120908,203651,133034,242181,240144,242856,178752,191065
6535,53269,57198,59636,61791,61697,67117,69289,76770,89953,93874,99010,180193,119502,146209,136432,165633,181559,172135,182438,197088
6536,52504,57422,59276,61899,61503,66387,67393,110423,79841,139708,98177,116096,190666,122979,190666,146832,155604,167242,244902,181998
6537,53235,55656,59805,61350,61845,66721,68403,84756,122630,99153,173086,110192,137055,127343,148978,142226,162636,166575,203503,262139
6538,52770,55826,57573,61704,63364,66922,67475,83941,87756,91597,108996,106274,116117,119132,135098,149412,147258,252242,181945,196553
6539,53107,54578,56748,61216,63256,66627,67702,84434,81477,89749,102478,106948,117489,197216,136362,229920,254652,177489,184186,186890
6540,53006,55179,59275,61439,63501,67179,76939,80374,93677,119232,98373,166121,116330,134953,225545,159657,169109,175987,174199,246417
6541,53767,58850,61573,61158,63037,67700,77509,80738,100918,98255,103093,120023,199718,127369,162170,144660,162614,158737,258263,202990
6542,53527,55016,57866,62670,63270,67111,68604,84277,86325,91968,98724,106379,133675,119770,134941,149435,146410,254652,182625,184084
6543,53573,56531,58794,60095,62913,67396,68788,80937,101162,146661,159590,107831,121187,200067,138509,135938,151046,179021,186668,188929
6544,54307,56504,59629,60452,62610,67126,78314,84079,82854,96703,108219,166863,117308,133991,135513,235768,245456,175471,174320,245456
6545,53935,54663,57724,60765,63266,67428,74892,81018,124747,96879,102182,121159,120615,128540,174022,157563,187196,158533,258279,203949
6546,53691,55456,59644,62106,63760,66785,67851,87349,89374,87369,100954,107314,114156,119775,136766,150870,160279,163529,185202,186345
6547,55700,54579,58278,62217,62874,67973,69230,76798,84623,91864,104061,110246,191424,207565,225943,138535,166801,245456,193253,268231
6548,53555,58479,58266,62392,64869,67230,85020,77216,88314,135276,160074,173255,127322,138607,149920,225943,150806,188733,176795,188685
6549,57406,56890,59572,63006,64839,68204,76914,75866,81904,100924,114289,123767,124194,132903,145048,150192,157941,161183,185708,198264
6550,54947,55858,57555,62832,63613,67149,69241,77613,116463,91270,101335,109139,113925,121774,130499,145650,239768,169537,166708,183075
6551,55149,56551,58184,63666,63746,67046,69217,118549,87700,93624,104602,108314,115077,207810,132288,141061,180772,165789,269360,185135
6552,54425,58390,56917,62761,64232,67629,68537,78357,81702,123713,101042,106087,184498,137971,145852,245900,150546,278164,186570,255937
6553,54069,56561,57331,62326,64412,68419,68984,81581,85562,99780,102137,177014,131153,130107,242461,162493,153797,178590,181995,207323
6554,56864,55258,59893,63199,62596,67941,84916,80325,123384,93277,158560,112830,119450,120483,148737,151335,149817,168449,176584,186975
6555,54025,58962,58655,61988,63808,67633,77365,82407,88567,94054,112413,110115,117205,123642,142236,139849,268385,161911,244904,193429
6556,53563,57577,57430,62936,63766,68101,69136,82726,80309,134403,101426,106165,183187,197746,129168,143192,173150,169958,185154,253530
6557,56955,57937,57551,62240,62883,67859,69089,78159,81323,100209,102628,175747,130913,140364,131443,139318,163907,161144,179145,206217
6558,56713,55477,58007,63315,63816,67740,69404,80861,122265,87417,100781,117770,119028,126666,127942,238817,148358,268385,174976,184729
6559,53231,56288,57701,61872,63942,68317,69686,78526,88514,94238,161314,109064,120536,128919,219637,160257,152593,174502,260516,189509
6560,56033,54594,58347,61174,64691,68120,68996,84035,79529,142055,108557,105647,113591,193196,145212,151337,147008,166707,182946,248072
6561,57374,55017,59737,62907,64472,68212,103065,77035,92720,101678,101784,109703,210119,154249,142544,136983,274241,159682,195512,213734
6562,55427,54997,58391,62612,64678,69283,79055,81079,100456,94141,100069,175518,127400,128275,129757,249137,176998,260516,179306,191215
6563,53884,55697,61276,61940,64756,69391,81461,91027,84919,93200,101608,120254,121797,124450,227433,164870,166542,180258,181929,194099
6564,55216,56529,59297,61373,64097,69017,75657,80616,122996,87627,159376,108326,114866,120389,149254,142435,150925,183833,169942,181719
6565,57760,58840,59109,60977,63518,68546,75919,86458,88426,146206,110258,108601,114402,201421,138240,139743,151377,165408,260738,260738
6566,56051,56951,57341,61226,62884,68156,70149,85898,81733,96359,102187,114577,153959,133159,135301,140285,148581,169015,182544,194182
6567,57537,58521,58867,63446,63730,68180,72289,76951,79506,92306,100694,181570,124155,125774,136117,153959,253856,161966,183932,186738
6568,56937,56802,60449,62315,62020,67591,69334,80390,116602,95222,97159,115064,115398,122129,220378,253856,165494,260738,171282,240226
6569,57798,55763,60689,61727,64666,68212,78199,82395,85792,95106,168544,109321,195040,212037,158401,163653,159230,180123,251303,198330
6570,56945,58108,58432,62352,62182,67553,75946,84321,80905,139863,108883,106012,132511,143652,134328,146414,155492,173802,181641,182631
6571,54081,56522,58786,62782,66090,69273,74205,84956,123901,100279,105350,108971,121358,130072,139287,142972,162266,155201,188530,262060
6572,56381,54878,59982,62657,63613,68010,69543,79055,86019,86997,98276,168296,118248,120984,136542,150400,250981,159657,176933,196508
6573,55173,58416,60370,61276,63992,68560,70342,100231,82928,90012,102078,120016,119810,121764,175563,137180,178880,246117,267746,192479
6574,55867,57173,61744,63026,64838,68417,69059,77432,79223,142078,111741,107477,180744,196188,136366,242512,158221,189748,183680,185211
6575,55523,58286,59530,62578,65101,68664,79093,84605,123236,100164,174515,109093,128410,140313,186932,159030,164302,160996,179896,264082
6576,55548,56938,59376,62750,65003,69305,70753,85837,86069,91888,109651,168576,117420,124835,145478,150540,147227,168469,174881,196984
6577,55058,54476,60615,63491,65498,69051,78583,81038,82892,94821,101083,120199,119693,127737,138932,136723,151055,213742,179140,189758
6578,57234,57937,60688,62050,63869,68221,71765,78134,80030,91238,99498,107425,130259,193172,135885,140034,248669,178576,248669,182724
6579,55070,58255,60849,63879,64104,69255,77428,86669,121432,143872,101470,108197,196906,147330,232220,227557,183706,161370,198565,253967
6580,55246,58055,57296,62768,63989,68580,70171,82407,88422,96521,99266,164449,132315,123676,155051,171614,156447,261308,179583,193677
6581,54989,57528,58883,63839,63179,69985,74585,77471,83669,93830,170570,119402,120293,126805,147838,144360,164304,172287,184355,199106
6582,54422,57936,57235,64115,63463,68119,71486,85819,79785,85937,108713,107647,117503,166730,135034,148948,160160,165498,175440,184895
6583,55598,57324,58489,63316,63884,69672,73794,78239,125297,136603,106009,110729,121462,140230,141105,136704,164344,158031,264337,264337
6584,55251,58046,57479,63664,65102,69266,71013,90093,87223,99100,100473,171411,115946,127742,129194,241281,254553,253619,186887,200164
6585,56314,59267,59638,64008,66536,69967,71754,78378,83647,91218,104354,123417,196930,233741,233741,161456,187113,179721,187830,200651
6586,54797,59216,57283,62311,64361,69062,70707,79492,86173,88362,97150,109240,127719,139004,150971,156932,153271,179847,171605,182713
6587,57050,59478,58045,63250,65027,69897,71583,110816,128549,140663,167921,111097,123359,132453,144344,141499,157979,165461,213382,187523
6588,56346,58786,57687,62720,64789,68704,71243,80257,88010,97317,107686,108154,114432,123162,131436,145358,153666,173143,181507,263114
6589,56426,60432,58073,63432,66107,70961,72231,77505,83886,90622,104942,182988,116474,126229,135467,240250,158386,155104,251965,214999
6590,55898,59120,59667,62212,65647,70167,72380,79688,81384,89248,99058,115783,189143,123629,177169,171746,223262,278443,191295,192096
6591,58758,58295,62895,64964,67297,70831,76231,78917,84053,146469,104823,114274,137667,173875,149671,144611,177331,179827,191964,203618
6592,58192,60199,60041,63556,65657,70406,72857,82070,121414,98789,101372,109426,118288,128084,135764,150431,156427,173780,174841,188051
6593,57371,61324,59266,64129,66024,70782,75985,81573,89272,95758,175827,108984,121261,130781,240198,136204,164468,156391,182158,193966
6594,56911,60737,57776,63744,65806,71091,72971,79502,82441,89330,112054,108003,115468,198642,148294,240198,150829,163984,176842,275708
6595,56582,59499,60650,64398,65204,70811,72454,82995,85304,92639,106339,185160,201106,145934,145934,160984,277289,268570,303802,218817
6596,56727,58470,60850,63469,64866,70959,71402,82787,120202,112635,101538,116813,132871,124593,134330,159221,181832,193499,197395,197626
6597,59346,59207,60373,64134,65204,71634,73609,90665,91052,97898,103048,113909,123193,129165,140239,144216,164004,162039,195100,196435
6598,57884,58857,62072,64956,64813,71406,73011,80651,86507,91058,101642,108323,112982,119730,129161,150279,147346,172727,176927,190644
6599,58948,60466,61577,64969,66652,71773,73843,83073,85546,148996,105290,110813,117702,213375,229938,137448,153007,157428,182222,198199
6600,116,117,117,117,117,117,118,118,118,118,118,118,118,118,118,250781,118,164710,118,118
6601,59495,60373,70677,96797,120119,139489,164069,195569,212943,228237,247977,269986,293782,293782,322473,118,322473,281335,322473,322473
6602,58287,60686,60619,64587,67059,71736,76608,87290,95017,104518,119775,127069,139613,202858,161308,322473,301020,199389,301020,301020
6603,59387,60680,61444,62684,66364,71420,79867,80094,87568,99683,106239,114531,123713,143861,144254,275901,201072,118,217548,323619
6604,60228,60565,60966,65781,66833,72037,73869,79762,83225,96136,103969,109426,116045,123252,159467,183902,161174,322473,178851,206081
6605,58982,59522,62687,65853,66418,71748,73339,80268,86444,97335,106879,184488,201930,128432,148295,149105,159426,301020,188248,204325
6606,58228,60982,61780,65098,66596,72288,72628,81643,96022,130756,165310,116437,126232,121575,227573,148563,154961,201072,175706,185266
6607,58388,58931,60230,64005,67933,73094,79261,82454,89186,103651,115960,117043,123026,231223,166891,136238,166891,163671,320447,196904
6608,59851,61627,62629,63974,65987,72129,73260,88085,114831,95711,103552,109359,114294,136024,137410,144549,148642,174180,187920,179415
6609,59456,61137,64364,64308,66605,72696,79059,80874,91728,93808,104733,111322,117447,131516,140861,139509,153600,157388,181104,193731
6610,59995,63312,62597,66108,66606,72549,77770,90456,82990,96381,104790,110177,155332,122782,133058,243234,252549,167285,172273,188302
6611,59777,60415,62586,64370,68873,72805,78517,82321,83801,150787,106538,178664,131515,124435,134168,158712,182241,249611,185850,196686
6612,60912,61815,61611,63607,66866,72470,77731,84211,126655,100922,104277,114746,116300,122927,205260,154940,151552,194537,176667,305361
6613,59691,59895,62257,64741,68996,71442,80657,81457,94255,97345,167049,112643,199111,219095,157907,140498,158603,161053,185125,223341
6614,62377,59870,65137,64484,66335,72160,74009,85565,81814,92503,109053,110897,129790,132385,132567,145721,151484,166715,168938,182575
6615,59380,61398,62105,65049,67232,71685,81528,80747,82821,93862,107264,110511,123103,124014,134403,139865,154941,162195,292604,186092
6616,60397,60990,63569,66157,66680,71489,76886,91716,82249,95826,104192,169520,115930,121719,131011,246652,251094,306754,188450,174967
6617,61362,61114,61657,65036,68342,71534,80394,80973,129793,94871,105333,121839,118547,210574,228292,159049,180462,177259,182267,196127
6618,61294,61084,62324,65779,66554,72289,80209,84641,89405,135296,102852,110379,115761,137877,149842,154549,150979,166011,178758,176714
6619,59993,60736,62268,65880,67714,71675,75787,81959,84413,104326,106812,113236,197827,135359,145646,141015,158244,159294,188751,324935
6620,59768,61041,62694,64417,66438,71400,73453,79963,84716,96212,150891,107658,132279,124470,135409,147041,153332,165952,167803,212514
6621,64620,62180,62678,65594,68178,71797,79754,80908,85935,96495,112929,188248,122998,130476,140884,228001,283281,161032,179464,206985
6622,60594,61197,62192,64347,67177,73427,74977,84438,93688,98818,105315,118064,114760,122675,216346,163339,170293,299463,295308,186725
6623,60741,61626,62884,66452,67379,73195,74471,80762,98396,99790,105800,113711,120530,221278,148350,144797,161066,181129,206241,190739
6624,60308,61048,62337,65291,67385,71960,73987,80368,85465,105504,103950,107094,194644,133713,135957,147673,146856,176446,181260,185589
6625,60218,61176,62549,65161,67015,73446,74730,81187,134407,94649,106979,108783,135987,127334,138534,137970,149356,159781,189012,191221
6626,61008,60736,63114,64187,66067,72932,75051,86156,93609,140620,164648,112088,118671,126215,135924,242400,146713,162244,169346,185745
6627,61217,63520,65813,66951,67020,72693,80183,82284,84059,99794,110577,184469,119389,126460,241457,155991,260185,158212,179268,260185
6628,60179,61211,62434,64851,66903,73383,75535,85056,84518,97354,109386,116524,118802,208163,141029,147183,164651,161396,167043,195252
6629,63445,61666,64148,65428,66384,74034,80775,81592,84802,96453,106092,112365,120150,145055,136883,141201,157784,273750,297520,199368
6630,58086,59736,63268,66087,66143,71927,79660,84900,84577,90552,102424,108162,184747,121291,131543,145810,147860,188619,190640,180265
6631,58884,58722,60910,65250,66011,72761,80723,79830,90053,141772,103609,109661,126583,120645,128960,218962,146978,163466,176944,186794
6632,57810,59622,61726,63107,64744,71653,71553,79540,119407,95431,101882,163903,111063,119672,207875,156140,225115,167587,158610,289033
6633,56934,59245,59245,62338,65343,71159,72645,78844,91645,92565,156780,114076,114736,199507,148260,134932,162700,159383,169192,201192
6634,57950,59523,60216,64281,64560,71707,75178,85878,83767,98509,109302,108539,181854,132495,134334,216028,145823,271926,272893,188016
6635,55281,58495,59776,64130,64695,71277,75326,78458,84071,91640,103913,110291,125408,125047,134145,159617,253328,169590,197977,188784
6636,53699,57851,61040,62599,63888,71214,73000,85474,87062,138068,97501,179415,115642,209505,235342,145760,170424,164710,182477,185222
6637,57125,59305,60478,61689,64622,71034,71486,77492,121626,95096,100128,112718,114431,137215,148962,143170,150852,164138,171952,265839
6638,55517,56879,59480,61861,63793,70238,72088,82790,91213,91810,151354,107000,192368,121750,133461,242366,145547,164632,172427,194035
6639,55369,56308,60329,60429,62820,69313,72014,77096,82344,87240,105696,105579,126033,121010,131846,157142,243353,285446,243353,178864
6640,55810,56481,59648,61106,63469,69207,75773,108028,80113,140938,103596,163864,115478,130507,135847,141123,166801,177034,181436,177028
6641,54379,55771,59003,60398,62412,70096,75172,80364,128275,97851,104462,116085,117028,210633,231050,137603,158772,160550,174260,231050
6642,55391,56051,57317,60113,61906,68821,74419,77654,84068,92973,158922,110613,187992,140041,152276,150672,158539,158307,171540,223127
6643,53793,57493,59010,60390,62677,69560,73487,77265,81386,93411,110934,111488,129949,130909,144718,223127,158604,164063,225782,192928
6644,55027,56118,58527,59375,63459,68143,73356,75855,79698,113147,103424,134616,118146,119898,130904,164934,218589,231050,185794,218589
6645,56058,55736,60427,59868,61526,67637,72332,93641,118473,93332,102251,108879,115928,120118,127671,150408,166119,175250,210742,183639
6646,55826,57879,62857,64147,67578,72483,73337,77594,83069,136754,104077,179911,115784,214324,196216,148129,155642,167367,182813,214324
6647,34742,36570,38961,41167,42160,42335,43038,45451,49395,55589,59274,68427,107302,85263,88758,147403,96182,163520,113995,113517
6648,33990,37962,39122,42927,48711,55681,60392,92757,92883,93994,99575,106331,115748,125013,129888,109899,147642,210742,162346,169668
6649,35178,38254,40035,46063,52196,60245,66694,92461,92528,95108,100644,111887,116832,122588,135229,138042,151622,167078,167762,172247
6650,34780,37556,39534,45678,51253,62034,65963,90532,90802,94319,101055,108432,117631,122308,136872,143986,150424,111717,167593,171193
6651,35481,38339,40254,46210,51968,62335,65538,90597,90790,95219,101007,109351,116149,125341,136240,140584,149407,153720,165308,170970
6652,34449,38013,39780,45512,51558,62230,64855,88703,89599,94361,100006,108190,117102,125314,135568,140050,150045,155670,167045,176052
6653,35845,38770,40397,46389,51964,62479,65730,77539,92724,94905,101331,109029,113940,125257,136506,139643,151761,155141,166098,178348
6654,34718,38169,40109,45789,51354,62138,65587,89442,91463,94483,100320,109763,116201,124967,134426,140054,151955,153430,165586,169814
6655,35221,39023,40887,46864,52443,62599,66430,78066,93286,96141,101416,109125,115130,124635,135744,140338,148514,154835,166955,175040
6656,35114,38590,40341,46082,51875,59466,65232,90223,90672,93991,100925,108816,117011,124895,136624,139917,148665,154708,167288,173315
6657,35184,38580,40701,46388,52017,61617,66070,75291,90741,95029,102018,108518,117606,123821,136070,141702,148022,152679,164458,175973
6658,34939,38299,40098,45914,51762,58817,65307,89066,90144,93960,101607,110558,116941,123901,134085,139836,150072,154368,165318,175914
6659,35325,38878,40776,46503,52401,62656,66661,78473,94471,96835,103065,109082,116990,125030,135900,140812,152024,154513,168141,175998
6660,34426,37828,39865,45736,51214,59313,65615,90270,91023,94398,99956,107591,116739,124218,135503,143683,148487,154073,167159,170072
6661,34948,38534,40457,46136,51800,62758,66657,76458,91489,95850,101804,109468,117200,125298,135750,139904,147327,153705,169197,176270
6662,34508,38183,40170,45921,51184,58471,66122,89744,90628,93909,100683,108537,115538,124786,135698,139110,145906,159055,166256,172816
6663,35519,39178,40956,46826,52279,59889,66564,76629,91200,95738,101456,110168,116582,125643,135995,138039,150292,154040,167633,177369
6664,35379,38945,40847,46504,52222,59843,66845,90424,90965,94309,100953,112143,116571,124805,135598,140452,150614,154160,168200,176639
6665,35793,39198,41351,46864,51926,60335,91756,76760,91976,96165,103423,109726,116704,125440,136500,140522,151775,153727,169112,172732
6666,34972,38613,40211,46439,51847,59559,66198,90843,91277,94578,100191,108794,115829,124868,134932,140361,148119,156120,164986,170205
6667,36169,39567,41593,48023,53360,61154,66916,77576,93234,95837,102077,108642,116996,124286,136249,138959,153632,155522,167775,180529
6668,35491,38924,40262,46636,52323,60230,63864,81411,92029,94561,99831,106427,116455,125215,135373,141900,149119,156385,169750,170595
6669,36067,39585,41156,47678,52779,60540,92059,92059,92106,95284,100721,110301,116514,125880,135696,141502,152992,154460,170940,171933
6670,35530,38998,40616,46900,52602,59646,66676,76419,91074,94211,99472,108285,116706,125705,135528,141517,148782,156692,169315,174692
6671,35297,39663,41096,46960,52904,60239,66764,81578,91603,95684,101164,108789,117160,125500,136247,140581,152583,154011,168697,179690
6672,34950,39700,40893,46220,51772,59402,69416,90803,91121,93972,100553,109453,116374,123524,135368,141429,151277,155857,166195,174556
6673,35507,40480,41252,46904,52784,60373,91770,78968,91940,95870,101474,111824,116959,124827,135583,139410,152502,153940,168746,181152
6674,35018,40156,41139,46619,52412,60282,66950,74501,91669,95050,100890,110385,116683,125270,136067,141111,152209,155900,168839,172529
6675,35916,40758,41619,47951,52903,60484,66891,92565,92353,94938,101559,111453,117662,125659,135930,140738,151948,156283,169827,177305
6676,36242,40815,41339,48474,53106,60727,64466,76816,92754,94865,101420,110494,116033,126316,136629,142957,152914,155962,172991,175271
6677,36464,40924,41932,48282,53360,61393,94080,94143,94143,96490,104136,113300,116616,126110,137817,141782,152078,154408,171662,172584
6678,36219,40698,41580,47275,53225,60448,67272,76881,93849,96069,104929,109175,116005,124443,132837,143006,152457,157401,168557,172988
6679,37041,42049,42712,48539,54445,62080,65644,96452,96452,98153,102876,109183,116146,124672,137206,133538,153079,159161,171086,175441
6680,36823,41288,42055,45234,51209,61542,65239,76422,94927,97248,102489,108098,116206,124649,133806,143080,148335,160140,168909,175125
6681,36668,41143,41601,45313,50690,61135,94855,72501,94705,97036,101893,108872,117340,125599,135398,137225,146398,158323,170336,175925
6682,36882,40806,41877,44873,50534,60146,67687,93280,93420,95988,101455,110939,116151,124890,132878,138436,146609,158559,172099,175690
6683,37194,41175,41858,45347,51325,61740,65388,78621,95326,97634,102483,107868,118187,124477,136779,134205,152920,159723,169317,176719
6684,36714,40819,41496,45050,50869,60331,64886,81916,94874,97164,102348,107711,116689,125737,134079,143087,147974,155106,163313,175628
6685,36528,41183,42123,45466,50662,60792,95430,95430,95430,97454,102668,109663,116869,124899,135015,138142,148543,155225,163181,175176
6686,37201,41095,41861,45063,50614,60896,68121,77983,95271,97769,102518,109056,118981,125826,134307,137798,147987,157673,166701,178127
6687,37243,41430,42594,46098,50485,60709,65864,73245,96078,98238,102893,108032,117432,124502,134944,138147,149488,156121,171769,175254
6688,36886,41028,41877,45366,50739,60183,65707,95267,95388,97602,102292,107555,117325,125278,134045,137447,149148,157690,170653,176790
6689,36772,41440,42496,46222,51049,61720,69682,81600,97972,100007,103749,110057,118948,124932,135813,138640,149788,160288,169570,175732
6690,36936,41423,42087,46580,51176,58386,98844,73902,98844,100677,104418,108036,119247,125083,136387,139130,149770,159055,166063,177422
6691,37789,42132,43189,46663,51979,59118,69348,100802,100802,102328,105674,109411,115411,123924,136209,140489,151179,159411,168545,175206
6692,37267,41725,43011,44647,49410,58450,62524,80056,99839,101577,105536,108156,116951,124157,132528,141175,150894,158730,165721,174826
6693,37242,41513,43417,44497,49309,59133,62569,77781,99770,101046,105314,108548,115988,125864,131644,141177,149867,160189,163679,177258
6694,37142,41565,43120,44373,49129,58279,77951,75304,99036,100824,104538,108395,116584,124091,131252,138677,148558,160577,165371,175833
6695,37622,41814,43323,44523,50083,59374,66287,100404,100567,101834,105272,109291,116895,125228,137196,137248,149297,153153,165551,174953
6696,37437,41736,43222,44542,49540,58503,100913,80700,100968,102321,105641,108581,116817,126166,132767,139386,149227,151892,167125,175077
6697,38366,42504,44046,45270,50144,59237,69311,79009,103368,104548,107811,110383,115493,125875,135239,140655,151679,160002,165914,176500
6698,38099,42115,44123,45092,50335,55850,62624,78847,103017,103168,106523,110699,116867,125345,134917,141901,152227,157966,168535,171473
6699,38630,42927,43925,45720,52045,57265,63808,80561,104894,104894,108121,111306,118735,125559,136365,142463,152122,160143,169239,171561
6700,38521,42797,44242,45347,52216,57110,61194,96106,105412,105412,107846,112930,120287,125106,136836,143616,151826,159853,170112,172862
6701,38700,43150,44637,45968,51654,57168,97693,80385,84710,106616,108808,111801,118709,126603,136327,139588,148399,156825,170530,174015
6702,38194,43282,43884,46087,51932,56652,67904,80094,107375,107375,109616,113199,118874,126382,136647,140700,148960,158941,164264,173057
6703,39180,43714,45539,46929,52063,55157,62327,78770,87610,111839,113210,115191,119600,123827,135973,139007,149727,158281,166310,176658
6704,38636,43602,44755,46462,49844,55820,66386,77664,84332,112907,114318,115545,121576,124651,135344,142150,149489,159210,157622,177414
6705,38988,43697,45668,47015,50115,55477,95461,112067,112067,112067,113724,115139,118317,124453,134921,143204,150774,151796,156629,168856
6706,38346,43732,45596,46278,49504,55598,67117,82267,87009,111315,112911,114543,119523,127447,134294,142499,149216,154213,155062,166996
6707,39183,43866,45137,46828,49801,55446,62073,74800,84853,115098,116513,117557,120564,125217,136393,141573,151869,154422,167441,177865
6708,38077,43971,44959,46633,50123,55381,78122,71029,98413,116004,116590,117936,120932,124634,136042,144446,152228,152279,158700,169516
6709,39490,44222,45617,46860,50823,56334,62733,71393,87638,118715,119337,120255,122727,125857,136212,143827,153791,151822,161555,171955
6710,39293,43585,45223,46732,48061,54541,91895,117526,117526,117526,118278,119689,122635,125790,136612,142267,148226,155704,159528,170060
6711,39989,44539,45767,47591,48842,55316,64266,82749,85831,118239,118844,120184,122892,126707,138073,141039,148598,156675,159735,170883
6712,40060,44113,45201,47754,48416,55046,59241,77465,78314,116300,116948,119003,121744,127714,137671,141094,146818,157269,159237,169833
6713,39564,44535,45796,47471,48759,55074,93231,71763,109280,95441,119608,121094,124095,128097,136422,139234,148847,150076,162364,171683
6714,38512,44201,45683,47009,49198,55030,64324,71398,86537,102807,118642,120196,122979,126051,137912,142514,147324,149217,159914,169973
6715,39829,44297,45719,47088,49552,55345,59754,119513,84392,119513,119736,121301,123367,127171,137575,141519,148291,148146,161055,170763
6716,39131,42892,45858,46674,48916,55308,91647,77588,117368,93334,117700,119541,121863,126828,136977,141361,145756,149844,157415,168294
6717,38159,43644,45979,46571,48494,53819,62284,69327,82552,89812,113088,115224,120642,124288,133499,139817,143101,148735,154746,167853
6718,38274,43651,45395,46562,50101,56454,87724,68361,78590,110871,112970,114468,118010,124768,132122,135259,148733,149693,153145,173500
6719,38843,44322,46024,46669,50790,57253,66169,112601,112601,112601,114402,115402,118724,126377,133332,139272,151420,148006,165472,173318
6720,38104,44351,45826,46604,50180,56844,60263,79630,86691,95690,113303,114784,120307,125149,133683,141182,149994,145499,156388,169288
6721,38450,43595,45440,46735,50330,56798,93729,72001,84956,111070,112830,114440,117861,125295,131530,140663,149332,149664,155036,167320
6722,37523,43483,45110,46832,49889,55543,63691,70139,108947,94407,111026,113429,118049,124460,130739,139958,149608,153052,165066,172577
6723,38705,43667,45439,46349,50306,56166,61440,109427,86036,109454,111771,113395,117762,124425,135157,137538,148571,151836,164691,174609
6724,38400,42887,45188,46334,50013,56498,92070,76932,78008,108125,110780,112403,116968,125317,133932,137460,148045,150741,163041,173639
6725,38089,42673,45229,46641,49749,57168,66086,71878,107719,93511,110389,112042,117811,124263,135659,138363,147019,150601,162544,172750
6726,38596,44458,45605,46584,50046,57475,61522,71186,85227,107411,109920,113186,117905,124367,134693,136787,145772,150959,161084,169528
6727,38980,44177,45717,47363,52467,58052,92427,108275,108275,108275,110352,112856,118676,125032,135764,135804,145879,150876,161987,169377
6728,38445,43230,44658,46891,49850,57424,65941,76288,84507,106731,109227,111986,117492,123889,132795,136931,146203,150833,158467,167751
6729,38635,42817,45134,46570,51662,58149,60902,71826,91270,95785,107348,110878,116250,122969,129651,136958,143241,148405,153907,165963
6730,38931,42591,45052,46237,51125,57614,95095,89905,103461,103613,106724,109974,115401,121135,129305,135202,145971,149996,161300,165125
6731,38975,43237,45033,46435,51459,57101,66584,74474,83486,104956,107966,112743,116687,122351,130251,139628,146667,149344,161814,163421
6732,38351,42402,44933,46660,50868,56810,62410,103790,103790,104005,106464,110079,116405,120779,128993,138120,145964,146606,163477,169187
6733,38204,42955,45096,46759,51509,57105,67077,75007,83518,104941,107756,110458,116891,122981,130773,134734,147848,152229,164002,163421
6734,37973,42811,44984,46232,51316,57329,95494,69823,104280,104367,107364,111642,117019,121675,131053,139076,150284,149349,157022,166230
6735,38012,42961,45210,46431,50880,56889,65258,103125,82155,103407,106810,110187,116296,122034,131817,133873,144770,148367,160421,165748
6736,38583,42186,44897,46208,50672,57223,62329,72890,102816,103124,105800,110528,116185,124244,131579,140268,145228,149859,163401,166770
6737,38216,42172,44458,45601,50775,59412,78395,70768,78873,102309,105797,109266,116376,124449,129799,138988,146278,152258,163784,166886
6738,37429,42180,43951,45263,49896,57612,64131,99057,99306,100204,105773,109671,115062,124264,127187,139397,141682,149874,160589,164682
6739,37126,42253,43391,47132,51976,58548,98255,78530,98913,100994,106396,109316,115196,123003,129933,133855,142449,149079,157464,170712
6740,36360,41145,42832,46257,50897,58142,64995,69756,87372,99431,105818,108314,114612,121117,130682,136018,143119,149032,158408,169871
6741,36448,40928,42199,45385,50428,58506,61880,91981,92691,95898,102490,107882,115050,119194,126967,133290,143439,148090,164379,169690
6742,35631,40309,41496,46373,51072,56321,60643,89004,89701,94641,102548,107609,113731,119999,132390,132250,143812,150909,162143,169569
6743,35882,40308,41087,45991,50835,59606,87604,74278,90802,93862,102160,108107,114979,123371,130710,136978,142508,152037,161107,170768
6744,35847,39508,40719,46804,51796,59078,65553,88123,91181,94269,102771,107933,115910,123567,128813,140324,142176,151535,164269,166282
6745,35653,39411,40893,46947,52181,58737,87687,88165,90350,93465,102170,107863,115499,121271,129524,138918,144024,154470,163460,170344
6746,35601,39381,40252,46130,52517,58879,63859,74007,89192,92703,102281,107347,115339,122886,130599,139705,141711,150644,160078,170777
6747,35290,39454,40170,46636,51863,58758,62351,86546,89022,92052,100205,107277,114398,121993,130863,138513,144257,153249,161705,170304
6748,35116,38879,39771,46326,52094,59692,85864,87720,90402,93166,100899,106905,114908,122641,132363,136616,143484,153036,163564,170425
6749,35650,39230,39764,46497,52423,59213,64720,72997,89510,92316,100712,106651,114937,124193,131060,138245,144641,151610,165695,172549
6750,34813,38871,39470,46168,51406,58582,83460,84010,88406,91820,99199,106360,113899,122963,130908,138839,143762,152334,160294,169419
6751,35197,39730,40113,46798,52309,62690,65127,86409,89071,92128,100639,105077,115719,123105,132459,138876,142852,155867,165433,170800
6752,35160,39028,39883,46185,52034,63398,75405,84680,87523,91470,101256,104886,115769,122571,129485,137558,143686,153246,166849,169351
6753,35200,38816,39474,46212,52515,61245,63903,83846,86760,90611,99962,105948,114878,121550,134249,137244,147644,150604,164937,171079
6754,35064,38745,39391,47665,52856,69268,82433,84492,86666,91779,99805,106854,115630,122016,131235,137785,147563,152484,166093,170818
6755,35198,38854,40133,47278,51458,60829,64088,86656,89235,92819,101145,107496,115841,122719,134214,138171,149398,154419,162498,170725
6756,35118,38788,40003,47775,50907,60301,82768,72189,88807,92634,99842,104352,115293,122875,133766,137764,145567,151975,164171,170473
6757,35342,39479,39627,48398,53094,61367,65040,85983,90706,94053,100056,107398,114486,123021,135535,139016,148799,149606,165779,172902
6758,35656,39076,39778,46864,52809,59002,83711,86005,87892,92381,101565,107089,115164,122358,135702,137878,147817,152767,168250,172934
6759,35877,39842,40349,47611,53793,84479,65921,89024,90968,94851,102927,107539,115988,124208,133572,140375,150077,153157,167234,171168
6760,36255,40301,40839,48162,54250,62525,77304,74387,91575,94550,101381,107672,116784,123078,133990,141548,146286,155054,168817,175376
6761,36664,40723,41002,48649,54125,61777,67064,88602,91840,95551,102585,109963,115106,123054,135527,143523,148464,155574,171523,178602
6762,37006,41162,41714,49202,54586,62233,86596,88152,92381,95373,103220,109585,116609,123931,135204,143125,149132,156407,165302,176972
6763,38358,42077,42995,50976,57148,64418,69034,76442,94348,97576,101925,109103,115748,124907,136682,142341,150510,157170,168956,177038
6764,38279,43064,43183,51826,57605,64500,68743,92573,94593,97383,103022,110174,115312,124504,136501,144015,152232,156558,169695,180492
6765,38559,42617,42880,51949,55718,64175,67815,75420,93808,95681,102076,109492,115086,124341,137138,144501,151855,156706,170777,180635
6766,37611,42104,42683,50091,55465,63650,90754,92281,93417,96608,104509,107756,116477,124169,135631,141343,151540,159887,169587,178333
6767,38350,42222,42853,50827,55514,64241,69800,75801,93878,96706,101811,109710,115197,124345,136650,143794,151060,159099,170151,178495
6768,37978,42271,42638,50400,57106,64527,68356,91967,94018,96268,102669,109651,115299,124775,136311,145027,151360,160576,169662,180905
6769,38538,43280,43221,52322,57662,65225,68331,76812,96694,97338,104111,109424,118698,125479,137085,144224,152456,160731,172532,180406
6770,38664,42983,43487,49090,54657,64817,67865,76602,94798,97994,102606,110003,116268,124851,137050,144638,151567,159674,169729,180430
6771,39347,43262,43702,50153,55379,64353,87033,94389,95294,98266,102958,109496,116442,125562,136919,144709,151420,159897,171539,178414
6772,39002,43385,43693,50057,55254,62076,67238,75072,94802,96615,102584,108553,116957,125628,135748,144987,150546,160797,171308,178013
6773,39147,43438,43669,50111,55235,62249,67978,94638,95180,98319,104176,110289,116538,124771,137342,144113,152868,159996,169808,177886
6774,39408,43881,43950,50455,55869,62342,67921,76101,95993,98180,103255,110838,116806,125954,135795,144069,152634,158404,171524,177104
6775,40584,44529,44777,50810,56092,62929,94027,75695,96725,99200,104362,111271,116769,125808,137492,144448,151501,157946,171763,178119
6776,40045,44425,44519,50333,55900,62894,68322,95421,96514,99512,104806,109318,117136,126862,135997,142829,151674,159358,172998,178646
6777,39154,43602,44172,49807,54935,61949,65933,76249,95496,97179,101880,110387,116130,125981,136787,144896,152307,159021,170357,176316
6778,38775,43332,43515,49759,55419,61059,66167,91362,92304,95713,103464,109712,116476,126077,135538,143576,149272,157584,168417,180103
6779,38998,43087,42884,50730,55665,63238,71272,75511,93948,96673,102128,108977,116317,125272,135776,142082,151227,158424,164547,176589
6780,38639,43015,43055,51680,54929,63356,90353,92275,94117,96461,102606,109627,115511,125608,136523,143354,151709,159110,168285,177456
6781,38546,42677,43193,52051,54771,64076,69043,81886,94582,97179,102320,107838,115437,125768,136910,144671,151347,158174,169209,180115
6782,38675,42762,43127,51797,55080,63952,66840,82853,94073,96989,102846,107918,115750,126031,137284,144250,151509,159076,169748,180306
6783,39120,43425,43292,52030,55309,64669,67263,80745,94900,97606,102765,107929,116374,124782,137650,140754,152678,157713,171162,180805
6784,39398,43502,43503,53294,56091,63897,69688,81852,94818,97762,102579,109817,117390,125602,137168,142004,151978,159811,172585,181108
6785,39719,43875,44326,50716,55207,65731,93772,77032,95584,98393,103582,109767,115915,125345,136913,144292,152469,161062,172280,179290
6786,40069,44424,44739,51118,56424,62907,68172,95081,95560,98525,103335,109694,116039,125820,135684,143555,151654,161286,169997,176088
6787,41104,45541,45771,52320,56825,63474,66942,77167,98175,100004,103989,110858,116009,123217,136702,143403,152556,159344,173166,176989
6788,40304,45279,45775,52435,55916,63398,66839,77399,97988,100022,103940,109231,116377,123073,135248,144914,152360,159548,171974,181280
6789,40662,45629,46100,53881,56489,64109,68427,98602,99107,101032,104732,108926,116963,123115,136116,142043,151293,159748,172458,179629
6790,40646,45705,46105,50608,56075,63528,97091,75999,98133,99222,104131,108787,116269,122582,134123,138080,151085,159720,172499,179857
6791,40653,46055,46742,50958,55611,64004,68973,73332,99143,100710,104904,108802,115714,122482,135237,139144,150048,160131,168419,175976
6792,40632,46146,46615,50656,55534,63885,66530,98378,98536,100174,104693,108660,115187,122479,133718,138133,148696,159595,171239,177189
6793,41159,46751,47801,51163,56466,64232,67180,76500,100643,101657,106570,109076,117217,123166,136112,139181,150910,159411,172939,179587
6794,41617,46397,47354,51013,56234,62642,65631,76768,101232,101868,105452,109680,115170,123478,134979,139884,151246,159104,169328,179748
6795,42155,47082,47917,51041,57338,63560,101874,101874,101980,103138,105620,108980,115442,124094,134846,141505,152107,158927,169198,180828
6796,41915,46927,48305,51456,57209,63006,68187,75055,102596,102764,107231,110930,116395,123789,134212,142874,151470,159382,168703,180919
6797,42342,47279,48549,52388,57769,63572,66804,74230,104644,104639,107456,110816,117540,124597,136026,141377,151702,159698,169924,180965
6798,41645,46927,48369,50137,57283,63517,66054,104950,80884,104980,107204,110759,116251,123843,135495,142031,152867,159425,172082,177111
6799,42221,47635,48662,50853,56731,64611,67166,76843,107064,107214,110197,113507,117855,124187,136707,142208,151171,158227,171957,179909
6800,42955,47897,49237,51291,56733,63253,65698,73926,81898,106404,109202,111654,117517,123817,131801,143315,147683,158976,169966,177060
6801,43417,48483,49707,51148,57988,63784,100339,75210,109453,109535,112135,115002,118591,124957,136485,137958,152751,157008,169984,176530
6802,43459,47557,49599,50551,57588,63571,69990,108165,82450,108342,110738,112902,117895,124175,134832,140493,147073,158899,162465,174421
6803,43231,48606,49751,51623,57513,62776,66394,77409,109769,109761,111557,114384,119273,124964,135396,139418,149542,151655,169576,177439
6804,43396,47943,49521,51192,57923,63507,66663,74539,83086,110083,111838,114375,118527,124054,135550,141137,147582,158019,168804,175478
6805,43370,48085,49687,51450,57611,63805,66556,74416,80103,111166,112263,115139,119039,125548,137576,139903,148976,153043,169858,175312
6806,43828,47488,49408,51719,58181,63793,66629,111475,111475,111475,112472,115160,118660,124239,135003,140285,148721,153283,169893,178398
6807,43008,48063,49707,51715,57947,63651,94682,78634,84320,112439,113553,115997,119795,125101,135061,139946,150450,156284,168193,177467
6808,43370,48259,49581,51200,57394,63117,67686,74448,110180,110180,112429,115402,118744,124086,134558,139992,150107,150660,169625,178881
6809,43474,48272,49781,51318,58023,63110,66939,74620,83812,111245,112848,115367,118988,125299,134899,140861,149253,156978,169951,177610
6810,43811,48775,49806,51412,57575,62721,66784,88002,81169,111676,112827,115922,119107,125361,134984,142586,150324,153345,170309,177915
6811,44310,49174,50415,51906,57824,63624,80209,76919,111054,111054,112637,116076,118790,125939,134775,140510,150531,154377,170448,179493
6812,43561,48754,49362,51513,57281,63875,67974,109502,86366,109502,112007,114499,118951,125003,134718,141042,149063,154621,167379,177273
6813,43518,48764,50038,51891,57618,63475,66967,77626,95648,110214,112086,115016,119431,125756,135269,141267,149705,154452,166915,177648
6814,43168,48316,48915,50905,57720,63760,99089,75048,79598,108347,111120,113318,118824,123662,134598,141031,149505,154920,166427,176100
6815,43628,48630,49257,51513,58397,63361,71031,75529,110409,110409,112176,115513,120724,124327,136070,140058,151044,155473,172267,178244
6816,42827,48181,49036,51030,57692,63506,66089,75025,86105,109292,111851,114305,117592,124377,135551,143360,151444,156144,168649,177656
6817,43335,47794,49536,51297,57613,63706,67107,110387,110387,110387,112164,114682,119804,124284,137291,141400,151039,152673,169439,179244
6818,43136,47862,49493,51495,57384,63362,66168,78073,87221,93286,111263,113884,120104,125609,135402,143225,150861,157016,167024,177045
6819,42870,48148,49579,51915,58121,63691,71140,76457,81840,110483,112558,114961,120586,124689,135466,143370,152366,158710,170619,180149
6820,43074,48166,49352,51215,57736,63756,84733,74199,108789,109325,110982,115320,119629,125015,134991,142255,151700,158535,169773,179198
6821,43173,48304,49263,51619,58366,63454,69068,86321,88282,94377,112185,114102,120113,126196,137400,142434,150890,156456,170464,181407
6822,43227,48460,49470,51337,57434,63989,67257,77482,81928,109675,111786,113741,119537,123851,136723,142995,151308,158008,171134,178759
6823,44336,49368,50445,52250,58658,64368,68445,110964,110964,111418,113288,114622,119885,124372,136089,140506,152224,155679,171343,178534
6824,43947,49382,49780,52062,58139,64391,92034,78876,84704,92986,111475,113710,119568,123282,134438,143303,151194,157420,170973,179968
6825,43573,48942,49520,51665,58333,63927,69343,76559,85199,109502,111161,114292,116328,123447,135050,143500,150886,156529,169886,177226
6826,43316,48787,49494,51481,58811,64082,67937,75249,108261,91725,110597,112141,116264,123676,136276,143250,150833,159187,171553,179507
6827,43831,49114,49833,52063,58405,64519,67716,76756,84318,110928,112451,115623,120134,124662,136044,140793,152899,154754,171698,178582
6828,43415,49001,50029,51765,57907,64155,68154,108426,108818,109178,111342,113073,117354,124080,136156,143630,152404,155024,171611,179211
6829,43885,49367,50210,52335,58968,65245,99906,78905,85006,102190,111956,114048,117976,124127,136593,142507,152440,156609,171614,179229
6830,43727,48953,50233,51617,58747,64751,71086,75515,82219,109554,111193,112514,118880,124551,136732,144205,153268,156454,169985,177813
6831,44035,49621,49940,52152,58725,64714,69032,75962,109866,93744,112572,114952,119337,124699,136257,144309,152656,159790,171312,177557
6832,43886,48723,49990,51714,58341,64868,68273,75871,84407,109571,111864,112454,118668,124272,136100,142977,151899,157367,171492,179824
6833,44021,49307,49930,52506,59092,65196,69560,110295,110295,110764,113122,114475,118215,124299,136718,143960,152560,157390,171251,181099
6834,43887,49140,49949,52741,59234,65160,68783,80443,85912,93806,113315,114477,117585,124484,135701,142946,152217,158364,172502,180124
6835,44170,49719,50658,53076,59061,66060,69002,77291,86803,111896,114384,115783,121113,125162,136480,145648,152176,156358,171865,179810
6836,44640,50165,49923,52760,58523,65468,68787,76422,87561,95355,113023,115484,119802,123508,135899,144064,153360,160838,170542,179992
6837,44561,49220,49814,52023,58773,65169,85014,76357,110054,110261,111876,115615,122866,124257,135283,143645,153310,160606,170633,178919
6838,44754,49114,49760,51793,58492,64603,69543,82403,84900,108870,110151,114687,122105,123893,136454,143607,152950,158950,168785,178720
6839,44415,49197,49589,52426,58373,64959,68992,92823,83613,94602,112651,113387,117454,123924,137262,142064,151380,159649,172637,179224
6840,44002,48958,49819,52038,58191,65607,68038,79081,109767,109957,111855,113020,116852,123655,135028,144726,151241,156723,171724,177687
6841,44874,49257,50206,52410,59140,65475,85916,76842,88073,97460,114322,114092,117338,123990,136284,144882,152655,156494,171961,179259
6842,43979,50087,50822,51889,59456,65340,70576,110699,83061,111264,112539,113805,117153,123793,136100,143093,152094,159946,171450,179679
6843,44352,49603,50100,52393,59968,65302,69181,80298,111542,94859,113584,114629,118320,123736,135601,143743,152101,158278,171963,181132
6844,45256,50148,50398,53043,59002,65498,69283,76937,85577,112215,114808,114839,118516,124111,135908,143698,152296,158197,171439,180107
6845,44688,50666,50886,52363,59402,65778,69545,76700,85750,112454,115169,115251,119881,126303,136123,145613,152675,159222,171668,181021
6846,44926,50921,51096,52308,59395,65404,87049,81146,112277,96279,115411,115367,118862,124697,135989,143869,152349,159536,170305,179436
6847,45498,51295,51325,53218,58759,64876,71764,77784,83840,99437,116051,118625,120433,124205,136521,144270,153362,158898,172941,180211
6848,45377,51009,51425,53615,56992,64453,66893,76200,85556,113918,115010,118114,119883,124301,135600,143157,152171,159545,167566,181179
6849,46116,50941,51356,53688,58761,65135,67538,115993,115993,93494,116886,118226,121035,125063,136781,143922,152840,159215,169164,179224
6850,46110,50649,51743,53754,59246,65774,73575,79511,86775,116962,117345,119309,121808,124831,137581,143577,152985,159998,169128,177619
6851,44886,51014,51655,53592,58632,64994,70740,76296,83288,94424,117264,118652,120750,124910,136694,143947,153027,159828,169038,177438
6852,53632,59750,60119,63457,67138,74173,116441,86085,156002,156002,156002,156720,157671,157671,159025,142976,165236,158838,172980,182372
6853,25179,27127,27897,28770,29429,32887,37882,41658,46159,51510,75165,75165,75343,75331,75331,161013,83073,157889,90900,101158
6854,19017,20569,23945,33213,36859,50230,55964,69324,78479,87934,101158,108562,116710,124198,137683,82548,152723,159094,173775,180865
6855,18944,24759,35661,50523,55440,61210,63715,74731,83622,92190,100147,109742,115991,125786,136660,144917,152557,167185,173028,181310
6856,22162,31649,44472,52343,56859,64418,71145,75192,89482,92562,101147,108442,118063,125808,136557,144850,152492,90635,173157,181577
6857,21994,29043,41798,52219,56851,63236,71188,77540,87226,89791,101700,109625,115522,124033,135956,145962,153182,161352,172887,180983
6858,22301,29376,42032,52499,57427,67520,68664,81256,83134,93030,103679,111131,117385,123626,136525,145089,152101,160697,171526,180857
6859,20168,26854,35094,50782,55973,65750,65511,73584,85306,94096,101718,108273,116382,124033,137100,143489,151532,161296,171875,180312
6860,19714,28414,38200,49702,55358,66075,65727,75789,83700,92320,101824,107642,116689,124855,137033,144020,151342,160385,172194,180932
6861,19234,27826,36732,50974,55817,65640,65321,76941,83859,92802,102057,107951,118229,125013,135913,144309,152387,161173,172267,180934
6862,19977,28691,42110,51883,56713,61901,64895,76451,82289,89822,100583,109916,117615,125010,138051,144157,154071,159727,174156,181990
6863,20132,28888,38941,52725,57501,64273,67323,74391,85667,92184,102197,110222,116749,126289,138774,145369,153235,160103,173046,182274
6864,21017,30838,40826,53948,58340,64889,68252,80269,86905,90838,101383,112502,119918,127237,138275,145500,153562,159904,174798,182294
6865,20736,27397,39980,51378,56350,62310,69399,76640,85195,91851,101690,110005,118175,127806,137613,147466,153608,161438,174452,181403
6866,20859,27701,40862,51436,56327,64959,67265,77255,85706,91200,101579,111426,118192,126655,137937,146225,153623,161527,173682,181332
6867,21786,28825,42003,51691,57338,64278,68608,77636,83891,90739,101660,111697,117449,126239,138491,145407,152526,162460,172702,180957
6868,24948,33386,46599,54600,58833,65107,70476,82054,85604,91563,104330,111814,117017,126335,138164,145231,153836,161574,172091,180458
6869,25917,32245,43682,53953,58661,66815,68313,79075,85509,92226,103636,110051,116386,125612,138115,145376,153499,161782,172619,180897
6870,26206,30440,41533,52455,57027,63284,71188,80181,86764,92257,104507,108636,116545,124088,136879,145597,153421,161324,172920,180006
6871,22511,24118,36448,46443,54308,59906,65468,73326,83744,89218,102426,107755,117533,125690,136495,144582,151553,160253,171667,180706
6872,21404,26444,37350,52127,56001,63226,65191,78108,81909,89814,101299,108926,117869,125660,136021,144474,153525,160316,172693,179423
6873,20773,27290,39822,51238,56408,68116,64394,74624,84106,93172,99962,108541,115953,124329,137331,144256,154011,160455,173561,181152
6874,21578,28592,41658,51980,56264,64436,65310,77735,87558,90855,100800,108640,117060,125601,137027,145177,153315,160825,173648,181115
6875,20588,27166,39816,51434,56120,66581,64787,75554,84821,89678,102377,110116,117985,125664,137646,144687,153510,161073,173266,181220
6876,22522,29866,43457,53637,57393,63285,67035,82492,88984,92450,100979,108850,117684,126928,137962,144888,154470,161723,173769,182204
6877,20273,26882,35618,51139,56178,62929,66012,77470,84621,92418,100301,108424,116932,125977,135965,146368,152704,160574,172568,180982
6878,20414,29292,39251,52561,56782,62925,68112,81014,85638,94590,99730,108844,117770,124163,136488,145651,152535,160766,172256,179858
6879,20598,29409,39543,52189,57491,65154,66698,75482,82320,92668,100544,111372,117904,126595,137433,144231,152196,161573,172734,182160
6880,21912,31385,42153,52622,57113,63010,65779,73477,87886,93960,102154,110828,119802,125283,138361,144767,153261,161179,173220,181411
6881,22188,29577,43329,52656,57773,65071,71623,79146,89837,93513,102076,110734,118791,125098,137956,145372,153351,160131,172660,180250
6882,22291,29343,39211,53168,57469,68505,67465,80260,84913,92940,101103,111828,115961,126309,138153,144918,152706,160367,173949,181660
6883,21156,28014,37504,52118,56786,68267,66317,77274,86369,93234,103725,110779,116361,125738,137542,145319,153320,162236,174069,180490
6884,20539,27093,39703,51355,56786,62404,70955,78875,83084,90799,101252,109991,119205,124176,135480,145340,152916,160719,173885,181295
6885,20171,26591,39407,51774,55965,67490,68088,75468,84310,91372,102173,109353,117165,124325,136388,144429,153142,161067,172200,180880
6886,21513,31640,41869,52417,57043,68601,65628,77348,85710,92243,101067,107427,116506,125738,137527,145045,153865,161320,172986,181678
6887,22074,29389,42884,53212,57594,68000,69007,78748,84819,92176,101391,110642,117857,125056,138489,145681,153935,161655,172724,181005
6888,23579,31576,41437,54411,60619,70009,73741,79738,86076,93285,103529,109593,119360,127566,138104,145730,155115,161498,173925,181378
6889,25375,31469,43090,54554,60138,66836,70065,79318,85580,91887,105467,113442,117269,127092,139418,146063,154341,161343,173825,181853
6890,25591,29485,40581,51706,58296,63944,73190,80663,88440,94463,104321,112075,120871,127053,138454,146246,154353,162109,174195,180996
6891,26734,30810,41922,52858,58532,63937,72997,85091,89204,94276,102274,110335,119087,125865,139502,146103,154055,162347,173090,181454
6892,26704,28383,38573,52294,58573,63406,72467,80401,87497,94121,101478,110537,119951,127320,137841,147301,153319,162469,172658,181867
6893,25807,27270,37870,51500,57329,62733,66529,80575,85497,93739,102303,109497,119653,127082,137434,145811,153571,162593,172823,181177
6894,25106,26772,40553,51083,56858,62100,75178,82225,86333,93461,101432,108724,120060,126900,137886,145522,153243,161475,173206,182016
6895,22027,23779,35747,46565,55499,61792,67794,78454,84247,91493,101693,109334,116838,125577,137661,145955,152844,161626,173965,181812
6896,21629,26658,37469,51541,56784,62443,66779,76891,82288,91577,102606,108012,116784,126322,137966,144457,153401,161654,173478,181066
6897,20736,27323,40322,51621,56734,62078,64700,78146,83026,89380,103608,109356,118961,123555,137932,144954,153106,161151,173463,181150
6898,23092,30543,44563,53184,57323,66500,66053,75276,89053,93563,105516,109874,116799,124839,135946,144747,153228,161054,173877,181720
6899,22802,30522,40300,53763,57769,68167,69307,82465,87402,93421,106044,111506,119465,124736,136431,144971,153673,161751,173484,181205
6900,116,117,117,117,117,117,118,118,118,118,118,118,118,118,118,145755,118,160958,118,118
6901,22415,23078,23589,24533,25410,25891,30755,35793,39059,42935,47971,53338,59413,59413,65528,118,65627,160946,65627,65627
6902,22988,26279,33581,51653,56573,62204,66118,80915,85781,92923,105909,111264,118761,127238,137469,65362,152423,161359,172736,181644
6903,22472,28045,39418,54672,58804,66677,69948,81394,87526,98005,107027,111519,118469,125338,137596,145618,151935,118,172209,180838
6904,24952,31008,43014,57814,61437,68025,74040,81919,89320,97789,107537,113610,121759,125789,136960,145663,154019,65627,173139,181763
6905,22612,25887,36280,54691,57784,62785,66017,77678,83347,90841,103593,110770,117459,124161,137565,145496,153424,159931,172668,181186
6906,23433,29337,41283,54977,59687,64754,66585,80640,86285,96160,101330,111986,119236,124749,136033,144931,153542,160546,173118,181431
6907,22262,27622,39151,51414,58237,66480,71706,76354,87183,93330,103985,108815,117273,124933,136277,144828,153436,162027,173689,181726
6908,21409,26795,37433,52781,57666,66280,65591,75978,88845,94577,104117,110033,116710,127111,139429,145501,154187,160821,174098,182420
6909,61340,78252,92293,116157,244735,253181,258279,265632,274048,283161,294789,294789,307195,320396,334947,144227,349998,161696,369554,371247
6910,54202,57809,57018,61231,68681,73365,78470,88684,95514,104738,112584,121818,132043,141312,155866,335800,237069,162239,237069,237069
6911,54546,57678,57679,61539,64485,70751,71319,79161,85012,93968,101988,108981,121287,130236,142008,213482,166182,162437,180286,234216
6912,55626,56797,58125,60966,63596,68919,72045,78995,83100,92309,103308,110627,122276,126369,134168,156063,158440,351853,234244,196192
6913,56988,57088,58293,62064,63791,68884,71680,79655,83242,89515,103600,110170,117302,205030,224475,145543,157109,237069,177917,224475
6914,55190,56860,58860,61033,63340,68553,72289,76600,83087,88441,102499,169561,200025,138539,151965,145939,154620,167926,174365,188490
6915,55606,56160,56973,60049,62068,68351,71357,78063,83272,87968,101881,119076,136850,127957,138856,218210,214242,167345,214242,214257
6916,55294,56269,57350,61102,63639,68233,70299,77863,83120,87172,104076,111069,120913,128268,139111,159548,171940,224475,186440,215812
6917,56028,57404,58918,60633,63525,67854,70694,78986,83041,147439,170517,109601,120531,130302,141315,150645,163061,173603,218327,188796
6918,56195,58096,59459,61280,65588,68068,71714,78224,86427,100720,114680,110865,123131,203435,221794,151086,221794,163425,190475,221794
6919,57352,57747,58206,61567,65214,72659,72768,77959,85506,93305,105538,175717,118575,144162,156535,145716,167469,215812,180131,224797
6920,56943,56919,58121,60452,64503,70507,72343,78368,122821,92454,104303,126759,196584,130235,148332,224797,162409,174644,231054,199949
6921,56851,57603,60239,61960,64843,70287,72155,79197,89938,91361,101887,113880,140540,130998,141753,171220,165343,221794,192226,192517
6922,56888,56910,59824,61024,64310,69984,75429,79962,85612,150274,103857,110894,121725,125648,142309,155543,158316,179551,180286,244641
6923,57722,57049,59355,61496,64586,69590,73100,78406,85566,102370,104536,109001,118929,209065,135140,143599,247674,171838,247674,195644
6924,56198,56462,58647,61842,65422,70389,72804,78468,88084,92612,165229,129254,117503,143767,135446,146028,179317,175451,193928,184101
6925,58031,57875,59879,62767,65567,70326,72955,78911,87588,92698,110196,112085,117545,126828,221745,246663,166511,244641,178960,241566
6926,57659,56444,57678,61267,64739,70300,73824,78817,128899,92397,106021,175082,189296,124625,155912,168144,159117,181308,178339,193545
6927,57316,57253,58226,61532,67790,68927,72412,78435,90538,94441,97193,120832,130858,123156,142068,145596,156991,170419,176502,188727
6928,56601,58092,59598,62154,65146,70595,73982,80963,85649,136546,96716,110383,121690,200093,133080,143639,156696,167569,235140,235140
6929,56241,56853,58804,60860,65183,69424,71470,80630,85944,101775,159496,107514,117409,139551,132684,142791,233741,168238,187624,200863
6930,57822,56463,59775,61671,69262,70451,74415,79315,86020,93473,114310,108771,118558,131838,220395,142595,177884,237721,179354,192446
6931,56832,57101,61347,62817,66355,70920,73715,82431,88952,93276,107484,176347,190948,125337,156610,240328,168020,175030,244788,244788
6932,57638,55983,57762,61828,64925,71922,73986,82495,112205,112205,100951,118231,133159,125177,144514,168843,158117,165856,192540,194609
6933,56018,57602,57836,62841,64270,71917,74543,79984,89510,94913,101860,111276,120746,212966,137002,146883,160208,168860,183232,197788
6934,57067,57745,60296,63586,65087,70121,72477,82086,87549,132962,102051,110655,119652,147709,138177,148192,159624,244788,184213,187079
6935,57193,57620,60541,64382,65661,69858,72368,79571,86184,98488,157246,110664,119580,128237,138622,147866,254694,180052,177085,254694
6936,56258,58354,58980,64185,64918,69674,72311,79671,107251,94556,111023,169151,132883,128097,231302,148218,173030,173636,252252,200736
6937,56561,57706,59592,62724,65213,68523,72932,106826,86950,90486,100044,120503,179888,127362,160250,252252,161563,163318,184490,185637
6938,57810,56721,58123,62633,65927,68761,72224,82511,86083,134956,102375,112437,130588,183292,139650,170176,162293,181746,186074,255780
6939,56670,57889,59135,61808,65849,69874,73541,80866,126316,100466,104375,110809,122113,140510,142000,151238,164308,252252,178877,205253
6940,57090,58119,59517,62760,66027,70611,72776,81755,91456,91893,161040,108458,117495,131316,138844,142762,154037,182100,255797,189583
6941,56957,57492,59508,63720,65976,69083,72111,77758,86650,91991,113097,172566,114875,125031,132853,142690,253341,175752,188187,186923
6942,57921,58482,60759,62417,65952,71020,73443,79606,86446,100081,104732,123054,187363,202584,220251,141877,179144,166905,180232,189523
6943,57150,57435,60455,61672,65614,71183,72531,79265,86047,152140,104510,112500,133893,144940,156077,237687,167845,166251,181273,262818
6944,58712,59028,60557,61835,66924,70114,79160,83623,86925,105795,103589,109401,123603,130521,140370,168929,165376,183917,178952,221460
6945,59460,59895,60933,63618,66041,71872,73854,84126,104227,99027,104775,111168,119463,125069,143718,152681,157837,259146,295612,199833
6946,59016,59774,60274,66003,66392,70835,72850,81812,90400,94174,104608,180660,118209,125739,136478,144719,158610,192360,200412,186277
6947,59716,59216,61011,63124,66579,70478,72898,84712,87903,93906,167201,119379,198624,213121,137290,146128,159850,178290,185574,188020
6948,58489,59047,61126,64969,66712,71449,73135,79699,91743,94641,111835,111942,135231,145381,230410,156975,251554,171457,175061,212042
6949,57246,59490,60301,61712,67173,70859,73553,88603,113334,93435,106713,107782,119285,125444,156006,251554,169951,170132,173647,196626
6950,56996,58636,60009,63739,66957,71008,73779,85024,89832,105499,103675,108258,116699,124216,142769,166886,156797,171857,172812,289305
6951,58549,58740,60319,63832,66465,71462,73022,82769,85835,94327,105082,177329,115869,123823,134487,144170,155556,160504,171255,207105
6952,58177,59160,61096,60722,66509,71171,73306,81744,85363,136336,101332,115303,136336,189521,132626,143672,154412,266855,281481,191618
6953,57645,58328,60635,62000,65953,72795,72351,81792,118083,100343,118083,108268,128964,139319,132702,146748,174142,182626,203195,190542
6954,60802,58887,61153,63613,66289,71966,72144,83655,89189,93659,101176,106823,199321,130152,215670,142946,253418,169260,178247,188840
6955,60419,56334,59819,64392,66242,74543,71845,84032,86316,90990,156160,107484,136204,123290,148133,234256,174115,165823,175589,186858
6956,58002,58704,60964,62355,66118,71391,72403,84465,87853,145761,113183,173124,122016,201104,138559,160587,163431,164123,179469,282121
6957,61108,60262,59938,62137,67279,71288,72940,84055,87171,100634,102365,120004,117305,138676,139741,151238,153774,215670,179740,208878
6958,58414,59706,61003,62606,67619,74272,73664,81953,125603,93683,102515,109711,114630,130322,173981,142370,153004,174492,283893,191062
6959,60208,58506,62158,65499,65572,71550,73449,81954,91952,92814,104053,110289,115269,125764,140550,141959,154203,164182,206659,193338
6960,59395,59012,60974,62579,65719,71731,73889,82561,88020,92773,160032,175085,189479,123657,140527,242433,259523,286065,180503,191472
6961,58743,58761,61023,64385,65136,76877,72511,83047,86394,94623,106649,119007,128239,198078,214764,164492,175373,190589,176140,188184
6962,57409,58621,62395,62682,65470,75672,72749,82598,87012,144787,104125,109329,120498,136787,148336,147665,161312,166620,175734,187228
6963,58970,59327,61811,63932,64771,75450,72419,84604,86610,99079,101117,108181,117636,128522,137863,139631,158574,164257,175076,271117
6964,58098,58484,61279,62957,66357,73530,72277,87103,89443,94567,101253,108471,125036,122656,137162,138697,158907,161234,268825,198557
6965,59353,60545,61790,62715,65518,73598,71699,85933,122492,92752,154294,167976,194316,194316,181636,228321,159378,162454,196820,187240
6966,60141,58752,62933,62925,65771,73769,73316,83390,93277,92408,112198,119506,135034,137409,146477,159718,246077,271117,183730,186668
6967,58438,59077,62647,64543,66321,76702,71486,81633,86916,143658,100848,112596,121403,128188,137846,147194,184508,186008,174931,269988
6968,61844,60336,59524,62162,66185,76951,71923,80829,85441,100576,102333,109850,121494,124872,237421,146728,164047,171263,179942,205598
6969,59567,60244,60971,62145,66198,72959,72504,81723,85799,94546,103137,110494,118515,205493,165753,200909,154980,159700,181174,196526
6970,60124,59922,60989,62524,65706,72582,73794,81101,86252,93594,162391,177466,116900,141794,142154,163852,155556,161440,287973,194541
6971,58629,59353,61622,62929,66299,75811,73072,83078,126275,95694,107152,115837,188102,125227,132865,144594,152536,164735,192474,191232
6972,58817,61283,61258,63166,65475,77099,73508,85598,92870,95684,102423,109967,130293,123408,133334,147883,254710,288498,179426,190669
6973,58788,61415,60540,63059,66176,74341,72365,80585,84967,145037,101939,108793,120551,121995,131780,235633,175050,193938,177173,273316
6974,60395,61244,61080,63101,66992,73714,72184,89671,88463,101507,103149,147864,118181,201823,133440,160716,164745,164899,179263,206111
6975,59666,61041,60855,64483,66465,74291,72230,80886,85891,93401,127142,116066,121056,139711,218388,152524,153320,162995,178431,193266
6976,60639,62141,60633,63736,66778,76434,72339,80411,84650,93094,107337,109515,185764,130150,149222,141753,151761,161087,176825,188723
6977,59056,59259,59247,62763,64733,72554,72744,82153,122440,91260,100482,166658,127954,123013,136825,140553,148737,165630,263484,184802
6978,60215,60373,60947,63638,64457,73231,72273,89100,90854,141080,152539,118480,118368,191126,135792,224321,242534,237172,195166,264655
6979,59131,60966,61306,63559,66794,72769,73345,80739,86017,100064,112479,113099,119361,144854,225360,169681,181760,175817,185300,209984
6980,59494,59952,61062,64087,65677,75917,74090,83668,85340,95741,102452,107786,198064,129230,161019,146738,161824,159646,178461,200301
6981,58877,61349,61076,64535,66975,77355,73520,81576,87675,94947,102830,109230,139362,125795,140679,149846,153527,159740,180249,194909
6982,59848,60748,60480,63958,66346,76055,73608,81577,118408,94142,103826,175855,122472,175855,140706,141979,154382,265465,287763,193577
6983,60788,60618,62781,64073,65749,76772,73766,92588,89713,94671,160803,121605,118860,131712,141055,242077,261516,189289,195003,193915
6984,59360,60127,61630,64435,68023,72110,74580,82486,88712,139534,110276,113157,118639,125734,143661,165057,183418,178108,184259,196900
6985,58635,61605,60889,63703,66144,76139,73429,79225,87294,97210,102708,109602,116774,198329,132143,154381,151098,166023,170392,275452
6986,59407,61095,62169,62728,67897,74118,73705,82299,85074,92894,102138,107636,168511,135502,210499,140560,149386,165189,175597,198998
6987,59138,61125,61470,62286,65841,72851,73064,79812,107148,93826,100558,166350,126146,127237,156523,139132,147717,168157,176021,186232
6988,56697,57036,61952,63790,65970,72778,72524,94974,86969,121803,153245,119553,118365,127383,135732,225060,245230,252200,267728,187584
6989,57914,59216,60479,62468,64405,72088,72590,82200,84721,98607,111623,112734,119108,166376,136599,170222,182670,186034,195133,187385
6990,58240,60438,60986,62418,65971,72187,72604,77648,118816,94644,102847,104648,189256,131784,163264,146121,154935,170913,181853,264019
6991,57673,58116,60787,64260,65778,71603,72130,77918,86156,94447,98836,170129,126040,121843,138339,144297,150987,171795,176387,200019
6992,58957,56242,60500,63505,65157,72090,72299,98703,83982,141559,101352,117240,118815,196429,233154,140185,149742,169313,176979,187221
6993,56328,57507,61409,63076,65123,72829,72056,80758,83064,97264,168267,111220,117982,134855,157909,233154,258656,177583,176823,187807
6994,58337,55807,59974,62720,65761,72767,71045,80324,127030,92355,109370,109483,164458,124192,134173,157909,170968,255625,251349,251349
6995,58796,56231,59593,63290,65495,72805,72228,78227,89636,90271,102084,108768,122005,159682,131480,145292,153216,183447,178969,191006
6996,55987,56773,61053,63325,64861,72937,72264,77914,83539,144888,100932,168291,120474,128231,132397,142426,152914,173624,174573,188343
6997,55741,58856,61017,63376,65355,69641,71472,104068,81209,97835,99413,118582,142365,211378,230978,199645,150789,159031,230978,230978
6998,57329,58276,60905,62584,65740,70190,71733,79585,96846,91483,151280,111684,122912,142729,154507,156127,226156,160166,181121,194691
6999,55911,56395,60572,61799,64125,71413,70070,76263,81965,88384,105614,105809,178314,122339,137258,145975,159323,236663,172331,178819
7000,56995,57579,59722,62255,64542,69239,69358,76334,119615,92114,101230,178150,133767,126638,139412,151574,159635,172354,210887,210887
7001,55664,57096,59815,61238,63189,69472,68914,81652,87670,139708,100158,116345,118521,125673,137093,210887,156654,164931,208738,208738
7002,56365,55872,59725,61678,64222,68231,69821,94857,84543,97029,162372,111152,117080,210172,135953,153779,210172,210048,183542,210172
7003,54477,55713,58865,61179,63975,68147,69892,77683,84257,91566,108821,108855,129198,142877,210193,147380,166920,170296,210193,210193
7004,54098,55074,59606,61058,64453,68162,69440,76660,128402,91397,104596,109639,192356,127171,153001,210193,158836,167151,183471,211247
7005,54174,56955,59651,61671,63902,67713,69693,100314,85494,140102,104490,181100,132460,125752,144233,153326,213189,210172,213189,213189
7006,54097,53866,59548,60840,64665,68655,70312,81698,83519,97199,104566,116211,118361,124968,138154,146562,167004,168782,184399,213406
7007,52548,57488,59236,60963,64516,67357,70260,77260,83225,91955,104293,110517,116721,212222,137990,147321,159008,211247,212222,212222
7008,54193,54178,60330,61849,64586,68137,70114,76180,117106,91500,127925,108592,116379,142660,210992,212222,166731,171602,182640,210992
7009,53642,56738,59363,60866,64004,67842,70036,85637,86671,148622,106396,108940,191225,126563,152350,154070,209554,213406,209554,209554
7010,53231,54351,59111,60459,63330,68591,70072,76343,79898,100159,102492,173502,130284,124085,141560,146536,165723,169261,181053,191763
7011,54793,55991,58808,60300,62711,68760,69797,112090,87702,91870,153132,117109,119629,121073,134208,149469,151472,180509,198573,198996
7012,54749,53415,58813,59891,62805,68025,69075,80461,132762,91952,111540,111544,120283,199855,140406,198382,199855,209554,200073,201543
7013,55372,53975,58387,60335,62725,68909,69271,75194,92326,93558,104521,108777,120156,136951,200340,157891,158617,176390,200818,202489
7014,53753,54322,58447,59664,63846,66922,68835,75866,83012,92575,102924,125351,186065,131527,149045,149480,203285,163400,203285,205401
7015,53483,55519,58882,60524,62879,67251,69327,76558,82429,145712,103334,126125,131464,130601,143782,203285,164082,199855,205213,207048
7016,54818,55450,58832,61169,63634,67475,69613,93457,83011,101090,158428,113689,121833,127164,143318,160922,163043,200340,180297,206141
7017,54446,56812,59463,60563,64317,68234,69802,78350,108735,96009,113425,178997,120686,213143,144485,152197,213143,175518,213143,213143
7018,51719,56521,58781,61294,63647,68819,69240,76902,86902,91623,104732,117226,118936,143415,213394,147250,167371,205213,185396,213394
7019,55428,57410,59105,60348,63741,68658,69728,110171,84719,92453,105170,112138,141067,130486,154499,213394,157667,176933,214188,214188
7020,54068,57883,59998,61202,64080,68440,70794,82237,119928,142391,103889,110293,122965,129372,148259,155934,215771,181197,187193,215771
7021,56195,57446,59386,60739,62771,67617,68902,75924,88675,97439,99867,110370,196292,128918,140100,149032,168373,213394,215382,215382
7022,56099,57834,59553,60684,62819,68684,70027,75390,82801,92393,165402,180370,134393,129523,139817,149365,159365,169494,187177,214633
7023,55775,58637,60130,61011,63058,74092,70268,75558,81844,92390,109868,119681,120452,211070,138508,214633,157724,168813,180584,211129
7024,56604,57035,60245,60798,64028,70029,70146,85671,121409,94027,107118,113782,119662,146553,214309,154647,214309,215382,214309,214309
7025,55062,55939,59856,62216,64837,68886,70090,78953,91450,146435,104347,110410,121519,130128,159330,149633,172698,170698,190189,202173
7026,55928,58226,60761,61926,64452,69173,70713,102823,88221,102081,105157,111956,123425,132589,143860,151434,164091,211070,223688,223688
7027,57481,58960,60906,62101,64355,69274,71046,82343,87169,95898,108066,112694,210203,128413,138234,223688,159876,170782,196938,199471
7028,56521,60071,61187,61869,64459,69895,71397,80170,85558,93972,104046,183412,138481,130270,140729,168848,234969,172483,185853,190427
7029,58711,56290,60943,63301,68032,71419,74390,81739,89490,96625,174727,130525,129170,224354,151140,151169,191325,223688,191430,265954
7030,59231,56476,61332,63834,65985,70507,72409,80568,126812,94907,116401,115537,123894,142006,143437,152302,167826,184669,193868,211461
7031,58887,58780,61486,63897,66566,71152,73443,79802,94325,121757,106343,115202,121936,130386,236888,144698,159566,174035,283950,202002
7032,59058,58797,63817,64138,66985,71453,74438,81219,89636,102432,104194,115594,122471,131625,164983,216420,164058,178216,208583,197710
7033,58723,58769,63096,65449,66151,71130,73957,81525,88056,96207,105516,112367,120172,127491,142555,164983,155443,274454,182535,197347
7034,58375,61105,63457,63728,66431,75031,73922,82071,87938,95854,104947,112064,120627,126325,143157,151743,156440,188716,182091,198517
7035,59034,60902,59977,63302,66234,76107,73881,90321,88572,125889,104632,111229,134792,124729,133931,145242,251179,178708,166827,179444
7036,60425,58753,61236,63775,66031,70601,73754,82349,86973,99902,106302,175539,161203,203104,135601,142009,179379,167056,179891,282946
7037,59563,58593,60832,63298,67714,72967,74487,81917,89534,97261,108269,127963,130927,146978,140068,239739,171370,167205,186779,218703
7038,60212,58235,59871,63317,66688,72388,74088,84700,110741,94820,171052,115400,122531,131295,236428,172772,162764,162011,177630,205161
7039,60349,60913,61759,63613,67943,74349,75440,86328,90878,111382,115246,113130,118828,127234,163649,151176,161945,166451,307286,191537
7040,61510,59887,62643,63561,68113,80143,75684,81986,88295,99434,106308,114688,191230,126541,143626,143923,154906,300174,209176,193358
7041,58190,62122,63248,66151,67472,77518,74336,82713,88911,97794,106732,112863,132394,210398,135628,144820,165165,190595,181882,196107
7042,58775,60526,64243,66255,66339,72101,75402,81257,87952,154190,107004,168058,128218,147089,138686,145897,280386,164982,185569,188923
7043,59070,60795,62425,63193,67878,77397,74636,83147,133876,106894,104254,121349,121802,129816,139868,256118,173558,166341,177697,337561
7044,59021,61404,64630,66003,67779,72812,75022,83552,95385,98747,105257,117046,123428,132586,142158,159706,163465,165943,178684,228366
7045,57987,61493,64448,63512,67795,76736,75152,80785,87259,95951,104824,111625,123232,126906,189724,152842,154389,171423,178212,193840
7046,60935,60434,64391,63557,66525,71510,76174,80597,89163,96499,138146,112020,160453,125979,152532,144243,155135,162570,177820,192898
7047,61059,60525,64378,65994,66986,77238,75186,92661,86333,94483,109286,110878,123127,198724,138974,145012,150722,243493,272615,186888
7048,61064,61169,63898,64815,68192,74536,76100,84318,89002,96291,105198,185884,123284,140189,140694,140761,153256,178692,206042,190190
7049,61092,61427,64895,64771,66946,71838,76538,81153,87804,97126,106564,124042,149191,132859,225364,238362,263103,166006,180922,191728
7050,62228,60588,64202,65859,67871,72682,75026,88238,87727,99086,123700,114909,127821,129256,158145,164467,186379,161183,184854,200206
7051,61839,62743,64490,64592,68451,74173,74855,88981,88219,144297,109071,114447,123332,129651,139809,158630,160516,258732,174222,188446
7052,62291,61012,63907,65891,68468,73560,75036,87746,123747,101482,108044,114586,199752,219430,140001,149047,158947,191684,174573,188084
7053,61848,63984,65019,65258,68986,74019,76108,81533,91992,96676,162333,109064,133398,136602,136153,148202,154806,171249,192060,181863
7054,62088,60989,65587,65858,67455,78975,76425,87391,91879,100018,115376,116396,124396,130429,141027,143743,163109,170608,338082,338082
7055,60880,62871,65493,65430,68481,74168,74557,88321,89029,98900,107929,187297,123693,130382,187297,261714,152573,162304,206378,226048
7056,63211,61865,61555,66373,68839,79130,75143,88793,93058,99443,104976,123990,124550,132191,152962,163006,269368,157853,179203,195753
7057,62331,62699,62863,65969,68857,76601,76592,86686,94050,99787,104945,112465,122036,129012,143544,153083,180908,285222,179224,195447
7058,62795,62679,62538,66462,69615,75594,76587,87463,91960,98858,105005,112436,121752,208039,135226,146026,163567,189461,178741,182292
7059,61039,61727,65384,66139,67615,72136,74872,79350,87948,95680,102659,108268,172269,132087,204133,145130,145491,166983,164844,172299
7060,62156,61846,65261,66720,68716,73282,75688,86375,87432,151771,151771,112823,134186,127543,155399,135963,156992,165827,181200,184462
7061,62792,62615,65498,66037,69021,73844,75651,86391,87561,105822,112994,119193,123014,128151,145653,245704,158151,164912,182347,185674
7062,62523,60412,65228,66399,68283,75394,76348,87768,107364,97990,108175,181977,122908,129343,139245,168722,275113,153430,184983,300474
7063,62386,60157,64052,65883,68345,74348,76048,86524,90783,96349,107103,120734,122302,214764,138090,148546,182235,267192,172261,216888
7064,62829,62675,64168,65459,68001,73720,76092,86523,90888,98610,107649,113655,198012,146648,235459,145563,160174,183592,299656,188577
7065,62256,63780,63927,64931,68581,72246,75791,85660,88669,97066,105940,112031,133230,126611,154061,148595,154053,171635,193522,180564
7066,62613,62827,64571,65433,68010,75638,76324,86880,90083,97504,108337,115726,123770,129567,147355,143288,160040,168590,186920,188931
7067,62374,63117,63289,65993,68270,73062,76044,86501,122840,98526,155156,115070,122393,128910,139082,253595,158037,169834,173474,185970
7068,62160,61270,63957,65909,68548,75174,77195,88209,93515,99447,115970,116927,124021,131394,141868,169196,161428,157266,178608,191378
7069,62688,61848,63901,65837,68283,75286,76342,86947,92245,112554,108452,189557,124461,226836,142387,151668,154255,275393,178152,316378
7070,63058,61834,64762,66680,68363,74260,75580,88154,92153,98893,105448,123319,125204,141744,135553,144376,268165,186375,178981,212656
7071,62925,61006,64085,65940,67950,74492,75592,86944,89828,100286,103735,110102,196868,128957,215935,144822,169807,174561,274701,185331
7072,62490,62499,61598,66090,68553,73466,76388,85358,90566,115310,103611,110209,136200,128771,146908,139838,159240,166094,199820,185864
7073,62955,61358,66003,65209,66708,71603,74676,82226,88343,97397,102432,108373,121666,127032,136238,236216,155176,164887,180798,182439
7074,62196,60809,63662,66072,67052,72396,75680,82570,88369,97108,164053,113972,120978,128081,137186,155067,157947,158460,182326,185921
7075,61572,61369,63900,65259,66709,72845,75571,82620,87864,151408,112071,113413,120765,212480,136922,146482,157345,276642,181179,184765
7076,62470,63110,64090,65883,67838,72186,75986,81984,97995,106185,108393,181124,123068,145794,235328,146161,274736,181366,184370,325547
7077,62617,62189,61486,66018,68355,73277,75828,81761,88318,96822,105593,118582,120489,126733,153049,147837,176266,168659,173103,209372
7078,63118,62897,63192,66200,69183,75145,76919,82193,115700,97744,108154,116327,198036,129493,147000,240276,168705,166427,303056,200526
7079,62672,62186,63407,66096,67314,74827,75562,87774,92241,99946,107230,116175,136696,129791,139011,170740,159820,169407,201278,188444
7080,63439,63301,63727,65940,67942,74456,76800,87246,90160,98012,108419,116314,124114,130434,139432,149407,158684,163691,186332,187458
7081,62698,62373,64538,66175,68212,73621,76160,86925,87801,98076,107861,116303,123613,217917,138836,147115,158054,303056,173765,186509
7082,62680,62566,64754,66501,69176,73464,76006,86904,88665,98311,166826,115885,123598,139566,138550,146620,157972,186940,173328,186234
7083,62849,63328,64821,66415,67870,73977,76398,82855,88593,98427,113474,179841,121798,128488,233987,146522,156374,171548,171737,184567
7084,63621,63624,65189,65523,68759,74007,76058,86761,102085,97737,109365,122192,124150,130510,160704,233987,283345,161711,221589,337170
7085,62171,62069,64087,65208,67988,72035,75545,81909,87312,142392,107448,115289,197152,128777,137779,160704,169948,161588,184401,218699
7086,62165,62168,63926,65648,69323,74672,77280,87780,90967,103550,108627,117224,139896,131004,141804,148003,163913,159949,178062,193037
7087,62564,62609,63481,65403,68546,75034,75596,88243,118758,98763,105402,112169,124660,227967,142313,151633,154266,171611,318744,192405
7088,62915,62969,63950,65257,68931,76371,76391,88487,93599,98496,105648,111606,125158,142540,143147,143996,155218,275527,196766,194455
7089,63719,61916,65039,65166,68054,74986,76204,86306,89909,98334,103628,110488,118615,128313,131358,251064,148881,192823,171365,173472
7090,64557,62849,65510,65740,69473,75015,76017,88682,90936,97960,125381,184231,124208,131023,239694,156854,257865,165941,175896,187622
7091,63055,62772,65124,66040,68561,75364,75482,87627,91087,97948,108399,123055,124500,130856,160756,149797,172801,165321,175899,187650
7092,63419,63220,65168,66764,69742,75464,76172,88419,92264,99210,104392,117268,170582,131020,141471,148075,163108,157854,176471,190026
7093,62750,62542,64449,66068,69142,74805,75158,86529,91379,100925,158002,111506,129141,130600,140873,149456,152641,163197,174846,309373
7094,62262,63048,64902,65589,68808,75509,74744,87585,90851,145720,113826,111153,123396,221201,140227,142683,152440,281276,307550,206781
7095,60527,62136,65235,65185,68333,72225,76460,83008,88284,99654,105069,108889,119650,132965,134790,240466,146512,191153,190324,180216
7096,63539,61839,65487,64729,68720,73770,76866,83079,87860,97476,107582,180302,142236,128087,138322,152494,272700,163367,184824,185819
7097,60844,61974,65179,64534,68419,71877,76677,82878,132435,96833,106873,120541,126358,128309,236250,147281,183649,163293,184079,187641
7098,62032,62533,62547,65100,68175,72131,76585,83099,90445,96964,106930,114734,198604,128177,158327,147711,159542,156172,172994,185987
7099,61730,63192,61871,66766,68228,72719,75541,82185,87409,95557,105295,112117,133998,128080,137302,148646,156369,251268,171288,323623
7100,62417,61889,63911,66421,68774,72192,76223,82159,87562,97146,163468,113500,122174,214375,137253,233131,157894,185743,171143,216516
7101,62952,61521,63170,65197,68190,72821,76313,81481,89029,132746,107448,108189,116634,136496,131381,156556,150671,169430,272636,185769
7102,62682,61490,62863,65170,66920,74075,74367,81281,88049,101143,103738,182319,121063,129144,139531,140469,252646,159585,201828,186520
7103,60992,61835,64753,66535,68275,74468,75341,82164,87881,97054,103812,120761,121637,129396,234113,142567,172680,158925,186934,187304
7104,61435,61138,64989,66092,67890,72665,74435,81427,88460,97583,104115,115026,155396,129790,159292,143057,159996,250630,176192,188240
7105,61725,63285,64771,66110,68357,75434,75738,82986,135055,98056,104429,110423,129349,186477,140588,235974,159554,184633,177098,189998
7106,61819,62853,65421,66209,68640,75992,76285,83215,93424,97775,157013,111500,122838,138721,140775,160435,152918,170757,177235,190337
7107,61600,62046,63678,66685,67949,73710,74139,85487,89990,139026,112302,107855,130174,126345,136272,151467,147101,162280,284135,284135
7108,62653,62631,63282,66857,67414,72200,74406,87103,91026,101381,106358,179074,212670,127433,137158,137628,269887,162816,199640,216459
7109,59866,60869,64365,65324,66715,71853,75867,81803,90796,95858,105373,119527,134765,215192,181179,195649,184919,282927,184584,201570
7110,60702,62264,64634,66053,67220,78601,75347,86453,87537,97329,106029,113172,122241,138479,147365,156569,158728,178231,175439,189196
7111,63308,63521,62029,65613,68068,73976,73832,82990,90882,95517,103262,109228,121282,129602,139739,148795,158187,168779,176242,190931
7112,59850,63534,64720,65185,67619,74608,73795,80144,86303,96888,155087,109372,121288,129406,203241,168963,157956,169220,176366,188961
7113,62204,63540,64075,65201,66611,74362,74253,83878,87987,138884,110844,176717,118973,125813,143635,149342,153793,160868,170574,180475
7114,59534,62693,64783,64718,66911,74458,75079,85781,91901,104249,105624,123453,118944,125728,135985,225542,246940,161615,292089,320568
7115,62018,62415,63520,64944,68424,75423,75177,84190,89090,96275,105396,112412,192494,208951,138286,164701,165341,282777,196684,211035
7116,61444,62937,62021,66339,67960,72084,73175,83831,95928,94241,105411,113143,131376,141362,223957,144852,154608,178756,178466,195187
7117,60151,60023,62152,65496,67953,71068,72323,82711,86987,95112,104558,111820,123385,131619,150496,144026,153296,167269,176895,180727
7118,60678,61933,62373,63056,68364,71780,74392,80279,125399,95257,157675,111997,117796,124005,140495,221536,153763,164680,175177,178946
7119,58367,60874,62288,65470,67899,72636,73779,79455,91904,139799,112693,164391,116011,121202,137737,161724,244412,164186,170821,182731
7120,58745,60953,63174,64123,67686,71857,73725,79914,87675,102426,108052,121678,121251,199101,139249,146347,185569,283801,298490,188022
7121,60391,57963,58371,64300,66876,70830,74321,78924,84249,96216,102671,112989,197823,135147,138103,148381,158714,190910,201809,297350
7122,59756,61799,62986,65205,67053,72708,73969,80699,86430,96106,102675,112795,134957,127854,232592,147193,156492,167442,185715,215824
7123,59595,58975,62593,65844,68080,73398,73273,81379,89453,96116,102345,112883,121957,128254,158537,253267,157547,170314,178379,205710
7124,60862,61864,61413,65245,67887,72764,74712,80467,120772,95554,166289,182677,119340,213077,137616,158537,156245,160772,173387,185912
7125,59004,61925,62454,63605,66993,72361,73917,83345,87881,134464,108198,117066,116059,138354,136990,146350,259750,161176,169953,179765
7126,61306,61021,64241,64191,67379,72682,74084,83472,86812,101930,103949,110245,135247,131435,134903,145247,179303,163366,190817,182412
7127,58926,61087,63317,64343,66519,73166,74867,83961,87834,97337,104121,110760,146833,126858,136272,143673,161970,274453,285631,185952
7128,58313,61331,61622,65237,67473,73160,75302,83941,88312,95892,104437,110813,125762,125187,222860,143121,154097,178150,196159,289353
7129,58216,60529,63487,63820,66358,73409,74577,82607,88980,94238,104131,110069,118650,201415,150059,243307,154713,165147,176964,203841
7130,57862,59145,62971,64989,67953,73185,73445,81677,124048,99705,123963,171203,185600,137302,139306,162023,154154,163253,176490,190612
7131,60951,57721,61720,64316,67089,71052,72904,78906,93348,139122,105194,117101,127288,128435,135669,150246,242372,164609,172060,182940
7132,59270,58510,59770,63079,66433,70849,74146,79061,86270,100372,128887,113868,121010,127399,136662,146894,181727,282636,174879,187723
7133,54495,58556,60575,63707,67336,70123,73315,78403,84752,95485,105204,111202,118649,126852,226547,147004,156011,189511,268001,268001
7134,57961,58325,62689,64802,66905,70422,72957,79084,85670,95837,105408,112261,195668,212465,157444,245075,158420,167450,197707,199835
7135,55200,58257,61476,63816,66886,70803,73748,78565,83971,95787,169869,184891,133896,145893,137616,171679,159350,168796,188023,190611
7136,55448,59373,60481,63090,66876,72090,73520,78413,128201,94787,111670,118684,120974,127285,136265,148442,249477,167130,172733,186450
7137,56002,59233,60798,64384,66413,71015,73093,78702,91740,135384,102192,111478,116292,124609,133137,146601,164032,170318,168117,182801
7138,58619,60328,60553,64820,65728,72210,72325,80988,84535,101280,103117,112205,118733,125102,162194,142878,154144,161312,264570,264570
7139,58203,59047,60371,64020,65113,70602,71800,78815,91911,93901,102450,111455,118343,199814,140567,144030,152507,272955,189252,201746
7140,58937,59139,61675,64799,67331,71831,73802,81147,89060,97505,104486,112923,189003,140876,241853,235356,156127,177768,181481,194805
7141,55222,57589,60426,63407,64560,72064,72184,78585,88696,95978,102105,170932,128084,129546,148125,166365,253278,166072,176106,186818
7142,58871,58403,59536,63659,65506,71094,73078,80122,84907,144232,157178,119774,121788,129544,140001,141657,173784,162557,177097,253677
7143,58004,60103,59407,62884,64821,71282,72138,79119,119676,98924,110083,111989,119925,127536,136828,141990,157249,166859,243546,195944
7144,57920,60078,61440,62291,64539,72845,74056,79784,91560,95720,106345,109736,120551,212617,138865,138885,159833,253278,197368,197993
7145,56915,56979,60162,63647,64664,71410,71123,78677,84773,91774,101332,108841,191362,144022,137466,251194,156390,183608,180683,188740
7146,57708,58922,60709,63605,64621,70039,71455,78609,85046,92061,101761,178134,134233,129468,227344,167396,158595,167547,182053,248767
7147,57050,56700,60020,63810,63612,68711,71006,78264,90709,139264,164476,118376,120393,125940,155527,147128,244071,161454,179910,195538
7148,57548,59037,61316,63066,64695,70865,71623,78560,129433,99668,110889,113061,118750,126083,144400,145730,178719,159770,246411,195741
7149,57606,56930,60472,64073,64868,70403,70984,78603,92518,93792,106240,111047,118524,177308,136109,146160,158414,248767,193381,185424
7150,58288,59437,60485,63351,64906,71375,71134,78665,85596,94447,100794,110945,193507,134187,136802,146454,156602,179449,182790,249733
7151,57874,58244,61116,62199,64156,69490,70815,78182,83564,93853,100263,175320,132250,125335,135934,249733,154956,169448,181384,195933
7152,55820,57255,59915,62796,64485,69783,72045,78037,84341,139766,100836,123425,124416,192008,226336,167837,247418,160062,247418,194907
7153,56624,57321,59709,61977,64341,70801,71313,77046,82884,98119,161364,111579,118996,140324,152183,149740,174598,249733,189061,183292
7154,57420,57640,60407,62878,65793,69105,71064,77565,127024,92937,110087,110058,119696,132158,142393,144145,164195,180613,179393,241339
7155,56720,56121,58665,61836,65318,72364,70716,107845,90670,95040,104603,108495,115812,125148,135925,144792,153923,169522,176185,189082
7156,56647,57634,60573,62634,64256,70429,71171,82405,86814,93169,104522,172634,187132,126453,142540,142081,154635,156224,240490,240490
7157,54729,57508,59598,60785,63438,75234,69870,76525,81484,131673,102565,117828,126629,194709,138872,240490,150657,241339,183253,187398
7158,56226,55928,59431,61777,63160,73132,70113,77357,86799,99795,133596,112917,120295,139515,235620,158943,235620,173868,174489,188816
7159,56024,55901,60006,62445,63788,72552,69691,77273,122652,93250,107604,109822,120533,129199,160822,150052,172057,165727,174472,236308
7160,57143,58104,59340,61515,64859,73754,70526,78163,91935,93838,104705,110773,122288,131923,142275,143454,167304,161261,251183,209535
7161,55109,58564,59702,61074,64088,69165,71100,114029,85927,134283,102918,170553,201670,201670,140058,144937,153255,235620,175999,188903
7162,56367,57840,58361,62750,64455,70038,71148,83105,85484,102186,162934,120993,132952,140733,142507,239158,245965,171996,182198,245965
7163,57047,56995,60522,61692,64517,68549,70405,78931,85400,93082,109419,111349,122610,131878,134490,166345,174640,167327,242882,193052
7164,57094,57727,60026,62930,65916,69101,70775,78893,94121,92968,104885,112512,123758,127506,135977,144556,165961,218475,192631,195071
7165,56600,57701,60214,61716,65347,70484,70843,77559,93023,92022,101049,109062,118726,123821,220031,145831,154121,178381,174790,178808
7166,55679,58351,60426,61631,65303,69604,70444,77655,102284,147715,104629,170583,118556,201558,150935,144073,153458,166041,174328,238421
7167,56864,56493,60085,61039,64495,75221,70419,76483,85229,100090,121988,118445,195634,136313,139144,201558,151210,225275,230989,188301
7168,55259,57977,60395,62609,64901,74978,70287,86938,100659,93841,108195,113423,136305,129054,139394,157339,232917,173546,186117,232917
7169,46917,47703,49454,50209,52710,63208,65527,77523,87528,95045,126337,120162,142473,153361,168204,149559,218325,164490,218325,259710
7170,46929,48219,48656,51148,53508,56401,65215,115997,87253,88492,101931,109981,118996,129766,140993,184610,169923,195634,186678,201004
7171,46843,47311,48862,50930,53051,55112,64381,74117,127212,138705,117776,96528,106173,114637,131571,155060,144083,171197,156224,171002
7172,46122,47491,48802,51823,52576,55256,65289,70752,85109,97366,97366,182116,113136,212011,231213,131817,158186,313826,276226,185256
7173,46346,47059,49067,51369,52769,55104,64930,70393,76167,84877,165596,114846,193451,144045,156544,251625,156709,186429,196168,272743
7174,46663,46672,49006,52019,52898,55704,65967,111082,76798,86177,107773,107773,133589,126326,145791,170303,274789,153652,186982,200395
7175,46439,47913,49808,52195,52752,55220,57096,75987,118639,139626,97669,104812,122782,122632,132478,145882,182888,170273,172029,186423
7176,47342,49234,50646,52765,54342,56887,66573,67370,84165,100020,93466,184511,118274,125871,135771,144556,161333,168881,176374,189564
7177,47402,48688,50367,51196,53342,56519,63421,80065,93105,85861,146331,112792,110349,198510,128661,148737,152184,170921,253282,176498
7178,47596,49382,49825,51657,54794,55871,66135,120791,112297,120791,115268,109353,196392,149679,231527,139963,160124,169124,200620,275889
7179,47287,48086,49331,50987,54376,56146,66249,78417,82749,92514,98808,98808,134015,126901,158608,251495,159350,172975,184584,199126
7180,47346,48405,50621,52563,54007,55737,65856,71145,77428,87269,93107,182654,125321,125321,147263,172455,159710,253282,174869,187814
7181,46754,47992,50036,50675,53925,55554,64834,71261,120335,141412,168048,116901,114688,124319,134169,147314,159112,198667,174081,187611
7182,47373,48487,50235,52157,54509,56327,65413,70250,83589,95433,110368,108126,117007,215904,136987,146536,279766,172860,279766,279766
7183,47298,48863,49655,52752,54456,56404,66033,111163,75812,86656,92301,98513,114077,146701,134225,149697,185176,171393,200181,202470
7184,47408,48143,50096,52952,54336,56319,65416,77383,120993,130938,93072,186158,200348,127837,237664,143977,161635,170806,188811,191775
7185,47124,47844,50223,51592,53473,56103,65544,69926,82067,92656,169537,117019,134509,124514,159914,259595,160430,174359,175505,187247
7186,48296,49393,50556,51947,54761,56055,66384,82536,79504,88102,111238,109027,127912,127912,138089,160027,163972,160477,179359,191298
7187,47473,49070,49998,52181,54456,55681,66427,92221,123134,145048,94407,101008,117420,218510,137481,151131,160601,285247,176118,190685
7188,48964,49702,51216,53356,55810,58030,66126,76132,85462,96952,96952,103473,119915,153247,140912,147488,164284,188970,179963,291580
7189,48059,48654,50441,52248,54552,55720,58404,66708,76708,83729,92890,164870,108397,123646,133134,150987,144947,175875,262750,192732
7190,48766,49371,51376,52881,54536,56369,60940,115017,123818,85969,172790,120823,200257,128158,216688,132753,280879,163476,204543,202199
7191,47949,49758,51100,52534,54567,56280,62770,73566,84057,144889,111209,108988,137349,120641,150176,256100,176408,167350,188921,191806
7192,48897,48847,50952,52928,53867,56693,65557,70662,76810,98362,97024,103758,122449,120125,140239,162938,166143,157462,181523,193548
7193,47761,49197,50996,52422,53206,56267,66147,116654,125687,85442,96529,176402,113316,204996,140527,153330,153857,200284,179562,193916
7194,48858,49765,51810,52253,53648,57171,88352,76703,86256,85660,98105,122166,112886,143596,143637,140527,156884,176619,183752,198763
7195,48074,49436,48538,51650,53828,56724,66082,70394,76604,138670,165835,104691,198636,124441,132720,143637,157534,166819,172414,301813
7196,48836,49370,51312,51582,53930,57221,67331,71572,78293,99234,106006,104855,135074,123963,235405,143577,160596,286945,308101,218926
7197,48481,48588,50214,51296,54632,56745,60891,112930,121750,83446,94059,170419,110002,196318,148606,257005,148751,198600,186813,187309
7198,48328,49562,50109,53203,54607,56792,98805,79145,85004,123231,95168,120174,111276,150892,137927,148671,257646,171954,178477,189919
7199,48784,49735,49487,51718,54714,56687,63797,68987,75896,95655,157488,109318,111777,128148,137998,150976,176515,172200,178115,189127
