frame_index,5Mbps,10Mbps,15Mbps,20Mbps,25Mbps,30Mbps,35Mbps,40Mbps,45Mbps,50Mbps,55Mbps,60Mbps,65Mbps,70Mbps,75Mbps,80Mbps,85Mbps,90Mbps,95Mbps,100Mbps
0,116,117,117,117,117,117,118,118,118,118,118,118,118,118,118,118,118,118,118,118
1,43515,49522,50015,56463,59286,65564,78150,97468,105396,114399,124821,136888,148368,148368,162235,162610,163386,165075,168674,169897
2,43567,50259,53866,60706,70320,95149,105136,124559,148125,161756,161756,161756,161756,161756,162118,162118,163348,165623,171695,174683
3,44605,48923,53633,61302,71489,97493,115602,138132,149827,164162,164162,164162,164162,164162,164162,164484,164710,165833,173447,179052
4,44606,49781,53605,56300,71531,62710,65057,79031,84834,98516,164132,164132,164132,164132,164132,164598,164608,165929,173373,175543
5,43637,49036,54368,56812,59415,62144,107137,72652,86298,92786,109341,164974,164974,164974,164974,164974,165394,166745,172832,178429
6,45695,49943,53663,56804,58630,61473,67768,72736,88287,96386,103276,113754,165089,165089,165089,165089,165797,167203,172868,178693
7,45885,48512,53647,58313,59809,61998,66321,118474,83180,168434,104212,110305,122545,168434,168434,168827,169134,169828,174641,179880
8,44720,49697,53956,56267,59121,62674,64420,73193,141417,100651,103959,111956,117734,167969,168769,168769,168969,170016,174520,179839
9,43934,49627,55999,58727,60504,62241,65237,74047,86541,94399,104667,131418,169792,169792,169923,170255,170314,171565,176095,180624
10,45652,49426,55572,57929,60025,62537,66146,73775,84785,90161,169820,111740,124558,126766,170165,170755,170755,171404,10,181595
11,44679,50040,55378,59464,60509,64140,111174,75044,82924,94924,111029,171320,118639,171320,171320,171320,171320,173269,175171,180228
12,47941,49687,55411,58864,60645,63922,67762,130993,84115,92116,105097,116299,170867,125615,170867,170867,170867,172826,176454,181596
13,45025,50438,56640,59766,61855,66269,67886,75718,80620,92692,107946,114650,124454,174634,174634,174634,174634,177011,175731,182520
14,47145,51028,56979,59758,61150,65812,67298,76002,145865,106542,108221,114732,120787,127366,174693,174693,174693,177304,179597,182569
15,45718,51123,56793,60043,60809,65864,69711,75043,80013,96847,107801,114367,119411,126693,138262,173199,173199,175774,179187,181182
16,45842,51189,56439,60177,61806,65531,69677,75430,80022,157381,105706,144897,172931,172931,172931,172931,172931,175970,178682,181344
17,48121,52602,57170,60740,61423,65834,69017,75415,86519,99055,107762,113716,124955,127058,139372,175621,175621,175907,178593,182541
18,48121,52422,57386,61225,62250,65530,69182,75707,86151,91942,158639,112971,119650,174246,174246,174246,174246,177900,178147,182038
19,46098,52763,56333,61266,62030,66049,68170,131479,85582,91187,108210,171617,171617,126435,136231,172590,173453,172938,179090,181531
20,48411,52687,56587,60797,61792,65910,74366,83321,143874,91044,105406,114821,123630,125020,171854,172320,172535,173086,175821,181366
21,47626,51514,57623,60553,62435,65299,67883,78037,87840,92243,103662,112908,116737,170158,170158,170849,170823,171791,176447,179997
22,46582,51550,56951,60311,61833,65076,108673,77935,86759,154791,103832,111207,118175,124899,137325,170116,170116,171321,174630,180604
23,49765,52113,56023,60044,61736,64274,73839,84768,83060,101235,107033,113774,168116,168116,168331,168441,168710,170248,176648,180423
24,47151,51103,56134,59978,62656,64682,72653,76262,83045,97291,168252,168252,123076,132131,145791,168505,168688,170764,174629,180725
25,48816,51714,55178,59140,61974,63842,68476,81423,81754,96933,108662,115217,117446,165891,165891,165891,167080,169184,175073,180683
26,48948,51598,55165,59037,62755,63079,68328,82854,138890,93763,105332,112950,165851,130869,141421,165851,167465,170311,174445,180961
27,47325,48281,54833,59809,61453,63107,73134,81331,89586,96979,105884,111257,122312,124380,166704,166896,167716,168142,174862,181121
28,46933,50716,55772,59680,61597,63415,66909,80242,81707,97857,105017,112332,122643,165428,141952,165428,168252,168757,174256,181343
29,45075,50286,55246,58837,61601,64542,67755,75132,86126,96869,107014,166474,166474,132900,166675,168240,167407,168463,174091,180595
30,45128,50166,55606,59750,62238,68664,71864,76653,81927,151680,106779,116048,123233,166627,166826,167620,167972,169068,175151,179751
31,44513,48331,55131,58587,62246,64554,68031,75686,80735,101887,104353,112947,122194,132623,145653,167007,168549,168073,174227,179053
32,45685,48513,55318,59681,62180,64428,65922,107203,139455,92926,165472,111635,141005,165472,165472,165428,168013,169669,175661,179129
33,44547,47786,55497,60263,61531,64689,75898,74000,89449,96503,110714,170340,124030,134957,147396,170870,171234,173011,174947,181783
34,44692,47797,55519,61350,61793,63684,67737,76780,81115,96628,105448,117318,170889,126425,172068,172778,173627,172367,177857,181208
35,43941,48527,55866,61548,58806,63844,110729,75592,80910,96863,104739,112833,125642,171484,139260,172057,172057,174041,178369,181132
36,44716,47629,56356,62028,62922,65480,73992,111217,80819,92339,104802,113177,117838,126594,171402,172078,172143,173865,178766,181768
37,45102,47279,53987,59145,62670,66217,68554,80112,144017,157135,104717,112126,118453,172337,138117,172773,173606,173866,176489,180694
38,47044,48751,54038,58084,60146,65330,68525,74790,86055,100093,113603,171883,171883,125706,172032,172307,172320,174606,175889,182046
39,46129,47840,55102,59403,63918,62933,67879,81410,78576,95291,132701,115293,124261,173032,139711,173316,173680,174780,177405,181029
40,46180,47755,55063,60219,63222,66073,70740,80220,77671,90178,104794,111924,119039,126422,172714,172714,173370,173940,177405,181046
41,46706,49506,56030,60438,62531,66076,68041,77069,86612,90980,105126,112580,175852,127091,138981,176606,176703,176954,176448,182562
42,44154,49231,55435,60122,62229,64516,67940,83400,92340,92169,146520,111737,126549,175189,175189,175189,175199,177430,178828,182785
43,46438,50188,55803,62902,63474,70728,68670,76262,114862,162059,105250,178041,120964,128572,141379,178964,178964,179626,178957,183210
44,47264,50225,56015,60722,63626,66283,70155,124229,81210,96666,104590,113102,120524,149242,178392,178811,179046,179948,180085,183148
45,51120,52090,58401,61029,65304,67079,69065,78896,85615,94699,109926,114066,180376,129279,141523,153911,180376,181335,180690,183912
46,51111,51865,58828,60658,63501,67152,73387,79439,116578,94017,108914,112562,122000,180607,133425,180607,180607,181866,181969,184170
47,50038,52439,59028,63457,64859,68103,72054,84959,89234,96185,110690,109146,117629,128719,180866,141974,181211,181478,181866,183072
48,53715,52450,58870,63227,67428,67214,80001,81562,84766,89630,180139,180139,118206,123677,139558,180139,180139,180702,182003,182917
49,48368,53290,58665,63773,65468,67859,72163,82708,89994,93103,109546,114083,178344,178344,178344,178344,178677,179040,182070,183550
50,52135,52857,59066,64086,64401,68006,71217,77248,89940,162812,106098,109796,127423,128125,138758,151674,178586,178658,180757,182966
51,55127,54963,60944,65026,66400,68665,73597,83283,90885,99573,106706,110766,122363,181751,181751,182039,182257,182426,180218,187455
52,55147,56172,60818,65473,66889,70320,70155,79369,126882,96984,105433,111417,121350,131065,141096,143988,181038,181847,184612,187107
53,51639,55342,61126,65852,66878,70427,73772,85641,86342,97740,106222,152140,122768,126997,136754,182216,182669,183134,184187,188985
54,51673,56728,61332,66338,66976,69285,70621,85683,85397,97781,105996,115385,182298,166031,182298,145567,182690,183354,187188,188820
55,53535,55176,59617,64409,66306,67815,71164,83902,84409,95345,105949,112692,123829,131250,141712,183568,184082,184342,187387,190858
56,53479,55701,60364,64518,66570,67872,90497,79568,84921,98419,105626,112276,121779,127938,184420,184420,184647,185137,185718,190156
57,49399,55430,59228,62895,63283,66424,70178,77942,137874,97125,163839,179894,118670,179894,145409,148600,179894,179894,186506,185430
58,49308,54678,58441,62803,63508,66659,70004,77845,88630,93812,106531,116540,179610,130751,145154,179610,179610,179801,182690,186492
59,47757,52723,57470,60113,61983,65843,68534,74736,84876,159630,104000,108542,122684,126568,143321,146166,175623,176436,182356,182604
60,47772,52419,58262,59328,62199,65779,68862,88224,84978,98690,104107,109348,121088,175139,175139,175139,175139,176344,180236,183641
61,47387,52731,55422,60252,61552,64174,68199,75282,85083,94629,103767,113763,121289,128689,138888,174407,174407,175276,179836,183103
62,47495,52705,55912,59682,62519,64425,112075,121762,84658,93699,104215,173934,173934,173934,173934,148132,173934,174717,176883,182828
63,46028,51427,55986,57891,59430,62414,68052,79797,87189,93483,168232,111003,122672,127283,137464,168232,168232,170726,180234,181493
64,45936,51362,55946,58432,59966,62149,67964,79647,140827,92831,107702,110953,119499,127255,168175,168175,169591,173340,176178,181376
65,46532,50145,55188,58230,59899,63237,68886,77773,90327,90605,104036,110096,119227,167598,143115,167598,168489,170187,174385,182990
66,46534,50027,55140,58997,59910,62919,68020,78203,89482,152060,103565,120508,167702,127654,167702,167702,168417,170162,177207,180828
67,47158,52985,55355,57563,59301,63944,69789,75622,83634,98144,102898,166266,123417,166266,142150,166266,167036,168079,177056,181378
68,47241,54010,55546,57768,59205,63380,68237,75713,81962,95874,103234,116724,123165,131260,165663,165663,166685,167654,178081,180606
69,49193,53699,56595,59821,61841,65971,70252,78880,85373,97126,160682,113500,178547,178547,178547,178547,179501,179642,177358,187646
70,49205,53990,56959,59126,61809,66440,70908,133403,81975,92337,107519,113853,127705,129119,139740,149653,178467,179554,183997,187462
71,50399,55580,56048,59182,61834,67340,69095,77506,143863,93687,106398,111043,120186,128099,141740,174074,174602,176602,184443,185707
72,49618,55695,55856,59920,60701,67551,69936,77946,83739,156962,105836,173404,119537,173404,173404,173404,173851,176372,181545,184744
73,47748,53077,56657,59366,60363,66071,91052,77299,83134,97413,103401,117168,117083,130943,140039,170403,171061,173134,181480,183609
74,47802,52882,55648,59326,59972,65978,68956,78118,83361,93631,103510,111983,170449,127374,170449,149299,171230,173101,178395,183254
75,48144,51544,56405,58181,60119,65120,67124,75779,81053,97065,147473,111285,120893,162968,136805,163462,164272,167256,178488,181566
76,47951,51355,56257,56918,59973,66334,69991,75922,123910,96302,109870,112290,120958,129475,162950,163460,165386,167404,172847,181487
77,46295,51759,53489,56240,57515,64853,67411,72838,83476,87847,105872,158205,158205,158205,158205,158539,160539,164513,174769,177586
78,46188,52531,54258,55721,58065,64824,93471,102593,80464,157609,107779,113672,119715,127395,157609,158120,160360,164221,174607,181197
79,42145,50974,51548,54429,56329,62584,66272,76039,78405,93500,106360,110207,151037,151037,151513,152259,155798,161167,172281,175867
80,42173,51074,52249,55105,56740,62764,65882,74861,137242,95750,105814,119349,122061,151121,152574,153319,157281,161961,169447,175791
81,41881,50117,50523,54220,55389,61647,64770,73119,86230,89298,145841,145841,145909,145969,148546,149461,155778,159808,173906,167898
82,42550,48376,51772,54206,57178,61614,102355,121576,78183,88921,107597,112658,121069,145422,147920,148905,156713,159412,166985,172900
83,41589,46333,50527,53311,57185,60793,65614,75514,77822,91251,104589,109788,142170,142170,144078,146197,151462,156970,166264,169697
84,41435,48090,49390,53224,56000,63083,65464,72123,142218,142218,102331,142218,118599,142218,144340,148553,151589,160525,163013,169547
85,40386,47934,49023,52612,54114,61970,64557,71523,80075,91535,139209,111900,139273,139127,141788,144987,152602,157754,163048,166579
86,40388,47966,49964,52538,54186,61894,64530,83122,80008,92591,106482,139405,139400,140442,141899,145088,151676,157794,160061,166314
87,38702,48549,48391,51979,53507,60520,104451,89812,79279,87952,99341,110862,136487,137678,139484,145351,148071,156003,164871,164451
88,40847,47725,47547,51916,53682,60558,67000,73067,86082,135917,135917,135905,135905,136874,139439,145486,150521,155621,162526,163067
89,40651,47145,49395,51774,53139,61527,63431,124113,136650,91444,104428,111149,136650,138053,140064,145720,150381,153787,161849,163686
90,40550,47137,49166,51728,53631,61061,63256,76471,84553,89453,102780,136765,136765,138030,141700,145359,150046,153734,162225,163295
91,39282,47686,48489,51950,52882,61751,63626,72856,78596,135755,135755,110070,135843,137037,140026,144710,151610,154032,161971,162009
92,41624,45808,50080,51895,52956,61656,103457,72614,78088,90907,104180,135244,135244,136445,139532,144625,149425,153079,161964,161838
93,40890,48341,49610,52558,54058,61197,67280,73929,139398,92730,105130,139398,139398,140175,142952,147952,152716,157044,161430,167013
94,40934,46879,48665,52674,54125,61143,64589,97815,88299,139611,139611,112106,121025,140552,142401,146508,151901,157395,164963,167445
95,42796,47086,50079,52228,53685,61615,64043,73675,86609,92545,107363,139182,139321,140483,142436,145585,151415,157461,165091,167090
96,39869,47174,49618,52544,53587,62457,69232,73533,85114,89703,105945,112667,139611,140539,142386,145625,151301,157518,165084,166631
97,42370,47211,49688,52531,53810,62110,106085,126027,84770,95598,101184,138763,138763,139959,141652,145501,149866,157995,164033,165318
98,42453,46895,48597,52359,53565,61876,66883,78306,80710,138287,138287,112125,138287,139335,141330,144882,150243,157435,164889,164735
99,42082,47700,49356,52584,52981,61455,64875,73631,124320,95248,105011,116129,119725,138468,139913,144608,150045,156489,163705,163723
100,40360,47127,48625,52593,53303,61217,64886,74076,89759,92183,103660,136941,136941,138000,140359,144568,151402,155399,161803,162939
101,42883,48748,49926,53194,53445,61964,65737,74458,83066,92767,138775,111488,138801,139892,141788,144474,152706,155092,161605,164906
102,42149,49203,50618,52257,53564,62468,67116,74204,86240,115060,105594,138371,138371,139544,141503,144311,152209,154812,164260,164806
103,41269,49173,51159,53924,55182,64168,107235,127886,81590,95004,105608,112808,140934,141763,144596,146711,153618,158017,162709,171298
104,41518,48582,50870,53803,55785,64181,68782,78664,140778,95031,101205,140778,140778,140778,143255,146595,153265,159016,166735,170079
105,42930,48528,51586,53310,55299,64434,66128,78050,83822,141534,141534,112114,118849,141534,144583,145516,151813,160368,163480,172186
106,42315,48759,51607,54156,55004,64372,67267,73759,79328,96222,107950,141216,141216,141216,144684,145425,151719,160431,164285,172915
107,42314,46776,51455,53215,57108,64220,68655,73460,81343,91517,103037,111706,140916,140916,143583,145967,152789,160730,164367,169663
108,42050,46673,51295,53711,57015,63878,68141,73704,80905,91088,140523,140523,140523,140523,142625,147270,153946,160328,163335,168990
109,43117,47960,51809,53840,57585,64277,70925,87186,143070,143070,108223,111824,119799,143070,144604,146840,154204,161155,162620,172456
110,42886,48007,51765,53733,57861,62140,68215,78018,85927,94784,103946,142993,142993,142993,144405,146105,153983,160277,166100,172345
111,41576,48639,51849,53511,57586,64076,101676,110288,81752,91644,102937,112646,142328,142328,144711,146536,153356,160146,165716,172487
112,41310,47726,51947,53445,57112,63175,69680,79739,81625,91252,141736,112042,120109,141736,144270,146630,153599,159449,164901,172564
113,40550,48167,52303,54197,57274,63482,68937,77069,82275,111596,108026,143537,143537,143537,145780,147745,151884,159535,165163,171658
114,40740,48110,51933,54192,57177,61880,68855,77442,130763,95037,103249,111610,143727,143727,145660,147586,152126,159704,166533,171924
115,39938,46175,50447,51654,56000,60133,67798,75467,84877,142108,103284,142108,119666,142311,144917,146751,154362,160714,166443,169275
116,39927,46457,50093,51595,55566,64469,67922,72393,81354,94720,142073,110621,142073,142181,145025,146578,154642,160750,163004,169131
117,42568,47857,53686,55001,58816,66262,71562,127775,85902,93639,111791,137809,151205,151205,152420,153408,156366,165336,163762,181147
118,42768,49498,53839,54713,55860,63949,68401,79978,85756,93250,104328,115473,124126,150849,152035,153017,156112,161856,174560,177437
119,39543,46569,50921,52677,54710,60084,96430,75423,126178,90089,101060,106255,136351,148962,150677,151687,154632,159233,174445,168562
120,39332,46501,50644,52404,54490,60113,65521,75716,86508,148794,148794,148794,128391,148830,150424,151731,154577,159305,166876,172792
121,42094,48487,52292,54355,55426,61380,67269,78275,84038,97669,106897,114598,152322,152322,154217,154418,158831,160974,167541,179176
122,43689,48284,52412,54632,55255,61619,66553,78031,84402,92301,100381,151548,122969,151712,153541,153711,159068,160718,173243,178487
123,44571,49424,52879,53677,56435,62372,67753,76373,84198,91652,102098,115625,154952,154952,155980,156830,159129,164512,172565,179473
124,43649,49386,51997,54693,56723,62424,109500,100962,140889,89960,155037,110540,124901,155037,155071,156987,158416,164510,173631,175312
125,42565,46349,52649,53039,55932,61448,66848,76112,86942,155171,107506,121733,117884,155171,155171,156609,158634,162640,173523,174499
126,42644,46345,51556,52838,55994,61632,65020,77553,82092,93083,101846,155182,155182,155182,155182,156636,158558,162935,173107,173183
127,43333,49211,50893,53360,56548,61171,65045,74714,80949,92250,103173,116480,125639,158432,158477,159500,160904,164150,172933,176519
128,43188,49123,51074,53658,56370,61814,64466,121921,78190,93383,100505,109898,144097,157940,157975,158953,160568,164821,173090,175818
129,41079,47137,50069,52507,55094,60753,63755,75600,135621,95417,160818,110437,120305,160818,160818,161805,162936,166085,170284,176442
130,41384,47137,49872,52712,55081,60572,104143,70858,84045,135734,104037,160916,160916,160916,160916,160916,162981,164979,171229,176211
131,39679,47583,49267,51983,54060,61003,63571,69602,75182,93855,101160,111578,120748,161247,161247,161247,162948,164443,171874,175120
132,40545,47245,49451,51697,53887,57345,62260,94305,75177,87481,96480,103975,118140,160549,160549,160549,162528,163897,170740,175637
133,40097,47686,49952,51927,54091,59973,63316,70772,137031,87789,162472,162472,162472,129641,162553,162553,163968,165470,171188,176827
134,40056,47507,50307,51866,54738,57325,105837,115520,84271,148969,104051,112415,121817,162648,162657,162657,164115,165512,171197,176998
135,40423,46388,49931,52437,54812,58212,65099,74100,76494,96238,97804,109247,139956,131987,165318,165417,166796,167972,171407,180702
136,41154,47417,50278,52267,54674,58379,62672,71537,76619,89137,98273,140244,122726,165620,165620,165703,166935,168062,172713,176458
137,42768,49060,52296,52614,54985,59654,63694,73709,142703,92018,154401,115025,169225,134322,169315,169315,170264,171680,173048,180317
138,42414,49199,52241,52866,56187,59515,66232,100292,85163,153948,107553,111350,124117,168974,168974,168974,169731,171323,178509,179982
139,44109,50204,53570,54604,57016,61808,113809,79574,81240,101097,104105,175344,120532,137770,175344,175468,176528,176782,177509,185045
140,45542,49898,53784,54282,57145,61847,66628,72604,81874,88592,101675,111731,146766,128668,175233,175346,175346,176961,181871,184926
141,45845,50689,54243,55716,57187,62116,73040,74166,82576,89712,102504,110552,121791,180556,180556,180556,180556,181450,179039,187647
142,45629,51285,52771,55933,57307,60737,73708,126406,138172,89363,180077,107125,180077,130014,180077,180077,180077,181111,183665,186375
143,44700,48776,51674,54929,56429,58871,71446,77312,82318,136617,108567,177598,129043,123173,142996,177598,177598,178651,183305,184315
144,44612,48840,51642,54119,56520,60090,68956,70766,80789,93231,101819,111283,119062,177772,177772,177772,177772,178912,180806,184091
145,44756,50225,51590,55586,56216,60158,68414,74528,75831,87871,102071,105735,120565,133221,142459,179032,179137,180050,180946,185296
146,45020,50093,51576,55100,55735,59339,68468,73743,138200,87838,98594,106338,120607,131285,142504,178829,178965,180043,181634,184932
147,44115,49410,52451,55534,56646,60302,72652,115662,81759,163421,98177,178318,178318,178318,178318,178318,178318,179297,181564,184265
148,44548,49361,51093,55138,56927,59509,64399,72686,75264,93482,162747,112571,129516,132310,141454,178090,178139,178919,181134,184090
149,44653,49060,49736,54855,55497,59658,68780,74394,85311,87819,110421,106544,120907,133295,179337,179521,179521,180224,180908,185204
150,44839,48955,49651,55259,56862,58871,63931,74217,79760,87574,101297,106870,114920,123800,143676,179389,179417,180252,181689,185186
151,43158,49290,49803,53775,55616,57622,103960,76057,136343,86285,95217,103968,176495,176495,141272,176495,176485,177326,181799,182837
152,43120,49144,50576,53545,54880,57559,62243,124319,81139,161721,96582,176062,128329,131105,176062,176238,176177,176865,178987,182786
153,43472,49260,49057,53267,55805,58647,61765,76052,81001,96456,175286,117933,118243,175286,140131,175188,175188,176323,178572,181668
154,45163,49281,50927,53607,56062,58324,62140,73902,81140,87917,110080,108762,118192,130901,175389,152144,175387,176297,178101,181772
155,43319,47209,48529,53286,55259,58008,102027,73392,134091,90830,98573,101725,172639,127518,139096,172744,172744,173737,178211,180572
156,43351,46197,48557,53126,56263,58123,62267,73556,81311,90214,98570,172689,126338,172689,172689,172774,172774,173833,176168,180604
157,43061,48279,48612,53150,55307,57380,60981,91945,80685,157029,98246,115696,116402,127984,138066,158012,171104,172079,176304,179947
158,41927,48396,49688,52460,54850,57377,83700,74500,78689,98134,144425,108959,123344,125706,170517,170517,170458,171986,175003,179798
159,42854,45917,49515,52931,53164,57484,60747,101616,144693,87894,106184,106892,170853,170853,147533,170853,171792,172169,175838,180353
160,42344,45789,49362,52494,53191,57363,111338,75573,85192,86539,100949,170531,125791,127924,170531,170531,170531,172325,175561,180240
161,43736,46154,48913,51685,52875,56750,69518,75004,79142,85482,100072,114505,117777,169863,136443,147153,169863,171422,176683,179740
162,42490,46279,48229,52225,52736,57274,60372,75372,78299,154859,169473,108144,169473,134333,169473,169473,170423,171367,175111,179459
163,41731,44454,46418,50852,52222,55494,58415,129583,79892,95053,105470,105953,123156,141691,145469,168582,169596,170149,174502,175961
164,39518,43701,46185,50987,51850,55467,58367,71279,141696,88880,96573,168806,116199,168806,168806,168806,169890,170485,173908,176029
165,38516,44867,45406,49966,51152,54700,108356,70017,82023,85146,95517,114557,155453,134470,146878,170923,172205,172424,173663,177075
166,38611,42824,47510,49726,51536,54734,63655,73986,79938,155608,110273,105247,122826,123119,171159,171159,172429,172537,175435,177585
167,37930,41193,44515,50083,51208,54070,57418,71557,83381,94046,171592,104664,115171,171592,147313,171661,173321,173493,175988,177584
168,38210,44248,43285,50064,50920,55253,57241,130199,77192,89095,103655,171195,171195,134663,136158,147233,172636,172801,176251,177109
169,40170,43971,45110,50020,52093,54851,108383,75627,143420,86790,95518,114779,122746,171888,171888,171888,173064,173195,175908,177995
170,40133,43997,45555,50600,52286,55127,60158,69378,81910,87849,95274,104099,114506,134491,147298,171573,172930,173127,176414,177766
171,40050,42986,46810,51162,51913,55503,58436,69614,76103,156230,97351,171363,171363,124311,171363,171363,172454,172913,176265,177037
172,40076,43456,46802,51033,51859,61020,109259,64061,71663,96938,170643,114024,122997,170643,146336,170643,172760,173610,175852,177317
173,41602,45257,46917,52514,54837,62382,61935,132780,145397,91443,108729,109430,117681,136155,173478,149415,175776,175776,175510,180223
174,41369,45372,47503,52242,54830,57637,61825,70460,84793,88567,100388,107961,173385,126902,137768,173385,173385,175629,177543,179948
175,41592,48460,48082,53272,55063,63830,71172,73145,81601,90474,104246,159030,127969,174242,174242,174242,174286,175076,177196,181827
176,41793,47499,47831,52782,54981,63119,67158,73095,78648,159171,102308,112548,118828,130881,141370,150736,174529,175089,176883,181781
177,44766,50183,49709,53866,56167,64641,70690,76290,114484,97357,117398,111496,121216,130353,175300,175300,175304,176360,177373,182861
178,44639,46587,52422,53675,55671,63875,87025,124490,83734,87732,103451,109434,174683,174683,142063,174683,174857,176431,177912,182779
179,46289,49203,52980,55497,57917,66981,75212,75145,78608,89438,178788,178788,131278,132685,143619,153383,178866,179624,177892,184524
180,45791,49118,52119,55930,57872,61507,67635,76666,138733,89515,114116,117194,123466,126589,178917,178917,178946,180191,180808,184673
181,44458,49617,53423,56402,58978,61784,66894,72707,82126,149954,103516,108501,123702,178477,141978,152650,178477,181125,180653,183390
182,46222,49644,53352,56594,58743,61703,63346,77209,82997,96017,98511,108002,123857,132664,162768,178081,178081,179587,181912,184027
183,44155,49720,54513,57250,59636,62915,107952,80020,80366,91201,100302,109638,178325,130126,143965,178325,178407,179398,179741,183863
184,44155,49441,54614,57545,60306,62928,71653,85702,78734,91960,99963,178400,132288,178400,178400,152919,178485,179674,179717,183711
185,46231,53815,55312,59399,61127,64972,66248,85557,140591,96654,129537,118553,126361,133974,146557,181036,181399,182041,180078,190224
186,46309,51731,56518,59463,60968,65086,66041,85283,90123,152836,108080,110479,123252,129521,138376,149961,181189,181189,183047,185832
187,46333,54403,56052,60119,60996,65789,65685,81406,85630,98807,102023,113026,125573,181108,181108,181108,181108,181108,184441,186410
188,46387,54844,57006,60547,62517,65385,66345,80945,86081,97294,180731,110258,125065,134680,144970,148366,181361,181750,182755,186884
189,47238,54858,57111,60799,63482,66056,70336,82411,82370,95840,111270,188500,188500,131517,141108,188500,188500,188500,181461,194060
190,47185,54805,57019,59972,65273,66117,101684,82838,89310,92622,102819,121304,128532,130825,188494,150282,188494,188917,190265,191038
191,47213,54011,57098,60670,63625,65244,67969,84950,92035,94403,103513,112385,123441,186576,148215,187142,187039,188134,189653,191284
192,46909,54739,56966,60895,63437,65253,67871,87044,111863,96749,104892,111598,122795,137365,142474,149642,188221,188221,188878,191401
193,47466,56306,56749,61923,67453,67106,67388,82826,91299,158516,105677,111434,123275,130649,187312,187915,189239,189239,191290,193638
194,47597,53883,57486,62101,63862,66719,67418,82754,91429,97208,104663,111741,120730,130912,148944,150248,189934,189934,189701,192574
195,47913,55768,57110,61139,63327,70528,66802,81366,89105,95706,105677,122584,185045,185489,140858,148244,186375,186375,191701,190498
196,47724,55193,56393,61006,62627,69596,78358,82745,91392,95740,156389,169857,127674,136348,140913,186544,186544,186544,189520,190556
197,48567,53366,56973,60646,62961,69024,72566,81272,87862,95460,107910,118880,119986,128097,179733,149707,181737,182681,189651,184006
198,48238,53319,56420,60164,62756,72542,74573,89302,111854,97212,104927,111241,120432,133804,144540,180886,180505,182495,184423,185049
199,49230,53247,56593,61408,63868,66426,76003,77370,92083,96277,104826,112704,164285,179784,138541,153001,182039,180037,185457,185853
200,49400,53905,56521,61056,63285,66187,70617,88047,87526,98727,103003,113894,126710,134171,179706,179873,181168,179952,180827,184724
201,48419,51733,57577,60066,61396,65100,66297,75248,87001,148476,102270,138170,122495,128256,144479,153416,177179,177326,184319,186573
202,48454,54187,57813,58658,62071,64769,68569,125295,86309,98572,176164,118283,122077,176410,176641,177715,179923,178059,183459,187518
203,46463,52915,54581,58363,61361,64370,106890,82932,135985,95132,114459,111253,173379,132133,142281,173809,173854,175233,180281,185524
204,46445,53111,54096,58336,61555,64486,72379,74088,89720,97492,107150,173255,129375,132243,141175,151841,174190,175007,177518,181617
205,45890,51789,54563,59949,60831,63848,65145,79097,87955,95796,105854,118640,125848,174659,174820,175356,175347,177159,177605,187587
206,45771,51291,53904,58649,60768,63728,64876,82420,88052,94334,104991,107646,125825,133110,142972,162061,175869,177108,180332,187363
207,44793,52925,53514,58523,60079,66838,73166,78001,88239,107332,103834,110699,127546,132788,174627,174990,174990,176321,178589,182032
208,44449,52702,53746,57807,60269,63630,70841,77363,83710,98966,105877,111573,173917,159707,142004,153060,174941,176805,177092,183238
209,43248,49815,52072,56207,61818,66254,67700,79311,81836,147632,102095,172772,130606,133080,173740,173740,173740,175061,179583,182592
210,43410,49599,51740,57157,61907,63733,69097,79878,136853,95446,172720,123428,125216,139888,143061,173712,173712,175096,177195,182605
211,42992,47919,49743,56048,61729,67062,71226,74751,87517,91475,116525,117320,125938,175157,143118,155600,176619,178681,178535,184256
212,42615,47882,49737,55972,62244,66948,70832,125284,81260,90686,107520,113769,125725,134725,175067,175241,175554,176629,180142,183757
213,41414,46627,52328,54453,59871,64041,87755,79688,79857,90786,105518,114616,126226,135545,146569,156505,180772,183370,180156,185656
214,41434,45939,50363,54443,59765,63237,66487,75226,80272,164923,103640,109189,179990,135959,179979,180516,181308,181888,183011,186101
215,42330,46993,49440,54773,57779,62970,70722,75623,140644,98067,99865,179196,135067,179314,147161,160487,183105,182297,183204,185153
216,40767,46879,49415,56138,58144,62717,66725,76453,89653,92468,99823,119975,127715,136239,147214,182428,182640,183282,185420,185191
217,41746,47681,53173,56333,59268,67143,82644,77912,82204,92995,182082,110343,128524,129453,149071,158737,182095,184109,184274,188231
218,44809,47668,53467,56242,58947,63784,67501,76233,84355,91785,108625,110414,123505,143933,182396,149362,185121,185202,184109,188507
219,43722,48471,54470,57754,60417,66856,70003,101304,87232,95501,101499,110897,123667,183781,149794,184662,184227,185844,187521,190107
220,42839,49456,54317,57663,63408,66850,72740,79120,84666,94030,101040,183897,168556,138830,141939,150587,184776,186247,186816,187265
221,43226,52967,54571,56432,64322,66451,72524,70991,131530,153446,100587,118744,127268,129599,139788,181368,181368,181866,186056,185704
222,43275,52887,54575,58641,64475,67459,76322,80122,86133,98363,104150,108497,120986,129564,181520,150772,183025,184500,183128,186248
223,44830,51820,56620,59931,61545,64124,65453,120938,86117,94204,103788,113122,122517,182569,146517,182569,182886,183431,184573,187441
224,44783,51584,56647,59545,61511,64140,110885,74976,84428,93117,182809,113192,182809,135815,156115,149065,182882,183312,183768,186933
225,48486,51437,56313,60235,61627,64791,77161,80046,83426,93875,107854,108066,130705,130171,155799,180067,182184,182398,186681,185997
226,49747,53908,56237,60308,61595,64483,65796,80397,88861,94556,101537,179178,127489,130079,164994,154885,159844,183097,182355,184638
227,50881,54743,57436,61438,63642,66243,66890,83625,142071,153991,103737,120401,122612,181824,145639,182485,182485,183518,182513,187412
228,47369,55784,57274,61107,64144,66876,66726,82962,91668,97752,103413,109286,121659,139292,182653,150040,183342,185447,184760,188091
229,50270,53003,55943,60288,63351,65034,69262,82355,89216,95210,101349,111324,120754,130212,145226,181597,181555,182525,184923,187468
230,49810,54332,55886,61292,62900,66363,68318,76586,83400,95964,102040,110928,180536,132863,140554,147412,161010,182384,182999,187386
231,52002,55682,57778,61121,65378,67407,69038,80284,92237,97648,168340,184348,127324,184348,184824,185288,185288,186267,183955,189408
232,51399,57039,58651,60080,65280,67019,68554,85246,89130,98292,110616,119662,122968,137941,146551,150545,185351,187940,186697,188643
233,51671,54287,58630,62764,63863,66594,68023,78350,88029,96884,103904,111476,120677,128261,142358,181945,158905,182559,186718,188570
234,51806,54692,58834,62548,64113,67717,108860,79673,90959,97416,102611,111035,143694,128376,142215,150500,182034,182417,184250,188693
235,48950,53826,56906,61214,64267,66110,70521,76548,84342,152652,104885,116636,126449,180724,180724,181217,181134,183665,184748,186838
236,48638,53728,55458,61064,63797,67397,67891,129110,84381,99479,104529,109793,165384,133110,146257,149155,182432,184240,184473,188550
237,49089,52416,56151,60747,64152,65175,67472,87251,141422,95446,103169,123464,125901,129273,139975,181608,160125,185753,184726,189661
238,50556,52473,56308,60164,63580,65480,67758,78032,92585,94606,181610,165907,127284,181610,181610,181610,181723,184537,185753,189211
239,51697,53250,56744,60106,64506,65978,68013,77107,89523,96543,110285,116633,120084,134543,148108,150828,182922,182922,183401,187302
240,51796,54561,56779,60114,64120,65480,67350,77573,91909,96573,103285,113152,182557,126947,137086,182557,182557,182557,183406,185516
241,51234,53081,56975,59959,61564,64981,66386,75761,86244,96191,102919,110907,123751,163867,178984,149725,178984,180826,183402,184707
242,49252,52711,56539,59629,61737,64865,97053,75604,81703,151768,101023,109129,119078,131733,147718,180670,160294,179248,180096,185874
243,50118,53523,57215,60024,61822,64303,68797,75975,85271,97620,101329,179153,117457,125687,179153,154952,179153,180441,182432,185932
244,50522,53356,57439,60272,62065,65040,67172,75865,85431,94752,101272,114900,179258,179258,145541,179258,179258,179559,180480,185873
245,49985,53219,58165,59957,61202,64269,65307,114075,125224,94126,174588,107923,128418,129964,139905,153892,176156,175932,180196,183549
246,50421,53319,57547,59401,62451,64003,67243,77407,90331,95263,111113,108738,121546,137751,175059,175436,176266,176190,178572,183243
247,50266,53113,57711,60509,63054,63754,82498,75742,88154,93574,105734,126134,121774,175585,140321,154506,175585,178601,179500,184940
248,51928,53126,57655,59869,61800,64606,67632,75507,89330,105828,105149,114499,121421,130544,174929,174929,175180,175209,181111,184617
249,49690,52940,56632,59063,60882,62575,66588,77266,87072,93502,103917,173385,173385,130118,139116,151770,173385,176459,178676,183669
250,50922,52281,57560,59376,60644,63955,104434,75151,87321,157757,103578,118581,127033,173135,173135,173135,173135,176194,181096,185776
251,50591,55076,58520,60062,61617,63964,68175,125256,85948,102452,105754,114521,122360,130288,140822,175793,175793,178029,180572,186859
252,50557,54919,58293,60529,61541,63962,69199,81373,135650,95943,105663,110625,121702,130465,141130,154393,175596,176345,182723,187297
253,49112,52079,56518,59921,61271,63956,67953,75211,88699,93833,175798,110392,175798,175798,175798,175798,175798,178288,180920,187704
254,49782,52064,57003,60069,61250,64086,67860,75563,88327,93713,111721,175753,127632,129704,140205,152555,175753,178407,180411,185568
255,46948,51946,56544,59279,61070,63829,67200,75103,81679,94032,105456,115445,122311,130724,175709,176170,176166,177968,179824,187258
256,46874,52051,57025,59325,61176,63820,67093,75278,81917,92946,105636,111590,122211,175706,140716,176839,176939,177872,180161,186835
257,50894,53942,57134,59603,61972,63595,88714,78320,85316,162486,107642,110388,123012,137256,178305,152894,179121,180954,179724,184950
258,49276,53552,56633,59665,61684,64417,67576,126612,137654,97564,100942,111368,177818,126222,146351,177818,178520,180160,181604,184469
259,49377,51926,57283,60175,61862,63851,67370,79721,87186,93493,104093,178010,129297,178010,143275,151622,178783,180331,181576,184984
260,49602,51861,57191,59729,61172,64038,68553,77476,86243,93226,104207,116263,123337,132939,178138,178138,178804,180945,181649,184875
261,51364,55004,57729,60903,63242,67431,84842,77084,88554,95450,186466,113436,120858,128606,145491,170561,186466,187923,182072,190121
262,50746,55075,58270,60862,62704,66079,66531,82233,88482,94460,110739,113485,156431,186300,140537,148519,186300,186300,189555,190171
263,51956,54461,59243,62403,64551,67558,67642,76316,88961,92918,106996,113919,126314,135532,187698,187793,188462,188462,189242,191542
264,53038,55698,60042,62823,64189,67669,79218,76480,86281,157322,106714,113548,121892,128582,147238,154524,159392,188397,190328,191816
265,53015,56714,60652,64348,65780,68398,70375,84439,85874,96476,107065,187056,187056,129118,141517,187746,188146,188649,190433,192395
266,53385,56911,60903,64089,65753,67998,68814,84385,144187,94080,107137,119088,127349,187180,187362,153332,172303,188599,190950,191893
267,51549,56963,59183,62426,63994,67297,86235,79748,90449,98402,107725,113652,120508,136905,147535,146515,182507,182908,191293,188703
268,52702,56842,59503,62308,64435,67920,69278,86903,90033,96192,107731,114153,120013,128217,141125,182538,156252,183029,186988,188827
269,50375,56618,58995,61566,62886,64923,67713,78209,88589,98756,105092,112673,119476,130251,136484,176711,176711,176948,186925,185545
270,52086,56116,58712,61653,62883,65154,69804,82980,90395,98676,105795,112051,176548,176548,176548,153749,176548,177584,182532,185947
271,50282,51431,57233,59653,61449,64818,74843,76352,86474,96097,169315,130630,123282,126743,137732,169315,169608,171927,182246,184333
272,50318,52947,57742,59513,60450,63543,73996,111196,88340,153289,109631,114129,120287,168671,168671,168964,170315,171281,178430,182280
273,49091,53657,57362,58446,60351,62999,74917,77136,86286,99879,105008,164805,117958,129325,164805,154317,165565,167122,176961,180494
274,49461,54968,57247,59044,60410,62725,74752,76438,90652,97685,105523,114753,164688,124952,145491,164688,165848,166927,174075,180348
275,47058,52982,56589,58845,60392,63698,67128,77111,89080,95859,104452,109337,121193,164677,164677,165530,166671,168566,175692,179353
276,48704,53183,56653,59033,60501,63011,68174,77098,95497,97001,103958,109699,121655,129816,145405,165928,166854,168237,173509,178946
277,47642,54045,56969,59434,61338,63711,107532,87254,89502,97093,104225,165575,165575,165575,165575,166200,167042,168234,173571,180026
278,47580,54437,56995,59540,60753,64821,69813,77420,127377,95952,164982,113691,121464,130087,146109,166763,166577,167494,174357,180168
279,47790,55102,57268,59917,61278,65480,68382,116577,91051,95734,106707,110532,120948,166828,166884,168016,169172,170258,174119,179083
280,47780,55060,57247,59692,61207,63918,68665,78215,89499,151972,103114,110395,166797,129671,146173,167976,169161,170057,175236,179022
281,49815,52947,59460,61292,62289,65456,70337,79095,90254,98874,103831,168468,121650,168468,168468,169517,169907,171506,174493,180921
282,49880,55152,58959,60878,63411,65213,69076,77886,90162,96012,104312,113443,116899,129680,145407,168757,169590,170926,176964,180586
283,52725,58820,61513,64068,65255,68743,71688,89004,93307,99315,109390,116675,173499,145634,173499,174218,175210,176151,175417,184425
284,52548,58929,61875,64226,66041,68063,71746,89083,93034,98135,107223,118577,124504,145622,146287,174423,174634,176225,179319,184480
285,53631,58517,63143,64842,66094,69548,72911,82257,87430,98654,181109,116847,120873,164852,142344,156680,182208,182961,178687,188472
286,51858,58065,63175,64277,66033,69624,72650,80430,87370,98827,107268,114509,122460,128467,181578,181578,182364,182767,184611,187095
287,55612,61011,64466,65757,68134,70493,73693,81251,94428,101024,105405,182076,182076,129372,141621,147254,182998,183598,184848,189047
288,55471,61013,64001,66015,68138,71418,72192,81181,86706,99900,106255,117916,125622,181541,181541,181744,182496,182858,184416,188708
289,56698,62428,65551,67378,68852,71966,75414,82516,140029,116827,106480,115463,123617,136119,143190,154541,185397,185774,183817,190706
290,58935,62374,65420,66971,68890,72080,73571,82135,96065,102727,106526,116953,123612,126625,140862,184709,185795,185795,187205,190828
291,58171,62173,65406,66982,68474,71620,72726,82666,95291,102408,107255,116088,127576,182707,182707,151312,183948,183889,186945,189103
292,57660,62117,64667,66830,69090,71751,73115,82359,93788,99809,106497,116495,165060,129294,149805,182651,183516,183740,186922,189528
293,57159,62260,64146,66639,69005,70791,72053,81915,95270,100814,105728,117559,124321,125423,141312,151984,176917,176758,186553,184768
294,57435,61441,64221,66247,69040,71722,74745,82262,95355,100607,176331,147603,121119,176331,161252,176762,176521,179042,181664,185178
295,57432,62123,64706,66364,68766,71055,75497,82130,87826,147905,110583,122376,125989,136996,145296,154646,178129,178373,182138,187989
296,57575,62028,64522,66936,68345,71280,73103,82157,87195,101717,107126,119132,177133,131441,177133,177293,177952,179271,181534,186579
297,56490,61284,63914,66059,67953,71156,74289,81066,87138,99407,105945,119202,125270,175248,137877,154515,176665,177447,182554,186400
298,55821,61892,63739,65899,67337,70278,74236,80883,86110,99919,106808,114751,123569,134064,174437,175135,176143,177156,181161,186320
299,54911,61504,63137,65537,67111,70202,73401,80476,85957,99531,106457,172726,119312,134375,143458,154536,173255,175320,180512,185444
300,116,117,117,117,117,117,118,118,118,118,118,118,118,118,118,118,118,118,178362,118
301,55414,60088,62313,64686,70118,76824,89239,105632,114116,122907,133103,145460,158087,158360,173937,173937,174196,175517,118,184713
302,55508,60830,63551,69108,75394,95185,113213,132657,145095,157733,173494,173494,173494,173494,173494,173816,174855,177037,179586,185515
303,55226,60675,62639,65098,74867,95476,112626,132229,144159,172471,172471,172471,172471,172471,172471,172571,173681,175270,179538,185262
304,54705,60314,62081,65098,66894,70479,73685,86884,95000,102370,108867,172298,172298,172298,172298,172643,173744,175561,180272,185456
305,55060,60870,62496,65217,66974,70372,74173,80976,89538,99848,107908,118474,173967,173967,173967,174611,175731,176701,180682,185909
306,54684,60982,63578,65863,67071,70288,74574,80119,89749,97806,107974,114985,125455,174334,174857,174912,175591,177328,181019,186024
307,53626,60734,61225,64482,66129,68208,71926,79307,88785,99549,143840,112694,121612,133095,172144,172144,173455,175263,181143,185757
308,53799,59606,61094,63945,66425,68791,73224,79471,85166,99240,107550,113854,120817,171727,172123,172189,173534,175087,178633,185676
309,53791,56802,61808,64314,66965,69327,72923,80797,85540,100356,106894,179752,179752,129497,179752,179752,180220,181487,180248,188592
310,53844,59016,61343,63598,66039,68425,70276,80033,138259,100311,107023,114985,122265,180389,180389,180389,180988,181695,184752,187841
311,53478,58561,61202,63066,65877,67206,68250,79682,88964,95651,105736,114385,118231,128963,138642,176284,176502,177849,185228,184121
312,53058,56198,61486,63318,64992,68269,72274,79792,89864,159783,175599,114172,120156,125557,138592,175599,175599,178476,182139,184035
313,53196,58127,61446,63416,65016,67401,72066,79746,85071,102233,112825,112907,175055,175055,175055,175055,176027,177805,182321,187097
314,53307,58036,60729,62917,64971,67364,71900,79979,85231,95834,109098,112640,126826,128796,139011,175114,175933,177927,182596,186431
315,50623,57218,58210,61040,62955,65290,70568,78728,82929,93632,106692,170179,120953,124978,170805,170805,171674,173933,182739,182797
316,50590,56044,59669,61792,63441,65157,70355,89111,90551,93477,107588,117588,120106,170294,137338,170294,170829,173706,178773,183213
317,49917,55031,58995,60308,63042,65935,69461,79413,85493,92692,107709,112763,166844,126437,166844,166844,167790,171679,180233,183554
318,49872,55414,58956,60684,62856,65269,69746,78492,139809,93849,106707,113447,123203,166249,166249,166357,170618,171453,173484,183896
319,50126,56367,59687,61528,63009,65936,70273,129515,90894,153708,107881,114163,119954,132487,147249,168893,171943,174476,173516,185025
320,50463,56345,59615,61402,62980,65921,78605,84813,86998,103589,108243,168760,130706,168760,168760,169157,171851,173963,178513,181637
321,49636,56784,59011,61016,62114,64963,68614,83754,86274,98967,107348,116026,167290,129275,137335,168813,170085,172429,178575,184642
322,49646,56743,58813,60839,61998,64749,70376,79616,86445,98424,109495,113556,122560,127217,166854,167328,170492,171894,176998,185222
323,49326,54799,58665,60769,63545,65941,94232,79739,85808,101423,165222,113441,119390,165222,147545,165933,167420,168481,178822,184666
324,49319,54849,58687,60742,63207,66191,69461,79779,85873,101082,109590,113645,165124,130778,165124,165770,167692,168153,172919,184701
325,50775,54377,58497,61624,63013,66159,69877,80213,110338,96504,107137,166962,123139,166962,144240,167537,170136,171547,173788,186134
326,49368,51570,58556,61095,62286,66304,70651,80148,90743,94238,107576,116843,120368,131235,167294,168104,169812,172780,180308,186121
327,49009,53262,58117,60698,62038,64349,70154,79768,90512,99533,107766,113527,122542,165920,153282,167193,170260,170087,179893,185165
328,49020,54531,57880,60464,62009,64937,70123,79801,89073,96522,106968,113589,165575,130531,165575,165730,169174,173491,178057,185370
329,48339,53712,57682,60234,62330,64814,69228,79307,90596,111156,107657,113492,122889,126808,141404,167121,170270,172572,180169,184375
330,48299,53630,57464,59960,62071,64550,69779,79775,90372,101047,107470,165659,119326,165659,165659,165659,169301,170779,178624,185007
331,49735,55229,57630,59736,61416,65116,92791,79923,127528,99855,151407,116156,166546,131330,142133,166546,170965,173685,180297,184278
332,48236,55543,58241,60312,62096,64602,69115,79708,88978,127750,109832,113638,123734,166247,166247,166626,169951,173640,177920,185169
333,50407,54203,58604,61347,63153,65041,70109,79414,90454,102084,108017,114993,120946,134009,171691,171691,172960,175760,178613,186833
334,50489,54299,58783,59948,63235,65278,70126,78736,86212,94345,108307,115127,172279,172279,138325,172279,172279,175965,181158,185914
335,50283,54858,59343,60483,63833,65628,71498,133652,89454,94653,108984,173573,127391,128715,173573,173573,173663,177077,181163,184931
336,50329,54618,59205,61290,63580,66382,70826,85098,87575,94603,109418,115845,122635,128518,138676,173839,173839,175263,179730,186776
337,48957,50881,57592,59318,62279,64757,69082,79849,81757,155499,108322,114049,121504,170499,170499,170499,170499,173946,180986,184842
338,48785,50797,57573,61030,62043,64680,69433,78155,142861,100976,114996,114860,170149,128230,137068,170149,170149,173606,179289,184120
339,47837,54278,56535,58781,60762,63245,91469,77449,89185,94296,107072,114239,123927,167834,167834,167834,167903,169998,179706,182177
340,47888,54001,56328,58924,61706,63456,68306,80711,86437,95106,167800,113849,119895,133096,145814,167800,171042,172099,175320,182445
341,47615,53572,56200,59608,60841,62782,67123,80127,84666,93327,109747,167501,119715,126335,167501,167501,168970,169895,175048,181652
342,47606,53569,57143,58543,59871,62862,67510,76282,86877,93804,107824,116617,167111,167111,145608,167578,168779,170331,177319,180924
343,47415,53738,56286,58555,60003,65886,69563,75660,85372,108770,105632,112546,123678,132388,166241,166881,168239,168912,175079,179649
344,47561,52512,55645,58354,58962,64198,99173,78039,84346,93836,105276,112465,123695,166309,144539,166831,168322,168901,176597,181578
345,47862,51545,55649,58333,58952,61764,66994,76934,139882,151767,104822,113525,166147,132270,166505,166914,167934,171492,175277,181096
346,47410,51517,56377,58278,58888,63001,67062,78092,86613,97143,105004,166074,123676,152450,166759,167197,170431,171048,175850,181257
347,49144,52144,57766,59956,61734,65775,68122,131498,89537,96800,170167,118439,126653,136718,149621,170167,170944,172823,175124,181682
348,48691,51511,57013,59692,61333,65421,68407,78986,85342,89927,110411,116195,125131,169473,140218,150943,170605,173865,178642,181171
349,47271,52514,56662,59496,62958,63800,69492,83941,89376,93965,109524,115102,171478,131441,171478,171478,173374,174985,176705,184064
350,48389,52030,57498,60000,62730,65041,79678,83980,86404,93035,109693,116343,128126,132665,143223,171518,172729,175479,179751,182931
351,49245,54627,57232,60070,63326,65530,70199,77694,89315,155740,105188,155781,124130,170268,170268,170536,170997,175890,181198,182853
352,49458,53095,56697,59626,63240,67661,70026,77919,87264,100397,105097,117422,123241,130621,141670,170661,170857,173448,180165,180773
353,51721,54281,59429,62171,64542,70686,74110,83854,90618,96854,110204,118278,123144,133455,173748,155161,175300,177715,179815,186342
354,51749,55864,58950,62167,65118,70642,71588,80352,124719,95750,107755,114866,173869,173869,147040,174616,174736,179695,181190,186461
355,52229,55013,59592,62275,63841,67492,74226,84548,91198,94820,107546,111611,128375,133434,174491,175209,176305,178842,181505,185398
356,52302,54463,59391,62368,63850,67468,72247,84024,88095,98345,107479,174262,122209,133463,145329,156544,176483,177557,182370,186675
357,52528,56902,59765,62483,64628,70785,72132,79944,90431,98020,179079,122256,123949,179079,147928,179290,180161,182822,182423,189992
358,52429,54646,59890,61789,64695,67681,77055,79887,90631,96337,109608,116381,179118,132391,179555,158152,179950,183158,183979,189437
359,53268,55276,60637,62700,65586,71148,72063,80793,90817,166540,107764,116473,134548,133334,148840,156009,184081,185156,186039,191312
360,53378,54801,60250,62473,65549,71434,72498,80676,85900,101938,108352,115239,124124,137235,146273,182511,184102,185915,188385,191025
361,54551,56981,61593,63874,67204,70394,72235,81610,91832,98763,106261,118776,124287,181978,147430,155011,182259,184681,22,193508
362,54405,57682,61781,63590,67021,69678,73423,81178,86573,98664,106434,121826,125151,133682,181793,182177,182141,183353,188042,191475
363,55778,58445,62838,65234,68412,70741,72413,82804,144333,96314,108130,122641,122999,134560,153462,156669,186393,188758,186521,195162
364,55744,58477,62891,66023,66706,71077,72416,82474,92705,98463,107368,158390,185457,133630,147328,165643,188339,187781,186693,193060
365,55316,57252,62238,65303,66035,70608,71264,80591,92235,98585,106041,116408,125758,181559,145839,181922,183674,185262,190926,189953
366,55348,57593,62407,65272,69136,68713,74121,81736,93486,99350,106149,115047,121982,142680,181788,153288,183330,183852,189602,193698
367,54955,57475,61879,64610,66278,69769,71060,81969,91031,98540,180353,114410,127982,132274,151999,155007,182650,184342,187255,193671
368,55033,56924,61669,64586,66260,69152,80247,82529,87542,99283,110802,114871,121312,136440,150041,182018,181388,184477,187381,193124
369,55839,58775,62636,65526,67025,70524,73874,81470,91653,97707,106687,179529,141441,129211,147683,161221,182837,185870,185771,191889
370,55941,58856,62518,65302,66963,71342,70717,81993,88129,97860,106948,119557,126911,179294,140371,180560,183115,185697,186643,191217
371,54257,57777,61009,63861,66442,68717,69019,81039,92804,148089,105586,112369,174191,134577,176550,161393,177986,180992,186007,190102
372,54245,56999,61095,63794,66283,69350,74246,87236,92924,102163,105824,111643,130124,129340,144466,160280,178869,182503,186723,189677
373,53582,57328,58993,62021,65125,66956,76189,84371,90225,94114,106773,110880,121225,169156,170532,147952,169531,175487,184286,187109
374,53654,56111,60416,61621,64599,67069,72425,85575,89255,97473,106843,116589,121425,134475,147207,170569,172068,173834,185974,188634
375,52488,55747,59246,62093,63774,66337,71260,85829,91790,97162,107163,167871,121064,128710,141061,169158,172489,175316,181314,184069
376,52416,56434,59297,61583,63715,65621,71290,86042,93438,96375,120814,118751,168087,168529,168893,169363,172909,173545,183187,185699
377,49781,54963,57095,58970,62477,63482,69255,79541,92181,93793,108059,116131,125232,132591,169064,169752,171166,172672,179734,186517
378,49533,51035,57391,59309,62102,64158,86743,79769,92482,151455,129423,114658,125092,167898,147816,168381,171066,172974,180441,184290
379,51238,54814,58300,60966,62254,64987,74496,87823,93830,105831,112654,117433,137629,137369,145486,177454,177402,178703,180930,188553
380,49907,54668,58594,59814,62256,64916,70573,78870,88533,96078,109518,115227,123354,130647,176887,152511,177892,178778,175343,188520
381,49388,52267,58034,59572,61615,63823,71555,76555,88338,96288,108506,169095,169095,169433,140195,172459,172459,175061,183638,182890
382,49416,52315,57931,59794,61934,63773,69197,101141,96223,95193,108390,119777,125750,128572,171950,171950,172145,173894,182328,185606
383,47834,52092,56531,58167,60681,62505,70703,79608,89578,93030,165654,114563,121849,141399,145657,149505,170397,172677,179496,182784
384,47857,52062,56536,58085,60701,62488,69277,79314,119859,98447,111581,114820,125149,166787,137231,168282,170910,173150,178176,183600
385,47232,49235,55847,58466,60623,61839,68002,78707,86088,97044,105140,114097,162081,130446,163651,163953,165460,169856,177901,181554
386,47267,51850,56446,59815,60376,62570,105982,78403,85644,161559,104368,113734,123763,127196,163318,164069,165285,168441,179057,184352
387,47536,53070,56608,60389,61494,63520,70915,99927,91411,103036,106841,162632,124461,163379,164382,164454,168043,170828,174984,182652
388,48852,49725,56532,60385,60787,62028,72883,79409,87259,98049,106011,117500,162975,149889,143556,163937,167349,167976,177700,184514
389,39321,48897,50042,51322,53305,56217,64868,73272,92759,90013,101100,106871,118000,125887,152481,154675,158928,164317,173862,181078
390,39918,48225,50093,52628,53246,64625,69985,80495,116300,93454,151414,111190,118186,151414,153050,156145,158493,165512,173202,182472
391,39706,47482,50925,52401,53242,58348,70482,105581,86453,94268,107525,148493,148493,148493,150888,154166,160203,163757,172793,181306
392,39722,47325,50877,52225,53117,67301,72503,83519,84815,95308,102051,113139,128412,147852,150491,153793,158564,163541,176480,182549
393,39768,45171,50415,51240,52945,65172,69139,76951,86698,95133,101517,147862,147862,147862,150043,152611,158462,164221,175546,180905
394,39855,48430,50964,51304,52926,66061,71505,78701,122359,147976,147976,111450,119445,148113,150029,152947,158484,163884,173999,181576
395,40875,47268,52566,52827,53985,66464,70456,78988,91925,98233,107050,112842,148587,148613,150677,153716,157200,164232,172349,180007
396,41009,47880,52494,52787,53768,66976,70428,79123,82913,96393,102170,148752,120083,129912,150609,154192,157237,164795,172547,180922
397,40515,48962,52123,52822,54205,66292,69460,79295,86453,93780,103386,113235,147095,147552,149606,154032,155877,163919,174858,182061
398,40554,48669,51922,52625,54160,63161,77553,122367,82574,94800,114748,111768,146608,147156,149572,154194,157052,163504,173630,181695
399,43559,50823,54148,54169,55367,67526,71508,85927,148720,95468,116039,148720,121013,149350,152102,154578,158331,163076,173825,181369
400,41206,48636,52760,54026,55264,61726,71531,80439,89826,148575,103912,114414,148570,148862,151945,153223,158018,162856,174250,181013
401,43066,49459,54472,53407,55879,62013,71307,79605,86511,98936,146545,109770,120107,146857,149808,151856,156638,165020,174160,182327
402,41125,49485,54248,53990,55056,62132,78609,79336,84967,95384,107448,146066,146122,146874,150217,153039,157748,165273,174006,182811
403,44434,51110,56699,54470,56772,66353,72182,78919,84502,97634,104090,113522,121182,148606,151203,153932,159539,163840,174100,182269
404,42232,51142,54539,54647,56816,65844,72079,79969,83792,98239,104928,112388,148803,149487,151456,154487,156173,164196,174993,181963
405,41236,50869,56412,54912,56849,65382,72288,79157,87147,96311,149162,149162,121029,128840,152763,155511,156467,163522,174877,182148
406,42387,50609,56389,54600,56748,65168,72390,82187,87008,97544,107334,113495,149063,149063,151865,153819,159328,163911,175075,182041
407,45131,50539,54630,55052,58047,62800,70921,79866,123715,134100,104607,109841,120193,147907,151436,153413,158432,162533,175632,182830
408,45071,50514,54533,54928,56241,61442,72431,79697,91249,99369,103613,147288,147288,147288,150212,154078,157727,162776,175907,182542
409,45929,51337,55409,57321,58704,63469,73487,80294,92825,95869,104995,113933,134582,149531,152065,153264,160284,163045,174410,181695
410,45873,51142,55414,57062,57041,63526,71714,80318,89346,95986,148347,148347,148347,149283,151787,153630,157791,162791,174794,182111
411,45889,51497,55200,55880,57222,64209,77526,80909,89327,95823,107969,113701,125775,135087,152554,154447,155467,166772,175225,181147
412,45776,51486,55168,55671,57154,63453,73953,90919,89077,134046,103292,111640,120339,148012,150988,155489,161011,166441,174837,181606
413,47868,53880,55150,57959,59574,67247,77333,81928,86819,101129,104928,156968,156968,156968,159417,161169,162595,168835,174155,182612
414,47847,53861,55030,57676,59419,64874,68951,82015,87884,97583,141076,112158,119442,129062,158746,160981,162811,167533,174578,182754
415,48439,52425,55321,58581,59267,65562,70018,81719,119150,97209,106017,112445,157307,157307,159068,162072,164185,168131,177252,181323
416,48322,52688,55310,58684,59351,66075,69781,82403,86944,95940,105217,112343,124315,157270,159041,161908,163772,169537,173631,183119
417,48441,53284,55867,60017,61479,66837,77595,80167,88085,95432,105490,158700,119268,127271,159432,162385,164957,170485,174316,183246
418,48466,53674,55837,59850,59566,66302,69877,110724,88093,158112,142739,111041,158112,158112,159319,161985,165058,170405,174742,183102
419,50566,54573,57145,59538,59638,64851,74384,82770,88670,97270,104643,111693,119825,126059,157833,160191,161686,166297,176563,182714
420,50595,54599,57126,59477,60084,66889,70175,80186,91963,95260,104568,155996,155996,156807,158677,159976,161666,169081,175240,183229
421,51385,54773,58083,59916,60432,66651,77354,80645,109344,95118,105523,111738,121321,157973,159117,160350,162186,167004,175905,182896
422,51463,56089,57757,59308,61064,67589,74440,78881,91066,95837,157522,111986,124758,127221,158908,159838,164288,169538,175582,183241
423,51584,55240,58117,59886,60600,67267,71525,80306,87159,95936,106056,113742,158150,158150,159534,161459,164181,168547,177122,184614
424,51102,55199,58271,60184,60280,66754,71580,78448,86826,95626,104716,157929,119949,158287,158997,160617,163703,168530,177652,184560
425,52132,56154,58840,60416,61780,67504,71560,78481,117331,128822,104694,113829,155749,127348,157736,158907,164276,166011,177122,183927
426,51869,55459,59029,60317,61741,67483,72411,77998,91146,97684,105445,113322,122899,156691,157596,161293,163298,168282,177364,183923
427,52420,56672,58870,62152,62965,66979,71160,118708,88857,95897,105288,113745,120082,132037,159416,162132,164742,168116,174106,185056
428,52331,56044,57806,59808,61627,69001,78226,83704,86130,95837,157432,157432,157432,158053,159342,161217,163802,169149,177251,185015
429,52095,55867,58546,60895,62147,67578,71516,79687,89996,104637,105414,113833,120820,131033,158871,162775,164958,167940,178245,184455
430,52003,55719,58439,60893,62006,67410,71210,83142,89195,104581,105421,113708,157139,157542,157360,162072,164941,167740,177939,184627
431,52699,57101,58589,60745,62424,68362,71994,83312,120704,100709,106019,132473,120374,160443,161461,163293,166254,170209,177910,183804
432,52693,56561,58799,61227,62937,68724,71658,80568,91979,159579,105585,112799,120135,134731,160882,163263,165308,169398,177395,184085
433,51053,57050,58894,61133,62569,68190,80291,80479,90266,97926,111011,161835,161835,134275,162200,164690,168328,169249,178079,184342
434,51040,57194,58835,61209,63734,68273,72577,80516,92144,95893,161615,115923,122087,161615,162419,163957,166832,168826,177487,184556
435,51735,58166,59976,62480,65131,66232,73206,82183,87714,96596,107124,111482,123824,129798,165012,167741,169234,172646,178271,185712
436,51752,57964,60102,62487,64318,66262,71948,81895,87739,97121,104895,111742,164752,164752,165959,167057,169701,172482,178432,184411
437,54666,60619,62156,64634,67136,70063,74327,85454,92583,97367,105564,172190,124150,134222,172190,173083,176374,177881,180000,186141
438,55126,60008,62134,64941,66290,68876,74022,81201,88619,96482,105677,115796,128918,171623,172435,173176,175401,177283,179849,186269
439,56936,62775,64116,67941,67576,70731,76436,83066,97874,98041,108060,113758,128826,134229,176389,177526,179206,181165,181955,189416
440,56885,62410,65297,66675,67809,70976,75164,81024,89868,95349,107138,113014,176033,135429,147875,176949,178329,180768,181512,189420
441,59026,63703,65976,68300,70204,73585,77327,87205,94266,164984,182324,117167,129072,133801,146083,183051,183779,186703,184752,193395
442,59102,61685,65776,67976,70293,72145,74373,83082,92616,101151,109244,112667,121002,181782,181782,182677,183402,184800,186051,193047
443,59817,62634,65468,68313,70425,72475,72782,82753,99086,96857,103506,182732,121221,132900,142688,183744,184692,186757,189981,194080
444,59699,62594,66048,68288,70699,72874,72768,82665,90064,96103,106061,118043,127603,129016,143129,183761,184747,186796,190645,194293
445,58618,61714,65100,67573,69257,72636,72669,85790,89764,96841,104833,116055,184615,184615,185065,185499,187158,190412,191027,196892
446,58186,61407,65250,67528,68828,71918,72908,82839,139149,96791,104844,116481,130000,136119,146054,185634,186451,189256,190199,196036
447,55548,61476,65199,67496,69361,71825,75838,86076,94375,100839,104030,111240,121733,132555,141539,181714,182269,182654,193232,191156
448,58492,61583,65047,67263,69576,71884,74141,80927,90992,95434,104572,112063,125106,132566,179959,180417,180725,181869,194251,192284
449,52622,59843,62601,65451,67319,71645,70230,86155,89293,97971,153263,169429,119766,169429,143620,170486,171761,177703,188003,187250
450,52660,61847,65015,66221,67160,70006,75310,85514,89819,94786,111450,117974,169244,133434,143325,157143,171778,177817,188450,187272
451,52612,61754,64280,67096,67301,69307,78374,85420,89852,150869,105912,112805,130364,132709,168174,168706,169944,173815,182361,186847
452,53141,61932,64309,66745,67024,69088,73624,82185,90201,98733,103928,112209,130555,166260,153649,168624,171454,174315,181900,187062
453,52602,60009,63145,65981,66637,69468,76398,81963,90107,97280,107488,113807,127489,136412,144682,166358,171247,173318,181395,187659
454,52727,60092,63347,66229,67360,69011,76296,81857,88993,95269,106976,163832,126440,132288,164673,166304,169741,171901,182081,186953
455,51282,58493,61361,63440,65410,68138,76899,84919,89765,96399,128195,118830,125925,165591,166831,169534,175675,179672,182288,188098
456,51266,58426,61273,63491,64241,68010,73451,81080,91385,96875,107245,116234,165113,137656,149500,169425,175432,180325,182766,186294
457,49903,56848,59310,61778,63195,67052,71578,83940,89471,95995,105853,114987,127333,131356,142554,154442,174705,177718,184957,188281
458,49866,56786,59940,61426,63160,66681,70213,85367,89190,146800,162187,115012,126721,162187,162377,166929,173989,176871,183098,187819
459,48640,54788,57892,60015,62738,66487,75321,85368,90576,100978,111532,115132,125721,136799,163244,167621,172055,178547,184164,192207
460,48660,55076,58915,59967,62663,66007,70523,86268,124888,97299,104817,163630,163630,163630,150183,167223,175242,178498,184150,190001
461,48169,54165,58644,59496,61599,65179,70091,83139,90712,96269,107803,118342,126418,134959,167052,169079,173188,177887,184852,191447
462,48236,54073,58436,59888,61742,65000,70097,85345,87529,96823,107428,115339,125601,130813,145261,165774,170823,173702,185865,191443
463,48393,54491,58430,59834,61884,64549,72898,83529,88545,97083,107847,115831,125060,162927,163956,164927,171442,174242,186165,190554
464,48307,55027,58960,59722,62002,64684,72865,83130,88527,97185,107567,115995,163025,134332,145805,163782,170404,174815,186470,191887
465,48399,55046,58429,60609,62088,63753,74038,85017,88635,115544,107157,161474,124386,161474,163713,165474,171414,173391,185204,189021
466,48621,55030,58511,60598,62088,72319,76986,84709,88874,101583,161533,117524,123706,134309,152030,165675,171127,174399,184549,190264
467,47945,54637,57992,60812,62272,67510,70282,80080,106148,97589,108202,111997,123083,136764,159495,159722,169191,172458,185287,187567
468,47656,54709,57897,60732,62413,67010,71085,82372,88646,97570,107460,111199,158711,158669,159844,160685,165574,169055,184518,188170
469,47384,54298,58320,60506,61074,66437,69720,81488,85939,156846,106939,156846,124353,132511,143731,157528,163414,165892,181249,186145
470,47364,54233,58186,60378,61068,66569,73586,81884,110326,99273,106253,112799,120550,156891,156967,160164,165912,171348,181211,185415
471,46066,54040,57892,59409,62126,66327,73131,81912,87139,95590,105298,113118,156418,132591,156771,158924,164666,167132,178309,185762
472,46087,54740,57682,60118,60355,67559,70955,82758,87105,95704,106033,113060,124382,156406,156053,163693,163893,170965,179464,186277
473,45457,54187,56987,58982,60781,65418,73577,78499,86290,95414,155199,155199,155199,155199,156129,161935,166333,169307,179292,184636
474,45402,54681,57941,59050,60243,65394,70000,77911,140265,95617,109245,117703,126487,130541,156789,162286,164765,171502,179346,184252
475,49623,55069,57134,59237,60165,66426,69721,79272,86750,96969,106027,112300,118750,152210,154600,158867,162075,167688,179147,184165
476,49465,55064,57137,59275,59926,66942,69599,79146,86507,97379,106796,114159,152552,152552,154867,160799,164745,168229,179023,184043
477,49281,55034,57098,59784,59980,65700,68558,78720,90853,152728,107143,152728,123436,129779,155131,160212,162347,169229,178276,183981
478,49513,54918,57173,59436,60506,66612,68978,78568,86526,97026,106305,114608,152446,152446,154922,159784,161540,166243,178000,184349
479,50474,55026,56913,59084,59977,65442,69115,125321,89345,97352,125649,113788,123017,151249,155062,157610,164466,168696,176178,181975
480,50396,54867,56823,58927,59803,65602,68955,80566,89449,97359,103323,136467,120746,132931,156146,157105,164254,168125,177019,182001
481,51088,55826,57732,59254,61010,66251,71436,84918,89351,96342,138256,116643,152862,153085,155673,158951,161247,168450,176732,183579
482,51098,55824,57566,59168,60530,66723,71290,78897,89484,96995,110313,114149,122433,152562,154003,158334,159879,167905,176854,181344
483,51006,56063,57225,58593,60859,67522,76378,84714,100390,97064,104444,152889,152889,133900,153651,158513,161278,168384,176296,182156
484,50840,55885,57203,58788,60840,66048,73720,84377,89468,107529,104191,116697,123204,152730,154837,157668,161352,168004,176517,182168
485,49129,56374,56924,60343,62116,69649,70867,85777,89306,98209,155387,113192,155387,155387,156302,161459,163202,168883,177210,183570
486,49249,55426,57370,60363,61898,69008,70873,80265,128147,155497,108717,140246,123489,133116,156298,160779,164018,169606,176192,183888
487,48819,56522,57569,59550,60315,66368,75265,84366,89030,98439,105096,115279,120437,155830,156837,159348,165354,171190,178015,184818
488,48717,55581,57467,58339,60259,65916,71045,83573,88575,94188,104756,113995,155464,129565,156256,159089,160816,170876,176398,184441
489,48764,56147,57364,58236,59750,66437,72567,84799,87741,97047,106744,155587,124743,156154,157553,162393,162878,168381,179518,185136
490,48297,55174,57451,58095,59676,66382,74845,85209,87643,97237,106448,115383,155491,156071,157402,162712,164420,168113,178576,183458
491,50867,55357,58055,59492,59747,65696,70330,81931,86530,96125,154819,111925,124390,129583,156202,160752,163786,171060,177720,182125
492,50894,54805,57540,58813,60819,67360,77017,80467,88468,95255,109433,112021,121124,154867,155826,162676,163120,171292,177174,181901
493,50941,55548,58122,58923,59529,66783,71041,80829,141249,94349,107386,156428,156428,129914,157414,164094,164934,169499,176657,183560
494,50840,55054,56692,59056,59838,66831,70867,81384,87995,156154,104859,114671,120861,156431,157316,160607,165549,169458,177292,183034
495,50381,55153,58060,58952,59619,66354,79457,81418,86498,96302,105906,112363,130309,155994,156751,161849,165317,171180,179269,181908
496,50391,54603,57765,58758,59896,66299,71271,79798,86284,93603,106027,155180,155180,131456,156555,162623,164837,170517,176914,181395
497,49771,54987,58077,58364,59390,65948,76309,77518,86490,93739,140807,115847,124481,155460,156767,160204,163973,170619,176492,183661
498,49813,55522,58048,59017,59598,66285,76228,77932,86752,93425,107713,113215,121329,129292,156574,161647,163689,169483,176737,183112
499,51131,56336,58143,59498,60988,66950,73357,79491,86698,94497,106012,113987,157309,157604,158560,161765,164824,169480,175197,183379
500,51185,55640,58157,59405,60793,67129,76798,79411,85649,156794,105603,156794,121425,157361,158343,162931,163163,169424,175455,183386
501,51276,56077,58297,59438,60761,67196,72727,81584,129305,97385,112489,117844,156433,130742,156693,158739,166169,171927,178170,183437
502,51116,56003,58277,59612,60610,67142,76857,81832,89164,95628,155274,112429,128439,155738,156043,158477,166294,170432,176536,185308
503,50828,54716,59243,59823,62650,72034,72372,81451,86400,94615,111169,111989,122235,133549,156820,157701,165150,168832,177369,184311
504,51067,54743,59372,59193,61242,71864,72050,82699,86530,94609,106597,156117,156117,156496,156871,157716,162154,167562,177630,184187
505,51010,54546,58652,59424,62085,72851,75050,88551,86418,94121,105268,113742,120405,136801,157211,161149,164160,172740,177061,182293
506,50779,55349,59079,59307,62946,71570,74245,80647,86539,94573,105157,112774,120468,156697,157069,160232,164902,168904,177986,182974
507,50501,55232,57418,58861,60509,72355,72154,81271,129363,156022,106893,114999,156022,130668,157075,163671,163455,168938,176562,183044
508,50259,55149,58111,59260,61186,71197,71717,85065,88422,96702,106720,155102,124810,155893,156258,163625,163559,166560,174695,182703
509,49761,54377,56655,58765,60737,68115,72763,80264,85711,95114,157232,118511,142360,157833,157994,160776,162399,167028,178809,183886
510,49533,54367,56874,58596,60661,70429,74494,101988,85634,95692,109061,113533,121089,131916,158082,160757,162058,165739,178719,183789
511,49127,53844,55797,57611,59933,71182,73620,81359,84048,94315,106049,114780,155185,155185,155547,157451,160514,163645,178858,184411
512,49442,54846,56174,57930,59700,71709,73809,81793,84728,94543,106598,154377,122755,130027,154963,157152,163977,167125,178715,183973
513,48881,53949,56436,57798,59054,70080,74266,81373,139151,104342,106441,119266,154569,154695,155172,156973,159889,170457,175868,182445
514,48848,54943,56427,57182,59264,70212,73945,81001,86677,104024,106392,112400,125052,154838,155312,156895,160176,170004,177534,183573
515,49571,55151,56973,58020,59687,69785,74777,81961,86530,103432,153390,114833,120052,129097,154342,159499,163479,168830,178188,184620
516,49518,55088,56969,58067,59630,69715,74879,82153,86717,106958,108402,153341,153594,153820,154290,159664,161396,168524,178353,183114
517,49501,55827,56725,58047,60295,70203,73444,82391,86441,99679,107388,114973,122632,152874,153306,157005,160819,166871,176957,184266
518,49262,55673,57247,57860,60136,69875,73429,81991,86884,136876,107346,113302,152060,130496,152805,154669,162563,168851,178496,183466
519,49302,55612,57170,57774,59082,68035,72679,82445,88389,96355,104319,115306,121390,148608,149618,157572,164307,167892,175716,182034
520,49258,55582,56226,58193,59696,67920,72671,81888,133782,97671,104578,148030,121675,148428,150547,156758,164847,167985,177128,183665
521,51283,55574,57702,58783,59572,67413,72604,82737,90922,95244,148098,118428,148234,148930,151048,159355,166401,168401,177021,186622
522,50889,55492,57671,58304,59906,67085,72381,82091,88538,95154,106565,110131,147970,148299,150655,158786,164302,168087,177568,183285
523,50276,55599,56539,59109,61010,66654,72044,82555,87895,132970,105022,147212,122516,136304,151854,159700,162528,168540,176593,186198
524,50634,55455,56663,59039,61040,66449,74828,87413,87871,98320,105406,116725,147519,148669,151408,158831,161819,169099,176434,185520
525,50309,54887,56388,58545,60517,66679,74711,81585,88068,94390,102427,113484,121039,146257,154442,156985,161018,166454,176829,182911
526,49933,54756,56500,58453,60427,66592,74591,81418,88259,94578,144440,144440,145203,146252,149568,156704,160619,165746,177050,183205
527,50024,55556,56234,58820,61211,66832,75420,86464,88042,94412,106828,115660,126895,147021,149711,155925,160610,165669,175375,185710
528,49995,54896,56307,58495,60849,66499,75199,82085,92700,144857,102675,113659,145742,146703,153385,155413,161373,163487,174969,184601
529,49612,55182,56406,58505,61154,67035,75398,81813,101517,97419,109321,143951,125451,145951,149541,153579,157782,165067,175829,185928
530,49652,55483,56398,58391,60946,66651,74572,85924,87292,94169,143779,115997,144633,145855,149225,154420,160525,164817,176553,186189
531,48683,55035,55733,58211,61862,66319,73943,81206,92497,93653,109959,113073,123132,145368,149066,152339,163561,167464,175529,184349
532,48656,54688,55714,57871,61066,66362,73689,81824,100996,93849,105490,143506,143825,144944,148786,156714,160763,169065,175048,185237
533,49543,54825,56105,58236,61266,66795,74919,94052,89626,143375,107972,114597,122168,144924,149024,153650,162880,169681,177777,183228
534,49512,54686,56368,58468,61034,66939,75008,81228,88736,97167,105620,120741,144223,145203,148767,158377,163088,169739,177695,184995
535,48696,54946,55508,57983,59847,66794,74195,80657,128280,93604,142344,142708,143667,144868,147909,151430,162839,169646,177211,183380
536,49106,54288,55583,58025,61359,66980,74668,80667,88777,93618,110118,116414,123627,144897,147583,155278,161582,169733,177307,183845
537,49385,54579,56932,58290,63711,66826,74151,80533,85800,93281,108643,113898,143949,144424,148495,154541,162086,168714,177422,183860
538,49123,54594,56815,58031,60934,66777,73352,87487,85885,141811,108180,142378,125273,143944,147813,154781,160619,168057,175381,183207
539,49394,54836,56508,57488,60031,67285,73865,79994,85518,100025,107520,117305,143667,143941,148691,151538,162583,169006,176643,182645
540,49411,54976,56418,57214,59855,67258,73723,83705,85552,93156,142354,113844,124819,143358,148636,150843,162515,169309,176259,185317
541,49965,55377,56672,58126,59609,70226,73162,82534,143081,93441,109276,143391,144118,145667,152764,154702,160629,169287,178221,185649
542,50103,55365,56525,58043,59420,69906,73040,84333,89171,92462,107916,111831,124825,145002,152305,150073,161398,164454,175743,183778
543,49285,54895,55784,57743,58855,68106,75602,83493,87732,143487,108374,143487,144011,144504,149178,150380,158920,167729,175645,183250
544,49555,54636,55581,57679,59042,68641,75843,82070,89259,99293,108168,113518,144428,144587,148930,151335,161403,167762,175004,183377
545,49655,54150,55868,58098,58401,66243,75536,89171,90400,93724,107016,112970,121019,146308,149708,151154,158968,168749,176767,184371
546,49410,54034,55870,58067,58448,66243,75218,81215,90116,93286,144238,144609,145157,146018,149194,151100,160298,164725,176714,182912
547,50416,55037,55949,58067,59411,66567,73957,83197,87760,97381,109594,114542,126067,148701,151569,153093,161961,168059,175654,185163
548,50202,54900,56554,58148,59600,65450,77367,82939,86902,97419,107072,112690,147688,147873,150563,156077,159869,167090,175833,185459
549,51096,57036,58483,59961,61411,67715,74026,83411,88352,153302,105345,153302,124091,154630,156215,157851,159846,167047,178627,186353
550,51227,56578,58423,60072,61245,67143,76780,83048,86405,100729,105417,115449,153231,154086,155214,157618,163245,168430,177625,185313
551,52559,56767,58619,60112,60921,68857,72857,82300,140620,97188,155347,114077,125672,131302,157217,158766,161285,169474,178937,185671
552,51630,57088,58959,60452,60719,68874,72681,82756,89104,95281,110309,154846,123521,155276,156662,158646,160207,168881,179426,185078
553,52065,56910,58518,60561,60133,67865,72066,84099,87472,95476,105173,117174,156143,156402,158063,159597,161475,167878,180161,185502
554,52093,56687,58496,60472,60420,67861,71446,83034,88636,95800,103956,111881,121704,130435,157779,159589,161470,164918,180011,185607
555,50109,57159,58064,60833,62596,67257,71859,84192,88884,97518,105890,114711,159190,159190,160424,162194,163745,169335,178630,186548
556,52244,57378,58059,60796,62668,68971,71821,82826,88056,101367,106657,158995,123657,129680,160107,160989,163767,167071,178996,186432
557,50295,57397,58392,60853,63404,70331,72255,85021,89861,145767,160876,113874,121573,160876,161610,162434,164344,168257,179694,185688
558,50235,56617,58392,61094,62048,64391,72532,83053,87657,101622,106774,110254,160488,129629,161464,162039,163585,166058,179630,187337
559,50739,57569,59009,61194,62614,65133,71584,84857,89554,95970,107260,111567,122544,162466,163351,164241,165534,167936,177087,188173
560,50712,58981,58895,61229,63893,65090,70309,85096,89335,95868,107648,162168,122256,132029,162792,163950,165507,167664,178755,187152
561,50774,57756,58072,61262,62146,64999,72058,85377,123604,96391,107625,115431,163350,163350,164166,164820,167023,168235,177915,185595
562,50558,57960,58044,62257,63987,64751,71956,85228,90444,96104,106525,110670,122370,134782,163563,165065,166648,168110,177382,185927
563,50713,57696,58651,61965,62798,64881,69722,81572,90868,96127,104558,111840,122091,163019,163992,164997,166850,167934,180777,185820
564,50683,57682,58555,62366,63066,64391,71388,81959,90976,147882,163058,163058,163058,134330,163393,164256,166339,168287,179940,185290
565,50489,57131,59456,62205,63800,64666,69710,79498,91000,100247,106510,115336,122471,131037,163067,163745,165521,171359,180220,185387
566,50332,57162,58860,61150,63699,64662,69439,79702,90595,96269,105906,111025,122792,161816,162914,164184,164995,171582,180775,184815
567,51116,56155,58780,60913,62007,64732,69292,89604,89512,96419,106970,110981,162319,134800,163021,163977,166330,169057,178622,184759
568,51028,56044,58694,60786,63684,66045,70069,79274,89196,96840,106128,161650,122425,161650,162686,163828,165422,168581,177697,184258
569,48331,56912,59080,60214,62311,65103,69103,82054,90260,98796,106404,115194,122339,131390,164422,165478,167261,169350,22,188703
570,48301,55652,58975,60620,62722,64826,69624,81728,93508,97125,115812,113160,136244,163675,164403,165453,166856,169268,178983,187162
571,48289,55336,58974,60792,64086,65459,69353,99421,96917,99055,107287,111808,121609,130648,163823,165232,166569,168889,178362,185654
572,48371,56412,58146,60490,61728,64752,70929,81467,85384,147579,162731,162731,162731,162731,163357,164069,166168,168768,181617,185017
573,48700,55944,59099,61627,64413,66122,70033,82117,136768,100663,108971,115196,122248,131144,164957,166112,167215,172808,178290,186180
574,48698,55923,58732,62175,63675,66025,69770,82256,93664,97213,105461,112386,124820,129983,164981,165894,166948,169370,181057,186341
575,49015,55260,59459,62489,62801,65847,70516,82193,85296,97421,105514,111950,164729,164729,164729,165361,168511,173253,180143,185298
576,48773,55887,59003,61694,62569,65794,70492,82144,85516,97995,104966,164628,123585,131874,164628,165426,168775,170337,180377,186091
577,49072,55440,59485,62474,62692,66942,70693,82904,87023,97776,106041,116438,123685,166148,166520,167003,168772,172997,180164,186458
578,48822,56260,59553,62435,62974,67253,71303,82485,86717,95197,118390,115628,165625,136137,145803,166523,169194,170336,181772,186322
579,49120,56481,59679,61221,62876,64995,75104,83341,87262,103948,105922,112353,123497,130204,167631,168284,169085,170888,178927,186649
580,49108,56463,58724,62222,62366,66749,70884,81214,87212,109794,167099,112387,120798,167099,145296,168134,169069,172081,181890,186454
581,49494,56947,59213,63048,62825,66434,70575,83781,140009,99028,109043,169048,140513,132575,169228,169537,171188,172373,180251,187648
582,49439,56871,59148,62278,64765,67956,75694,80584,92369,105588,106472,116725,123346,169070,142032,169833,171269,172280,180455,187646
583,49444,57224,59369,63103,63287,66521,70624,81449,88237,97223,107261,116515,169364,131547,169730,170316,171513,171779,181310,187287
584,49610,57262,59381,63036,65033,68198,70638,85373,88321,153666,107410,116421,124632,127844,141828,170295,171072,171644,179066,185962
585,49350,56981,60010,62931,63957,67125,71351,80699,88885,102196,105916,113007,122024,169414,169544,169900,170452,171756,178624,185549
586,49487,56980,60226,63061,63539,66497,71532,87141,89001,97408,106612,169479,121544,132273,141298,170140,170430,172616,180465,187470
587,49681,57786,60347,62474,63771,67452,75000,80885,88546,97681,107173,117673,170495,170495,170495,171031,171995,173103,180876,184419
588,49856,57719,60323,62884,64186,66586,71022,80667,88006,96363,169906,117459,125033,128697,141662,170539,171203,173045,180008,184465
589,49816,57733,61970,62977,63845,67126,71122,102955,88338,97141,109172,112650,122445,128491,170401,171229,171316,173439,176508,185043
590,49676,57703,61688,62450,63976,66191,74654,83419,88071,96638,107173,112815,123936,169924,141285,170982,171187,173259,178800,185735
591,49224,55861,61195,62389,63958,66264,74461,79179,140158,97106,106176,112718,168787,128923,169508,170110,170902,172588,177078,187789
592,49312,55765,61286,62904,63930,67145,71653,79003,91247,110489,105983,168428,127364,168428,141383,169807,170255,172895,181250,188058
593,49295,55431,61259,61518,64142,66045,74891,79054,86658,98977,106679,116383,122100,129643,170365,170791,172188,172848,181902,187651
594,49280,57036,61164,61610,64107,66727,74392,79174,87369,101478,106016,113577,126140,169160,141997,169979,170618,172603,177223,187230
595,51251,55237,60352,61995,65029,68371,71002,83311,87344,139989,105754,117312,168372,128802,168585,168945,169838,172254,181643,184451
596,48986,55960,60006,63253,65015,66316,72509,79068,87565,99526,168415,113556,125957,128550,138393,168933,171128,171805,181890,187430
597,51311,55480,60396,62037,63412,66038,74352,128906,86667,96852,109949,168838,124045,168838,169562,169826,170473,172806,181184,186495
598,51497,55579,60010,63237,63560,67993,73160,84326,86367,97150,105678,118975,121304,129071,141814,168483,172299,172771,179903,187847
599,49136,56414,60467,61833,64906,66933,73979,81537,92362,97297,107290,113614,168046,168046,168264,168253,170249,172415,177347,187525
600,116,117,117,117,117,117,118,118,118,118,118,118,118,118,118,118,118,118,178045,118
601,50903,55184,57744,61318,67992,73188,85451,102053,109538,117529,127837,138944,151333,151333,167515,167538,168935,171376,176685,182070
602,50971,55865,59975,66377,71721,91743,109119,127184,138414,166473,166473,166473,166473,166473,166909,167111,170018,171820,180268,183775
603,50901,56202,59309,61060,77816,101539,109762,139291,151816,167759,167759,167759,167759,167759,168391,168930,170881,173002,118,186276
604,50777,56197,59698,61023,64169,65069,72557,82281,93021,102391,114596,167323,167323,167323,167761,168755,169950,172298,177386,186490
605,50914,56581,59191,62068,63946,66288,76078,83419,86029,98800,108856,121396,168704,168704,168865,169250,170766,173246,177301,186916
606,50809,56534,59462,62222,63988,66020,69975,83588,85999,96964,168721,114337,125423,168721,168971,169311,171002,173457,178428,184691
607,50623,55559,60147,62061,63802,65990,71615,81846,86076,98788,109687,169897,169897,169897,169932,170651,171635,172967,177383,185170
608,50473,55286,60173,60842,64261,68472,71191,81706,119388,96254,105926,118615,125209,169301,169608,169730,170168,172722,179740,183853
609,49357,54742,59500,61042,64435,66392,70889,82284,85840,98771,108383,116254,122591,129405,171157,172091,172245,173195,179588,187658
610,49345,54883,59056,60768,64309,66976,71646,79886,85002,120636,107830,115787,123137,170839,170943,171562,171967,172933,178846,187139
611,48862,55547,59191,59833,63596,66592,70890,79618,86796,98791,105933,117441,170373,134641,170393,171804,171661,173505,178344,185260
612,49270,55469,59285,59467,63934,66106,70819,82588,93831,98158,105743,117091,125948,133860,169778,169969,171210,173908,178338,185917
613,48558,55349,64328,61694,62874,65853,79075,83806,96144,95763,105274,113142,123928,169667,169667,169835,171013,173347,177562,185383
614,49622,55529,60518,61635,63346,65295,70037,81978,89119,153640,169598,169598,121410,134018,142380,169839,171113,172648,178457,184063
615,48435,55879,63018,60665,62270,65574,69546,83837,128515,101344,110600,117303,167951,131326,167951,168222,170316,172794,178936,185233
616,48471,55609,62854,60644,67978,66190,84896,83556,91189,97577,105243,112722,128888,167980,141679,168179,171480,172688,177241,186691
617,48882,55799,59927,61307,64642,66149,69601,82638,90234,96433,105482,114315,120182,128264,169623,169970,170047,171660,177967,183858
618,48712,54451,59817,61002,62404,66433,69168,83132,87213,96949,105316,113189,119517,130387,142375,168573,168573,172334,176683,184065
619,48595,55971,59760,60566,64129,67575,71373,83090,86773,97703,105841,169536,169536,169536,169536,169686,171185,171194,177336,185394
620,48467,56232,59709,60260,64512,67017,71310,82818,86911,96801,105363,117746,125462,131198,141198,169743,170347,171720,177518,183505
621,47277,54473,58851,60385,63655,66367,74801,83840,86267,98071,106313,113160,123272,169450,169450,169450,169450,172853,180941,185609
622,47262,54341,59092,60026,63625,65342,69408,83022,112305,102581,168746,113839,121695,128493,141142,168898,169228,172535,178628,185514
623,47908,55631,58159,60494,61992,66073,80006,81126,88548,120346,110939,115040,168665,129567,168665,168909,170758,172753,177592,182950
624,47983,55605,58536,60440,61978,66172,74909,82741,85046,99652,105989,168598,125492,168598,144246,168565,170090,172236,177570,186222
625,47337,55298,57588,59483,61289,64389,73547,83711,87167,97049,108057,118902,122542,130224,169399,169260,170318,173454,177217,185062
626,47217,55606,57592,59557,62115,64380,68737,83523,140582,97245,107969,115812,168886,168886,140875,170585,170880,174152,177612,184893
627,47199,54692,57227,59313,61803,65354,74796,83249,94517,153674,109929,114955,126377,129746,169741,170220,171278,174534,178763,183236
628,48122,54062,58760,59181,61959,64453,69091,82037,89144,104845,108366,116496,121490,169268,169268,170018,172141,173687,177117,183026
629,50148,57591,61316,61443,63284,65210,71109,83213,87483,95297,107299,116311,122477,130445,140495,162337,164349,169305,177059,185800
630,50245,58101,61739,61955,63368,68886,78420,84721,87506,98737,107234,160191,160191,132850,161126,162150,164780,166490,178539,184350
631,51706,59658,62679,67042,68311,77171,80029,88511,95713,104495,180634,120058,128714,180634,153514,180634,181391,181460,177274,186669
632,51507,58421,62633,66538,67486,70854,72565,84011,89041,96640,110120,114589,124796,131613,179984,180318,180502,180645,176433,187277
633,58537,62577,64586,67467,70181,73479,74881,82217,87109,96496,105696,109715,121855,135513,146829,161973,163782,168356,174641,185581
634,58796,62591,64069,67781,70374,76149,77965,82248,96656,104837,113275,118503,158940,139810,150329,162881,164645,168668,185753,184778
635,58575,59706,66331,65112,72199,79164,82743,92210,105341,124614,146035,242702,190439,244343,209828,246879,249823,253465,183828,260594
636,58013,62060,65694,67603,72032,76746,79892,86436,93548,100848,114667,129156,139486,151800,158156,185779,246390,248530,176925,249089
637,61345,63084,63879,68581,71288,76271,79905,87729,92960,109902,120317,128931,140159,152055,162288,172431,260424,260800,176397,262768
638,61314,62980,63677,68605,72845,76408,79337,88131,90133,100828,118744,124489,134177,143306,155494,163912,179134,189579,258537,261848
639,59857,63176,66720,68681,73048,79495,79998,87997,92040,106281,120594,124933,143100,147069,160315,173220,186149,191028,248875,279684
640,59783,61572,63954,71066,74786,79377,81153,88573,93482,98053,120283,129230,140440,150062,159941,162881,173378,176648,261992,207507
641,62884,62270,66725,69234,70945,80224,82262,88080,95916,110583,121567,131108,141494,156354,168038,172354,183806,188518,261163,212990
642,59467,62064,67482,71908,71013,79520,82008,85804,94138,101759,117969,131522,137552,144636,158889,162528,174998,190920,204643,212713
643,61843,63784,65651,68666,74236,78929,81181,88513,92332,101449,110288,124868,137466,141004,159104,160113,172012,186856,195522,207292
644,59387,64583,67882,69744,71949,79525,82196,87909,92504,101360,110307,124908,141529,143857,158386,168142,177675,187090,204326,207467
645,58356,61092,65423,68881,72623,76429,78707,84881,90705,94705,106968,115493,129068,138189,145843,156784,165470,169550,200413,190240
646,59691,61450,65784,71135,72356,77731,78594,84351,91285,106542,112127,126170,133078,146629,152559,161698,171359,246603,193678,203306
647,58560,62149,63968,68768,70561,76961,79357,87728,87195,98344,110109,118657,129525,137064,145899,154797,166609,177491,193821,192545
648,59783,60054,64553,67962,71811,76795,77898,85132,92000,101429,112792,120965,136485,139373,147446,229137,171630,177194,180662,198677
649,57295,62174,64403,66666,68856,75225,78990,83922,91623,100180,112919,121039,133864,137690,150160,169125,173095,172716,191239,199107
650,57239,60528,63447,66849,70205,75774,77901,84975,91667,100123,112506,122451,133584,143578,149635,161742,172812,173156,181638,200454
651,57730,59649,65460,68665,70528,75260,78706,85740,92113,101747,117100,121055,133757,144654,148303,163056,173607,231832,188683,203386
652,58617,61138,63037,65949,72363,75553,77846,83675,91961,100663,111234,123538,134915,136962,148170,160559,172421,185657,229552,232510
653,58270,61254,67326,68722,70699,74898,77765,83013,90979,100275,115822,121443,133240,142211,151409,162563,176309,185040,195462,204991
654,61411,61376,64952,67405,69819,76205,76782,83020,88059,143840,111031,114676,133454,134008,151397,162286,174824,176692,198711,202385
655,57647,60938,63889,69051,73858,75036,78584,82887,145215,101666,111916,120696,125461,141327,152102,164255,198759,178803,187931,203919
656,58992,60471,65291,69225,70487,74505,78256,82671,91114,100278,107300,120667,128952,141082,151684,164070,174614,177980,189017,205076
657,55714,62133,66065,70668,70533,76230,80092,83966,93168,102039,113502,117926,127676,139277,154658,161212,172655,179132,189406,204969
658,55953,61478,65988,70077,70470,75251,76807,84051,92508,100981,112773,117326,127174,139525,152951,160216,173484,178190,238126,240347
659,60072,59312,69033,68359,71605,75833,78698,82410,92253,100630,108417,118480,132720,142695,153630,165111,176433,246681,190410,210764
660,55193,62607,67911,67715,72484,75497,77415,83494,91721,100459,108279,117862,128471,142443,153750,163026,177328,181033,189478,196462
661,58238,59462,63026,69454,70752,75778,77023,84268,91193,105497,109485,122530,131575,142832,155037,163113,175855,183422,188729,200007
662,59784,59675,62736,67487,70462,76006,76829,85562,94564,105553,110385,122379,128211,144524,156541,162734,170570,179194,192869,198440
663,59833,59355,65401,68129,70547,74968,78437,83893,96558,99295,113185,119657,134005,143836,155600,164563,169883,176712,191635,199337
664,61081,61667,64437,67022,70571,75656,79655,84860,92753,99283,113446,121655,131706,143103,154928,164981,245749,177213,224421,246912
665,58198,60916,64292,71148,70028,75787,76969,82845,92538,100575,112131,120353,131279,141268,152660,162317,177010,176323,190646,207643
666,54519,60747,64449,69735,70587,75737,77580,85163,93197,99023,110874,122296,131294,141491,200853,217969,173537,189915,193850,196455
667,56454,65028,65546,66919,74108,75618,78977,85151,94141,101413,111082,117100,128703,141986,152448,164667,170453,176774,194076,195526
668,56343,63171,66297,67887,73123,75881,79669,85912,92328,106178,111534,117264,128441,140682,152216,164421,174268,240273,191521,195085
669,55217,58525,63826,69858,72652,75650,77839,82346,92875,97481,107699,120393,124705,149649,151236,161759,171161,182441,191982,236421
670,57999,60283,64634,68308,72387,76207,77678,82395,92668,171421,109372,117029,230907,139575,150934,161453,172224,176017,240822,205057
671,55815,61895,64856,65968,70967,75225,77469,86937,92172,100843,114326,118214,139454,203770,148663,158080,168614,170906,192968,200017
672,56538,61044,61693,67833,71110,76755,77491,84018,89507,103712,113320,133109,131378,144229,154116,158548,168296,179187,191828,201210
673,56624,64371,60394,65784,71289,75831,77558,85509,92049,95474,115468,118673,129525,139707,153837,157444,166634,174792,192021,194989
674,55352,64506,66095,67357,69809,75315,77160,83500,97390,98017,109398,120997,132331,139432,153984,162885,166938,216226,187390,216814
675,58908,62052,65214,70982,70920,79153,79646,87214,93770,97120,105553,180560,128566,140954,152296,163150,165253,187080,195477,217930
676,61570,61626,64537,70931,71271,77729,79640,85861,91871,95430,105708,126405,130572,140877,152187,155625,218062,175838,188224,203663
677,57802,63728,67295,71474,73900,79291,81696,87315,95095,97043,187870,121911,136133,143444,157055,223832,183741,183741,191288,211341
678,57830,63190,66237,69314,75150,79392,80375,87687,94199,97163,111563,113854,132103,139708,150285,167272,168888,171640,217930,199342
679,57810,62981,67011,71441,74132,78257,78706,89347,90400,100195,107026,116030,129946,135092,231039,159116,167193,231039,192488,231039
680,57724,62432,66976,71979,73950,77949,79152,88962,91106,100100,107311,116020,129163,135365,157368,158392,166998,185314,195595,201766
681,57737,62127,64299,69391,71006,74822,77702,82839,92219,100277,110980,113909,129952,135350,145854,157085,168251,173235,184476,201663
682,58579,62172,64782,68070,70375,75079,77796,82606,91421,99921,113403,117242,129421,229207,146445,156196,168405,173184,231039,199983
683,57318,61329,63801,71201,72198,76590,77061,83177,88617,152430,112356,124711,130495,147908,150433,164892,246504,188565,197220,247639
684,58111,60934,63560,69335,70368,76191,77300,83493,88168,101072,112522,115894,130615,138837,150660,155580,176656,179229,187221,208386
685,60008,61969,63365,70095,71263,74687,77953,83808,89151,101014,114597,198182,125694,135845,150704,167737,164175,239943,188617,192691
686,57245,61381,62597,70026,72689,75916,78750,83341,89085,103065,111965,124687,124452,136900,150996,159305,163946,186966,194021,193248
687,56153,64172,62949,69417,72485,75962,78376,82757,92572,103431,111461,118871,124688,138024,147788,237533,163868,175853,191310,191034
688,56214,62025,62995,69096,70294,77071,78100,82414,102015,103104,110049,115338,149916,135597,147379,10,163305,175488,240273,238052
689,58793,59828,65684,69141,72423,76961,78329,83298,88898,104583,108909,120431,126865,136736,145235,159041,164281,174900,190744,201267
690,58669,61646,63140,69124,72158,76819,77481,83506,88052,103774,109937,123138,128321,134029,145058,158229,237238,174696,188060,200925
691,56013,62075,64289,67032,71331,78272,78255,83626,144949,102582,108343,120846,196160,135616,234449,157939,173628,237176,187765,203092
692,56616,61477,64295,69117,72503,76329,77465,83497,93526,102951,108471,122468,131755,136204,159386,155974,169899,183866,186673,202614
693,57150,63295,64552,67817,71702,77198,78776,83533,93987,103174,115317,118851,124928,233914,148294,155412,170117,173563,215273,237626
694,57116,63498,65451,67925,71751,76850,77979,81479,95084,102531,112600,120915,126993,147205,149060,158479,170576,173627,189916,202998
695,58101,61730,64288,69593,73330,74384,77455,81867,94672,100481,113655,119295,123971,134730,150012,158592,168427,173066,185267,200476
696,58016,60768,64068,67755,73033,74696,77311,82526,94564,101245,113447,123158,123830,134600,149994,155101,168275,214651,237626,200499
697,55995,61226,64648,68565,70954,76032,76666,86056,95495,100816,108936,117992,130181,134667,147634,235766,170292,184622,189558,201400
698,56149,61257,64647,68455,70923,75684,76462,86329,95529,100535,160400,116895,123305,132164,147252,158264,169798,174405,184208,236119
699,55149,61843,61701,67649,70550,74656,76611,80818,96502,100427,112501,114246,213622,135013,148332,156573,170810,173129,184139,205457
700,55411,62565,61699,67337,70834,75025,76386,81331,95701,102032,110895,195794,132296,133720,148181,158981,236617,236617,183775,202782
701,53912,59021,59618,66791,69413,73856,77099,81008,92972,100030,106051,119149,125626,132333,148254,157645,170204,186074,236451,201061
702,54812,61042,59977,66744,69169,73381,75663,80819,91336,99047,110433,117924,125458,212566,146605,154855,167290,169937,201170,200398
703,56023,62299,60839,69165,70518,74944,76183,86682,91561,100857,110928,115508,125882,143691,237858,156181,172448,176372,187569,204548
704,55904,61771,60664,69103,69236,76536,76250,88075,91999,121937,111216,119058,125357,134076,160922,160726,172503,176483,184577,241479
705,57322,61598,64453,67434,70199,73300,76676,81202,93503,98935,106718,120428,125438,135288,149056,239155,172576,178316,187900,207404
706,56999,60417,64391,67395,70527,74027,76255,80838,92865,101330,107708,119275,125528,135263,148125,161918,163061,243946,240987,194458
707,58439,61363,64550,65871,71564,76171,78752,81806,92140,99449,108983,121421,124707,137440,153346,153035,167413,181223,190155,200101
708,58457,60479,65629,66695,70262,76054,76224,81328,92266,101273,170684,119490,124586,137415,143847,154730,188652,178044,189145,199640
709,55887,61619,65692,71469,76104,81883,83514,86585,94243,100602,107252,115040,223103,137444,143016,154492,164833,175214,189278,248982
710,57135,63223,66512,70955,74539,81753,83532,86315,92125,154051,107106,117769,133837,137124,150692,153209,206952,175985,194081,197632
711,57534,63883,64824,69133,70041,74294,76587,81933,92820,100091,107669,127038,126037,248672,151756,153106,176410,177446,183288,200505
712,57540,61960,64845,69313,70159,74001,80409,81159,92577,99962,108390,119289,125665,148113,150872,226925,164296,176509,248982,198076
713,56000,63051,66175,71130,74843,80982,80972,87690,95758,98760,107648,200825,119502,134429,150152,162952,163787,243369,192561,195527
714,54884,62011,65775,71167,72465,80871,80523,87705,92668,99006,106598,123103,119436,135485,149619,153592,163848,177026,183813,244395
715,56261,62339,67053,66879,71968,80890,78798,87940,94706,99634,111794,119471,119836,134583,150090,154384,242324,177632,183042,209266
716,56253,62341,62713,66869,72159,81128,79554,87798,94869,99711,112481,114208,126614,133407,150037,152101,177380,174701,182080,196816
717,59115,64436,64558,70943,71457,78392,78886,87160,94007,99442,105016,113179,126630,134026,234079,152224,162627,170697,244395,193770
718,59150,63705,64363,70861,71800,78962,79829,84881,95077,99914,195269,115131,211146,134941,155699,163672,169185,238154,194227,203988
719,55674,63664,69167,71257,72342,78046,79167,88715,92202,97956,109964,114447,131400,133083,148404,235509,168573,185904,189699,204239
720,55624,62538,67838,69464,73628,77268,79543,87051,91890,98081,105346,114157,122936,135817,147952,174345,168574,174210,187984,237155
721,56273,63521,64173,68896,71933,77203,78455,85780,91327,146830,106678,115449,127012,135386,147750,158908,168419,173010,187409,206899
722,56105,61321,64109,68835,71133,77866,78993,85785,93029,94074,103080,115154,126950,177757,148642,159698,167784,172368,185124,202751
723,57499,63205,65270,68776,72207,79054,83435,84055,93115,95869,106307,192350,129478,142275,146567,159344,228233,171552,237155,200823
724,59030,63189,65228,68583,74083,79092,80626,84652,92520,95810,106408,120994,129515,136147,146540,158075,168614,233545,203056,200624
725,56172,62316,64210,68281,74067,76744,78758,83973,88242,98553,102769,112674,127313,134551,142495,157693,163389,183764,189620,196205
726,55950,62580,64285,69780,74544,77682,81140,84788,90907,101214,109745,120373,128940,140561,142510,152650,166853,183775,188348,226525
727,57307,61040,61312,67058,70611,74109,78938,84644,92498,97320,108927,118714,122836,133669,215833,151851,160543,174313,188244,203426
728,54682,61330,61498,66930,68884,73778,78059,90544,94384,135223,108553,118730,211007,211257,159066,152535,196617,173985,183764,203030
729,57951,58358,61920,67652,70044,74248,76567,84648,89637,95542,135561,116397,136544,143447,145943,215423,171870,216575,226525,204979
730,57886,58363,61913,66658,70009,73994,76123,84707,92048,98794,107821,116625,127299,135374,146724,159524,171705,184157,191577,218608
731,55420,57764,62113,68959,71210,73808,79940,85208,91663,98580,110207,119548,131305,139551,150962,159369,180007,180007,191127,216967
732,57304,58177,62194,69865,71127,74283,79679,84698,91828,97860,109931,118743,129019,139105,150703,163311,164371,179532,192234,211450
733,55827,58953,65405,68251,70508,78226,80440,85672,91872,99164,110062,200952,127258,140787,151388,151612,224752,181340,191914,211553
734,55620,57352,61066,69118,68177,75073,77745,85379,91387,140401,120173,124871,127586,142119,151608,152909,180542,181398,198989,199853
735,56548,59593,61202,68095,67735,73514,76661,85563,90405,98338,107994,119556,129331,141303,153285,223516,165553,226930,194301,201268
736,56541,59798,60590,69453,70077,74186,76069,86108,89559,96790,141301,119526,128590,139924,153063,162897,166415,182355,196660,198557
737,55120,57715,62996,67547,68485,74631,74959,81964,90090,103063,110622,118338,127394,139295,151854,154749,165878,179401,227093,225850
738,55378,57836,61229,67370,69098,74247,75452,81808,89851,96206,110694,117918,127039,139274,151583,154680,167020,179302,198337,211999
739,57777,59513,62406,66657,68716,73036,74857,81704,90256,97405,111506,118533,128003,220771,150939,153956,165692,179074,197089,209901
740,58371,59118,61388,66549,68962,73278,74613,81754,106421,96813,111261,118382,128065,149676,221837,155119,223938,180142,195011,212075
741,58151,61239,61382,66714,68566,72402,74796,82341,89489,136094,112200,117558,218185,138058,162036,224249,175826,222617,194581,209394
742,58268,61734,58877,66528,68599,73375,76058,90791,89454,105531,111902,119151,136199,137430,152560,164528,174035,178389,193221,208829
743,55816,62527,63731,68533,69333,72655,75215,85358,98841,106173,110634,119306,124760,140029,152489,164080,175105,179557,192940,208837
744,55735,60987,63295,68863,68982,72588,75400,85477,89887,104546,114375,117336,125853,139932,152697,165197,166005,179411,191480,209813
745,56784,61148,62582,65330,71435,73827,75740,82896,91198,100649,113128,119082,127302,138201,152897,165144,166042,181666,191048,210244
746,54192,61761,62481,68504,70959,74367,77021,82503,91029,101303,112906,119218,126599,137822,153294,163522,166506,178990,223912,210205
747,57419,57731,64796,66960,69822,73877,75631,82489,106802,96970,141480,200200,128874,141835,154088,157542,167495,223556,196985,211772
748,57311,63439,62232,67953,69061,74553,80587,82142,94569,92974,115453,128654,128897,139137,153147,153521,223062,179782,192785,211063
749,58661,59580,62170,66384,69784,74244,76488,94892,92920,106750,114412,120972,128583,144235,150412,155803,178769,180859,192814,210235
750,58026,60660,59742,65671,71129,73991,76545,84077,88236,106989,114255,120507,128434,140358,152740,157086,166635,179671,192945,199496
751,56597,61657,62739,63616,68503,74097,76883,83886,92714,105176,114260,121995,132689,140629,154808,156137,169110,184727,192375,199937
752,56098,60678,61485,64675,69711,73925,76612,83992,89436,104927,115339,121156,130711,139939,154536,226002,168870,179609,194822,199503
753,59354,62948,64211,67412,69958,75116,77438,83927,89461,99406,113969,123385,132922,143000,156990,166063,170224,231176,207376,205082
754,59318,59805,63014,67362,68864,75528,77539,83934,142700,98087,114717,124302,131065,173210,148015,157950,169965,182245,200286,205550
755,55151,62390,63689,68179,69191,75364,76873,84086,92246,100358,119017,123591,162230,147501,149307,158119,173206,186829,197272,211482
756,54858,59032,62759,66159,70210,74492,78023,83045,92845,100290,114436,118378,134786,137616,149243,163107,237148,176245,199378,207840
757,56530,60797,65631,69297,69968,75113,78192,87771,89722,148148,107861,123079,131292,138784,150281,162701,174389,180318,187290,208131
758,53223,57371,63250,68659,68613,75289,77489,87623,89374,107135,111560,120979,130505,139358,149750,162095,171462,180368,191782,207652
759,52946,58329,64989,68757,71407,75912,77938,82830,88645,98737,115135,123622,132951,139959,218024,163321,174395,178681,237148,209993
760,56096,58401,61869,68674,69868,76101,78522,83573,88425,99376,112368,123589,133108,146739,162450,165360,174135,178345,206335,198466
761,58862,63299,64162,67588,70592,75973,78573,83899,96453,110238,118232,124945,133368,138764,155360,163360,174773,244419,193673,194438
762,58405,63551,63378,67801,72324,77119,78383,84048,93333,106936,112948,124592,133269,239516,155159,166537,174556,184209,190132,244243
763,56154,62007,64209,69417,71807,75971,79152,83505,95252,105823,113907,125537,134646,148559,151887,166172,177085,178626,191361,211686
764,53208,62018,64391,69188,71977,76081,79393,83393,95428,110883,113929,125362,133478,140926,152201,160491,175428,181399,194451,199954
765,57025,61556,66187,70012,71795,76992,78777,84930,90040,106670,119564,126735,133916,141510,152595,160562,174860,177661,197155,200449
766,56426,64731,66249,70217,72670,77300,78931,84898,90915,107135,115198,122016,134654,141446,152413,184132,174939,180864,192566,199727
767,56036,61529,63490,66869,71760,77013,79480,84987,90246,101101,115962,123667,137025,142482,153004,165835,174109,179314,192485,198004
768,55813,61237,63866,67410,71321,77148,79904,85754,90218,102918,120211,123069,135096,143261,152542,163392,173775,178957,189981,242780
769,56237,60745,67247,68685,72949,77951,79497,86654,103218,109199,115102,129258,135571,144009,155951,162728,176743,240474,190303,212107
770,57453,60082,62843,68861,71974,77849,80550,85737,101215,103237,115361,129300,135757,142900,155024,165589,176644,188793,241242,202404
771,56359,59659,61781,69829,71542,78300,78752,85251,90971,106593,113411,126236,134051,143605,155596,165588,175453,179729,196118,200848
772,56402,61694,62157,69510,71008,79013,79503,84892,91561,112013,113098,125997,133029,144136,155290,161203,175068,179822,191216,206785
773,59008,62199,63788,70116,72645,77203,80067,86011,94757,100098,119774,125497,146955,143133,153342,166163,172074,178058,189757,201667
774,58071,61819,64536,68683,73054,77896,80290,85604,94798,100218,119927,125647,136146,143273,153275,164528,173765,180230,192260,208155
775,57576,63387,65751,67317,71917,79037,78711,86127,95203,101717,118834,124765,134800,140903,152475,208213,169188,178000,192546,203566
776,56346,63130,64213,66011,71918,77018,79378,85746,94726,99335,122050,124389,137897,144195,152331,164868,173333,176168,193443,205735
777,58711,62081,66488,67259,72923,78328,80424,86248,91024,96959,123657,131748,140514,153930,155574,164965,179020,234563,197078,224253
778,58012,62542,64834,71016,71892,78545,80479,85879,91957,101565,121276,128723,136275,144139,155756,166312,176296,187601,194737,210430
779,55310,61078,63345,67663,70951,76824,80786,86498,91082,106041,119378,126844,136369,144621,157823,164605,178142,183224,193150,209161
780,55334,61168,65508,68774,71374,76823,80206,86243,91887,96811,119853,127211,136925,145015,155969,164203,178200,182110,236055,209137
781,58936,64273,65760,69922,71829,76999,80062,86407,91918,100993,110518,126179,137308,142321,154664,164473,176035,180372,196709,204618
782,56001,64816,64726,70952,72174,76831,80384,85953,91676,102254,111373,126524,136997,141733,154320,162778,175854,181032,196692,208245
783,59748,61125,64878,70487,74572,78419,80154,86038,91004,97559,102395,126399,135177,142851,152825,163197,173203,174346,196083,204163
784,59828,64411,66488,67640,73242,78396,80060,85377,90548,97397,115206,120826,135149,144115,152952,164526,228400,174423,193436,204574
785,60024,63650,67324,70236,73342,78243,80820,84905,89960,96538,105803,114917,135852,141545,149982,165439,171463,226049,192025,201944
786,58975,65034,66022,70241,73883,78814,81113,85180,90757,96021,111775,121234,139600,138250,151116,162058,171309,185714,193159,202210
787,55151,59414,59345,64836,67516,72579,75675,79738,86158,99577,112851,123209,134774,140056,149847,161074,175558,186324,189971,234837
788,54391,59173,60522,64825,68016,73173,74584,81563,95028,149450,117848,127682,135131,143484,227716,159042,175162,189244,184180,207101
789,53591,58227,61696,63019,68259,72179,75166,81453,90132,100278,119498,124882,133723,144420,156961,159617,174055,187223,226852,205167
790,53791,56690,60195,65623,69074,72327,74400,82217,126451,100134,117003,122107,134202,144398,158014,225420,173981,187038,203085,205761
791,54218,59109,59899,64424,70549,72480,74646,87947,89484,100514,118295,126598,135796,143879,156603,170187,172844,187502,202928,206495
792,52733,58536,59536,64689,70878,72806,74562,81316,88215,98833,117484,125190,136794,143638,156947,169613,172067,187747,200457,208288
793,54360,58095,62165,65539,70421,73068,74779,84161,88892,99454,117897,126381,135540,143718,156030,169746,172892,185417,201106,205416
794,53126,58168,62181,67046,69919,73168,74609,84707,88821,99328,111733,127123,136117,143473,156129,170900,172474,185828,201498,217268
795,54626,58074,60881,65163,69624,73637,74992,82062,89075,99377,117121,126525,135667,144979,156442,169423,170452,186838,199622,215580
796,53610,57701,60764,65613,69857,73674,75030,81492,88655,99210,115906,126064,136270,145214,156774,168728,171750,185807,201579,215411
797,54451,57204,58071,65653,69930,73422,74597,81462,88911,98907,116362,120503,136327,143124,156540,168192,223072,187403,201238,212921
798,52443,57194,58633,65069,70754,73736,74106,81199,144363,104036,117728,120943,136602,144855,156125,167958,182826,185008,201570,212962
799,55890,60919,59063,64445,70058,72331,74929,81885,91524,98811,119118,121160,140942,143553,155245,168771,178585,187728,199325,213646
800,54336,60219,60542,65279,70850,72660,74905,81825,88810,159723,116912,125215,135751,144292,156104,167852,177454,187101,197286,213846
801,53753,60056,58075,63980,68348,72967,74253,81983,95052,104366,117028,125998,134899,143149,155143,167794,178881,185534,201304,210823
802,53377,59452,57940,64986,68752,72745,75188,81269,95624,99021,116005,128407,135700,181452,152937,167452,178855,183372,200518,212693
803,54777,58039,60673,64570,68310,72877,74103,81807,89884,100334,115876,128268,138935,149555,153748,167768,180905,183198,200295,211252
804,55337,58052,60034,66693,68810,71862,73718,81938,89876,98783,116527,128472,138739,142538,153812,167571,183432,184047,199915,211008
805,55081,59730,59471,64717,68071,72677,74427,81646,89414,98200,114085,126108,138663,142987,154302,167349,181164,181774,198864,211379
806,54308,60012,60059,65751,68402,73526,74985,82198,89701,98191,116446,124079,138360,142798,154688,166606,180918,181764,199452,212504
807,51518,58803,61084,66245,68485,73435,74239,80877,90305,101650,115164,125391,139800,142867,154339,166703,180433,219550,197827,208487
808,53631,59450,60917,65228,68415,72361,75455,80989,88347,98278,116410,120829,140039,142183,153535,165447,179505,190038,22,213517
809,51786,60245,62028,65942,67892,72799,74515,81055,93066,97818,114948,126233,138659,142506,153805,165310,180597,190226,200929,214279
810,51632,59986,62581,67197,67313,72666,74983,80806,89478,97880,109699,126034,138691,142668,152315,164437,180531,180453,200342,214434
811,52506,59354,59506,65580,69753,73165,75028,81944,94326,97120,113574,125950,139505,142333,155477,164898,182814,182814,197038,217845
812,52162,59325,60127,66136,66969,71801,75090,82501,90276,159175,109327,125136,140322,142504,154350,166242,181738,184651,198639,209710
813,52492,57963,60313,66251,69805,73600,74168,81936,89395,101940,115126,119038,137844,142230,156818,167679,179479,181149,198569,211255
814,55264,59619,62634,65902,68085,73220,74227,82026,88619,97964,112706,125354,138922,145042,156916,166905,180119,180905,198514,218002
815,54477,57164,59631,66082,68780,72180,74476,82117,94035,98251,113426,119697,139037,146064,154179,167865,182554,183724,201664,216194
816,54438,59030,59899,65640,68150,71420,74556,80920,93134,99837,112128,118519,139268,140946,153981,166161,181659,182155,199700,217185
817,54336,59668,62106,67179,67448,71410,74478,81062,93405,97816,111576,118895,137212,156020,153069,165325,178360,217596,199576,214487
818,54268,59726,60664,67286,68271,71620,74134,81180,94310,101471,111628,118007,135913,149445,153258,164279,180775,189597,200967,214253
819,52103,59337,61480,68049,66385,71770,74401,82120,95017,101262,115868,122794,135898,143090,151714,164295,174835,187615,198883,212883
820,52083,59429,61743,66771,67748,71723,73905,81828,89817,96176,110952,124143,137970,143287,162364,164128,174603,187271,198691,211901
821,53907,59227,61675,66436,67786,71882,73539,81309,130373,95443,111073,122543,135007,142466,158350,164588,174572,185825,199452,209661
822,53413,59062,63149,65487,67754,71642,73400,82610,90550,95759,114243,123719,135713,146972,159206,160737,174698,185366,197977,209528
823,54381,59066,63548,65019,67679,71120,73629,86085,89676,166915,114840,124608,135649,147841,159045,160858,173982,186340,195266,209463
824,54315,59364,61576,65569,67487,71116,73752,85008,89166,108966,114330,125832,135023,147105,159162,160474,175132,186342,195662,207781
825,52981,57896,61774,64952,68530,72415,73175,81341,90608,101305,114034,124170,133481,147058,158447,160444,174056,184380,194004,206947
826,53907,57816,61176,65824,68126,70626,73117,85869,92109,100966,116597,126479,134270,146794,158198,161153,173525,184601,192587,217638
827,53696,58972,61790,65156,67586,71736,73320,85580,88790,99754,116873,126404,133350,144169,157126,167020,171300,181322,194871,216109
828,54488,59380,61609,65102,67933,71725,73440,86145,91628,103702,112139,124135,133174,144388,156905,165718,174647,188677,194636,215021
829,54298,59203,61997,65027,68577,71489,72857,84836,94827,100684,117841,126363,137795,144769,157866,165594,179591,187618,191388,214477
830,55034,59721,61863,65966,68465,71815,73560,84786,96029,100365,113570,126473,137738,143838,157456,165295,180113,187411,200497,215066
831,52936,60168,62943,66051,67751,72332,73042,84418,96278,94801,115093,123269,135472,143209,155569,165903,175891,184570,198673,211541
832,52507,59062,60851,65747,67185,72552,73264,84361,91786,100311,113631,121452,134779,142967,155897,163534,181793,183532,201937,211626
833,53546,58549,61016,65097,67420,70894,75981,84274,87537,95045,112507,125192,133730,153583,153191,165403,182705,184291,203383,211342
834,53704,58225,60485,65207,67078,71371,74795,84000,86931,94705,114986,123472,133601,143570,152424,165672,183645,183353,202035,211400
835,49920,59985,62381,66079,67167,70982,75602,83143,87295,100202,110494,124017,134894,141334,153837,166456,183482,204886,199827,213788
836,50650,61011,62263,64680,67384,72011,75844,82742,144849,95026,110520,124009,134910,141732,153810,168345,184444,184937,200290,212283
837,50969,59054,61173,64086,64954,70728,76536,82206,88044,109804,111989,123643,134475,198178,154109,168298,184620,186997,200438,214562
838,52165,58878,60351,64113,65909,70496,76724,83050,86815,102006,111393,124071,133744,148763,153726,169358,184302,186911,200087,213870
839,51803,60539,62011,62897,64826,71556,75868,82287,89210,94958,113718,124173,133548,143702,153759,166658,182522,185566,199932,213547
840,51778,57803,60361,62672,65330,71188,75754,82071,89017,158265,113954,123847,133441,143324,153706,165923,182944,186318,198576,213546
841,50158,59024,61355,63317,67391,72155,75143,82395,87829,99586,114179,124039,133332,142926,151248,168677,182164,184424,201312,211302
842,53845,60792,61960,63622,67577,71220,75141,82692,88284,94789,109440,124483,133166,142766,152603,165759,180144,183741,200783,210360
843,51157,57759,60707,64361,67651,71200,74770,82095,88036,94695,115564,125100,134584,143739,151028,165773,181181,184382,200022,211084
844,52004,58674,60722,62822,65179,70350,74479,82366,87134,94683,115243,124731,134601,143780,151141,165905,181719,203591,200299,212267
845,50504,60382,62921,63512,67166,71354,75199,81879,88999,94680,104816,122735,132310,141380,151264,165475,182281,192493,200770,208338
846,50491,60380,62361,64857,67657,71299,74680,81542,141706,96417,112542,121960,132858,140565,150830,167378,182639,192678,201237,214440
847,52823,58262,61165,64863,66585,70497,74621,81758,89984,142949,112720,174914,131856,139703,149931,165260,181133,188456,199516,213224
848,53089,59085,59549,62586,68606,71469,74536,82361,88154,103333,114657,128014,131188,141293,193191,166868,179363,189610,200663,213306
849,53060,61105,62857,64095,65907,71333,74566,81177,86514,96530,113471,119210,130739,139187,155960,167274,177020,187994,196962,208147
850,52280,58295,60110,64630,68046,70850,74129,81702,86488,96611,113905,123303,135566,144736,155703,158018,175937,190680,197157,208263
851,54668,59183,61099,65378,67272,70148,74719,81015,85720,99902,115528,123757,134838,144576,156412,157020,175690,187818,196418,208319
852,52529,60269,60686,65297,67699,70222,75272,81552,87025,99729,115371,123545,135744,143562,157465,158661,175499,188559,204215,208868
853,54261,59918,61835,64853,67301,69848,74300,81030,86487,93679,117522,123323,133462,144873,154090,158733,175497,187559,201144,10
854,54533,59962,61843,64957,67182,70243,74294,82317,124651,93421,116320,126235,133947,144946,154744,187032,177661,186948,201018,204121
855,52678,59015,60696,65481,66834,70298,73953,84063,89440,161362,116107,125076,132729,144539,156991,168089,179096,184997,200433,203561
856,53802,59426,60642,64252,66774,70021,73980,83703,90929,102012,116219,124824,136263,144242,154265,170735,179697,184872,199578,204197
857,52810,60000,62366,64967,66001,70780,73981,83869,93672,102215,115285,124948,134256,142873,153400,171677,176584,185004,198162,203939
858,53855,59722,62021,64881,65622,70492,73604,83342,91283,97952,111950,124030,134429,179406,155572,165793,176126,182634,198443,202406
859,52179,59515,60996,64908,66607,71123,72918,84789,94532,102738,115731,124380,134233,144824,155162,165380,178132,184361,197242,202235
860,52799,59682,60940,64502,66650,71061,73546,83642,90082,103265,115859,125080,134717,142992,154634,171558,178239,185152,200954,206051
861,51611,58815,60608,64029,67353,69857,72906,83600,89694,97204,116033,124364,135439,142129,155099,168740,180387,186215,199130,206012
862,51699,59094,60565,63965,65775,70310,73496,83318,86692,95949,116353,125057,133101,142594,154816,172955,180858,186791,200109,206358
863,51879,59145,61234,64019,66413,69649,73539,82199,86501,98107,116368,125396,135184,142302,155090,172866,179914,186918,202578,205570
864,51768,59511,61301,63616,66262,70013,73241,82547,124796,103719,115927,125432,133823,142747,155272,172972,179842,187070,195797,204957
865,53951,58343,62135,64789,65449,68697,73244,81882,88438,102660,115133,124780,132779,141278,154475,173068,178381,183841,196871,205146
866,51348,58812,60415,63795,65283,69074,73299,83947,88129,98077,113799,123832,134493,141198,154430,170827,178262,181767,197179,202892
867,51658,60158,62684,64533,66496,69237,73891,82470,89347,97233,117426,126828,136647,144494,156239,170969,179080,184862,196936,201649
868,51277,59928,61464,64865,66971,70183,73273,82375,86845,125420,112289,126428,131212,142936,155698,170983,179127,193488,198207,201753
869,52659,60720,62321,63780,66797,70564,74297,82594,86099,103190,116308,124569,134234,154771,155884,168411,174332,184940,195744,202037
870,52085,60410,62007,63704,67042,69818,73978,82331,105137,96654,116284,124837,135543,142792,154252,166661,174001,184387,199280,201840
871,53707,58999,60757,64039,65962,70416,73288,81795,88033,99737,114983,125935,133909,140933,152448,166437,172803,180633,199010,201235
872,53025,58753,61076,64068,65881,70438,73141,82923,87919,98631,114181,125085,138059,141704,153137,165605,176049,187063,196993,200059
873,51901,59018,60179,64960,67123,69380,73230,82028,110150,97609,115499,123280,136443,175423,151402,166017,177995,189022,197797,199542
874,52063,58984,60574,65144,66904,69716,73436,82002,88491,154211,115351,124442,135905,146987,151801,164669,176488,186773,197968,197993
875,54244,59807,62505,64880,65624,69242,72998,82202,89192,111928,115310,126269,139167,143949,176512,164650,176560,185607,195966,199302
876,54128,60245,61976,65054,65933,69070,73301,82814,89019,107257,115144,127020,137219,145219,161615,164113,176934,185536,195627,198413
877,53222,58508,61597,64198,64897,68667,73108,80746,88766,102800,114721,126399,137630,141261,158664,164948,173295,183534,193428,199066
878,53293,57927,60543,63732,64971,71222,75029,81813,137551,98000,115825,125612,137370,140763,158482,161470,173541,184804,195047,196067
879,54226,60017,62017,64908,65356,70887,74055,81760,92097,97049,116032,120499,134353,143004,158730,161008,171977,185102,194713,195543
880,53701,60414,62147,63677,65474,71158,74701,82374,87746,96669,115819,127324,136293,146289,158524,165200,172189,185113,195778,196338
881,53948,58607,62602,62958,65753,70802,75001,80998,87301,96218,115482,126054,133567,143566,156723,165200,168158,183035,191574,196705
882,53107,59779,61286,63410,65760,71104,74029,82152,88755,97232,119854,125761,133066,143749,157002,163561,173187,182444,192280,191624
883,51736,59361,60697,63953,65348,71859,75317,86858,90898,101014,111724,126370,135354,147148,158460,164352,181533,187444,191694,191339
884,53343,57766,60819,63732,65403,71919,75092,82942,89082,98993,118371,126683,135886,143297,158185,169048,172121,185685,191089,198891
885,54951,59666,62120,62135,65347,69919,75447,82251,89607,98125,115897,125135,137883,142999,157908,162551,170458,182370,186449,195824
886,54445,59287,61520,64123,65245,71191,74982,82797,89389,105506,116283,125941,138397,140360,157531,163111,170422,181875,188715,194338
887,53543,59217,61336,63482,64306,71064,74537,81757,89003,98459,112683,123955,133312,167011,155932,161462,168738,176240,195193,197400
888,52960,59716,61254,63200,64615,70910,75082,80839,97427,108375,115076,126862,132823,144852,155308,161625,168996,178358,193173,191920
889,56103,61189,61543,63665,64770,70707,75251,82444,88924,106190,115681,126804,134192,143686,154360,162547,167758,178757,190577,196758
890,55214,60060,62456,62980,65234,71373,74836,82117,111559,106330,115746,123288,134318,145418,154132,161493,168480,181016,190888,194042
891,54648,59091,61274,62494,65610,71371,74995,81790,92125,105169,114234,123621,132318,141693,152341,161626,170732,175233,187604,192637
892,54233,59785,61187,63785,65341,70481,74817,84901,91809,97135,114176,125187,130579,141076,152362,159309,171154,174492,187066,189346
893,54507,59756,61768,62480,64211,71755,75578,81898,90761,103172,110868,124455,126588,139429,150725,160055,166852,172231,186361,190240
894,54116,59584,62109,62590,66080,71499,76347,82169,89445,102981,111281,121677,132745,140646,154655,162942,167362,170764,186312,187499
895,54686,59733,62049,63016,64437,70642,75621,82369,86844,112643,111357,118242,131272,153587,154123,163187,168074,170787,182455,188173
896,55262,59903,62053,63359,65508,70826,75139,81509,110796,101205,111179,119297,133041,141458,153939,161185,168207,170107,184089,187636
897,53871,59044,59618,62590,64450,70472,74538,81069,85743,94595,106024,117626,132605,151733,151267,161010,163737,168058,181629,188021
898,54645,59036,60539,62592,64285,72470,74307,81223,85255,148463,110492,121152,132205,139434,151802,160127,163340,169490,180203,184506
899,54764,59793,59830,62861,64536,72519,74472,80933,109419,106610,116501,121342,132467,151754,151473,159918,163727,169616,182842,185995
900,116,117,117,117,117,117,118,118,118,118,118,118,118,118,118,159709,118,118,182810,185225
901,52133,55499,56495,61469,63300,66403,74045,83886,91108,104383,117668,126939,136362,139342,148904,118,158395,165013,177429,118
902,53695,58052,60837,63219,74213,88565,107183,129330,142624,143208,143572,144285,144609,145893,151569,152906,161170,166465,179159,174585
903,51652,57737,59886,63001,75166,97106,106577,142230,143225,144331,144959,145345,146314,149071,153609,156820,159779,168398,177535,184860
904,51790,57480,58628,61515,63125,73900,106435,87247,98179,144729,145125,145551,146567,150105,153500,156668,159827,168602,118,184323
905,51490,58267,60400,60867,62512,72678,74479,81093,89972,97622,144680,145191,146255,149765,153362,156873,160183,168111,171860,183684
906,50812,56984,58845,59385,61269,69724,73406,80769,85371,97019,112234,140626,140834,143892,146225,156623,157594,163287,177452,181727
907,50054,55931,58124,58635,64312,71171,72878,79833,137806,116473,111671,140642,140916,143737,147152,152366,157562,163280,177848,183275
908,50122,55728,57924,58805,64392,69184,73948,79683,91033,102373,118826,140224,140480,143468,146619,152167,155994,163038,176424,181994
909,49608,55904,58492,59051,64519,71641,74270,80242,85187,102799,107418,125302,142861,147370,148679,151495,157870,165964,176207,181727
910,50250,55374,58741,58659,64499,69944,73317,80326,85401,102696,141237,119052,142609,147101,147797,153192,159151,163405,177217,180919
911,50172,55243,58465,58075,64033,69237,73557,79902,84762,104727,112102,141716,142017,146498,147077,152075,157843,162812,173432,180467
912,51405,55420,58079,59183,63887,69226,74702,80475,84677,100253,110339,117801,141644,145391,145915,152450,158337,164143,173695,180763
913,50782,57232,58609,60626,64966,72522,75151,108723,98177,98976,115336,120083,147725,150941,156539,151539,159892,166314,174008,183216
914,50853,57153,58631,59899,64959,70079,74070,80598,95685,143088,114836,145294,144958,150234,151808,154941,159939,164945,173165,181993
915,52301,56207,58069,60336,64510,69591,75016,80539,92611,99475,109487,122078,143881,147315,151645,154858,160731,166130,173814,181726
916,52238,56727,58189,60293,64675,69669,73163,80988,92910,98482,109355,119963,143917,147899,151543,155604,161262,165816,174176,182357
917,52248,56146,59041,59829,64777,69830,74954,80505,90479,100239,111158,120649,144210,148778,152311,155777,160975,167222,175899,181839
918,51968,56199,59415,60583,64487,69529,71791,80895,91558,98328,113255,120742,144512,148642,151025,157050,162453,165861,175406,182198
919,52469,55808,58814,59417,64293,68908,74289,80424,105834,97252,109182,117205,129902,147153,150117,157862,162779,167933,175601,181931
920,51805,55034,59096,59748,64260,69260,74076,86162,85643,96812,141913,142261,143272,146955,152279,158346,162891,167842,175695,182386
921,51300,55584,58582,59684,64155,69097,74209,86956,92488,96782,115565,122575,130678,147431,153102,157929,162792,167770,176357,183077
922,50849,54700,58578,59392,64154,68476,73642,80358,85305,141857,109733,120183,131596,147119,154524,158347,164876,168967,176508,183073
923,50935,55986,57747,59430,64072,68613,74013,80010,138751,101961,110486,118528,145365,147471,153545,157786,164112,169268,175683,183707
924,49795,53901,56733,58765,63236,68230,72890,79454,90983,96704,111110,142191,129733,145415,151912,157216,163019,167393,176949,184007
925,50703,54247,56471,58661,63250,68155,74503,80452,90911,97361,113383,121229,131478,147484,155061,155795,162210,168819,176221,183736
926,50672,54752,56614,58535,63171,68116,74478,80338,90092,96868,112673,118357,143336,147350,154528,156391,163009,167813,177018,182942
927,51081,55738,56582,58842,63391,68089,73541,115424,91306,96408,114349,115855,131305,147216,154603,155872,163517,166850,176545,183307
928,47067,51952,55332,57527,62525,68100,73949,81129,90309,97484,108777,141563,129606,146005,152745,156597,160722,166646,175937,183344
929,48202,52415,55567,57121,62889,71720,72776,79739,90746,140650,110550,121006,142558,146761,153326,154292,161722,167778,176756,181472
930,47521,53133,55204,58233,62741,70926,72753,79648,90680,100412,113834,119215,131325,148172,152886,155354,161530,168797,177038,182195
931,49233,52865,56096,57624,62458,68124,74388,79608,88092,96660,134312,120493,148147,151643,154091,156016,164602,168022,177736,182310
932,49172,52608,55893,57810,63133,67616,71698,79649,90293,96189,111000,146377,129583,151072,153831,159353,161687,167837,174983,182731
933,48857,52969,56103,57687,63089,67931,74385,84060,88075,96274,109252,120421,129942,151350,153976,158982,161639,168055,175360,182218
934,49002,51786,55055,57553,61627,66423,73260,84325,90805,98957,112019,118636,130960,153082,155529,158923,161783,168373,175502,182961
935,49003,52065,54918,57746,61566,66318,70678,85341,101816,143721,107599,116162,148101,153159,155742,159862,160953,168930,177969,183224
936,46467,49866,53756,57123,60780,66332,69426,84192,89865,99990,110612,134782,130122,153300,155610,157966,160339,168885,177835,182503
937,46408,50441,53838,56293,60728,66275,69752,83991,90117,97772,146039,121423,126480,153834,155882,158780,160578,169134,178195,181728
938,45500,48646,52984,55690,59733,65755,72636,83927,95989,96825,113318,116303,146511,151108,153158,159689,161688,168873,180142,182599
939,45745,49294,53256,55035,59757,65785,76089,83196,88630,97069,109281,147003,129931,151408,157452,158464,166764,169026,180565,182078
940,45628,49025,53684,56049,59704,71563,72555,83417,145793,97554,110730,120933,126446,155236,159120,158277,167830,169589,177236,185736
941,46205,48952,52025,56179,56903,71961,72612,84540,92819,97362,105859,115625,147982,155642,154241,160304,166932,169396,177967,183205
942,45451,48517,50193,54239,56057,67733,74530,83024,88256,119194,105349,115606,130305,152604,153004,160618,164216,167878,176342,183252
943,45567,48708,50811,54527,59332,66313,74808,82871,89157,97208,121166,146439,146563,152961,152987,160564,164577,167783,177092,180451
944,46247,49097,53678,55548,59506,67663,71425,83483,89003,98383,109973,121844,131852,153564,153564,159473,166020,167529,179004,180696
945,46188,49073,53764,55615,56049,67559,73070,82663,89498,97139,105972,116859,124788,153165,153709,160950,165681,167511,178853,183388
946,46471,49972,53364,56281,56891,65411,71235,83891,88690,144087,148987,118463,149560,155923,156195,160618,169181,170117,178496,183980
947,45949,50062,53423,57567,56935,70431,72187,83759,89054,102212,116968,130670,132661,140660,156689,163715,164282,170589,178437,184965
948,46968,49361,53741,56943,56836,65761,72911,83622,90006,94167,106504,118182,126419,133439,154985,163899,162905,169350,176757,185703
949,46359,49559,53800,56811,56648,65617,73055,83481,89844,94997,106715,148906,149166,149489,155856,162363,163935,169957,179115,185399
950,46219,49155,53643,55948,56720,64833,71777,84494,88718,94634,106585,120482,131245,154166,152857,163211,160706,166218,179743,185392
951,47179,49077,53480,55299,56206,64822,71203,84819,88646,94766,106888,115428,125371,145309,152815,157779,165459,166349,174735,183223
952,47084,47789,53610,56739,57334,70123,73978,83240,89999,144037,146749,115744,146436,138955,154478,157948,166763,165946,175499,182442
953,47075,47806,53655,56362,56908,69081,72444,83642,129041,102667,115527,146695,131408,153505,155600,157218,167486,168263,181036,182967
954,44668,47923,53853,55546,55810,68477,71826,82443,93240,97412,107112,118367,126929,134728,150179,157339,163051,163914,177667,182892
955,45074,48432,53776,55199,56639,67901,71934,82848,87608,97213,110709,113849,145734,149676,155448,155873,162593,163718,177586,181453
956,46118,49424,54353,56061,57798,65862,72177,85390,91822,100921,116754,120699,138163,162719,166506,156169,175427,176830,177699,180972
957,47029,49484,53051,56111,57376,70976,72216,82613,86989,94446,112693,157186,126848,138820,162718,168141,168597,169308,177013,190638
958,45831,50828,53443,54905,57378,65469,71521,79730,85577,94666,108831,120028,125435,136360,159757,165173,165573,165573,173593,185410
959,45883,49526,54100,54710,56663,65267,72217,80819,87545,151543,109194,120337,153858,153858,160230,160689,166090,166716,173961,183207
960,48129,50787,54865,57431,59959,71097,74029,80516,87250,101685,110284,118185,133390,141509,160344,160995,166705,166705,185758,182197
961,48389,50969,55222,57132,59377,71260,74059,82122,149680,93763,101972,118923,127642,157624,160184,161005,166751,167261,179333,184391
962,48112,52888,56529,59378,61532,66175,71585,81897,90292,95758,156159,119433,143519,143571,163152,161146,168984,168984,175802,184302
963,48739,50835,54964,59508,60998,66540,71746,82315,87429,95536,109431,117511,130545,137865,163467,164400,169173,169173,176555,185127
964,48814,54387,57512,59481,60592,65948,70828,83450,90615,94680,102708,155921,130415,146909,160914,164956,166989,167876,177005,185558
965,50726,54568,56367,59350,60876,66024,70770,82686,89742,95257,102844,123465,155681,140061,161417,162486,167257,167929,177218,185240
966,50954,54014,58111,60574,62151,66504,70306,81771,89922,153768,105188,119497,128332,156526,161558,162616,168909,169956,176855,185132
967,50929,53968,58213,60473,60790,66597,70412,82162,90585,100098,156346,117954,129893,141377,162458,162218,168518,169918,177696,186509
968,51116,53629,55536,59569,60906,66233,70841,82503,87888,95221,108128,113743,126838,131189,159295,162096,166575,169793,177062,186608
969,51363,53801,55675,59679,61031,66600,70751,83159,90547,95317,104565,114685,154027,154560,159982,159165,167325,170418,176808,183299
970,49416,54396,55462,59270,59928,65796,71309,82399,88436,95045,105232,152972,130199,154463,159632,160551,166987,168881,176365,184424
971,49267,53701,55406,59295,60233,65469,71199,82196,88656,97675,105384,117694,127054,140255,159173,161756,166572,169508,175620,185769
972,47876,53305,55928,58810,60276,66569,70493,80194,87445,96077,105264,119629,126740,149374,154654,161360,161418,167921,175576,186434
973,47904,54579,56062,58934,60197,66886,70856,85319,87482,114664,148172,117300,150646,137018,155456,155594,161737,170050,175828,182562
974,46316,52288,53654,56910,58584,66609,69659,81152,142513,96973,110321,148297,132926,148297,153656,160740,161431,167442,178826,183138
975,46323,53539,53621,57240,59503,66369,69691,85387,90109,95380,105214,121498,127515,153149,153149,159669,161144,166948,179266,182787
976,48058,52473,54739,56629,59243,66240,70078,84315,88616,143744,104669,115657,146663,135516,150994,159410,159728,166967,174791,181810
977,48382,52274,54816,56504,58905,66391,70119,84120,88244,99271,104760,115658,131430,145804,151312,155692,163629,167043,177827,182353
978,46399,52079,54206,56621,58050,66225,69414,85731,89768,95005,143611,145329,124608,150621,151935,156583,163575,166257,174469,182016
979,47357,51448,52706,56305,57243,67010,70554,84664,89158,98551,111283,117331,145451,151021,152270,155545,163288,167684,176355,181284
980,46083,50290,52182,55072,56844,64462,86574,84196,90520,98467,106050,114148,130659,136112,153919,156623,165310,166493,176397,183803
981,46203,51591,52614,55068,56452,65554,68266,84048,90885,96158,105342,114827,138771,147359,154351,158479,158953,166187,176651,181831
982,46134,50266,52681,55895,57302,65170,68902,84378,88377,106966,105753,149590,124213,155417,155831,158303,160298,165634,177355,180899
983,45626,49816,52173,55891,57363,65849,69067,83887,87519,96275,149053,115335,150023,133337,156144,160298,160962,166439,175985,182473
984,47131,50350,54275,56953,58212,66282,78602,84089,89869,149559,112707,117806,126303,152444,158578,156749,164106,169703,175925,182261
985,45864,50437,52239,57327,58630,65982,69206,77517,89086,99946,109245,150558,151058,152031,157579,158809,163937,162501,174140,182976
986,49094,52482,55618,58620,59729,66925,70230,76961,152852,97252,109891,120185,127956,139323,162799,158646,166328,167862,174449,182862
987,49133,52109,55785,58489,59495,65490,90206,97998,91094,96553,105546,116941,126789,157166,163048,163609,166749,167652,174736,183733
988,49259,52764,56832,59101,60844,66377,70720,78329,88486,97630,103865,113911,158085,143301,164393,163848,168499,170866,174363,183634
989,49326,53253,56102,59802,61144,66510,71390,79388,89146,100495,156654,124487,132261,135859,165059,164393,169363,171652,174880,184332
990,50102,54854,56290,61203,62541,67722,70267,79915,89933,97797,114894,135737,128067,163216,168502,165059,172754,173335,178091,184189
991,49556,55552,56269,61231,62524,67528,69382,79196,89888,97714,108661,118969,127390,138200,167442,168696,171865,173766,178309,186920
992,49155,53767,56644,60289,62296,67031,69714,128787,87244,132509,104616,117620,127564,134431,164632,167590,170368,172094,179238,184287
993,49009,54961,56665,60387,62567,67610,69842,84993,87207,97116,104107,158337,158982,161209,165032,165802,170951,172412,178591,180382
994,49939,54622,56604,61016,62244,67164,72740,79683,87632,97222,106487,125994,134524,143817,166017,166193,172496,173989,181139,186077
995,50839,54518,56572,60748,62298,67425,72804,80607,87783,100856,106529,119750,129645,138225,165921,168458,172143,173324,181064,186415
996,51195,55209,58153,60631,62158,66911,74344,80620,88170,99361,157735,120095,128782,138263,165760,168368,173021,174280,177278,185236
997,50825,55189,56893,61552,62536,67151,72010,82533,87272,95415,116146,118002,128947,160142,166239,165760,173610,175997,178401,188453
998,49432,52290,56250,58888,61828,66490,71042,82076,119903,154570,103880,118061,157232,143210,153279,166239,168844,169222,183077,189277
999,50766,52951,56259,59059,61634,66503,92197,82951,88193,103744,105200,118343,135143,137225,153034,164141,170282,171058,182508,188107
1000,49753,52380,56710,58498,61129,66440,74141,82026,88116,94037,104289,121833,130545,156179,162537,164592,168084,168992,179242,188683
1001,49874,52213,56717,58581,61114,66580,73508,80547,87469,94893,104002,155638,130124,140236,152958,163373,166951,167481,180887,183364
1002,49972,52813,57105,59388,61448,66856,75203,80595,86982,96271,141462,123677,129967,140712,164139,161930,167585,168906,180880,182757
1003,49851,52058,57206,59714,61659,66265,74739,80759,94800,95953,118021,121303,130625,157007,155607,162672,168627,168824,178520,184893
1004,51498,54619,57246,60101,62517,66851,75956,84416,89022,98410,107792,123716,164000,146754,160899,163286,176636,176636,176363,185121
1005,50154,54668,57495,59904,62546,67913,69621,82427,144839,98635,107223,115566,134028,136918,148278,172107,175995,175506,175356,192292
1006,50085,54588,57817,60211,62784,67968,70392,83097,95208,137757,114241,120095,131912,166479,149432,170637,179100,181031,179336,185609
1007,49904,54300,57885,60909,62636,66965,70269,82143,90090,99513,114878,118732,128706,142663,166808,173398,173616,179556,176587,186353
1008,48665,52943,56201,61293,62816,68357,71691,82705,87587,100809,110933,118449,129054,138479,149818,173312,172634,179072,187224,188524
1009,48989,53608,56493,61098,63105,68411,70789,84002,89503,99322,109854,165010,127619,140172,150688,172357,172482,180056,186279,184989
1010,50615,53895,55007,61539,63327,68742,72275,85413,89511,103778,115398,128081,129613,139329,170072,172921,175067,181249,186651,185916
1011,49605,54242,56233,61618,63348,68862,72398,84825,87279,99230,114249,121243,168445,169590,153787,175288,176437,181778,180930,192197
1012,51527,54853,56337,58679,62312,68418,71786,83370,86209,99502,115545,121008,139342,144650,152856,174165,176008,183517,179717,191692
1013,51774,55351,55997,60578,62443,68669,71489,82724,85940,102067,114374,121747,131370,141339,153957,175157,176868,182337,180868,190726
1014,52664,53766,56034,61060,63425,68334,71478,84779,86659,103179,116868,124032,132108,143977,155120,175836,177851,184209,182995,191362
1015,52294,53024,55998,60529,62539,69171,71155,77959,85974,103161,114637,118838,131157,142746,153227,177652,178210,183602,183255,194458
1016,49318,52215,55108,61224,63543,68422,72540,81196,135504,102313,115496,120627,131710,144080,169203,171961,176363,181683,185019,193912
1017,49256,54494,56929,61233,62624,68735,72500,81289,95818,102675,116335,123701,131999,143217,153570,169539,176365,181261,183855,193439
1018,50648,54640,55740,61105,63703,68736,71296,78385,88519,100957,115924,124615,132055,141933,152915,174912,176688,182749,187496,193183
1019,50581,54780,56632,61184,63430,68733,71468,78615,86813,137598,117983,123151,133216,142047,156240,175304,176620,182763,187369,194961
1020,51448,54610,56697,59522,64333,69206,72690,78805,85485,111403,119639,126312,134219,169123,156063,175681,178089,182061,183619,191874
1021,52087,55017,56809,59436,64718,69595,72133,78509,86514,102572,119118,125928,134312,148084,156401,176417,178557,182058,183729,191293
1022,52122,56115,58178,60069,63134,68812,71094,120972,84807,100302,116200,123064,130763,139680,151351,177070,170852,176098,186240,190811
1023,51926,56306,59096,59647,64017,68910,71484,81614,84962,106157,117431,126223,134099,138692,165010,169250,174347,176654,191646,190447
1024,49901,55984,57908,59585,63322,68154,72942,81186,140998,106145,116548,124891,139090,140203,157768,170035,172009,173383,186484,192560
1025,49046,55514,58009,59986,62478,68228,73359,81435,93135,106448,116659,117702,135124,144007,158031,167040,171373,173444,186760,187613
1026,50526,55333,58475,61575,62817,67658,74246,80494,90048,97741,107167,120866,132670,139673,153311,167300,168084,170777,183835,188995
1027,51869,55865,57825,61428,62517,69846,73027,80386,90082,97015,107054,123869,135369,155163,153724,163616,168395,175069,184928,188192
1028,50663,56449,56005,60805,63570,70783,73928,84605,86417,99124,109326,135004,140454,145485,156866,163089,174286,175408,182409,187195
1029,50583,55494,56185,61476,64038,69135,74523,82338,89559,100337,113408,120355,134895,139776,151674,171118,174758,177343,181235,191597
1030,50925,55806,57280,62636,63185,68146,74151,82842,87289,97161,112716,120290,128816,160490,148961,171023,174133,174280,179772,187525
1031,51256,55927,55898,62739,63450,67492,74079,83605,89756,97347,112909,123506,160173,144357,162808,170467,173028,174233,181122,188054
1032,51858,55427,56351,62772,64009,68840,76100,85063,90178,98424,112050,160238,134832,140292,158890,170393,173597,174387,184669,190349
1033,51951,56230,56645,63041,63238,67945,76270,84180,90153,145525,111179,126781,131376,137070,158972,169566,173759,174649,184671,191020
1034,50931,54871,57400,62482,63624,69061,74061,83551,88204,103267,110621,120115,129995,159507,157206,168233,172393,174175,184515,192472
1035,51490,54563,57250,62380,63445,68745,77649,83150,138576,99063,110665,119975,130016,144092,157063,168672,171702,174325,183686,186703
1036,51950,56366,57685,62340,63760,68806,73574,84501,95663,99721,158732,121183,132482,141277,159329,166864,172813,174773,183119,190144
1037,52349,57271,57902,62490,63860,69308,74752,84772,89989,99997,118686,121124,132075,139014,150635,170180,174337,177009,183018,191713
1038,51976,56360,57721,62313,62968,71670,76969,84819,89892,96962,108470,120145,130847,159558,150810,170474,173325,174943,181327,188818
1039,50715,55672,57565,61107,63246,69748,75264,85062,88524,98341,110987,120201,159813,145000,151496,168000,173757,175854,180507,188811
1040,51388,55954,58334,61720,64049,69045,76768,83454,90702,99451,112477,122257,136618,142339,163838,168043,174969,177175,184856,188761
1041,52469,56232,58162,61902,64324,69473,78515,83896,90312,102324,110610,122039,131499,139120,159735,170068,175338,178011,184643,193422
1042,51999,53977,56782,60568,62998,68611,76556,82840,90094,98389,109110,119274,129017,135737,150138,169560,171036,173241,185146,192863
1043,50365,55646,57116,60707,62697,68294,75397,83289,94344,118815,107973,157200,129542,161233,154755,155843,171253,174323,186411,188003
1044,52474,55523,57325,61850,63054,69198,76578,84624,89954,98298,111838,128998,131052,146669,164555,165336,173760,174683,183930,187549
1045,52557,55472,57352,61911,63459,69201,77101,85215,89660,100664,112877,120876,130332,140529,156151,166566,172831,173977,184908,187450
1046,51998,55162,56916,61489,63790,68784,77339,84241,88998,95652,109936,118952,155562,136497,154784,165990,169104,172800,181180,188967
1047,50857,54562,56502,61579,63704,68590,77968,84274,89322,155034,110035,121099,133725,158306,155182,164587,171489,174047,181113,188234
1048,52587,56159,60451,63501,64345,69494,77602,83196,91312,111124,114149,122890,137848,147655,160012,165129,174971,176874,182386,188324
1049,52544,56650,60604,63442,64328,69754,74950,84407,92040,99883,114169,123308,132740,142553,153391,168106,175411,178024,182333,193282
1050,52615,57381,59490,62820,64462,69540,74428,85558,93205,97061,112517,122648,128818,138666,148957,170483,173330,176700,182244,192605
1051,53129,56650,59314,62901,64180,69371,73819,85399,101589,98446,114078,122465,129071,160043,161281,168082,173024,175721,182413,186364
1052,52535,54692,58642,64090,65278,70875,76382,88863,92735,103660,122786,126251,137159,150687,162870,169499,183405,182952,184752,190692
1053,50930,54860,59651,63928,65118,70372,76316,81854,92278,100115,118738,123595,134552,143014,153691,175191,176653,182065,185823,197459
1054,50863,54485,61001,63394,64795,70051,73990,82055,87921,96683,110843,118296,135003,137780,158168,164120,175634,181797,182592,194293
1055,50675,54405,59380,63493,64947,70913,74125,82389,107552,95961,112022,120680,135063,138671,156448,161484,176302,181663,183740,194250
1056,51755,54998,60505,62620,64605,70667,75916,81950,93000,100600,114528,147869,138259,171558,156946,170065,181336,184660,192219,193862
1057,51742,54839,60344,63935,64505,68203,72882,83300,93839,100694,109608,124148,136840,146556,151969,174457,183081,185052,189278,196849
1058,53856,56730,60837,64213,65732,69119,73504,83024,94158,97033,106168,121736,136390,135547,150371,160875,178918,179631,187300,192333
1059,53141,57393,61550,63663,65896,67713,74128,82814,88870,95828,167290,120651,136733,139240,154776,159459,179727,180003,186301,193479
1060,53175,57360,58720,63134,65454,68411,72326,81903,88853,166034,116794,119635,133860,140926,170704,170479,180097,181551,190639,196568
1061,53340,55820,60580,62196,65773,67521,72573,86403,88883,104307,105873,119670,136494,141283,156557,172089,180616,182081,191368,192936
1062,52010,56067,60255,64004,64860,68706,72571,80419,125759,95042,109863,118762,132766,164497,151281,166476,174751,176485,185916,191526
1063,50930,56374,59928,64227,64580,71180,73931,81294,87869,98704,112377,163161,132031,142459,150641,162613,175195,178754,189906,187033
1064,51280,56252,60064,64215,66194,70014,72825,79974,88303,98665,110592,123143,132409,141037,151789,174405,172986,176123,189196,188533
1065,51467,56864,60931,64294,66362,70294,73635,79205,86740,99291,111929,123859,153004,142255,166685,163751,172910,176364,188034,191819
1066,53023,56555,59718,63473,65194,70173,73060,80257,87314,96926,106478,116443,128188,139251,149484,161850,167858,171610,181988,191590
1067,52049,56405,60733,63577,64512,70582,73631,83599,88903,98074,107365,117911,128225,159859,149844,162282,169993,171523,182152,184006
1068,50597,58901,58661,62342,63656,69069,73767,82021,93351,97708,107703,120836,127458,140145,159401,166560,170939,172436,184824,184856
1069,53440,58574,58769,62434,63915,68955,72642,83332,93593,98375,107902,123661,155842,139090,160333,163576,168024,173044,184537,184149
1070,52626,57475,56821,62982,65195,69691,74134,84763,95974,98524,156045,115891,134448,157815,154259,165543,172510,172718,176862,185546
1071,53388,56427,61164,63487,65332,69296,73870,83754,88377,122283,114209,115938,130661,142341,153752,163626,171311,172472,178635,185649
1072,52809,55461,58120,63343,63951,69723,73693,81697,136303,94956,107939,152561,130037,137607,158646,165105,168411,172226,178097,186518
1073,51770,56780,58224,63621,64406,69892,75349,81898,90195,100621,107844,123921,133090,155189,151183,162125,168403,171703,178928,185408
1074,51232,56204,56536,63040,64056,69711,75282,83434,87747,95592,107367,121900,130227,139266,158078,162760,166450,172632,181125,186223
1075,51264,56050,58828,63215,64334,69570,73854,82213,88040,150042,107409,122178,152895,139166,157327,161823,167550,171475,181002,186013
1076,51740,54927,57152,62977,64218,69601,75668,82658,89242,105036,107217,121934,131697,156582,159711,160947,171909,173234,177535,185992
1077,51298,58085,56494,63209,64105,69660,75207,82670,89330,93705,106334,117295,132925,140113,154204,160658,168204,173141,177866,185800
1078,49511,58557,57656,63192,63511,68852,75992,82375,90848,93989,155449,116036,131102,141082,155678,164335,170359,171575,179414,185651
1079,49503,58405,57773,63178,63540,68464,75727,84701,87948,96100,114198,156856,131550,157825,161423,164520,171044,172114,177802,185537
1080,49975,55216,57869,60542,62324,71709,76297,84619,89403,98128,109558,121794,153510,140244,149804,166149,168489,169572,180408,185784
1081,50147,55254,54930,60620,62693,71393,78033,84512,89983,99459,108229,121138,132208,139743,158499,160134,168677,170068,180133,185735
1082,51461,56124,58795,61065,62237,71259,73095,80835,126923,96997,107076,120687,131100,157576,157242,161155,171803,171678,179995,184287
1083,50628,55626,57943,60901,62568,70860,78244,80736,93840,153379,111805,121773,132093,140847,157588,166065,172588,172216,179549,10
1084,49793,53908,57740,61158,61754,67926,76324,84235,89153,103585,106777,119784,131144,134973,157248,166694,172963,173781,179558,185908
1085,49847,54617,57825,60556,61918,67788,76579,83519,90525,96486,108837,118640,130638,157159,155897,166358,172664,173679,179033,185585
1086,50230,54617,57243,60240,61573,67536,75883,84738,88776,98458,119867,154341,155183,140816,156057,165590,167673,172330,183338,186762
1087,50129,54208,56629,59912,61578,67057,76632,84693,88350,99403,114974,122071,132248,156295,155471,164561,168047,172490,183516,185293
1088,50662,54222,57446,60658,60932,66583,74267,86031,91170,96277,108253,119876,132668,143059,156255,164715,172790,173857,180671,185252
1089,50893,54374,57640,59826,61271,66886,74853,85236,90005,96288,145056,115831,132668,137498,156625,165758,173168,174659,181221,184677
1090,49610,54182,57409,59250,61310,66753,75109,86876,91451,97135,115216,117768,133952,159844,156080,165898,173355,174675,177466,187722
1091,50075,54147,57230,60232,61228,67084,72124,86122,91535,97071,107961,119672,134213,144336,157616,166480,173212,173925,180722,189561
1092,48427,53431,55189,60206,61434,66283,70653,84252,91535,153770,109317,157549,131505,143828,156095,168808,172410,172755,180782,191741
1093,48544,51944,55135,60128,61734,67156,70591,84328,98208,103609,107810,125291,132382,144269,155773,165633,173012,173251,181419,191237
1094,50487,53171,55482,60243,61133,66074,71313,86285,91056,98628,110306,118028,163067,147678,159963,165830,176104,178530,184156,189891
1095,50350,53203,56094,59223,61325,66440,69752,83899,89600,99109,110114,118085,136260,140133,148613,170194,175541,176652,183588,189836
1096,49810,54060,55333,59145,60947,66605,68890,84836,133637,100710,112533,118629,127230,134381,164639,169905,176015,175658,183508,193650
1097,49649,54057,55785,59583,60371,65533,69257,86320,89719,100546,112627,119154,127411,164721,161350,170140,176513,176571,183828,184231
1098,50237,53140,56314,59735,61269,66306,70323,83634,91428,102946,153436,122732,129684,153268,167031,171186,183322,183350,184814,185702
1099,50838,54989,55198,59848,61144,66253,70601,78199,92483,99713,114229,119484,129984,141992,153725,177046,177401,184529,184440,185339
1100,51332,53383,56710,59439,62337,67409,70869,77991,89608,101856,112755,178621,144903,149335,163411,177401,187798,194010,183721,191194
1101,51195,53816,55902,60263,61459,65887,68719,77027,89165,100075,110167,125832,136651,137450,150926,187798,187119,187059,184921,193189
1102,51945,53432,56656,60458,63043,66302,69135,82038,94662,102381,112359,120651,135287,140601,151634,180296,188329,189071,192362,202689
1103,50645,52995,56336,61516,63264,66583,69376,83521,92171,102691,111780,119542,129920,140338,152136,165117,188117,188911,184629,194997
1104,50570,53080,57946,60229,60709,65957,70033,77541,93908,103708,113041,124129,127686,182277,151755,165080,189942,190317,194362,197794
1105,50218,52914,57494,60073,61713,66099,70276,86443,92066,103828,112817,121849,181624,150599,151947,164968,190333,191012,193753,198033
1106,49967,52814,57337,60466,62396,68323,69912,87750,94229,106552,115553,126327,142686,143279,158272,164291,196918,198555,196094,198748
1107,50702,51234,55386,60533,62226,66674,70127,77009,91442,100702,114116,119431,133815,146852,158429,190028,190379,197866,197344,199132
1108,49655,52954,56028,60902,62929,67864,69950,87087,89437,101991,115897,121295,143833,151825,165345,173077,197067,205854,199101,203311
1109,49447,52112,56062,60789,62670,67393,69158,85398,91315,101373,113980,121591,137805,143532,150831,166279,197520,204095,199534,203592
1110,49645,52716,55524,59841,62455,68164,70952,82702,85730,103740,115492,124618,134975,143097,159381,165725,202811,208304,202510,213046
1111,49947,52407,54692,61416,62149,67814,70403,76576,82194,99842,114120,120094,130750,143850,159527,169707,202456,201456,197638,212286
1112,50125,51716,56023,61343,64242,67203,69877,76562,141942,108629,117197,122371,133548,149471,161926,166762,185055,203962,206907,218417
1113,50617,52140,55705,60465,64745,67650,69981,77082,95550,101716,117044,122402,134527,148167,162024,169276,180645,204122,205190,211232
1114,51638,52156,56070,60032,63154,66989,69769,76839,90762,100590,117134,118422,134423,143202,159950,169053,172318,202353,209304,213458
1115,51422,53384,56136,60824,62680,66641,69701,76754,91152,132074,115560,121640,133238,142858,159985,167364,172563,202383,208833,213499
1116,49485,52179,57242,59905,63084,67374,69515,127199,89992,97683,113762,120296,131305,142815,157101,167173,169345,197478,213005,211913
1117,49539,52168,56193,59575,63267,67372,69783,87581,89277,97489,113993,120527,131699,142580,157055,163743,175276,205549,212573,211070
1118,49467,52276,57091,59087,62597,67105,68427,75606,88846,99499,111223,185490,125708,141561,150451,167526,172713,188034,212254,207669
1119,48088,50823,57244,59170,61829,67114,68743,77420,90407,99262,114774,134515,130280,139532,159635,162614,174480,188990,211955,214700
1120,49726,53437,58199,61878,62831,67569,68111,77118,88098,99067,116685,122887,131791,144899,158669,161595,171915,186076,206283,208099
1121,49640,53740,56722,60568,63029,67728,68261,82439,89113,134427,112054,122674,131778,144044,158646,161911,179610,185537,207816,204998
1122,52514,54121,56981,59004,62611,66269,67963,77103,88785,100949,107469,119372,128768,138398,154225,161180,172325,180213,199052,204185
1123,51372,54131,56337,59112,62755,66831,69863,77147,90857,102249,117555,125125,132970,142611,153443,157253,186491,189092,199105,203410
1124,50862,51784,55662,61609,63783,67160,71978,77185,93723,103385,116144,126174,135466,148976,160021,165752,187196,202269,198164,198096
1125,48735,53736,56914,62262,64279,67116,72206,77924,93120,98476,111510,120384,135327,148272,160789,171770,172330,188120,203410,197047
1126,52273,51985,55588,59226,63559,66690,69826,115534,96818,98049,110634,116080,132100,144884,155615,161683,168125,180655,197393,210758
1127,49040,52628,55924,60940,63779,67071,70261,89347,88730,100034,113849,126742,132320,144765,155076,155706,173987,179463,195836,207935
1128,50384,53930,57103,58441,62961,66436,70092,79226,128716,101032,113824,121305,131966,143490,156892,181823,174605,190200,205076,200059
1129,50620,54301,55347,59336,60948,67281,71060,77931,89903,94251,113956,122243,138066,143405,156074,167230,189624,179055,201530,200902
1130,51340,53793,58603,59033,62305,67308,71056,78264,93844,162401,115394,121570,133127,144291,157739,166574,179767,192103,193550,198474
1131,51226,53702,57025,60717,63620,66949,70737,77891,88544,110789,114824,121197,133119,145013,157599,168650,176539,192507,199088,198503
1132,51949,54912,56861,60866,63255,68083,71183,78141,94663,102732,116845,123258,170980,149615,161006,168735,179327,188858,198445,201427
1133,51483,52223,57779,60873,63433,67522,71168,78161,89913,102647,114761,120734,146103,144074,161502,172496,176725,186329,198811,202337
1134,51069,54154,57188,61160,63522,67008,69507,78226,91784,99865,111034,116508,135527,139528,160576,172006,173643,185477,199655,205339
1135,51144,53924,57642,59979,63300,67752,70490,88696,92209,99539,114696,123297,135003,182058,159502,174087,173559,188037,199652,202652
1136,51191,54463,57565,60384,64043,67592,70291,86620,92790,100387,116448,120382,138134,152689,162109,170657,175469,188394,202963,204960
1137,51232,53700,57367,60601,62859,67025,71114,86129,92782,101176,114238,121963,133213,143497,163254,174723,177419,187871,200215,201827
1138,51126,55034,57567,60093,63186,66310,70117,77054,90213,97559,108862,114127,128253,132230,155252,165167,167971,180298,197660,206872
1139,51115,53978,58599,60244,63137,66910,69871,78811,93587,100170,115361,176896,131749,141973,155889,154553,182223,190135,197206,207210
1140,49891,53804,58091,60545,63357,66848,85602,78699,83592,99284,115289,133448,132376,143305,156893,165395,176622,187439,200165,197200
1141,51868,53801,53888,60177,63304,66751,69996,138285,92258,100206,112367,126685,132844,143389,155629,165136,176769,189885,199181,199861
1142,50410,52851,56169,60647,62166,66287,69148,78427,87840,100930,112074,124882,130900,142364,154001,167083,177882,179829,190148,197954
1143,50989,55837,56197,60165,62063,66348,69590,77763,149006,101822,111799,125256,131431,142680,154539,166609,175619,187487,199158,198286
1144,51284,54953,57479,58990,61542,66184,69248,77574,83907,100060,108350,122896,128426,137446,150157,167164,171846,184744,195336,198423
1145,50769,54975,57478,59040,62391,66667,99656,77840,85265,98961,126399,122598,131059,137391,149798,161895,181454,183201,194887,197874
1146,47480,54471,56017,58286,62383,65868,70527,82610,84820,92451,116771,120622,128788,170348,145279,162020,170904,179591,196222,192835
1147,46944,54729,56179,58563,62596,67673,71101,79189,82321,164584,107093,122088,134937,143840,145609,161754,176884,183697,193781,196374
1148,49242,54483,55045,58439,61876,66929,71027,78129,84562,100573,110631,118292,130103,136462,144625,166123,178351,181473,191157,194237
1149,50475,55196,56108,58933,61938,67512,70452,77463,83472,100105,110349,121689,169792,143575,151798,164176,177312,185103,190847,192585
1150,49877,55165,55268,58286,62039,67068,70856,79544,141038,101668,153207,124750,137230,144792,157872,163020,176038,183904,186881,193900
1151,50257,55062,55522,59275,60720,67064,71604,78668,89970,102224,118323,120427,134030,140268,157508,165523,178053,181657,184947,194171
1152,49773,54193,58061,59283,62020,66631,70946,78986,85997,98919,113837,117331,131312,166171,156575,167134,174871,178544,186236,194852
1153,47781,55173,58110,59067,62519,67091,71834,79724,91994,102371,115806,125842,131871,145936,156182,163023,175857,177806,187377,196808
1154,50976,55127,57567,59850,61978,68120,71045,136204,84503,101127,117950,123767,133261,144291,154566,164134,173713,177104,188737,191395
1155,50458,55552,56555,60324,62240,68067,71107,79722,86000,102723,117186,124208,132985,144701,154780,162357,174151,176180,183247,190477
1156,48233,54235,55662,59216,61604,67737,70084,78542,83022,100021,114734,121738,128488,137683,150012,171347,170238,173761,183094,192527
1157,48276,52519,53056,59286,60696,67811,70811,77828,129492,103576,112210,123208,135436,138512,153561,159329,170291,171007,187929,191685
1158,48857,55049,56265,58461,60155,66375,73090,77864,92343,99921,113435,120348,131312,148735,152473,163969,163877,166021,188676,188630
1159,48768,54573,56685,58820,59811,68011,70753,79739,94351,101832,117300,125846,132125,141486,150527,157775,163321,168489,188351,184683
1160,48624,53509,55345,58930,59603,67523,80955,76291,85478,101042,108786,122312,128553,145296,146403,159758,159996,167064,177604,183674
1161,48435,53041,56498,58031,62703,68200,70149,77725,86064,101242,117400,122300,143953,147695,155752,155327,160838,168257,178687,182629
1162,49430,54652,55365,58226,61176,66077,69326,77455,82794,99578,111184,121649,129529,141642,151910,156642,158223,165045,175457,183937
1163,49366,55081,55906,58018,61271,67005,71419,82735,86752,98710,116044,120098,132896,142207,151194,154192,159187,167948,178569,184472
1164,49226,54880,56079,58314,60044,67159,85796,82545,113713,97726,113324,118249,140645,140638,149498,156006,158274,163662,177370,184187
1165,48980,53857,56208,58164,59847,67607,71046,82338,87544,130830,112791,134807,133307,140899,150592,154211,160230,164144,177582,183849
1166,49904,54544,56991,58174,60857,67812,71677,82923,91514,106135,115837,122849,135093,142303,151753,153761,160981,166562,178757,183895
1167,49603,54595,56919,58599,61006,66953,71328,82612,90765,99956,116852,122593,134835,142360,151129,155262,159933,165186,175824,184490
1168,48755,53679,54924,56738,59952,66614,70977,84072,88980,98520,109529,130808,130574,139039,147686,154883,159006,164022,174950,183480
1169,49296,53959,55702,56450,59478,67148,71330,81672,93016,102095,109809,121942,135602,143162,149459,152346,160306,165967,174604,183228
1170,48058,53066,54902,55328,58573,65838,70434,80237,91092,99072,109798,116652,134844,139700,148378,152502,159538,165145,174422,182843
1171,48704,53023,54835,56055,59958,65703,70292,84487,100712,99959,116740,128096,134762,139313,148116,152609,159868,165786,174501,182696
1172,49274,53486,54976,56394,60130,66348,88518,81367,94788,99428,113305,133178,135998,143311,150761,152081,159356,166926,174806,182759
1173,49376,53497,55140,56817,60325,67101,73057,90229,90832,115286,117028,124854,136490,141900,150851,154522,159727,164897,174801,182487
1174,46570,51103,52561,54013,60350,66438,70090,83990,86250,97429,116256,116731,132538,138945,146645,155258,157299,165187,175118,185358
1175,46667,51054,52442,53420,59947,67268,71803,85486,119212,100009,110421,129955,134683,138320,145896,152406,160894,165281,176566,184244
1176,45638,49942,51408,51933,59708,67485,72343,81100,89761,109588,109567,123994,134899,139981,146251,153589,159188,166194,177467,184774
1177,45509,49845,51318,55675,59673,68161,74005,82030,89835,99744,109525,121485,134472,139785,146631,152690,159318,166729,176726,183445
1178,45601,50165,51447,51920,60173,67294,74008,81418,91435,102757,112527,131145,135818,140635,149335,152713,160076,168300,175349,186119
1179,45776,50354,51501,52160,60087,68764,73807,83177,89084,122425,111459,120011,136498,140743,149940,153312,160302,167590,177494,184930
1180,43867,48519,49517,50177,58836,67234,73629,81713,85593,96929,108780,124165,130933,136700,146230,154049,160999,167528,176830,184684
1181,43853,48695,49661,54623,58831,68589,72571,82011,102478,102244,108812,127188,131321,136458,146553,151835,160295,167933,177182,185872
1182,42931,47728,49094,54374,58175,69169,72812,80568,89144,97975,111048,127360,132403,134924,144693,152257,159899,164978,179919,185460
1183,42889,47435,48795,54368,58285,68827,72610,111729,90302,94871,118332,118730,129055,138623,146346,150969,158385,165128,177917,186366
1184,43103,48062,48711,55079,58431,68816,72630,85181,95195,117104,118820,128861,133679,139219,147183,151159,160153,164917,177637,184336
1185,43214,47990,49066,54459,58306,68543,72462,80039,86803,101855,116820,128478,129322,139615,146411,152449,160515,167249,178148,184262
1186,41104,45835,46994,52387,56000,67603,71401,78726,107388,94530,113137,120021,126371,136391,146312,151565,158834,163771,177697,186853
1187,41942,46077,46760,51868,61620,67997,71898,79367,87587,112360,115646,124975,127497,137634,144953,149702,159545,164996,178189,186817
1188,41362,45508,46258,51553,60539,67415,71971,79600,85546,102154,112359,124676,130896,135053,142914,152624,157967,165889,179229,183496
1189,41481,45744,46398,51393,60108,67681,72267,79986,107378,109725,111352,124705,131958,136494,143861,151437,158561,163701,176920,185309
1190,42604,46693,47716,52977,60823,68987,72523,81717,97525,106311,108742,127493,133812,136734,146518,150548,161599,164977,177192,182403
1191,42646,46813,47585,52663,60628,70982,71449,81635,85360,100985,120578,125995,133487,135932,146541,153406,158196,165506,175569,185187
1192,42503,46539,47416,52747,61667,71140,71246,80158,84645,92076,106030,122499,131427,134230,141498,149548,156094,162536,177254,185307
1193,42310,46698,47602,53022,60060,67825,70951,80545,108780,111626,117872,124790,131739,134458,141251,146106,156943,163663,176578,183204
1194,43564,48149,48349,51705,60759,69234,71898,90026,88482,112984,119127,128122,133540,138284,145156,149467,157999,162033,178462,183117
1195,42862,47912,48598,51751,57877,68058,71925,81010,84887,98302,106024,120897,131129,136687,144898,150540,155854,164327,176929,181989
1196,40265,45489,46213,49983,55243,67604,71417,77127,103990,90463,110701,120250,125526,129758,141503,149669,153327,161598,173694,182956
1197,41089,45669,45921,50087,59813,67758,81494,103711,85539,105304,111203,122888,124585,134359,141328,144574,153568,161160,173826,183104
1198,40184,44759,45351,49131,60627,66449,71767,80169,102645,104406,112661,113828,126020,131940,137829,148144,151100,161067,176366,182119
1199,40365,44651,45242,54032,59349,67669,72230,80387,86338,105013,115140,120505,126039,131221,140439,145327,151981,159927,177634,180990
1200,116,117,117,117,117,117,118,118,118,118,118,118,118,118,118,145298,118,118,173006,181781
1201,37940,39761,41850,44938,45557,46935,57869,68338,75763,83222,91461,99818,109106,109550,119172,118,119172,119674,173146,182086
1202,39662,44023,44832,60504,73337,84206,99015,100058,100291,103376,111928,115418,126468,131983,139703,119172,154673,161003,173801,118
1203,39914,44026,45035,60628,73341,91001,99365,100117,100748,108306,116212,119293,126866,131238,138312,147508,152397,161156,172009,119674
1204,38070,42326,42232,58881,70774,86457,94462,95696,95706,98770,112686,116265,122315,127017,136254,145981,153934,161396,118,182555
1205,38154,42799,42613,52363,59823,68147,86431,95702,95779,106313,107815,117432,122023,126886,137976,146659,155073,162058,119674,181611
1206,38752,43493,43375,53131,60855,67975,73238,96847,97556,101753,113968,119207,124792,129998,139756,146584,156894,163990,173933,182309
1207,38772,43499,43429,54206,61064,67981,71441,97414,97989,101804,114423,118472,123424,128652,141648,146040,157524,161877,174620,181863
1208,42358,47058,46938,55091,62034,70046,73338,100152,112263,118830,126424,128777,135250,139569,149300,144457,165076,172084,174705,182649
1209,42355,47008,47318,52590,59899,67881,72642,82360,111767,114120,122990,126202,134962,139809,147240,157242,160812,166352,172753,181878
1210,41982,46552,46884,51107,58853,66882,71172,80134,109982,110746,121007,126285,131771,136454,148688,152821,161182,166274,174172,186608
1211,42162,46621,47496,50936,59079,67980,70952,79850,109355,110076,121045,126844,133830,136184,147700,153662,162042,168822,174964,186340
1212,39169,43382,44479,47852,56343,64126,68849,77141,100874,105457,112758,120853,127706,133520,145004,156509,159776,165893,180494,185845
1213,39052,43875,43971,51507,60676,67378,70846,78826,92925,108500,115734,119861,129814,133955,147363,151775,161024,167866,178211,185751
1214,38170,43008,43052,51069,58649,67154,73626,98300,88186,104492,112659,117215,127129,135120,147235,152872,160033,169462,177204,185562
1215,38750,42827,43327,51002,58946,67532,73236,81488,101277,105377,112158,117949,125834,132568,144499,152647,162743,168871,180047,186696
1216,35720,39800,40529,48683,57903,66258,69088,76024,86668,98619,106049,112716,122714,126566,140214,153920,157011,164093,180305,189850
1217,35796,40247,39547,52677,60607,68363,83089,78521,92338,97326,111070,113073,122733,129666,137124,148275,157142,163735,179715,187457
1218,37686,42208,41283,54963,61921,69303,72368,95013,97009,101563,110863,118049,120773,129699,139442,145104,153398,161764,178411,184882
1219,37790,41976,41877,56017,60166,69475,72635,80033,91414,101731,110393,114271,122974,128531,139466,146504,153665,163049,178383,184215
1220,41403,45486,45530,56889,61643,68967,73417,81049,105261,110080,117375,122332,128901,136040,142708,145812,158810,164397,177480,182127
1221,40482,45265,45470,54695,61979,68603,72349,79490,88744,110362,115206,121588,127884,136207,140869,149555,157385,164680,177527,181770
1222,41822,46618,47126,55296,61984,69940,73624,81101,87866,111372,118951,122609,129119,137258,145311,150216,160850,169102,174531,182673
1223,41914,46681,47027,54862,58848,68049,70786,106052,109308,111809,119559,122976,132084,139608,146169,154808,162101,167315,174563,183557
1224,42006,46676,46944,50880,59034,68140,71627,84871,91860,108725,115247,119461,126876,136301,143880,155201,158824,167535,176302,187241
1225,41877,46658,47429,50910,58727,67814,71485,82038,92626,109816,115470,122905,126756,137305,145064,151239,160338,169103,174915,187899
1226,41916,46373,47351,55642,59730,68416,74242,84462,87591,109795,117962,122570,130578,133966,145050,151588,157252,167019,180493,185237
1227,41868,46365,46938,55734,60048,70140,74376,84803,87249,111066,118194,124950,125485,136953,144405,150551,157653,166907,180284,184293
1228,42617,47315,47610,56751,62684,71321,73315,80617,106173,111691,120554,123499,130259,136838,144368,150653,157537,164218,180838,186002
1229,42824,47370,47270,56979,62410,69565,73179,82874,87544,112713,119336,125463,131318,136395,144726,151758,158720,165268,179017,184373
1230,43198,47849,47710,53396,62525,70102,73302,81067,88282,110501,118761,126095,131185,135763,143846,152325,157635,164666,178735,184292
1231,43263,48079,48323,53608,62950,69473,73293,81319,101263,110949,120484,123926,131381,136375,144252,150559,158064,165467,177233,184643
1232,44744,49537,49852,54571,63604,70266,74080,82792,89691,114647,123527,124974,132222,138598,148524,150275,159282,165654,175949,184402
1233,44096,49524,49407,54981,63623,70776,74285,81898,89912,99550,120538,125588,132945,137951,147996,153919,159355,165132,177258,184306
1234,45193,50571,50942,55514,62020,70843,74460,82137,115107,102997,122822,126521,133326,138445,146849,153458,159912,165914,174205,186594
1235,45301,50593,50334,55321,62351,69004,72172,80401,88006,101712,122392,125738,133446,137314,146326,152834,159159,165755,174692,184324
1236,45084,50332,50040,55586,62544,68985,72280,83750,88400,97487,122156,125626,131588,137691,144610,152685,158002,163825,177193,183813
1237,45060,50314,50253,55688,61978,69064,72079,83536,90234,119861,121707,126017,133689,138533,144753,152664,158217,164592,176603,183945
1238,47992,53228,52651,58743,62091,70146,72940,82004,88508,99748,127526,132928,138251,142821,147272,152831,160936,165843,177109,183259
1239,47744,52711,53440,54544,64622,70252,73071,84547,94380,100487,128346,133912,136236,140987,146950,155819,160011,164070,175678,182907
1240,47748,52264,52688,54555,63178,69698,73518,84192,85451,94891,110845,131621,134301,139861,148222,152463,158945,164420,175707,184118
1241,47740,52466,53153,54418,62115,69618,73556,84192,123564,124114,111913,131530,133672,139799,148662,153041,158938,163987,175082,183536
1242,49787,54523,55993,56639,63086,71422,73120,84394,91161,99940,132743,136991,138656,142861,150772,152675,161682,165865,177854,182904
1243,49149,54468,55804,56782,64202,69613,72807,82613,85606,96884,113777,134047,139216,141060,151309,154913,161460,166044,177250,185368
1244,48963,54319,55650,56546,63970,69151,73302,83103,88569,104242,111736,131734,138073,140543,150542,155648,161623,166383,174575,183371
1245,49008,54241,56031,56485,63226,69309,72830,83455,88442,107282,111756,132026,137915,143612,150397,154640,161732,166328,174503,184726
1246,50798,55754,57407,59441,64107,69162,72848,85176,91748,100120,115363,136625,140056,145545,152184,154363,162713,167694,176439,184629
1247,50772,55950,57441,59089,61190,69599,73331,85446,110396,119740,115608,136795,140501,144176,148710,155734,163702,168226,176758,184142
1248,50819,55848,57462,58441,63450,68186,72558,82732,92413,99551,109815,133534,139562,142020,149304,155656,160302,165100,176787,186518
1249,50857,56578,57521,58925,62688,69840,72650,84128,88823,99773,115480,134129,140462,142860,152616,155341,160404,166446,177112,183791
1250,51679,56757,58899,60328,64137,69474,73964,83024,91383,103081,110909,135718,141165,143188,152498,155630,160485,165963,175953,185095
1251,51318,57582,58185,59530,64244,70882,73356,82113,91013,100424,108809,135752,141063,143355,149968,156456,160876,167229,176207,185506
1252,52437,58052,58435,59660,64503,71188,75039,83519,93102,99705,137296,122576,144473,145509,150602,155392,165371,169701,175776,183710
1253,52744,57765,58245,59976,64408,70950,74127,83889,89903,135609,115884,125901,142471,146185,152206,158097,161660,167987,175653,184166
1254,51865,57100,57860,59456,64947,70608,76961,84565,96749,102190,114804,121674,141874,143569,149008,158538,162040,169847,176189,185840
1255,51826,56972,57744,59212,64835,71183,74601,83008,87164,97577,113788,137892,142484,144541,147706,154988,162095,169412,175843,184711
1256,50401,55570,59120,60091,65069,70669,78147,84302,138430,98004,112422,122609,146608,151437,157169,154243,165292,169995,179377,184291
1257,51425,56109,58514,59603,64868,71800,77033,85235,93573,100713,112521,123193,145074,151910,153491,161262,162725,169400,177691,185744
1258,50857,55499,60018,60687,66024,71840,75730,86447,90360,100037,117423,128687,149033,156868,159719,156674,169766,173809,176540,186432
1259,50712,55584,60317,60902,62686,71048,74444,82045,86671,101636,112199,119936,148850,154102,156730,159948,166372,171406,177431,185318
1260,49555,55259,60268,61212,62594,71004,73928,82969,90614,100983,109075,119962,150389,155290,158711,160373,166727,171975,181591,189193
1261,50416,55526,60472,61941,62529,72001,74260,80185,89561,113087,109384,121010,149891,155417,158121,162218,166335,175074,177400,188900
1262,51038,56226,60946,61801,63102,72359,75074,81318,89867,100228,112059,150972,137169,157050,159338,162410,166268,172333,181414,188083
1263,51274,56148,60422,61836,63411,73356,75183,81448,90061,98142,111007,120158,134304,156874,156894,161943,164256,173194,180542,188701
1264,50801,55678,60786,61793,63562,71842,75860,81545,92223,135452,108909,125239,132117,153742,158709,161666,164452,174104,184264,188166
1265,50832,55478,60764,61898,63540,71882,75729,83389,92188,99012,150118,125483,130764,152970,159232,161519,164617,170767,180321,186740
1266,52137,57698,60359,61705,63589,71670,75423,83397,87820,96303,115198,121773,131633,151213,159133,163105,163352,170313,179051,187905
1267,50493,57064,60285,61676,63681,71458,75668,81685,85400,97738,110294,121748,136837,151426,156983,164111,167134,173926,180922,187157
1268,50902,55371,58660,61658,63838,71564,76667,82925,127498,95266,114530,127194,134626,155698,165688,162078,168871,174462,180869,186762
1269,50474,55454,58819,62049,64201,72240,75831,81280,89440,94354,114694,124369,135634,155472,162484,168072,171426,172407,178155,186505
1270,51554,56170,59360,62191,64188,74473,75838,81941,87016,155741,117740,128354,139897,159592,167195,166362,174546,175105,178613,189607
1271,50936,55414,59393,62083,63541,69555,76266,83159,89451,102717,111156,123115,133021,160422,168488,171144,175246,175954,179703,186643
1272,50545,55128,56244,62092,63526,69998,73490,84126,95757,105004,111222,121239,133433,162668,170618,170533,178856,180840,181731,190582
1273,50543,55158,56410,61834,63776,69707,73152,84843,96597,98346,112733,121407,134970,149552,170523,173868,176266,179970,181787,192012
1274,49848,57013,55639,62596,63985,70997,74497,84234,90038,99504,117335,125510,140560,146053,173163,174193,178790,182649,185910,193718
1275,50069,57127,55666,63489,63891,70799,74101,83474,90225,99684,111777,127874,134959,145615,167767,175978,177187,185446,183373,192655
1276,51816,56207,55997,63201,64006,70280,76602,83996,88998,97338,113378,126211,133179,142083,165436,176847,175437,180126,185724,191972
1277,51098,56135,55942,63245,63548,70348,76728,82813,89624,100033,116193,121321,131102,142260,164922,174361,176293,179779,184815,194054
1278,52451,54971,56197,63092,65895,71296,76146,82634,89623,104905,120046,125083,167438,145274,169147,175484,183908,184337,186861,192200
1279,52164,55971,56408,63364,65968,72294,76694,84253,89884,98401,118491,125492,139527,144975,170874,178431,179996,183420,188023,189173
1280,52372,57886,56895,63127,64746,72048,77322,83394,141182,99115,119460,122059,136503,147037,158606,178444,188066,191167,187625,192165
1281,52419,55667,57057,62842,65975,71782,77110,84928,89748,96939,116085,124033,136780,142675,159502,186532,186592,188470,187091,192404
1282,50350,57787,60316,63428,66671,70515,78467,85668,90529,125450,118787,124759,139285,146810,163676,180556,189834,189916,189796,199264
1283,50445,56985,58235,63480,65832,69649,75274,85758,90366,96314,110284,123926,134364,142584,155194,179733,187358,188141,188007,197383
1284,53784,57576,58681,63377,65467,68973,73145,86937,91858,101296,109778,125209,134932,142332,155451,180260,187065,188127,197579,198790
1285,53982,56664,58601,62946,63433,69016,73235,86434,88320,98605,111879,121247,135035,147585,155299,181692,187670,189572,195717,197901
1286,52740,57568,59473,63902,66001,69252,73066,85341,95341,106384,117969,135558,140018,147806,162767,181620,195342,196883,194698,196734
1287,52428,57606,59747,64008,66754,69317,73436,81859,89712,99199,113911,123662,136076,148273,162998,175420,190621,196820,194882,196100
1288,52836,58028,59998,63167,65701,68698,73445,83306,90488,98252,114751,120060,135365,141942,160804,176085,192195,198942,194181,203808
1289,54002,58217,59059,63338,66083,69194,73708,82847,89327,165411,112216,122546,138110,143374,161589,175856,192348,198198,194438,202901
1290,52438,55589,59880,63864,66843,69137,73188,80810,90374,107541,114818,122294,140402,161010,164709,166908,196459,202287,200601,207775
1291,53628,57798,57913,63382,66682,70051,71892,80481,90412,95521,111223,152765,133114,148852,157159,167909,194458,201713,198038,203840
1292,51132,55589,57834,63721,65003,69374,70411,80306,92673,101074,109263,126601,130964,138562,154144,167506,193168,201708,200740,210788
1293,51766,55718,58219,62503,66217,69690,70515,80618,88933,96172,116093,120336,132361,139831,154592,166453,183530,201001,201537,208492
1294,52912,55705,57830,64302,65951,69564,71736,80305,95378,103277,116267,120920,133879,143815,155006,165708,181951,205096,204484,209365
1295,53435,55607,57862,63146,65256,69095,71358,79551,94501,104455,111125,124766,134183,143693,154778,170203,183408,206276,205280,206271
1296,50303,54913,58573,63370,65225,68753,70106,79075,86434,99859,112081,124927,132686,141367,153833,170959,182509,202506,204401,212545
1297,50267,56219,57209,63369,64997,69201,70664,81604,111484,100516,117268,123026,133491,187043,154403,168184,181952,200822,204237,211931
1298,51595,56408,58891,63043,64422,68987,70166,103509,88647,103857,119360,126374,136068,155426,155996,168376,183874,202684,207355,210993
1299,51683,57254,59384,62981,65770,69753,70273,80954,87835,104122,117953,124417,136776,149918,155961,169123,184853,202665,207012,212759
1300,51335,56356,58300,62441,64467,68959,69453,79925,86381,102267,112622,121128,133048,139508,153685,169089,173216,189191,204030,214486
1301,51371,57067,57376,62343,64939,68987,72661,80321,117721,101735,117703,129723,138196,148448,163178,164021,179563,189236,204203,211775
1302,51501,55611,58725,63080,64090,68524,73156,79061,95840,102995,116260,128061,135883,144277,159237,170671,181638,183480,204364,204371
1303,50766,56626,58989,63077,63922,68214,73017,81384,95838,104172,115892,129871,140048,145971,159399,170938,181736,188292,203655,204485
1304,50843,56590,59096,61285,64227,67142,71388,79650,85081,102555,111295,122042,131317,136732,152240,171880,175503,182287,199114,200984
1305,50727,58329,59157,62717,64480,70177,74133,87489,88058,102817,113825,127328,132758,146408,159105,161305,180683,184385,200565,208079
1306,51450,57227,58828,60352,63722,69267,73835,81548,90309,98551,116396,128377,137063,145975,155744,168877,173624,178036,197549,200327
1307,50448,57623,60159,61561,64127,69299,73433,81825,90931,99122,111454,128086,139532,147584,160581,162523,171849,178612,198708,199809
1308,50234,56112,58765,60316,62668,67711,72347,80982,89910,99384,115262,125993,134498,143389,155507,165783,166254,173173,190552,194586
1309,50277,56453,59026,60596,62525,70486,73958,100819,90107,97506,119780,127920,136679,144677,155110,161151,170493,176021,194382,196337
1310,50001,55847,57667,59254,60286,69110,72446,80945,118080,102457,112626,122733,134999,140270,151259,161480,165562,173570,192000,190024
1311,49591,55765,57860,59440,63357,69013,72570,81889,89163,127262,115482,127489,138288,144886,155593,158979,166624,173592,191755,189844
1312,46773,50770,54062,55247,60969,65736,70384,80423,84343,95520,104620,118643,123031,135411,146404,161261,157914,165641,180274,190165
1313,47368,51655,54429,55786,63620,68173,74409,80706,85905,101610,112349,116340,124586,135547,147306,152478,162081,166587,185641,191932
1314,45845,49608,52801,53794,63013,68494,73316,78736,86120,97084,108806,117447,129183,136992,144700,155047,157885,165604,182382,187199
1315,45715,49752,52976,53689,63498,70632,73720,82345,118096,96509,108701,115826,130725,133767,144813,153040,158674,165078,181749,187748
1316,42076,47046,49503,50894,60182,68450,73287,78941,85961,114452,104690,112524,121676,130341,142119,154194,157157,164026,176695,183789
1317,41730,47122,49779,55833,60464,69315,73576,111582,89088,98212,108899,119959,123165,133192,140781,150565,158209,164606,180675,183997
1318,40486,44801,48403,53457,59105,69205,72561,81620,87392,98876,111541,117807,122380,132640,144173,149222,155680,163329,176616,183415
1319,40522,45057,48578,54727,63058,69957,71650,84357,108889,109687,115727,117787,125607,133137,142064,147073,156333,163558,176904,184347
1320,40082,45577,48269,53197,60910,70662,73494,83726,88597,99560,114555,117888,124673,128458,142084,149864,157668,163552,175364,181188
1321,40097,45522,48291,53067,60489,70109,73719,83411,88571,109436,114912,118170,125229,128704,141795,150850,157741,164906,176973,183246
1322,39272,46087,47258,52813,60958,68570,72980,80232,87030,95240,112990,116201,122344,128447,140281,150450,154838,162089,175146,182682
1323,39820,46158,47351,53303,60595,67809,73558,83737,107249,107795,113227,116859,122121,129600,139855,147479,156156,162507,174075,184072
1324,39413,45281,46627,52126,58099,67870,72123,83239,87648,108312,112738,116958,123228,129439,137545,147530,156355,165066,175947,181216
1325,39240,44930,46438,52415,59544,67712,72116,81040,89171,107436,112979,116340,124383,130308,139631,148112,155416,165003,174607,182723
1326,39462,45573,46517,52305,60145,69100,73487,83026,95133,95924,113477,117172,121055,126867,139232,148707,155728,163810,174346,182010
1327,39619,45656,46701,52441,58978,68845,73716,83962,88763,107880,114075,117021,121592,126868,137130,148512,156312,163020,174329,182255
1328,40166,45564,47201,52401,61109,69411,72410,83350,109487,109965,114255,117376,121472,129832,142714,148800,157314,164728,175240,183625
1329,39596,45193,47250,53038,60250,69356,72550,84965,89077,95155,114735,117921,124633,130733,139019,146238,156187,163487,174949,182796
1330,40837,46434,47720,53624,61649,70443,73221,85559,90942,112476,116711,120048,125762,131535,139699,149395,154514,163164,174706,184051
1331,41323,46384,47913,53347,61888,70552,73336,86227,90306,97872,117143,119300,127362,132347,143940,148947,155150,163124,175710,182554
1332,40863,44705,47080,51677,60482,69513,72036,82269,87231,111427,114502,118412,124434,130696,142613,149349,156149,163318,175715,183862
1333,40831,45624,47255,52173,59834,69388,72354,83018,111139,97502,114897,117538,126903,130688,141339,148049,155723,163475,174557,182768
1334,41489,45546,48478,52389,59556,70845,74519,82274,92547,113208,116729,120516,125310,128874,142127,149841,158802,166269,175356,183105
1335,41470,45497,47846,52289,60189,71012,74118,81733,87729,100610,117139,119675,123320,129671,144021,150057,157899,167027,174458,183580
1336,40833,45127,47249,51874,57802,71250,73975,79889,85757,99232,115857,117301,123254,132133,142407,150610,158188,166262,175696,185896
1337,40864,45495,47391,51783,58108,70285,73957,82393,107667,112140,115405,117710,124191,131771,139205,148799,157852,166370,176138,185072
1338,39243,44043,46133,50668,57833,65382,70461,80910,89256,96784,113181,117967,120468,126899,140735,149101,155776,161359,178948,184108
1339,40093,44084,46421,50948,57934,65956,73538,82168,89646,109600,113848,117734,122839,129167,138213,148844,155724,161454,176460,184773
1340,40764,44907,47020,51584,58285,64510,71784,83004,89564,97157,114088,118417,124747,128406,139962,148773,155798,161592,175452,182654
1341,40819,44776,47043,52013,58697,66012,71343,81687,110694,111056,113870,119845,124990,129497,140376,147407,155719,163431,176473,182133
1342,40864,44481,46781,51731,57735,67882,69615,80544,88232,97510,113904,118523,122473,129221,140581,147083,156288,162708,174941,184328
1343,40814,44504,46695,52027,57672,66266,70882,81574,87316,110676,114939,120004,123804,129311,138682,148451,156132,163276,176034,181899
1344,42101,45546,47863,52571,58897,67963,70111,81637,89355,100393,118789,120145,126956,129496,141267,149346,155758,162515,177377,181922
1345,42077,45539,47987,52595,58087,66860,73706,81732,110893,103759,118392,122619,125404,130285,140270,149150,155618,161900,175148,181310
1346,42083,46390,49747,54113,59625,68045,73397,79029,89452,118215,111116,124404,130817,130869,140859,148267,156578,164011,175326,182275
1347,43007,46398,49505,54480,58379,65313,72417,87840,88413,103159,119188,123477,127515,130297,141946,149865,156085,163375,176327,181031
1348,44355,46587,49887,54920,58980,66912,70031,81710,88551,99281,111350,124283,127670,134823,139048,149342,155175,163107,175214,184280
1349,42371,46819,50408,51502,59261,66412,70461,80802,90483,98335,120622,123465,127591,134393,138894,148930,157087,162404,174986,181970
1350,46428,50176,51843,54211,62342,68690,72868,84218,124466,98626,114941,130462,132021,139227,143555,149726,154847,163353,176236,182949
1351,44643,49783,51524,54344,61716,66911,72909,82244,90829,125318,109514,130319,132804,135733,144867,148602,155000,163772,173835,182990
1352,46523,50203,51923,54703,62182,67581,72338,85585,88607,101722,109663,130252,131817,135246,143202,147639,153677,165177,172890,183222
1353,46610,52178,51944,54662,62570,67219,73098,82563,89088,96178,127880,131308,131744,135909,142627,147603,156319,162694,174496,183542
1354,49101,52176,53669,56356,63623,68301,73268,82041,87469,99280,113626,136507,137475,142232,147750,149761,157371,163257,174820,183701
1355,48631,52115,53212,56794,61301,68320,72075,83343,89070,97957,107372,134026,137579,137659,144921,151154,157273,163652,174447,183086
1356,51689,53804,55059,59090,64402,70495,75546,82202,87918,137493,117346,140521,143884,147634,151593,151836,159618,165450,173983,184047
1357,51429,55185,56424,59921,64148,70487,75940,95317,116701,103278,110418,140919,143773,147759,153010,153436,160754,165829,174492,183604
1358,52370,55040,58144,60629,64028,70534,73770,84901,89086,93811,130473,142042,146766,148629,153587,155046,160698,166226,174845,184231
1359,52260,54855,59008,61190,65245,69532,74449,80572,88861,102539,114351,142720,146450,149101,154234,155961,160341,166625,174071,182944
1360,52566,58707,58368,62262,66333,70233,73324,80241,91792,97818,116619,146972,149965,151732,156489,157179,163171,169244,175557,185199
1361,53209,58793,57891,61664,64191,69776,72781,80418,91317,96966,113913,126063,147378,149986,154761,158660,161738,166966,174426,184608
1362,53370,57786,60457,62634,64985,71159,74054,85304,95839,105082,113805,123822,152786,155318,156872,160334,166342,168526,175490,184155
1363,54649,57381,60477,62546,64845,69366,74199,80578,87086,102171,113441,123748,151792,153417,158293,163208,166131,171069,176677,182759
1364,52002,57805,60267,63141,64832,68650,74038,80705,86542,98869,113886,123769,149825,150195,157660,161625,165317,170050,177543,183568
1365,53316,55130,60566,63102,64695,68716,74651,81996,146116,147493,114232,133314,149341,150493,157149,158766,164716,168975,176955,183537
1366,54774,56578,60183,61413,64844,70885,73814,93709,90651,107375,116752,126059,151473,152842,155771,159154,166312,170094,178814,187036
1367,54553,56447,61373,61603,64803,69720,74097,80213,88540,105079,114716,127142,136319,154107,157924,163855,166367,174030,178105,189897
1368,53527,54920,59411,61267,63754,69417,75162,81187,89689,102044,116335,121091,132767,153209,157342,163703,166414,175138,179620,188114
1369,52862,57721,60031,62483,64687,69621,73382,80167,89513,103780,112763,121753,133285,153446,157345,160465,166750,171264,180105,187801
1370,52314,55338,59058,61146,62881,67855,73208,80148,85547,98345,109722,116139,130592,147076,154134,162258,162393,169727,179030,188608
1371,51923,57351,58862,61216,62808,70856,73862,120189,90103,96491,116391,142858,134926,148670,156016,157929,162665,169103,181488,187496
1372,51907,54744,58568,61214,62132,69486,73749,83183,88461,103623,110005,122920,145235,149256,155950,158123,164316,170206,179539,183839
1373,51399,54813,57851,61078,62452,70113,73882,84001,88510,104653,111786,125369,135895,149013,155861,159437,163543,170013,180722,184075
1374,49899,54311,57307,59127,60051,68185,71933,81003,89205,96017,108762,123336,130369,144661,151717,159849,163129,171195,176440,184220
1375,49738,53122,57267,59104,62196,70645,73563,81937,87203,96109,124965,118085,132908,145180,152024,156636,166603,169650,179824,186359
1376,48227,51738,55889,58105,62221,69587,72299,81379,119774,96013,110267,122510,130333,145646,153063,157955,166634,169945,178440,187423
1377,48609,51732,55859,57408,61924,69102,72038,81052,94296,100333,110024,122506,140230,145562,152976,159735,163457,171813,182729,190975
1378,46677,51071,53298,55130,58788,66447,70394,83622,89524,108045,107301,130202,130841,140170,146986,160266,160667,167585,180253,186862
1379,46887,51486,54109,55827,59366,66856,69915,83514,90033,97915,128971,122540,138235,143085,149660,155376,162289,168577,179398,186897
1380,47899,51527,54061,55343,59338,67008,70197,81053,88866,127775,114387,122428,132896,142939,151666,154971,162462,169659,182811,186335
1381,47663,51873,54119,55660,59304,66940,69713,82515,93491,102758,116030,135299,136845,143178,152662,156360,162911,168464,180829,186220
1382,46988,51403,52945,55570,58747,65639,69241,80648,89455,98803,111640,120870,133163,138679,148237,156224,162804,167691,176192,188824
1383,47716,50972,53687,55114,59408,68495,74431,83845,94089,99974,113151,120694,135474,139638,149141,154217,164251,167922,176334,189022
1384,45945,50072,51734,53972,59452,68020,73019,84182,89886,99747,109369,127774,132485,136196,145463,157306,161966,168817,177658,185310
1385,46746,50020,52364,54098,60028,67937,75900,84439,89259,99701,121980,120473,132562,136295,144398,149536,161067,168481,178825,186002
1386,46072,49739,51243,53701,59737,65974,69254,84784,100423,98304,108968,124106,128788,131294,143384,153160,161204,165662,177362,186096
1387,46333,49923,51513,53280,58390,66611,69532,86214,91533,118289,109344,123940,128792,135277,143245,150585,159703,165091,177374,186099
1388,45057,49464,50569,54182,59878,66273,70375,87612,94516,98812,121148,124142,131794,136077,145640,150499,161908,166115,176934,185547
1389,46430,49984,51475,54035,59334,66269,70229,86115,93067,99258,111308,124053,128950,135224,145191,152155,159747,165456,176015,186134
1390,46460,49648,51402,54918,60750,66780,70758,84815,91443,121288,123925,127181,134048,136031,142701,153136,159716,165465,175706,186739
1391,47035,49784,51389,54795,60493,66736,70714,83677,93476,101351,112797,126837,134287,134990,142397,150489,160423,164947,177810,185338
1392,47254,51975,53312,55338,62184,68437,73023,85166,93891,105001,114792,131045,136242,139000,146870,151328,161681,166186,178955,185503
1393,47324,51904,53295,55397,62372,68516,73079,82951,92082,102106,114536,122684,137117,138334,146169,154293,158439,165854,177160,185705
1394,49667,53231,54383,55425,62486,68692,73160,83311,99787,101876,114294,122378,137064,137814,148931,152109,158079,164259,178978,185412
1395,49153,53157,54745,55321,62456,68719,72776,86419,90143,102173,114662,131669,137146,137196,146258,152127,158410,164844,178356,185684
1396,49446,52898,54851,56172,61610,68917,73781,85916,88263,107086,116000,125011,136920,141226,146167,150138,161401,167396,177208,183070
1397,49612,53414,54480,55728,61354,66950,73378,82777,123678,104078,117236,124863,137230,138958,147769,151355,160548,166478,177123,181829
1398,48784,52485,53958,55170,61500,67006,70787,86406,93393,105023,116630,125268,135966,139224,145854,153656,158833,168258,175198,183224
1399,49532,52883,54403,55947,60930,68708,73822,82697,87936,105344,116553,125713,137250,139014,147858,151091,162272,167473,173788,185420
1400,48363,52588,54274,55980,60988,67684,73338,80247,92886,105880,116196,126199,141089,143601,150532,156243,162803,168971,177003,183235
1401,49355,52637,54241,55831,61402,69060,72514,80675,89726,101980,115501,126951,142805,145603,151981,160380,163203,167225,176248,183729
1402,46887,50739,52093,53459,60191,67410,71425,79280,87333,99326,112712,123006,134004,138083,147191,156532,156659,162828,176020,185920
1403,47476,51313,52408,53376,60436,67665,71339,80643,90105,101309,115973,126558,135443,138717,148978,151679,160883,165938,175014,187694
1404,47153,50949,51954,53131,59201,66523,70091,79777,85232,97876,113512,122764,130998,139614,145164,154763,158395,165478,175678,182792
1405,47090,50818,52179,55944,59267,68794,71105,81183,113526,115723,116917,122434,135380,137732,147259,152864,159255,167389,176591,182658
1406,45952,49503,50722,55182,58339,68023,70989,82308,92560,103249,113709,120557,129203,133420,144968,150758,156164,163050,176863,182151
1407,46499,49294,50973,55307,60870,67352,71214,79955,91433,104644,113400,126046,129259,135994,144940,149552,160038,167154,176936,182630
1408,43714,47152,48392,53200,58881,66575,70491,81422,84261,95441,109703,118480,125776,133222,141559,151928,157855,162614,174191,182239
1409,44264,47843,48902,56076,59341,67246,69964,79122,85879,106949,115183,120011,126729,133791,144758,149269,157995,162793,176307,182999
1410,43363,46549,47912,54959,58905,66581,68858,78510,102998,98247,116275,119502,127244,130557,140341,148380,154609,163585,177199,181837
1411,43482,46819,47704,54674,60801,68523,70124,81185,86689,106554,114349,121434,127888,130893,142423,147990,156441,163826,175507,182623
1412,41093,44151,45026,53899,59799,66847,69446,79419,96476,99075,113242,119204,124885,129221,138968,147988,154834,162851,173993,181644
1413,41364,44276,45179,56134,60052,67447,73294,79567,89999,102105,111723,119634,124119,134522,140027,146528,156485,163226,175527,181032
1414,39510,42218,43270,55494,59477,67571,72641,78240,92859,97918,107923,116441,120959,127916,137022,148291,154155,163923,174070,181187
1415,39690,42664,43400,55225,61389,66882,74020,91452,94677,98080,111839,117076,121769,128299,141234,145524,156188,163091,173100,181956
1416,37980,40961,41694,54319,60554,67333,69857,80301,89700,92534,101246,114668,122531,124586,136529,147427,153358,160659,174606,183520
1417,38138,41129,41826,56989,60475,65819,71587,79030,90830,95435,104392,114487,120682,126304,136862,145859,154103,161211,173714,182502
1418,38574,41602,42402,57500,60667,66847,75023,89466,93293,96679,105873,117069,120304,128444,139400,143033,153808,162261,175972,181931
1419,38705,41777,42734,55465,61119,66718,70677,79322,92960,97259,108534,111657,121274,127698,138998,145448,153639,160904,175652,180512
1420,38194,41224,42106,54562,60281,66417,71388,81675,91865,97096,108399,115699,118307,127777,139840,146574,153583,160757,174341,179741
1421,38248,41149,42274,54441,60840,67083,71013,87515,92754,98284,106766,112643,120981,128925,139732,144768,154946,161532,172955,180878
1422,39381,42526,43559,55654,61198,67774,72098,78755,95883,98836,109692,116825,119733,129908,139747,146480,154408,162491,173054,180834
1423,39328,42714,43646,55904,61639,69363,71190,92225,94601,98068,108661,114471,122314,130037,138786,147034,154754,161300,172538,180389
1424,39806,43565,44548,56156,62401,68827,71865,79141,97596,100824,109392,115994,122638,131539,136577,145612,154816,162652,173670,181043
1425,39853,43606,44549,55982,61634,68587,71727,78319,93697,101383,110937,116409,122041,128320,136186,146854,154064,162727,172840,180795
1426,40410,43917,44737,55687,62134,69246,70503,93320,94893,101696,110033,116881,123044,130682,140264,145128,153727,160552,173520,181097
1427,40469,43801,44878,55793,62300,68826,70914,78692,95497,101909,110686,116969,124112,131110,139778,145799,154138,160558,171979,180380
1428,37738,41222,42407,53916,61512,68319,69936,76814,89655,97150,107578,117346,121536,128918,139372,147316,153124,161093,173250,180979
1429,37892,41816,42772,54324,61830,68026,69946,91427,97037,101478,110943,116254,123007,126818,140067,144638,154644,161381,173067,180654
1430,35706,39493,40462,52970,58971,66460,68057,80003,94007,97952,107796,110462,117258,126179,138806,147332,152378,160944,171996,180719
1431,36057,39661,40662,55105,58874,67088,70599,77864,96172,96556,107477,110486,118568,124324,137106,145965,154893,161419,171693,181227
1432,34155,38641,39477,53427,57183,66094,68878,85377,94574,100812,106588,111028,117494,124166,136332,146926,152422,159847,172068,180267
1433,34340,38655,43289,53620,59391,66140,69627,92404,96694,100604,105501,112927,121480,123698,139083,144470,152722,160611,172988,180596
1434,32969,38367,43350,53511,58736,66345,84472,80953,89100,99118,106248,110816,118537,125179,135718,145805,152677,159792,171928,179706
1435,32953,38342,43013,53277,59486,66017,69833,80636,96337,100529,105578,110461,116703,125090,135842,145182,152442,160246,172515,179526
1436,33863,37401,42524,51618,58137,66146,69110,78439,90381,95021,102134,109260,116658,124658,137873,145651,152140,160971,171309,179274
1437,33858,37791,42475,51731,56234,65653,69313,88783,89534,95394,103234,109926,115550,124913,138040,143702,152584,160437,171335,180383
1438,33008,37974,42126,50632,57501,64264,83808,79132,93125,97412,104265,110999,117135,124460,136456,144150,152693,160240,171927,179752
1439,32951,38262,42349,51203,58385,64961,70531,86649,93477,96789,103547,111733,116806,124493,136319,143984,153692,160691,172630,179796
1440,33794,37292,41017,49479,56128,68362,71361,77443,90610,92993,101049,108684,119313,123959,137714,145029,152177,160389,171767,180156
1441,33773,37377,40941,49328,56101,67867,71616,86836,90762,94958,101640,109010,119107,127385,137298,143872,152763,160036,172309,180892
1442,34695,36728,41410,50122,57926,66875,68869,86819,89468,94620,103277,113039,116314,128469,138160,144303,153504,160447,172321,180684
1443,34727,37148,41419,50299,57743,66713,74488,78833,88812,94884,102946,109070,117152,127612,137971,144928,152524,160232,172116,181019
1444,32646,36258,40800,50216,58077,66056,72449,87357,91930,95313,100858,107851,115282,126396,137178,145292,153001,160190,172283,181096
1445,32800,36276,41206,50104,58211,66153,73669,79847,88448,94909,100808,107877,115110,125854,137124,144947,152090,159791,172617,181157
1446,32792,37066,42237,51685,59384,66976,69393,86096,87475,95764,102345,107103,117648,126782,137688,143916,153496,162072,173467,180957
1447,32792,36804,42387,51817,60868,66609,83147,80430,91034,96197,102675,112918,119634,124171,137187,145219,152200,160442,173496,180503
1448,33706,36925,38316,50463,58357,66677,68122,84993,90969,95069,105098,112213,118696,124994,138939,144565,154062,162065,171248,180991
1449,33787,36997,41239,50735,59579,64910,68242,85616,91378,95801,103290,112705,119141,128016,138955,144647,153149,161319,171723,180402
1450,36461,38894,42862,54694,61428,66462,79783,80348,93691,98822,102293,114894,116005,127670,137711,145546,152195,161041,173457,180954
1451,36093,38929,39855,54717,57833,71240,73709,86058,93178,96213,104787,114175,118711,126613,138528,146888,153421,160690,173574,181395
1452,35387,38197,39350,53292,57655,71875,73959,76357,89861,94810,101194,107799,120034,127587,139225,145795,153284,161317,172921,181246
1453,35257,38144,39450,52639,57758,71609,73861,84586,90514,94681,102388,107909,116052,127510,139860,146622,152523,160828,172716,179498
1454,35548,38408,39740,54348,57968,67678,70893,87379,90421,93424,102700,114140,120661,128596,139048,146630,153490,161918,173199,181165
1455,35872,38406,39614,53241,58069,67082,70630,87625,90132,93688,102456,112770,116571,128319,139261,146930,154070,162008,172430,181624
1456,33949,37121,38015,51240,55505,69983,74606,81462,87975,93142,106429,114025,121802,129313,141663,147426,158059,164897,173123,182359
1457,33965,37657,41965,51689,57615,71759,74106,81237,88483,93160,107083,110727,120761,128655,140704,149695,156836,163556,173110,182971
1458,33333,36873,41061,50538,56940,66059,73250,80209,88991,97639,103563,114176,123203,129166,139969,150365,155942,162125,174058,183010
1459,33570,37137,41328,50554,57272,66323,72987,84126,89094,96966,107859,111481,117484,127936,141284,147111,155757,163033,174073,185415
1460,32405,36389,40486,49293,56072,65729,68013,83493,86693,96510,103224,110145,118116,126468,138499,146236,153917,160674,176757,185411
1461,32600,36335,40192,49257,55421,64335,68626,83512,86197,94768,103267,110117,121550,129302,137878,146943,154127,160828,177976,184901
1462,33547,37114,41241,51748,57312,68776,81135,84385,88958,99011,106180,111982,118870,130223,136803,146648,156420,163020,176248,182073
1463,33730,37440,41269,51691,57517,66237,69070,85527,87189,98548,106162,113625,119436,127698,136279,145969,155710,162519,175322,181649
1464,33193,36817,40845,51629,57386,67612,71945,77863,88185,98324,107105,112462,119925,127268,139853,147881,154680,164210,174511,182803
1465,33226,36765,41093,51368,57437,67822,69421,84831,88671,97047,107091,115963,122195,126956,139139,147215,155563,164858,173917,183838
1466,34074,37879,42307,52846,57992,68558,81987,84805,88582,95045,108473,115830,122746,126880,139079,147400,155898,162069,174953,184237
1467,34215,38058,42254,53078,58054,69644,73177,86658,89184,95657,104078,116005,122284,127923,138644,147455,155751,162663,175216,185128
1468,35000,38127,42582,53121,56595,65840,71705,78307,89397,96480,104174,116742,123123,128476,140488,147868,155981,162667,175812,183190
1469,35258,38379,42653,53232,56495,69508,72399,86624,90686,94943,109488,117869,122908,129566,139873,147002,154396,162589,176353,183065
1470,36646,39561,44692,56449,59283,70528,74182,84045,92204,99207,111212,117472,122280,129016,140232,145835,154475,162055,176121,182946
1471,36526,39461,40758,53089,59433,67044,73667,79756,91047,98756,112257,115815,122885,129524,139630,147307,154431,161675,175214,181199
1472,37684,40992,41929,52596,58495,66712,72632,89621,93075,97027,111883,116485,123837,129360,139845,147099,155432,162456,173091,182260
1473,37507,41010,42290,52609,58766,66528,72842,80105,92391,97418,112738,118120,123448,130886,140495,146025,156345,163307,173381,181998
1474,38225,41776,42815,54526,60705,68264,72624,82178,92792,96380,105593,116820,122135,129610,139515,147552,153612,161469,173705,182417
1475,38396,41735,42666,54207,60972,70446,73165,89723,92725,95758,108849,116173,122327,128227,138683,147007,153653,160808,173000,182674
1476,39443,42942,44430,55239,60701,67517,71139,77234,94071,96555,109480,114635,121660,127524,137748,146259,152206,160781,175534,180639
1477,39410,43163,44640,55388,60732,68871,70671,87829,93650,97243,109732,116096,121575,126928,138420,143026,151611,159317,172992,180791
1478,39536,43159,44269,55466,58833,67450,70199,79083,93279,95932,106881,111590,117338,126362,138963,143296,153196,160841,173408,180222
1479,39627,43446,44633,54786,58900,69101,71053,88379,93645,96360,107690,112858,118095,128064,136980,144968,152990,160820,174089,180574
1480,41910,45392,46619,57061,61068,73290,89765,77863,99466,100507,104712,111474,118763,124801,136015,146686,153768,160979,172158,179904
1481,41577,45504,46890,54955,61099,68832,71541,87059,99626,100863,106226,117394,119420,126351,137249,143668,151659,161014,172765,179869
1482,42526,46482,48014,56625,62875,70925,72308,81609,103345,105034,109102,117040,122424,129084,139087,143766,154112,162335,171479,180663
1483,42343,46504,48116,56261,60334,71126,72352,78693,102968,104608,110683,117597,123678,128719,139386,146041,154213,162224,172455,181514
1484,44489,48496,50590,59088,62057,70674,73411,109456,110112,110867,118160,120519,127527,133700,140917,147197,155744,163671,173271,181215
1485,43995,48406,50612,56089,61437,70832,72281,79754,109770,110655,114899,120166,127472,130789,141307,148109,153316,163182,173024,181825
1486,44674,47756,50637,56247,61143,71474,72057,79491,110277,110993,113575,117336,124089,131358,141312,147187,155625,162334,173590,180266
1487,43684,47794,50594,56112,60755,71286,73738,79627,110382,111768,115734,117350,127438,132070,141116,150626,156222,162995,173443,181210
1488,45259,48791,51399,57634,61604,68741,72499,83819,110189,110930,113458,118567,126876,130476,139978,146927,155385,162706,173756,181748
1489,45349,48928,51221,52310,61435,67712,72056,82285,92207,111384,113861,119246,127704,131753,139017,145204,155010,161360,174234,181204
1490,45501,48906,51821,53659,60315,67951,73355,80145,85623,112565,115017,120583,125317,130458,139766,145392,153002,159566,175000,181011
1491,45377,49226,51952,54091,60562,66878,72609,79837,84844,112383,115357,117263,125564,132800,138352,144010,152332,158149,173723,179300
1492,47943,52197,53599,55236,61089,68955,71451,79512,113408,114301,117269,121532,128392,134701,141374,145417,154796,162509,173165,179285
1493,47721,51651,53587,55540,61071,69073,71143,80146,84271,114669,117023,120842,128510,133375,138935,145162,152368,161799,172515,180060
1494,46651,51006,54442,55632,60809,68671,74889,121457,87101,122454,124372,127527,136611,136420,145225,144971,159609,164225,170794,181738
1495,46647,50558,54355,55826,61294,67415,72736,82308,90494,122324,124058,126219,131448,136438,144981,153139,158379,165572,171457,180418
1496,46283,50420,52493,54054,61657,65274,70534,76903,114506,93696,116996,119962,121792,130286,139579,148022,153633,160097,173545,181164
1497,46327,50742,52581,54419,61439,68368,71247,84655,84731,115107,117591,120208,126244,133031,139334,146884,155088,161468,172583,182157
1498,43941,48558,50221,52270,58971,65318,67595,81058,85821,93647,113956,115947,122945,127961,136548,145715,153092,159637,172948,180334
1499,44093,48173,50594,52267,58258,64461,67578,83518,87234,111903,114738,116491,122502,127503,137049,144704,152152,160769,173509,180548
1500,116,117,117,117,117,117,118,118,118,118,118,118,118,118,118,144823,118,118,172629,179614
1501,41613,44524,46156,49098,51328,53351,60745,69488,75100,85139,97375,104190,109579,111410,121410,118,125704,128525,173464,180134
1502,41032,44712,46988,54767,68657,81928,95433,104919,104919,105259,108347,111246,118961,125530,135268,124552,144838,151171,171188,118
1503,41161,44690,47068,58267,74505,95557,105136,105307,105307,105726,108840,112779,121261,126813,134839,137435,151123,159387,172357,131773
1504,38413,43867,46184,57675,73066,93843,103294,103563,103892,103931,108098,112650,120601,126959,132130,141921,147954,150810,118,175253
1505,37987,43951,46126,51774,56055,63191,67388,102980,103607,104126,109654,112234,120607,126756,131885,140793,150725,156720,130921,178931
1506,37386,41884,43741,48031,52964,59772,60675,98565,98565,99828,107573,109423,117932,122591,126584,140043,141599,151532,161117,177077
1507,37717,41483,44001,49415,52872,60082,99299,75764,99532,101811,107886,112163,117587,122110,130240,133465,140988,152980,168569,180162
1508,36008,39921,42698,48785,51482,58709,66490,74991,95771,99034,103939,107080,117010,118072,126245,134278,137371,144301,165713,168281
1509,36388,39961,42941,48711,53080,63257,66635,96729,96729,99562,104577,109087,115347,118115,126301,127811,141381,143224,164347,170665
1510,35254,41242,42981,48121,52518,63855,64366,77799,103541,105009,107873,112030,117035,121340,129569,130077,142901,145987,161191,160027
1511,35649,41152,42656,48694,53281,58716,103062,73877,103062,103985,107548,110979,115379,121459,126861,131274,139827,145430,167567,162389
1512,35262,39766,41975,47427,51975,57924,60511,96278,96392,98297,102100,103477,106601,113103,120231,133287,133063,136589,156583,163350
1513,35368,40160,42055,47855,52186,58365,67536,74584,96865,98372,102472,105136,108167,112052,120290,124065,133206,136108,158587,163459
1514,34710,39109,40883,46995,49873,60381,61323,91951,93098,95128,98788,105859,106826,112031,119306,124162,132197,136874,157068,154590
1515,35346,39600,41224,47211,51401,83937,91386,69903,92725,94563,99528,106769,106531,113721,122065,122354,134347,140218,150518,154308
1516,35808,40106,41507,47852,53096,60502,64214,92394,93224,96314,102905,107690,110638,116937,127163,125919,136626,145989,142937,152071
1517,36063,40127,41617,48075,53386,61212,64028,77981,92681,95927,102124,108199,111257,116652,127193,130019,137183,143289,148877,157677
1518,33064,37153,38364,45764,50970,57891,76551,84665,85915,90343,98959,103381,107042,111746,121949,132789,132044,141368,147641,158412
1519,33723,37882,40984,48240,52781,59846,63294,86459,88209,92467,99253,103597,111263,116850,125207,129727,138364,140666,149751,160470
1520,31776,35291,38886,45982,49051,59174,79196,70115,85091,90374,98308,100384,112401,115581,126194,129648,134504,141018,149885,157175
1521,32533,35810,39090,45666,52855,61296,79684,82026,85309,90464,98451,109724,115546,118610,128887,126918,144468,151047,153333,163668
1522,30288,33470,37604,44885,51540,57135,62380,78927,82880,86434,97711,104832,112612,116951,128297,131097,140563,141770,147986,162868
1523,30347,33773,39707,46840,52719,75313,75507,80483,83344,90245,99630,106453,113670,120076,132218,128527,140322,150564,154748,171264
1524,27224,30332,36194,42708,48095,55232,67747,73084,78099,86693,86742,95760,104248,109526,119257,131753,127015,136197,154137,165552
1525,27637,30383,36018,44465,51177,58443,71783,73387,81519,86622,89501,98332,104521,114073,117663,120570,131683,138794,166880,168153
1526,26067,28860,34706,41914,48367,62324,67166,71226,74581,78936,92016,96293,99597,106707,116671,126282,126126,135584,161821,151036
1527,26452,28868,36520,44781,49897,62134,67451,72651,75749,81680,91908,95284,102189,107326,117443,122082,128055,136758,161473,152728
1528,24703,27039,34624,43924,53207,61614,63867,72804,77625,82281,91149,93175,98542,104870,116045,125051,127118,132484,148723,149839
1529,24867,27265,37461,44457,49682,62581,66161,71468,77563,80772,91890,96455,102551,110165,116829,122261,128087,132177,147148,148852
1530,24513,26944,36059,43240,58589,61316,63757,69633,73909,81266,87965,94889,102794,108779,112833,120491,126122,127143,139829,146365
1531,24615,26894,36294,44962,49071,61085,63635,73718,76025,84065,90568,95756,100928,108774,114885,121411,126898,128764,142917,146817
1532,24935,27156,36171,42438,51804,63773,65652,72637,75269,82599,89453,95825,105805,108419,119200,119240,126423,131225,139754,145007
1533,25057,27447,35863,44622,51187,64506,66083,73238,76588,81808,93306,90860,101837,108898,118286,125570,128049,134719,139164,148537
1534,26107,28558,36843,45372,54752,66767,67725,76104,80125,86205,95232,97632,108464,117274,122743,125736,132487,140594,138534,151160
1535,25883,28524,35021,44756,51161,59455,66750,74225,80165,85754,93567,96855,102532,114753,118617,128678,132052,140438,138919,151273
1536,27464,29882,35826,45748,54132,63324,70549,75970,81007,85323,94009,96991,102658,113598,118717,127303,129046,137826,141540,157321
1537,27164,30087,35825,42088,50293,60061,70572,76182,79402,84388,92636,97243,104056,113557,120166,125459,129503,139804,141962,156911
1538,27863,30525,37436,43846,51538,69305,69980,77762,80008,83211,94225,98709,107336,115992,117242,123048,130225,135959,145621,157909
1539,28049,30796,37426,44328,51985,59876,70388,76572,79969,83905,92533,98148,102798,112778,117677,123090,132413,137105,149774,153396
1540,30091,33024,38836,47078,54231,61039,74196,78065,82931,88068,95600,102108,108606,117058,120939,125089,136884,139364,147948,152521
1541,29846,32680,38975,45976,50388,60754,72385,75904,83165,89357,94876,101639,104709,112121,123550,129496,130926,137731,142881,152488
1542,32590,35385,42432,50475,53173,69925,77327,79415,85096,88409,96263,106408,111192,117464,125434,127527,134375,146482,144233,159691
1543,32679,35497,39376,48257,51432,61670,76376,78536,81511,89289,97172,105019,110513,116493,125341,132457,137791,143289,143710,154893
1544,34176,36782,40337,50152,54170,58440,78161,83784,83533,87286,99660,107961,114168,116634,126264,129963,142411,146030,149189,158293
1545,33866,36635,40679,48055,52718,62252,77867,83532,83021,89474,98240,105358,111967,117060,124543,132782,139613,148011,150724,161616
1546,36689,39867,43566,51019,56943,62440,84776,87397,89643,94333,101807,106926,109730,121025,131411,133864,146322,151134,156205,162839
1547,36637,39609,39959,53263,54809,60698,85079,86570,89378,95106,102845,105226,115977,121399,128936,138791,144990,148861,158359,160262
1548,38724,41977,42946,54302,57302,65266,90460,92309,95825,99254,101698,108577,113356,123971,134644,136375,146871,152104,158466,166319
1549,38684,42198,43112,52259,57274,65421,90322,92694,94425,96022,106200,107378,117178,122840,133807,141662,145515,153219,155701,165900
1550,39310,42949,44222,53529,59647,66149,70502,92845,93540,98175,102325,108739,119676,124718,135608,140132,149791,157684,162731,172983
1551,39293,42589,44089,54205,59909,65987,73373,93629,94309,98412,101852,108929,116477,125143,134447,142938,148442,157703,161819,172235
1552,39923,43176,44280,53009,59210,67957,74408,96026,96539,101045,106125,109250,115853,126840,135014,142755,151250,159062,167438,173978
1553,39871,42971,44461,53487,59304,67984,71051,95945,96460,100857,106322,109819,115998,124240,135137,142836,150631,158971,163092,173273
1554,38986,42031,44112,54386,60034,66232,76166,97903,99428,102178,107009,111944,118213,123500,136320,143088,152172,159730,166624,177485
1555,39013,42049,43877,54173,58745,65272,71449,88899,101795,103463,107314,112132,118367,124394,136127,144682,150804,159483,166831,177930
1556,38710,44543,44118,55755,59060,67298,71697,78936,105094,107205,113101,117305,118998,123637,136160,143648,152750,159947,168542,177887
1557,38567,44645,42699,52763,60594,67142,73068,84272,103618,106077,110676,117142,118959,125987,136248,144974,153070,160411,168300,175112
1558,38639,41866,42758,52598,58605,68857,75726,79129,110185,111603,116220,118858,123241,128388,136218,145224,152467,160868,170948,179086
1559,39172,41953,42893,53154,57395,68923,69230,107547,110272,109897,117786,119331,121763,127796,137489,144540,152173,159879,169182,177773
1560,42490,45543,48269,56119,60177,69536,83097,85685,115408,117065,120887,123230,129233,134672,138421,144850,152739,161866,169753,180805
1561,42061,45401,47975,52526,60081,67613,72612,87506,91976,117802,123840,124363,130360,134504,140366,145673,152829,160493,169937,180431
1562,45199,48679,49958,55037,61112,68700,71910,85906,105559,124240,129978,131925,134676,142938,143856,146566,156031,161869,170734,181499
1563,45206,48917,49643,51870,58200,66944,71164,80636,94039,123688,127128,130657,135595,137501,146683,148984,155616,161516,171814,181500
1564,47128,50456,51581,53391,61574,68732,71792,84025,91208,124215,129832,133965,136600,138905,145438,151188,156115,164216,173155,181491
1565,46951,50148,50837,53327,61550,68374,71268,78981,93316,124772,130112,132403,135021,139881,148847,151239,156624,162939,173500,180303
1566,47169,50738,52042,53678,63098,70130,73888,82705,97685,103948,131901,137290,139105,143965,150058,150652,159728,167422,172753,180995
1567,47206,50742,51954,53896,60971,68783,71846,81867,95916,101547,133774,138098,138797,144820,151305,152831,161487,164968,174033,181412
1568,48016,50339,52568,54643,58941,67837,71498,83709,91499,104992,131417,135490,137492,143087,151752,154259,159357,164601,173907,183839
1569,49142,53249,53014,55072,59777,68421,72329,83460,90575,99915,115376,136592,138816,145284,152213,154218,159528,164041,173977,184060
1570,48087,52250,54366,57167,61056,69161,72651,85647,93286,102094,116991,140096,142645,148932,153303,154671,161964,164767,175968,182126
1571,48646,52164,53853,56483,60852,69037,71990,83746,93486,103707,110755,137405,142033,142762,151466,157556,162464,165190,175921,181286
1572,49436,52834,54683,57836,62162,69341,73191,85094,92688,100725,113051,136842,144071,145327,154337,156433,166882,167402,175493,182351
1573,49164,52877,54741,57942,61695,68179,73032,85279,93127,101568,112796,138600,145003,145722,155301,159000,161625,167143,174920,180954
1574,49370,52580,51231,57764,61518,70632,73644,84365,93823,101465,111629,122890,145420,146458,154638,159681,163216,168894,177220,183629
1575,49131,52862,51408,57656,62666,70490,72651,83723,92687,109395,112854,139106,145252,146001,154728,159284,163255,170068,175577,182087
1576,47888,50571,51150,56438,60541,70845,73373,81029,93134,104917,113812,123170,147024,147834,158392,158830,166712,171778,175260,182599
1577,46917,50262,51300,56549,60598,69911,73683,81377,85748,102798,117519,122707,146581,147545,157860,164382,165389,170653,176181,183557
1578,46720,50170,52099,56330,62671,69489,72665,81443,135062,95906,115630,124584,147767,148957,159156,163243,165589,171082,179497,184112
1579,46763,50358,52011,55757,62290,70029,72837,81656,92409,139661,113975,122399,147148,149626,157595,160056,166034,169678,178633,186183
1580,46922,51872,52314,57219,63079,71675,75217,81703,91780,109998,118753,124744,155176,153935,162876,164727,170636,176229,179786,185871
1581,47807,51880,52294,59324,60682,69301,71241,82670,88213,105214,117821,126448,151154,154510,161927,167779,170346,174824,176749,182996
1582,47670,51924,52139,58461,59761,69532,71998,83374,95070,104762,118927,122794,138184,157281,163971,165101,173282,174410,180497,186915
1583,46521,51102,52677,58016,59740,67591,72136,84564,95119,101984,117870,122626,138485,158365,160497,164549,172566,175795,178896,191406
1584,49334,53392,54937,58101,61336,69269,74836,85985,91437,107913,120366,124424,142684,162589,165950,164963,179094,182792,185559,187929
1585,49394,53408,54247,57886,61358,68762,73567,83038,93566,104861,117692,125930,138277,158503,166303,173692,177000,182809,186171,188190
1586,47705,53662,54155,55204,61307,72135,73498,84338,89821,104192,118999,126875,134545,158387,165467,169813,171163,181472,186262,197212
1587,48406,52996,54150,55118,61323,72140,73465,81336,90734,102605,118030,127616,134541,158084,166059,168651,171350,181242,187032,192972
1588,50334,52983,52967,57789,61025,68019,73184,81190,87304,105481,118494,126324,134731,160704,167311,170950,175640,184926,191396,196580
1589,48196,51627,55428,57497,60949,68724,73137,81407,87679,99290,118486,128299,136443,160117,167623,172688,176321,185083,187153,196172
1590,49105,51963,52724,58177,60166,65756,72472,79620,86200,101129,118748,126077,134287,157545,167640,171382,174701,177283,187460,195102
1591,48007,51800,52626,57431,59693,67761,72513,79339,85940,106057,118925,126503,137461,162573,165767,169446,174455,180832,187539,194880
1592,49129,53055,53916,58633,60473,68396,72302,81498,148623,100331,119618,130044,141608,152917,169896,172262,178862,187205,189091,193452
1593,49289,52565,53977,57862,59704,65754,72579,79947,90819,102421,120283,130327,137019,147703,171196,176835,179695,181599,190778,192885
1594,49337,52628,56532,58960,60063,66951,73864,80208,85113,102965,121092,130101,135852,147693,165268,174511,173748,179795,186032,200813
1595,49351,52591,53858,58611,60610,69519,73509,80159,86147,108280,120393,129477,135549,146661,166284,168218,176649,184855,185656,199773
1596,50779,54358,55314,59190,61081,68913,73280,99179,89785,102719,120853,130936,137525,148119,161936,173638,179817,188974,191488,200803
1597,50575,54017,55437,59440,60353,66828,73341,81036,86578,97639,120808,130847,137182,148132,163953,175616,177614,187382,192392,197187
1598,52003,54932,56540,57930,60705,66159,72696,79893,87043,101027,119230,129525,134836,145235,158167,174224,176547,185220,188337,198810
1599,51169,56038,56752,58292,60531,68342,72112,80093,91236,99788,121382,129487,137835,145962,155911,167353,175646,185274,187762,199697
1600,51125,55051,56096,57999,60706,68613,72461,79716,89322,106461,118843,129442,136954,144232,155593,173317,175678,184067,192584,197392
1601,51361,55732,55931,57732,60868,68978,71559,79271,96245,107013,119227,128086,136760,144316,155736,170864,176730,183541,191592,197003
1602,51159,54903,55842,57203,58408,67932,71271,106741,92975,104984,116071,124768,132366,137743,151125,171952,170531,177347,187353,197942
1603,51823,55077,56440,58598,61857,69293,72421,84265,87181,105142,120478,127521,139016,145790,161530,164827,172735,176431,194649,194494
1604,49570,53587,54940,56084,60416,68510,73490,83694,91479,106649,120038,126486,138492,145155,160673,166626,169632,179420,190340,190055
1605,49378,53508,54253,56316,61597,68914,72429,82738,118579,105881,120030,126232,137803,147736,160623,167762,171105,178052,189321,189223
1606,51008,54297,55799,57090,61839,68838,72266,81933,94736,106675,121197,127871,138670,147717,159855,166549,174019,178548,186043,189662
1607,51511,54557,56363,56972,61230,68156,75990,80070,87210,106700,121505,127231,138385,145181,159673,169930,172879,179053,183468,193362
1608,50634,53390,54788,57036,61667,68798,72573,80698,95168,106868,121218,128305,140482,151035,164707,166190,175728,182876,185506,193489
1609,50307,54651,57154,56412,62144,69391,71203,80787,88989,107571,121284,128872,137581,145435,164236,167968,174995,178996,185798,192885
1610,50811,54645,56077,56229,61499,66397,70438,79719,87584,108040,118779,127188,135404,145137,163028,166568,173700,177626,182361,197378
1611,51927,55183,56000,56873,62091,68819,88890,79623,86668,108160,119602,127432,136143,149411,163201,167058,173577,174528,185492,195290
1612,51428,54498,55550,57932,62252,68752,71823,88959,94676,108694,120507,127590,142750,147590,164819,167304,174592,177866,188183,191452
1613,51823,54486,55827,57801,61666,68802,72179,89537,93573,108756,121005,127584,138270,148924,163781,166824,175127,175458,188239,189661
1614,50401,52241,53682,55204,59609,68482,72590,87496,95253,106344,120421,128674,138530,152266,164952,166977,171981,180844,187977,196508
1615,49173,53571,53607,55255,60803,69373,71411,91134,95588,105568,120364,128498,138390,147447,165958,167960,176239,180602,186049,196315
1616,49350,53659,54380,55395,61195,67640,71272,87285,94220,107039,116694,126970,137785,149743,162729,168606,172350,175235,186798,194899
1617,50352,54098,54040,56410,61208,67941,71878,86667,92680,103877,120579,126714,142956,150552,162138,165667,172910,178032,187114,193117
1618,48964,52516,54114,55157,59724,67377,70546,84439,95968,106053,120470,122445,136877,147149,159987,165555,169627,177383,188034,193206
1619,49025,52690,53659,54883,59862,67950,71402,88868,96275,107656,117391,127405,138105,148203,158576,162456,170029,176917,185542,195112
1620,49632,53352,54468,55741,59072,67837,71639,83261,95883,105479,117651,122656,139108,145619,159079,166359,170388,176346,186966,191406
1621,49611,53424,54476,55788,59491,67877,71536,82906,93721,100916,119185,121810,143210,145359,159249,166208,170128,176308,187364,193880
1622,48370,51949,53217,54713,58868,66001,69438,85944,91000,98271,109352,119157,135077,138763,151061,166957,163121,172765,186708,191938
1623,48644,52168,53401,54515,60521,66143,87728,86883,91040,101372,116994,129068,134884,146607,156191,159640,165438,173382,187831,191854
1624,48476,52271,53068,54140,60290,65608,72257,82717,90045,100931,116661,128297,135122,146796,154501,160230,165759,168038,183034,184657
1625,48900,52017,53075,54146,59677,67727,72880,81955,91366,104174,116129,127752,135095,148724,154212,158237,166059,168739,182948,190427
1626,48483,51438,52690,53398,59261,68086,71890,81968,95301,98941,113510,124418,129037,143590,152337,157780,161510,166371,180119,188813
1627,48473,51795,52455,53552,59025,67789,71423,85333,91011,100819,117082,125985,134860,143951,152495,154874,165862,168507,178285,186385
1628,47300,50585,51398,53127,59632,66825,71300,84382,104914,102123,117073,121812,132404,139845,147570,155295,166225,167788,180812,186707
1629,47376,50816,51891,53089,59410,66961,71038,84861,92449,103031,117877,122114,137429,144367,149609,155713,164941,168832,180949,186685
1630,46424,49855,50518,51042,58116,65761,69543,83528,89438,100092,113054,118642,131408,138636,143505,155440,160054,165433,175551,184382
1631,46500,49843,50975,54475,59812,68434,71897,84710,89495,102626,114599,120820,134987,138563,147111,151675,161247,167693,176521,187592
1632,45046,48427,49465,53749,59911,67825,72832,81617,89523,100203,115007,119625,131482,137739,146525,152469,157892,163985,176039,185133
1633,45457,48312,49523,53855,59839,67604,70780,82556,110429,100231,112872,122588,132340,138743,147065,149765,161524,165430,178853,184375
1634,43072,45814,47029,50882,57758,65892,75123,80518,87903,94631,110239,118002,128421,133023,142671,151499,159685,164277,177191,183716
1635,43130,46279,47350,54302,59894,70193,73711,80490,85613,94054,116335,122889,129470,134415,139822,147973,156394,161644,178075,183728
1636,41643,44662,45583,52918,58673,67252,71312,76628,101686,98621,110131,118305,125363,135339,142271,147284,155585,162911,176974,182125
1637,42246,44805,45795,53017,58840,67721,71130,77035,92947,104108,114854,121688,128698,135637,145381,147119,158021,164606,175513,182128
1638,39522,42001,43031,50618,56914,66478,74870,76743,92600,99925,112411,120170,124081,129562,142804,150842,157915,163269,174008,182441
1639,39586,42609,43482,53365,58969,69935,70672,83060,90404,104312,114865,120189,124243,133193,144614,148818,156407,166618,173325,182406
1640,37705,40608,41616,52509,58690,68421,78379,80681,87654,101993,112411,119609,124808,131643,141215,151784,154564,162447,174524,180376
1641,38037,40526,41631,52465,58339,67865,73202,82482,96454,101215,115070,119678,125517,132442,139343,145332,154684,163935,175568,181090
1642,36600,39108,39995,50603,58094,65715,69790,77658,93423,99505,112676,119025,125531,132009,143607,147770,157312,164491,173522,181579
1643,36574,39172,40282,53601,57854,68856,71874,80302,97226,100221,114052,119948,125480,129908,140968,150485,156848,163697,173652,181342
1644,33061,35639,36582,50679,55074,67457,70047,76989,85694,95224,104197,114951,121563,127425,138358,150152,154105,161218,172666,183498
1645,33522,35995,40228,53394,58459,66144,78799,78579,88500,97655,106749,116357,124012,128817,140571,146136,156263,161680,173564,183117
1646,31256,33872,38028,52754,56310,66090,69497,79582,87711,91483,102714,115291,121423,126676,137595,147275,153849,163514,177220,180900
1647,31329,34051,41582,54781,60602,68575,72612,79778,86396,96007,102612,114898,121487,127622,139383,145968,155438,163332,176375,182770
1648,28831,31520,38389,47721,54940,65768,70160,78608,82048,90015,100960,110932,118937,124098,137263,146270,150719,160140,173348,182360
1649,28901,31979,38096,50883,59641,66437,72332,81106,84680,89490,100964,110409,115964,125388,136495,143805,153425,161146,175639,182972
1650,28672,31455,37251,50639,59670,64980,72874,78957,87440,89714,102474,110932,117112,124961,136783,145686,151415,159566,174011,178359
1651,28726,31368,37620,50791,59682,65760,73305,76585,82969,89821,103085,107623,116937,125462,135903,144138,153085,160389,174837,181318
1652,28309,31017,37727,48154,58331,67667,72192,76266,85664,91084,102290,107858,116196,124527,136099,143209,149921,159311,173064,179203
1653,28415,31174,37780,49681,58598,64661,72051,79620,87890,92130,100490,109557,115629,124682,136840,143773,151662,160140,172879,179901
1654,28221,31070,36903,47751,58202,64946,73787,78756,85882,91498,101102,110086,117781,125444,136511,142697,152782,160067,171597,179108
1655,28179,31242,37439,47824,57032,65516,73228,78645,82077,93230,99793,107451,116921,125091,136533,144003,152912,159870,172024,178886
1656,28554,31264,38027,48716,58898,65592,73186,77702,81272,89136,102515,109122,115872,124566,136410,144785,152217,159609,170944,180493
1657,28454,31609,37882,48915,58916,65617,73767,77344,80902,87293,102335,109063,117478,124269,135465,143732,148770,159341,171194,179165
1658,29083,32078,38904,50751,57966,66722,73385,77286,85014,91104,102277,110120,116950,124561,136180,143489,150729,159237,171519,179647
1659,29094,32142,38810,50349,55135,66468,74595,77617,82839,91191,101238,110027,117404,124455,135786,143274,151096,158953,171876,179841
1660,28453,31567,37678,48944,56566,65200,70127,78876,82693,91813,98721,107759,117051,124051,135619,142781,149219,158322,171187,179630
1661,28503,31741,37736,51630,57607,63634,75003,79060,82972,87935,99336,109123,116853,124075,135804,143012,149304,158456,171431,178814
1662,29386,32363,38662,49979,54857,66445,74414,81699,85088,90261,103196,110518,117287,124994,136257,142067,151325,159970,171127,176989
1663,29362,32611,38873,50334,56226,64258,69110,81219,85384,89909,104844,111220,117744,125142,136303,144539,152570,159883,171248,179401
1664,29962,32855,39480,51421,56295,66110,75185,77750,86200,91102,102810,111037,119754,125969,136516,144303,153111,160524,170902,179830
1665,29955,32778,39344,51300,56453,64906,75199,77702,85577,90335,103015,110456,118772,125203,137189,144531,152841,161459,172292,180335
1666,30084,33058,39661,51935,57259,64184,68306,77454,84979,88617,102837,110670,119673,127344,136698,144648,151302,161447,171808,181075
1667,30147,33203,40154,51977,58863,64230,74967,77876,85363,91313,104185,111962,119120,127073,136986,145121,152759,161024,172306,180222
1668,30451,33674,40663,53125,57545,64561,74370,79816,83930,91465,103498,111712,119160,125295,139005,144102,152426,161192,172566,181356
1669,30530,33991,40860,53689,58731,65467,69892,80770,86922,92732,103513,111571,119289,125226,138033,145390,153470,161666,172600,180718
1670,31631,35083,42119,55688,59992,65706,76253,81739,89463,94055,107777,113458,120621,127142,137968,145325,154164,162266,174087,180310
1671,31614,34772,39039,51998,56186,67264,69942,80548,87399,93123,101593,113036,120918,125692,138498,146046,153954,161935,172226,180316
1672,31279,34426,38641,51769,56103,68340,75401,82411,85072,92697,108443,114205,121725,127898,137423,144739,153010,161878,172921,181520
1673,31363,34525,42235,51913,55731,68366,70651,82345,84599,95734,101602,114083,120158,126055,138078,147316,153707,162384,173179,182432
1674,31763,35028,42687,52448,56629,69072,76840,81632,89372,94047,108264,114921,121538,127514,139725,145609,154062,161945,173977,182336
1675,31712,34988,42544,52418,56571,67685,72728,83672,89083,93574,104781,110774,122292,127558,138537,146926,154090,162054,174985,181297
1676,32640,35991,44472,54008,58119,68705,72739,84422,90440,95019,103825,116313,122056,128102,138979,146337,154913,162073,174061,181999
1677,32701,36028,40727,54460,58303,68202,68999,83892,90481,95898,108954,115483,123266,127476,139172,146087,154758,161606,173327,180499
1678,32460,35824,40074,53896,57244,68514,79009,83405,87861,96477,104308,115267,121327,128006,137935,146128,153293,161532,173116,180744
1679,32487,35964,40558,53788,57581,68792,69125,83817,87421,96328,104476,116184,121743,130463,137658,145931,153372,160839,173418,180385
1680,32991,36337,41103,51223,58154,67576,72428,84172,92093,94420,108708,116808,122735,128100,139070,145384,154162,162052,173015,181740
1681,33114,36569,40749,51617,59022,66416,75397,85548,92553,99717,105922,116827,122292,128206,138326,146285,153473,161376,173144,181673
1682,33369,37423,42775,52691,59282,68273,69262,86856,90540,102076,106621,119394,124604,129405,138198,146456,153435,162909,173204,181254
1683,33521,37473,41986,52985,59264,67677,84874,87254,94578,102418,107175,111981,123152,129118,140352,145460,153827,162361,173364,181022
1684,32806,37097,41414,52872,60355,66262,68959,86028,97860,103285,107929,111542,122201,128667,138713,145756,153344,161457,173612,180750
1685,32822,36612,40919,52578,59163,66145,68842,86284,96049,103672,108859,111246,120231,128885,140148,146024,153388,161390,174113,180617
1686,33287,37373,41571,52625,58724,66457,69786,87767,92461,103990,111800,116438,123062,129705,139160,145907,154150,160903,172774,180468
1687,33488,37544,41307,52635,60091,66754,77973,88015,92959,104494,110338,117429,123178,130111,139104,145590,154564,161194,172913,181216
1688,34604,38659,42183,52555,61299,66319,70953,90883,95857,105674,114473,118783,126129,130058,142499,147397,152562,162203,172643,180526
1689,34793,38279,42311,53046,60967,68566,70406,90590,94068,106758,114426,118448,124173,130718,140385,146266,155896,162450,173036,180190
1690,34602,38106,38001,52425,58153,66360,77005,89188,94292,101540,112950,119063,122923,132364,143971,147201,155523,158802,172619,180775
1691,34553,38250,38086,51721,57924,65713,71065,89067,94697,99299,113025,117968,123051,131545,141560,146898,153818,161814,173105,180348
1692,34712,38105,38776,49820,55283,65975,69454,89251,96194,106322,113379,117686,124022,133894,143882,148341,156609,162003,173729,180528
1693,34889,38080,38434,49814,57677,66007,87102,89919,100499,102780,115985,118928,123529,134415,143683,148512,155502,162643,172709,180593
1694,35830,39195,39311,51418,56417,66106,70137,92649,101252,109295,118291,122831,127042,134196,144734,150283,157375,162834,173450,181188
1695,35819,39154,39425,50421,56866,65109,68089,92417,98160,104603,118007,121216,127347,136075,144121,150661,157694,162913,173072,181389
1696,34250,37616,37647,50355,55434,63250,67475,90197,95449,101195,114076,120054,126120,134042,141931,150925,156861,164765,174119,182115
1697,34326,37734,41255,51326,57825,66391,78206,82370,100118,103804,118127,120805,125874,134557,145362,149635,158350,163903,174332,182412
1698,34532,37720,41073,51961,57031,66366,70846,81838,97651,106532,116511,119388,126340,132809,143527,149037,158767,164863,175723,182425
1699,34532,38076,41641,52030,57941,66693,70989,83999,97498,107097,117617,119915,130658,133965,144664,151201,158055,165559,175297,182414
1700,34794,38108,41739,51591,58083,66314,72711,81511,101090,111694,115942,121443,130505,134673,143399,150837,159200,165831,175533,181976
1701,34970,37986,38305,51295,54861,66473,74478,83314,99795,111241,118515,121043,128528,133504,145181,153335,159550,165825,174339,182456
1702,34871,38035,38547,49763,56190,66730,70536,80732,98782,106381,117004,120774,126829,135945,145868,152936,159094,162760,176780,185617
1703,34950,38513,41373,51333,55774,67255,78428,90761,98940,107269,115962,120999,127310,136509,146538,151312,159653,165557,178991,182986
1704,34929,38232,41698,51152,55509,68229,70288,83037,97815,108011,118258,122673,127563,135879,145614,150658,159613,162941,176960,183830
1705,34995,38215,41816,49238,56074,68079,69998,82390,99245,107717,118022,122356,126634,135582,145703,151251,157952,164364,175991,182030
1706,32633,35775,39859,48413,53601,64256,74599,79781,92861,102487,109579,115203,122108,130453,142358,151293,155301,161192,177490,182127
1707,32647,36142,39792,49335,56396,64605,69505,76173,91493,102788,110763,117776,123412,133384,142686,145722,157916,164119,178080,181131
1708,31831,35287,38782,47636,55368,63602,81159,86555,93380,100351,109824,116997,125287,128866,142341,149123,155931,161982,175799,180154
1709,32430,35371,38864,51374,54841,64365,70748,86984,93996,98832,110610,120012,127754,133417,141895,147923,156132,162517,174946,181506
1710,31623,34574,38378,49364,54107,63337,69746,79276,90414,98440,107956,118234,126114,128834,141576,148388,155741,162146,173033,180267
1711,31647,34432,38264,49482,52662,62629,71705,85179,89982,100873,111478,118110,126046,130287,141417,147030,155582,165032,173706,181979
1712,32787,35484,38949,48960,54237,66859,81240,86470,97640,103161,113083,121495,125839,133566,144984,148561,155241,166599,174035,181000
1713,32832,35551,39140,50527,53911,66909,72376,80277,95874,103041,113143,120736,126980,133701,142603,151440,157168,166879,173318,182412
1714,32846,35399,39190,49007,53906,67105,72126,87170,92846,100652,113423,120881,129151,132980,142096,149537,156291,162968,172726,183365
1715,32747,35325,39048,49066,54753,66914,71977,80413,91993,102412,114379,120068,127175,133227,142496,149446,156767,164774,177226,183425
1716,33278,35620,40211,49811,52819,68820,73073,87812,94038,104540,112322,121021,128263,134481,143194,149402,157189,162757,175978,184015
1717,33288,35878,39627,50175,54471,68593,72225,81143,92876,101066,112950,120495,130053,133039,143893,148046,157115,163855,175640,184701
1718,31765,34140,38587,48820,52089,62373,71049,78334,89971,96853,111972,118475,126048,130775,140690,150421,155182,161880,176715,183914
1719,31853,34380,41241,48979,56453,64404,71205,86099,95538,103641,109142,118451,124629,133569,143364,148239,155538,163908,177301,181764
1720,31464,33685,40440,48903,51834,63264,66912,85145,94343,100950,110288,116246,124246,129343,142773,149743,154684,162600,176463,182680
1721,31512,34240,40609,51674,55686,64131,80578,83554,93643,101764,113656,119908,123899,129271,140421,147148,154237,162890,175274,182716
1722,31590,34163,40332,51341,57093,64040,73853,81768,95509,101410,113026,118900,125758,132200,142802,148120,154923,161656,174059,181494
1723,31726,34367,40450,51501,57391,64304,73959,86427,95451,103322,111350,120160,125069,132680,141975,149112,154153,162237,174233,181344
1724,30770,33045,39773,50741,56231,63632,68791,84695,94088,100777,108862,117500,122827,130505,140846,150664,153666,161271,172881,181773
1725,30692,33168,40093,51027,57052,65512,69529,84651,92833,99970,112194,117629,122867,131236,142205,148274,153618,160824,173775,181820
1726,29838,32424,39449,49949,53896,64486,75229,79676,92130,100033,109256,115381,121010,126675,140361,147309,151376,159690,174422,180441
1727,30192,32298,39102,50564,56971,64430,72659,87184,91090,101407,110569,114943,118989,126524,136730,145080,154307,161335,174103,181392
1728,29718,32093,38970,49921,57869,65574,75517,82567,95829,101412,109856,115137,122301,130390,139137,147769,154007,162176,172167,179211
1729,30063,32445,39091,49932,57987,65428,68298,83244,95779,100926,110370,115391,121304,130365,139994,147664,152909,160235,173388,178986
1730,28914,31621,38498,50240,57934,65593,73759,81887,93563,101009,109128,116214,120166,129339,139673,146267,153195,159644,173089,180425
1731,29258,32010,38337,50411,58510,65594,74720,82638,93733,101438,108385,116090,122097,128995,139144,143454,152622,159665,171238,178610
1732,28350,30901,37456,49955,57237,65030,71162,80373,91369,98937,109229,114290,119240,126878,137332,145913,154588,160812,171201,179531
1733,28337,31060,37348,49958,59712,66087,73047,82560,91101,100902,109238,116096,121305,127926,137752,145298,150998,161421,171553,179806
1734,28559,31229,37851,50215,58008,67137,74016,86963,94318,97362,109611,114571,123187,128378,138883,145392,152998,160007,171631,179325
1735,28581,31166,38048,50011,57998,67673,74103,82465,96299,96312,109435,114947,119963,128969,138464,148070,154871,161280,171784,180190
1736,27475,30052,36848,48969,58278,65697,69310,77713,89377,97104,107808,113542,120625,129984,138711,144803,152988,160796,172269,181325
1737,27428,30142,39483,49225,59692,65444,72904,83194,91110,97772,106799,112946,119797,128143,138861,145671,153951,161142,171839,179705
1738,26655,29247,38531,48162,58585,64619,70647,81054,88067,94131,107631,112557,119503,127967,137655,146419,152227,161905,174125,180160
1739,27169,29597,38476,53233,58717,65196,70346,80754,87988,97012,107505,112399,121167,127502,138494,145497,152888,161039,172728,180500
1740,27293,29450,38914,53011,58905,64938,70127,80936,90173,91753,105459,112279,121381,128682,139042,146466,155009,162977,172149,179788
1741,27152,29522,38675,53287,58800,65050,69916,81995,88835,93954,104914,112278,119202,129695,139994,147238,155092,162987,172751,180618
1742,26484,28690,37750,52381,57512,63885,68433,80220,87042,93967,106317,111828,119524,128510,139036,147668,153859,161935,172025,180767
1743,26434,28794,41227,52536,58268,63925,68886,80684,87063,93423,104718,111728,120417,129082,138557,146589,153523,161413,172095,181942
1744,26186,28058,40689,52905,58086,64325,68054,78036,84008,92655,107635,113821,120191,129371,138595,146219,154329,162942,173482,181466
1745,26143,27920,40565,51883,59094,63989,68937,81859,84246,91385,105001,114095,122304,128126,138518,148833,154722,162548,173554,179903
1746,26089,28227,39972,52420,59175,64316,68188,79964,85318,90820,109618,113246,118996,128104,139140,146720,154214,163103,173029,182225
1747,26069,28005,40051,52741,59356,64305,68380,80303,85396,91594,103426,108599,119877,127095,138509,147221,155779,163708,173802,181775
1748,25077,27379,38560,51427,56661,64266,71680,80705,86236,92855,102768,112766,121620,127873,138106,147874,154404,163240,175059,182649
1749,25287,27309,39032,51853,58908,64659,71180,80710,85613,94473,105573,113223,121077,128751,139155,146417,154257,164224,173715,183320
1750,25032,27282,38531,50878,58574,64239,70540,76208,85700,90201,102851,109654,119982,128057,139363,146634,154168,163131,173656,185096
1751,25049,27578,38540,50771,58560,64193,68830,79714,82102,90022,103605,111668,120032,128213,139018,147052,156406,163407,175362,183988
1752,24455,27191,37394,48738,56953,62852,67514,76798,84318,91628,102754,111310,118768,126839,137334,147165,155003,161475,177229,183821
1753,24511,27336,37628,52746,57008,63013,68615,77555,83713,92252,103445,109348,119180,126172,139129,145467,156013,163211,176418,183290
1754,25259,27999,38315,53471,57614,65084,68525,76469,83522,91685,101279,109293,117821,126284,136811,147428,152689,160835,175395,182647
1755,25169,28005,38215,49879,57450,64687,68992,76279,82804,90261,101438,110141,117661,125600,137189,145040,151881,160286,176326,183072
1756,25437,28304,38669,49923,57309,63155,69704,77649,85972,91970,103217,109151,116713,125128,136715,144220,152430,161094,175291,180550
1757,25478,28421,39011,51499,57552,63381,70343,78324,82529,93236,103783,110698,116754,125688,136942,144709,153079,159869,175147,179874
1758,25746,28623,39179,50002,58284,64683,70437,77992,82217,92157,102698,109955,117117,125354,136779,144347,152524,161090,172938,180704
1759,25965,28871,39643,51545,56881,64932,69896,78711,83301,94219,100410,110341,118145,125435,138534,145122,153768,160519,172837,180453
1760,25345,28094,35935,51313,56404,64388,70479,76108,85421,91697,103945,112411,118532,126879,137863,145277,153513,161097,171801,180697
1761,25302,28104,36174,50949,56837,65122,71296,76397,86936,93573,104065,108485,118944,126267,137868,145390,153339,161725,172295,180577
1762,27872,30698,39639,56096,60763,68454,75628,86003,89189,94405,105815,111429,122300,128712,139817,144974,155807,163944,172495,180902
1763,27360,30547,36720,53289,59925,66635,74909,79258,88013,94065,105326,114576,121183,129086,140721,146797,152911,164913,172501,180773
1764,26393,29218,34844,52427,58304,65412,71762,81784,85764,92787,104214,111794,118701,127482,138293,148754,153424,160088,172820,183368
1765,26505,29664,34733,51142,57771,65068,76035,77863,87456,90546,105959,111971,119790,126553,137151,145190,152104,161562,173047,183662
1766,26094,28835,34613,51229,56995,64540,72272,76988,88682,92625,104070,113791,120651,127172,138266,144783,154346,162979,176109,181398
1767,26022,28445,34738,50522,57748,64425,72692,77368,88534,92710,105129,114465,119329,127066,139020,147626,154600,164331,175717,181725
1768,23282,25694,31281,45048,52071,60174,67891,72689,83514,87829,98547,106155,112821,122728,131397,147424,144527,153330,172599,183650
1769,24426,25708,39003,47768,55336,62670,69027,81238,79807,89305,99005,107637,115902,124424,133981,138434,149252,156821,172834,182527
1770,22667,24377,35823,43758,49956,56413,63270,69796,75896,86180,92562,97555,105980,111876,118541,141300,131007,140311,173478,168251
1771,23126,27199,36784,46252,50475,55892,63436,73690,77045,85092,94328,98636,105751,111963,119060,125677,136624,140782,174002,173743
1772,22439,26123,34969,47710,52585,57877,66400,69883,79979,87129,95660,104743,110142,116200,124262,124935,142957,148489,161345,152785
1773,22582,26369,39053,48400,52379,58168,64955,70841,80584,88211,97640,103512,112720,118754,126196,132275,142016,148795,163266,156799
1774,27058,31663,46744,54346,59557,64845,76678,76828,85029,89923,102119,107671,115091,123942,137300,132819,151383,159247,146892,163058
1775,26082,28423,38649,49936,55995,63458,71168,79384,88519,92757,102341,105224,115669,124039,135560,143409,150463,159063,151616,163068
1776,31690,34848,45708,56211,61991,66735,83590,86202,89067,99749,108073,112954,120928,126014,136242,142962,152008,160646,159445,179320
1777,31311,34465,41929,53868,59700,64801,78054,83475,92339,97741,105988,114596,119564,126004,136756,145676,151647,159049,159363,178617
1778,33520,36729,41453,53503,56817,65874,83023,87750,93114,98084,100267,111301,118300,125287,135211,143393,151606,159145,170888,179886
1779,33038,37054,41236,50629,57230,64914,83049,87647,94413,97753,106543,111772,118425,123724,136786,144915,151894,159127,169945,178790
1780,31392,35310,39562,49148,56534,65837,77033,86982,91744,96643,102362,111044,118228,122517,136432,143493,151184,159738,172426,180453
1781,32019,35282,39500,53066,58853,65168,77470,87097,92084,95564,104409,110236,117143,126051,137716,144089,151644,159416,172025,180141
1782,29211,32615,36359,49656,53699,62875,73141,77346,82510,90180,104832,111433,114744,125314,137068,144842,151580,159895,171455,179914
1783,29234,33048,38827,54427,58601,64679,75529,78210,82843,92270,103244,110323,119232,123998,135674,144193,151727,160067,172124,180028
1784,29480,33178,38967,55562,58645,64120,75670,79557,86679,98095,107531,112897,115748,125396,135196,143435,151932,160408,172448,179515
1785,29508,33261,39127,53672,58486,64205,74681,79538,83516,97245,105219,110207,117986,125227,135353,145289,152440,158966,172746,179484
1786,29831,33355,39511,55153,60279,64631,75075,79390,83426,90434,106840,113098,119072,126725,137930,144648,153161,161488,172222,179281
1787,29902,33349,39715,55618,60147,64974,75293,79614,84155,90352,105639,113497,120143,127164,138016,145745,154448,161113,170911,179607
1788,29743,33180,39423,53342,58903,64183,73919,78266,82698,89454,106122,111261,118744,125712,137592,145821,152471,160640,171965,180329
1789,29816,33547,39008,55184,58990,65046,74234,79727,82658,91134,107782,113561,119319,126433,138115,145735,152600,160938,172017,181239
1790,30524,34071,40224,55619,59966,65116,75394,81721,83710,90012,108114,113048,119482,127151,138309,144449,152524,161082,173919,180091
1791,30643,33683,40388,54681,59684,65316,75157,79470,83953,89901,106260,111649,121327,126233,138071,145176,152573,161434,173319,180736
1792,30517,33762,40981,54080,58830,64714,74875,78858,84396,89980,103802,109937,119664,127572,137946,145497,153946,162071,172346,180255
1793,30503,34091,40711,55842,58920,65036,75608,79283,88932,90385,102998,114167,119666,127875,138719,146579,153534,160620,173530,180631
1794,31568,34806,41721,56357,59548,65622,76316,79274,85287,96021,103160,112494,119701,127096,139321,146155,152549,160578,172235,181759
1795,31650,34850,41819,51730,57447,65286,75791,78973,85400,91200,105939,110940,119927,127210,138445,145271,152763,161133,173396,180954
1796,32463,35734,42763,53927,57953,65232,68390,81092,86796,91403,106904,112437,120405,127742,137770,146023,153245,160679,172619,181452
1797,32584,35879,39815,54172,59775,65174,78335,81373,88703,93768,103027,114763,120814,126801,138752,144638,152930,161494,172698,182021
1798,32568,35710,40385,53066,57734,63530,71045,82245,86747,95115,103623,114679,119920,127090,137850,144797,153777,160947,173869,180649
1799,32656,35809,40531,53580,57540,66273,74062,81790,89450,95455,107787,115107,120345,127658,138092,146011,152516,161545,174006,179880
1800,116,117,117,117,117,117,118,118,118,118,118,118,118,118,118,146026,118,118,173490,180405
1801,30095,31779,33533,35556,36776,37413,46018,54270,59738,66014,75148,82655,89681,90378,97513,118,98279,99477,173146,180829
1802,34400,37306,41746,57037,68053,80143,80474,85630,88810,91664,103494,111776,120309,127551,137213,98146,153545,160872,173058,118
1803,33791,37465,41833,60739,72467,80762,81508,85130,87875,92510,107161,113321,121060,128175,138330,145341,153481,160029,172559,100102
1804,33718,36971,41959,60660,71672,79736,80533,84414,86234,91325,106187,113070,119237,123741,137941,145141,153223,160635,118,181010
1805,33693,37009,41703,52579,61726,79656,80852,84114,88692,91663,106551,112141,122076,127846,137875,144515,153134,160897,100102,181102
1806,34164,37366,41740,52098,59626,68048,80287,84327,87115,91385,99973,112558,120653,127836,138506,145402,153271,161739,173235,180671
1807,34167,37531,41905,52359,59339,68354,81943,83819,87028,97418,105532,112801,121844,127380,137967,144946,153195,161380,174343,181404
1808,34976,38034,42658,53353,60266,66252,80755,86660,88981,92855,104349,114830,121288,128627,139160,145311,153638,161080,172078,180924
1809,35026,38217,42893,53536,59866,68113,82896,87624,88339,93155,104604,114588,121859,128963,137893,145995,153101,162371,173673,181749
1810,34670,37719,42103,53074,60092,68460,81696,85462,87491,92006,109678,113356,120824,126980,138826,145542,153905,162088,172057,180469
1811,34541,37499,42129,52631,59809,67793,80873,85949,88704,94119,102262,113136,121100,126863,138828,145467,154227,162444,172817,182183
1812,35085,37858,42514,52721,60892,67757,70687,86560,88344,94397,102408,113975,121707,127572,138958,146316,154038,162325,173323,181565
1813,35163,37861,42658,52790,63470,67854,70165,85784,90006,95279,102402,114870,120668,128299,138784,146028,154090,162540,172960,181917
1814,36035,38823,43216,54049,64127,68594,70678,86275,91731,93843,109538,115903,122657,128875,139388,147848,154057,161157,172930,180422
1815,35993,38636,43106,54134,63931,68333,73255,87877,90599,93992,102654,114385,118737,128073,138528,145918,153843,161165,172922,181429
1816,35352,37941,42254,53283,60812,68317,70944,83943,89704,93236,107643,113956,121590,126666,138907,146442,154078,161316,173252,180489
1817,35497,38028,42489,53498,63442,68738,82615,86285,89690,94142,102431,112423,121629,125424,138747,145590,153463,162559,172743,180997
1818,35485,38113,42340,52580,60352,68001,70933,84420,88634,93907,103360,113783,120223,127695,139485,146822,153991,161658,173434,182514
1819,35549,38329,42782,53438,63387,67654,69015,87129,89408,93391,109899,110257,120519,127303,139033,146450,154782,162077,172776,181636
1820,36464,39056,43814,54791,60443,67888,70220,88316,91648,97680,103910,115447,117126,128213,139261,145786,154309,161374,173337,181765
1821,36475,39133,43923,54995,62748,66935,77875,87516,90544,95152,102030,111311,121466,128680,138293,147069,154271,160630,172921,182250
1822,36383,39027,43253,53904,60353,68162,70429,85194,92088,98067,103452,111592,122131,126860,138370,145594,153226,161543,174223,182360
1823,36363,39050,43444,54318,62001,68845,70603,87806,94077,95499,103046,114342,123238,128300,138376,146771,154179,162035,174713,182184
1824,36608,39135,43717,54194,60549,66751,77582,86822,92042,97302,103146,114438,115564,128047,138472,146354,153951,160702,173739,180326
1825,36425,39108,43559,54233,62581,67789,70839,85314,92312,95668,103301,115010,121201,127765,139535,146132,152792,162280,174432,180329
1826,37577,40184,44898,55849,61750,68172,71934,88883,94270,98270,106148,115296,123229,130675,139946,146449,154152,161615,172858,181749
1827,37633,39989,40911,56029,60899,67129,70040,90521,94958,98854,111852,113914,124722,129710,138829,146094,154093,161664,173973,182074
1828,36967,39345,39980,54732,61535,67666,84877,86551,90141,96413,103773,116501,121013,127190,139335,146604,153649,161596,174510,180853
1829,37025,39557,44551,55029,63243,68571,71102,88091,90437,97449,102990,114610,121584,127812,138671,146114,154785,161590,174736,180486
1830,37890,40245,41151,56067,61318,68964,69536,89946,93870,98000,107525,117282,121848,129280,138026,144786,154838,161630,173885,182207
1831,37796,40219,41025,55819,61272,67197,70557,77983,94485,97382,110264,108654,121944,126527,139322,147931,154880,161817,173951,182086
1832,38624,40818,41610,56768,61245,67803,71328,90970,94580,100308,106317,109804,123372,128954,139327,146203,155361,161859,174549,181484
1833,38572,40893,41751,57156,61442,68501,71238,78768,95931,99869,111997,117239,121849,129626,140509,147613,152928,163107,173858,182490
1834,37357,39745,40696,55904,60462,68181,78800,82802,94185,95261,107099,114533,121668,127580,138585,146086,154786,162483,173147,182655
1835,37336,39661,40437,55256,60287,67150,71143,82166,92900,95573,103910,111154,120624,128978,140001,146643,153080,161757,173069,183263
1836,37665,39933,40714,56469,61951,68649,71796,90369,93984,98389,105039,110183,121616,127484,138462,146727,153179,161417,175331,180594
1837,37581,40025,40890,56294,60110,69624,70899,79695,93729,97616,103582,109369,122860,127146,139212,147396,153246,160938,174211,180430
1838,38431,40795,41702,56131,60580,67674,73180,76945,93667,98843,104596,110531,120796,127457,140266,146451,153827,160730,173593,182233
1839,38557,41019,41875,57322,60884,68621,72232,91472,94448,100391,104652,109630,121111,130454,139751,146769,153179,161538,174189,182341
1840,38102,40749,41621,56039,62026,67897,72960,78332,92956,99632,105447,109184,121827,129252,139547,146361,153958,161294,173879,181403
1841,38216,40818,41462,56039,61962,68807,73254,90144,93013,98142,104875,109398,122640,130128,139481,146068,154088,160983,174519,181864
1842,38507,40841,41474,56152,59952,68584,72145,77439,93223,99463,104383,109479,117977,126932,139148,146709,154941,161179,174472,182194
1843,38680,41045,41559,55730,60181,67464,74659,89345,92832,97402,104096,108965,121285,126012,139807,146661,153491,162290,174326,181089
1844,38724,41790,42419,57513,62108,68190,70139,78794,98460,100719,105864,109630,118478,123265,139275,145701,153183,160836,174185,181715
1845,38712,41711,42397,54039,62132,68787,90004,81312,92201,101179,105641,109508,120824,127481,139507,146367,154468,161575,172437,181499
1846,38235,41264,42006,53428,61579,69671,71706,90549,91904,99621,105990,111699,116358,128954,139661,146370,153172,161077,174492,181783
1847,38238,41435,42120,57045,60933,68592,73206,80340,95008,98873,104152,110839,120931,124052,139306,146174,153118,161952,174620,181443
1848,37861,41072,41604,53132,61546,69260,71074,79544,95206,100169,105301,110643,116516,126951,138081,146397,153671,161062,172603,182262
1849,38491,41217,41984,56570,62359,68090,70272,91702,94940,98214,104938,110707,116065,128024,138713,146317,153676,161156,173396,181326
1850,38664,41740,42570,57341,61901,69448,72446,79490,95422,101431,107959,111733,116385,127765,139783,145968,153902,160857,173821,181018
1851,38545,41859,42588,53598,62991,69136,71418,78062,93314,101625,105816,111690,117243,127838,140052,144999,152747,162003,173707,181209
1852,38073,41258,42063,53193,61636,68469,72310,90702,92090,100848,106632,110972,118021,127981,137737,147197,152811,160738,173719,182034
1853,38142,41574,42335,57533,61574,69126,73641,78788,96160,102215,106590,110145,118789,125866,138897,147377,153671,160674,172545,181539
1854,39028,42605,43480,54071,62615,69389,74824,82080,97903,101354,110110,112415,117665,129167,139767,146676,155750,163084,173899,179990
1855,39097,42597,43457,54335,62579,73302,74559,83799,95336,99074,108609,112983,117860,124338,140385,148563,155410,162371,173791,182302
1856,40228,43653,44465,54956,63527,68726,73043,81870,97639,104758,108723,116232,120806,127714,137826,147085,156865,164669,174297,182339
1857,40245,43691,44665,55724,63363,73479,70774,96703,99306,105304,107101,116230,121222,127151,138081,148882,157219,164544,173564,182372
1858,40425,44214,44973,54862,62602,68748,75353,83164,98593,104481,109119,114215,119486,127451,137451,147716,155575,161786,172381,184538
1859,40521,43874,45206,55001,62702,68101,71548,83085,99013,104399,109916,114552,120547,125685,139428,147317,154605,161537,172878,184072
1860,41618,45041,46014,55732,60314,67678,71788,83901,102784,104987,113894,119182,120860,127829,138967,147212,153846,161269,176859,184357
1861,41607,45140,46074,53703,60239,66892,69944,77199,103247,110743,113611,119155,121519,125590,138296,147247,154505,161680,174577,182267
1862,43824,47260,48226,54663,61680,68085,71364,79137,111221,111118,119046,123885,128638,132410,139648,145895,152803,162967,176481,181485
1863,43158,47138,48292,54761,60211,67289,71605,80952,111808,112729,120061,123970,127119,131074,138581,146079,154871,161126,175760,181797
1864,44085,48321,49432,56182,59630,67329,71712,88645,112317,114424,120711,126230,129693,134879,142616,146188,154313,163327,173986,182006
1865,44518,48199,48730,53542,58622,66953,70959,79188,90401,114432,120824,124083,128759,134853,142919,149904,154365,160936,172816,180677
1866,46836,50567,51594,55096,61161,69993,74713,81855,92884,118544,125305,129784,137803,140414,147105,147405,157529,164793,173678,180732
1867,46367,50385,51602,55538,62527,69186,72403,90844,90004,119938,125634,130142,135157,138380,142976,151126,161700,165596,173725,180606
1868,47503,51386,52685,55738,60867,70347,73671,79268,90047,122100,125737,133009,138758,142059,151431,151188,161630,168167,171959,182739
1869,47400,51443,52298,56767,60403,68793,70921,81039,120422,124341,125979,132853,138242,144115,152918,153799,164649,169526,171653,182848
1870,46996,51152,52519,57429,61034,68568,72235,82541,89987,104101,128119,134942,138360,141462,149213,153824,164581,169713,173517,184312
1871,47053,51524,52432,57052,61051,68887,75013,90417,89736,105219,128631,135369,138619,142213,149577,155327,163605,171802,173668,184512
1872,46664,51174,52308,56570,59963,68171,72404,83810,88582,103891,128700,135284,139906,143763,150166,155087,167100,167697,180265,184970
1873,47159,50991,52279,56942,60298,69228,72008,82048,87239,100001,127565,133869,140886,143719,150661,156035,165713,166790,178001,185217
1874,47185,51270,52698,56897,60488,69563,72228,81198,91482,100195,117238,133645,140427,143602,150750,156828,165761,166416,178078,186977
1875,47225,51325,53208,57590,60235,68790,77393,86007,88991,127655,119438,138443,143370,145825,157602,155148,166980,171638,178378,185503
1876,45947,50314,52620,57054,60630,68609,73690,84830,120262,99258,109815,134716,136990,140573,150239,156929,161714,168791,179228,186535
1877,46265,50476,52847,57226,61053,72443,73599,81606,86738,97878,112934,132746,137353,142377,148562,152302,162550,167584,177228,186165
1878,45967,49719,53354,57699,61124,72364,77849,85378,87440,98742,118858,136036,140649,144892,151565,157929,166712,172382,179067,184044
1879,45632,49657,53414,58140,61525,69449,74812,84165,87655,98071,115526,134437,140109,144325,151396,157121,163883,171256,180904,184078
1880,45411,49769,53440,54344,61407,68943,74154,84683,89597,115308,110884,134624,140372,143959,150892,155810,164315,166372,176174,186869
1881,47052,50990,53251,54512,61377,68927,74802,80835,89290,100201,113656,119098,138390,141958,147203,155603,159804,167369,177030,186959
1882,46100,50540,54175,55409,63129,72071,75243,85642,126358,100762,115070,129416,136912,140332,148123,152256,160322,168494,178883,184220
1883,46146,50248,54224,55477,63323,70879,75788,81825,90937,101341,112272,120893,137532,141590,148478,154429,159585,164996,179001,184962
1884,46162,50278,53086,55314,62987,70408,74480,80623,84818,101295,112127,120943,135496,139792,148618,153431,158765,164543,179629,181823
1885,45998,50248,53919,54886,62246,69903,74637,82115,88685,126241,111846,132758,137300,139233,148604,151179,160528,164390,174712,186039
1886,45930,50251,53979,55117,62982,69967,74750,84980,88816,97242,128312,120551,136889,10,148403,151864,157775,164871,174970,184195
1887,47428,51777,53423,55660,63591,70391,74211,84014,86816,99233,113066,133405,137857,139330,148835,151644,159509,163681,175093,182240
1888,48027,51821,54496,56983,63593,72878,75955,83189,91730,100757,113861,124268,139032,143309,151123,152915,162383,166139,174608,182005
1889,48345,52185,54861,57212,63826,68776,76052,82015,117060,98803,116319,123887,139481,143506,150131,154865,160481,167337,173697,182435
1890,47427,51822,54986,56995,64500,70302,74887,85714,87813,123574,117351,120804,142767,141801,155136,153731,162177,168311,175845,183297
1891,47456,51850,54816,57059,62013,69907,74401,83037,89074,101573,117697,122081,143452,145834,151990,158779,161451,167406,173949,182581
1892,47399,51738,54715,56798,61867,69768,73993,83461,87675,100413,115928,138579,143442,144801,148001,159526,160338,167602,174810,183544
1893,47093,50403,53045,55579,61352,68609,72108,84446,83625,94444,116738,121135,140505,145823,146993,159820,159885,165219,174820,181587
1894,47558,51573,53241,56877,61327,69596,72446,82342,134369,98623,117357,122839,144982,141929,158510,155614,164124,166954,176262,182900
1895,47550,51710,52850,57051,61851,69354,72286,80772,88391,136480,112864,123733,144390,149531,152179,158930,164559,167845,177541,182332
1896,47530,51947,52952,56769,61272,69211,72204,82866,88156,101525,113818,123063,144341,146927,154311,159020,161791,167287,177912,185516
1897,48204,52423,53492,57431,62005,69066,71959,84912,87760,102035,114888,123986,145046,147013,154664,158839,165590,169960,175144,183860
1898,47727,51791,53503,56093,61003,68207,71703,86018,84394,101264,113561,123406,131857,147409,154080,162301,164700,170739,179277,183962
1899,49843,53148,55226,58433,62301,69829,77462,86173,90795,104522,119392,131088,152991,147353,163569,161329,172347,181681,176322,183009
1900,51381,54803,57251,58830,59548,68205,71221,84877,93326,104957,118011,127657,141014,156862,167177,170330,175160,180660,177335,183596
1901,51549,55814,57320,58800,60220,68326,71289,87253,93592,103865,119356,122042,140730,158768,163057,168582,170871,181454,179376,192012
1902,51419,55801,57263,58972,59831,67984,71001,87894,92398,103595,119052,123961,139534,159329,163199,168887,173283,179282,176853,189544
1903,50324,54550,56323,58001,59917,68205,72419,81770,90627,105151,120796,123957,142749,160430,166728,168736,179165,184528,183508,192184
1904,50323,54544,55969,57833,59610,68162,72517,78884,91638,100977,116999,123991,137697,160409,168053,170996,173461,184956,188680,193155
1905,51733,55916,57239,58372,60444,68358,72214,79649,114115,101278,119502,126999,137566,160885,164041,169464,176186,185390,189268,192750
1906,51190,55675,56965,58602,60757,69493,72783,80690,92122,104384,121878,130755,138573,162389,166842,172253,177893,185880,189480,193646
1907,51124,55590,56793,58555,60843,69545,73085,80293,91230,105923,120182,128591,139158,161700,165937,172998,177303,185269,189242,194222
1908,51941,55766,56816,58787,60741,69477,72758,80181,90495,104413,121357,130341,138331,159056,167785,172701,177810,185373,188662,199010
1909,49768,56008,55519,58721,60420,69308,73093,79545,95508,98292,117018,126458,137497,159040,163372,172745,173880,180266,185853,196795
1910,50323,54439,55956,59049,63362,69065,73125,92603,91304,104748,121675,126354,141079,156035,164283,169655,172516,180122,193459,196638
1911,51532,55463,57704,58413,62852,68345,72646,81340,90540,103730,119811,126236,135193,147867,164766,170358,176358,182498,191037,198352
1912,50943,55451,57202,58498,62052,68010,72356,80817,89993,103540,119235,125850,142376,144293,162299,170568,175996,184104,191428,197541
1913,50385,54898,56134,57460,62740,68111,71407,80546,87689,97141,113978,125809,131590,143679,156938,172482,168505,174099,189619,194074
1914,51149,55705,57241,58069,61860,69482,74158,82532,115947,98302,119266,127623,139065,139003,157105,161917,169891,176020,191416,195766
1915,50899,55351,56887,57897,61717,69990,73357,83197,96103,116611,113253,125390,137253,146306,156754,160014,169218,175474,189479,189705
1916,51194,55343,56773,58315,61983,69420,73142,87790,96067,103938,113769,124935,136283,145054,154043,162416,169145,173763,190060,191820
1917,50728,55316,56975,58461,62466,69723,73425,83014,91962,97114,117474,127007,138613,145503,158102,162324,170435,176973,183481,188830
1918,50691,55291,56728,58213,61504,69430,73474,81763,92727,96615,112678,127439,137295,147228,158232,162954,167100,169949,184658,188731
1919,51692,56024,57356,59110,61920,69570,73606,83612,92042,138320,113242,123242,134605,144303,153814,162594,166285,171623,180706,191509
1920,51678,55693,57977,59230,61934,69438,72481,83355,91892,98101,113245,122669,133992,144531,151778,157191,166330,170901,183772,192514
1921,51564,55665,57974,59515,62503,69298,73825,82085,88180,98479,112450,124398,135508,150392,155417,165513,165629,172578,186699,187629
1922,51438,56025,57459,59114,62034,69850,74191,82632,91421,97202,112330,125077,135307,142597,156454,163773,164820,171873,181160,187611
1923,51468,55666,57425,58976,61596,69595,72245,83386,92514,105364,117550,127477,137744,141004,160080,163105,168961,176083,179557,186774
1924,51117,55804,56836,58747,62530,69477,72884,82497,89723,103406,116211,123656,135253,154053,157009,166397,167257,174725,177072,188314
1925,51452,55697,57107,59039,62959,69134,72338,85374,87075,101352,116828,123401,132685,148135,155342,163594,162837,168988,181182,190213
1926,51429,56522,56862,59517,62704,69182,72686,85813,115810,98113,115836,125488,136643,143008,154591,159201,163180,173069,180539,189507
1927,51466,56304,57248,58880,62686,68745,72716,86700,89826,101300,110734,126160,135954,141904,157698,159990,169526,174728,185181,187848
1928,51399,55451,57521,58709,62028,68534,72147,81891,92294,102328,112887,126187,136401,149973,157310,165541,167961,175125,182693,187997
1929,51317,54993,57449,58823,62550,68544,71961,82798,87259,121811,107893,124815,133071,143798,151552,167096,164834,172156,176871,189927
1930,51270,55473,58089,58894,62356,69087,72818,83926,87773,97123,114706,124414,134261,139485,154151,159062,165655,169524,184461,189784
1931,51370,56112,57903,59346,63126,69746,72335,82925,85769,96845,109656,121639,134086,143502,153808,158811,163459,169021,181992,184425
1932,51192,55586,57647,59090,62920,69628,71963,83364,130783,98922,111905,122211,134821,144177,150143,156556,164039,168742,182456,189706
1933,50115,55205,55888,59054,62708,69525,71682,81445,89534,130086,108936,120550,133558,143927,149075,156611,160850,168062,180614,183919
1934,50207,54577,56063,58744,62653,69045,71988,81529,88678,100009,116636,121489,133389,141048,150489,154390,163332,167775,178163,182696
1935,48034,52959,55961,57784,62460,68786,72626,84288,87831,100179,114717,120024,133693,147804,150876,154677,161839,167790,180355,185453
1936,48479,52637,56300,57906,64774,68913,72517,84114,88102,99949,114784,119912,133933,147072,150487,153645,161640,166364,180300,185205
1937,48073,52422,55699,57666,63667,68694,73247,83139,84684,96444,115192,117909,132388,146040,151340,154469,158918,166604,176774,184410
1938,48561,52712,55732,57418,64125,68194,73233,81806,87134,98602,112927,132901,133434,143982,151015,156514,163395,166812,177289,184906
1939,49513,53852,56691,58717,65082,69729,71778,82608,129981,131149,117813,130486,135895,143504,153561,153551,164906,168290,176659,185198
1940,49228,53306,56401,58857,63111,69566,71769,83305,88843,98282,115991,121402,136439,145571,152647,154371,161117,165334,176952,185416
1941,48928,53656,56081,58576,62357,69393,72226,84509,90589,99339,116628,121893,134336,147019,152122,154781,161179,166060,177657,186304
1942,48693,53579,55768,58475,62410,69574,73329,84061,90261,100118,116095,121870,135370,144802,151426,155797,162146,167559,177286,184141
1943,49094,53107,56581,58938,65024,69351,74025,83633,89115,98028,116953,118479,135789,144124,154963,157787,164007,171486,177829,186972
1944,48672,53060,56378,58916,63588,70649,73420,83546,89467,97856,109423,137078,136469,147858,154624,159493,164455,171202,177739,188745
1945,47282,51821,56031,58201,62947,69497,72026,83157,87735,129098,111687,120797,133813,146319,152078,157148,163017,169603,178672,187761
1946,47263,51842,56287,58120,64212,69334,72171,83380,91794,101577,117025,120775,132770,140212,152515,157542,162497,169572,177877,188915
1947,47653,52307,56941,58324,64061,69681,72375,86796,90156,97117,115146,136040,135031,143879,154197,157942,166204,172747,180599,186558
1948,47940,51894,56870,58160,62024,69731,71867,84146,96822,102110,117115,119849,134880,146255,153723,159386,166179,168947,180758,187376
1949,48434,52815,55742,57493,61850,68309,71581,83839,89358,98275,118935,121694,139252,143537,157786,158718,167819,171771,179903,188060
1950,48513,52412,55555,57640,62430,68411,71557,86478,113835,99919,110487,121859,131091,147068,152480,160959,164903,170234,179162,189209
1951,45249,49393,53899,55348,59850,66949,72482,85096,89703,107946,106046,128346,124987,147032,145931,159992,157060,165242,179985,191865
1952,45600,49803,53856,54906,61545,69282,72808,87928,92251,98604,110305,120295,129348,137950,145255,154030,162945,167971,180625,187237
1953,45499,49802,54237,55644,62205,68402,72996,84111,87285,125851,109710,133082,129290,137599,146561,152798,159339,165754,181706,183577
1954,45408,49997,54319,55646,62593,68590,73205,84173,87321,100145,109267,122779,129510,139552,147919,150963,159544,165264,180357,186400
1955,45323,49777,53940,55344,63609,69399,75223,83174,91891,100587,108960,118432,125622,140452,144498,153556,158540,164967,178256,183900
1956,45399,49888,54175,55580,63735,69126,74701,84334,120226,100713,108920,128979,129755,137178,144608,149531,159071,165197,178062,184232
1957,47598,52184,55335,56943,64222,70678,73650,81065,94610,102051,110676,127205,133446,137221,147285,150603,161476,167400,174711,182972
1958,47466,51460,55205,56845,63890,69872,76183,84492,88367,97525,110599,123279,129704,141801,148042,151167,160320,163514,176179,183792
1959,45527,49625,54370,55584,62999,68804,74140,81524,86990,108382,113109,120035,126724,141493,145501,152333,160069,165022,174219,185411
1960,45499,49395,54307,55520,62293,69150,74056,81955,91030,99697,109219,129092,131501,139012,145182,149414,159775,166808,174817,183635
1961,45964,50426,53765,55319,61940,67377,73813,84169,87076,113618,109700,130121,133829,139118,145056,151702,158886,165829,176387,183721
1962,45833,49917,53496,55028,62246,67766,75499,82388,91463,93481,107458,120642,135186,136997,145376,151399,161283,166715,176059,184790
1963,45208,49387,53986,55518,62753,68200,76141,82702,86107,122607,109533,118606,133940,136951,143114,151735,159040,163284,174565,184123
1964,45482,49251,54078,55608,62423,69054,76059,83613,121872,99559,109998,130222,133860,137289,143499,149168,156486,163289,174546,183887
1965,45745,49791,53649,55393,62358,68047,72025,82061,92795,99674,111212,129442,135088,135627,144134,149413,159367,162238,174290,182375
1966,45927,50990,53651,55385,62507,68292,71852,81181,88942,99866,107916,117943,134930,136444,145328,149004,158900,164016,176941,180449
1967,46369,50769,53335,55366,62707,69036,71467,83256,87039,101720,125629,129514,133270,137561,143677,148798,156747,164410,172646,182382
1968,46544,50545,53337,55204,62486,68344,71487,82842,89540,101870,107832,119172,132136,135295,144280,149900,158168,162455,173387,179942
1969,46831,50941,53351,55870,62916,69097,71578,80553,87610,125215,112221,132922,135716,134324,146073,149118,160886,164213,173914,181258
1970,46860,50826,53307,55758,63059,69099,71696,77502,97827,102384,128544,119569,132994,138989,145139,149146,158955,160991,172526,180563
1971,47263,51072,52624,55271,62548,68721,72451,78959,88393,100165,111491,131608,133052,138821,144262,149849,158798,161168,173282,182188
1972,47152,51056,52816,55048,62481,69101,72670,111401,121648,102396,112098,119444,137429,136980,145884,152173,158480,163885,172618,181725
1973,47025,50936,52673,54878,62139,67391,73026,80549,94079,103002,114811,131714,135259,138748,145098,150387,157188,163958,173557,182136
1974,47450,51013,52485,54768,62667,68014,73048,81930,88319,104860,111811,120452,135426,137054,145114,151431,155740,162691,174305,180073
1975,45409,49486,51019,54317,61204,68267,70120,78872,87001,102618,112093,118661,132634,136817,141548,150432,155377,163641,173529,180873
1976,45463,49704,50766,54361,61459,67607,71151,78843,84372,101345,115053,128475,131499,134359,141973,149086,155577,163541,173686,180837
1977,47284,51695,52590,55392,61348,66809,71095,87402,95960,97851,114787,129893,134153,133159,142574,147821,156886,161921,174345,180270
1978,47145,51703,52951,55040,61655,67149,71020,84803,88594,105917,111530,120729,133951,134438,142956,151365,156392,163318,174049,180946
1979,47832,52245,53549,54708,61354,67832,72185,84583,88400,102728,110258,130178,133697,134929,141730,149042,157033,163392,173498,181997
1980,47813,52205,53571,54679,61245,67696,71937,85052,120384,99952,124722,121190,133882,136448,142783,149329,158054,162230,172838,180751
1981,48585,53302,54501,55795,60627,67596,71098,81419,92392,127100,108443,126645,138089,135806,146242,148302,159578,162243,174374,181474
1982,48779,52821,54459,55704,60802,67505,72112,78899,86589,100482,112390,123307,134800,138597,147483,150100,154912,162080,172224,182218
1983,48196,52052,53939,55878,59605,67221,71799,80290,86833,101493,130741,128995,138565,139397,149563,149752,161328,165135,171803,181344
1984,47826,53073,54859,56056,59721,66026,69474,80283,85881,102714,115550,124809,138436,141519,148729,153253,162240,166050,172572,181747
1985,48946,53075,54690,56343,61422,65945,69766,81321,94343,101896,117588,120446,141704,141816,152621,152138,161597,169629,173586,185441
1986,48249,53221,54471,56634,59125,65848,69918,78929,88113,101316,117502,136474,140836,146393,152659,157906,161808,167395,174344,185265
1987,47823,52846,54424,55150,58538,65967,70201,78265,123676,98329,113224,119108,135870,143890,150458,157657,160516,166402,173850,185734
1988,48408,52513,54648,55391,59660,68265,71407,113588,90500,100111,112217,126480,134847,139509,148274,152262,160490,164066,173843,186707
1989,47436,51804,53644,54063,59926,67774,72423,80057,87770,123250,111723,122597,136860,139545,147981,153523,158927,164729,177617,182452
1990,47456,52440,53564,53912,59993,67727,72590,79304,87502,102914,110499,123803,136487,138754,147149,152452,163246,166472,178600,182932
1991,44273,49503,50283,50291,57739,68101,70527,80032,84805,101332,109197,120015,130514,139091,144856,153450,158309,164362,174737,184649
1992,44234,49265,50611,54022,58072,68949,71774,80041,93131,101030,113241,124634,131703,134324,145020,149862,159337,165337,172889,184524
1993,44752,49749,51173,55253,58608,68447,72130,81598,101969,101291,114521,125806,130770,137502,143807,152645,157752,165211,175607,184493
1994,45288,49813,50975,55255,62940,68455,77783,81986,89594,101276,114769,126133,130850,136398,143856,151095,157548,164384,175399,184348
1995,44448,49419,50846,54573,60788,68298,71887,81097,84994,98542,116314,126645,131895,136619,143311,151175,157146,166798,176253,184200
1996,44982,49222,50489,54611,60118,67831,71528,80840,114943,116816,116218,122153,131352,136487,144621,148992,156808,165919,176152,183369
1997,46401,50951,51985,54956,60863,68593,72347,84365,98509,108541,119762,133026,137988,137391,150619,149636,162438,169264,176748,182482
1998,45828,51031,52139,54949,59042,68976,72818,79258,88860,104223,116786,123070,137165,143461,148308,156175,162748,165887,176073,184625
1999,45589,50333,51380,55043,58445,68062,71968,79184,86163,103477,116055,122107,136335,139852,148558,152846,162244,165916,176588,187806
2000,45265,50463,51612,54519,58549,68040,71871,100114,87537,102610,116291,122099,136140,138839,147299,156272,164725,168034,174651,187340
2001,46135,51212,51896,55071,59042,68773,83105,80945,87892,102723,118472,136107,140129,142887,155210,152076,162751,169987,176795,183697
2002,46220,51289,52461,54958,58206,67549,72244,80472,122814,98223,118221,124637,139163,142547,153004,156328,164747,170596,176313,184592
2003,45277,51068,52189,54520,57637,67314,71509,82198,92238,100411,119776,127614,141247,142536,156389,158529,170196,171974,176038,186778
2004,45870,50390,51690,52114,57697,67890,70568,81402,86883,105900,117673,127374,143396,145496,156199,158919,166666,170633,174761,186488
2005,45872,50816,51522,51852,58110,68440,71232,81537,88309,107478,119373,131392,146938,145382,156832,161159,171831,175762,179072,188547
2006,45958,50253,51973,51104,57842,67871,71747,81647,88650,107788,119316,130632,143083,148917,156863,164025,171144,175150,178706,190171
2007,45308,49738,51964,51876,58812,67318,70415,81087,91833,101240,117690,127017,135423,147930,156675,163637,166870,173453,181240,194239
2008,45788,50638,51439,51651,58103,67964,75674,81053,87709,101974,117010,127137,138403,145038,155752,159958,165878,174344,179929,193856
2009,44055,49241,50109,49683,57986,65606,69838,89722,103585,98190,115291,122071,131688,144643,147580,160780,159917,168246,186660,192172
2010,44642,49014,50022,54719,60295,67436,79605,82962,90544,115016,118908,124852,133423,137862,148695,153133,162766,169147,186882,192544
2011,42494,47183,48751,52755,59518,67165,71006,80362,86117,95886,106551,120258,131222,140979,144774,153179,157956,163865,183357,187714
2012,42939,47136,48932,56498,59837,67224,72310,81431,105252,97716,106012,123605,130494,135197,144688,150800,158736,167392,183893,187529
2013,41798,46178,47446,55283,58495,69795,72556,82970,86455,105585,111708,122853,127721,137965,143150,154136,157257,165792,178617,185725
2014,41725,46703,46786,55320,58507,69352,72386,87144,86383,105316,111354,123244,128146,135274,144917,150808,156638,165193,180190,183241
2015,39037,43743,44333,52488,56381,68738,72973,81241,96406,98828,108568,113810,120514,135180,142062,151650,154737,164079,10,182358
2016,39499,43470,44172,55804,60902,69016,72760,79608,96274,101009,110283,113525,122151,127622,141639,148150,156474,163042,177006,183299
2017,39440,43437,43635,54916,60341,68473,73300,97221,97298,102758,109623,114112,120196,130322,140052,147881,153445,163258,176397,181460
2018,39319,43481,43965,51833,60426,67744,72035,81455,87289,101991,108836,112851,121814,128414,138790,147992,153209,162124,177531,181800
2019,38887,42998,43232,51397,60690,68622,72678,80439,96554,102622,107367,113282,118097,127967,137521,145471,154724,162512,179074,183547
2020,38964,42924,43608,51089,59632,68809,72944,81733,96367,101813,107425,113142,118405,125785,137227,148400,154754,163414,174634,182951
2021,40401,44442,44988,52227,61539,70829,72540,79032,86511,105645,110814,113776,119563,125029,137607,147691,151720,162523,175284,182637
2022,39489,44220,45649,51941,61781,70588,72599,80193,99643,104248,110423,113618,118624,125506,138545,144460,154250,162470,174897,183027
2023,40168,45217,46260,52584,61731,69354,71999,102099,89087,106844,111693,115038,119707,126267,140505,146714,155441,163657,175014,182986
2024,40328,45002,45899,52546,62236,68881,72874,80857,103200,106668,112560,114535,118736,125504,139524,145507,155324,161666,174689,181636
2025,42106,46640,47895,54199,61707,69040,72691,78783,85874,108397,114262,118074,121686,125276,139679,147566,152099,159609,174228,182216
2026,41928,46039,47892,54365,58838,67650,73798,79546,106024,107673,112630,117479,121550,127556,139674,147005,153723,161140,173181,181902
2027,44093,48349,50708,57048,61181,68884,74030,80116,88140,112274,121298,124419,130327,127706,141349,144972,154870,162760,172659,181832
2028,43679,48228,50866,54231,60783,68268,71987,77645,85496,94654,120685,121158,129916,135511,141142,148419,153653,161958,174526,180998
2029,44877,49543,51783,55733,61990,69448,73374,115134,116665,118256,124076,125519,132471,132131,145109,148724,155889,164580,174014,182157
2030,44878,49662,51481,55643,59580,67256,70613,78976,85511,92793,108556,124569,131473,136657,142939,149277,155137,163623,173436,181706
2031,43708,48649,51124,55468,60161,66629,76881,79235,87511,117254,120469,123869,129380,136552,144435,148862,156704,161230,173025,180257
2032,43845,48844,50860,53124,59563,67052,71538,79417,87822,93213,108331,124136,129230,136033,142341,148249,156494,163854,174463,181534
2033,46634,51130,53101,54731,61008,66831,70008,80002,110873,123033,126040,129076,133487,135083,144175,148212,155999,164331,174145,181869
2034,46730,50569,53089,54749,60830,67230,84712,79391,91758,96705,108537,130276,131729,140471,144039,149158,154637,162805,174409,181892
2035,46891,50938,53919,56049,62172,67478,70020,79917,86013,101633,110528,132915,133596,136403,146674,146414,157151,164004,175673,180979
2036,46214,50723,53678,55985,61441,65880,68063,80320,87092,98903,127863,132588,133073,138593,147437,150207,155222,162081,174947,181495
2037,49870,54052,55074,58705,63174,67621,70286,86334,107102,100238,113028,141651,141725,139313,153881,150873,164843,168124,175073,180417
2038,49377,53426,54531,58471,62036,67823,72742,88075,90594,134215,112110,137776,142126,147759,150330,156894,159160,166785,173582,181248
2039,48277,51849,53907,57410,60933,67266,73431,83277,92595,105509,111903,139119,144483,144706,152026,158768,156259,169206,173633,182644
2040,47490,51867,54459,57237,60795,67061,71544,83905,90080,103485,111771,138713,144118,144374,151517,155477,156789,170064,172178,180744
2041,50856,54953,56295,59606,62311,68331,86268,87373,92270,109301,121697,151429,157882,146011,162582,155392,170876,176612,171799,183210
2042,50234,53734,56004,58659,60372,67674,70586,77502,86897,100302,114391,151263,152561,159634,159370,170980,167800,175860,176243,182613
2043,50176,54368,57669,59691,61625,68489,71763,84115,147873,105710,118421,127719,156816,157914,166793,163960,176270,181185,174075,191998
2044,49877,54171,55973,59339,61543,66621,71325,85093,98204,102534,118411,126813,157389,159974,166707,171790,172163,177067,177252,188200
2045,50923,55162,56938,60321,62867,67728,72759,82830,94573,106987,120519,127124,164212,160139,172778,168740,181279,182435,174466,195156
2046,50905,54514,57809,58902,62141,66918,71104,79330,93992,107508,117248,123790,139699,164846,171959,173427,177836,182847,188888,193185
2047,51557,56172,57640,60101,62063,68127,70781,79847,93378,101631,115260,123433,139151,165636,172258,172766,180034,182510,179600,202476
2048,51901,56047,57235,59637,61368,67947,70376,79692,93108,106169,116901,123733,138690,163731,172706,174321,180358,182235,186203,203108
2049,51935,53582,55315,60438,61736,68225,71444,94165,95835,108064,117719,124303,139239,165106,171370,174810,180391,182752,182831,200239
2050,52124,52907,57269,59392,62007,67889,79508,81129,96175,108139,117500,125212,138819,163071,171600,173942,180215,183478,191475,197808
2051,51068,55176,56679,59331,61607,67178,71286,79310,96397,108042,117483,125900,140422,163330,172727,174320,182194,182927,192918,198542
2052,49987,54905,56707,59044,61380,67110,70894,78847,90179,108234,118125,125930,139903,148906,173013,175886,181835,183314,192129,199016
2053,51881,55058,56519,58801,61061,67000,71114,94314,88234,108578,117965,126182,139792,144419,174231,175773,180193,185510,190077,200667
2054,50864,56230,56266,59034,61811,67002,71218,81303,87976,108923,118486,125546,139589,143848,167706,174701,180665,184411,190451,202309
2055,52264,56158,57603,59024,60473,66145,83444,79298,87253,107469,115957,124029,137355,145876,163871,175328,179271,181902,192439,203093
2056,51031,55597,57065,59178,60740,65713,72053,79536,95394,107109,116334,127029,137390,142183,164801,173607,179446,181983,192560,202486
2057,51806,55818,57175,59250,60057,67558,72523,85512,96937,107765,117809,128649,139704,147090,164462,171741,182361,182830,193161,199089
2058,51841,55672,57070,59042,59902,67270,72062,87318,94105,107612,117138,129195,139224,150521,163749,176831,182007,185009,195094,200333
2059,49921,54810,54583,58170,59316,66016,71319,79204,87327,102987,115629,127022,135280,145944,162769,175466,177500,180273,196427,202821
2060,50736,54410,55760,57687,59626,66330,70817,79506,85765,107611,120834,130313,134572,142211,160045,173051,178325,181381,192310,202614
2061,49704,53506,55023,59457,60354,66065,71026,108197,93686,100133,119399,129568,136235,149213,162262,173378,177026,183202,192323,200198
2062,49581,53470,55039,59298,59357,67753,70488,82801,93669,106616,119519,128090,134576,146805,161839,169489,176657,183011,193185,200123
2063,49853,53200,53743,57267,58601,66340,78557,82699,87553,103278,115815,124414,130417,145900,154713,169069,170850,179161,193942,195741
2064,49797,53664,55156,57918,58550,66569,70520,80997,91159,104323,118558,124425,135162,143722,154813,164344,176660,180042,192717,196590
2065,49407,53130,53970,56045,58439,65924,69160,79287,96263,102701,116783,121584,135169,146574,151437,170007,172147,174260,193002,194013
2066,49840,52939,54156,56156,60425,66000,81901,78929,94253,102705,117065,124637,135295,146464,160871,164071,172465,179710,190078,194266
2067,50154,52814,54655,55372,58959,64105,70237,77699,86293,98288,116047,119924,131034,148245,153554,163378,165969,173887,190166,190397
2068,49866,53096,53612,55200,59212,66324,70000,83455,88783,102731,118605,121776,137470,140019,158460,156477,167526,171619,185477,191911
2069,49213,52865,53890,55344,59587,65549,69470,83383,87552,100258,120180,122912,137517,139501,153869,161646,166260,170799,190065,183652
2070,50251,53360,54502,55586,58878,66091,90492,83037,88817,100157,118693,122587,136393,146186,154217,156994,166156,170469,187603,188210
2071,48450,51506,52004,53228,57969,65057,71202,81410,85451,96685,117142,119576,131240,146454,147476,160600,160482,165550,187904,187674
2072,47941,51230,52235,53176,59832,66000,70089,80483,121324,104675,118835,125433,133079,140113,148233,153094,164943,169608,178618,188032
2073,48850,52181,52869,53929,60181,66894,70618,81547,91984,104807,117891,125392,132609,139551,151653,157771,163773,167801,179716,185598
2074,48886,52206,52920,53751,60043,67047,71097,94775,86733,99417,118322,125922,133555,139430,150988,158354,164884,168772,179769,184155
2075,48109,51355,52248,53006,58143,66105,69952,79244,88189,98823,113300,121789,128025,142912,142964,156063,157966,165486,178168,186034
2076,48222,51473,52364,55049,58529,66152,72005,79487,88805,98688,117239,123735,132133,136768,145823,154041,161923,165044,175960,184658
2077,48066,50883,52187,55245,59081,65853,71501,78882,85104,102453,118124,122646,131168,137801,147000,153499,157414,165026,176003,183281
2078,47841,51217,51946,55038,58492,68073,71357,111915,113631,105608,118086,122250,134923,137267,146217,152846,158251,167028,177952,184190
2079,46010,49368,50504,54401,57943,67200,71854,80017,93638,103037,113115,121076,131389,137161,145805,152719,156917,164325,181433,184511
2080,46735,49186,50402,54494,60028,67687,79365,78721,86985,101977,112648,121673,131426,135729,145414,150990,159754,168165,176737,184442
2081,45670,48601,49824,54137,59656,67666,71794,79160,86954,99474,113053,119347,127872,136904,142058,151683,157908,163780,179693,183433
2082,45699,48521,49781,53970,59538,67195,72286,78914,95314,98878,112795,122985,128138,134785,142437,151361,158215,165230,178490,185430
2083,44409,47129,48343,52726,58593,66044,71507,78687,87437,99293,109765,118557,125298,134911,141866,149367,154417,163984,178565,183291
2084,44284,47385,48455,55217,61631,68851,71577,78457,105419,103191,111887,118437,125256,134873,143738,150199,156065,163334,174754,183540
2085,43395,46415,47501,54268,60969,65620,71499,80378,90747,102779,111089,118520,126932,133770,143007,150046,156744,162273,177902,182562
2086,43224,46266,47563,54257,61356,66171,73418,101182,92223,102373,114078,121293,127067,131229,143027,145933,156893,162818,174065,183230
2087,40727,43925,45034,52611,60075,66174,70527,79369,87789,98410,108986,115348,123048,129883,142746,148501,153895,162649,175525,182911
2088,40916,43820,44898,54935,58569,68334,85762,77798,97657,98121,110529,117184,122856,127655,139987,146336,154337,162788,176107,181199
2089,40145,42810,43981,54730,57779,68104,71306,78790,92699,100417,111648,118509,121987,129165,142449,149024,154483,161147,175397,181091
2090,40090,43048,43997,54576,61554,67379,70774,80592,96561,99638,109990,118176,122412,129291,141488,147325,153110,162128,173596,182667
2091,37385,40489,41498,51940,58100,66260,69584,88194,82653,94575,103700,114389,120518,130033,137284,148321,153091,162013,173654,181533
2092,37393,40215,41392,54626,59250,65829,69132,78327,91024,95884,105182,110624,122674,126938,139089,146203,153605,160725,172991,181828
2093,35131,37925,39189,52564,56334,65813,72908,84472,87502,94029,104222,113661,121009,129032,136727,146612,152497,159990,173607,181109
2094,35309,38190,42537,52369,57994,65304,74061,85020,87552,94041,104255,113160,118639,126101,138944,144144,153643,161297,172115,181486
2095,32604,35721,39355,48516,56337,68027,68172,78873,87025,88949,102738,111353,117755,125910,137477,145836,152025,161555,173209,181831
2096,32445,35775,39715,49067,56847,64139,79544,83236,85105,90288,103597,112290,120232,124312,136869,144119,152216,160517,173061,180749
2097,30984,34477,38113,48959,53949,66777,70750,80346,83821,89133,98931,112179,118393,125431,134999,145014,151259,154268,174937,180498
2098,31185,34169,37730,48854,52271,63816,70582,82556,85076,90529,105573,111072,117723,124938,134811,140041,153270,159666,173271,180610
2099,30705,33936,37612,47933,53097,66176,78366,81301,85502,89617,100644,108881,119105,123943,135550,136908,151265,160477,173581,174539
2100,116,117,117,117,117,117,118,118,118,118,118,118,118,124599,118,143315,118,118,172837,180849
2101,28343,31062,32549,34197,35023,35550,42213,51154,55502,62949,69526,75068,82737,118,90149,118,91455,94038,172782,179611
2102,30754,33826,37366,55274,65082,76738,76806,81711,85496,89828,100038,108487,115761,82304,135889,90592,148861,154173,172104,118
2103,30550,33181,39866,59060,76115,77624,77822,81981,85629,90463,99072,107204,118006,118425,136836,136964,149361,156293,172473,94031
2104,30464,33394,40042,58510,76023,77701,80115,81866,85743,90554,99262,107917,118130,124203,129779,145215,149468,157024,171346,168273
2105,30126,33100,39538,48378,56460,76712,78781,82496,85596,90419,99322,108119,114467,124062,129593,143329,143118,152979,118,178159
2106,30508,33060,39408,48590,52604,76850,79283,81819,84643,90435,98785,108556,116358,120700,132562,138810,143738,152409,93502,174372
2107,30456,33508,40171,50941,56331,67179,79641,81368,85165,90217,98845,108521,118782,122326,135820,138918,145847,156735,163529,170808
2108,30284,33150,39790,49097,54729,63072,77082,81039,85971,89395,101346,108347,117553,123201,132298,141197,146333,153689,169742,171084
2109,31145,34067,40600,52616,56796,63163,77974,82643,85007,90450,100106,108433,117936,122732,133530,136301,148379,153696,170858,175346
2110,30991,33940,40578,47553,56938,63101,78379,82170,85963,90623,101566,108287,118983,124931,134682,142572,149717,156244,163917,174216
2111,31406,34180,40415,48329,58218,66007,77911,82176,86716,90272,100208,110072,117825,123817,134049,137099,146891,155263,163422,176731
2112,31578,33820,40188,48264,56960,65772,77374,80800,86068,90753,99232,110216,118230,123864,136626,138072,148369,154807,169350,173339
2113,32639,35332,41745,51124,58915,68169,80176,83032,87762,91433,103068,110722,118849,124892,137205,143770,152435,160842,166108,178862
2114,32183,35379,38978,51192,55568,69094,79941,83131,86337,91306,99942,110741,117953,125533,136437,145012,152877,158482,166066,175616
2115,32703,35360,39472,51020,55646,64548,79653,81280,86638,91257,101413,110620,117125,125289,136563,141966,152464,158136,167936,180786
2116,32187,35410,39311,51074,55819,67039,69569,81348,86156,91346,103146,109678,117158,123661,136580,143291,152396,160033,172214,181180
2117,32641,35813,39506,51641,55321,65663,68714,83624,86149,90693,100489,110338,118584,125482,137482,143489,152902,157027,172384,180357
2118,32129,35657,39365,51397,55266,65977,79433,81357,85931,90827,101087,109894,118868,125537,137218,143807,152336,158937,172110,177466
2119,33362,36115,39981,51363,58628,64549,68981,81149,86614,90777,100269,111538,120597,126626,136559,144540,152534,159182,172922,179745
2120,32990,36084,39432,51551,56309,65934,73814,81183,86708,90607,100372,108837,119167,127493,137402,144677,152915,159545,173053,177486
2121,33251,36216,40109,53090,57216,66877,73241,84241,87938,91246,101195,112120,119857,126542,136463,144624,153146,160633,170634,181480
2122,33092,35981,39656,49128,57179,65205,70981,81552,87358,91336,99681,112060,117476,126364,137496,143956,154397,159670,171185,179473
2123,33778,37099,41005,51673,58477,67238,82621,85698,89402,92922,100227,110374,118979,127612,138781,144057,153364,160946,171573,180392
2124,33928,37192,41096,51577,57807,70287,70217,85030,87659,92858,103860,111543,118866,128282,137973,145713,153229,160363,172297,180927
2125,33627,36576,40734,49751,57478,65938,67897,86090,89103,93099,102892,110761,117597,126179,137199,144966,152892,160896,173056,182045
2126,33600,36681,40768,50307,57524,65428,70114,85586,89325,93180,102198,111013,120039,126110,135975,144016,152076,160237,172671,180778
2127,33774,36875,41033,50426,57056,68627,82141,83410,88577,93056,101589,111588,117833,125830,136411,145241,153483,161768,173080,180055
2128,33579,36770,40792,50284,57902,64828,71082,86263,88281,93228,102738,111093,119577,125269,137274,144412,152319,161100,173963,181242
2129,34396,37628,42289,52131,58475,68800,71187,84855,89015,93702,101240,109030,119140,124945,137920,144439,153935,160954,172853,180016
2130,34375,37721,42103,51425,58479,68691,71109,84381,89845,94274,100971,111112,120120,126030,136697,144340,152346,155742,173127,180822
2131,33615,37343,41674,51033,57277,64847,67523,83521,86912,91171,103149,111787,120544,126270,137491,144166,151518,159356,173658,179329
2132,33441,37221,41391,51111,58389,68627,81415,85073,89191,92093,101747,112329,118501,125507,137516,143616,152873,161418,172554,180758
2133,34784,38419,42153,52672,59071,65172,67971,85101,88513,92747,103232,113279,118543,125298,136701,143835,155048,161604,172522,179002
2134,34674,38559,42495,52686,58020,69278,76754,85533,88912,94590,101899,110875,116950,126451,136375,144512,152687,159831,172610,179357
2135,36593,39926,44402,55664,60893,66010,69286,89207,89247,92876,105349,109315,120532,125851,137326,144434,157219,161955,172068,179910
2136,36662,39922,40923,55827,59112,65373,72761,88463,90864,94912,105129,109709,117436,128180,139701,147505,155747,162729,173178,179917
2137,37471,40902,41862,56357,59597,66367,75055,88174,91141,95315,102792,111768,123859,127677,140307,144974,155141,163167,172969,183057
2138,36875,40652,41773,52454,59902,66806,68986,88635,90186,95415,105223,111046,122699,128590,137306,146999,154652,161065,172989,182683
2139,37271,41218,42365,56826,60376,65864,88085,88827,90343,96473,103941,111138,120183,127562,137280,145166,155421,161370,173503,182347
2140,37445,41411,42450,52926,60177,65729,69005,88709,92959,95888,107822,112062,120226,127735,137294,146912,156177,162142,176782,180733
2141,39423,43676,44727,55903,63038,68114,69597,94606,98843,102489,106792,117743,121339,127738,139754,146955,154991,163261,174242,182723
2142,39425,43003,44192,55853,62476,68432,70647,92667,94181,99713,107765,109997,122758,130052,139556,148177,156123,163504,173497,183470
2143,39224,43097,44613,56199,63262,68498,70409,94067,95772,98111,104958,118467,124055,128584,139763,146782,156046,162919,174158,181740
2144,39557,43397,44477,56441,62583,67966,70833,92986,95040,99439,109848,117767,118675,130249,139461,148158,154848,162887,175616,181898
2145,39438,43115,44255,56977,62802,67707,77853,83131,94513,102178,104776,112970,122569,130225,138645,147208,153565,162794,176002,182867
2146,39520,43191,44315,56292,63099,67781,69946,79843,94864,98052,104811,109559,122190,130020,139743,147748,155109,162734,173615,182383
2147,40727,44310,45532,58301,63390,68302,72201,82623,96804,99053,111655,118282,124420,130170,139416,147265,153913,161671,175126,181226
2148,40379,44138,45117,58292,62667,67258,71523,79841,96711,102413,112485,119352,122735,130521,139140,146304,154020,161413,174194,181929
2149,40201,44161,45663,57534,60837,67840,80877,96424,99985,100843,110189,110818,124591,129339,138782,146880,155331,161861,174641,181187
2150,40120,44242,45527,57462,61014,67577,72955,82038,97643,97996,108094,119067,124126,130071,141032,147311,154811,161670,174547,182418
2151,41104,45321,46565,58563,61444,67304,70569,82897,98181,105335,107201,120448,124151,130907,138529,146944,154485,161763,174774,180998
2152,40996,45092,46452,58458,61907,68211,70665,82958,98248,104948,111690,117816,124755,130490,139619,146517,155800,161754,174042,181279
2153,40843,45116,46514,59253,62352,69414,70999,82012,97845,100886,111838,116401,125150,131521,140292,148079,154197,162338,172835,181654
2154,40913,45250,46616,58790,62236,69205,72064,79322,97934,102752,112907,118869,124464,129874,140079,146289,154528,161636,172992,181697
2155,39707,43845,45245,53238,60890,68046,74723,80934,95051,102056,104849,116093,119399,129607,137927,148507,153418,162223,172829,181349
2156,40142,43745,45119,56357,61413,69517,71929,79014,95069,100679,105417,117352,122091,129151,139501,146750,153901,161476,173700,182418
2157,39644,43122,44469,55347,59577,69037,74360,93174,93590,98810,109236,115653,122127,129321,138730,145816,152208,161427,174309,180955
2158,39573,43093,44473,55724,59768,67097,71325,78211,93170,98154,109173,114618,122697,128455,138926,146039,152329,161016,173263,180862
2159,40349,44007,45333,55560,59556,69532,72754,80208,95890,102620,111084,116466,122192,128970,139752,144994,153728,160397,173932,180614
2160,40265,43801,45204,54785,59403,67174,74174,94792,95934,101267,110828,117382,121568,128080,137780,146139,152272,161018,172900,180740
2161,39516,42959,44609,53765,57811,66983,71293,77572,94060,96288,107392,114299,121558,127550,137623,145610,151843,161117,173667,180829
2162,39446,42724,44437,53544,57206,68961,75528,80289,93656,95646,107704,114332,122152,127703,137258,145424,152580,160464,172560,179363
2163,41214,44749,46275,55976,60069,69230,71641,80501,98161,103003,108544,117435,123361,127362,139739,145223,153566,161641,173458,179718
2164,40472,44953,46053,52969,59939,69056,70435,97528,98199,101501,110790,116804,122919,128272,138809,145629,154115,161117,172700,181142
2165,40297,44950,46164,53484,60635,67584,81768,78211,97581,100528,110398,113289,119252,128606,138761,146899,154190,160520,171658,180498
2166,41030,44793,46193,53012,60359,68334,70695,78679,97562,102659,110193,113036,118744,124889,137293,145260,152960,160255,172157,180585
2167,41870,46363,47899,55035,60805,70107,71049,77655,102692,105912,113488,116685,120742,128341,138704,145559,153302,160911,171504,179554
2168,41802,46361,47831,54971,60340,70019,74676,101515,101577,104522,113689,115182,118561,125512,138125,145523,153877,160726,172360,180485
2169,41476,46156,47565,54809,60921,70542,71509,77592,103464,111076,114638,116694,122096,125124,134964,145622,151586,158809,172671,180206
2170,41405,46195,47433,54443,60805,70851,71746,77865,105284,106587,113350,117241,122179,129595,136715,143479,154268,159392,172239,179860
2171,45680,50314,51476,56414,62714,71543,72819,86003,94350,118200,124509,128970,132347,128283,143871,144051,155706,163713,172234,180170
2172,44996,50001,51228,54343,57749,68396,72399,78637,87881,117665,125066,126750,129743,138385,140463,148619,155553,160680,172033,180051
2173,46293,50997,52066,54627,59366,70820,74170,81114,94571,123796,131726,134164,138750,134326,148424,147830,158737,165661,172014,181813
2174,46730,51427,52625,52718,60056,68909,72035,84739,85805,126571,127119,133726,138566,145179,147036,156150,158686,166406,172626,179136
2175,46488,50361,51939,52326,59399,68691,72616,82185,116485,117185,124737,130701,136887,140769,147668,154454,163296,167018,171778,185446
2176,46696,50314,51754,52311,59336,69481,72776,85590,89978,118983,125560,130748,136322,138910,150676,151579,163731,168398,172660,183306
2177,45053,48479,50177,49965,57716,67390,70309,77203,85325,99669,125133,124767,132355,141654,148508,156405,159280,166092,173397,182524
2178,45553,48868,50316,53601,57510,68293,82337,109272,88100,115723,124563,128276,133782,137774,150719,151709,160574,168831,180723,183906
2179,45768,49153,50027,53377,57806,68843,72684,85024,93806,108254,120993,131143,134283,138056,148092,154844,161645,169374,173841,184441
2180,45259,48912,50276,53407,57739,68888,72937,82099,95406,108304,120417,131118,134004,140183,149747,156786,160053,166661,175655,185856
2181,47440,50678,52011,58079,61531,72726,75290,94060,105662,128889,161346,164571,168700,137523,180802,151991,189117,196328,178550,184224
2182,46440,50023,51998,55226,57966,71594,72302,82523,86519,105059,122223,157110,158657,172108,167456,183454,179966,181415,177819,184283
2183,46495,48247,50794,53701,58151,65842,71637,79706,91653,97434,112135,147511,148631,160180,158487,171786,169087,170188,178726,210172
2184,46669,49624,51037,53639,57856,66008,71635,80504,92584,105634,118367,128171,152662,150202,165878,159636,174138,183089,176017,197824
2185,45144,47832,49126,53470,56802,65006,70124,88215,91627,97345,119988,129649,155243,154820,165069,167220,175648,184122,177739,192340
2186,45137,47711,48967,53143,57551,65209,70015,86440,88923,98103,119199,130581,155323,156865,164747,169181,176115,179219,205718,195479
2187,46212,49249,50568,53268,56573,64773,68939,81678,135545,104029,117791,126334,151002,156747,160929,169019,172381,174865,191668,194902
2188,46096,48832,50048,53301,58760,64915,99481,81536,93615,105662,116465,125775,144243,151622,160337,166492,173195,181690,183574,194192
2189,46072,49609,49502,50635,58946,67132,72358,80321,88621,102516,117048,125723,142398,151212,161015,170414,169745,179852,188936,195423
2190,46062,48489,49538,52499,58709,66432,72272,80294,95065,102827,116925,126326,142477,150179,160906,168589,175540,179843,190054,193484
2191,47002,49873,49274,51982,57249,65909,70437,79019,87433,102351,114131,122862,137035,149841,155548,168174,171565,174440,190499,191043
2192,47167,50040,50792,51863,57132,66423,70197,80665,89383,105672,121335,130100,137009,144868,156453,162727,168979,174682,186568,191603
2193,46003,48696,50401,52264,59744,66458,70526,82819,94667,108438,122085,132703,138504,149231,161740,162105,171454,174048,189833,191262
2194,45539,48337,49258,52421,59851,66850,70938,82164,94033,104265,121872,132776,138814,150248,160264,165058,171633,176119,186776,193237
2195,45805,48522,48779,51404,58911,66758,70327,85346,85479,106936,120203,128901,137427,150325,158046,165117,168590,174281,188717,197033
2196,45199,48516,49369,51579,59230,67164,69882,85066,87398,105482,120392,128792,137285,149006,156947,160895,169505,172416,183772,196997
2197,47583,50423,51457,52958,59599,67201,70657,79805,92850,110753,118849,133109,138439,147207,158096,163186,170073,174366,183935,191933
2198,46854,49516,51450,51573,59502,67234,70729,86171,92165,110987,119209,129509,137867,152089,162096,163161,172348,174952,186815,194592
2199,47108,50618,51399,52355,58843,66487,71540,80592,86897,105371,118313,128364,134390,150418,154482,162245,166404,172071,184663,194429
2200,47908,50801,51102,51917,58838,66437,70628,80015,94216,102547,115363,127965,139747,146492,155188,160233,169226,175950,184208,193209
2201,47822,50389,51604,52208,59403,66725,75467,80262,95387,103672,118440,127483,137480,145880,152767,161945,167522,172144,184118,189378
2202,47962,50763,51389,54787,59594,67813,71239,80704,95821,101725,118989,127190,136639,144805,153524,159310,166665,173480,183329,189497
2203,48182,50885,51887,56148,58935,66243,71656,79573,89253,99323,118220,124909,131927,145732,149350,159019,160933,169166,186977,189167
2204,48038,51039,52098,56241,58986,68736,77547,80074,90507,99314,117402,127116,134351,141328,149437,156052,159976,167463,184469,189364
2205,49386,52030,53349,57861,61343,69560,73483,88855,126218,104428,119405,129991,140171,142504,153596,156608,164322,168987,184320,184285
2206,48728,52065,52996,54967,60910,67846,71956,80149,90660,101540,115352,122333,133567,145330,154044,156846,163562,170318,183564,10
2207,48650,51076,51972,53961,59883,67276,71030,79252,84906,97304,109025,122429,130990,142551,148682,156430,158308,165839,183730,186138
2208,48730,51149,51782,53921,60138,67090,70831,111182,90552,94329,109041,124021,132710,138884,147040,152525,161829,166298,178943,188695
2209,49157,51777,53029,54565,60647,68526,74621,80582,89489,100590,110930,123911,130158,138815,148797,152902,161580,166683,179587,189214
2210,48777,51925,52846,54481,58729,68630,71916,79675,87074,100655,117253,123653,130067,141211,148983,153188,158473,166507,182303,188141
2211,49023,51902,52754,54143,59619,67930,71651,79925,85778,100878,112511,121277,129847,140143,147384,153289,160619,166626,180328,183392
2212,49208,51763,52584,53940,59281,67213,76580,80286,120772,102265,112356,121849,130503,137394,146945,153753,160406,167586,177422,185846
2213,49764,52415,53847,55295,61542,68263,72119,80240,90915,125983,116260,123000,131967,137518,149720,153345,161912,168009,176408,186657
2214,49717,51738,53890,55452,61949,68166,71954,80049,89473,104644,115487,123567,130732,139876,149170,155370,158757,165497,177952,187179
2215,49947,52213,54413,55282,60351,67223,70693,85240,91795,103118,115407,123923,130230,140420,148510,154147,160008,164268,178589,184166
2216,49943,52270,54444,55219,61056,67675,78954,83111,84811,100477,116301,125018,130018,141171,149323,152080,158604,165197,177492,185451
2217,49732,51791,54094,55107,60439,66800,70568,81703,89331,101768,114055,123832,130350,138756,149866,152513,160401,163533,176662,182085
2218,49381,51732,54160,55207,60930,67694,70458,77782,92913,102620,113662,123757,136531,141979,148303,150738,157228,164482,174319,183774
2219,50634,53505,54705,56479,62772,68411,74098,78900,101459,104883,119123,128124,134126,140514,153641,150903,164507,167417,176794,183631
2220,50086,52821,55285,56021,59770,67152,71468,130113,90469,102210,118048,122656,139815,145650,154990,159098,161880,166893,173327,181456
2221,52186,54085,55577,57152,60530,67271,73107,81192,86233,104342,118992,122430,135050,141523,153750,158883,165409,169811,172669,182578
2222,51710,54879,55044,57121,59910,67014,71536,83009,132115,103311,114956,122265,133988,142792,149604,157591,166193,170117,173238,186206
2223,51845,54629,55761,57366,61954,68028,85469,81001,90716,107578,115307,124462,138468,142663,158651,155680,167098,171076,174100,185733
2224,52030,54307,55184,56893,61809,67503,70920,80038,89264,104658,116026,124559,138768,146254,156672,158906,167980,171124,176993,183937
2225,52191,54909,55768,57272,61108,67443,71422,79364,89181,97146,117492,124564,136687,145545,152866,162244,168028,172506,177663,185392
2226,52296,54842,55699,57105,61328,68288,71081,79224,91283,97223,116421,123628,136561,144980,152400,158670,165638,169531,182174,187557
2227,51406,54080,54081,57411,61282,68374,72071,80693,87947,111585,116988,125811,136789,145004,155034,158951,166900,174370,179344,186103
2228,51342,53972,54885,56738,61212,68057,71196,79373,87256,106697,117177,124477,137418,145313,155866,161707,166407,174594,182734,186222
2229,52141,54537,55271,56924,60515,68769,71631,80818,91748,100020,117407,123928,137216,145460,155090,161506,166928,174890,182344,188082
2230,53082,55048,55062,56979,60772,68404,72024,80375,93644,100139,119127,126269,137246,146221,156267,161610,165995,173738,182051,186239
2231,52126,54899,56314,57691,61717,68923,72793,81685,92256,108965,120656,128902,140881,146339,157450,162162,167419,175148,182220,186322
2232,52692,54650,56027,57314,61218,68791,72428,80544,88771,109072,119744,126526,137128,147357,157508,163447,168074,174268,182757,189475
2233,50979,53575,54336,56275,61502,68474,73265,81340,96243,105345,120229,126206,136462,148418,155848,163019,168016,175268,182338,189244
2234,51228,54208,55796,56307,61826,69059,72168,81909,92577,105346,120371,128103,137092,146188,156751,163503,167584,174520,183900,191191
2235,52649,55353,56788,58255,61855,68370,73386,79694,92776,106381,115501,126562,135638,145921,155705,164960,166140,174725,182294,191128
2236,53067,55264,56964,58263,61941,68193,71837,79731,94039,106105,116391,126772,135400,145872,154939,161201,164021,171195,183592,191860
2237,51551,53776,55673,57460,62315,68861,74257,88417,94981,98298,115888,123765,132973,145849,153897,161878,161124,168850,183509,192481
2238,51805,53243,55466,57324,61196,68489,71440,78241,88975,98783,110628,122512,132842,146337,153302,159669,164280,168372,182146,188729
2239,51688,54369,56257,57399,61639,68553,77269,87666,136395,105743,109588,122472,128894,146726,151916,159717,160199,169646,184537,189750
2240,51960,54304,56248,58035,61366,67915,71463,79665,90132,98153,116020,119879,128663,143431,152062,157624,159526,168859,183609,186917
2241,50189,52086,54046,55783,60223,66050,69698,78107,88346,95446,105846,117425,119649,143488,145233,156703,157089,162527,181707,187645
2242,49108,52487,54008,55334,62241,68119,78020,125518,83841,126673,107977,121177,131858,134365,147704,150441,157531,162574,181553,182125
2243,49569,51827,53964,55919,60763,67375,71047,87660,89598,102890,112622,122144,135302,138974,147693,151719,158631,163581,181158,183431
2244,49223,51019,53936,56088,60673,65805,69692,78185,90193,101470,112542,118053,135104,141608,149445,152862,159046,163299,178977,181866
2245,49056,51842,54114,56290,61101,66512,80677,77309,89815,102632,112430,116189,135175,141889,148528,153380,159122,164289,178480,182112
2246,49514,51807,53948,56171,61464,66127,70913,77335,83888,100047,112433,116486,135060,140818,146031,153187,158307,165602,174038,182258
2247,47285,51330,53892,56234,62042,66506,70395,78016,111864,100351,112496,116408,136899,141520,147970,150591,155514,163960,174298,184044
2248,46475,51522,53501,56138,60367,66640,70025,77017,91652,98399,109182,116476,136343,141881,148050,152355,157623,164289,176123,183524
2249,47352,51360,52110,54577,58649,66488,77817,79566,89361,132113,106367,113978,140850,142477,150951,153477,159435,162711,173875,183291
2250,46684,51396,51994,54614,58681,66696,69336,79146,92139,102358,106726,133818,139963,144973,150959,152134,159288,163435,174759,181307
2251,46324,52322,52326,56023,60672,68208,69843,79479,94315,100664,110625,118755,136253,144939,153680,152906,159129,164814,175578,182206
2252,46578,51680,53872,55683,60822,67963,95095,78197,83438,99214,110616,137632,131361,146554,146672,155912,157495,165072,173676,181740
2253,47827,50483,54568,57475,61439,68317,72353,144357,109815,99464,112847,123914,152099,145334,159844,155762,166501,171049,173544,182777
2254,47846,50894,55225,57305,61299,66477,69793,87635,92374,99406,110448,114534,130909,152929,156359,164755,162301,169430,174397,183996
2255,47180,49078,51115,54624,58266,64632,67549,77983,87537,97202,106152,138122,120890,152524,146680,160804,155775,162890,174320,181417
2256,44737,49968,51830,54554,57953,66995,69588,82915,87448,134825,109469,120328,140393,144187,149587,153157,158333,164097,174859,183901
2257,50455,53802,56789,57382,62120,68935,72738,84254,88296,101477,113787,120484,140603,144076,151990,154581,162064,167975,175844,181598
2258,50250,52901,56598,57316,60999,68078,72575,84164,137571,94735,108836,120368,134491,149618,152073,158581,161615,167107,180920,180436
2259,51870,55074,57869,58363,62410,69288,73275,85157,90334,96825,114110,139782,131083,148850,149534,156046,162191,168462,178268,181603
2260,51874,55456,57690,58625,62311,69484,73709,85231,87929,96634,112723,124675,134307,145116,149506,155692,162266,168304,174473,182528
2261,48293,51973,54092,54612,59685,68108,71623,81481,85133,94008,113542,119497,130978,145195,146714,157450,157396,165637,175029,183163
2262,48758,51561,54551,55141,62145,69719,72665,82819,87063,124698,111155,120838,137669,137248,148019,153330,161845,167301,178796,185599
2263,44738,48165,50972,52027,61117,68636,72269,83586,86586,98130,109159,121136,132142,140311,146660,153384,157707,164815,176784,184166
2264,44797,48590,50625,57073,61155,68519,72101,82544,86186,98407,113990,129224,131522,136677,146498,151439,157310,165031,178195,183871
2265,41520,45317,46748,51406,55980,66027,70013,78286,87521,97636,104444,118435,125546,137925,139842,151420,153158,160355,177694,185268
2266,42038,45487,46836,51828,59415,67569,72448,82922,108485,110460,107984,119790,124192,131409,141126,145573,153666,162289,175990,183508
2267,47310,50733,52169,56693,63613,70762,74906,87370,93375,128879,123682,136156,142634,131863,150174,146700,162511,164736,177200,185431
2268,46856,50363,52321,53600,60728,66386,72169,79065,87632,103889,115333,125198,136677,144994,148444,156432,156362,160911,175187,180049
2269,51251,55327,56671,57116,62796,68973,73868,80134,87347,100486,123708,125286,146029,140864,156179,150031,166155,169067,178278,180321
2270,50774,52853,54581,56735,60793,68370,73111,80485,136397,95945,116646,123020,145928,152172,153151,160031,162311,169244,172726,182340
2271,50776,53750,54089,58532,61928,68670,72952,86252,90208,104907,121792,127168,151204,148891,159219,159811,169669,174776,172413,180708
2272,48976,53269,56422,58419,60106,67171,69895,81312,93498,99901,114175,123739,136159,153362,157414,167460,169013,171309,173655,183285
2273,50241,54618,56446,58836,59777,67580,70512,81926,87619,100229,117697,126713,137053,153403,162017,163664,172889,177582,172509,183359
2274,50382,54541,55899,58389,59838,67020,88257,79857,87317,101462,118049,123390,133592,156541,160234,166497,169227,177580,180550,188617
2275,51218,54836,56094,58714,60614,67800,71378,79786,99929,99036,122775,128830,139169,157187,166981,166668,176347,183617,175816,185406
2276,49624,54477,56716,58704,60952,66577,71129,79867,87435,153342,118966,125282,138680,162697,167303,173372,176657,179141,179638,194019
2277,49724,53468,55479,59188,60521,66318,71302,80701,91576,107632,114901,123482,135198,158956,167433,169118,176103,178212,180684,187607
2278,49699,54125,55358,59447,60813,69410,71501,80167,86307,107864,118752,125320,134976,159195,166982,170840,175723,177500,185555,195004
2279,49920,54338,55305,59893,59543,68437,71539,87330,92388,105006,121402,128371,137675,159468,166095,167152,174887,176937,184268,196119
2280,50016,53826,55773,59968,60813,66153,72448,81572,92276,95689,115391,124648,138316,158900,167987,170478,174957,177383,191322,195168
2281,50337,54367,56448,58221,59839,67373,70577,80596,85933,102198,114586,122316,135284,159184,162069,169702,171664,175095,185845,195515
2282,50471,54864,56341,58357,59775,67962,71821,80599,92797,100038,116567,127102,134827,155416,161383,167755,172887,180531,188926,194179
2283,51855,55164,57623,60093,59080,68358,72113,82545,89905,107943,122261,132739,140012,154945,166509,170205,176030,183900,187388,193645
2284,52021,54567,56756,59710,59058,66034,72888,82345,140076,103871,115691,125624,140128,159450,165671,173527,174820,181524,186541,192476
2285,51059,55179,56883,58950,59899,65460,72683,80689,88726,95816,113969,122135,136000,149597,164027,172794,173249,175116,188120,189790
2286,50976,55651,56868,59244,59906,68923,72542,80643,88906,94833,118891,129403,135554,140496,163927,163750,171924,177868,185666,196194
2287,51787,56370,58515,59796,60570,69150,74922,80039,91082,105438,122960,132025,138267,144314,163291,169894,172221,181632,182710,196226
2288,51797,55601,59129,60004,60310,68690,73368,79915,86286,105584,122272,127970,138180,147057,163609,170229,174720,180836,189554,192038
2289,51140,55404,57304,58357,61241,69014,73457,79557,88075,101080,121060,127978,136162,147814,160461,169402,170464,176195,190173,193243
2290,51024,55905,57471,58731,61244,69063,74304,79832,86719,102141,118973,130396,136930,145388,161250,166197,171046,176785,185068,195047
2291,52505,57231,58819,59991,61832,69987,73771,81754,86910,101007,115586,132908,139843,144610,163751,167135,171586,178455,189478,196665
2292,52764,57606,59342,59987,61692,69313,73034,80603,87492,106225,116053,125809,139835,148237,163199,168814,171082,179548,187107,193747
2293,52907,56677,58936,59622,61438,70118,72812,83752,125042,97714,114524,127024,134899,147065,154653,165511,165908,175101,190152,194398
2294,53078,57663,59740,59846,61120,70037,72782,83590,88303,102683,114559,124350,136558,142579,154675,159889,170106,173236,186623,197107
2295,52299,56440,58863,59873,61346,69146,73685,82216,87028,98202,118327,128008,135162,142353,154902,163532,165922,171674,188494,195403
2296,52982,57581,59110,59923,62898,69156,74482,86278,87319,102317,117460,127699,134798,140658,156216,160324,166257,173724,186124,190366
2297,50473,55205,56054,57798,60375,70353,73150,79818,87092,97306,114042,122948,130594,141027,153046,161052,166322,171406,189126,190865
2298,50376,56126,56933,58108,63297,70578,72896,98612,87577,129437,118011,122352,130386,147595,151887,160361,162704,168564,181399,187084
2299,48514,53377,55060,56606,62197,70602,72512,78773,122312,95626,114016,118966,126536,149509,150115,158090,158453,163180,182640,188098
2300,48768,53903,55957,56458,61147,69975,72326,80359,88951,95346,115050,121345,133136,135005,150037,154182,158717,166744,182476,184197
2301,50185,54921,56264,58189,64145,72018,74038,83188,96045,105646,119870,125048,138874,143089,156802,155352,167847,172364,180858,185528
2302,49341,54460,55890,57678,60074,69016,73646,80207,86128,102854,115883,122232,130500,152617,154690,162002,160891,169963,176713,181776
2303,50381,54198,57010,57948,59957,67350,73039,80526,87459,99504,118111,124021,132191,152374,154992,159317,164304,171718,177651,183202
2304,49322,55253,57013,57927,59712,67563,72926,82280,87173,99761,116349,124040,132372,141253,154398,160100,164500,172316,175490,187078
2305,51009,56024,57657,58694,60982,68726,73056,89187,85993,142974,115341,124208,132577,148865,155826,159587,165449,175530,176977,184107
2306,50944,55670,57417,58000,60511,68755,73159,80637,141375,101500,119326,124387,131833,141622,156469,161339,165838,175384,177932,183300
2307,50581,55007,57044,57179,59334,69303,71993,79234,84885,97919,112857,120094,126522,149332,147389,159792,157416,164787,176360,184558
2308,50150,55432,56487,57609,61793,70647,73121,104129,84704,94319,117192,122272,130459,137429,149265,152925,160824,167031,177028,186273
2309,50237,55505,56805,57208,61043,70351,72712,81328,89754,101832,107906,121064,131294,144767,148978,154511,157702,164018,177479,185899
2310,50009,55086,56548,56700,60819,70655,72263,81397,87051,100789,107876,121443,134852,142066,148788,153320,157441,165325,180248,182207
2311,49104,54331,55731,55906,59894,69567,72702,81536,85454,91558,110894,117495,135942,142279,145402,153183,155977,163320,181959,182201
2312,49734,54269,55763,55824,59683,68150,72459,83276,85786,110618,112297,116939,134640,137213,147804,152108,158006,163474,174981,180774
2313,50072,54665,56296,56695,61382,67710,73114,81461,116778,97223,114193,132123,136611,138684,148473,151728,157201,163929,175246,181159
2314,49938,54968,56333,56646,61584,67965,72975,82064,87284,117772,111504,118526,131162,140467,147086,150982,159072,165273,173886,181382
2315,50085,55288,56886,57195,62237,68835,73383,82074,87106,96194,112033,127423,136634,139592,150309,150687,158062,165145,173977,181792
2316,49820,55356,56733,56860,62312,68897,73548,82678,87083,94295,105359,120397,136693,142164,146757,152752,159641,164982,174243,182293
2317,49450,54922,56380,57087,61866,69326,73738,81569,91301,129698,112558,132114,137644,140091,147295,152826,159056,164687,173524,181822
2318,49659,54852,56491,57166,61492,69167,73533,81415,109392,94093,112933,117610,133318,140984,148300,152560,158543,166732,174687,183260
2319,49549,54365,56496,57125,61674,69085,73084,81889,86625,101714,110930,132199,137692,141270,147571,152220,158078,163368,173212,182870
2320,49641,54900,56271,56449,61405,69249,73193,81409,86700,98788,111674,120655,132830,138909,147888,150378,158441,164247,174975,184271
2321,49621,55317,56539,56675,61265,68988,73083,80879,93223,94085,107306,121302,140450,138627,148478,150358,163141,166205,175045,181519
2322,49915,55202,56499,57254,61149,68862,74027,102262,97452,130179,107710,132798,133765,143769,146989,153040,161247,165743,174784,183584
2323,48780,54285,55714,57005,61335,67777,74092,81363,86581,102443,109669,120402,131088,141472,145638,153498,159711,164873,174708,182148
2324,48819,54366,55963,57227,60852,68038,74050,80665,126920,94592,110770,127103,138074,138242,147828,152978,160235,164930,173934,183913
2325,50138,55037,57227,57759,61045,68567,72125,82227,93200,97469,112073,122207,134475,138384,152673,150079,164028,167915,174190,181899
2326,50066,55584,57178,57960,61149,68856,72146,81985,85808,102607,112721,138417,142957,143452,150057,158157,160260,167210,175956,182755
2327,51389,56613,57632,59637,63276,69665,74736,81881,85665,137488,114585,125435,135398,145072,155937,157179,167174,174318,176795,183178
2328,50904,55605,58074,59610,63114,67646,73254,82177,91738,99680,115695,120642,133207,150748,154610,162517,166476,169224,174780,185252
2329,49194,53400,55703,58113,61962,69113,72417,80731,85237,94275,112989,121220,130351,150127,153385,156856,164802,167730,174270,182963
2330,48782,54855,56640,57973,61867,69155,74255,80717,84927,94446,116994,123453,143031,146957,153867,156191,165435,171635,175836,186529
2331,50119,54596,57065,57037,63115,69680,76019,82566,136219,93650,114642,124762,135822,147766,155481,155965,167175,174157,175609,185668
2332,50725,55283,57305,57702,62683,67569,74083,80945,88014,136427,116842,122419,134164,148097,156919,157469,165823,170574,181127,183592
2333,50239,55252,57427,58427,61594,68051,75602,91278,90808,104353,117925,127747,137791,147578,157590,157478,170794,178429,179061,183365
2334,51033,55015,57919,58763,63055,68202,72558,81796,90691,95111,117470,124811,134096,151141,156972,160287,172284,174840,177483,186079
2335,51283,55952,58293,59323,62660,67888,71880,84015,89329,99372,111313,123385,133053,152779,153079,163554,168347,168771,178781,185592
2336,51222,55740,58086,59472,61129,67479,71629,82239,88415,99340,112113,126658,136500,149780,156015,160513,167624,173336,179142,189303
2337,51389,55701,58461,59549,62373,67580,71974,83786,89316,98159,115349,125246,134037,150181,154275,163267,164868,172439,180425,187451
2338,50993,55955,58015,59593,62679,69500,73734,83761,87902,98136,117956,123829,134699,146551,153622,156406,164378,170623,182366,185288
2339,51135,55845,58007,59110,62820,70110,76640,83281,87373,133599,119547,125838,135506,146024,154634,159168,167904,170700,182646,185894
2340,51208,56204,58287,59672,62907,67102,76262,82613,122657,103471,119906,124782,134504,146901,154746,161983,167710,170966,183249,183532
2341,50970,56018,57655,59190,62478,67142,73534,82019,92344,97124,110711,123582,131205,146760,150963,161813,162934,168541,182303,184904
2342,51082,55568,57635,59198,62318,68913,73150,83759,91920,98888,110744,125136,140982,143220,151269,161143,162427,169238,179425,187594
2343,50286,55280,57301,58961,61832,68796,72250,82106,90574,97275,106774,122162,133187,143438,147189,158215,160158,166118,180299,186658
2344,50387,55254,57552,58612,61791,68827,72215,81226,87825,99457,113380,130572,133575,140706,147843,153116,160396,167588,182718,185860
2345,49544,54736,56648,58268,61358,68469,71631,82763,89089,98167,111170,119717,133500,140292,149215,152477,157971,164582,179445,185455
2346,49535,54542,57003,58588,61923,68274,71654,81870,89173,123781,112441,129434,135491,141955,149036,151910,158768,165279,175812,184973
2347,49517,54606,56406,57902,61461,67860,71915,96718,90062,99604,109609,122815,133634,142290,146294,153144,157544,165363,178739,184398
2348,49476,54547,56364,57875,62609,68046,71693,80151,87663,95145,109684,123253,134104,138505,148535,151486,157493,165112,179398,183321
2349,48939,54143,56431,57661,65072,70066,71693,80348,122545,95358,110635,130310,136821,138299,144914,151491,159789,165401,179028,185922
2350,48951,54114,56322,57253,64903,69380,71628,80850,90004,122703,110585,117513,132901,139173,144744,153676,159681,165572,176763,181905
2351,49181,54193,56823,58320,64328,69569,73111,83237,87677,97087,111231,131480,135963,139299,148502,152997,157463,165243,177432,184365
2352,48896,53990,56843,58284,64162,69143,72087,84324,90691,96114,110810,123075,135333,141180,148676,153124,158496,164570,176495,183967
2353,48503,53673,56643,58143,65474,69410,72393,83664,87500,122967,116213,122278,135353,139666,148028,151143,158102,163680,174813,182987
2354,48782,53879,56813,58237,65963,69677,72664,83496,87533,94546,115604,130434,135605,141120,147660,153522,157388,164553,175777,185040
2355,49254,54411,56452,57935,65904,70167,73131,82762,104051,96819,115802,124666,135539,140502,146526,154305,157080,164321,174749,183351
2356,49261,54371,56453,58159,65915,69722,72528,84386,89136,105761,116480,122997,135001,140497,145979,152506,157403,162335,177039,182635
2357,47356,52604,54714,55916,64044,69800,72392,78886,87038,93083,105819,112368,129629,141386,142701,152076,158518,164129,175981,183274
2358,47950,52362,54444,55972,63559,73717,75452,81079,117523,118570,106144,124789,127658,135042,143461,149856,156718,163063,175808,182226
2359,47664,52204,54586,55813,64040,71424,72134,98957,87680,97201,106976,126416,131397,135275,142314,149826,155024,163041,175610,183757
2360,47682,52112,54456,55709,63848,72897,76178,83997,87797,118907,106824,126709,131469,136040,143193,149258,156549,163607,175175,182537
2361,46904,51325,55086,56123,63958,71312,75909,80274,84445,98929,107017,128085,133324,135700,142843,149151,157017,163480,175624,182542
2362,46996,50986,54942,55947,63962,70910,76094,81722,89513,95199,106623,127614,132212,137586,143704,148677,156723,161357,175619,182102
2363,46782,51197,54630,56070,63671,70121,76903,81869,118194,118497,106234,128474,131042,135787,143171,149037,156541,162373,174855,181465
2364,46526,51426,54566,56255,63898,70385,72715,81070,86795,96610,106245,112868,130724,135907,143171,150792,154748,162795,174454,181414
2365,47210,51564,53918,55096,63626,72916,74996,84003,87217,94444,104958,125835,130862,135535,142894,148451,156264,165275,173620,180765
2366,47186,51370,53647,55061,63475,72627,73296,80743,87273,117870,104388,125698,131508,134725,142641,150469,156639,164635,173917,182609
2367,47471,50770,53634,54846,63706,71644,75261,84119,88509,96656,105929,127707,130360,137381,143952,150449,156023,164214,173687,182946
2368,47698,51230,53233,54763,63172,71044,77401,85545,117244,95299,121708,127294,128073,136209,143875,149731,157813,162600,174273,183625
2369,46954,50583,53059,54346,62062,74148,76391,82011,88129,115955,108506,126007,129615,135420,139938,151096,159919,165406,173813,181564
2370,46735,50602,52835,54339,61768,73865,74951,83940,87913,96447,113146,125979,128614,132987,143483,150083,157961,165661,173667,182751
2371,46926,51405,53221,54369,61912,73407,77779,86755,90637,116365,118490,125508,129149,133015,140822,150010,157463,163401,175177,182012
2372,46912,51578,53098,54290,61558,73302,73910,84787,91443,97371,108188,125798,128661,134924,142617,149927,157225,163991,175172,184101
2373,47566,52226,54167,54948,62427,71285,78043,88285,91563,98239,120341,128415,131266,134841,142265,152198,153352,164570,176918,183993
2374,47321,52001,54453,54848,62550,69973,77050,88123,95709,120337,107869,116303,131360,133983,140828,146973,156460,164852,175652,184430
2375,49362,53599,55648,56602,63978,74778,76668,87752,89601,101447,122834,129884,134112,133794,141825,146889,157737,164182,174390,184371
2376,49335,53482,55663,56429,64130,74836,77002,86788,120439,95808,106079,129479,133579,135171,141750,146946,157504,164615,177088,185410
2377,52762,56617,58799,59546,66100,72963,76099,85946,99040,97088,130017,124079,140346,135256,148093,149461,162236,168261,177074,185822
2378,52112,56767,58304,59474,63919,71202,74505,82927,91708,128116,115199,120487,137010,142488,144997,153709,159658,168002,177519,183085
2379,53379,57992,59327,60687,65498,71357,78285,84790,90704,101020,114020,136005,140684,138855,148570,153098,160650,166425,174280,182308
2380,53247,57735,59104,60768,64972,71243,78453,85100,87758,102913,107938,117356,140550,141697,150782,154259,160294,167011,173570,183816
2381,54672,58712,59733,61662,65797,71263,78673,81703,89542,98648,117362,121627,143125,140789,151697,156310,162457,168377,173597,184618
2382,53695,58409,59729,61622,65669,69743,75394,81708,89228,96448,116638,140838,142888,144920,151088,159028,163859,170164,175717,185780
2383,55909,59683,61238,62807,67292,70867,76235,82498,87285,102925,118582,127098,146842,145121,153229,154726,165382,169142,175687,183685
2384,54979,59651,61326,62866,64093,70538,74145,84019,88649,126109,111394,125206,144656,147532,153400,161228,165282,168837,178046,185438
2385,54438,58771,60601,61762,63289,71281,73539,83193,115579,94765,113301,119770,143767,148507,152475,158431,163043,167538,177729,185550
2386,54482,58736,60466,61600,66340,70816,73539,82883,86461,94845,112441,121877,143496,147791,151907,157242,163077,169056,179308,185232
2387,53637,58460,58547,61378,62928,70783,73503,83673,86330,94205,116458,124044,144312,147414,151510,156774,162737,167169,181035,185716
2388,54126,58638,58917,61136,62785,70497,73233,82077,86059,139889,116365,119174,143780,148249,151310,153897,163406,167210,180370,185977
2389,52721,57195,59257,61819,63185,71574,73966,85542,126801,100919,113200,125058,147045,148146,154207,154103,164779,167902,178090,186075
2390,52729,58502,59150,61668,62858,71252,73467,83997,87357,95079,113100,125191,146763,150031,153559,157917,160565,10,177775,184879
2391,51001,56874,58523,60624,62117,70146,73263,81011,86207,96981,105021,121214,130721,151082,149482,158465,158174,168459,178364,182418
2392,51224,56356,57750,59898,64792,70303,72820,80744,86926,97942,137783,141306,128983,147110,149785,154343,161812,165493,175601,181672
2393,51329,56646,58477,61423,65409,71270,73401,80726,86757,96988,113565,122569,144585,146526,153079,151560,163744,167353,176735,180835
2394,51528,56869,58499,61272,62658,70561,73248,81060,86981,139172,112733,119550,129793,147647,153242,155176,163047,169547,175483,182655
2395,50847,57546,57502,60598,62259,70201,73855,83865,135970,100658,114157,117005,129629,147762,150784,155127,162747,167197,177308,182890
2396,50693,56116,58316,60873,64751,70538,73079,80668,90745,97642,113927,140904,142721,144998,152783,155064,163023,164691,175076,180924
2397,51822,56329,58467,61042,65987,70858,74148,82925,87617,102151,116393,125240,136043,145726,159385,155355,166336,166087,175515,181192
2398,50428,56263,58113,61249,62824,70748,73893,82051,87247,101073,114788,119353,126289,152525,153942,160058,162269,170116,175083,180791
2399,50685,55524,57555,60250,61652,68923,74014,83259,88076,95765,110487,117810,148406,150065,154936,160614,161083,170599,172971,180765
2400,116,117,117,117,117,117,118,118,118,118,118,118,118,153059,118,158920,118,169828,172479,186223
2401,50444,53576,55747,59019,61713,65300,74760,88286,100250,107524,117534,129968,142144,118,155609,118,160815,118,172398,180126
2402,51217,56355,56747,62236,73878,91880,110472,131390,145030,145030,149528,151662,153394,142638,159109,157715,165623,163225,178223,182133
2403,50020,55126,55710,60973,78267,99479,108963,129497,144594,145146,148651,150509,151337,153240,157430,160609,165645,169427,173687,118
2404,50076,55150,56507,59044,62845,67902,83094,89207,93105,145241,148704,150807,151666,151340,157649,160125,167131,172301,174322,170334
2405,47051,52244,54686,55369,58303,67460,72340,86304,90206,102946,143735,145688,147501,151609,152451,161786,164673,172607,118,185577
2406,47825,52053,54764,55917,58188,66165,72316,86482,90559,102835,119566,145731,147624,148651,156196,159262,166110,172012,167581,185719
2407,44719,49258,52983,55335,56845,65615,70474,82235,87579,96263,108145,138421,139507,150678,151562,159221,163078,172170,179262,188641
2408,45314,49589,52492,55240,60124,67645,75522,84136,121652,99151,111463,122685,143075,145354,150682,155134,162957,167274,180046,185331
2409,43584,47264,50201,51279,55661,65174,73510,82155,90836,97936,106842,115959,130995,144652,141613,156865,159967,170922,180502,190355
2410,42919,47377,50023,51462,59696,68323,75219,84533,91283,121559,110844,129706,134803,133719,146309,149471,158059,165840,176798,186117
2411,43103,47099,48849,50125,57320,64456,70474,85702,89170,97876,108228,117445,127796,136512,144567,152715,160712,169458,179546,186165
2412,40819,44678,48901,52996,59018,68055,72836,81550,86836,97708,119077,122645,127619,131468,147197,153786,163082,166872,180266,183843
2413,42382,46160,47155,51278,57887,67812,74037,82038,90231,100001,113485,117548,123218,133118,144717,152275,159638,168082,180135,189926
2414,42471,46430,46998,54179,57980,66469,71631,86390,92762,107826,114097,120806,124705,132872,145941,148362,160338,166834,178547,187912
2415,37703,40292,41639,48589,51769,62210,66673,74573,81150,88458,102535,112144,117325,135491,130798,152640,148088,168920,181983,189663
2416,38147,40796,41797,51371,59583,64331,73657,82973,93836,101707,107358,115441,121476,125352,138670,141592,154540,157632,180937,190933
2417,35847,37891,38770,48201,54591,62119,66551,77547,90945,94941,104177,111868,118569,131261,135862,149914,149368,163460,180700,190928
2418,35882,37519,38605,50580,58266,64503,84709,79939,91508,96552,104466,112545,122036,129725,136000,142145,155010,156753,181117,177739
2419,31458,32808,36130,44250,50455,59666,60577,73455,83189,90106,97025,102496,112058,126723,130087,146604,145291,163764,182419,180706
2420,31420,32855,38599,46883,51829,59476,75636,81463,86058,91882,98430,106906,117204,116612,133876,137855,142426,148027,171784,173920
2421,27971,30442,35707,43050,49231,60038,75910,81014,85107,90912,100448,110504,116155,124956,135881,141209,145786,151851,176859,179289
2422,28191,30489,34973,45273,49729,61588,66034,80811,85672,90881,103070,112321,116131,125178,137797,142839,143895,153158,169036,163913
2423,24920,26415,30721,38567,42403,54920,65825,70831,74615,85585,92653,97670,98631,125023,115357,142139,130977,159692,173182,172929
2424,25294,26654,34082,42674,50526,57400,70640,78340,82583,91117,100923,104769,114394,110603,124969,119611,138024,141946,156768,177763
2425,21898,23425,30809,36133,42704,52055,60272,68816,71858,79688,86590,89898,99728,121443,106501,133968,116812,142321,164611,174139
2426,22129,26470,33560,41972,48238,62496,67412,73509,78604,84948,94436,95760,107709,102901,125928,113043,132757,126017,166241,149428
2427,18623,23036,29715,36300,45188,55561,60009,66495,68197,72929,78275,80517,97142,110046,111989,129247,116399,146958,165059,166807
2428,18560,25803,33122,40744,48818,59144,63693,68160,79452,85988,92682,95504,105059,98139,121294,115439,130328,128773,145339,145483
2429,15369,22533,28638,34369,39321,49921,53073,60923,68744,75189,78763,80873,86780,109188,102003,125420,122417,134787,143877,159736
2430,15477,24836,31980,37907,47558,54835,58206,68954,75167,81423,87321,94573,96381,92270,107583,103862,122705,126072,126898,140569
2431,16663,27588,33841,41749,48346,57333,60183,71940,78672,86102,90650,101987,104692,103944,111554,116785,131544,123691,150827,170959
2432,16553,25788,29710,41832,47908,55320,58851,65572,78109,86128,91338,101587,103828,111289,111794,124242,130920,133972,135855,141988
2433,15915,27058,32017,44721,50089,57681,60297,69870,78602,87546,98218,106788,111942,109128,122757,123753,145368,131689,158942,142476
2434,15942,27743,32068,44870,50055,56919,60345,72198,80509,87376,98405,107108,112069,118911,122722,136548,146063,148486,134207,156732
2435,17101,27091,31568,44858,51843,59757,64134,75279,80890,89735,100841,108160,114697,119119,124907,137431,148489,148509,135931,154263
2436,16566,27312,31425,39245,45624,60280,64248,71140,79339,89771,100711,107818,114729,123153,125471,141572,149318,150165,144624,173553
2437,17097,26906,31627,39450,47051,63229,65327,71366,79043,90043,100383,107701,114615,122928,125825,142444,151087,150902,145511,173075
2438,16996,23785,29098,36185,46504,59295,64792,71147,78265,86056,100124,108380,114544,122788,124863,141736,150994,154268,160829,175755
2439,17170,23737,29466,35783,44690,57219,62602,70855,77585,84592,98061,106134,111431,122204,123290,141577,149496,153710,160824,177593
2440,17129,23635,29246,38099,51211,57018,62533,70829,77295,83698,97727,105618,111723,119475,123391,139913,148789,154037,165712,178700
2441,16936,25299,32510,41770,49709,55792,65308,71195,79540,85956,98881,106630,113065,119450,131440,139773,147680,153628,165571,178119
2442,17265,25039,34120,41246,49111,58398,64912,71628,79366,87899,98616,106713,113438,121026,129435,138772,147870,154969,167380,177326
2443,17457,25960,36206,44271,55151,61766,64168,72592,79534,86981,99707,106543,115201,120398,130958,138557,149370,154327,167753,177815
2444,17062,25998,36180,44167,51143,61801,64060,73249,79383,88220,99675,106523,114252,122060,129588,141181,148930,155620,168695,178046
2445,17592,27116,39135,47517,55298,63930,69057,75203,80154,90162,102742,110778,116635,122255,135051,139247,151511,155825,168790,177820
2446,17617,27087,36671,44952,53398,63214,66093,72391,79263,89749,101025,108247,115766,124384,135416,143060,151335,159130,166803,175669
2447,20140,30432,38558,47769,58782,65782,67384,74218,79700,87533,98256,108737,115274,123222,135535,142988,150967,158351,166260,177175
2448,19478,24484,34874,44096,50767,63858,66059,72923,79600,85787,98402,104709,115656,123322,135816,143279,151534,157281,168117,179967
2449,20180,25290,34543,43160,57683,64672,67188,73012,79857,87460,99680,105545,114605,123088,134495,143439,150660,156527,168025,178506
2450,20164,25183,31855,43068,49885,60744,67123,72818,79670,86023,98184,105412,111428,122564,134861,141609,149187,155120,171346,179626
2451,18741,22827,32465,41100,47514,57757,64417,70369,76336,82457,93808,103674,109639,115584,131734,141282,145903,155440,167438,179044
2452,18624,24872,32711,40622,55880,61788,63856,69987,78406,85744,92961,102613,108595,113314,131728,137234,145563,150921,166732,176071
2453,16356,22009,31071,38744,45501,56495,59375,64192,72544,78472,84352,96532,102648,119369,126720,137071,139744,151227,165132,176348
2454,16430,24388,33650,42103,52401,58495,61665,71678,79482,86537,95583,97428,113929,114789,131025,128929,147763,141826,163511,170134
2455,14102,21291,27287,37672,45517,51775,55934,68001,73085,78416,88789,89334,108901,123206,120468,138588,139624,153578,163040,169928
2456,14584,25748,29923,43088,50879,57615,60784,71324,77993,86983,97086,104021,108505,116046,120850,131802,140699,144904,160534,161554
2457,13777,23759,33647,42543,50367,59396,62125,72991,78983,86749,94479,101578,105387,115906,116156,131420,136597,146753,158744,173591
2458,13886,25275,32762,42085,54394,58820,62095,72453,79129,86487,93434,101441,103952,113543,115563,129107,135651,138976,146210,168634
2459,12542,23695,30821,39121,51899,55498,59266,69050,73811,79916,86734,96407,97549,113157,105612,128573,125086,138163,163880,167903
2460,12688,23587,36226,44894,51751,55596,58895,69105,74085,79771,86501,96293,97043,103723,105334,118159,123247,124569,156549,162226
2461,12151,23570,36781,46489,52833,56809,60081,70428,77604,83296,89832,97654,99787,103601,108290,118056,128953,124135,157204,162737
2462,12226,23193,36106,45808,52218,56281,59637,70638,76724,82452,89350,97679,99693,107006,107335,120962,128483,129636,150165,148180
2463,12271,24010,37389,46780,54144,57669,62074,75084,81239,88613,99068,108365,110562,106074,120562,119730,145448,128939,149941,148035
2464,12099,24017,31473,46854,54293,57758,62218,74314,80974,88690,99396,108438,110817,118669,120953,136313,145638,145615,136320,153966
2465,13828,25704,33985,48603,54902,60245,64381,75393,81902,89601,100236,108921,115869,119029,132463,136632,153156,146722,136285,152628
2466,13870,25929,33964,49272,54986,60246,64422,74913,81931,89602,99819,108854,115824,124073,132644,143770,153372,161224,142071,174858
2467,15430,28645,36272,48856,56586,60714,64516,76034,82722,88060,101592,109463,116308,124156,135964,144746,152272,161264,141619,175554
2468,15271,25979,35862,43881,50621,59093,66914,75421,82163,87711,101303,108865,116405,124159,135694,144296,152201,161209,159953,187392
2469,17510,30006,39758,46479,52958,64643,69354,78130,85372,92812,101943,109967,119763,123828,136818,143839,155062,161691,160582,187977
2470,17049,29908,35767,42768,48156,64633,67455,74801,80331,89161,101966,108644,116451,127316,137329,145504,154075,161082,175653,187360
2471,20002,34259,41156,46638,53526,67182,69742,76307,82782,89368,101607,109477,118080,124156,138166,145641,154731,161015,175849,187201
2472,19625,29255,37278,44215,51218,59413,65247,73486,79412,91348,101834,110026,117674,124927,136765,146010,154865,162275,174005,187654
2473,21565,32243,40285,47930,57341,62403,69682,75076,82232,92436,102934,108673,118468,124556,140041,145671,153100,161315,175179,188143
2474,21656,29877,37198,47957,53280,61428,63815,75271,82245,90029,99750,110488,119316,126566,139571,144962,154342,162710,174250,186184
2475,25224,34091,43056,53494,58811,68260,72093,81770,88872,94414,104136,110367,120058,125956,138118,145941,154268,159872,174548,180815
2476,25145,29195,40240,50270,56812,64766,68881,81267,86236,91141,103362,107907,115969,128285,135692,148592,155713,164385,176337,181577
2477,28305,32427,42991,51905,59473,69324,77023,84007,89967,97634,106069,111771,117878,126804,137411,148162,155620,162695,172996,181456
2478,27723,29285,41479,50164,58659,67745,69377,80693,89910,94124,104223,109491,116624,126080,139735,147078,155249,163235,173433,182357
2479,32842,34397,44326,55136,62807,75726,77899,87548,92958,98130,107952,113549,120723,124672,142134,147928,155904,163317,173579,181736
2480,32350,34010,41391,52639,58208,73638,75857,86821,89917,96185,105023,112580,122017,127646,139969,149057,155226,162759,173790,182725
2481,36084,37876,44007,54807,59469,79854,81277,88952,95060,100784,107405,112305,122361,130566,139795,148347,155955,163254,174123,182821
2482,35789,37448,41660,50877,56867,65760,80726,86126,91496,95329,108793,113935,122123,130109,141675,148993,156683,163702,175567,184897
2483,38767,40593,44142,54760,57999,69406,85769,90387,92175,100469,110119,115260,123559,128013,141749,147815,155933,165160,174591,184802
2484,38682,40365,41085,53661,56049,69565,85576,90083,94333,98403,106884,113200,122394,130056,140811,149154,155669,163743,177072,184868
2485,41623,43343,44205,55236,57793,65870,90097,93220,96021,99774,109296,116363,125050,127861,142319,148619,153763,163713,175610,182715
2486,41514,43521,44140,54054,58615,64659,90039,92024,95308,99545,108877,116693,124008,129331,138856,147139,153478,162432,175813,182802
2487,43903,45405,46699,56099,60959,67805,75173,97311,99414,103831,111149,117930,125251,128086,142083,145750,154567,162284,175168,183876
2488,43651,45499,46276,53508,59243,65005,75228,96790,98077,104309,108577,114747,121804,131459,141365,149154,155591,162579,175579,182271
2489,44488,46891,48066,56070,61111,66798,76114,102725,103784,106404,113223,122856,128701,130958,144191,149186,153918,163960,174288,181560
2490,44522,46578,47821,55660,59107,66695,71355,85258,104024,105970,112858,117464,128365,133206,141747,151604,155419,162144,173599,182366
2491,44092,47431,48540,57378,60746,73180,79078,86048,108836,111602,114934,118834,127712,132127,144094,147427,156321,162306,172318,182325
2492,43667,47577,48333,53917,60735,67450,75689,85736,107368,108192,113810,118639,124891,130576,144113,150076,156623,162997,173586,183491
2493,41388,44977,46146,50674,56973,64933,71686,83185,96244,98795,105662,110915,119760,131065,138267,150798,154020,163137,173636,182714
2494,41428,45275,46415,53550,59770,70421,72854,80645,96753,100268,105172,115458,120692,127730,140229,145289,155190,162051,174951,182488
2495,44372,47474,48521,56049,63158,69347,73276,85603,110060,112938,119009,124472,127345,130237,140096,147118,154316,160889,175610,182175
2496,43255,47261,48042,53269,61330,67881,71996,82476,109885,109686,117127,120444,125827,130907,140056,148917,154632,164182,176830,181305
2497,43447,46709,47708,53275,61207,68512,73588,82553,92175,108599,111731,118556,124098,127590,140340,149332,155746,164356,174133,182602
2498,43325,46711,47660,53039,60901,68314,72785,85567,91629,107417,111742,118576,124441,127495,140306,148492,155959,162647,173198,183187
2499,43264,47367,48666,53605,60586,68962,70685,83564,88515,110950,115763,121154,124618,128568,137457,146727,155874,162519,173984,184900
2500,43202,47293,48366,53466,60989,68997,71194,82687,110384,110912,116559,120856,124234,127414,140122,148996,157356,161309,174746,182992
2501,42322,46535,48185,53751,60391,67961,74130,81095,89177,110097,114404,120603,122137,129364,138219,148047,155998,164122,175601,183370
2502,42171,46358,48126,53308,59533,67517,73906,84059,86057,109369,113725,115766,123000,126996,137729,147987,155807,161938,174991,181656
2503,41112,45068,47752,52822,59237,69982,74611,83709,95341,109176,117760,118615,123627,126914,139286,145025,153411,162091,173880,181443
2504,40670,44883,47725,53163,59287,70407,74550,82151,89685,109455,117719,122469,126266,127968,139885,145302,156282,160250,172845,180211
2505,42808,46230,48990,53382,60581,69182,72410,82886,110091,110224,114844,117489,125901,127840,139310,145359,154897,160153,173902,180745
2506,42783,45986,48916,53646,60301,69005,72452,83573,91057,110887,114891,118435,126363,128787,139200,147534,155809,162519,173759,181504
2507,40739,44746,47944,53906,60577,72022,73099,82823,94063,111220,117731,121425,125181,128517,138607,146879,155744,162283,174175,180369
2508,40746,44617,48051,53203,60377,71518,73459,83114,94234,111656,113383,117805,125287,131419,140449,147050,155492,162830,175011,182089
2509,42754,45560,49217,53557,59407,69323,76179,81047,89717,112753,116527,119943,126236,131801,139418,146887,154534,160365,174819,182686
2510,42631,45480,49231,53626,59596,69493,76076,83242,87965,112503,116318,119465,123658,128806,138418,144026,153929,161325,174798,180435
2511,40578,43232,47546,52452,58532,67852,72249,80073,86445,101183,112560,116673,118933,128801,137423,146074,152721,160697,175142,180506
2512,39572,43182,47563,52308,58485,68765,71479,80209,108312,108767,113351,118575,121109,124778,137660,143254,151930,160648,173670,180153
2513,40885,44262,47387,52927,61698,70013,73438,84968,87977,97825,113877,119042,124632,125699,139023,145060,152863,161811,173410,179215
2514,41569,44254,47363,52952,61575,70096,73773,84908,89195,111105,114108,119703,123244,131095,140583,145515,154208,162372,173329,180251
2515,41182,44341,47128,52649,58229,69907,76548,84417,112006,99492,115159,117445,121242,129946,137641,145647,152201,161812,173307,180447
2516,41211,44126,47219,52477,58273,69095,76356,84126,89464,112534,115540,117931,121269,127915,135854,144263,153274,159262,173442,181355
2517,41561,44679,47613,53257,59751,71472,74023,84613,85378,96237,116758,117844,123610,127674,136670,143695,152293,160602,172595,181652
2518,41512,44711,47702,53629,59419,70004,72847,84451,87452,112452,116188,116729,122677,127983,136232,144116,152673,160741,172570,181085
2519,41092,44825,45695,53573,60824,74589,74544,86963,113049,95382,117275,117508,120195,127248,136616,143663,153750,160995,172711,179484
2520,41232,44278,46278,52766,60629,73641,74381,83030,91139,114031,117049,117237,122390,126890,135523,145293,154932,160149,172531,180437
2521,41787,45382,46690,53275,59963,73132,72472,80762,86195,93923,116154,117494,122154,126614,139825,146267,150935,160475,171901,180147
2522,41876,45190,46583,53749,59893,72800,72203,87690,85815,113199,114952,116921,122481,128159,137877,145229,152291,160761,171950,179625
2523,42704,46543,47757,54423,64051,73938,74332,85183,97991,95852,118070,122673,128399,128034,140915,146225,155459,160731,173142,179059
2524,42578,46418,47616,54137,58753,69816,74010,81702,88710,115677,115903,121092,127921,131231,138722,145273,156243,160512,172736,180045
2525,42923,46745,47766,51280,58805,70025,73725,84880,104042,96351,115836,120532,125365,131154,138820,145883,152413,160455,172894,181162
2526,42958,46953,49265,51335,58799,70137,73415,81360,89080,97655,115428,120374,125305,129707,140016,145559,152296,161210,171894,181506
2527,44810,48182,49765,53035,62591,70569,79051,85249,88485,118950,119333,126228,129066,129576,136822,145377,155882,161284,171793,181811
2528,44131,47860,49558,52855,62004,72918,77775,84400,107541,97726,119005,124631,129812,132593,142168,149721,155587,162738,173356,180946
2529,45978,49919,51108,54589,64213,72252,75656,82857,94203,96662,123080,128855,131876,134336,145441,149150,156112,162599,172604,181021
2530,45827,49361,51043,54702,64049,71843,74242,83691,90837,122228,122789,128592,131264,134915,144626,149663,156496,163387,172340,181423
2531,44962,49002,50614,53542,62650,70375,72553,83514,91143,97587,119306,125861,130087,135201,143784,149447,156018,162990,172100,181977
2532,44862,49151,50816,53393,62485,70448,72479,84798,88902,97517,119410,124422,130729,129893,136785,147797,156860,162804,173944,182321
2533,47428,51320,53736,54525,62684,71627,74578,84052,89074,98124,121266,129039,133851,132969,140564,146978,155765,162141,172810,182293
2534,46568,51604,53364,54714,63087,71850,73581,84005,120478,120887,122983,129367,133765,135641,140579,149936,155323,163311,175675,182314
2535,47398,51596,53403,54734,62533,71693,73435,79777,88788,94681,122608,126503,131374,135696,141357,149386,156139,163840,172414,181600
2536,46511,51438,53767,54502,62660,71735,73821,80333,87326,93656,122695,126590,128161,131621,140903,148377,155655,162233,173622,182296
2537,48444,52548,54768,55762,64091,71828,74145,84492,87732,123150,123853,130583,131668,130693,143910,149011,157266,163840,173792,182137
2538,47416,52513,54656,55579,63979,69371,74940,83866,85433,96185,126085,130121,131143,137108,143456,149741,156468,164222,173194,180948
2539,47568,52494,54079,55885,64206,71116,73631,84607,95580,95472,106993,127689,130380,136761,138471,149511,155728,164063,174878,182023
2540,47063,51476,54140,55876,64237,71208,74153,84039,86380,122740,123651,127922,130840,131770,144741,148207,157272,163338,172298,181725
2541,48194,51647,54316,55880,63574,71705,73962,84201,121500,100292,105149,127898,130095,134755,140862,147660,155473,162974,173886,181330
2542,47144,52023,54216,55807,63618,71129,74036,80124,86934,94083,124516,126826,131075,134383,140901,148919,155104,163206,173727,181377
2543,49453,53180,55086,56360,64699,72360,74640,80022,88259,123774,106987,128732,130720,134047,143455,145402,156219,163216,172933,182302
2544,48485,53221,55197,56764,64691,70613,75260,83527,88673,102231,125864,129626,131011,136532,144239,148147,156374,163821,173263,182210
2545,48634,53077,55092,56032,64344,70183,73227,80807,88319,94548,106299,129659,132360,136917,141450,147621,156521,161397,173550,181919
2546,48639,53261,55173,56113,63938,72254,74248,83795,111112,91572,125382,128615,132190,133611,140293,146854,155820,162942,173437,180944
2547,49327,54284,56079,56973,65176,72389,74276,81950,90001,123993,105572,130181,131465,133873,143232,146716,153818,163342,173819,180900
2548,49203,53767,56016,57137,64791,69679,74030,80646,85704,96177,125416,129428,131054,134768,143601,144428,154319,161947,173142,179671
2549,50762,55627,57574,58809,66722,72784,74664,83217,90417,97366,105446,133532,134686,134103,145138,144947,157504,162260,173869,181270
2550,50741,55668,57399,58381,63674,71573,74560,83977,86701,127448,105417,130229,134766,138209,145402,148618,157907,162513,172779,182545
2551,50045,54553,56793,57734,63483,70837,74248,83041,125588,97644,127626,128402,133105,137451,144108,150320,154595,163823,174104,183203
2552,50000,54428,56530,57747,63639,70655,73972,82477,86328,97079,104260,127999,133922,136253,144751,145171,155646,162830,174313,182428
2553,50103,54314,56820,58464,67007,71414,74213,80639,86957,95730,128214,131460,133996,135893,145408,147078,157623,162751,174230,182271
2554,50126,54377,56737,58359,64300,71504,74437,80416,89401,115944,109540,129424,133483,139542,143789,149450,156212,162208,175460,181965
2555,50685,54844,57107,59478,65411,72199,75195,85040,90828,96686,111811,131709,136245,139222,146864,149089,156471,164353,176173,181539
2556,50468,54678,56684,59311,65028,71867,75302,85683,90547,94361,111096,131744,136749,141393,147532,151960,156561,165175,175547,182965
2557,50475,54750,57140,59407,64979,71850,74920,85872,87694,131261,131715,131992,137002,139718,145935,151494,157871,164694,172407,182793
2558,50454,54883,56557,59146,65383,71410,75347,85490,129195,94289,111986,131725,136365,139176,145359,151995,157559,164526,173843,182447
2559,50566,54972,56908,59519,65324,72086,74708,81998,87964,95897,111597,132512,136845,139353,144109,151613,158486,163910,174921,182550
2560,51028,55777,57498,59215,64857,71587,74570,81901,87506,95753,105232,114231,136699,137418,145672,152328,160374,167155,174376,182017
2561,52098,56199,57752,59892,65621,72000,74738,82493,88004,133171,133659,134135,138027,137207,149118,152642,159535,165129,174384,181628
2562,52150,56416,57971,59424,65635,71894,74707,82006,90633,98079,105301,115482,137281,141408,147762,153554,158439,165757,174228,182295
2563,51490,56314,57515,59132,65019,70889,74376,81603,90191,96780,105846,133243,136346,139605,144781,154188,158682,166476,174968,182037
2564,51390,56269,57450,59027,64580,71339,74739,81587,90017,95792,108638,115287,136133,138341,144386,152272,159594,164946,174529,183323
2565,51546,56264,57700,58889,63794,70973,74434,83746,91051,92915,132956,133443,135205,139292,143701,151287,158265,164649,174047,183534
2566,51495,56304,57445,58832,63935,71008,74052,82661,100064,132053,111575,125465,136078,137999,142928,150820,157520,165270,176670,183542
2567,51793,55999,57785,59171,64528,73201,74339,85024,91026,93483,104820,125366,135853,138134,143863,150341,158307,164806,175776,182642
2568,51138,55471,57749,59006,63764,72876,74258,80801,92802,91543,119398,115237,135552,138675,146198,151982,156761,165798,175065,184805
2569,51703,55540,58061,59123,63847,71901,73992,97556,90565,132132,105368,133076,136339,138412,143389,151884,153649,164211,174883,183270
2570,51992,55735,57904,58961,63393,72893,74066,81275,106513,96762,131643,132979,136265,138755,143988,148633,154014,163216,175648,182369
2571,52572,56622,58352,59320,64084,72167,74154,80962,91568,91520,113830,116470,137984,138748,145215,148562,154230,163016,177369,181027
2572,52184,56217,58185,59520,63526,72085,73265,85136,90001,91730,108230,133378,136654,138873,144389,149281,153579,162736,174062,182483
2573,54227,59166,60414,61650,66087,72117,74810,81963,90442,137856,112632,117637,142606,138639,150080,149649,159894,162517,175703,181390
2574,54622,58994,59980,61473,65898,73291,75388,81407,86996,97444,112709,138969,142649,144161,150164,154082,159847,166246,174833,181549
2575,54951,58869,60789,61875,65860,71645,74052,82205,136213,96179,104878,119142,142627,144079,149566,154291,161474,168494,174570,181557
2576,54719,58690,60503,61923,65530,72739,74518,81586,90590,97936,137410,122448,142248,143956,149954,152827,161743,168138,172982,182438
2577,55636,59022,61650,62295,67031,73061,75960,82542,86324,95554,113898,117687,144641,144007,151776,153728,164232,167846,173933,182869
2578,55632,59236,61495,62349,66371,71988,75567,81028,85518,139114,112382,142401,142790,146040,150928,155434,161041,169214,176029,182840
2579,55300,58618,61212,62547,67553,71639,76134,81924,86145,96949,113446,123214,143918,145920,150902,155614,161391,166943,176095,184510
2580,54736,58856,61108,62110,66461,71495,75958,87776,86661,96072,110686,123564,143458,146646,149475,22,160707,168335,22,184150
2581,54980,58327,60691,62524,65990,70889,75685,82045,86419,96331,111824,115674,143096,146411,150120,154677,161127,169052,176293,186077
2582,54828,58684,60702,62662,65944,70814,75425,81751,139394,95739,111525,121651,142758,146228,149150,155616,161907,168581,175602,183772
2583,54684,58601,61047,62688,66906,71360,75684,81836,95082,138839,111522,142166,143005,145859,150322,154129,161693,167929,177236,182762
2584,54752,59169,60422,62639,66748,71451,75068,87302,91011,94414,139723,120970,143245,145881,152673,154660,161635,168048,177366,183146
2585,55888,59663,61586,63473,67200,71319,75034,81799,87809,95468,106473,115312,144675,146392,152012,155687,161645,167277,176301,183401
2586,55391,59713,61534,63580,66896,71125,74937,82066,87853,95410,112767,115923,144898,148310,152245,157471,162796,167318,177880,184332
2587,55478,59677,61023,63019,67161,71894,74929,82891,88495,97544,109045,144660,145995,147283,152134,154928,164157,165874,176080,184755
2588,55899,58980,60688,63183,67294,70728,74795,84592,86656,140909,111073,121450,132407,148575,151478,155631,163032,168725,175752,183663
2589,55371,59151,61387,62458,66873,71840,73587,82919,87256,99798,111380,116838,141745,147891,149047,156111,159937,167047,177012,185498
2590,55625,58648,61131,62153,66947,71897,75578,82297,87712,93290,108611,119969,132007,144038,150464,158132,161120,165249,177155,184696
2591,54461,57897,59773,60893,66115,72011,74855,82817,86664,96019,135335,136987,129467,144149,147961,153872,159134,165622,180069,186523
2592,53880,57710,59299,60893,65712,71593,74890,91908,120560,100358,109001,122463,140841,143363,148409,153527,158177,164669,179674,184525
2593,56523,59838,61737,62696,67024,72619,75321,83839,91040,99028,113737,124994,135315,142962,150645,152396,161595,165046,179093,184727
2594,56411,59739,61728,62884,66982,72615,75463,82708,87113,96613,112534,118624,129862,146921,150829,153850,163104,166479,178993,183317
2595,54688,58009,60220,61150,65884,70690,74805,81918,86372,133998,109916,136877,139266,147308,148940,156975,159983,166692,176753,182994
2596,54769,59195,60247,61203,65984,71946,74443,83106,87035,99651,111477,119021,134393,144521,148848,156293,160073,165680,177480,185629
2597,53624,57906,59210,59950,65134,70666,74373,83251,87630,98356,120761,117995,139979,144404,147519,153394,159847,165834,176363,185238
2598,53728,57771,59101,59912,65117,71116,74017,83144,130421,96405,107064,133792,134610,142378,146997,155590,161845,166206,175992,183675
2599,52267,56384,57523,59192,64839,70764,74747,81625,90296,94778,130919,116621,131468,140885,146984,153371,159096,166673,176580,184061
2600,52137,56568,57663,59255,64678,71134,74229,83329,89899,128634,113861,133456,138768,140962,148337,154285,159048,165089,176166,183054
2601,49809,54499,55868,57317,63225,69805,73614,82056,88813,93927,109229,113667,125452,140937,146892,153002,159033,167296,178359,184136
2602,50330,54620,55575,57459,66061,69574,73427,80266,89188,94013,106796,131018,133219,137592,145932,152823,157784,165227,179107,181868
2603,49720,54051,55356,56702,65356,71830,73540,81906,91265,95337,108351,117681,130194,139307,146746,152315,159165,165816,175355,183412
2604,49745,54347,55258,56756,64986,71568,73830,110793,91035,124146,125550,127350,130782,136811,146762,151940,158104,163948,177776,183516
2605,48130,52179,53555,54779,62554,70358,73613,81067,88779,94301,105814,123418,125234,136944,142418,152175,155094,166385,177691,183444
2606,48511,52299,53595,54601,62529,70065,73312,84126,89005,93638,119746,122390,128994,131021,143272,152046,157586,162751,175177,182714
2607,47645,51366,52677,54035,61449,69358,72791,78925,90708,117462,109038,124210,126454,132964,141732,148780,156296,162906,175662,182726
2608,47690,51558,52374,53819,61458,68639,72572,84669,116150,94582,117532,123727,126694,129634,139180,150131,155860,161069,175541,182052
2609,47676,52172,52887,54027,61721,70332,73922,84312,87947,118547,119663,124400,126347,131363,142814,147929,156337,162827,175285,182029
2610,47693,52051,52851,53861,61594,69862,72965,83900,87540,94312,109143,124475,126290,130239,141224,147649,155189,164559,175162,181221
2611,46111,49670,50852,51509,60626,68825,71745,83707,87600,95854,114362,119635,125957,129210,140515,148760,155631,162111,173621,181090
2612,46075,50043,50781,55943,62433,70830,72862,84585,87408,112590,117052,121955,126809,128499,140886,148804,155505,162736,173463,181675
2613,45709,49786,50713,55522,62502,70288,73375,82661,112536,104445,105616,120526,124572,132185,143285,148288,155290,162211,173763,181845
2614,45761,49825,50770,55248,62787,70287,73285,82569,87606,99319,116638,120936,129689,130479,143809,148049,155437,163060,172790,181310
2615,45256,49229,50334,55128,63685,70482,73247,82935,87462,113020,116567,121497,126141,130089,141176,148430,154831,162450,173489,181678
2616,45584,49320,50223,55233,63641,69836,73235,82859,87405,96088,116710,120963,121616,127585,141840,148452,155711,162935,173675,183092
2617,45317,49192,50232,54778,62444,69920,72902,83549,113317,113317,117985,117566,128138,130202,142719,148298,155239,162879,173285,182069
2618,45249,49002,50105,54515,62916,69707,72594,83945,87722,96051,104535,116278,124497,133623,142690,147827,156237,162337,173585,182106
2619,45400,49343,50682,54996,63531,70373,72302,83333,87554,113871,116348,120132,128562,133269,143682,148425,155183,161714,174198,181240
2620,45567,49157,50473,54844,63906,69548,72169,83565,88224,96783,116280,120653,128615,132982,143172,148561,155019,162370,173814,182177
2621,46628,49612,51154,56191,64431,70154,72877,83413,116539,116991,119237,120187,126595,134305,144182,147775,156516,162675,174777,182155
2622,46161,49988,51301,56683,61271,69907,72531,83143,87801,93406,116958,119698,126032,134649,143195,149171,156282,163728,174510,182656
2623,46451,50322,50971,56004,60992,70774,72245,78624,87939,93222,107944,118670,125323,134223,142620,149630,156195,162944,175367,182380
2624,45898,50204,51321,55846,61054,70539,72035,79310,88281,115877,115877,118350,124966,134987,142874,149288,155724,162121,175732,181422
2625,46278,50659,51868,57030,61786,69716,75480,84516,85790,94741,117062,119416,125684,135159,141148,149149,156273,163567,173492,183105
2626,46001,50761,51621,56817,61733,69779,75262,84085,115929,116395,117021,120815,125710,133266,141356,149043,157198,162949,174037,181783
2627,46515,50792,52132,57014,62388,69882,74954,83722,88831,94418,107807,122580,128291,132461,141124,149058,156228,163232,176765,181743
2628,47012,50571,51822,57188,61556,67746,74416,82310,88965,115876,117060,124091,129791,137460,140929,148687,156590,164013,173731,181934
2629,46932,50593,51805,56790,61512,69473,72892,83493,87970,94819,117196,120334,131310,137107,143635,147208,156843,163998,174137,183814
2630,46767,50504,51810,56535,61645,69813,72698,83772,88469,115869,110161,122007,128644,135801,142772,149086,157538,164168,174518,183647
2631,46059,50343,51452,55864,60819,70613,73611,83894,114916,93760,115871,119933,125375,134608,140612,148494,155606,163268,173608,181715
2632,46092,50201,51231,55966,60748,70325,74354,82999,88615,114414,117616,119322,124332,129248,143673,149190,154407,160919,175301,182728
2633,47685,50727,52222,57524,64125,70314,72897,83803,88090,99209,121280,123071,127337,134365,146791,149843,156879,163933,174590,182351
2634,47618,50794,52119,57487,61739,68907,71913,83435,87638,97720,108245,123986,128225,134271,144238,149019,157023,164765,175662,183369
2635,45790,49935,50450,55738,59946,70659,71586,82438,93665,113634,110353,119851,129306,135333,141117,151293,156599,163602,174420,182869
2636,45917,49778,50679,55736,63023,70952,77398,83652,96668,99943,117993,120024,128213,133407,143782,151272,156850,164184,173683,182882
2637,46619,49450,50350,54838,62022,73293,72365,83597,88383,95812,117444,119647,124178,134682,144492,148562,158804,163391,175543,183014
2638,46246,49001,50155,54763,61633,69075,72419,82616,112716,112807,107632,119113,127784,135558,144674,148537,159219,165629,175056,181868
2639,44319,47607,49201,53247,60808,69779,71426,81879,87279,98563,114303,116719,125661,134835,142925,147792,156296,164632,175456,181802
2640,44998,47623,48993,53224,60946,69708,71015,81864,88408,110195,114156,120504,126989,134040,141794,147740,157956,164173,174383,185362
2641,45193,47854,49138,53481,60803,69550,75635,81389,89378,98555,116703,119997,126371,133357,140712,148027,156211,163504,175729,184845
2642,45170,47904,49201,53215,60418,69287,75889,81677,93867,110277,115496,117238,124377,131367,141485,148195,157717,163655,175457,184252
2643,45253,48673,49620,54285,60757,68318,74372,82913,90576,98213,117090,119749,129138,130802,142437,147055,157180,162655,177295,183081
2644,45321,48239,49633,54485,60947,68341,75047,82725,111522,112885,110203,121489,128966,133426,142462,149624,157499,163467,175613,183157
2645,45445,49469,50261,54921,61074,68879,73694,84284,88586,98004,118742,121646,130205,133618,142818,149506,156502,162701,175841,182050
2646,45858,49388,50213,55192,61119,68524,73095,84285,86936,99290,118900,120993,128011,134807,143302,147580,154878,165727,175448,183989
2647,44324,47582,48617,53104,60313,67052,75843,80535,84047,107774,106920,115988,122420,134114,141097,148336,157276,164226,176376,182425
2648,43959,47572,48475,53144,59049,67037,75260,84169,106447,107717,111643,118237,126172,133971,140754,148702,154964,164376,174232,184539
2649,44654,48292,49359,54387,61495,73023,73793,81792,91787,98177,116918,121053,125013,131316,142075,147124,159075,163852,176486,184699
2650,44662,48256,49299,53907,61444,71306,74503,80412,87563,112828,116046,121553,127241,128777,143129,150291,157958,163962,175909,184089
2651,44555,48257,50052,54251,61353,71815,74911,83311,110139,95884,115972,118015,125737,129633,141868,149460,155194,163685,177079,183918
2652,44454,47676,50020,54223,60930,71436,74317,82868,87533,110538,116061,117442,122676,131037,139047,146714,155178,162354,177226,184710
2653,46416,50150,52318,56550,63305,72643,77130,85430,85881,101675,114534,123206,129230,132405,140586,147793,158095,161646,177056,182020
2654,47182,50277,51303,56712,60767,71829,77533,84192,91899,98103,112458,123053,127534,132454,142580,147116,156623,164309,176731,182362
2655,46223,49763,51015,55728,60047,68018,75147,86643,113330,113973,116021,121006,127682,134296,140716,148840,156644,162703,177742,182703
2656,46250,49228,50669,55650,59955,71871,75855,83834,88326,96222,119549,120916,127848,132748,142136,148577,155484,162854,177822,183501
2657,44887,48316,50104,54998,58771,71488,76525,82573,88393,110039,107239,120114,125529,133027,142846,147677,155213,162318,174490,184079
2658,44993,48331,49607,54510,62326,71097,75962,81073,88200,94060,115074,120491,126117,130058,142438,147564,156455,163020,175078,183280
2659,45143,48787,50822,55365,62899,70755,75351,82812,89096,112061,118129,121186,125095,131856,140621,147848,154968,161869,175099,182406
2660,44963,48646,50871,54878,62807,70521,74940,83328,111835,98358,108143,120871,124260,128377,141336,148664,155326,163149,176793,182999
2661,44844,47799,49550,53571,60895,70852,74756,82574,87244,110498,116800,118086,123099,130821,139018,147837,155047,162246,174918,181599
2662,44727,47647,49372,53571,60823,70416,75106,80712,86777,93420,116263,118388,122725,128733,138358,148327,154522,163129,175006,181703
2663,45244,48161,50309,53768,61418,69357,74788,84551,83687,115601,118395,121404,124537,127744,140211,145461,155758,161294,175461,182256
2664,44033,48446,50444,54371,61449,69592,73989,80029,114288,97762,108843,119963,124890,129001,140376,145869,153983,164063,174972,181683
2665,45505,47965,50166,54366,60543,70365,75682,86154,86233,116048,120443,122235,123383,129009,138212,146958,155089,161908,175126,181650
2666,44727,47865,50065,54372,58055,70291,72163,79024,86219,95334,106524,121979,123682,128777,137344,145553,154536,159590,173234,182736
2667,45654,48944,50701,55470,58716,69810,79716,106276,117485,117485,118777,123585,128728,129116,138000,146505,153728,161654,173990,181872
2668,45832,48588,50362,55304,58711,65501,79281,85586,90406,95255,117952,123125,129126,131974,138633,145969,153205,160939,174814,180966
2669,49131,51901,53312,58151,61877,68785,80280,89648,94687,100261,113184,131764,136543,130129,143733,146815,153337,160626,174811,180385
2670,48451,51897,53051,55007,61274,68040,75564,88613,93552,124400,111075,131576,132772,139702,144353,146403,152843,162119,175347,180626
2671,49764,52797,53841,56438,63376,70657,73653,86389,92078,101284,130158,134444,136617,137767,146930,148616,157208,160312,171889,180309
2672,49297,53406,54380,56389,63714,68280,71563,85234,89620,96680,110400,133896,134976,141536,145715,146991,156510,163151,171970,181029
2673,49925,53600,56340,58311,64860,70011,74562,81445,90403,99589,111945,137288,138680,141501,150787,150228,160557,163317,172758,181131
2674,49644,54075,56172,58339,62720,69811,74832,81809,89606,98551,110395,134364,138707,144178,150700,150364,160406,165052,172697,182257
2675,47717,51101,53893,55952,60512,68800,73309,82512,88257,126280,107684,130486,133888,139598,145056,153550,154188,166157,172584,181769
2676,46989,50940,53975,55897,63313,71458,76208,84463,103794,102640,128125,131395,131528,134555,145381,153997,158183,164298,171772,182706
2677,47270,49923,52861,55992,63545,71583,77314,85534,89271,98277,112091,132822,133565,136929,144639,149810,157598,164040,173787,182477
2678,47043,49935,52299,55623,63167,71281,77137,85312,89351,102892,110181,132485,135491,137620,144176,151536,160202,166617,175637,181193
2679,46380,49640,50607,54663,63093,71561,73785,85389,93488,99041,111570,128811,133974,136416,144661,150389,160401,165913,175051,183390
2680,46263,49625,49946,54658,63050,71829,73772,85470,98109,98480,126012,131954,133881,136476,145061,151658,159879,165718,175002,184191
2681,46363,50078,52994,54698,63038,69975,74399,84536,90483,102911,115472,125964,130824,137185,140833,150865,156108,165010,173461,183736
2682,46200,49941,52661,54114,62850,69950,75037,84556,89441,111208,109781,125834,131149,135381,140874,148823,155061,164787,174376,183485
2683,45882,51110,50721,53579,61392,70393,71965,84539,115473,95341,104827,123887,128195,135969,140679,148399,155123,164751,175518,184987
2684,45516,51004,51153,53650,61023,70150,71636,84765,91077,118029,119246,123578,128738,131456,140537,147416,156839,162055,174507,182811
2685,44252,47769,49029,53297,61129,68286,70804,83756,91237,96256,110125,122692,123764,133480,139966,149420,152875,163324,174817,183111
2686,44090,48068,48891,56022,61062,71790,74488,83629,89219,98118,118435,121502,124411,131127,143576,149621,156742,162311,175731,182811
2687,44376,49176,50424,55734,60609,73831,75211,84130,89652,117600,115876,124151,127581,134448,142412,147977,157754,162709,176239,181896
2688,44295,48695,50292,55026,60776,69395,79353,84166,89462,96958,108324,124623,126932,129816,143115,145429,155906,163121,175314,183058
2689,45436,48768,50484,55448,59277,71334,74281,83808,90545,96460,120515,124090,126506,130886,139092,148854,157482,165014,174310,181694
2690,44865,48944,50564,52984,59312,68705,74403,81206,114212,118634,111256,122294,126362,129536,139702,149730,154504,164050,174824,183713
2691,43890,48571,49794,51624,58265,66148,71202,80195,91194,93802,115736,119411,122962,130131,139272,146682,153779,163506,173252,182568
2692,43802,48900,49905,53624,58207,69066,75193,84144,88210,106361,117399,117954,121715,127577,138543,146752,153614,162060,173706,183271
2693,43758,47702,49009,53685,57479,68403,73261,80338,88132,101301,109054,119217,122484,127754,139607,145947,153511,162095,175068,184006
2694,43801,47888,49427,53477,57256,68823,74125,80507,88102,114669,118198,119733,122308,126653,139714,146186,153550,160778,176334,180593
2695,43089,46722,48346,52478,55950,69301,72464,80840,113140,97988,116363,118235,121844,127844,136820,147204,152131,158125,176537,180258
2696,43368,46782,48255,52493,59018,68569,71504,79057,87381,96470,108298,117799,122080,125522,137813,147773,152874,157544,176140,180717
2697,42430,46332,47340,53005,60721,69454,74135,80952,86388,114954,116894,119567,123160,126845,136926,145207,152370,160947,170393,181192
2698,42257,46312,47874,52347,57581,69119,72238,78692,86500,97092,116573,119976,123017,128765,135553,145210,152461,160828,172666,182093
2699,41040,45701,47267,51319,56278,68609,71679,80121,113925,114608,118145,120096,124458,127976,136412,144446,152884,158884,173384,179245
2700,116,117,117,117,117,117,118,118,118,118,118,118,118,127594,118,144969,118,158499,172194,175219
2701,40745,42564,45657,49274,51371,53403,62156,74473,83835,91427,99890,108244,116345,118,129182,143432,134400,118,173004,176583
2702,41514,45257,48090,58879,75321,87691,102651,114457,116066,117138,118574,121546,123588,120249,137195,118,153485,136673,173533,177360
2703,41953,46364,49367,60071,76484,97583,117244,117633,119530,119824,120646,123421,125429,127539,136366,132174,152988,160860,172084,118
2704,42103,46706,48791,52144,76480,97337,97505,117747,119723,119973,120662,123462,125018,131492,136376,144791,152297,158348,167763,142647
2705,41812,45284,49340,51580,59058,68022,73075,83080,114504,116870,118651,120470,124399,127221,135699,145791,152997,160178,168651,177718
2706,41580,45296,47694,51483,58985,66771,72089,79184,116467,116839,118284,120599,124484,126164,136046,144757,152828,155777,118,180603
2707,44272,47697,50314,53572,60794,68913,71467,80586,87873,122318,123532,124977,127245,129502,141874,145981,152931,156773,140134,178532
2708,43791,48138,50067,53599,61090,71318,72759,79260,91732,121810,122893,124067,125628,129015,141981,145382,152678,158265,165482,180286
2709,42231,48441,50836,52811,59746,69609,72630,82264,82378,120308,121136,122028,123452,131060,140092,146059,152601,160242,171115,180682
2710,41792,48484,50848,52926,59285,68761,72864,78673,85661,96540,120666,121948,127609,128076,139504,146389,152230,159533,171240,179565
2711,45333,50834,52453,54603,62264,69852,74872,125910,126080,98915,127565,129131,132896,129304,141677,145246,155012,159495,168126,180504
2712,45324,50576,52298,54592,62154,67245,74607,84796,90471,96488,127902,128662,130043,134373,139003,145159,154687,162279,170119,175812
2713,43457,50290,52065,53734,60936,66881,73947,82756,86091,124963,126175,127840,128424,134911,139710,147855,154706,162888,172224,178728
2714,43056,47473,52057,53667,60890,69297,71536,83751,88300,99180,126125,127932,127674,130221,137573,144707,153520,160273,165885,183784
2715,44751,49592,52550,54661,60915,71837,76777,82796,86316,98060,128424,130036,130467,129908,138792,146671,152691,160003,164726,182086
2716,45850,50668,52617,54350,60862,72881,77697,82752,88686,97786,128217,128968,130762,132508,139065,146869,154063,159492,162544,179022
2717,43937,48857,50421,52576,59572,64245,73434,78413,120736,122606,105256,124889,126432,132354,137185,147283,151042,160243,173932,179251
2718,42532,48662,50027,52418,58457,68578,74135,80470,87796,97798,107013,126450,126285,127646,136713,147181,150816,157378,175814,179382
2719,43146,48838,50234,52604,58781,69022,70411,76732,85122,99432,123317,124311,125683,128469,136990,144051,149467,152660,170818,179773
2720,43160,48532,50458,52342,58202,68659,71414,81817,85230,102984,107300,123576,125326,127820,135702,143885,151714,155351,171098,174049
2721,41714,49381,51435,52810,59382,68340,71502,79537,88022,96998,124205,126737,127833,127031,136440,141142,153601,158763,170651,173395
2722,41698,49181,51292,52834,59478,68302,71529,77523,122583,123447,108884,126980,126877,128304,137970,141663,152305,159305,171813,169557
2723,41297,48434,50592,52182,58067,63857,70378,77659,84372,97513,108402,123416,124376,128667,136614,143103,148222,157490,166310,169280
2724,43283,48760,50734,52279,58669,63709,70971,79207,87212,97315,122073,123241,124280,128428,137320,143243,149633,152046,164468,174752
2725,42103,48977,50310,51396,57955,64432,68105,75950,86179,95991,109712,121423,123526,125935,135757,142345,149827,155729,161315,175075
2726,42133,48890,50045,51409,57807,64736,68012,117014,88373,118704,119633,121251,122977,126228,135898,142166,150776,155637,162410,169402
2727,42851,49319,50327,52481,58837,65763,69248,82365,119163,101662,110267,121829,123800,126467,136424,144238,152032,158502,165214,171335
2728,43646,49009,50220,52184,58834,65582,69324,77071,87858,102589,120370,122114,125573,129732,139440,144219,151983,157697,166842,169832
2729,42843,48272,50474,52268,58958,65502,69319,77019,84908,95556,106719,120737,124740,127723,137606,144929,152580,157743,161518,171467
2730,45014,48224,50912,52260,58702,65913,69363,77641,85332,117938,119246,120904,124761,125833,137548,144785,151985,158168,160142,179002
2731,45093,50924,52586,53675,59903,67450,91856,77302,121598,95362,111481,124738,127061,126031,139351,145617,152766,157663,164235,178773
2732,46457,50653,52503,53573,60686,66619,69443,80913,87695,100776,123646,125297,126243,131767,139218,145929,152416,157072,164557,178027
2733,45249,50212,51582,53295,61345,70123,70103,78956,84679,121068,109065,124474,125441,132763,140832,144979,152040,157589,164636,177868
2734,45662,50004,51597,53413,61169,67218,70863,118634,87511,97125,109052,124007,125216,128451,140051,144706,151651,160107,166281,176412
2735,47948,51415,53323,55105,61998,68529,72611,83299,86938,100244,128710,130605,132111,130612,143817,144221,155296,159541,170317,176076
2736,47407,50603,53685,54995,62341,67239,71611,78061,126096,99627,108579,130873,131844,133778,143028,145313,153814,162067,170838,176955
2737,49518,50853,53993,55800,63284,68218,72080,77406,84461,130219,109171,134759,134608,134176,144414,146948,153368,159693,168702,177295
2738,48395,50736,54008,55655,63166,68971,71813,77870,84242,96036,130903,131094,134208,139761,144914,146539,153999,160869,168744,179226
2739,48808,53209,54116,56643,63657,69027,71245,81743,91503,98231,111921,132740,136195,136146,144973,147907,155944,160014,169258,179516
2740,49086,53053,54547,56655,60377,69061,71682,81016,90413,96473,106945,132545,134734,136601,145495,149051,155297,162844,168285,179695
2741,46609,50147,51610,53246,57932,66052,70394,77229,85760,96730,106719,126274,129132,136198,136581,150818,154754,161522,171009,180494
2742,46557,50472,51385,53094,61322,68688,73915,77760,123015,123125,124772,126896,130026,132857,138896,151330,154956,161523,172403,180999
2743,46523,49412,51508,53471,61408,68683,70791,80807,92447,100217,109633,125266,128078,131987,137966,145293,153551,162512,173570,179617
2744,45592,48774,51371,53062,61380,68593,79654,120290,85580,99915,109445,126348,127499,129501,137926,145866,154302,160519,172158,181095
2745,45056,49608,51603,52814,60789,70614,73609,82653,90031,99745,124143,126159,130824,130553,137979,145923,154647,161653,173826,180760
2746,45967,49700,51331,52580,60539,67711,73151,85182,86389,100482,113220,127572,130960,131962,138120,143603,152789,162005,172542,179972
2747,44780,48333,50158,51776,59795,67169,71160,78435,82764,119947,107154,123920,127712,131241,137200,146761,153488,162312,172224,180199
2748,44583,47027,50165,51937,59690,67114,69981,84105,118511,98079,121552,123036,127174,130671,139076,149179,153541,161150,172374,181990
2749,42748,47338,50198,51171,59767,66622,70030,80228,91933,101604,110788,122118,123148,131778,138524,148216,154902,160798,171309,180704
2750,44945,46546,50052,51488,59827,66796,82042,80412,90722,101264,110561,122393,123185,128121,139952,148364,153444,160576,170280,178499
2751,42912,46446,49665,51841,59879,67967,73672,80326,91858,101196,120605,121740,126501,128759,138975,146199,153034,160757,171440,181010
2752,43149,46501,49558,51650,59954,66485,74631,79959,89053,118466,110157,123093,124862,127541,138756,145879,154925,160511,172808,180471
2753,43914,47731,49386,50840,58374,66003,68414,83843,82797,99512,117680,120018,122036,127701,137165,146365,153316,161295,171115,180632
2754,43773,47423,49315,51451,59066,65627,68682,84885,115387,100027,108520,119917,121998,125472,137287,145896,153949,159701,172177,180741
2755,42797,46581,51261,52848,60869,66018,70205,78294,95108,102436,121156,123328,126498,125193,137739,144210,152402,159960,171834,178797
2756,42671,46537,51431,52693,61127,66604,77019,80413,83574,100327,111858,123446,125517,128860,137953,144937,153522,160582,171551,179432
2757,44627,48299,53313,55479,62571,68293,72134,89579,93840,128253,129137,130600,132647,128012,141180,144845,153179,160862,171983,179479
2758,44133,47995,51194,55081,62528,66976,69816,82988,87080,98634,111784,129856,131651,134128,140339,144937,153188,162098,171440,179497
2759,47055,48973,53849,56466,63771,68396,78089,84653,87950,100340,113948,133599,135876,134924,143254,145216,154802,159438,170129,177161
2760,44897,48835,52506,56283,60652,68310,70691,83574,131714,100882,110222,133356,135601,137327,143167,143921,155497,160973,171035,179382
2761,48252,50588,55133,58364,62552,69772,76177,82055,95739,103186,112237,138552,140130,137286,150019,148070,156731,160017,171082,178833
2762,48786,50546,54416,57444,62558,69372,75301,80084,86085,104131,113793,138104,139467,141884,146223,150315,156911,161204,170909,179886
2763,49028,53684,56015,59116,63615,71074,79091,86635,90213,103738,112212,140311,142636,141040,152362,152932,159683,162578,171854,179523
2764,48703,52448,55565,59006,63560,70845,73748,84389,90653,101403,111410,140330,142817,143484,149800,151844,161988,166234,171669,180625
2765,50224,53745,56163,60045,65682,70797,77977,83959,88323,102177,140108,141677,143060,143499,149471,152260,162890,167239,172406,180086
2766,49502,53706,56029,60082,65436,69269,72740,84701,88417,103457,115337,142279,142598,144467,150866,152282,161508,167380,172785,183443
2767,52462,54522,57141,59627,64743,70069,72301,83288,85797,100970,112410,119850,141458,145878,147881,155904,159103,166142,172550,181447
2768,51215,55352,56941,59705,64869,69935,73995,83413,88009,111073,112965,117591,141802,144712,148912,155192,161424,165790,172829,183210
2769,52211,54124,56733,61216,66395,71177,74370,80741,118219,100387,113752,115059,140998,142213,149060,156531,156006,164041,174346,183014
2770,50272,54873,56922,61249,62267,70990,73791,83677,91576,98685,113153,138374,140473,144454,148899,155143,155925,166175,172750,181413
2771,51840,56077,57651,60642,65652,71208,74458,80208,90004,133783,109440,118019,138835,142808,147955,156328,156228,165098,174956,181850
2772,52349,55684,57525,60547,65295,70298,74586,80797,89643,108086,112440,136762,138483,140216,147345,155006,156783,161870,173402,182082
2773,52210,55862,57953,60589,65447,70361,74566,80356,92792,102080,114490,119432,139232,139680,146662,150706,159559,161944,173013,182730
2774,52512,56393,58010,60557,65044,70393,74515,80881,93950,102538,114117,120078,138946,141080,146146,153350,156209,163383,172003,182196
2775,51521,56135,57673,60361,65318,69974,73887,79250,92423,101219,113621,133883,136918,143240,143380,153850,157126,163067,172487,182057
2776,52867,56195,57746,60236,65582,71669,73834,80087,86123,105484,113266,119886,136788,137127,144603,152405,156923,163883,174928,182244
2777,53112,56743,58778,60842,65922,71620,73945,83927,86973,98370,111938,120270,139608,137479,147810,148478,156311,163834,173397,182273
2778,53158,56793,59053,60302,65361,72205,73689,79829,133417,103620,110950,136434,139112,141145,147263,149664,156443,161883,174465,181085
2779,55929,60300,61521,63847,68401,72177,75141,98291,95626,101483,118184,127143,146455,142741,151079,151348,160989,164243,173610,180107
2780,54419,59070,61385,63789,65594,72677,75189,81039,95751,106405,115316,124351,145124,147762,154448,151813,163008,167414,174209,181420
2781,54710,59221,60859,63134,64910,71596,73973,81282,87621,106249,107238,117016,139351,147525,147709,155797,158691,168382,173000,180179
2782,55130,58925,60697,63074,67521,71561,74554,81691,88109,106617,136290,123460,139864,142351,147672,155549,157774,163915,175068,182389
2783,56746,60857,62572,65175,67523,72562,76010,83220,89252,98613,119433,127819,151925,142044,157884,153863,166886,163828,173715,184062
2784,56159,60985,62505,65256,66604,72184,75976,82287,89378,97988,114522,120367,151798,153638,158292,154049,165461,174200,172158,182913
2785,56845,61200,62765,64658,66025,72121,75893,82009,85961,103595,116523,136117,133395,152876,154528,159112,164600,174020,176317,183537
2786,56662,61449,63075,64941,65855,72043,75936,82905,88877,101957,111689,124953,133540,149354,155800,160957,161317,171085,175941,191306
2787,56567,61373,63189,64600,65615,71177,75131,82514,93414,102226,106843,121536,128656,151021,152177,158559,161671,170765,175377,188759
2788,57124,61109,62704,64583,68159,71479,75269,81696,88542,103068,117214,120446,144100,146486,153640,157973,162002,169162,177243,188054
2789,56393,60413,62403,63949,66673,71036,74552,82242,92764,92768,106847,115219,130727,149514,148776,156574,159484,168684,181188,187100
2790,56261,60393,62237,64112,66844,72158,75434,83077,89906,133853,112799,138008,127150,144510,149575,158148,160710,167071,180852,185361
2791,55542,59948,61632,63527,66395,72122,75354,82471,130886,93233,112756,123167,138871,142708,148594,155602,158418,167284,179897,186205
2792,55421,60368,61387,63110,66855,72670,74853,86674,91993,94475,106845,118614,138548,142355,149207,154917,159031,168552,181421,186217
2793,53808,58417,59896,61323,65728,71743,75474,82296,88625,93809,120770,132496,131291,141889,146570,152603,158054,166656,178973,184022
2794,53692,58263,60195,61283,65990,72238,74442,81631,88531,126772,118297,112711,135103,138834,148801,153340,158730,167075,179330,183256
2795,52317,56681,58849,60045,65045,71933,73818,82565,90601,96400,112109,129106,132385,138542,143629,152000,156312,166707,176243,186320
2796,52865,57230,58653,60063,67118,71857,73958,86209,92492,98887,108066,129514,132126,136232,142400,151906,158115,164363,177317,184839
2797,51118,55596,57170,58016,65308,70990,73489,80992,85268,95384,106968,115216,131510,136322,141049,150110,155684,165479,177578,185368
2798,51519,55409,57079,58281,65566,71897,75365,83009,92250,122074,124121,127853,131713,134849,142656,150507,157088,163070,175802,183302
2799,50231,54146,55685,55734,64349,72054,74538,83489,84948,90632,111727,127485,132303,134746,141987,144709,156190,162813,176805,183284
2800,50272,54106,55664,55838,64392,72348,74344,81563,119064,120200,123425,127695,132016,133914,141080,148196,155364,162161,177148,182677
2801,48802,52667,54155,54023,63339,72162,74251,100353,85000,96257,116186,125637,128907,134065,140086,149820,157752,162439,175077,182513
2802,48727,53032,53743,53961,63408,69767,73899,79875,84413,96904,114528,125507,128326,133419,141624,149481,156038,162980,175621,181506
2803,47938,52135,53233,52922,62818,70935,73580,79925,92018,117106,114137,124083,127601,131042,142468,146399,156504,159905,174869,181496
2804,47946,52165,53211,58365,62989,71575,73748,79686,84322,103047,116970,125124,128061,134293,143157,147721,156033,162268,174417,180643
2805,46494,50398,51427,56610,60977,72043,73259,79631,110565,104172,112014,122004,129485,134204,141787,147148,155321,162002,174068,181560
2806,46277,50416,51748,56729,64106,71436,73611,80003,86213,98731,111463,122193,128843,134982,139956,147132,154704,161361,173623,181593
2807,46263,49505,50970,55825,63566,71109,72954,107269,92213,103006,113397,126229,130869,133875,142852,147924,157303,161980,174294,181827
2808,46234,49307,50775,55558,63660,70794,73050,80136,84599,102702,112818,126544,129030,134723,143021,150613,156166,163441,172190,183255
2809,45423,48584,49813,54581,62414,70601,71886,79549,105531,102233,114362,125571,128257,134154,143536,149473,157047,163158,174723,181162
2810,45439,48473,49749,54471,62442,70178,72766,79397,93565,109082,114191,125965,131101,134278,142966,150585,156609,163352,174565,181207
2811,44426,47096,48413,53214,60487,68396,72942,79514,86443,100980,114940,122849,129362,136379,143989,150068,156062,163610,175327,182442
2812,44418,47470,48431,57390,63588,70783,73273,79077,99520,108597,117696,122210,129438,134420,141879,149730,156322,162336,174015,183179
2813,44544,47826,48779,56355,63701,70704,72530,79140,86356,103901,116544,124204,130989,133551,146015,150233,159791,165754,173647,182387
2814,44325,47750,48790,56561,62850,70920,72850,99420,111273,108001,113512,124640,131032,136072,142350,147863,156152,163938,174359,181689
2815,44666,47871,48773,56995,63145,70903,73020,79084,88663,105704,118993,124632,129855,135746,143646,148658,157325,163894,174607,182242
2816,44677,48031,48861,56736,62545,69403,72876,79837,94858,108360,117842,124677,129906,136266,143573,149303,156827,164773,173850,183021
2817,44656,47874,49010,57026,62975,70425,72795,79388,85383,108127,119086,126691,130969,136416,147089,148893,159525,163997,174923,183201
2818,44663,47367,48738,56782,59626,70152,72799,79719,89677,98054,118253,126204,130396,137608,143945,151926,160275,166088,176119,181915
2819,45501,48586,49968,57070,60205,70509,72790,94358,104762,103657,120199,126919,131742,137063,147074,151950,157040,165893,173805,182200
2820,45284,48120,49378,56529,60221,70425,73215,80031,86330,105742,116820,126509,131631,138948,146922,152965,156988,165944,176065,182913
2821,44822,47825,49036,55764,59408,70494,73052,80229,90131,95973,120636,128224,131675,138552,143628,153087,158471,168279,175083,182853
2822,44599,47492,48613,56125,59150,69957,73019,79757,109645,99494,118642,127518,131871,137047,142797,152742,159254,165617,174940,181461
2823,44729,47842,49269,55868,59836,70439,72830,86101,88059,107323,121491,127710,131928,138634,147879,154693,159571,165264,176170,182864
2824,44871,47735,48901,55935,59725,70830,72742,80359,86614,98493,121663,128042,132521,137522,146132,151562,157684,167698,176003,183587
2825,44676,47226,48733,55864,59644,70802,72670,89098,99230,112373,121820,128037,131824,138389,145224,153695,159178,165597,175422,185148
2826,44485,47463,48452,55609,59136,70909,72797,80034,94697,105198,121308,127757,131762,137650,146652,152568,160204,166294,172785,185214
2827,44750,47313,48750,55366,59787,70872,72514,80685,98050,104556,120584,128979,133377,139062,146654,152132,161289,167596,174947,184329
2828,44625,47362,48317,54938,59755,71308,73466,90096,94875,107096,116973,128664,133065,140137,145574,152258,160274,164442,175183,187018
2829,44805,47598,48759,55808,59938,71243,72871,81853,91312,105285,118419,130624,135340,139147,147613,152644,162458,165288,175514,185701
2830,44485,47573,48803,52797,59217,69562,72762,81380,94785,99627,118316,126699,134371,140565,147047,152058,160640,167108,177675,186802
2831,44923,47918,49066,51430,59189,70089,71803,81359,95673,101176,119329,125692,135444,138425,147528,155505,159838,169783,178208,182979
2832,44960,47310,48896,52340,59489,68134,72627,81250,88065,100263,117883,126166,135185,139146,147716,157515,161327,167150,176742,187850
2833,44590,47403,48609,52456,59714,69388,71896,105539,95776,100272,119524,127683,135030,140116,148525,154620,162634,167747,179454,186243
2834,44304,47237,48712,52228,58879,69037,71573,81311,98822,116005,119472,127146,135469,141362,149124,156740,161580,166391,175425,186196
2835,44750,47666,48798,52888,59035,67712,72424,81575,90738,107663,119360,127555,135595,139918,148921,155736,161628,166412,179015,186023
2836,44765,47802,48909,52956,60196,67451,72390,80179,90599,108298,119583,127264,135556,139942,148568,156073,164512,170717,177864,186744
2837,44702,47785,48766,51691,59926,68952,72309,80378,90733,101158,119956,126331,136637,139297,150098,156694,162989,168186,179149,184679
2838,44466,47171,48714,51691,58372,67290,72756,80170,90282,105055,119491,126976,136114,140162,149579,156989,162012,167704,177226,186699
2839,44757,47456,49037,51371,59998,69298,72270,81178,93020,110193,120814,128117,137207,140766,150123,155843,166875,167452,179513,188377
2840,44811,47801,48913,51470,58944,68482,72208,80549,97047,109835,120063,128052,136947,141721,150254,157201,165263,172463,175975,188105
2841,44224,47127,48480,51673,58184,67521,73112,81624,90766,108576,120083,129076,137133,140554,151126,159284,165059,169900,179812,185823
2842,44904,47518,47966,52022,58102,67071,72793,83472,95128,106183,119703,129172,137276,140664,150500,160701,165655,173351,177051,185322
2843,45049,47870,49034,51346,57321,67428,72180,83435,97114,106416,120709,129563,138198,140052,152550,156499,167995,169711,178746,186536
2844,44998,47687,48602,52278,58655,66941,72418,81816,89748,109165,120478,129361,138665,141802,152311,159703,167216,174005,180997,190102
2845,43854,46875,47856,51280,56980,66872,70667,92199,94685,108735,118841,128244,138014,140748,151405,161422,168436,175580,180226,189234
2846,44114,46892,47845,51117,58072,66525,70367,84467,89402,107454,118940,127747,137972,142033,153416,160946,167753,171910,181954,191292
2847,43237,46045,47441,51363,56999,65760,71388,82136,115731,106761,118662,127803,137478,141881,153477,157007,168209,173435,179845,186966
2848,43254,46372,47041,50381,56838,65168,69642,83175,97268,106499,118166,127407,137533,143631,153356,158451,169110,173683,183669,190202
2849,42962,45944,46771,50779,56850,65738,71138,81871,90998,108424,119704,128421,139377,144726,152737,161141,169593,172383,181359,190376
2850,43031,46025,46996,50863,56736,65681,71035,81502,92668,108394,119554,128900,139420,145165,155692,161172,170786,178572,182678,190722
2851,42901,45825,46860,51076,56058,64181,68852,82163,91042,108708,119598,128229,139106,143871,152749,161061,171044,171559,185313,192101
2852,42932,45443,46571,51439,56345,64210,69255,82390,98222,108599,118937,127524,137965,142641,153096,161318,171637,172941,184585,192745
2853,41991,43816,45378,50633,56573,64304,69856,89976,99127,109369,120945,129892,141120,140784,158255,162739,174306,172117,185176,190666
2854,41754,44673,44813,50781,56164,64315,70535,89634,99378,109327,120758,131368,142338,149391,157481,161557,171158,180831,184064,192113
2855,42740,44124,44679,49314,55296,63828,68867,82404,97660,109302,119887,129045,141089,144606,157803,160883,172181,180680,186820,191835
2856,41274,45031,44767,49337,55473,63444,69306,82597,98143,107721,119910,128927,140070,146012,153179,161275,169955,179149,186173,194185
2857,42756,45431,46189,49705,54271,63735,69410,83359,99826,109811,120810,130090,141412,143864,156626,159966,173145,174730,185135,192898
2858,42723,45242,46328,49328,53994,63774,67400,83274,93313,109690,119570,129504,142469,144671,155840,165123,168485,177089,185800,193123
2859,42894,44336,44651,50144,53931,64116,68004,83788,90951,110223,121017,131031,141598,145339,156187,163090,173240,174852,188821,195152
2860,41751,44087,45961,50052,54121,63848,68687,84572,94104,109777,121755,130154,141136,145277,156383,160496,168581,172739,188821,194865
2861,42494,44988,46263,49214,53648,63826,67619,82601,93365,109331,119498,130163,141132,147721,154052,163353,166892,173564,186623,195866
2862,42511,45601,45820,48403,53994,63242,67230,82295,93095,108752,119170,128998,140349,142877,157094,160743,169991,178397,188631,193214
2863,42433,45354,46489,50507,55104,63577,69694,81834,98312,108191,119546,130196,138669,144416,155675,160875,169833,177005,190371,194393
2864,42447,45463,46142,50704,55456,63561,69994,88316,98195,107973,118813,128633,138498,143529,154501,164240,170426,176325,191747,191609
2865,43088,45537,46093,50158,55615,64367,68536,88743,98746,108295,119674,129161,142329,143674,155687,162708,168837,176465,190832,194802
2866,42632,45413,46653,50161,54584,64404,88363,89781,91097,108340,119229,129148,141568,144934,156640,162923,170646,175254,186665,192255
2867,42080,44938,46300,50615,55489,64281,69404,81070,92010,107917,118510,127845,139997,145202,154146,160822,166858,175397,187179,194068
2868,42018,44296,45309,50497,55178,62802,68974,81559,97229,107173,117906,126864,139622,141275,153361,160631,167183,176724,186898,194571
2869,43444,45133,47226,50735,56016,64454,70014,87739,97236,108076,119085,128654,138080,142133,154330,162062,171844,174567,187454,194367
2870,42089,44157,45907,50824,55024,64736,69879,87906,97318,107786,117262,128717,138007,143177,153842,158479,167642,174935,187152,191548
2871,42464,45261,46184,50879,54690,63569,70183,80720,98368,107057,118988,126463,137498,142261,153026,161452,169248,175920,188798,191837
2872,42588,44830,45955,50603,55713,63397,93953,80773,89957,107396,117545,125869,136669,140068,153619,161989,168476,175207,184308,191179
2873,42595,45133,46108,50894,55511,63376,71524,81142,91712,106976,117527,125785,138588,141636,152985,160353,168962,173618,186086,189142
2874,42690,45443,46328,50831,55964,64507,69201,89704,97943,107556,118907,127357,138661,141928,154881,158954,167276,172262,185375,189133
2875,43880,46077,47420,50905,55024,65174,69099,83063,95007,110552,121004,130274,142092,144127,155800,160694,171043,172634,184964,190763
2876,42585,46433,47143,51188,55123,62544,69069,80622,94774,110105,121033,126376,136584,145091,157195,160254,167200,175769,185769,188315
2877,43402,46014,47716,52010,55870,63800,71473,81420,95833,111597,122680,128012,140078,146815,158730,164574,169515,171844,184446,190406
2878,43496,46124,47644,49794,55751,63411,70364,81318,95254,104810,121964,128187,139905,145133,158769,160735,169419,174492,185993,190366
2879,44164,46932,47637,49789,55522,64034,71328,81996,95555,105192,123255,128674,140292,145136,159192,161672,169097,173710,185455,191250
2880,43799,46501,47112,49016,55678,63287,74935,81496,93197,103899,121337,126878,137556,144102,152493,161456,168118,174183,185997,191427
2881,44646,47943,47980,52520,55941,63920,71186,80778,96078,105296,123848,129507,140067,143464,156559,161197,166662,172879,188458,191997
2882,44662,47555,48618,50219,55989,63493,73892,81503,87459,105722,118671,128952,138780,144887,150798,160209,166663,172546,184013,193140
2883,45093,48212,49275,50503,56322,64974,72241,82343,88259,104075,123538,129284,140022,146573,153541,161369,168629,169328,183614,191576
2884,44665,48250,48356,50719,56521,64769,72181,82437,88034,104679,119221,129298,139683,149896,152858,161690,169237,173050,183312,190688
2885,45263,47520,48480,50349,56171,64548,76978,82446,93560,105571,119089,129193,139404,149685,153299,161866,170122,173054,184916,189976
2886,45332,49541,50203,51458,57313,65687,72830,83434,95967,104655,120878,131081,141843,149751,155896,162423,172146,173208,183814,192936
2887,46141,49204,50157,51050,57995,66046,72459,81889,95476,106271,121540,133081,143462,149635,154225,161969,172639,176383,185329,190958
2888,45573,48642,50000,51018,57653,65904,71986,82299,95522,101015,121707,129293,142556,148425,153604,165256,172596,178320,184171,190286
2889,47713,51149,51934,53338,59098,69275,74251,83235,93256,111069,125215,131448,146225,148957,156702,163131,174279,177653,184621,195302
2890,47415,50987,52211,52884,58641,68611,74605,82533,91444,107175,122573,131250,140564,151441,156634,165256,175130,179349,184114,194335
2891,47352,50867,52319,53618,58542,68472,73881,83028,89633,106011,120931,131412,140810,148747,159156,165242,171861,180357,185030,195016
2892,47709,50859,52098,53061,60823,68897,72934,82678,88754,106498,121403,131016,139624,148694,158592,161656,171735,177693,186877,197829
2893,47909,51241,52744,53620,60625,70895,75740,84129,90966,110262,128442,132461,140895,147586,157760,164214,172936,177521,186370,195391
2894,47871,51411,52629,53721,61406,66951,75757,84243,89717,106246,123559,132238,140675,148613,156019,160182,171448,180578,190025,196032
2895,47934,51288,53014,54037,62157,67022,73990,83581,89915,106278,123809,132779,140853,148153,159008,165174,172915,179593,189685,191558
2896,49724,53347,54562,55463,61965,67679,74417,83357,89906,100978,123361,126972,140080,148539,159542,162463,168771,177860,187974,195939
2897,49665,53416,54292,55417,62117,67755,72208,83580,89683,106485,123614,132494,140051,147176,159079,163292,169224,174311,186267,197195
2898,49527,53257,54836,55479,60890,67048,72167,81909,89906,98223,120696,128423,135813,147325,153551,162495,165488,176082,186485,196184
2899,51376,55364,56931,56623,65696,73070,75373,82813,88681,108897,115558,122575,137721,143072,149409,165952,162739,172643,187290,193961
2900,50421,55224,56819,57289,61671,70828,74928,82346,87603,94874,114750,124316,135375,142809,149925,158817,162516,171444,187278,194467
2901,51231,56010,57669,57435,61540,72238,75276,82093,87064,101681,115218,124233,135736,143025,150186,155396,162328,169860,188090,192900
2902,53378,58449,60031,60390,65550,71445,74733,82272,87586,106932,115156,127702,135084,144132,149444,156226,162897,169795,186690,187552
2903,53473,58328,59747,60662,65442,71588,76222,82873,87601,100618,119555,123806,134976,141534,148695,156699,161347,168147,186752,187703
2904,57082,61707,62942,65363,67881,72560,76741,83204,115827,94161,119082,123867,135708,143052,148980,155337,162628,169449,183441,189164
2905,58417,62419,64742,67343,68933,72895,75548,83736,89096,103847,116117,128196,138361,144268,155702,155057,166988,168770,180345,187896
2906,57977,62766,64846,67207,68911,72979,76375,81857,87384,101223,117481,124580,130465,150376,154762,153881,164387,167081,181241,186171
2907,58270,62291,65030,67277,68825,72439,76637,81764,88078,102732,117517,118024,133912,149510,154530,158251,163836,169207,181239,186507
2908,56442,61501,62425,66185,68600,72918,76550,82673,86520,101107,117168,126090,133037,149662,156515,157452,167520,169198,178605,182956
2909,56899,60380,62168,66167,69198,72341,76337,81858,137808,104656,110656,126447,133374,154645,156344,158261,167182,171277,180127,184350
2910,58336,59485,63198,65521,67043,72129,75656,82011,100230,104563,110070,125942,133422,154227,163318,162476,169642,167199,177785,185583
2911,56420,60493,63428,65663,68190,73337,75346,83406,97658,105196,118027,125657,133744,159123,170977,162267,175860,172608,176261,183170
2912,56731,60163,62706,65208,68000,73277,75732,81741,92592,101048,115241,122168,131439,166622,167867,164387,173472,177638,177762,183934
2913,57132,60686,62185,65766,67987,72763,75367,87845,91986,101247,114909,124616,131692,166866,166932,171759,173287,176100,178251,187139
2914,56549,59113,60881,63831,66378,71677,75313,81356,86465,106560,116028,125349,133152,166940,174179,173013,179453,177263,175148,192890
2915,55403,59529,60654,64037,66932,70450,74797,80140,86207,100676,116103,122322,132971,173211,174043,171489,179995,184077,176176,187180
2916,55307,57014,58626,62106,65152,67555,72924,97856,84747,103117,116530,120736,133273,141692,173952,177918,179978,181245,177019,186348
2917,55419,57445,58593,62182,64657,67858,72664,80026,84917,102895,116699,120256,133483,137310,173975,174744,180468,181713,186661,195633
2918,53837,56563,55904,60746,62607,66702,71435,79441,94189,103812,116395,121654,133443,173129,178148,174884,184693,184748,180595,195442
2919,53689,55770,55836,61779,63543,67916,71895,78706,94622,104599,113080,122600,133874,143923,179056,174452,185230,189854,183190,193120
2920,50921,53516,55205,58738,62114,66620,70811,78495,94582,103110,112252,121799,133396,141412,161405,179531,185591,186854,186436,193338
2921,52642,53974,55962,60134,62175,67129,71002,131660,94583,104068,113163,122178,133913,135415,161656,180629,185719,186176,186989,199046
2922,52785,56455,55461,58064,61397,65648,69595,82865,94107,102661,111860,120940,135898,135702,159986,180136,185778,186440,187655,197065
2923,52336,54213,56416,58657,62182,67713,69778,76981,94274,103722,113622,120718,136191,178672,148597,180394,186154,187734,189949,196317
2924,54790,55648,55449,59150,61820,67607,70843,83871,95216,101412,114532,122549,138444,147390,156242,180619,191853,188605,193408,196268
2925,51295,54793,56480,60099,62212,66945,69051,87584,94846,101134,114395,122640,133385,143061,155889,181035,186947,193189,194209,195280
2926,50548,54859,55709,59173,60907,65994,68625,83435,95331,100906,115532,122833,135036,140230,152085,186400,188511,192849,194751,199723
2927,52075,54635,54329,58097,61555,66206,68739,77547,95821,101181,115731,123148,134287,141466,152241,186333,189073,194240,194065,198588
2928,52499,54173,56339,56121,61031,65419,68445,85291,92076,101312,115823,123491,134672,141288,186291,167607,187672,194146,193999,198196
2929,52495,54579,55821,58507,61974,65547,68705,83744,92685,101733,115011,124036,134545,141443,153555,167865,188306,193196,194696,202383
2930,52840,53927,55824,57467,63417,66375,68618,78391,91913,102227,113196,124125,135953,141793,154237,169992,191042,193649,197502,202687
2931,53824,53673,57093,58909,63097,66577,68711,78158,92222,98015,113222,124067,130500,142413,154652,170763,190903,196805,193771,201484
2932,53395,53410,56629,57822,60689,66495,70731,78021,89904,98473,114916,124108,131329,142387,158475,170614,191981,196292,194710,201995
2933,52105,53124,56094,57813,61107,66517,70223,77605,86517,98805,115159,124998,131360,173697,158749,168812,192456,197626,195094,204618
2934,51373,53319,57386,59954,62128,66483,69936,77919,91941,99556,115447,123131,132142,141741,157385,168975,174216,197703,194831,204544
2935,51743,55191,56665,60305,61559,66351,69992,77732,90847,96900,115218,122718,131766,141173,157124,161217,173632,199459,195426,205337
2936,52430,55310,54256,58220,62922,66566,70505,77815,82413,104056,116098,123250,131716,141300,158932,157635,172459,199168,198550,209189
2937,50507,56156,55012,58578,61280,66372,69752,78089,154587,102495,116373,122949,131913,140577,156732,157639,194197,198875,198539,208347
2938,52894,55211,54896,59198,61581,66659,73394,139987,92516,96698,115330,121017,130024,142098,156278,192877,171313,201155,199660,210749
2939,53530,54471,55066,59068,61821,66876,71543,78656,84335,99221,115236,121419,130198,140941,157132,172620,171928,196039,199840,207802
2940,53047,55366,56109,58249,61276,66660,84583,83800,84407,101607,115834,121616,129497,148109,154855,154998,172374,197148,204954,208345
2941,52099,55113,54950,61684,61309,66491,69162,85117,87028,94146,115835,123309,129652,142724,154703,155766,190855,196037,204283,204898
2942,51443,55191,53877,58936,62921,66041,69529,78113,89757,101902,114385,122491,129114,169388,154611,155798,171294,196005,199933,205372
2943,52137,55293,55520,57247,62135,66701,69573,77412,88805,102169,114437,122768,130377,141591,155202,189448,171858,195552,202665,205987
2944,51791,55805,57310,58638,62588,67238,71813,78313,90069,97684,114531,122204,128580,141928,155051,169687,168406,197516,198910,204860
2945,51501,55002,56629,60632,61762,66320,84325,79681,89597,102665,114473,122020,128209,139412,154745,170303,190004,195431,199909,203670
2946,52251,54259,55575,61332,62770,67163,70815,88979,92782,102485,115774,122878,128798,139303,159198,167055,180760,195379,196585,204650
2947,54221,56263,54200,59463,63562,66570,69383,84386,83733,101047,116159,120238,128879,142571,152105,166814,169975,185005,196661,203796
2948,52111,54999,56042,58386,63105,66793,70718,78821,118490,103094,116078,120903,188775,187179,153404,169952,170546,197299,198437,204840
2949,54619,53789,56449,58803,62034,67331,70320,84121,83898,103177,115337,121382,139062,142418,155843,155848,192219,185579,198312,207061
2950,54810,54587,57060,60947,61975,67356,74270,78421,92915,100433,115408,122765,130890,142801,160017,156341,173150,185862,197259,207720
2951,53489,56274,57681,59082,61977,67376,70831,78514,94592,96120,116105,122973,130568,144159,160021,156293,172995,190453,196986,206752
2952,53880,55598,57785,61578,61296,67501,78338,78288,95170,102410,115622,122754,130710,145138,157279,194391,172614,184793,200647,206854
2953,53161,56280,57678,60850,63509,67872,71063,78397,94467,102513,115677,122672,131128,141860,157306,158085,195373,184556,197964,210489
2954,53482,56829,57744,61518,63682,67784,70869,78292,92474,103013,116427,124005,132283,143017,159172,161511,175462,185907,199000,210091
2955,52902,53552,56586,59518,63544,67563,71066,78101,92190,102838,115084,120000,132358,143476,158715,161532,175414,185746,199027,209099
2956,52322,54882,56470,61782,63442,67691,78768,78758,92571,98176,113537,121466,133797,137047,159200,159924,175985,197404,204058,209774
2957,54487,53884,57996,62015,63940,67618,70479,109303,91863,98536,113780,119312,133768,139229,160101,179832,174525,186680,204425,211810
2958,52410,57130,57975,61540,63178,68106,71442,78711,93418,98418,113118,121058,133401,138679,159572,160253,174461,186182,204360,211366
2959,54346,57677,59754,62243,63842,68393,70862,79196,89675,99055,114045,121190,134331,178495,160292,160325,175218,186875,204517,210546
2960,63695,69887,73707,76725,80489,89229,146850,105177,113637,136160,162438,164839,199488,144076,247360,169791,269761,187541,202983,210760
2961,64507,69079,70316,75151,75076,81835,89901,91262,100252,103564,110159,116087,135176,201409,146922,161182,171230,288392,202822,211479
2962,61577,67745,70568,75359,77196,81788,84991,93598,99478,99474,108505,115267,126251,137242,149693,310496,166107,187163,203754,212074
2963,61265,67118,71642,76053,77591,81602,83737,96346,94469,100758,110787,114953,127046,131695,145815,171809,164989,176990,205981,311437
2964,52698,55511,58782,63060,65744,68666,69920,77351,81393,83176,85913,85627,97042,135668,112911,153623,127690,177307,205699,310733
2965,52785,59528,61207,64501,67572,70657,71636,82183,93419,98468,109120,114401,121202,105842,144731,148763,159830,129869,206458,204475
2966,54757,58649,60803,64302,67188,70082,73664,83931,93133,99993,105882,115101,121774,132181,144556,114683,159101,173719,311437,193227
2967,54819,58787,61204,64133,67348,70679,75412,83809,92297,99736,106165,114835,121159,176844,144394,149427,194599,166315,203153,182239
2968,54378,56749,61217,64267,67201,68057,71404,82775,92553,99318,108286,115081,191527,139131,145149,152335,163804,197219,183151,205978
2969,50663,58354,59927,64616,67696,70370,74499,83592,92658,99803,106696,114533,126344,133099,145614,156323,193506,169717,267278,198621
2970,50581,57543,59528,63747,67398,68470,69354,80962,91639,100369,107404,113075,121620,133191,143653,153827,163300,195125,141744,199577
2971,50581,58018,59162,64240,67376,70225,72829,83958,91510,98893,106734,114573,122191,189480,143475,153304,190259,190791,180607,197991
2972,53647,57906,62268,63797,66726,68841,73313,80889,91952,97794,106541,114000,121341,138067,191164,190446,164326,191282,196283,198106
2973,51090,58316,61377,64001,65882,68924,73309,80539,91930,157099,106428,113642,190038,134025,150106,152791,192918,177308,198609,195395
2974,52809,58384,61315,64336,67403,69410,72296,84498,91565,100854,106518,113639,127221,130293,142349,153700,165132,193549,196802,195262
2975,52407,59026,59311,63642,67001,69333,72424,80843,91623,100456,106183,112872,121088,129223,142532,192253,189797,189278,197263,195585
2976,52787,59179,63066,64060,67054,69942,76739,83798,92244,99591,108729,114026,122668,187403,188120,151325,162793,189251,195550,195968
2977,55198,59034,61887,64150,67453,69380,74243,84102,92463,99313,105733,114034,122091,136183,150779,150847,191325,176732,194964,193699
2978,55095,59884,62287,65534,67173,70217,74376,84897,92726,99882,105801,189479,122910,133588,143374,188266,166192,191513,195585,193146
2979,54354,59635,63131,65726,66377,70360,71716,84696,93132,101209,105422,118725,189974,133413,143177,151313,192642,192933,195968,194388
2980,54177,59981,61951,65688,67827,70365,72198,87358,93167,101143,106619,114621,125798,190237,191500,190784,167374,193420,192724,195011
2981,54069,59787,61125,65706,67888,70635,72468,83134,92640,101235,107215,113417,123249,138473,152421,152442,165756,178826,192283,196034
2982,54299,59926,61235,65817,67299,70821,71194,83214,92716,99192,107370,114800,121974,133225,144975,153949,193980,193792,193343,196011
2983,55149,59649,62616,66168,67427,71006,72150,83266,92988,100471,107435,115061,122801,133537,143955,192099,168324,170744,194338,196860
2984,55845,59697,63009,67007,68225,71585,72317,83772,92852,98885,107615,114935,194651,133384,194525,157063,168104,195712,194590,197296
2985,55941,60188,62140,67008,68267,71694,72649,81932,96121,98454,107184,134650,127438,194966,146511,156003,196449,197214,194710,199144
2986,55050,59546,62569,66689,68088,70943,72346,82121,93271,99595,107529,115976,121612,136240,148108,195732,168747,171136,195692,198640
2987,56435,59782,63046,66724,68224,71141,72505,82120,93844,159547,107491,124918,121740,130643,147730,158507,167119,197323,196291,200441
2988,56451,60021,63825,67100,68756,71360,74011,83116,94796,100906,108773,129252,129630,130651,143891,155604,202539,197677,197245,200159
2989,57033,60274,64604,67402,68554,71861,74421,83288,92682,99845,108492,116507,128605,132015,201162,157194,170433,173786,198061,200056
2990,58020,60222,65097,67909,68960,72416,73420,90612,91467,99486,108619,200918,127039,200761,147567,201457,161657,203264,200147,200399
2991,56825,60738,65121,67920,69202,73860,73800,84567,97217,100306,109500,115560,152572,132416,150306,159879,203580,175448,200478,206255
2992,58003,61035,64910,67137,69127,71991,73995,81118,91998,99626,109791,116403,126200,135155,149488,151132,162166,203908,200056,206533
2993,57499,61100,65267,66486,69373,72002,74263,87582,91568,99578,107524,115896,128627,133846,146127,151302,162220,173756,200399,207505
2994,58249,60037,64622,66835,69557,72299,73702,83113,98649,101214,108798,114403,123027,132683,145018,201418,200913,184504,205735,206510
2995,57708,61028,64802,67234,68963,72310,73552,82763,92278,100484,108113,114714,198293,198642,147186,158106,170312,201239,203861,205870
2996,56709,60538,64913,66886,68723,72420,73990,89448,92250,99895,108818,115921,131295,133122,200248,152310,163125,173597,204462,206464
2997,56972,60757,64904,67981,68888,72632,75429,91083,91340,99105,108892,114080,132129,138951,148594,152548,201796,202287,203908,204658
2998,57112,60124,64584,66720,68888,73695,78901,88774,105634,98809,108708,112707,123109,134815,146167,201678,170999,174580,204065,204058
2999,57129,60109,64434,67379,69179,74135,79616,88476,92564,99169,108737,197720,123691,138164,148085,159322,159014,200226,204278,205819
3000,116,117,117,117,117,117,118,118,118,118,118,118,118,137342,118,154657,118,172180,177577,204673
3001,56777,57879,63434,66523,73543,80957,95106,114031,124576,137765,150319,163651,178913,118,197159,154577,198624,118,201578,204350
3002,57463,60328,63360,70925,76942,94672,114132,137558,148183,163390,196531,196735,196815,180208,198087,118,198273,198624,202256,202802
3003,57697,59936,63622,66191,80864,94782,113582,114146,147942,177993,128961,196842,197166,196814,197768,197550,199249,198373,202716,118
3004,58200,59745,64147,68118,68682,72664,75997,82141,93344,100815,110800,121115,130940,197038,197777,197955,198089,199249,201096,199427
3005,57713,59749,64433,67831,68915,72695,75768,84859,91802,100084,108575,115609,124042,196580,145987,199037,198794,199175,201250,201020
3006,58011,60411,63795,67999,68746,72499,75730,81916,91173,99224,107077,115403,125873,132889,196515,197777,198098,198794,118,201642
3007,57948,60764,63943,67562,69200,72801,75731,85594,90100,99622,177406,116558,126378,133404,149037,197730,198095,198644,198909,203714
3008,57067,60047,64999,68426,68272,72879,74113,81329,87363,100465,116638,117554,198420,134460,151487,197068,200008,198350,200360,201149
3009,58147,60204,65418,68058,69320,74208,73094,81084,92070,100498,109462,114736,131611,134198,146226,156746,199696,200254,199249,203730
3010,57160,58463,62429,67835,69649,73695,74679,81209,92235,100789,109766,115274,124766,199074,153309,148691,171027,200666,199175,203251
3011,57191,59355,62373,67232,68363,72240,80964,80957,90009,100370,109709,198830,124955,134614,153550,200413,160489,201884,199793,205799
3012,55305,60639,62585,67608,70453,73435,74761,82696,93599,98226,110214,117921,125723,137999,152416,158777,208619,202622,199172,206677
3013,55282,59626,63727,67130,70577,73344,74447,82541,87235,100004,107435,114696,123778,130548,143013,150808,167713,209339,198748,206526
3014,55839,60588,63569,68115,70724,74996,77016,83489,92091,100090,107012,116523,124736,133069,210925,208851,169329,210012,201350,206960
3015,56307,60892,64136,67825,70888,74570,77238,82457,94761,101040,108195,116051,145970,209973,152827,154074,168769,212523,201540,213940
3016,56193,60602,65000,67787,70847,73469,75443,85393,92519,99536,108711,116058,128594,138498,143329,157249,211265,181010,203128,211059
3017,57101,60713,65018,67761,70952,74950,75704,85345,94565,99834,107323,116144,122728,130216,142945,154901,166961,170634,202465,213107
3018,55380,62123,65621,68982,71339,73851,76617,82863,91132,100232,107874,115324,205467,130276,143079,155613,164109,211974,211233,212862
3019,55885,62271,65848,68772,71688,73855,76837,83096,88283,143639,108017,115426,128738,132390,143434,211974,165193,180835,210287,212642
3020,56918,62865,66996,69867,72483,76079,77565,88894,94609,102216,188102,188980,123211,132664,208339,155129,209902,171836,212565,212835
3021,58240,62831,67507,69787,72066,75513,76697,88958,89347,100712,113514,121037,122723,207402,153223,155162,169897,209902,212277,209781
3022,58396,63907,67727,70280,72391,76536,77773,83247,88702,100047,106860,115783,124303,138735,143256,160149,168022,180796,212222,210342
3023,58424,63391,67666,70351,72445,76748,77413,87687,142312,101527,107041,116603,122153,133153,142606,153093,170429,170420,212603,211546
3024,57686,62693,67777,70322,72260,76838,78573,86686,94097,101632,104881,115501,123513,131321,145631,208707,170949,208299,208685,212747
3025,57398,63029,68130,70548,71786,76798,78707,85451,89659,101622,106898,115981,205876,133381,145621,156227,167963,179310,209594,210201
3026,57752,65028,67699,71046,72964,76944,78413,84370,94388,99866,107650,115062,127626,133734,204623,155284,205632,171152,210716,211094
3027,60419,63053,67503,70285,72706,76904,78694,84120,89645,100061,107861,114970,122744,203217,149571,156632,163723,205632,211512,210487
3028,58524,63963,68225,71729,72948,77373,78551,83112,89479,100536,107639,116034,123396,136184,150449,155279,164822,179091,209323,209912
3029,58353,65896,69470,71689,72580,77171,78464,83068,94493,103219,106910,187534,123366,133517,145068,205140,207348,207548,210345,206825
3030,58332,63928,69104,71268,72821,77256,78482,83298,92231,101106,107596,119857,122951,135158,145238,167598,167861,180295,209906,211376
3031,61179,64795,69267,71431,72669,77127,78063,83060,92526,101353,119705,116653,124007,137374,146195,154413,169554,167074,209154,212609
3032,59481,63969,69236,70853,72675,77342,77922,83007,90002,99137,107843,114299,203836,138205,204959,157338,170657,206490,183351,212424
3033,59498,63785,69329,71026,72354,77473,78055,83159,89745,154855,156432,115747,126771,129441,151450,162118,169786,180476,206402,210165
3034,59333,66486,69234,71601,73096,76457,78066,83940,90242,102077,112577,116809,123011,204100,140271,151997,209883,189804,207380,210129
3035,60962,65514,69510,71742,72938,76098,79630,83874,90203,100146,108367,116637,122123,141217,140230,206339,171547,180970,185420,209725
3036,60464,65904,69239,70276,73364,76597,78318,87176,91397,102823,108722,115934,124679,130932,149161,155623,170356,209906,206753,210254
3037,60474,66646,68901,72118,73199,76892,78479,85270,90966,96665,108953,196507,125462,131819,154278,155854,163905,186172,183325,214485
3038,60259,64956,69826,72048,73229,76936,78165,83612,89208,96990,108184,120334,122790,132395,211846,159304,165254,173794,207964,211151
3039,59003,66416,69330,69908,73252,76897,78351,88305,90394,100209,109257,115698,211853,131897,154372,151640,212928,175679,191697,219495
3040,60199,65458,68294,72105,73521,77717,80653,84889,90360,101921,109012,115860,130540,211853,142678,212901,172197,215811,211425,219758
3041,60251,65371,68956,71436,73203,77565,80429,83846,94604,100788,108426,114685,123150,141417,142636,163409,165767,176063,185017,215399
3042,60571,65140,69099,71233,72928,76532,78108,83170,91679,99421,175768,115591,121751,133184,147038,153845,164730,176751,219495,217139
3043,59796,65036,69025,71283,72998,76796,78066,83397,110432,100406,113786,115115,123679,132030,141544,154162,212951,214497,190079,218046
3044,60050,65442,69070,71608,73659,76483,77918,83606,93431,99975,108602,114764,123311,131668,141801,151691,165809,174416,188378,217376
3045,59432,66337,69052,71598,73341,75753,77853,83616,91708,100783,108724,115735,123345,131570,210159,211962,164376,175434,216330,216032
3046,59046,63761,69622,71875,73307,76186,77574,83920,91634,135787,108124,190968,122446,210079,153246,160613,165797,213726,189276,215646
3047,59146,65880,69719,71692,73504,76182,77384,83857,91903,102067,108744,121899,211008,140686,144703,159764,211840,171667,189354,213288
3048,61569,66241,69405,72104,73127,77107,78065,83873,88993,100218,108252,115144,129799,132201,142228,159208,168958,173755,197509,214290
3049,61552,66133,69628,72317,73829,76245,78557,84496,93487,100829,107955,114947,123753,131525,146296,157051,165925,213157,214765,215260
3050,60543,65021,68191,71673,73257,78237,79537,84181,92999,97882,108591,114624,123224,132185,150637,146562,164958,181776,186738,215268
3051,60900,65460,69093,71638,73604,76289,79423,89088,94399,99188,109222,114927,123508,131407,209114,210936,165952,174674,187779,214801
3052,60673,64820,68821,71691,73685,77810,79549,84820,90431,101242,108808,116370,122312,207954,157283,159352,210403,174056,214089,213756
3053,60668,65457,68812,72089,73558,78204,79470,85443,90346,98993,110089,115732,122725,140007,142633,159785,169202,211955,186526,212528
3054,58786,65070,68870,71354,73310,77956,79175,84735,132962,99872,146825,146888,121778,131288,141935,159853,165979,183131,197503,211900
3055,60337,66032,68721,71106,73051,77924,79231,85269,94109,158795,111192,115297,207075,130592,141324,159098,168618,171576,213338,214625
3056,60741,65765,67671,70710,72208,76415,78518,84316,96930,101838,109310,115331,129075,130423,149122,158489,208268,208992,186826,213103
3057,60044,65812,67627,70980,72223,76619,78621,84087,97261,100885,109202,115326,122360,129779,154872,210787,169580,180994,186795,212894
3058,57898,65106,67262,70658,71321,76152,78723,85067,97172,101848,109749,187799,122026,206204,190587,157255,166615,171318,211482,213010
3059,59422,64632,67569,70775,71855,75880,78969,84357,95685,101256,108874,120151,121859,141558,155610,158869,164478,210519,187941,209353
3060,58856,64805,65548,70668,72591,77569,79780,85347,97528,102282,109720,115642,122911,130104,151399,159074,216067,181001,211829,209873
3061,59014,65492,66336,70433,72015,77469,79458,83438,92191,100001,109739,114974,138483,134126,151242,159470,175023,177160,188134,212275
3062,60977,65342,66016,71416,72341,77663,79917,83703,87878,101441,181867,114975,123819,134290,148003,162128,167255,216051,184857,197550
3063,59390,65281,67123,70945,71713,78371,78378,83798,87912,101863,112404,115096,218347,135516,146282,154063,167701,177980,208221,216367
3064,59430,65068,67736,70391,71637,78194,78254,84353,89150,97804,109454,113558,131252,199385,145048,220397,168191,178201,210996,216481
3065,60695,65003,66344,70920,71467,78344,78794,83528,93270,97350,109197,151660,124433,135729,218754,160355,167791,177902,185742,205150
3066,61019,65483,64062,70124,71912,78565,78699,84229,89381,103745,109635,116511,124217,140501,147931,157267,221509,219682,216067,194146
3067,60910,65390,66717,70640,71865,78529,78645,82896,90963,102845,110184,114063,124105,131926,147738,156229,175717,178657,188814,220696
3068,61523,65909,64794,71321,72985,77251,78300,84010,88804,101742,109297,114885,124117,129726,146909,156493,167497,178296,190403,205514
3069,61181,63195,65443,70612,72199,78420,78653,83272,90488,101247,111522,198497,123227,136018,146957,157784,167835,176846,190673,206228
3070,61770,64618,65499,70427,72506,76761,78216,83240,94828,99427,108505,120552,122663,220190,144520,184801,166514,177636,219705,222718
3071,60889,63701,64207,71301,72135,76442,78028,82486,93087,98986,108915,115532,123142,134968,145921,164464,167708,215827,191366,194519
3072,60405,64057,66288,71412,72822,76909,78303,84263,94311,126503,110049,115907,216364,131233,199805,153831,167352,176475,192349,222877
3073,60458,64781,67375,72451,73520,77536,78188,84203,92823,100463,109930,114493,130807,134625,146862,157093,218836,177278,192293,193437
3074,60969,66323,66762,71541,73594,77294,78661,84071,88936,95401,108713,114733,122611,131847,139494,218470,175557,219217,222122,218684
3075,60626,64473,66211,70926,73700,76517,78553,83885,88776,95227,109108,115401,123024,128719,138403,158607,167363,178159,191042,205267
3076,61223,64764,64030,70658,73436,77078,78647,83409,88208,104390,109670,115387,122818,133928,213155,149543,166926,178254,188795,193766
3077,60678,64901,64592,71099,72482,76835,78435,83179,88144,104149,177546,115459,122383,212296,159065,149314,167534,176342,189545,219934
3078,59553,64506,63746,71155,72940,77007,79600,84226,125141,105522,113062,195163,122786,147247,153415,157159,166681,176229,219422,204370
3079,59700,64357,63850,70359,73386,77358,80090,84249,91271,97002,111044,120631,123694,134298,153848,213284,215800,216336,191979,215221
3080,60260,63411,64156,70865,73376,76939,79308,84530,90708,164483,110969,116913,213346,133819,153868,164886,174864,177910,189949,201706
3081,59581,64922,64449,71141,73741,77286,79603,85135,90356,102086,109990,114714,132149,134732,153518,155066,170192,178959,189741,218248
3082,57868,63192,64778,70890,73877,77772,77646,84752,90266,102065,109779,113007,123888,134776,145864,161140,165785,178608,214854,203540
3083,58224,63949,65307,71007,73390,77831,77660,84583,90344,98214,111397,116425,123917,129671,145790,161134,165706,214982,189421,202069
3084,60741,62446,68067,72463,74444,77959,79981,84439,90316,101189,114172,118829,127251,213572,157354,154831,227730,176979,190594,217159
3085,58694,62729,67721,72362,74497,77865,79401,84366,89979,101347,108596,118182,124067,150154,147297,151745,170415,182732,217039,200761
3086,58733,63440,66029,73099,75562,79398,80328,88055,95940,101492,109557,116448,123341,130592,143460,227862,170402,174779,191733,215871
3087,58119,63970,66060,73140,75516,79069,80453,86207,96082,100922,108853,116562,124879,130694,143520,168210,168985,230011,190091,213462
3088,59863,64209,66589,72360,75860,77871,79767,85534,93507,100944,111362,184873,156854,132116,223309,157069,166901,181218,189963,200132
3089,59847,64121,66682,72651,76149,79059,79619,86247,92365,101319,112010,119162,127311,129529,155633,160637,168646,173630,215512,198252
3090,57472,65399,66427,71507,75505,78228,80029,85707,95645,101568,111950,117118,124093,130990,140121,154925,167091,173526,198432,232821
3091,59199,64121,66383,72110,75973,77978,79927,85857,95470,100735,111114,117252,123078,220384,142193,157785,201740,202196,187983,194728
3092,57006,63471,66980,71936,75660,78105,80998,84377,92959,100865,111318,116784,214998,137241,145349,150083,166423,177401,187372,194192
3093,57036,62354,66211,71859,76565,79390,79758,84647,94235,100422,111072,120031,133251,129419,141493,220974,165587,174966,232607,224513
3094,58273,65421,67094,72857,75370,79313,80860,86473,93827,99968,108669,119961,126112,129740,141079,160830,166371,217008,184581,195868
3095,58147,65627,66844,72012,75772,79262,81175,85665,94078,100690,181609,114379,126645,129993,218520,157425,218746,176944,183992,218953
3096,62512,63475,70091,73187,75520,78988,81705,87736,96459,101709,113809,114608,126183,130080,149280,149938,176172,177046,189746,202985
3097,62677,63419,70230,73533,75504,79056,81112,87852,96229,101375,111033,183741,124789,218565,143925,149715,167231,187298,224568,223499
3098,62482,62517,68675,74481,76069,79991,80906,86913,96449,106214,111290,121360,124795,139249,141186,158593,166398,201054,188583,193886
3099,63081,62256,69961,73371,76608,79783,81232,86075,96104,99511,110879,118509,125717,131493,140542,219881,166610,174313,187879,222740
3100,62590,65976,69535,74508,75906,80657,80928,85656,96306,141693,111595,118383,125761,131238,150518,160733,164517,183662,223499,195246
3101,62624,67032,70242,72545,75373,80391,80874,85543,96636,100980,112332,117490,166631,131217,214957,148570,219074,217414,189254,192325
3102,63258,63751,68994,74060,74447,78967,81051,84963,95289,101325,108223,113993,127353,132361,148284,157963,172935,175873,191590,218901
3103,59674,64021,69033,73426,75506,79307,80532,85075,95790,101510,112146,114047,127071,135935,140683,158073,166135,176652,181699,220004
3104,62030,66170,70835,73123,76019,79592,81239,86670,96518,101415,111489,116130,126816,214210,144404,150670,168878,174994,217957,203568
3105,62755,63689,70830,73042,76626,79224,81400,87151,97298,101425,107735,181882,123964,138669,144903,214626,169119,223263,190207,194169
3106,62137,62890,67727,73742,75394,79752,81279,84892,91374,101002,108900,119718,216647,131704,141977,162943,200678,175350,190679,218569
3107,61812,62737,70150,73646,75542,80476,81104,85497,95342,100642,112514,116147,137052,131091,217379,151590,171767,177009,219074,223263
3108,61087,63409,65925,74095,75597,80463,81096,86710,94325,100665,117333,120703,133818,132765,155306,154133,169217,178345,189199,194026
3109,62635,64834,68292,73497,75018,79398,81131,86253,90788,103515,116998,120440,128946,136881,146392,154764,165215,232688,190209,220918
3110,61843,63133,66006,73175,75101,79176,80039,84817,92800,99935,110371,114581,124431,137019,148692,230501,233161,183247,190820,193883
3111,63222,62769,67535,73082,75085,79053,80274,84833,92365,97513,109867,115209,126874,231060,146046,160739,168178,169190,221436,233827
3112,59938,64802,66990,72224,74713,79760,81933,86035,89903,125207,109846,115795,125370,143124,145739,153208,165402,169074,189489,200921
3113,59870,63094,67040,72115,75290,77922,82395,85524,90227,99158,110360,120167,124842,135064,147005,151975,165756,213819,189755,193473
3114,61377,65734,67754,70927,74714,79610,80292,88178,90816,100319,109749,189538,123996,135840,148784,152749,162393,174551,201608,201254
3115,65161,63488,66061,72456,74375,79526,81716,86744,90937,96960,109942,122231,124139,133798,207723,150541,162194,169750,189100,234068
3116,61811,65848,66297,71050,76151,79267,81814,86118,91161,100874,161712,116505,124690,134146,155778,228936,229982,231156,233821,201852
3117,62609,63855,66318,71331,76896,79959,81586,86377,91264,104305,112092,114922,207868,137198,148855,156618,169576,186599,187159,190166
3118,59503,65016,67013,71463,75636,78076,82315,85481,90057,102260,109214,113564,134123,135857,147505,157172,168875,172321,187342,233282
3119,61328,64168,68960,74194,76430,79776,82041,85559,93082,133791,109567,113517,123425,134816,147997,151086,169201,172051,186775,202242
3120,63795,63601,68068,72790,75707,78308,80843,86382,93979,102950,110145,114506,122598,134689,150209,153008,170127,171753,185451,200995
3121,64005,63612,68251,72502,75680,79631,80956,85718,93846,102024,110919,114559,122743,225565,151201,158458,170407,228718,233072,197595
3122,62180,63153,65902,72389,74557,79774,80675,86268,89690,100719,109541,189912,126317,145803,148657,162419,171154,185404,199700,232887
3123,61631,64950,65270,73312,74334,78650,80345,86309,89831,101267,108539,122841,126905,135455,148567,227935,169597,172590,188342,201599
3124,60003,65117,65507,71054,75238,79314,81717,86429,91938,97789,114975,120808,124380,139767,210398,170326,230195,173579,182838,200513
3125,57226,66414,65684,71044,73560,80068,81126,86450,89501,97234,118955,120730,152446,137456,159792,161380,174690,176482,183063,197219
3126,59050,65351,65059,71793,73204,77751,80522,85777,134037,95149,107979,113262,129468,137576,151111,161020,168759,231653,231532,231804
3127,59064,64287,65096,69900,73313,78178,80620,86406,90543,159444,107967,114768,128481,138274,151143,158865,170318,185537,199166,203219
3128,61353,65971,64817,71999,73302,77791,80236,86113,89626,103534,108545,121089,128821,136843,151958,158231,171356,176484,187355,201507
3129,61428,64866,64072,71961,73576,78716,80391,85564,89526,98690,150594,115866,206789,139747,152338,159236,169798,175315,185870,200437
3130,60238,65524,67000,70287,72376,78318,78959,84054,89305,99192,108013,117239,130255,139816,149567,161356,168622,176323,232169,229067
3131,59999,66336,67719,67361,72402,77260,78765,84803,90301,100163,107732,123565,130025,139815,149319,160151,169847,225176,200488,200772
3132,56977,65304,65073,70590,72998,76788,79636,85460,89799,99992,117087,122224,134267,140841,150637,158756,175339,182593,187255,199204
3133,59788,66145,65598,70634,72740,77178,79781,86493,90583,100829,109072,122405,134569,162790,151229,161124,194015,184789,187478,197403
3134,61466,64236,66785,69609,73680,78551,79616,85598,90215,99760,107753,146931,127249,143823,149529,165089,171690,178628,188075,226157
3135,61768,63326,66204,71423,74162,78765,80489,85909,89968,99839,118513,117000,122778,140051,149520,179230,171934,173276,189003,204294
3136,60095,64744,66404,69366,73634,77963,79859,86476,90606,99830,110220,114377,134395,143587,161895,159681,171352,174882,225176,201492
3137,61483,65069,68605,69762,72842,78052,80019,87046,92313,100362,110083,114412,131003,143073,159894,159357,178543,222109,194103,226081
3138,58303,65238,67152,69315,73447,76615,79423,84820,107752,99944,107111,198107,127934,138378,151351,221358,170326,184167,189532,199077
3139,59599,65274,67709,70842,73668,78801,79701,85483,92666,99600,143847,125103,128260,217619,158210,167892,220875,180174,189917,197670
3140,62332,66048,67287,68918,73143,76796,78924,84211,91980,98973,110232,116373,125789,153260,155529,159020,178076,184201,186520,224054
3141,59917,63481,68780,69091,73545,76905,79590,84249,91249,136645,109988,116000,133680,143643,155398,159636,175221,179893,225860,206265
3142,61590,65338,66113,70608,73235,76886,79286,84447,89028,101002,109138,115100,130461,141959,154236,159125,173356,179046,193503,206994
3143,61182,62988,66738,70514,73182,77702,79974,84731,94495,99990,110417,116985,174487,141515,153784,168668,174345,211137,193177,196153
3144,59742,64442,66691,70905,73517,76404,78911,85640,91134,98742,108703,115382,136465,141574,155054,163815,171853,183896,193062,213767
3145,60817,62732,66768,70353,72409,76871,79065,85368,94412,98531,108648,115891,133334,138857,189019,164499,171718,175515,194315,200633
3146,57598,60849,64204,69477,74575,76727,79851,85245,94967,95805,157930,115859,123197,138684,157668,160674,172040,175370,190120,214399
3147,59566,63910,67207,70369,72452,75698,79599,86002,95202,96322,111987,115214,123209,133888,148360,161616,172192,208308,214179,212920
3148,59429,63537,66668,70821,72013,76560,78597,84797,93743,152608,106913,180803,126348,133805,149411,160076,169374,182002,188873,198535
3149,59609,62621,66876,71498,72456,75768,79003,85798,93672,99859,106970,117222,131761,136125,153769,160556,167168,173193,189690,213222
3150,57694,63353,66695,68069,72970,77156,78549,85163,93327,99511,105589,111930,155717,136222,155436,160677,201893,203361,210103,213289
3151,57684,63846,66907,68939,73188,75266,78860,85010,93160,98364,105504,112305,133867,133864,155683,202920,174200,178294,188807,195796
3152,58527,62264,66078,69296,70778,76128,78469,84555,92388,98413,105276,111751,121592,199214,153434,164971,164886,185565,209444,209176
3153,57600,62378,65948,69786,71134,76404,77927,85551,92775,96740,177816,119518,123026,141939,154121,160879,164896,197043,187524,207782
3154,58070,63510,65360,70209,72357,76415,78869,83492,93248,98124,112890,191742,191742,140112,152620,155384,194466,174908,204186,207705
3155,58111,63488,65794,70192,72206,76258,81216,84123,95071,101850,106495,128837,135501,138936,152438,156078,171159,195736,191089,202518
3156,58401,63129,65557,69658,71562,78597,78067,84028,93099,99675,106895,113472,128554,137942,151513,156632,171454,173812,204963,201279
3157,56548,63111,64247,70225,73054,76516,78122,84912,94327,98857,107463,112509,126250,139009,197175,193529,197756,198665,190568,200497
3158,58820,63618,66402,69832,72158,77531,77615,89099,92360,140273,108541,112241,127803,139824,156502,163492,175649,173458,199312,200909
3159,58800,63373,65397,69619,72169,77367,78414,89324,94807,99117,107549,112446,128798,142241,157313,161230,168053,202379,201199,205688
3160,56899,61543,65878,66288,69826,75574,77698,84216,92224,96897,106411,114628,129109,135074,150337,155849,166169,179387,186021,206007
3161,56479,61018,64357,67022,70783,75681,77645,84298,98224,97344,107417,114953,125804,196822,152143,160046,200073,200826,200064,207518
3162,55624,61377,63670,67668,72091,75836,76545,83275,88046,99595,109042,195144,133124,141887,150485,197714,173673,176616,205290,207852
3163,56383,60636,64998,69153,70265,75908,77436,83431,114862,98465,110790,125436,140446,140477,153341,162051,168929,199204,205048,206597
3164,57544,61924,64758,67028,70214,74347,76297,82429,88510,95676,172581,114900,122195,141050,150961,155308,164195,177628,193362,205428
3165,58408,62434,66454,69977,69474,74626,76259,83343,91868,158754,111035,115060,188945,136599,150696,155717,191463,192536,189493,205308
3166,58564,62354,65077,67697,69241,72745,75137,83540,92098,97691,105405,115502,133144,136003,149722,158069,168845,180072,201214,205745
3167,56902,62783,64889,67726,69707,72916,74749,83855,92015,97142,104361,114997,123741,133452,149866,191385,169202,189358,200915,199422
3168,57774,59172,60866,65010,67839,70944,72049,81681,89861,94304,103321,111225,125390,187727,175753,158663,177567,190925,199204,199933
3169,57533,61642,63159,65369,68426,72171,75426,82507,92306,102511,105143,117430,129379,136448,158367,158999,180330,169953,191155,197605
3170,54755,59807,60960,63714,67447,69910,74192,81542,88595,94731,109895,118955,126904,139424,150414,154811,179960,181358,193575,198373
3171,54824,60408,60681,62829,66816,69661,73630,81847,110986,96260,109509,142709,129080,138122,150119,176509,179530,180306,198310,189759
3172,54489,58854,61022,63228,65454,67687,72039,83012,90397,94905,104560,118259,134861,137324,146881,175507,163980,179859,194494,190831
3173,54688,58294,61005,63173,65327,70689,73295,82879,90559,123402,163460,118726,141667,134271,168376,159187,172357,173426,194063,190468
3174,55827,58980,61176,63791,65937,70494,72918,79942,90380,100989,114121,120322,129847,165834,152345,160887,171672,177683,183719,187497
3175,54123,59643,61956,63576,65734,70260,73310,80009,90252,98461,114618,139016,134555,143162,152088,171061,170512,177524,185883,186570
3176,55239,59244,60699,62570,65412,69737,71766,78788,87093,95336,111330,119924,146106,142074,148977,169377,168455,175584,184840,189669
3177,54540,59231,60578,62349,65327,69755,72640,83756,142146,102741,109712,120039,133126,137738,163269,162167,172071,175288,184500,188242
3178,52932,58476,60008,60890,62735,72998,72114,83900,91601,127516,107015,113347,127204,141980,154878,165932,168115,175589,183992,188011
3179,52832,58571,59765,59912,63301,71657,72721,84388,89392,96102,107210,155756,143628,159014,163393,165844,168106,171634,183339,187409
3180,56335,59605,61835,62912,64532,72402,73164,84089,92335,100449,108706,118836,134871,145675,158020,164383,172188,171970,181242,187705
3181,56292,59789,61604,62913,64702,73092,73438,84814,92813,100633,109865,123502,130512,142240,152531,165319,170799,173177,181938,186287
3182,53953,58138,60188,61431,63224,72926,72120,84032,87463,96347,113329,121640,129559,137897,150291,168926,168990,173610,183332,186241
3183,54066,57835,60171,61745,63316,69145,72329,84282,89445,118894,113254,120709,158029,146292,163653,169698,170893,174977,183973,188387
3184,55438,59282,61406,62865,64299,69885,72481,84141,89371,97690,106812,122179,133734,151778,149084,167262,167318,175138,180114,187134
3185,55138,58610,61353,62802,64209,68976,72190,84144,89250,97990,154065,122308,132540,139390,162799,166445,169434,171429,178836,187939
3186,55288,59192,61477,63081,64535,70210,72223,84294,91069,98888,118264,122816,133443,156268,153977,164192,168361,169891,184189,187838
3187,54878,59239,61541,63188,64330,70143,73738,84213,89369,153516,107800,141610,132952,144033,154243,162462,169420,170892,185706,186395
3188,54017,58191,59340,61160,63168,68702,72107,82557,90564,100884,106704,117471,130814,140272,151240,163729,166019,172031,182027,185854
3189,53947,58448,59637,61497,63597,68478,77305,83361,91107,97235,106025,117951,130724,137808,158449,163951,166704,170009,179439,185578
3190,54082,58481,59045,61947,63323,71599,77375,83819,89909,98129,103819,116778,129589,154642,155902,160452,162244,170180,177476,185851
3191,53830,58396,59653,62089,63272,69294,77185,83132,103452,98629,103793,148226,148773,139254,155795,161037,162224,166129,181687,184414
3192,53844,57747,59661,60776,63081,69090,77808,82751,90045,95659,148566,124078,133635,150932,156863,157830,162680,167928,180625,183262
3193,53380,57784,59683,61843,63224,69169,71647,82857,90580,95751,111019,117549,129791,139879,157221,160340,162692,169485,180272,185613
3194,52893,58414,59547,61354,63185,69803,72228,82433,90880,98142,106205,116728,129479,150039,156472,160454,162920,169700,179539,183446
3195,53986,57727,59489,61327,63188,69361,71956,82743,103198,101814,105613,132552,148189,149511,155624,159634,163100,169768,179731,184729
3196,52885,57582,59036,60677,62694,69001,72537,82469,92021,146088,106200,124530,128042,138555,154269,157356,162064,168730,177230,183175
3197,53696,57344,58915,60455,62950,69122,71828,82548,88922,96210,133839,115333,124486,149944,154670,160222,162194,170594,177361,184562
3198,52085,56048,57423,59514,60709,68363,71251,81463,88145,94851,109781,142862,143630,143023,148318,160163,161278,169134,177921,184892
3199,50443,56209,57822,59989,61231,68334,71473,84578,142624,97414,105850,116600,144356,145427,148975,158467,163456,167651,177622,182638
3200,51579,55941,56902,58455,60100,68758,70926,84291,90652,96944,103225,115049,132524,147760,150299,157027,160414,167530,176729,182663
3201,51415,56085,57259,58711,61409,68872,72108,83968,89684,95635,142639,142224,121409,145667,149813,157643,161752,166571,175282,183780
3202,51456,54376,56803,58045,60652,72827,73364,83714,88600,104006,110363,113820,143717,145959,148505,154661,161282,166029,177195,184052
3203,52197,54920,56977,58533,59821,68183,71342,84146,89080,107253,103100,113948,144144,146313,149999,153530,159026,165720,177399,183674
3204,50763,54278,55479,58231,60049,67695,72136,84097,88115,94409,103715,147162,130350,146617,151330,156357,158425,166584,176167,183404
3205,50043,54070,55434,58708,60185,67688,72060,84043,88100,145840,146157,111608,124635,149424,151250,156358,159175,166116,175540,183129
3206,49065,54904,56540,58331,60143,68435,72449,84047,88275,94088,111362,124069,146319,129974,150862,155771,159309,165931,176977,182689
3207,48658,54964,56466,58539,60439,68414,71856,82185,87960,95415,102975,146847,121926,146319,151303,155124,159623,165017,176045,182313
3208,50308,55137,57972,59601,61360,69105,72802,82928,88558,93196,103043,113921,148952,146847,154997,153847,160647,165667,175044,181913
3209,50274,55754,57855,59710,61160,69623,75912,82872,90825,93420,115968,112896,123631,150089,155661,155171,160986,166945,175374,181175
3210,49911,55275,57496,59352,60870,69667,72178,82012,135213,148760,102616,149938,149938,150679,153185,158517,159989,165163,175735,181171
3211,50319,54887,57768,59159,60735,68818,72352,81541,88001,94696,148808,115841,128424,149838,152967,155271,160117,164652,175176,181168
3212,50004,55481,58048,59316,61061,68439,71261,81696,86442,91976,113697,113011,148497,133237,151941,155234,159651,164075,173400,181877
3213,50354,55592,57653,59164,61464,68354,71773,81659,86891,91917,108098,113528,126226,149517,153392,154125,159102,164821,173607,181053
3214,52264,56419,59447,61000,62671,71425,76719,81986,86766,92720,112669,153204,126891,148960,157535,154132,161761,165338,173690,181247
3215,51793,56753,59171,61184,62396,68151,76116,82794,86472,152805,101326,119003,152917,153084,157451,154620,161772,165565,173897,180517
3216,51696,56146,59285,61105,62198,71049,76630,81749,86506,95612,101465,110058,128852,135796,158359,158746,162721,165080,173871,180684
3217,51901,56096,59026,61658,62262,72032,77162,81709,126538,92476,152940,152940,129006,152696,158957,157451,162725,165945,174492,181205
3218,51762,58234,60267,61770,63770,68732,77439,80881,87772,91921,115049,122294,152399,135891,158049,158359,163958,166045,173982,181129
3219,51660,57550,60181,62060,63750,68706,77364,81581,86709,91959,102348,117351,129749,152803,158994,158957,164572,166878,174314,181474
3220,53350,58112,61150,63240,64703,69902,76913,81923,88670,157610,102260,118966,130968,153758,164939,158682,168280,166476,174674,182631
3221,52261,57947,62573,63781,65227,72131,75439,82021,88278,94875,102005,120509,127469,139936,160373,159145,168566,168453,173900,181730
3222,53279,59315,60602,62621,64439,69567,74861,81917,87534,93920,155102,120815,155837,144449,158265,165137,165483,169054,174180,181688
3223,53378,59255,60592,62920,64810,72706,75126,81825,88428,95017,111317,125694,130411,157368,163082,165446,166235,166240,174458,184229
3224,52502,58229,61152,62743,64975,70090,75759,82625,143047,94069,102733,120459,126896,138758,163650,160311,167106,166540,172802,181921
3225,52277,57885,60948,62849,65115,70260,75782,82725,90466,93326,101470,158505,126651,136034,160601,163223,166119,169844,173264,180369
3226,52513,58234,60238,63399,65573,70165,72226,81188,85288,94825,112373,120580,157787,158505,157787,164666,162615,169145,176643,183131
3227,52491,58676,59653,63517,65571,70070,75907,82551,87608,154971,121474,121795,128791,135377,161424,164247,162994,166158,174990,182443
3228,51722,58229,60448,62707,68927,70790,76730,81732,88369,102462,104425,123720,130428,157948,171844,160761,174275,165956,173640,181580
3229,51998,58032,60585,62919,69375,70856,76594,82842,87184,95037,167258,121938,130440,147063,169408,161372,174345,177878,175508,181579
3230,52219,58430,59482,62981,65453,70376,75448,82889,87826,92930,103478,119608,129373,137918,163360,173256,167734,173947,176624,182425
3231,52196,58366,59299,64154,65847,74342,76560,82186,87344,94782,103263,119192,161180,138969,147813,169408,168044,167937,176456,186834
3232,54119,57856,59567,62614,65507,73351,75870,81761,87823,93858,110683,120599,135615,162411,160821,163360,165318,171357,174078,185287
3233,54257,58170,60524,62242,65544,72965,75867,83693,144194,99899,114020,118425,132138,138680,148069,168044,163297,170951,175270,184036
3234,53977,57748,59910,62831,64394,69299,77114,82636,89630,150836,107390,153201,126247,136299,154106,162731,159325,170563,180182,183237
3235,54425,57279,59766,63264,64365,69162,77623,82335,92268,100593,112835,122464,130249,153031,155600,162549,166279,167296,180878,183450
3236,51968,56759,60788,62653,63662,68345,74543,81724,86588,92129,108012,121340,129503,138483,153566,157939,161855,169468,176479,183590
3237,51915,56477,60918,62668,63842,68086,74291,81733,86865,92185,113064,121661,150788,149992,153906,156388,162891,165537,176547,182192
3238,53319,57860,60767,62091,63761,67498,75912,80330,87105,92724,101759,109024,127685,150322,151002,156906,158770,165826,177676,183205
3239,53462,58596,60818,62073,63774,72729,76998,80891,87270,92835,145289,146187,129151,135589,151707,155604,159176,164342,178022,183222
3240,53553,59045,60213,61657,63586,71436,76919,82368,87346,143613,111927,124737,145746,146187,150961,153140,159341,164886,175564,182487
3241,53393,59277,60237,61649,63722,72390,76012,82246,87201,97634,103657,111343,133165,147340,150871,156375,159100,164730,176315,180329
3242,52092,57908,58413,59770,62230,72123,75412,80685,86208,92032,102723,116679,125009,147073,146784,153092,157000,164731,175888,181563
3243,52186,58022,59161,60033,62430,71669,75518,82280,139098,93188,139950,141783,140146,144551,150410,152658,159620,164595,175835,182837
3244,52450,58488,59710,60288,62520,71994,75664,83726,90748,94985,108565,124688,133318,144459,151564,152250,158420,166032,173529,182376
3245,52404,58590,58773,60504,62825,72144,74968,83740,87538,139567,103015,122607,142044,145716,149937,152774,159784,165163,174950,181662
3246,53382,57790,58774,60956,61736,72671,72974,82378,86875,98475,101564,115317,129508,144659,149730,153670,158873,164492,177792,182466
3247,53298,57982,58724,61132,64007,72603,73038,82425,86357,93139,136521,119376,141994,142499,150127,153588,159149,165623,175940,184270
3248,51166,57451,58457,59610,61050,71068,74941,81694,86224,99305,112200,138763,135793,142395,148666,151904,158019,164170,175986,183197
3249,51499,57458,58666,59986,64496,71623,76495,81809,86921,99464,107069,116015,132336,142373,149528,153770,157814,166246,173693,182063
3250,49916,55256,56951,58513,62811,70358,75828,81473,90958,92368,108021,118406,126828,142907,147265,155119,156142,165552,174770,182659
3251,50752,56064,56938,58044,64907,73300,75646,81799,119894,132758,133231,135887,138631,140597,145952,154227,156884,164860,174474,181447
3252,50754,55636,57579,58177,62337,71633,75369,82121,89381,101849,116213,120696,144425,140335,152454,151337,162074,161831,174638,182046
3253,50540,55666,57540,59077,62032,68946,75950,81124,90168,95024,106493,121583,127057,148081,153870,151378,159147,164486,174787,181959
3254,51751,57065,60059,60223,64451,70096,76409,83799,88070,97926,111452,143311,145138,148324,154309,158245,161911,164094,175308,181555
3255,52196,56865,59219,60881,60957,69568,75368,83651,87973,98724,115407,122455,133150,148945,154068,154709,161491,165686,175883,182840
3256,51362,56251,58010,59100,59952,69777,73488,82969,88361,137810,108890,112529,129879,148657,150551,159193,160309,168372,174777,181421
3257,51460,56481,58397,59439,63387,70045,75123,82877,99624,100244,108169,121063,128010,146490,151127,159006,160754,167895,174473,184128
3258,51613,56205,58222,59878,64185,71036,74234,83591,87518,95790,138039,138441,141330,146428,152476,154028,161676,168175,174477,183182
3259,51237,56354,58206,60617,63994,70900,76975,82952,99124,95582,111340,119475,144751,146422,152930,154992,161987,168554,173872,182515
3260,49951,54684,56680,59847,59040,70455,74095,82413,88098,93506,107205,113156,124693,147279,150530,155502,160481,167848,175766,182260
3261,49476,55122,56853,58537,64280,73216,77631,84285,101079,131919,108145,134173,140546,143354,152496,159018,159881,167184,175712,182995
3262,49024,53961,55492,56994,63603,72276,75285,82503,88138,98442,107205,113899,129621,143749,147839,156102,161441,165136,174843,182955
3263,49032,54202,55494,56901,63911,72814,75052,82961,88214,94515,130848,131216,137441,138047,148728,156245,161832,166330,174098,184833
3264,45876,51009,53231,54040,61401,70894,73513,82243,124204,92938,108331,125465,128842,140421,144638,154519,156994,166886,174683,183708
3265,45679,51125,53299,54068,61158,70732,73262,82999,89613,124652,107463,129066,129232,136584,144855,154056,156601,163197,175101,181718
3266,45051,51409,54219,55254,60167,70592,72862,82895,87374,99110,125883,119293,130720,136849,144672,150921,157326,163835,177146,184484
3267,45197,51419,54464,55507,60477,69902,72860,82545,87405,95806,109151,129330,130557,135091,141858,151435,156366,162995,178663,181629
3268,44421,51139,53817,55230,60537,69001,73016,82481,90185,96679,108251,127885,129598,134490,143897,150341,152825,161851,176521,181904
3269,44543,51144,54075,55312,65479,70202,73986,82308,90267,124482,125544,118829,129751,135303,141988,149654,152737,161940,176416,181487
3270,46075,52420,55613,57170,66836,71237,74258,84591,85178,102718,111907,130629,132141,134111,145755,146430,157526,160451,173927,182214
3271,46035,51081,55661,56881,63613,71120,73770,81090,127672,97226,107016,120399,131763,136336,144290,145353,155353,163958,173842,180446
3272,47288,52832,55602,58803,63974,71434,76455,80862,89053,96936,129297,130318,133125,136578,147359,149128,158690,162550,174065,180866
3273,46913,53200,55782,57727,63745,71982,75888,81490,89021,96714,111285,114046,133665,135492,147555,150156,157394,163433,174947,181431
3274,48278,55991,57527,58601,65676,73707,77332,81059,89858,132615,110247,134029,135794,136517,149806,152656,158449,164226,174074,181508
3275,48383,54174,56954,58434,65737,73159,77054,83187,88938,101648,109487,124864,135300,139881,147384,152225,159565,164984,173781,182315
3276,48012,53444,56071,58649,64776,71906,74707,81743,87817,95102,121985,123559,139927,139956,150369,153336,161132,164777,175348,181725
3277,47997,54291,54698,58789,65354,71661,74881,81929,88177,94220,106575,135568,142572,145011,149757,155656,158302,164180,174962,184131
3278,48323,56188,57132,60266,66076,73187,77146,84135,136151,94103,136773,119755,141456,144770,152174,154439,159124,164664,174674,182647
3279,48247,56804,58688,60188,65918,72420,77493,83890,88020,138171,111777,115951,142807,144269,149511,154828,160688,165696,175953,182442
3280,50747,57171,57850,60058,60684,70521,73714,83357,85384,97934,106364,138042,140592,143938,148922,154931,159099,166205,176506,182710
3281,48286,57239,58470,59574,64243,70898,74613,81684,85855,97137,105809,116369,140217,142257,150342,154191,159523,163173,175096,182439
3282,52960,57307,59322,59842,64375,72242,74191,83660,88343,96504,108419,140919,144334,142867,151393,154177,161805,164004,174668,183713
3283,52572,57649,58740,59863,62497,72559,74659,83151,88305,96497,141646,117452,141521,147849,152211,154645,161820,166784,176641,182007
3284,50044,56851,57945,59828,61722,70496,75671,83740,88481,139245,110045,114305,129853,148213,152147,155836,158693,165370,176437,182438
3285,50147,56754,57739,59239,61607,71276,74933,83865,88896,96528,105577,139745,141189,143862,152705,156211,158339,165738,175730,185192
3286,51118,55645,58703,59757,63089,71852,74788,84324,141887,97890,110849,116727,131493,143391,153101,155214,160173,165078,175009,184329
3287,49185,55612,58658,60072,63458,70239,75432,83162,89631,93694,107587,113282,127177,147425,150229,155697,160446,167210,174566,183351
3288,49652,54138,57395,59104,60322,72108,75583,81449,89409,96980,141319,141881,143434,146470,149014,156214,159716,166134,174513,182910
3289,49691,54446,58043,58715,61066,71935,75709,81927,89024,96095,111271,123598,130443,147063,151818,155975,159835,164054,176280,183839
3290,52065,56474,58775,60458,62410,71822,74691,82596,93095,145543,107672,114485,148473,148582,154843,154840,162621,164154,174742,183285
3291,52044,57084,58929,60329,62359,66998,74469,83049,87845,98222,107474,148375,129898,149698,154776,155248,161581,166688,175869,182889
3292,51582,56292,58094,61049,61888,66270,71942,78032,87013,96355,106020,113310,127662,148938,153836,158257,161833,167089,176165,183800
3293,52199,56060,58622,61073,62049,66241,71945,77905,87112,93725,132441,112816,147617,148398,154868,157194,161198,166843,174577,182205
3294,53656,56044,59289,61091,63089,67725,71134,82416,88077,93406,109872,147745,132097,151449,155074,157406,162789,167593,175731,182484
3295,53971,56076,59076,61141,62363,68190,71832,82123,86071,113002,106710,116403,122483,152139,154821,157901,162667,167855,175724,181964
3296,51193,54844,57737,58950,61127,65548,70786,81953,111188,93292,102647,116068,147352,150222,151884,160120,160207,168486,175074,182221
3297,51148,54653,58292,59946,61335,65654,71727,82556,88518,145784,146977,118515,122646,147469,152215,160005,160725,167296,176800,185118
3298,49066,51495,56546,57116,59260,66063,74594,82301,85240,95279,105827,143458,143458,148081,149861,157127,157101,167081,176148,183601
3299,49015,53075,55968,57362,59969,68179,71228,82716,85500,92452,104896,117604,144243,144427,150085,157410,157285,165157,176474,184049
3300,116,117,117,117,117,117,118,118,118,118,118,118,118,149380,118,154271,118,165013,176566,181750
3301,50946,50724,56819,57811,60868,65781,76129,87798,96558,104580,113836,124465,136505,118,151552,154086,157901,118,175750,181520
3302,49664,51198,56500,60531,74333,96087,103025,123178,148227,148227,148920,148920,149838,137618,153033,118,160529,162166,176937,182194
3303,50759,51951,56683,60855,74102,96319,112998,134854,148611,149290,149290,149290,150302,149992,154030,153743,160998,165155,175770,118
3304,50997,54459,58221,58305,64901,68384,105538,84929,88484,152749,153851,154510,153851,150302,156988,154396,162570,166588,173985,167678
3305,50937,54702,57605,58399,61007,66525,70940,81346,87162,97841,153045,154249,153394,153851,157316,155681,162504,166435,174055,182061
3306,51083,54999,55815,59646,61626,68849,75456,82564,86720,93684,107636,155034,154516,153394,158238,158518,162353,166549,118,180899
3307,51426,55634,56644,59054,61766,68982,70348,82343,139509,93668,103939,117537,154076,154516,158636,158326,162839,166073,166094,182106
3308,51949,56633,58901,60195,63264,68015,71422,82801,89647,93320,104596,117382,156202,154076,161714,159120,164490,166515,174971,182185
3309,51789,57473,57674,60209,62361,68123,72065,82664,86415,157364,104875,157091,157091,156202,162345,159431,165131,166809,174875,181729
3310,53743,57952,58840,61020,63394,72732,72177,83289,86773,96232,161343,121743,131652,157373,165654,161714,169724,166950,175584,181599
3311,54583,57746,58826,60816,63347,72316,70889,77115,86297,93853,114347,116509,121910,162803,163160,161904,166883,170478,175113,182358
3312,53709,58047,60572,62131,64226,71291,71926,85386,86615,94385,106735,113803,164120,162025,165459,166221,169775,170369,175883,181116
3313,54196,57849,60414,62401,64837,67449,72360,78050,86835,96724,105714,109583,129309,164703,165697,166468,170145,173132,175685,183172
3314,57212,58637,60605,62961,64750,68474,74246,122413,86574,92662,108017,161878,127611,164964,161599,168311,166963,172327,176521,183676
3315,56848,56509,60385,62165,64695,72055,74466,83305,133754,122787,106941,122354,127695,161599,162569,166906,166695,169380,176810,183794
3316,53521,58573,60500,61675,64803,71877,73597,78852,91120,98981,104865,117154,161438,141545,162898,163838,167882,173413,177423,185150
3317,54722,58008,60087,62500,65082,71790,71980,78470,87456,94974,162042,121292,131808,161574,163166,165619,168579,170914,174356,184560
3318,55082,59024,60780,61894,64179,69652,72251,78437,86920,96123,117123,115048,120182,138019,160839,166467,167028,171458,177220,183966
3319,54899,58687,60306,62204,64489,69670,72342,78281,87713,159976,105407,123700,127849,136494,160847,167890,167027,169677,176929,184052
3320,55292,59302,60437,62690,64000,69152,72353,78432,87057,98576,113462,159661,159279,160847,160765,164017,165525,170281,177160,184059
3321,54775,57895,60024,62560,64079,69217,72243,81392,86918,94060,107760,118674,128051,136826,160888,164720,166237,170366,178013,185220
3322,51838,57303,59339,61323,63907,68430,72150,78174,91701,94404,107320,113577,118156,128611,157012,163714,164129,170370,177644,182328
3323,51463,57074,58586,61513,63956,68936,72751,82798,129154,97685,107087,114036,156378,156482,159273,163997,164993,170713,177594,182893
3324,50421,57152,57942,59494,62036,68733,72295,83436,88702,95918,106298,113980,125069,156980,161915,161009,167923,170546,174688,184299
3325,50480,56673,57897,60181,62202,68833,72110,83044,87422,95345,108394,157138,122066,138621,159219,160389,166933,170352,177538,183225
3326,50410,55455,56691,58752,61608,66686,71299,82175,85770,97458,108112,118595,154933,158699,156217,162332,164931,170944,180340,185823
3327,50459,55957,56783,58676,61630,66921,70410,82327,87529,154290,154777,112016,122970,127633,158885,161466,163867,164239,179272,185328
3328,50614,54540,57494,58495,61753,70521,73919,78738,87931,101030,110532,111789,121423,154537,159187,159110,163791,164851,176942,183685
3329,50760,55008,57161,59411,61610,72044,74480,128108,87843,97105,107411,155037,154838,139105,159429,159340,164235,167258,177052,182311
3330,52485,54802,57314,59947,61228,67974,76421,85292,137490,98714,104735,116433,124437,157486,154952,160229,163027,167490,177653,183832
3331,52375,53500,57198,59942,60842,68132,76206,84237,95067,97174,104746,114764,152346,134134,155074,160920,163131,168049,177699,183734
3332,51162,54693,55845,58857,60680,67011,71068,77714,87801,99260,105168,113424,123378,153306,155979,155150,163566,168129,175661,185544
3333,51272,53509,57527,58886,60870,67286,71198,82466,88058,98156,151043,151043,124092,136266,156176,155255,164235,168689,176245,183648
3334,50501,53656,56649,57470,60120,65324,69426,79951,87839,96157,108445,115104,147260,154354,154210,157925,162263,168779,177371,183929
3335,50615,52878,55588,57585,60017,65147,73940,81581,87137,98477,107462,113571,123050,131404,153964,159192,158870,166996,177620,184294
3336,48687,51031,55166,56649,58930,64215,69687,80097,82063,143126,106936,144239,144239,149763,148511,155125,158931,168620,177281,184747
3337,48175,50782,55152,56563,58746,65256,70078,80311,86355,99200,106200,118109,144695,144674,148823,154524,159040,165779,177544,183803
3338,47428,49363,52860,54715,56757,63479,67841,79035,127370,93834,106053,113978,124124,149074,146805,153063,157620,166061,177420,184958
3339,47136,49558,53410,54937,56955,65012,68804,77451,91386,95268,141313,141313,141313,145020,149435,153404,160561,164815,177071,181651
3340,44852,48430,50819,53750,55862,64025,67453,76768,88969,93557,110158,117547,124128,145785,148003,150974,157435,164728,176738,182620
3341,46378,48592,52206,53807,55601,64636,99527,76721,88575,95200,106933,112395,140036,142688,147983,152064,156790,162540,176675,182377
3342,45159,48195,51431,54057,55864,63340,69116,82061,88464,138400,108187,139183,139237,142537,148300,150421,154477,162738,174018,182817
3343,45213,48101,51661,54097,56368,63493,67124,84199,89954,101612,107867,116313,142166,141979,148318,149898,154784,162967,176381,181078
3344,45721,51195,52893,55524,57498,65028,69935,83965,91257,97827,144233,123468,128668,142325,152900,149338,157923,162918,174514,182934
3345,45847,50859,52654,55271,57427,64801,68776,76790,91141,96556,110103,143417,143417,147427,147886,150244,156158,165182,174377,182298
3346,44170,50279,52523,56118,58167,66052,69123,131150,92180,98536,107243,117689,127103,147202,149970,155187,158025,161602,174970,181814
3347,45175,50344,53288,56627,58925,63286,69064,88208,92348,96468,106748,114576,145562,148741,150049,154429,158121,165759,173448,183518
3348,45752,50550,53694,56183,58547,63335,74722,76644,87582,151762,110716,152257,125667,148994,155331,156380,162158,165825,172952,180925
3349,47805,50482,53072,56188,58646,63433,69241,76708,137254,103582,106860,117449,152138,155331,155782,156624,162493,166366,174227,181677
3350,47418,50380,53800,56649,58073,64624,91606,77249,91732,97474,153836,116908,125923,152045,157627,161343,166925,165475,175943,181508
3351,45696,48962,53831,56717,58007,64132,69161,77386,87425,97712,110829,112853,125781,134589,157754,157861,167146,167014,174617,183818
3352,48592,51288,54849,57227,58987,64252,75795,78240,88266,99561,108108,157786,157786,153961,160861,157960,166429,164828,177012,184594
3353,46111,51335,54831,56782,59014,64581,67282,81132,88654,99590,107466,121195,130305,157786,161168,157473,166908,168371,175291,184942
3354,46750,48915,53984,56355,57346,64064,67388,78923,91038,97481,107422,114846,124928,138418,162906,164091,167157,167847,178420,184334
3355,46722,48847,54625,55467,57639,64292,67471,79622,87588,97773,107878,114877,124299,133738,161833,164932,167034,168549,176065,185198
3356,46352,52046,53107,56364,58559,64587,77603,82721,88630,97818,107860,115497,158700,156135,162788,162894,167365,168366,177094,183578
3357,46836,51801,54413,56869,58543,64450,68122,81488,88631,97727,156477,157653,129758,139648,163615,161671,167267,167470,177351,182214
3358,46675,52314,56105,57395,59545,64555,78532,80972,84986,156300,114145,122640,124607,158876,164900,163720,168801,167598,176468,183172
3359,48411,51441,56196,57721,59841,64528,72264,81168,143407,101416,108974,115813,158865,141982,165063,164328,169096,169138,175879,183147
3360,48015,52433,55093,57802,61830,65797,69974,83834,95472,102352,111417,119539,135005,135979,166055,165455,172015,168681,175521,183256
3361,47858,51223,56310,57771,61652,64377,69734,80292,89366,96980,108847,116553,125486,165312,166183,165761,172331,175466,175234,180079
3362,48898,52154,56147,59454,62664,68829,100877,109286,88339,97142,110930,118889,127386,137824,169454,171844,176446,175086,177324,180931
3363,48194,51999,57031,60473,63158,69140,72464,84897,88559,97331,110882,153962,128006,138534,170002,171813,176492,179190,176866,182959
3364,51127,52741,59116,62295,63950,71311,73238,83850,89712,98221,109983,125512,176901,170002,177965,175913,183492,176842,174523,182189
3365,50625,53523,58974,61837,64353,70684,73130,82152,86436,100117,110139,119364,131911,143076,177879,170994,183393,184293,176742,185535
3366,51532,55328,62076,62784,65689,72969,75967,83630,87861,100778,109261,119368,129008,131733,158025,178321,184301,183858,179573,183425
3367,53114,54741,57815,62805,65797,73135,76019,82913,87699,96875,125553,118734,126845,136403,145178,178146,185123,185180,177359,189851
3368,54873,54474,62315,65303,66725,73094,73930,84011,89847,98854,110961,119303,127520,178800,182278,179543,188126,185578,181035,189513
3369,54500,55013,62898,65441,66938,73626,73660,84206,90227,162899,111096,116322,128520,138814,148376,180239,183087,188475,181000,190971
3370,53637,59095,61629,66505,67910,71387,75228,85552,132007,106067,114080,190400,132164,135996,155417,183287,194320,188311,188419,190415
3371,53140,59758,61405,66111,68317,70898,73071,85073,91866,97623,104901,124566,124785,142940,144228,183334,193660,199276,188054,194787
3372,54858,54674,61586,65407,67285,73068,75665,80731,91030,95816,190285,114288,190413,133796,143930,193812,191315,193646,191907,195038
3373,54603,60517,62396,64872,66624,73373,75648,81042,90649,96241,112470,114228,133466,190413,190442,193660,190442,191315,189711,202991
3374,56417,56094,59668,65520,67705,71545,76360,85148,92424,95994,106406,119301,119479,139328,150389,190469,187982,190442,194009,199369
3375,56529,56135,60562,64776,65968,71237,72637,85109,90416,96646,105194,117119,120050,132431,149999,156870,187592,187982,189075,196151
3376,53860,60009,61918,64128,65940,70430,71202,83100,89407,94672,102316,112404,124650,135935,148678,154778,183065,193008,199333,200524
3377,54184,60759,61776,63974,65929,70510,72532,85019,89333,94770,106645,112298,128106,133293,147807,187592,183421,186594,199369,196273
3378,53027,59858,60228,63470,65796,69967,73092,82735,88696,112362,104387,113533,175167,143904,174996,159716,175995,187223,196151,196145
3379,54201,60565,60322,63742,66475,70127,73462,86235,88667,97967,105412,176081,129040,174996,153410,152158,180497,179473,196676,191317
3380,54580,60291,62200,64086,66977,71322,77811,86133,88495,96008,109814,121684,123418,142272,143536,175343,178995,180106,193878,191871
3381,54116,60011,60080,64383,66590,73028,77886,86567,99012,158520,109288,115571,123962,135570,150506,156664,179523,179271,193641,189146
3382,52860,60369,61421,63563,66245,73946,76460,84902,91860,104825,122990,115692,124681,135997,177399,174642,181312,179829,186543,189200
3383,53046,60607,61369,63889,67496,74494,76625,84722,88631,99196,108327,115609,176449,131521,146803,175262,181846,182453,187011,189764
3384,54551,57810,62607,65986,67657,73626,80504,85997,141426,103688,115577,125961,146542,177307,162899,156470,214782,182308,182531,189773
3385,56510,61692,62209,64784,69035,72296,76024,84833,91055,96997,107369,112218,125938,149676,152856,177802,166899,215514,186892,189674
3386,54808,59311,61258,64677,67971,73668,76244,82445,88196,95018,180358,200972,125950,136895,149123,179645,163655,212212,185383,189677
3387,54539,59614,61985,64709,67206,73524,75780,83740,89211,94725,116829,123142,127714,128880,149528,154205,204584,203913,185876,219544
3388,55754,59277,61005,65894,67758,73921,74711,82142,84649,99530,105890,117501,126523,181823,202162,152932,170969,204977,186634,215522
3389,55625,59233,61579,66072,67891,74815,74729,84173,91661,99762,107507,119515,126517,135002,144878,204371,164071,203357,187227,209087
3390,54805,58769,63305,65896,67476,74411,76128,81339,87322,94744,109836,117768,124572,134744,144540,159101,197872,203882,216708,208868
3391,54852,57940,62928,65809,67115,74004,76018,86223,87744,145576,106449,114855,196042,132184,144998,156339,170889,198035,211265,209090
3392,55506,57621,62558,65643,68262,74793,75803,83861,87155,95818,105943,113932,126445,161532,145867,150598,166608,197742,203913,208884
3393,57196,57732,62890,65585,69153,74867,76659,83329,86915,95936,106133,114917,123932,130659,192525,198098,166203,193895,204325,200994
3394,54562,57672,61547,64477,68122,69810,69903,82915,141598,99458,104798,115126,123734,146059,151456,156395,191119,194343,203944,200860
3395,54332,58709,61551,64579,68150,71717,70634,82499,90624,99290,104728,116072,121559,145450,144864,159129,166118,191972,204666,197289
3396,53683,54644,59143,64352,66763,68037,70091,83543,88243,96113,157691,118034,122186,156887,142387,152744,191262,191852,198321,197762
3397,51711,55674,59287,63326,66912,68613,70692,83216,88039,96403,111582,190373,190373,137332,143330,191039,166420,192437,200860,198350
3398,51529,57148,59295,59585,65279,67264,67852,81102,86157,153875,105807,119367,125954,130827,186749,153650,188557,192676,197058,198143
3399,52255,53911,55838,59666,65317,67729,76241,78177,86691,102629,105487,115677,122359,186749,150471,153868,164400,188006,196864,199461
3400,52470,56005,55235,60271,63952,65717,75846,83056,85171,96576,106135,112657,122378,135729,150929,188281,189908,188853,195093,199740
3401,52867,54985,57031,60551,64621,66806,68145,80977,84310,96064,106285,113073,121792,131451,143397,152767,165290,191015,194965,195622
3402,52168,55099,56698,61021,63538,65266,68067,76932,142117,95309,105138,111562,187390,130082,188445,152339,189328,190374,195492,198460
3403,51538,54871,56182,61291,64027,65180,69886,76809,91064,95535,188487,112340,127548,187637,151218,189366,167206,190403,195721,198613
3404,51041,54685,56594,60602,65167,70449,72850,79921,85073,97181,115293,195653,124101,135344,144846,150489,197078,190777,191879,193604
3405,50702,54669,56485,60452,64413,70734,69821,78703,85842,95013,108724,123350,123450,133083,144709,189276,170344,197444,192686,193809
3406,53921,55561,57038,61239,66035,69928,71855,81472,86168,167465,105899,118292,125453,131119,148306,157546,174334,170544,193932,194106
3407,53952,55528,57637,61493,66105,70237,72413,80719,84565,99085,106147,115086,123976,204700,205161,156186,162486,205803,193340,201736
3408,56123,58452,60601,64989,68465,72466,74048,81457,85717,98381,107418,113161,217852,135549,155123,186108,218068,175666,193809,201189
3409,53963,58066,61461,63660,68814,72367,73990,86612,90452,95647,105065,112184,130618,135747,147003,160085,171018,218407,194106,208297
3410,57048,58426,62216,65176,67460,72579,74239,81130,133173,96601,104212,117219,118738,134214,143809,158458,167857,172255,200070,208867
3411,57262,61166,62140,64585,65654,72572,73912,80659,85998,91774,103881,116338,119008,133872,146885,158323,167331,170263,199721,224592
3412,59045,59564,60675,66101,66798,72799,74064,82762,87588,96008,111650,117070,119856,131074,148352,213580,168421,213290,208297,222172
3413,59142,61638,61322,66228,66688,72039,74054,83167,85821,95480,111659,210281,120126,210898,145421,156916,168388,180532,206876,218074
3414,56237,61013,62815,65418,66154,70816,75383,80882,87735,93325,105956,116368,120279,140822,207791,157695,208168,172000,220080,217130
3415,58623,60418,62394,65383,65984,70954,74642,80735,89577,155018,186095,115621,205828,134973,152988,159488,166601,208310,219174,213047
3416,53976,57177,61319,65121,67747,72001,73543,86933,86716,101605,113597,113366,132990,135971,152967,155639,166683,178093,214645,213587
3417,57096,56722,60762,64976,67349,71973,73902,81308,131242,95920,106302,113388,131853,135969,147726,155610,167845,178857,213803,209640
3418,56925,57353,62391,62517,66197,70544,73827,83476,90250,93166,107096,113624,124760,133450,141925,205260,205287,206036,212578,212165
3419,56477,59745,61670,63175,66450,71933,73350,81431,89971,96262,106536,113687,126047,130920,145206,162422,167107,177348,212885,210664
3420,56771,58791,60511,65091,68554,70859,73615,90259,88549,96651,106698,117020,128659,205226,144159,158214,167606,177902,208806,210439
3421,59268,59026,63847,65506,69008,71734,73941,84301,90099,96419,107117,117043,129027,137961,205290,158424,167794,205488,208383,209801
3422,57591,59319,61754,66138,67909,71739,73113,79579,84744,139051,105284,111993,125481,131619,147768,152337,201250,179508,206476,210576
3423,58452,59005,62465,66194,67969,71782,73577,85760,85040,100948,106728,200200,125628,129255,148503,205411,172310,172780,206770,209657
3424,55683,60236,61189,66464,67022,71506,73164,79554,90710,97233,107267,122521,126373,129954,150036,158390,165168,202099,206196,209846
3425,55436,60638,61578,66307,66791,70659,72517,79854,117275,97176,107329,112973,181272,182464,149190,151526,165122,174947,206779,205968
3426,55571,58468,61704,64603,67356,71327,72978,95996,90031,96940,181602,111614,126073,134885,146748,152145,202833,202177,185308,206003
3427,55075,58381,61882,63854,67559,71821,73432,84867,88452,96825,112073,111562,126310,131096,146952,201421,174630,176968,206426,209744
3428,53708,58226,60150,64648,66660,70443,71842,83512,90817,96783,106440,111148,126900,130135,200647,160847,162052,203872,201946,209475
3429,53934,58825,60598,61958,66601,70813,72012,79311,91903,165154,106532,111562,127311,201231,146650,151010,201923,175401,189848,210401
3430,54345,56835,61216,62140,66058,70850,72426,78362,85008,98166,106138,197336,124097,137505,146175,149336,170094,173750,203290,210796
3431,54453,56723,59962,62383,66107,70267,71479,82303,96388,96414,106972,121385,198269,131373,146024,201659,160025,199768,190420,209227
3432,53986,56815,59249,64566,66797,71167,72156,80191,85404,101088,108199,118189,133112,131910,150039,158116,207642,172492,203646,208515
3433,54043,56776,58537,64624,67471,71262,72506,90274,140315,101632,107595,118470,126131,138241,172537,155128,162720,208145,203872,206233
3434,54084,57291,59801,62853,66267,70553,72383,82230,92042,94496,111308,111620,124610,130992,147762,160129,165363,175838,188905,206111
3435,54850,57380,61054,64183,66236,70412,72053,85391,89790,96167,111569,115628,124362,206986,146743,153280,165640,208681,203077,213067
3436,57441,59585,61523,63804,66428,70926,73008,79215,84526,93133,107667,111573,123435,136830,205375,208288,205745,177163,186398,213378
3437,55624,58876,62136,64475,66476,71118,73109,79018,84309,95688,141637,112049,123367,129207,147037,162258,165354,176024,201308,211333
3438,56259,59501,61446,65225,67434,72174,72494,90168,88431,141759,110037,112374,123533,130265,150628,151243,164193,206660,210947,213171
3439,57590,59603,60923,65462,67353,72003,72634,79781,84797,97506,107687,205199,205474,129556,151047,151512,206845,177003,182754,211814
3440,55618,58660,62529,63904,67489,72318,72762,79576,89249,93919,109673,118602,124895,206214,150068,205873,162983,177354,209687,212342
3441,56010,58558,62563,66639,67811,71978,72277,105267,139715,96311,109603,118044,125588,137233,149088,162323,162605,205366,182511,212127
3442,55868,59568,61052,65107,67590,70838,73205,85515,88461,97872,106295,115930,122093,131208,150074,150606,200134,178991,207188,212842
3443,55923,59078,60819,67202,67568,71009,72705,85794,89244,99166,180094,115992,122144,130659,146127,150564,172664,174933,207870,210274
3444,55700,57399,61599,64504,67312,71267,72839,83618,88316,112089,110456,114608,124093,135865,196349,200134,162996,200639,182089,209748
3445,54313,57799,63701,64459,67195,71113,72594,85256,88474,94710,110093,113151,123987,134198,158327,159855,162334,174483,208062,204199
3446,55093,56717,59312,64976,66735,70009,72962,84762,88803,148450,107402,116229,194529,195906,143583,149288,197988,197754,182320,204770
3447,55425,57307,58391,64682,66684,70576,73173,84656,88897,102700,107267,116122,133130,143168,143713,154323,172171,173614,205421,202149
3448,52333,58537,58250,63512,66232,70310,72141,85088,88696,94968,109191,173134,124067,132255,144335,197988,166706,198404,201571,201730
3449,52361,57841,58530,63815,66964,70032,72001,85293,89351,98659,109985,121934,124555,131097,144394,156973,194694,194015,201974,203919
3450,56359,60094,58456,65282,67130,71333,72670,84850,86122,95340,109343,112201,121937,130578,196787,152290,170943,180738,186216,204348
3451,54901,60102,58532,65644,66213,71121,71982,83971,147088,94180,107350,115284,122308,196146,153048,154301,167796,197229,201481,199322
3452,56612,60350,59775,64443,68025,71883,73698,83758,91803,95020,111244,113430,137428,143679,147860,196390,197449,171675,202476,199984
3453,56273,60694,62695,64244,68121,71888,73821,86454,85761,148273,111242,113323,122022,131755,148082,156877,170780,197449,203105,201014
3454,54874,59486,60017,63083,68838,73464,75506,85818,91310,101969,107702,200025,199947,133817,148981,156448,172909,171980,185736,201029
3455,54858,59275,59918,64442,68630,73185,75500,82563,91130,98819,109511,120838,132446,137179,148992,156675,163106,202964,199117,201955
3456,54912,59046,62818,63833,68688,73280,80010,83843,91510,96988,173515,116300,128531,137617,210082,202188,211521,176038,200745,202276
3457,54732,58039,64144,63242,68837,73757,73768,81749,90360,95454,112436,113350,128981,139672,151797,159826,167475,210893,200547,209277
3458,54219,58329,61714,67249,69220,73826,75352,81148,93201,97421,111284,116686,127681,210449,146104,153855,168078,179840,201955,208730
3459,53802,58160,62534,67089,69301,74347,75622,81902,90927,97282,108083,116625,122216,140205,148409,154464,168349,172604,187408,214988
3460,58071,60754,63565,64745,70589,74088,77389,85524,90504,100293,106669,116396,123389,131617,146038,211010,208061,211890,207187,215296
3461,58002,59403,61118,64996,68474,75387,76991,85653,90956,97766,107066,117419,130419,131598,145871,158432,167489,177335,202465,214955
3462,58671,62873,63795,66580,70272,74648,76682,87216,90127,155720,106214,112920,171314,131759,147990,156609,166437,170080,195467,215413
3463,57307,62285,63591,68874,70285,74878,76687,89735,91196,99969,106806,113035,126477,136811,187933,157563,167493,206319,183449,208552
3464,57748,62030,64956,67156,69504,72627,74928,84247,93135,96560,106018,198179,121750,137127,146779,157015,182509,175711,212250,212416
3465,57374,59365,61895,67827,69752,73501,74498,83596,93895,96127,107078,120713,121609,199353,146566,158137,171859,200842,185536,210516
3466,53893,62182,63722,66490,68428,72712,74025,86871,93293,97521,177613,111610,177723,141562,147042,200842,180335,175301,208552,211188
3467,56642,61032,64559,66525,68656,72584,74076,87490,93025,98518,109943,112102,134366,136749,147178,163021,172143,196747,193420,204488
3468,54364,60862,61688,67801,67871,71308,73236,86690,89857,95427,105883,111719,120623,137200,190600,150328,189670,176346,206319,204300
3469,55894,60959,62946,66946,68878,71625,73632,87675,91922,99811,107661,112980,124046,135148,151626,154085,169271,189670,181354,200992
3470,53944,60757,63245,67461,69272,71613,73572,87833,89795,99617,106735,113644,120964,135481,149284,189670,170488,191120,200842,201316
3471,54051,60609,62748,65867,68908,72292,73278,87552,90895,156695,107076,187069,157789,130281,149548,153729,189777,189502,200254,197206
3472,53440,61602,64259,66004,68423,70990,72606,81882,107100,100309,106532,115627,123101,187528,145461,159859,161866,178199,196747,198103
3473,53032,60550,63701,65979,68357,70850,74949,84252,88732,97207,107878,111824,123588,135524,182427,187528,183366,182792,201257,196074
3474,55318,59458,62351,64772,65973,71064,73976,84276,89178,95845,107624,111819,179385,129222,145347,157524,179953,186308,195721,199873
3475,55259,60324,62283,64112,65801,70645,74239,84723,89536,96899,106714,113384,132589,128100,145176,157246,168422,183918,195409,192140
3476,52911,56487,60498,62945,66270,68226,71374,82798,120490,98520,172474,110600,119507,179716,141630,179953,174726,183313,193492,192734
3477,55136,56487,61308,62960,64258,68386,72038,83661,91787,96976,110872,173014,119968,129408,173906,159753,177647,177844,193175,190951
3478,51682,55581,58760,60239,62864,66040,70426,84845,92914,94423,105439,117918,118819,130008,147666,153005,174495,178153,187696,191063
3479,51458,55688,57892,60762,62514,66457,70660,83902,89513,109984,105602,112400,171246,170548,171246,174281,175038,176218,187918,188398
3480,49176,53474,55348,58648,60843,66378,68824,84071,89584,98180,105725,112737,129120,137324,150626,170626,177846,176790,186539,186261
3481,48735,56518,58439,59580,61939,66609,69273,83943,89795,119013,105504,112442,129558,130671,141280,149779,177719,178624,186050,186448
3482,49239,54602,57832,59897,62988,69755,70337,84514,89852,99508,109817,125318,127736,174428,173636,174089,176974,179006,182077,186492
3483,49450,55178,57780,59023,62863,65823,74110,84793,89973,99299,109588,119384,127404,137359,150312,174428,177466,176974,183959,187069
3484,47769,54466,55165,58807,60678,65200,67658,82479,88040,98660,105147,171600,171600,130747,140800,151134,176437,177466,181824,189661
3485,49475,54437,56442,58761,60651,65109,67478,82298,142342,121204,171177,119626,127836,171709,172697,173576,176312,176437,181525,188336
3486,47786,51244,54988,57374,59018,61946,65987,82440,89274,95501,109250,111702,127269,137002,147467,172740,173068,176312,184940,188780
3487,46841,51125,52707,57616,59487,62570,65656,82551,88579,95176,102328,111140,127373,129007,169669,172697,172967,174391,185903,185553
3488,45865,50704,53117,56168,57963,61563,63704,79389,85078,127019,101004,109311,124600,169680,145886,148801,168994,173674,183561,183853
3489,45500,49888,52938,55872,58282,63759,64882,79956,85428,97990,105692,165700,139360,134050,166574,169669,169094,169621,184187,183114
3490,46733,51885,53833,56108,58968,60940,65077,79046,88378,94884,101417,116481,124920,130978,146531,166068,170015,170140,181041,182635
3491,46337,52421,53731,56009,58486,61586,65605,79188,87292,95087,165277,110300,166582,166326,166932,166802,170210,170378,180806,179546
3492,43319,51775,53187,56543,57813,62302,64617,74584,86858,162198,107007,108581,126245,135897,144328,167798,165307,170554,179434,181323
3493,43342,51681,53369,55955,58062,63828,66011,74731,93393,98901,105282,162155,124261,129462,163811,167725,165859,166458,179740,182588
3494,44790,49683,53791,56300,59013,65143,73084,76547,99246,95376,105219,114899,124370,163323,147128,163616,166528,171064,175142,183325
3495,44036,49491,53615,56368,59154,69904,67235,76158,89163,95919,105519,112439,163304,135508,163795,165572,166105,169071,175473,183308
3496,45658,53684,56693,59785,61293,67246,72525,77382,93642,97113,106715,114680,126435,163304,146454,165977,169386,168979,175724,182517
3497,45869,53859,56974,60016,61362,63681,68991,77729,93668,95874,104415,164936,125205,133850,166970,164354,169540,171737,175520,183496
3498,46449,52473,56987,60040,63030,65184,69021,80119,95403,96483,161812,113949,123163,166040,146003,168554,165970,169497,174957,183496
3499,46484,52352,57368,60310,63240,71936,74321,77916,92552,96605,108900,114772,162209,132094,164303,167690,165046,167451,174713,185552
3500,48171,51407,56343,59089,60868,67094,70228,80694,89954,94506,102843,108559,119943,130477,141096,163486,162939,171366,174926,185206
3501,48754,51994,55475,59123,61151,66800,70561,82974,142677,156169,104232,113487,118831,158357,158400,163836,163110,168210,173868,178998
3502,48341,52558,56605,58378,60266,64845,72973,78384,91910,96384,104466,152050,152201,132139,154539,159882,159972,168065,175110,180556
3503,48299,53968,56608,59450,60413,65502,75082,84313,90402,95805,104316,115791,122607,152465,154882,161320,160871,166925,175128,179044
3504,46829,54097,56307,58884,60744,69104,71989,86914,91341,95632,152790,112240,154175,151890,155444,156263,159015,164345,174638,178990
3505,47247,53895,55973,58607,60705,66037,75955,83841,91111,95728,109506,153854,124137,135221,157638,156699,161389,165061,175360,180698
3506,46429,52129,53620,56787,58496,66794,70342,79119,89245,92995,104131,117448,154129,154367,155850,158296,161300,164272,173801,180318
3507,46640,52195,54226,56920,59511,67309,73663,82783,89103,103987,107243,113722,123681,153895,155282,157508,161772,167426,173639,184678
3508,44910,50670,53510,56790,57850,66798,71868,85040,87415,115584,106778,117079,124624,127746,163189,159329,165520,166492,173344,181816
3509,44628,50662,53373,57762,59533,67132,67657,78845,86374,99300,104929,162057,162732,161780,164466,156769,165716,169610,173859,183681
3510,44718,51904,52473,56908,59015,63797,67581,78371,82484,89904,162918,116799,126932,134408,142921,164390,165464,169797,175213,182278
3511,44293,51871,52938,56360,58287,64926,67626,125855,83700,162255,107177,108844,124205,162918,164739,164120,164958,167213,176949,181843
3512,44997,54190,55658,57553,60518,65764,75272,81580,136130,95335,103015,109326,149171,132840,165309,163465,167199,168989,173798,182085
3513,45065,53288,55463,57655,60687,66247,72687,82042,87713,90828,105863,163092,125028,164987,142101,164782,165045,167321,173626,180652
3514,46642,52339,57631,57783,59746,71158,75001,80296,86091,91580,105183,113308,120418,131159,158067,165231,160132,165212,175346,180277
3515,46798,52654,57619,57796,59850,72274,74113,80154,87207,97277,107281,112308,157796,123911,159041,163775,160091,162190,175033,180376
3516,49964,56216,58269,61339,62525,68809,76078,79574,87113,98806,156237,113958,120166,157796,156388,158370,161288,164743,173203,178458
3517,50317,56195,59272,61413,62349,67931,76409,83824,86245,96004,103297,156646,156646,156237,156944,160106,163639,165313,175707,179281
3518,51008,56404,59635,60892,63740,67042,76493,83347,103510,157941,107824,115967,124939,126917,159038,158161,167375,166381,172074,180377
3519,51043,55767,59791,61240,63040,67396,71717,81371,90073,98846,106596,114349,123987,157941,159133,158052,165187,169858,172863,179965
3520,51875,58467,61262,62961,65488,69403,73253,83447,89016,98604,107585,113895,165353,158546,147884,161474,172585,170811,174010,179515
3521,52148,57763,61302,63048,64473,70884,70445,85914,93232,98768,105487,165580,123597,137423,165580,160652,172000,176337,174168,180915
3522,50455,56544,60723,63299,64498,66131,70587,86498,97713,98756,164761,115818,122664,151002,149897,166824,170877,173912,172933,181503
3523,51732,55816,60165,62824,63557,66700,72234,87889,91024,97267,107750,112765,139074,137159,166381,167119,170905,174304,172967,184461
3524,50147,54595,59770,60673,62246,64100,68078,78896,89028,96631,102431,110325,119758,165129,146127,166917,165600,174724,174566,183492
3525,50481,55380,59678,60888,62831,67770,71421,78455,131221,98591,105513,112416,157575,128877,160383,167691,165375,169880,175902,184070
3526,48494,53364,57874,59354,61024,65002,71728,82191,89069,97065,104864,156722,120524,157847,144907,162321,167282,169104,180680,184376
3527,48860,53250,57956,59500,61113,65500,70575,82449,88351,109037,105570,111334,156848,128945,157742,163124,167020,169959,180301,183017
3528,50253,55440,60414,61422,62029,67926,76946,86792,89076,99840,147431,113601,125417,156977,163050,162711,167387,168247,179012,184227
3529,50050,54856,60053,61256,62358,69069,79151,86451,87913,106737,107551,163779,124559,133960,163779,162439,168061,171952,179995,183767
3530,47000,52206,56724,58453,59859,65795,71124,76270,85669,93392,105047,115220,155443,163779,142688,165638,167370,173136,176041,183318
3531,46307,51816,57059,58684,59762,65546,71274,81580,87675,154934,107922,112750,125474,132123,157023,164278,165581,171034,176954,188672
3532,46100,51574,56287,57522,59249,66148,70597,84250,100334,97869,105774,112844,120870,155484,156962,158257,163101,172294,176294,185954
3533,46147,51536,55639,57671,59200,66387,71066,84320,91092,97307,127567,138396,152575,134277,156473,159437,165820,170103,176946,182507
3534,47153,52381,55612,57598,59034,65598,69824,82546,89823,96276,104753,115963,127033,152835,152959,160293,165028,170304,181630,186533
3535,46540,52387,55786,57331,59211,65852,74276,79686,100313,96188,105195,111730,130481,132952,157072,160343,164620,168815,181965,182829
3536,47174,52361,54510,56202,57574,64480,70679,78183,85989,93617,142620,142620,143587,150512,151733,160679,162342,168572,179471,185699
3537,46828,53293,54584,56215,60906,65941,76792,78190,119708,94037,111164,116988,124847,146420,149012,160235,163291,165241,182322,184756
3538,46216,51835,53163,54293,56843,65808,69267,75978,88175,138581,108037,121726,139463,146590,149832,155972,158815,168553,179187,184906
3539,47049,52068,52925,54330,59047,65061,76312,76433,88802,100325,107998,139234,140120,142825,148843,159859,162264,168002,179158,183613
3540,44995,50713,52286,53209,55304,65145,69385,122258,86903,96086,105981,116092,125197,143755,145695,154787,157005,167937,176357,183698
3541,45766,50264,51698,53900,55485,64930,76720,82883,84267,96601,134122,111984,135453,139354,147636,154429,160187,165056,176813,182047
3542,46319,50792,52262,53385,54735,65330,69709,79772,121036,96646,108226,133928,134640,139362,144009,151203,159112,167024,176218,183402
3543,46252,50872,51904,53713,54872,65426,74919,79085,91607,102011,108424,133660,135636,138685,144602,151229,157672,165837,174878,181217
3544,46906,51724,52561,54737,56015,67090,71200,80455,90820,135318,109319,114599,137832,137665,146284,152373,160217,167116,176372,182667
3545,46996,51643,52612,54695,55891,67363,73345,80133,86624,98187,135102,135102,137390,141164,146730,150660,160688,166648,176996,183340
3546,45994,50373,50810,53329,55123,65581,71010,80557,85425,92703,108331,113611,133223,140351,146604,151323,157216,166161,175067,182840
3547,46238,50442,49959,52497,60230,64817,82154,80627,85408,94120,108625,132979,134735,137181,144193,151178,157731,164432,175181,183015
3548,45335,49750,50745,52526,58558,64860,72071,79636,131235,91547,104213,117001,134272,137106,143646,150999,156153,163367,174148,182349
3549,45414,49719,50682,52094,60306,64062,72527,80031,87270,132040,132040,132040,133783,138454,144191,150350,157118,163455,173011,181572
3550,45202,49774,51190,52319,58141,64914,71135,78167,85267,95133,103759,111158,136664,138869,146805,149790,156964,163608,174692,182454
3551,45093,49694,51355,52327,58011,64363,68843,78168,85135,94629,102247,134819,136818,138646,146260,152143,156460,164783,174459,179619
3552,44773,50045,51245,52144,58803,69572,69488,126207,85320,139089,139089,139089,142411,138654,145917,153132,159356,164632,173268,180187
3553,44748,50183,51704,52232,54517,65956,96535,82092,85415,94544,105226,113438,139830,143531,145663,150584,159904,165158,174106,179854
3554,44224,51249,52993,53792,54871,68288,72518,81923,138311,94137,102924,118742,125100,143773,145843,150657,154795,164409,172253,180555
3555,44568,51243,52208,53665,55100,65418,72668,81738,89266,91980,137990,138465,138868,142575,145052,151455,154797,164288,173359,181422
3556,46024,52747,54571,55597,57293,67286,76345,83550,87913,93361,105970,116004,142347,142680,147572,148979,157463,165062,174912,180554
3557,46192,52725,54890,55056,57078,68924,76251,78561,84464,142271,102939,142560,120644,143867,148979,149310,155369,164689,173523,180059
3558,48245,53141,55559,55926,58329,67648,75464,82217,86933,94308,140437,116213,140830,143435,147386,151362,157156,164673,174244,179504
3559,46655,52962,54936,56412,57502,67972,71373,81926,87634,93969,106945,112662,141725,141314,146752,151770,155698,164251,173899,181140
3560,48039,52839,55146,55687,58257,67282,74982,83198,88065,93664,108657,138342,125319,143544,144212,152536,154082,167439,174996,181461
3561,48016,52955,55269,56003,58065,67894,75035,84435,98369,137300,107811,115532,138757,141678,144616,152849,158756,163953,174717,181687
3562,48850,53562,54631,57322,58870,68187,72151,85579,90048,95601,103082,138907,139722,141722,144180,149746,159687,165491,175126,180731
3563,49024,53644,54775,57613,58400,68608,71980,82804,92423,93813,139067,119132,140313,141037,146640,152560,160106,163449,175355,180677
3564,49669,53571,55025,57817,57665,69139,72454,84038,107587,94914,109018,115773,124854,141319,145941,153380,160842,163987,173283,181525
3565,49593,53658,55096,57908,58041,69177,71752,83990,89539,94602,106604,141372,141372,143456,146633,153915,155391,165758,175117,182126
3566,49491,54351,57140,59661,59730,69178,71151,84436,89735,141691,104732,114807,143322,143239,148158,151264,157618,165711,174654,182106
3567,49500,54845,57079,59703,59418,65223,73435,84006,90201,96165,142082,109892,122334,144885,148294,149737,156827,164943,174026,183317
3568,47792,53191,55713,57702,58504,63543,70247,83844,89071,92845,111469,143007,143530,143722,146656,150764,154379,164355,174821,181101
3569,47838,53329,55837,57248,58505,63225,71947,83075,142830,92632,109015,110841,124168,144239,146952,151099,154913,163870,174727,181627
3570,48602,54044,56894,58570,59302,64726,72141,84761,89025,112964,105177,146956,147207,144467,150105,150191,156316,165227,174933,181272
3571,48617,53823,56797,58324,59748,64602,71346,84339,88134,94808,101526,111365,122509,147590,149929,150831,160740,166312,174733,179293
3572,44734,52213,56637,59066,59407,68715,67908,77785,88443,112900,144190,111449,144953,147011,147502,151893,154458,164514,174728,179431
3573,44732,52276,56754,58993,58784,62923,67850,81402,87147,92885,107382,145163,145583,145143,147656,151888,154724,160929,174800,180900
3574,44562,53039,55923,57702,58449,64697,69512,79555,88957,149766,104574,116189,122468,146068,152730,150312,156216,162291,173776,181010
3575,44477,53697,55855,57733,59034,63800,69288,80002,88616,96434,104344,149646,150072,150617,152571,149940,156173,163029,174599,175987
3576,45465,54077,59333,59456,61607,69793,70457,81725,89104,97505,157254,120119,126846,150496,158753,153920,160281,161569,173131,178871
3577,45380,53830,59394,58817,61675,69015,71519,81626,85656,94820,107118,115930,123039,157730,159141,153514,161847,164308,173047,177997
3578,45480,54908,58013,59167,61278,69007,73216,82464,90347,96135,104510,110836,156322,157407,156547,160380,159185,163513,170042,177483
3579,46413,54978,58078,59959,60960,70368,73407,82892,142924,95987,105811,156906,127405,156322,157080,159429,160736,162043,170379,182258
3580,50600,58279,59381,60147,62041,69821,76655,83782,88444,98197,108037,119522,126655,156906,158025,159145,159927,161913,172547,180339
3581,49522,58190,59583,60414,63487,69961,76437,83110,87223,157880,117527,113355,157880,157614,158761,159762,161297,165737,172077,176443
3582,52920,58055,62705,63686,64232,73931,78499,83696,88052,95467,107834,113752,125618,157988,159664,159010,162933,163754,172666,176506
3583,52907,59400,61284,63840,64137,74386,78432,84546,88838,93591,159821,159821,129522,159557,159905,160504,162758,165215,172407,179632
3584,52327,58062,62644,64388,65932,73689,76883,83280,88968,95146,108175,117272,125892,159821,158450,162046,165940,168865,170600,181583
3585,52374,58082,59987,64305,65488,72758,77309,84306,87861,95337,107424,117101,157356,157338,157979,164521,161737,167043,172047,181124
3586,49884,55957,58993,60726,62893,67236,76039,82501,86621,102017,107028,115403,126469,158147,158120,160032,163406,163965,174519,183005
3587,50242,58259,58963,60568,62928,73109,76272,82236,89569,98703,107439,118724,124976,155706,158449,159745,160519,164942,175100,182274
3588,49468,55726,57187,59483,64739,71992,71700,81932,89565,99325,107807,113114,156872,155636,159145,161954,162543,164125,177099,183273
3589,49281,57518,57441,60932,64393,72094,75660,82533,132629,105160,107039,156862,128557,130703,159553,160632,163203,167310,176611,182311
3590,47065,55926,55397,57679,59961,65618,68537,77308,89507,97197,131135,116654,124032,158736,158055,160695,160945,166861,176074,182666
3591,47160,53973,55370,57807,60073,65222,69641,83036,90144,152472,108434,118241,154116,131431,157079,162152,160576,165001,176219,183784
3592,45569,51413,55077,58396,59360,64572,67305,78686,87565,95070,108654,111406,127748,155400,156598,158791,163914,163423,175061,182562
3593,45609,52660,54446,58401,59467,64655,67315,81637,88134,96095,102839,154169,123385,157075,158489,158114,162248,165911,173530,180619
3594,44740,52105,54508,58326,61270,65719,69383,83931,89989,100561,158086,120624,159452,136481,161417,161818,167388,164310,176405,180274
3595,45031,52788,54899,58276,60739,65579,68854,83469,85770,98595,113167,114718,130790,132687,160753,160109,166447,169711,174432,180030
3596,45034,50483,53228,57875,60012,65283,70789,83447,83872,97006,109245,114879,122751,159966,158502,164128,165808,168728,172908,181936
3597,44297,52204,53821,57665,60354,65737,71654,83098,142150,96683,108241,156805,121944,132755,158673,162850,164759,169887,173411,179971
3598,44341,49269,53347,56845,59180,64827,66750,75706,94726,99813,106702,119609,158479,157246,161890,163196,167027,167188,173546,180180
3599,44576,48876,53492,57001,58647,65205,69705,132197,87948,157646,107439,115261,129404,135337,159920,162902,166098,170730,173008,180643
3600,116,117,117,117,117,117,118,118,118,118,118,118,118,159654,118,163283,118,169722,174019,181318
3601,43942,49891,53218,55912,62394,67696,80939,98316,107611,117467,128711,138726,150192,118,167612,162313,169344,118,172405,182227
3602,44956,49290,54410,64178,73277,97784,116294,139650,139923,164417,165399,165803,166220,151438,167858,118,174671,169567,175059,182547
3603,45119,49202,54714,64370,72898,97269,116462,139448,151573,164972,164972,165932,166097,167468,168459,168727,174443,173648,174993,118
3604,47913,51380,56731,58693,73973,66799,73139,83778,91632,98865,164791,165936,166119,166551,168907,167990,171037,173722,177151,179023
3605,48057,50407,56068,58489,60059,66541,75027,81822,88670,94238,108196,120227,166281,168384,169013,168549,172152,174684,176511,182754
3606,50007,52946,57368,60556,61778,73581,70942,81953,87689,96464,107154,111090,167278,168705,167979,168908,173446,173856,118,182857
3607,50022,52837,55971,60606,62251,72077,70912,82471,88179,96172,102945,166401,130100,167631,168255,169013,173521,175711,173930,183095
3608,52202,56512,59848,61883,63803,69417,75237,83857,88743,172618,110550,123111,132510,167641,176276,169953,181087,174433,179019,183185
3609,52150,56151,60043,61422,64027,66533,71270,84234,133403,100877,110153,119004,128957,175158,176707,170200,181398,182883,178250,184773
3610,52134,55791,60223,63331,65026,68716,73293,86229,89072,95834,108679,113777,129616,142816,178473,177219,183654,182522,180976,185756
3611,52210,55954,60260,63169,64405,67728,72465,85908,89848,95554,105676,115970,123998,137188,177910,177635,181067,185375,181153,188802
3612,53839,59081,61793,64329,65189,69712,77305,85797,89245,96557,138202,115806,163103,136858,150785,180112,182351,184741,178498,188254
3613,53608,59128,62764,64323,65556,70074,73505,86950,89867,95969,106028,180460,136980,179947,151115,180127,182856,187778,182667,195601
3614,57327,58515,61745,65658,66934,71406,75813,85180,90646,96374,106496,125315,128993,138927,186038,181958,187937,187827,186600,195523
3615,57351,57619,62184,65125,66793,71074,76011,84739,89364,96470,104915,111630,126111,140395,151635,182355,187558,191781,187740,190225
3616,54064,62554,62560,64290,67279,69502,73296,87305,89700,95978,183265,111248,119828,134097,151548,186345,186617,191582,190985,190712
3617,55181,61239,63676,64349,67434,70267,73080,87035,89407,96018,115290,111587,185620,132386,151609,186094,187202,191359,186888,198466
3618,58115,59929,62955,64064,68737,71599,73739,87390,90162,168293,107857,114126,136706,185620,156061,186168,187598,191870,189055,198685
3619,58861,57820,62850,64394,68384,71502,74366,87678,95923,103277,108070,170919,128885,140081,156472,186692,187972,191999,188330,196225
3620,54199,60208,62625,65632,67518,70724,73569,83511,89630,98984,106505,124502,128058,137204,154464,165553,187861,192513,192853,196572
3621,55111,60696,62925,65553,66618,71356,73792,83231,111234,98168,106863,115166,127367,134486,154367,156963,188227,187484,192682,198601
3622,55510,60698,62076,64019,68033,71690,73150,88642,89667,99192,107826,119524,129753,129871,154204,186690,188197,191789,192910,200659
3623,55431,60631,62405,64061,65660,71634,73613,88584,89846,94504,114000,114478,128093,188328,152107,163807,188236,192674,193213,196166
3624,57415,61487,63064,64568,66855,71891,76682,81495,92940,95958,106901,117527,127625,141147,155123,157582,201433,189304,194269,196398
3625,56730,61623,63091,65917,67614,71813,76668,80503,92464,97690,105716,113329,121340,140774,155137,157357,201105,201433,194562,197382
3626,57085,60126,60241,62007,66524,71345,74458,83898,90643,94658,106273,160224,190960,141333,147756,201194,166834,201105,192959,197731
3627,54805,60253,60398,63738,66692,71110,73649,85000,90066,94857,106847,120745,134790,138251,192035,164028,192519,193096,193157,208940
3628,54145,56232,59446,63390,65284,70255,72954,80320,115614,101194,170822,119662,121656,138766,154363,153707,167795,192519,194193,204683
3629,53195,58935,59540,63487,65267,70985,72240,80329,85221,157535,112310,113015,127849,137826,149129,157582,176739,188960,194695,197118
3630,54438,55734,60909,62898,65923,71107,72653,78886,86659,98035,104845,111633,121366,189959,146219,158152,179701,189540,204469,197997
3631,56077,56053,59543,61562,65962,70570,73572,79709,87542,95089,105761,163387,121393,138641,151129,189363,168901,182168,202062,194921
3632,51967,55511,58887,61118,65377,71205,73640,86951,108984,97235,110437,117743,177683,138608,150558,153485,179211,184366,193151,197371
3633,51841,55783,58935,62788,66001,69660,73827,83187,86593,97702,112433,118824,135347,138483,163584,153158,179278,183140,197122,187075
3634,51618,56583,60730,62452,64544,68967,75999,84527,86283,95478,105613,110494,120235,138934,144443,179211,172082,183696,195663,191502
3635,52388,57166,60644,62155,64925,68976,76153,79282,95264,94071,106060,110625,120380,129571,171056,161101,173884,176270,196218,190019
3636,54773,56862,61698,62219,65443,68312,71730,82099,86553,94163,106577,168023,124400,169844,150964,172082,173109,175712,185476,190141
3637,54321,57647,61816,62651,65989,68143,71885,79098,141256,153589,116362,117563,168295,140661,144541,155601,173175,174842,186830,184209
3638,51072,57834,60288,61318,64845,65803,70468,81237,90673,97386,104270,108754,121241,131184,161231,169878,166454,175028,184688,184240
3639,51032,57952,60466,61446,64671,69416,72237,82218,86479,94212,160365,109115,121210,147818,161561,170193,165500,168950,184756,184283
3640,51221,55651,59401,62626,63339,68769,75236,80812,85945,93186,110377,156842,119295,133252,143002,162030,165098,170391,178806,186269
3641,50694,56289,59253,61203,64625,67958,75660,81548,86983,94215,106146,119550,157589,156479,157328,164444,166607,169304,180580,181348
3642,51094,56028,58464,60149,61995,66230,74906,80243,86189,93445,104366,113748,125234,156154,159900,162881,165689,169194,179413,182819
3643,50987,56176,58525,61558,62248,66351,75280,82196,87390,153939,104921,112931,155140,135291,160330,162463,166117,168101,180185,182804
3644,52204,53587,57926,59760,60694,66154,73554,81665,85971,99083,104185,111075,121855,155140,153081,161827,162979,168574,176265,184025
3645,51274,55353,58161,59752,60644,65892,75374,81537,134207,95351,149296,148659,121542,132175,154473,161890,162946,166568,178470,184025
3646,49814,53838,54740,58961,60075,65797,74176,80570,87934,92921,109638,113435,147374,149453,151853,158006,161343,168508,176793,184432
3647,49711,53176,54757,59037,60325,72826,74665,80766,85802,93161,105700,146862,128127,146692,152099,158151,161552,166858,176820,181792
3648,48833,51927,55860,58035,58845,72250,76098,81094,86879,94858,107238,114697,156098,150023,159803,158593,165582,167454,176598,182645
3649,48836,52032,56130,58364,59180,68591,76350,81350,87955,139732,103601,111271,122664,137159,160383,158783,166096,171164,177089,181595
3650,50188,54041,56884,58115,59111,72302,77372,81295,86787,99353,148914,149645,121803,156370,153858,163714,160663,169540,175460,181872
3651,50374,55408,56796,58006,59373,68875,77460,81129,85624,94848,111459,114661,149067,131897,153707,161605,162214,166235,175401,183283
3652,49473,53997,55882,57057,59074,70884,73971,80108,133155,94086,102838,110250,121457,149067,152196,156374,160860,168667,175118,183629
3653,49492,54100,56023,57822,59163,72298,73840,80564,90875,94379,103063,147765,146673,146469,152608,155633,159896,167625,176305,183404
3654,45810,50505,52205,53376,55252,65326,73329,77592,83338,97975,101527,109665,118706,146673,145448,154588,158241,168207,178883,183566
3655,46567,50659,52059,53425,64353,69478,73407,79920,87154,136157,136548,109729,137889,138760,146216,157487,159473,164429,176746,181794
3656,43708,47487,49716,50585,56184,61978,72393,79326,85186,96478,105150,131942,134731,141195,140994,150099,157360,165581,176781,183462
3657,43335,47852,49654,50636,56175,68953,73404,81130,85338,94034,104823,132381,135319,135531,145048,150600,157666,167049,175613,180449
3658,41482,47735,48418,49534,55967,69202,71626,82012,130623,93845,130623,112540,134551,136015,146247,148653,157626,164447,175732,182346
3659,41476,46990,48614,50877,56124,69435,71751,83241,90890,131720,110835,131720,135737,136711,145209,151575,157069,164904,177032,182276
3660,42493,48473,48759,51565,55754,71498,74187,83985,84658,99842,107219,133544,137181,136604,148720,151145,160065,165432,175911,183142
3661,42620,48503,49269,51759,55982,70621,73434,82264,84708,92525,121550,114631,137273,137544,146465,151693,159987,166211,175889,181814
3662,39644,44821,46684,47704,52634,67453,70716,77700,81979,91322,104050,127000,129899,137516,138509,151668,153748,165737,175383,183937
3663,39676,44949,45973,47293,51955,61848,71107,82279,88215,127588,127588,131012,131012,132953,141014,151645,153200,162842,175700,183472
3664,39420,42053,44963,46760,51533,59675,70748,90532,125247,100827,108514,116470,128401,134476,139467,148423,157984,162529,175849,185013
3665,39513,42363,45229,46345,51432,59370,70645,79400,89816,97298,108277,127865,128598,132734,139501,148055,156302,163682,176171,180985
3666,37642,44974,45352,47577,51424,60179,72504,80617,88181,97891,128054,130690,132214,131860,144674,146383,157405,163789,176764,183241
3667,37302,45049,45475,47358,51560,69555,72812,89065,88141,95617,109826,113992,132323,134240,144610,146688,157594,163803,175565,181346
3668,36986,42822,45040,45678,51383,64663,69914,80307,86008,127659,109677,128762,130933,134449,142150,146175,156929,161294,174265,182644
3669,37047,42999,45354,45978,51577,65229,70227,80060,86172,98776,109890,131164,131650,135317,141629,151040,157346,162484,174776,183631
3670,38591,44322,45310,47102,51274,65165,69151,102520,130638,97013,133073,114821,136804,135032,147704,147598,154473,162875,173331,182799
3671,38301,44193,44951,46590,51433,64650,70815,82546,87301,93872,111518,132600,135398,140059,142021,145946,154989,161631,173673,182564
3672,41923,44879,46604,47839,52456,62914,73362,84851,90343,137516,108223,137673,142070,135496,143918,150836,153960,161969,174589,182547
3673,41934,44985,46511,48438,52545,61595,72680,81958,87198,99377,108126,115366,142493,143311,149051,151422,154420,166265,174953,184871
3674,41775,45948,47555,48686,53407,62495,74665,82240,87358,97039,139057,113900,142230,143720,146658,148623,155256,161421,174034,181274
3675,41682,45777,47203,49078,54373,62254,74367,80630,87148,96934,108079,140668,140021,142822,145591,147739,155043,162986,174157,183410
3676,41755,45654,49261,50878,55714,72874,76438,82736,88364,96638,109455,118243,147122,142067,151806,151067,159552,162453,172995,183769
3677,41380,45879,49291,50917,55438,61494,67557,82918,129332,96744,106688,130268,143028,145976,148639,150617,158900,165180,175134,183262
3678,42186,47684,50891,53097,54961,63773,69414,85481,90118,146912,107715,119251,147759,146306,153041,153410,164113,165193,175098,183219
3679,45252,47905,51102,52214,55046,64158,69005,82047,90203,98987,147682,134496,124357,151093,152701,153867,164035,164966,175594,186367
3680,44567,47328,51126,53338,54342,64148,68933,82185,85518,94291,109159,114850,146415,147682,150876,157770,163503,164875,175502,184833
3681,45191,47639,51320,52262,54433,64418,69062,82011,86037,95362,106110,147182,123761,147276,152895,155137,163779,167687,175692,187052
3682,45821,49294,52669,54818,56198,65161,77634,83388,87788,95618,108749,116013,148670,148007,152688,156345,164792,170018,177417,185766
3683,45810,49321,53195,55455,56371,66317,77718,83584,87444,94986,107787,114572,124315,149455,152975,158215,164121,170784,177650,186462
3684,49922,53913,54649,57206,58579,67522,71345,84056,126818,153101,105115,115380,155301,149916,158379,161044,165070,172566,179333,185330
3685,49352,53498,54558,57113,57944,64756,71897,84377,91743,100723,153375,153129,124002,155091,159326,159157,164918,172376,176910,186009
3686,47952,51455,55264,56696,58406,64056,78706,84061,88241,96391,109053,117654,124983,154534,158703,160934,169459,171885,176943,185899
3687,48071,51133,55045,56835,58686,64442,78714,84165,88713,96175,105251,114076,153482,154075,158896,162349,169363,173286,177115,187054
3688,48390,54215,56058,57130,59389,65370,71918,84631,88669,97076,104671,111925,124632,154680,156504,159254,161333,173580,178414,186779
3689,48350,53278,55823,57722,59729,70320,72479,84765,89398,97482,104955,151348,124811,151983,156711,160184,161093,170623,178739,186148
3690,50324,56093,57061,60841,62468,68862,79173,85385,91180,96943,155469,119739,156349,152446,159853,160206,169222,171178,180187,187396
3691,50447,55896,57021,60688,61992,68415,75352,85135,90643,96983,109773,113481,125555,156655,159426,161779,169639,171682,180034,184810
3692,49646,54560,57126,58713,59446,66185,69382,85567,90052,152830,104644,152864,121240,156408,157799,161017,166227,171737,179246,184675
3693,49712,53321,57490,58965,58987,66374,77124,86178,96599,99053,104400,117872,153776,153286,158403,160541,168083,170454,179387,187048
3694,49787,55218,56497,58417,60469,64994,78728,85358,90214,98806,105499,113697,128752,154117,161628,161261,166011,170884,179333,186513
3695,49718,54944,56448,58302,60169,64946,70109,85301,101676,98664,106509,113240,123545,158214,158983,162495,162563,168071,179561,182738
3696,50338,56071,58856,59961,61437,67853,75380,86651,92200,98893,159141,160695,160889,157978,162600,162381,167842,167824,178815,184243
3697,50315,56177,58687,60797,62501,67996,75319,85866,90456,98458,111766,118724,127857,161143,161704,161713,168921,173581,178691,186600
3698,48320,55911,56955,58613,61992,66386,71522,84957,91377,95655,106410,113094,120725,161300,158001,166313,167665,173375,177913,183653
3699,48356,55947,56847,59649,62152,66252,71878,84700,93296,97275,107975,113887,157036,137575,158300,166236,168427,172605,177926,184207
3700,49195,56286,58166,60102,62753,68424,73620,86378,102464,97075,106355,113461,128706,131482,159489,165740,169274,172555,179282,184303
3701,48235,55882,57962,59634,62843,67839,73282,85085,91325,158098,106109,158575,119189,159050,159697,160585,168693,170666,178263,182670
3702,47385,54858,56815,58459,61748,66895,71462,84574,88485,99105,107644,115881,154693,147041,156144,166161,165683,171389,180970,182428
3703,48012,55105,56797,58641,61891,66941,71675,85725,91986,96304,108390,112992,126778,133821,159674,166465,166596,171345,180261,180740
3704,48303,54058,56168,58579,58818,65863,74716,84174,106989,96071,152494,114525,123421,155222,157251,161116,163530,171415,178758,180155
3705,48487,54063,55988,58485,58981,65657,77638,84124,89106,96088,109521,152903,152873,153153,157462,161268,163730,168550,178121,183003
3706,47108,51497,52863,55032,56692,62959,70096,83611,86713,95960,103987,115588,121307,135793,150604,159017,160209,168740,178017,184427
3707,46521,51989,53141,55202,56911,65074,70199,84028,93898,96813,105918,115751,146544,146675,150659,158591,157917,163339,178906,184151
3708,43839,49789,50954,53780,54906,68836,71760,78933,90172,96713,106135,115259,124063,146842,149301,153346,157322,163669,177401,183116
3709,44129,50486,51405,54405,55055,69313,72157,82938,141864,141643,131411,143107,143190,144078,149457,156551,156921,164082,177361,179504
3710,41992,47154,50474,52136,54184,61715,70513,79793,89032,97660,106503,115252,124598,147552,145728,153803,155825,165527,177999,179432
3711,43461,47139,50146,51994,53901,60943,67231,79215,85667,95336,106769,119495,138480,142766,147689,154274,156046,162860,177146,181409
3712,44151,47984,50499,53020,57083,62112,66106,75531,86569,95696,111437,137634,140894,142430,146385,150981,158542,162280,174989,181710
3713,44112,47860,50994,53060,57300,61736,66477,75579,86561,96270,138189,117862,141555,142660,146254,150863,160120,162867,175189,178621
3714,44567,49656,52889,54144,59535,63114,66495,82600,86857,97129,110623,126858,127686,142942,148186,151192,161701,166629,171553,179654
3715,44570,49406,52827,54730,56575,62909,65692,82185,87055,137835,109569,116794,141284,142423,148231,152336,162156,165352,174368,182157
3716,47332,51544,53538,55381,57758,63760,66773,84031,89037,98736,110006,141053,129450,142369,150850,153861,162707,165023,170924,181841
3717,45514,51573,53385,55734,57951,63846,66751,84096,103726,95813,106331,118155,143953,144787,148383,153463,163067,167540,171825,183200
3718,46229,50323,51560,54705,57291,65033,68331,82998,89116,99166,131005,117021,128895,145387,148526,156423,163838,168011,172463,184240
3719,45528,49546,51669,55893,56993,65231,68507,73984,90226,97319,111073,144653,134833,147050,149141,154654,159904,167535,172983,184880
3720,45789,50684,52426,54972,57158,64123,68054,82334,91348,96594,108506,117734,152334,147703,155499,154530,161915,168836,175438,184153
3721,45772,50838,51549,54878,56771,64676,68084,81526,106042,152240,104055,114869,124964,155393,155841,155183,165442,167080,175558,184226
3722,43454,49304,50350,54983,56971,65343,75744,84480,88466,101869,158866,160190,126078,152715,163952,158408,166166,169595,175986,183865
3723,43318,49337,51026,54996,56886,65283,77405,84711,90078,97886,109856,115949,161270,160190,160454,157633,164682,167702,176877,188416
3724,43568,50352,51931,53220,56253,69194,67896,74842,85464,95926,104655,111522,123733,129405,156543,163952,160121,168284,178587,187052
3725,43517,49526,51736,53169,55922,63800,67435,74910,151754,96135,105381,111629,122809,156543,158443,164497,161151,167509,178078,186267
3726,42971,48367,50091,54684,56138,64817,68083,123450,91871,96073,103334,149615,150477,135781,154297,158746,158974,163419,181127,186904
3727,43269,48983,50348,54794,56289,64724,68492,85159,92047,97103,107315,115675,121225,150909,153647,158587,159234,164894,180782,182083
3728,44500,47183,50891,55174,56050,64314,102502,73414,86169,94575,145232,112538,147412,140046,149937,154906,155294,165279,181118,184000
3729,44679,47246,51031,54553,56370,64154,71507,76990,89890,144086,111406,146230,124258,147280,150143,155409,156074,164216,177213,182638
3730,43831,47094,52814,54174,56506,64576,67237,80202,90128,97228,106411,113847,132569,147941,149017,151464,154831,164831,175859,182880
3731,42401,47027,52290,54645,56531,63765,67714,80467,87292,93045,106384,114965,145591,146506,149381,151674,156735,162248,175030,183001
3732,42474,47950,49871,54086,55081,62662,65812,79452,84897,94486,104302,139444,119773,146545,145515,151607,154310,164796,177041,183102
3733,42641,47922,50224,52925,57712,66428,66228,77170,84318,96094,140216,116223,140216,141860,145975,151410,154347,164144,177132,179897
3734,39896,46920,52018,54621,57645,63942,73016,76530,87262,126632,106957,111476,138923,142959,144654,147716,151930,161946,177158,180137
3735,40016,46847,51971,53990,58099,65213,72781,126076,89614,96178,104943,138776,138642,141865,144201,148676,153956,159389,173641,175408
3736,44240,47155,51119,53753,57373,63158,77161,85821,125264,95866,107011,114731,123317,142455,143717,147460,152696,159759,171578,175925
3737,41094,47175,51734,54304,57684,66112,70765,83580,90046,98257,138187,139192,139757,140369,144562,148287,151982,161771,171566,173241
3738,41863,45996,51686,52996,57698,66458,69231,77029,88056,122974,107677,114895,137628,141904,140466,147422,153209,162152,170030,173140
3739,41699,46505,51872,53059,58443,67465,94767,82046,87907,100573,106895,136941,138873,139447,144097,147049,153847,161924,173172,177987
3740,41857,46533,50088,52903,57675,66451,69054,82355,86839,97371,109032,117279,123467,140497,143363,147483,152790,161814,172217,180510
3741,41912,46910,50545,52787,57255,66646,71551,84307,88697,94892,108720,114517,135901,138223,140942,147271,154502,162883,170413,178325
3742,42026,47154,51003,53974,58123,68047,71583,82214,86786,133167,135291,135687,137271,138022,140367,148146,152629,161369,173180,178714
3743,42175,46868,50973,54103,58571,67365,71148,81764,133365,101591,107698,119370,136674,137634,144319,146131,153389,163343,172745,179338
3744,42325,47450,51289,53767,58710,67487,71057,80995,88361,98221,109916,135920,137906,137398,141586,147477,153358,164777,170249,179025
3745,42341,47094,50791,54901,58550,68427,72162,81333,90712,92116,110228,115907,138030,138828,141621,147325,155062,162860,172651,177879
3746,42276,48153,51867,55740,60403,70418,72308,81441,88946,94677,111739,145928,146995,138775,150423,147681,154901,162139,171875,178204
3747,42313,48089,51868,55909,60704,67255,72001,84447,89384,145091,145508,118522,120417,146875,148634,145798,153280,162527,173412,179632
3748,44234,48589,53059,56546,60282,66665,72785,86024,88765,98123,113363,116114,147177,146929,151188,149973,156950,165531,172599,179991
3749,43159,48624,52282,55794,57780,66842,73145,81218,90436,94708,109651,116361,123005,147620,152098,152021,156212,163730,170890,181303
3750,45323,50308,55769,58222,59618,68907,73334,82302,91254,99113,111163,149319,150954,148671,151773,150796,157432,161343,171421,180320
3751,44813,50360,53341,57455,59698,68834,73040,83814,85161,97447,111132,116638,123383,151214,154866,152997,159012,161004,172846,182230
3752,44711,50528,55221,57641,58896,68300,73311,81530,122210,98593,109277,118701,148585,150926,152981,158640,157378,161954,175776,181668
3753,44377,50705,54090,57477,58971,68906,74476,79451,89156,97286,108857,119629,124035,151449,158690,158821,157917,161376,175153,183516
3754,44793,52756,56861,58571,62391,72706,76763,82194,89421,152793,115764,126180,156009,151578,163527,154716,169038,162937,174066,182549
3755,46825,52374,56725,58318,61106,67927,78055,83014,87025,103520,108246,117488,130160,156742,163972,160055,167240,170635,172681,183666
3756,47146,53404,57384,58604,62253,68784,75939,81636,88685,100162,125380,157464,130417,156514,165740,164220,170991,169329,174069,181183
3757,47413,53832,56735,58836,64811,68717,75819,81766,88865,102194,112571,123244,126251,159918,161047,164711,169993,169723,173045,183341
3758,50516,55037,58303,62241,64452,71856,77658,84552,88228,106818,114345,118281,133871,160335,167439,165248,173045,172449,172403,183278
3759,50768,55102,58277,62141,64765,72110,75757,85379,147790,103617,115115,118635,163738,164369,167678,167695,174138,174689,174640,184932
3760,50126,56076,59549,63811,65290,72513,78478,85646,91363,105210,113539,119357,130961,133623,171580,169926,177186,175742,174084,182074
3761,49742,56306,59192,63929,66162,72619,77731,85327,90129,95393,112347,118372,132407,141705,170756,169212,176570,177309,175600,185925
3762,48839,57214,61159,63205,65700,74027,76620,84545,88942,96514,111053,144155,129529,169749,170572,172692,175900,177374,179032,185821
3763,47655,56908,60202,64176,66071,73254,77206,84542,89242,100609,111691,120278,129502,140035,170005,172305,176109,177532,178219,188266
3764,48913,56030,62184,66095,67293,74560,78715,83897,90510,101600,133585,118376,128864,133887,174126,172435,178033,177690,182003,188238
3765,48877,57540,61906,66155,67254,69860,77617,84267,91788,97977,113547,118981,128482,134434,173606,171813,177517,178968,182357,189114
3766,51653,54460,60834,65585,67302,68934,76129,84033,88920,98482,110330,116852,167318,171576,170295,175768,173831,178499,184407,189568
3767,50543,55844,60891,65687,67466,75504,78211,85500,88783,94899,111708,166344,130624,139571,149704,176067,174207,175416,183613,192062
3768,50299,57505,59671,63810,65622,72990,79930,84103,86389,119560,111073,120719,127352,132493,170211,170776,174445,177887,185479,192089
3769,50372,57124,60008,64150,65940,73057,79335,83674,86000,102375,110773,116266,128218,168902,148475,170646,174741,177011,182780,188408
3770,50779,55899,58655,63325,65034,71467,78371,83042,86327,98719,108064,114892,126561,138550,142547,171075,175253,177518,187411,191239
3771,51995,55568,59015,63176,64614,71885,77553,84044,136065,101540,165154,114094,166487,128313,168705,174525,173635,176258,186212,190286
3772,51813,54982,58981,62298,63705,70340,76266,79035,89447,100819,109184,120742,125885,166942,156667,169171,173812,175721,183724,189656
3773,51879,55398,59355,62306,64054,70214,76049,81069,91322,101328,111217,163815,124326,134332,147172,169138,173026,176904,184376,187231
3774,50515,52754,55303,60812,61824,68382,75747,80930,90517,131935,105769,117433,124685,134382,162541,166651,168831,174819,184240,188297
3775,50175,53266,55191,60057,62523,67418,74138,80706,87966,102974,106316,117499,157873,159033,160843,167115,168226,170777,184375,187473
3776,48657,53932,56129,61136,61992,68847,78280,81947,91074,96878,109113,116680,125230,132953,140708,162640,165389,172314,183629,185490
3777,49321,54291,56157,61050,63119,69214,76951,81690,90542,99702,108638,116475,128584,153831,154755,164772,165220,169181,183860,186237
3778,49054,51979,55218,60441,62268,68619,77233,82269,90308,98514,107710,112207,123341,136987,153509,158257,163437,169108,182711,186881
3779,48107,52093,55652,60697,62592,71887,77518,84260,92353,100333,110414,146823,147872,148095,153652,160240,163045,168011,182592,184618
3780,47861,51376,56040,60959,61919,71341,75656,84286,86605,97058,144840,117448,124797,148445,152161,157458,160323,166601,179285,184954
3781,48533,52665,56050,60726,61588,71375,77334,83457,86221,143967,113203,117374,146615,147884,151236,157587,159766,167322,175165,183457
3782,45407,50454,54050,58614,59520,68223,72944,81244,118127,100444,108442,141400,122277,135780,149813,156281,158000,167120,178459,183933
3783,45648,50348,53567,58140,62844,69420,75095,81101,88159,101122,107600,120282,142410,142719,148073,157627,159028,165163,176066,182670
3784,44903,48930,52008,56905,61616,67315,75679,82532,92278,98267,111571,113706,141078,144517,145749,151996,153825,166752,176113,183277
3785,44356,49217,52524,56751,61504,67087,75741,82734,91778,98678,110533,139303,125583,143741,146275,151623,157463,163977,176252,180208
3786,43650,47907,52086,55141,60293,65619,71948,81472,84771,98828,106947,116201,137985,145419,142794,152938,156620,161056,176426,181641
3787,43153,47867,52301,55239,60647,69599,75199,82643,85222,98705,127175,116671,140683,141717,146474,151605,157051,163618,176359,181923
3788,42337,45752,48096,54459,58081,67127,74681,80364,130458,99639,109943,134453,123481,141602,142450,151936,155358,163565,174025,181289
3789,42361,45575,48902,53701,58455,66931,74016,83665,92543,100305,110879,116979,136814,138743,142386,152071,152334,163290,174825,180956
3790,40744,43650,46452,50930,54657,65755,69477,76611,82604,125748,108571,128075,132242,138554,138036,146386,153242,163400,175911,180574
3791,40520,43734,47072,50166,54515,65305,70294,86546,87886,105174,127411,129344,131987,132672,140616,146406,152097,162152,175994,181303
3792,38462,42745,45277,48999,52285,60974,70198,77006,88625,100771,110931,116936,129298,132912,137644,145711,149841,162778,173184,180119
3793,39423,42700,45478,48865,54568,67921,69734,121749,89706,99689,110661,126234,128975,131429,137486,145591,152541,154876,174130,175068
3794,36583,39950,43810,46701,52905,59575,64386,75162,86899,91998,108381,128002,125996,131546,136567,143210,146315,160434,174134,180965
3795,36460,40755,43283,46504,51688,63141,64891,73232,119878,102072,121850,124133,126494,130604,135877,143578,151710,151473,173024,169605
3796,34952,39828,41985,45177,50254,59241,61998,73202,83410,119061,106177,123731,125446,130724,134378,140327,141623,151173,169935,169365
3797,34950,39776,42251,45348,49761,60441,63865,76553,80432,94648,119528,123633,125913,128615,134404,140745,141047,146410,169110,163974
3798,35596,39364,41655,44729,50076,54728,58430,85137,85389,96090,105643,120940,121455,129935,130506,137114,140074,144916,166716,163515
3799,35664,39503,41880,44924,50020,56035,64473,72870,115749,116771,117274,121483,122550,127699,131645,139767,138551,141538,165049,161563
3800,35865,38726,41499,45070,49236,56442,65333,115649,83697,95029,119244,120961,124762,128025,131558,133358,140515,143565,158645,157820
3801,36080,41603,41945,45048,49757,56774,59421,75432,84850,107290,119444,121496,125127,128462,130990,136954,141337,143573,156490,151684
3802,34834,38909,40727,44394,49708,53763,60895,69296,115581,94178,102218,119832,123839,128043,130904,134290,138185,144326,154668,155149
3803,34752,38763,41281,45149,49269,55782,59977,75408,83534,115659,116879,120037,122671,127186,130539,136504,139816,139723,147052,154839
3804,34554,38868,41301,45225,49982,57276,58536,114122,82275,97622,116727,119025,122405,126730,130405,134011,139286,138383,144943,154274
3805,35908,39745,40902,45211,49237,56282,58514,74656,114211,114409,117187,121256,122096,126262,130102,133509,137807,142339,148912,148700
3806,34366,40010,43881,45801,49887,56488,104654,79043,83665,95897,118386,120045,122233,125133,131057,133537,141000,140699,145312,151748
3807,36016,38045,44213,45967,50995,56489,63330,70922,85422,106214,106108,123397,123047,127672,130509,133702,141671,145246,148371,152591
3808,36678,39306,44704,47284,50581,56783,60892,90677,116693,91701,117647,121936,122599,128783,130686,136379,139564,143964,142928,154421
3809,36958,39520,44755,47929,49928,56893,59331,76860,82042,117756,118102,120272,123127,126751,131903,136526,140560,141286,146675,156824
3810,38555,40636,45124,48875,52524,58728,105978,80272,87584,95106,106580,121344,126905,129205,131882,137147,144470,146684,142731,155702
3811,38395,40458,45099,47621,53006,57970,64428,117450,87218,117691,118356,120773,126005,127694,132557,138136,140879,147716,148761,154600
3812,35199,41831,45712,48911,54511,59746,62501,82098,118948,97701,121029,122212,124126,127108,133482,136874,146708,144817,152025,156244
3813,38234,41563,45852,48682,54578,59686,62042,75222,88837,97529,106756,122609,127235,130299,134892,137870,145079,152325,152607,157934
3814,38156,39506,45649,47285,53676,59970,98471,78627,86722,120625,121205,123018,129175,129439,134662,139569,147216,148231,148221,157485
3815,38375,39477,45359,47715,53319,59922,63266,78494,85382,95918,108623,122727,127029,129931,134730,139188,147539,152486,148595,161344
3816,37191,43874,46944,50169,58273,63596,64550,76678,86877,99535,125508,126618,128103,129917,136166,138577,152234,148342,151971,161252
3817,38912,43539,46943,48653,58053,61498,65993,74738,124421,124911,107339,127005,127883,131991,137488,138751,150736,157225,147072,165707
3818,39032,45143,49812,52532,57981,63439,105318,126852,91561,102963,129158,129703,130153,132669,138771,142206,151549,154294,154549,163534
3819,38558,47960,50418,52104,55825,62519,67791,83359,91390,95705,108832,130448,130655,131695,140391,143923,151804,157273,154968,171699
3820,41949,46453,50580,53071,56769,65857,68920,79315,89973,99812,110313,134619,136590,131777,144355,144087,154176,157513,155131,170543
3821,42183,46447,50712,53316,56853,65969,69728,78623,86360,97251,107822,135003,136606,135608,143685,144370,155324,160119,155188,175393
3822,42306,44118,49780,52267,57190,64667,70624,83706,87430,134710,135001,136367,136205,136832,143453,145992,157152,161153,160993,176362
3823,39168,44462,49858,52456,57361,64771,70311,83512,81832,98924,108590,135930,136615,136809,141415,146161,155027,162200,162997,180178
3824,43741,48231,50438,52734,56966,65205,71234,80672,136941,97081,108492,139852,139645,137156,143047,147343,154915,162050,166673,179610
3825,42151,48203,50880,52605,57020,63172,67773,84352,89492,95876,107400,139628,139900,140075,144452,146584,158330,165334,167406,180040
3826,42332,46838,48258,52226,56696,60930,69437,80292,87113,94980,136581,115208,138025,139873,144320,148920,159024,164784,172375,179632
3827,42499,47057,49514,52371,55744,64662,73391,80727,87306,135647,109146,115294,137943,138335,143747,147822,160090,165442,173103,181844
3828,39616,46302,49964,51441,55642,71585,70503,81853,84884,101707,109209,137558,137833,138334,145305,150522,160244,164637,173796,181521
3829,40304,46803,50146,51207,55502,71027,90844,82295,87837,96883,108735,115925,138629,139050,145776,152367,160197,165640,170612,181826
3830,39451,45663,46988,49927,53989,69269,71771,80190,85189,93582,108874,135042,137281,139089,143948,152198,156346,164434,173994,181990
3831,39473,45732,47769,50518,53357,69052,73680,81739,133824,94042,134955,115888,136851,138733,141228,153334,154721,160507,174137,181016
3832,40560,46791,47957,49764,53575,66912,73919,81751,88211,112218,109836,137030,137755,138208,144105,150899,159044,160697,175093,180541
3833,38962,46630,47805,50069,54050,69039,70655,82153,85178,95883,109369,116414,137857,140416,143056,149104,159502,164028,174692,180895
3834,40079,41151,46931,48611,53635,65376,73224,81195,84918,124920,109951,116379,138997,140100,144243,148569,156708,164104,173400,180451
3835,40150,42427,46245,48986,53535,65475,71922,80336,85123,102300,109523,136930,138541,141493,144116,153057,155555,164553,173208,181227
3836,37118,39070,45234,46098,49838,62766,70075,77147,82195,90082,132786,115683,134496,139651,143471,149307,154810,164819,172012,180605
3837,37137,38940,44259,46341,49971,63661,71249,79450,130652,96042,112534,133355,134900,136657,140368,148699,155492,161634,173333,180795
3838,36190,39165,42800,44200,48606,63563,68224,93836,89961,130673,107384,114938,134142,136430,141653,146183,154438,162049,175161,181037
3839,33017,39233,42981,45435,48912,60221,68053,79627,86921,102109,107383,132951,134215,135701,139741,148377,153097,160558,172720,177009
3840,31885,36993,43213,43695,47693,63649,71883,75958,85365,99480,112562,115474,135721,135734,140695,146086,153143,162426,172801,176086
3841,31540,36997,43155,44579,47752,63370,85704,102403,83986,95647,132924,133424,135705,136738,141703,147188,153211,159459,172178,171288
3842,31164,35380,39381,41644,44947,59906,63689,75925,120464,91282,112626,118683,134823,136860,141542,148610,152745,160720,165622,170791
3843,31211,35048,42143,42566,48119,60032,63661,75877,87702,131295,112465,132374,134237,136096,143299,148187,152847,157676,170769,168294
3844,30181,33919,38936,41229,44396,52765,105764,72540,78739,97847,109981,119121,132914,138526,140008,146266,150227,156201,167367,168366
3845,32428,34225,38877,41187,45924,60174,65893,128960,79044,92246,110127,130402,133109,134540,141388,147345,151398,154914,170791,171086
3846,30725,34798,39975,41261,46989,52007,64279,80330,128802,94388,111670,120043,132907,135067,142666,145982,152573,151967,173208,170444
3847,30049,34768,40006,41308,47217,51807,64264,75989,88262,129432,111756,130818,132767,137417,141928,146214,151695,156632,172300,165118
3848,31792,34635,39950,42656,46920,51487,56979,74327,80838,100938,129371,120444,134200,137785,141324,146511,151477,158879,167962,167294
3849,31878,34916,40187,42986,47311,51783,106787,75068,82030,99145,110729,130149,134238,135270,141666,146106,151954,154915,165217,176137
3850,30374,35341,40885,43706,46599,52813,68557,76039,129307,95471,111960,119916,133724,135793,142217,145835,152277,155885,161469,176318
3851,30324,35370,40410,43655,46536,52716,65621,76157,87066,95089,112136,131456,133997,135634,140305,145975,152364,157362,161931,166469
3852,31339,36163,41359,43448,47602,54607,63846,131441,84553,132963,113552,121876,135842,135784,144265,146021,153193,157178,167129,166654
3853,31294,36069,41088,42822,46434,54955,85246,82157,84963,101969,106619,114894,135924,139080,143547,145118,152724,159207,166665,165420
3854,31891,36500,42582,44851,47055,53949,67126,78869,85500,97882,133118,133201,135657,137828,142359,147241,155525,159346,164834,165826
3855,31921,36479,42416,43596,47062,53878,66535,77455,131939,93561,114483,133193,135757,138117,143126,146854,156417,159836,164478,171420
3856,35091,37799,43454,44402,47773,55390,78741,80335,91158,95271,107468,117067,136493,137814,143798,146431,154259,160680,165685,171107
3857,32355,37220,43007,44277,48115,55490,68666,78862,81115,133806,107899,135143,136526,138622,143200,146988,153089,163535,165521,172149
3858,33946,39084,44810,45034,49633,58093,72457,82627,86085,104060,125198,118237,139923,138768,145787,149197,153788,162193,169924,171987
3859,34027,39255,43784,45898,50816,57720,76497,79172,86084,95116,109905,116246,139960,140320,145517,147576,153963,162065,170003,175161
3860,35915,39518,44815,46427,49723,57898,72552,80272,85596,95666,109559,139730,140329,140791,145888,151637,158291,163357,170961,175768
3861,36479,39731,44231,46327,49830,57963,72673,80304,137264,95461,114474,120840,140314,140778,146730,149005,157494,164611,171068,181480
3862,36744,39999,45339,47296,50709,60541,65780,82678,92845,142038,122819,119257,145152,140914,149963,149068,155897,165205,173403,181727
3863,35635,41212,45659,47358,52122,57015,109264,82586,88132,99134,108672,142396,142503,145152,146791,149051,154494,164725,172969,181464
3864,34933,39471,44549,46852,50290,56406,73592,81114,86151,96353,103968,118476,141422,144692,145673,151896,154132,164167,174873,181179
3865,34938,41197,44511,46694,50071,56349,60973,79747,86441,96697,141198,115030,140935,144011,145521,152030,155567,161992,172624,183732
3866,36819,41078,45262,46832,49537,56663,61691,82402,88387,97442,112621,143931,143786,143749,147841,151175,156489,161369,173767,181965
3867,35140,41500,44552,47122,50488,57240,61844,82270,88306,96968,109117,119504,143873,146776,147802,150901,156520,165803,173743,180807
3868,38421,40445,46641,48119,51288,59669,86441,84239,89127,112101,105768,115512,146104,146165,149165,151682,156277,165869,176390,181419
3869,38550,41994,46479,48061,52025,60086,64858,83132,89640,98134,105893,115305,146554,148484,149649,151716,156296,161950,175830,182360
3870,39155,43461,47045,48888,53295,58993,64596,82602,111155,95853,146506,146720,146575,146554,149518,152573,156227,163505,173008,182325
3871,38834,43348,47048,49062,49097,58768,110476,84757,89853,145767,109842,114780,145871,146673,149001,151422,156116,161431,176572,182274
3872,39048,43325,47318,49014,48971,58461,67023,84591,89791,98709,106685,114544,145491,145883,148356,150528,155563,161320,176976,182551
3873,40799,43070,47511,50391,50334,60031,66220,86675,92253,96365,107346,148906,129391,145512,151742,150372,156449,164597,176865,182647
3874,39450,42361,46945,49859,50990,66485,66424,86636,91448,97259,106976,116783,148082,148464,151489,149286,156234,161565,175495,182827
3875,39742,43078,46747,49823,50281,64116,66317,86525,87883,97289,147953,117200,124978,148082,151359,154718,155995,160859,173638,182403
3876,40610,42819,49199,50859,52840,61003,67769,86990,112945,98061,111223,115125,148632,147953,152225,151678,156832,161285,173442,183900
3877,40649,42972,49038,50847,53805,61525,67856,83217,93078,97576,107879,149740,124523,148994,152455,151359,156243,166876,173189,182982
3878,40594,43645,48837,50613,52381,59722,104549,77909,88755,148051,107753,115608,148605,149395,151762,152591,156399,168408,172606,183721
3879,42292,48565,49826,52361,54016,65744,68338,85250,89702,101243,108544,115063,127630,148605,155547,152775,159018,166532,174101,184703
3880,41979,47724,48993,51519,53054,60941,67122,81043,88709,95977,104095,150252,124311,152940,153002,152192,156677,169875,176278,183077
3881,41725,47787,49315,51760,53271,60671,71820,84293,88611,95854,149490,116930,150493,149905,153074,155908,157132,164598,175975,184327
3882,42910,48773,50015,52680,53063,68501,69132,84463,125269,97886,108440,114588,125503,150493,155924,153481,160769,161447,175365,185146
3883,43004,48465,50084,52244,53210,68685,67922,85919,92970,97338,105554,111423,153260,153081,156038,154005,159973,168522,177462,184027
3884,42989,48625,50180,52846,54182,62895,68136,85072,89139,97126,105558,153618,124008,153260,156230,156366,160531,168491,172980,183408
3885,41607,48059,48971,50720,52584,60744,65427,76923,87796,123886,104394,116896,125001,153357,152760,156856,158209,168350,176869,184529
3886,41109,46383,49896,51750,53364,61678,105121,83573,87925,100001,136154,113940,150083,149959,153224,156833,158679,166671,175831,185591
3887,41045,46159,49970,51878,53114,61257,67019,83788,87745,95826,108210,118984,124249,151054,153333,154159,158542,161431,174500,182644
3888,41445,48573,49984,52422,53872,62125,66994,84673,88945,96539,104085,153900,153717,151400,156640,154718,161604,161555,178257,185374
3889,41485,48463,50153,52718,53531,62472,68319,83344,88731,138152,105337,117964,125651,153717,156099,154987,160676,163884,178058,184531
3890,41519,48330,50193,52728,54147,62500,67167,84944,138057,100602,152482,115819,125434,153993,156285,157506,161126,170652,178262,184515
3891,41608,48662,51044,52728,55278,63590,67866,83417,91897,96282,109076,112125,154418,153576,157473,157268,166115,170188,175440,185741
3892,41040,49002,51285,53291,53526,62872,67637,83531,89021,95940,104339,152913,124871,154628,155729,157622,165248,171515,178076,185916
3893,41674,49017,51505,53427,55275,62512,105857,83716,88208,95671,103926,117572,125069,152490,155825,158121,163310,169722,177341,185899
3894,41134,49037,51929,53524,55396,63107,69134,83647,88371,95934,103938,115149,153149,152829,156222,161414,163389,167725,178841,186075
3895,40477,47075,49692,50480,53700,63858,65459,79868,86525,144871,145449,112466,122774,153229,152883,157077,161788,169023,178869,184844
3896,41029,46189,50139,50585,53807,59822,65798,79813,89795,99301,109086,145939,134733,146601,150068,157122,162328,165282,177431,185549
3897,42119,48888,49817,51197,53483,66875,66702,85134,89576,95489,106523,116009,146852,146877,151376,156676,162123,167732,177817,185227
3898,40768,46574,48054,49985,52115,63697,64870,80555,88043,94393,104223,114408,123426,147465,150077,158030,160095,167670,178612,182559
3899,42636,48613,48433,50293,52457,65282,108706,82390,87955,97068,105534,144111,143952,145217,149974,154161,161123,166447,176361,182732
3900,116,117,117,117,117,117,118,118,118,118,118,118,118,146422,118,154059,118,166304,178168,181544
3901,41086,45386,47471,50408,54504,59041,71171,88099,94783,101610,109800,119060,129337,118,143851,155651,151313,118,173049,181981
3902,41808,47793,48791,57725,76105,92647,106203,127002,138296,140676,140753,141016,141245,131287,148602,118,160430,153399,174828,182090
3903,41508,44345,48028,61919,74901,99147,115286,136809,136793,137011,138460,138485,138601,145326,146083,146212,153962,165495,174953,118
3904,38655,43535,48798,50290,73885,64645,79604,83330,134824,134824,136152,137277,137276,141222,144593,150628,153643,163386,174534,154378
3905,41651,43374,48671,50083,56616,64797,72183,80889,89060,134928,135668,135755,138041,138573,145268,148720,153613,163539,177205,181477
3906,38655,43476,48479,50124,56590,64706,71831,82461,87212,97878,135741,137048,138055,139452,145316,147593,154562,163612,118,181355
3907,40447,43915,47050,48465,53200,59892,64128,82612,84925,92745,132901,133006,135348,139230,141261,150244,154729,163263,154378,177580
3908,40387,44136,46155,49231,52986,59530,112104,82173,85195,92324,112617,132724,135692,136323,141793,150692,154545,163193,174832,180724
3909,39538,42865,46267,47915,51777,62599,72763,78880,84237,133855,106368,135082,135914,137355,143454,148561,157129,161466,174462,180793
3910,38021,41763,46856,48165,53654,67504,71357,82782,135601,99198,108167,137376,138373,137847,145212,148534,157701,164303,172931,175870
3911,37795,42008,46941,47842,54831,57949,71289,79467,89410,94026,136930,137225,138880,139783,145321,150750,158565,165758,173368,175084
3912,37899,42264,45271,49875,53190,57901,71359,80745,85988,93055,105855,136597,138518,139773,145949,151465,158520,164471,174926,179020
3913,35279,42988,44667,49306,51623,86385,65209,103848,89346,136920,107934,137882,139980,139642,147456,152246,157963,165535,166992,181574
3914,35826,43450,45901,49385,51351,63092,71109,81779,83828,99456,108140,116729,140111,141071,147344,152985,157626,165269,171215,181101
3915,34822,42712,45651,47618,51917,57395,63926,77874,81796,93070,135657,113628,138263,141030,145303,150543,154749,164300,173463,181090
3916,34827,42571,45574,47450,50354,58086,63124,76334,123714,93138,106215,135968,138349,138870,145059,150252,154874,161752,175678,182922
3917,35332,41846,43383,46102,50554,58916,66601,76792,86373,94693,104972,112349,134091,138782,140381,148174,153357,163660,172068,182833
3918,34820,41762,43306,45317,49210,58752,109777,100213,85257,130232,104276,131591,132925,134432,140496,148307,152794,161808,173054,177740
3919,36118,40635,44183,46461,52559,58281,70510,81740,84461,98548,131812,132043,135257,134098,141281,144360,153752,161306,173552,179754
3920,36142,40655,43755,46362,52581,58041,61961,79766,84564,91808,110270,113419,134189,135586,141127,144998,152570,159751,173728,172061
3921,39106,41103,43989,44844,53867,98496,67837,78458,128099,90779,102709,129616,131872,135625,137468,147494,148755,160386,172203,172648
3922,34573,40961,44496,46325,53857,62164,67293,75489,89437,128024,128871,129214,131062,132602,139643,150114,152115,156437,172266,176723
3923,35780,42089,44189,45231,53137,59760,68365,113316,84359,93244,106494,118056,128068,133214,136481,145173,149852,155097,168055,174837
3924,35235,42087,44236,45827,53975,58314,66431,78974,83985,90749,125258,126809,128094,130482,136363,146043,150332,155816,171395,168911
3925,35809,43457,44533,45333,51860,57260,92852,75027,79259,121692,102673,122268,124706,131627,136309,142735,147971,156083,172184,168820
3926,35643,43478,44561,45729,52026,61043,62950,76785,121625,93943,121685,123601,124800,127046,136405,142775,148028,152614,170813,165662
3927,38135,43578,46121,46594,51306,64078,63900,73734,83820,118940,102230,121380,122840,127219,136866,141785,149183,151569,166780,173243
3928,37467,43160,46581,47356,52405,64389,91540,99506,83546,94859,118694,121083,125874,126016,136777,141772,151430,152764,165710,168290
3929,38109,44064,45569,45966,53839,63293,68465,78511,116319,97351,117278,119405,123440,128003,137491,141931,151778,157514,164199,168353
3930,38130,43630,45563,45901,53753,63636,65627,76838,85367,116132,117009,119348,123078,125483,137232,141592,154249,161560,163894,171982
3931,39875,44627,45308,48127,56274,64160,68581,77938,82723,96007,106158,118178,122008,125656,137735,143476,152515,161150,159915,171606
3932,39692,44416,45011,47573,55772,64097,69899,113337,82318,113547,114491,118122,121644,125934,137274,144369,152120,160173,159897,175051
3933,39101,42636,43789,47245,54318,63773,88306,79345,105283,91661,110155,116491,124099,131418,135000,143928,151619,160165,162400,179970
3934,40042,42395,44746,50246,57590,65866,72129,79342,86608,106993,113594,122213,126533,129228,137558,144558,154103,159207,161818,181008
3935,36078,40854,40704,45002,52973,61317,66570,79309,98251,99947,109520,115230,123157,132373,134786,143937,151812,163170,165429,180923
3936,36781,41085,41272,48707,56197,65906,70414,82645,98486,108036,112514,118771,124211,129700,140397,143913,152900,159741,171193,179865
3937,34230,38409,38242,49346,56755,69048,73107,84614,92162,109108,119467,127981,132831,132244,152047,143581,168158,163701,172379,179288
3938,34199,38305,39613,49215,56623,68472,72757,84240,93681,104044,119214,127785,132201,142756,150482,146380,166528,175255,171969,178478
3939,33422,36472,39706,48196,54036,67888,68275,81506,87707,96666,107822,114118,123550,139293,137088,155676,155470,170134,170684,180303
3940,33435,36799,40117,48118,56634,67699,84171,85097,99128,104701,117970,119868,127746,131154,145567,156505,157603,160729,172030,192860
3941,33492,35999,39378,47411,56015,64850,70556,86245,92775,107410,113850,117403,124786,133426,141914,143688,153731,160984,170986,185936
3942,33466,35789,39073,47273,54249,64872,69688,85876,101047,107124,113033,122829,128518,131133,139334,150079,153828,159294,172134,179987
3943,33601,35695,37773,46242,52502,61450,67772,80475,92254,104488,109948,118396,127760,131115,138057,145470,153279,161161,181090,181098
3944,33978,36061,41523,49026,55711,64089,76125,80622,89264,104969,110312,118691,126301,130161,140981,144472,156671,161993,181126,180723
3945,34887,37828,42055,50548,58343,67137,73044,83200,94849,108682,117506,126112,132171,131335,149011,145083,158711,161791,172229,179897
3946,35349,37723,40040,49910,55120,67129,71175,83321,96858,104998,117270,124979,133045,137752,148727,145858,158670,167234,173451,178601
3947,35683,38968,40752,49136,55144,67057,74557,87615,99678,108546,120297,125572,136294,134984,151485,151464,161969,167136,172833,178735
3948,35394,37336,39708,49278,55293,65153,68790,86842,93521,108854,119187,120478,127949,139335,148356,150518,158034,169510,172867,183457
3949,35315,37408,41283,48637,57561,66065,101028,89861,98331,113403,123400,126742,136415,139331,151699,156294,163277,166142,172829,182715
3950,35022,37148,41707,48754,55052,64645,72805,85963,91274,102195,120176,125878,130501,143487,146864,154313,159337,169110,172879,185515
3951,38027,39695,41939,48170,53699,64548,68289,82668,90912,102291,119736,129270,130051,139170,147742,155294,160628,168599,176999,182624
3952,37567,39463,41606,48081,53698,64502,67800,83760,90946,102016,119577,128388,129080,138518,146023,155213,159755,168389,177779,186331
3953,36189,39171,41749,49336,53758,65390,66389,80390,87375,104074,112509,119664,124563,141015,142640,158989,157194,168338,182508,185616
3954,36216,38818,41816,49391,57285,64855,68828,85338,93358,107100,118866,119520,127158,136794,147045,157665,160039,165455,176710,187819
3955,38281,41394,42164,51450,59462,68597,72479,85368,95001,105715,120155,122857,129276,136287,145398,151087,159908,167938,180385,186108
3956,37798,41417,42197,51496,55865,68474,73048,84483,86397,102881,114802,124247,129522,136960,143754,150729,160579,164998,180576,184434
3957,38855,42373,42541,53125,55988,65703,73419,84756,99154,104543,114280,120638,126574,137654,142920,150803,156408,165450,179602,186311
3958,39128,42215,42400,53537,55879,65443,73055,84487,94725,104087,113580,120062,125830,136369,140235,149792,157773,165119,184019,185672
3959,39229,42925,43432,54498,58110,67262,71474,85286,92306,105558,115009,120430,128119,136040,142673,148521,157425,164753,177895,185140
3960,38659,43159,43467,51478,57864,65401,69560,78769,96960,101041,111884,119416,122607,135272,142240,149076,156146,164984,180624,187153
3961,40446,44337,44964,52457,57789,66636,70996,81742,91376,105929,120656,129509,130461,132602,148547,148909,158762,166834,184332,186420
3962,39776,44457,44290,48617,56481,64890,72961,78369,91419,98582,115853,122534,128699,138825,143560,148877,157649,169192,177779,186524
3963,37536,40661,43070,50038,54430,63612,79396,80944,107032,97895,116163,122580,128958,132166,144451,154783,162397,164686,179377,186126
3964,37632,40868,43074,47719,54556,63583,72598,80766,89299,98268,115820,122545,128785,134472,148557,149394,163413,170133,178111,185387
3965,39856,42307,43737,48927,55944,66852,71254,85284,93047,101565,118358,126898,133531,135234,148104,153095,165722,171188,178470,184592
3966,39146,42287,43178,47894,53943,62614,68471,80582,88285,97783,114081,125519,130018,139709,145347,153406,165657,171613,178482,188829
3967,40012,44142,45781,46157,57169,66246,77047,80802,88635,117892,112022,127763,130216,136605,147309,155799,160231,169708,178190,189660
3968,39874,43332,46150,45921,54455,65518,68954,78876,117367,94789,108176,126898,131313,138887,144946,154596,158936,163779,176542,191794
3969,39692,44985,46450,47269,54445,65557,75359,80611,87350,104353,107613,128122,131082,135868,145859,151609,156670,166190,180653,188906
3970,38349,45054,46650,47306,54408,65744,63748,77759,84574,103004,107798,128032,131562,136189,145909,151240,157114,162358,182691,184745
3971,40136,48723,48649,48741,55958,62679,105355,79852,87082,126799,111477,131027,131994,135444,144772,153008,158890,161530,187164,184259
3972,40380,48486,48181,50387,53617,62300,73959,80925,125864,96517,107058,128890,131978,137997,144697,147599,158213,160022,183973,182059
3973,41681,51694,53564,56040,59054,66697,69723,87346,91833,97534,120219,134841,137735,135602,146046,149627,157719,160111,178360,180916
3974,41756,50408,52932,54384,58704,66320,70332,86614,89177,95424,109246,134852,137998,139701,145679,149113,156279,164039,176415,181349
3975,44783,52061,51138,55312,60197,66698,72617,88008,92965,136114,120133,137205,140440,138533,150256,151694,158123,163894,173883,179786
3976,44696,52638,50543,55420,60002,63806,68095,78279,86138,98625,110632,137153,139493,142337,150388,151956,157130,165877,173127,181987
3977,44982,53517,54131,57104,62929,65235,68910,80209,90704,98344,107350,142889,144953,142637,153847,154190,161774,165851,170940,180443
3978,44219,53385,52872,56663,58834,66347,68576,76727,83034,96232,142371,142506,144229,148164,151967,152828,160453,168730,171325,182149
3979,44360,53117,53593,55461,56568,66482,71691,99554,89644,96392,109660,142401,144090,146753,150025,158009,160499,164971,174037,181483
3980,44360,53063,53136,55551,56622,66469,75511,85233,140766,96158,107177,142122,143951,145749,150355,157993,157943,167757,172948,184779
3981,46970,53556,54684,56751,57286,68834,75620,84611,91002,145738,113225,117758,148055,147759,153898,155392,163582,167504,174298,182984
3982,45010,53599,54092,56213,56944,67415,75297,83065,84892,97273,111135,117979,147721,150422,153703,155808,162755,169448,173936,182307
3983,43929,52513,53608,56195,56479,64737,73130,82466,85864,93836,105785,144795,145068,150213,153294,158079,158824,170274,178360,181796
3984,44496,52035,53613,55697,56472,64896,73326,83181,89191,96120,144091,115384,145381,146813,153384,157309,162776,169811,175379,184811
3985,45942,52949,54083,55862,57131,67235,74018,80429,88422,93241,108346,115082,148328,146881,156502,157671,161490,167650,175990,185550
3986,47553,52700,54542,56778,57374,66828,74263,80268,90304,99658,105355,146551,147222,150554,153868,158594,161464,170206,176387,185233
3987,47384,52788,55465,57244,58115,70467,76545,81164,88795,146394,109214,116399,150963,150467,158595,158833,166152,170561,177888,185155
3988,47455,52575,55149,57171,58022,70720,76663,82430,90679,97112,107553,114283,151303,150840,157205,158967,165923,171195,176933,185589
3989,46239,52007,54902,56847,57983,68789,73173,82167,86776,92702,144683,146666,123979,150181,154153,161997,162630,170958,177612,185071
3990,47498,53207,54814,56693,58247,68631,73115,81920,143720,96692,110808,116356,137101,149472,153695,162367,164170,169797,179423,187390
3991,45631,50935,53333,56487,57543,68061,68628,80264,87695,95201,104463,114174,122101,149453,151204,159703,159651,169825,178735,185430
3992,45949,50513,53198,56607,59457,67796,75214,79940,89510,95279,107084,138144,139136,140976,153178,159633,163018,166972,179232,184293
3993,44846,51266,53045,54222,63001,68211,73553,104294,89494,135529,108777,115745,140305,142180,149950,155191,160681,168636,179107,184574
3994,44800,51278,53341,54296,61263,71112,73968,84928,89689,99392,108734,114233,140233,141308,150058,157882,160354,168388,178861,184463
3995,44825,50945,53453,54513,62444,70936,69989,82275,88477,93987,133907,134684,123497,140303,147033,155764,156750,166486,177396,184468
3996,44840,51033,53381,54583,58735,71024,71803,83407,88162,93652,109376,116492,136824,138134,147742,156091,157037,165423,177474,183574
3997,44843,50150,52142,53536,61538,68023,72349,83927,87042,98357,107905,128732,132059,138505,147095,152530,158101,165193,175225,183700
3998,44735,50272,51920,53467,62187,68395,71828,85071,90393,126795,108019,128734,133251,137411,147955,152595,159469,164283,176653,184241
3999,41265,47829,50139,51286,57891,67714,71494,81374,88256,97729,125747,117126,130753,138451,147208,153671,157739,164749,176241,186035
4000,41717,47705,49955,51047,61604,67948,71261,80263,89208,96654,110385,128484,130524,134676,145376,153796,156840,164072,175952,182226
4001,40859,45896,47080,48356,60241,66099,68666,79520,116946,95629,107150,124045,126183,134821,143259,150656,155383,166946,175275,183355
4002,40799,46188,47006,49019,59994,68121,73359,82850,90281,118982,119661,122960,127867,130532,139413,150863,157014,163469,177094,182804
4003,40241,46158,47195,48843,57150,67800,71119,80310,89240,95017,108996,120251,124634,136879,141811,147958,157007,163542,174441,182647
4004,39993,46159,47562,53228,57287,68242,73538,81109,89071,106340,117730,120236,125252,130840,145938,150691,156216,162196,177041,182304
4005,41688,46928,48035,53153,60760,68397,77199,81830,87675,97914,121703,122720,125236,133796,144788,148872,155759,162358,174849,182107
4006,41777,46823,48046,53058,58626,68688,74867,81525,88753,117754,110143,123132,125145,135705,142038,149676,158811,164490,173383,182662
4007,40889,47311,48012,53719,57297,67682,68945,78613,115542,97427,107829,121911,123688,134873,141767,150725,155209,162540,173801,182751
4008,41166,46859,48232,53078,56906,67888,72820,89199,88246,97381,117280,121563,123945,134600,143348,152201,156398,162798,174314,184338
4009,43446,49543,50720,55730,59528,67658,75640,84873,89308,125356,126571,127366,131522,132656,146979,149581,159169,163258,174022,183338
4010,43446,49221,50479,51717,59801,67223,74577,80405,91068,97055,108043,127278,128354,131542,145956,148780,157330,164564,174624,183800
4011,43738,48291,50051,51676,59406,67393,70358,78740,89311,97745,106063,123426,124935,132547,138365,152015,155936,163088,176612,183438
4012,44307,48291,50012,51576,59798,68682,70880,91353,92764,97832,121602,122730,125156,130766,142094,152452,155111,162102,175050,184206
4013,41678,46923,47753,49098,57874,66476,74420,77477,100033,115257,105753,118259,121459,129171,140436,150950,155039,163892,174945,183114
4014,41827,46993,48414,52554,57698,64989,70250,79716,92385,97084,116216,118935,121935,130995,141806,150701,155072,160894,176198,184300
4015,41675,47346,48372,53466,57595,65844,71360,113422,88223,98029,115892,117979,119793,127763,140601,146816,154098,159925,175410,183373
4016,41768,46924,48351,53532,57654,65715,72120,83425,105771,115540,116374,117763,122602,131357,139191,147725,155659,161343,176026,179564
4017,43099,47227,48476,53451,58048,66333,71995,83834,88972,99999,116732,119210,122154,126496,139493,148368,155807,163026,173414,182149
4018,43279,46866,48329,53277,58279,68242,72501,83753,87795,94246,117373,119520,122728,131976,141115,147460,155330,163015,173301,182988
4019,44559,47660,49143,54541,59028,74509,77580,83525,93960,116529,107953,119677,126150,130195,143137,148787,156582,162704,166426,182823
4020,44490,47631,48864,54218,59037,70876,76640,83625,93696,100296,116519,119212,123089,132295,140426,147404,156565,163714,173867,182112
4021,43728,47502,48609,53487,58810,65246,71208,83521,94692,98746,117131,118278,121849,132272,143203,148509,155639,161670,172929,182634
4022,43705,47356,48505,53660,58642,68464,71608,83467,87548,114619,116850,118846,121517,133784,143848,147828,155276,162518,174694,182246
4023,43729,46833,47854,52857,57917,66857,70208,77467,112023,97743,106089,117109,120275,133151,141315,149271,154605,162417,174399,183138
4024,43683,46791,47710,52661,60393,66628,70986,78056,91257,112173,115151,117402,120109,131699,139206,149621,156531,161157,173913,182338
4025,44126,47106,48832,53600,61690,73250,75435,85074,88869,99720,118278,119063,124694,130694,141925,147053,155880,161692,174744,182629
4026,43935,47521,48761,53992,58546,72394,75427,83034,87164,95721,117680,119347,125244,132300,142550,147548,155186,162699,174407,181973
4027,42584,46427,47465,52218,56974,66998,72724,82121,94259,111125,106688,116549,123338,131695,140683,148873,152524,161801,173893,180423
4028,42503,45995,47360,51772,59687,67134,75288,83817,95655,97368,114426,117238,120114,129890,139809,149319,154886,161371,173283,180978
4029,41708,43599,46616,51376,58118,66146,75568,84183,88455,110656,114133,117051,121979,128567,140093,148135,154166,162005,173637,181092
4030,41676,44351,46599,51495,58303,66502,75060,84481,109394,96730,114158,116721,121484,129665,140893,147189,155190,161556,173613,182034
4031,40416,43845,46326,50698,57621,72053,70227,84534,89030,110464,114046,117572,122715,126202,140029,147803,154840,161364,173718,181613
4032,39600,43733,46231,50949,57957,71972,69916,83561,88897,109484,111886,117540,121193,129026,141035,146279,155566,162361,174528,181085
4033,40570,44657,46161,50893,56803,65158,69893,84966,90376,97609,115616,119245,122058,128963,142105,147318,156049,161761,173442,182311
4034,40324,44833,45988,50878,57032,64865,70106,84576,110217,110920,115466,119348,121856,131199,140214,146783,156975,163086,173441,181003
4035,40093,44246,45401,50241,56883,66920,69760,82524,90735,98269,112784,116464,120897,131842,141029,148942,156608,163310,173859,180648
4036,37814,44396,45390,52869,57134,65835,70233,79847,90321,110459,113748,116702,120652,127590,138569,147161,156453,162586,173188,183573
4037,38708,44059,46389,50999,57613,67213,71214,83647,91024,98778,116492,117756,125392,131220,141836,146757,154894,162416,173922,181277
4038,39256,44019,46356,50922,58626,66940,71241,83604,87151,102408,115956,117622,125466,131382,141358,147781,154973,162401,174104,180482
4039,39667,42878,45860,50158,56905,67548,75591,82516,92941,110149,114095,116164,120962,130462,139799,149576,154488,163185,175490,182753
4040,40212,42934,45821,52926,56629,66331,76409,83593,107122,96421,114123,116729,120889,130278,139671,149228,155115,160688,176068,182718
4041,38907,43982,46111,53773,58168,65973,76961,80344,88265,109288,112913,116451,125087,130462,140875,147814,153429,161877,172541,182045
4042,38786,43971,45971,50554,58158,65806,71506,82722,88766,97620,113221,116626,124987,128454,139266,147191,153910,161527,172320,179307
4043,41630,43507,47063,55100,59648,67356,72098,80407,90211,111029,115071,118943,123776,130728,140657,146593,155834,162158,176418,182003
4044,40575,43446,47246,51453,59122,67772,70212,83407,110489,98768,115313,117769,122925,130348,140886,147610,155675,163621,175673,181681
4045,40881,43300,46883,51133,59127,66431,70278,83139,84397,110491,113950,117935,122405,133092,139895,148542,155099,163876,173783,181843
4046,41089,43386,46538,54458,58761,66417,69745,83450,84583,98237,113964,117624,122656,130495,139912,148075,154269,162329,173793,182879
4047,41449,45204,47224,54433,58230,66816,78453,82976,108386,109458,112611,115934,121395,129795,139733,147124,155018,163860,173184,182375
4048,41353,45025,46994,51065,58075,66666,71726,78186,87953,97347,112965,115625,121179,132104,139807,146984,154476,164055,173744,182284
4049,40813,45231,47243,54483,58662,66594,73726,78815,90668,110669,113937,117043,123169,128023,140270,147136,156053,163151,175011,181402
4050,41508,45055,47020,51463,58969,66565,71439,78322,90255,97615,114028,116282,122951,131392,140857,147653,155146,164524,174414,182626
4051,39904,43570,45641,50783,58206,65337,70560,91012,107583,108801,112385,115500,120940,131445,140041,149629,155988,161681,174110,182136
4052,40353,43393,45860,53050,57730,66032,75270,77527,90950,108617,112120,116025,121201,127496,140254,148133,153689,161153,173778,183163
4053,40470,43159,46261,53311,57900,68965,74438,84438,92157,97441,112255,115026,121598,130968,140514,147086,155284,163151,174241,181758
4054,40714,43631,45749,53193,57848,68933,72872,83535,91517,109154,112398,116034,122261,128522,141852,146900,154843,162090,174477,181840
4055,38881,42931,45059,52288,56275,67318,70257,82301,87812,96753,111800,114883,119786,129685,139865,148097,154721,163373,173246,182780
4056,38802,42886,45283,51747,56068,67342,71489,83289,93892,107501,112234,115228,120203,127474,140780,147888,154109,160796,173870,181479
4057,38966,41159,45060,52425,55981,67124,77040,82683,98097,109221,115864,116974,120861,128644,140659,146527,154258,161742,172215,182037
4058,38869,40596,44991,52391,56152,67022,69646,82579,89651,95683,112630,117191,120554,130018,140195,147397,153881,161308,171617,180560
4059,39687,43103,46074,53498,57045,68282,71502,88274,94746,111916,115984,118939,125107,127902,140168,146052,153881,160808,173262,180613
4060,39697,42742,45642,50053,56524,65658,75465,81186,87652,97955,114586,118231,125503,131338,141123,147095,154141,160329,173427,179728
4061,35687,43985,45509,50451,56802,65903,72778,84480,107385,110865,116465,118987,122057,128337,140481,146439,153610,160751,173065,177548
4062,35650,43888,45547,50862,57216,65927,69287,84052,89792,96977,113599,117184,124802,126305,140366,146140,153729,160977,172879,180538
4063,39672,42366,45483,50348,56183,65889,90573,83811,90409,111584,114322,117176,122261,130875,138528,146283,154386,161133,171105,175470
4064,38898,42441,45301,50205,56185,66415,72414,81510,90163,98337,114502,116751,123514,127806,138995,146049,152374,159406,171783,177024
4065,35733,44046,45343,50570,57553,65896,69769,82354,107620,111435,114531,118219,121622,127774,140425,147439,154845,159227,173441,176488
4066,35765,44151,45568,50690,57409,65874,69844,81596,91317,97900,114281,118110,121505,127930,139988,146901,154201,160392,173370,173835
4067,36688,44429,46582,50950,57821,66670,70285,87386,92208,114345,116072,121838,124066,127636,141546,146520,155594,161197,172078,181365
4068,36318,44269,46685,50419,58020,66027,71008,79935,88369,100014,115760,118146,122019,131030,141608,146966,155446,163708,172044,180211
4069,38998,43236,44771,49253,56522,64514,72918,77678,87715,97252,112548,115259,119573,129390,140600,145545,151370,162518,171747,176374
4070,39199,43220,44620,49415,56351,64370,72740,109143,110968,110595,112870,115861,121891,126924,139597,147567,153442,160317,171022,182623
4071,39082,43410,44472,49096,54991,70080,72899,82663,87878,98122,112555,115349,120324,127355,140476,144641,155474,161352,173092,180754
4072,39125,43390,44338,48475,55191,70330,68396,81808,85870,110825,112723,115459,120063,126040,139765,147131,155764,157602,173268,177767
4073,38109,41976,44707,52070,56449,63229,76587,82753,97536,97731,112449,114478,121161,131170,138786,146140,155119,159963,174433,177456
4074,37693,42036,44569,48888,55795,63359,74247,83638,90964,110103,111736,115953,119945,128204,137906,145619,153565,161150,174366,176612
4075,37581,40556,43682,48350,53984,63907,66038,80572,85871,96202,111411,114963,119783,127318,138333,145305,153180,160911,171554,180896
4076,39350,40543,43637,49983,54169,63442,89327,80116,104989,108683,112803,114966,119770,126432,137885,145962,152982,157829,172823,179032
4077,35865,40547,45072,50417,55098,61169,74031,80754,89103,99707,112348,115437,119523,125953,138250,146231,152552,160045,171587,178596
4078,37460,40449,44054,47715,54974,61012,67031,81456,95575,109732,113284,116204,118790,128261,135586,145634,152609,156855,172031,171839
4079,37508,40749,44592,50923,53739,60993,64319,84065,90413,96666,112601,115391,119212,127695,137187,145185,154081,155933,171725,169401
4080,36908,41400,44402,47689,54333,60865,66253,83885,109181,109736,113763,115088,119564,129657,139244,145788,152459,155820,171782,168432
4081,37431,40444,43314,47201,53409,59619,110222,83623,90943,111468,114620,117999,121142,126780,139691,146059,153738,155845,166858,165752
4082,36652,40467,43374,47357,52913,60285,67759,81897,89675,96421,115191,115859,119809,125023,139295,144025,150567,160080,167292,170805
4083,35924,40493,42247,46107,51964,66524,64335,81706,89820,110231,113096,115449,120071,124660,135477,145869,144531,156007,165724,170948
4084,35897,40319,42523,46114,52056,65694,64525,83673,89296,96480,112154,115547,120286,123934,135574,144787,148422,146939,164993,173649
4085,36409,41030,43091,46280,57009,62807,65233,85348,110056,110402,113651,115606,121760,124402,135267,139165,148863,151395,168532,175162
4086,36134,40997,43022,46648,57295,61624,63028,83583,88754,98106,113589,115921,119746,124215,134914,140707,151427,152129,167499,166272
4087,36741,39325,41918,46038,56025,62817,108604,83151,88249,110418,113258,116159,120112,124310,136384,145017,150845,154435,170149,163466
4088,36601,39162,41926,45800,55712,62128,74110,81302,88683,97957,113426,116111,119923,124918,135543,145043,148673,151919,163445,163636
4089,36660,40485,43674,46219,55283,63000,64872,85593,111434,111662,114693,118056,121488,124986,135673,142635,151100,155236,153797,164881
4090,36624,40784,42996,46142,55773,62571,66619,83672,91040,97636,114309,118836,121376,126095,135576,143555,147725,156512,161076,166910
4091,37504,40329,42474,46498,54890,62808,67274,85138,92412,112782,116098,119097,122029,125428,139964,144077,151350,156171,163231,165303
4092,37174,40208,42403,46298,55007,62775,67634,82533,86042,98850,116146,119584,122332,125633,137483,138045,148951,158763,159082,167060
4093,36937,36336,42198,47393,54311,62244,72857,84136,87301,98772,115691,118657,123033,126400,137123,144400,147636,153064,163013,166578
4094,37176,36602,42290,47454,53834,62270,72903,79794,110206,112589,115395,118071,123247,127605,136765,141838,149928,155250,165510,168110
4095,37277,39919,43236,46447,53444,62074,70082,79554,86765,97057,116570,119423,122041,127565,138645,143573,149008,153720,162327,169033
4096,37138,39422,43200,46154,53636,62358,73901,77427,85420,113307,116057,119831,123299,127926,137030,139722,150223,157636,164328,167740
4097,35005,40380,42796,48165,54990,63122,74100,112349,98936,100032,117901,121258,124398,127398,137272,143619,151763,152261,164715,168344
4098,35016,40209,42668,47836,54939,64182,71626,80407,85470,98101,118035,118956,123240,126394,135579,143671,151670,154352,162195,169171
4099,36844,40653,42791,46684,56319,62772,72818,81390,113699,114840,117164,119405,121233,129686,138012,143168,149885,157958,159774,170967
4100,36920,40040,42864,46847,56225,62502,71556,81201,86762,98700,117445,119719,121023,127845,137977,144373,150276,157512,159984,175903
4101,36148,40419,42854,46843,54930,67564,76511,80416,86782,99135,117025,119664,122036,127593,137075,142837,151733,157732,165453,173358
4102,36573,40356,43362,47080,54764,61465,72852,81385,87250,113226,116823,119085,121754,127331,137635,142716,149844,153917,167156,171875
4103,36801,42182,43606,48565,58152,70502,73324,81721,116489,100394,119439,120528,123519,128035,139315,140949,152770,152903,171639,173289
4104,36894,41454,43343,46791,58155,70503,72083,84505,90989,94203,119504,120497,123620,128740,139268,141424,152317,158355,166766,170069
4105,36787,41150,44191,47869,56879,65971,73171,80975,85736,118067,120292,121438,125285,128545,137934,145005,154992,158509,164584,171994
4106,35998,40815,44300,47357,54146,66458,69835,82675,89386,94483,120116,121438,125309,132913,140708,144897,154149,159196,162243,22
4107,37838,41879,44309,49483,56034,65797,76233,82464,88833,118483,119914,122524,125517,133303,140258,146354,156241,159421,164393,175294
4108,37847,41968,44164,49666,55967,64122,74152,82388,106865,96460,119178,121948,125538,129207,140722,146294,155429,161433,164400,174766
4109,39690,43202,45123,49257,56456,65785,75156,84985,89111,99941,123135,125233,127397,128851,140254,146287,153892,159664,171850,179841
4110,40568,43263,46095,47230,55055,65447,73891,83790,88909,122199,106889,125236,126088,131459,139875,146806,156531,163541,169826,178724
4111,40313,43671,46171,47867,55505,64072,69065,81436,87943,96926,120803,123338,124168,131488,141166,147595,155353,163275,172360,179369
4112,39812,43665,45952,48452,55248,64274,68755,81681,118408,98197,108299,122619,126499,129834,139016,146180,155922,162970,164578,180008
4113,40238,44916,46808,47704,56290,68266,72002,81794,91703,99046,122923,125044,129182,129343,140491,145679,157499,161977,162943,182285
4114,40258,45083,46889,47809,56485,67333,80779,81762,87586,121752,107288,125196,128792,130735,140480,145715,158140,162549,169931,180193
4115,42004,44821,47920,50779,57288,68167,71999,83909,89088,99775,124094,127079,129764,130582,141354,150051,155260,162928,174399,180726
4116,40672,44692,48266,49832,56932,67490,71777,83917,89107,96373,107780,126496,129267,135413,142726,146082,158095,163726,169963,180113
4117,41987,45936,49113,51107,59803,70241,72496,85715,90086,97031,107800,129215,130421,131843,144856,150196,158315,162860,168884,181219
4118,42749,45501,48238,50640,59790,69387,71915,81281,94472,124759,124727,128130,129582,133995,140807,150192,158253,163624,168530,181607
4119,41663,45782,48871,51482,60264,68922,69016,83584,90702,100068,108266,129595,131261,133130,145295,152024,158698,164460,169444,181269
4120,44718,45846,48617,51575,60057,68267,73483,82821,126063,97220,126185,129456,131078,133251,141506,151723,158818,164561,171721,183676
4121,44204,47540,50349,52789,58939,67958,72535,82146,93339,97852,109590,132826,133810,133109,149470,152259,158937,164081,173730,182849
4122,44226,47265,49623,52659,55249,67886,73621,82416,88724,109333,104690,129256,133511,136203,143115,152587,159145,164536,173841,182337
4123,44422,48662,50124,54015,56208,70315,71221,83354,89529,97947,132512,132512,137468,135127,146746,151461,158918,163694,174014,186161
4124,44504,49219,51097,53842,56059,70712,79377,83243,89809,132487,110967,132487,137281,137935,143138,151541,161655,165805,173712,183920
4125,44822,49420,52412,53463,59793,66849,69514,86133,91793,101831,107601,135619,138781,137575,143512,149087,162171,165830,175845,185686
4126,44727,49051,52281,53418,60562,66885,68572,83839,87301,96085,108467,135256,139003,140335,144483,156580,161190,166737,174049,184922
4127,44664,49156,51038,52241,57539,66248,94558,83951,86244,96076,133150,133150,138176,140656,142718,156749,159974,166799,175390,183788
4128,44687,49018,50811,52207,57137,65582,73117,82488,90014,96663,107508,132493,137728,137485,142724,157381,159466,165803,175416,183098
4129,47485,49441,52175,53616,60218,70834,74852,83150,136878,98925,108773,137280,140333,136889,145066,155381,160505,165315,175734,185226
4130,44105,49542,51980,53662,58428,70668,74756,83748,93511,136526,108289,138637,140922,142028,145383,155066,161006,167410,175591,184398
4131,45540,51835,52874,55254,60329,75248,74791,84851,88644,100622,138093,138600,141821,140003,146919,149973,161334,167265,177296,183194
4132,45350,50565,52694,55163,58586,71500,74053,82981,88118,97712,108808,137066,142777,143476,146702,154100,160830,168062,175469,182560
4133,45449,50525,53706,54892,59931,73045,73421,81030,89951,96358,106814,115089,141923,142856,146464,154726,158929,168572,175881,183015
4134,45254,49915,53662,54891,59984,73121,74781,82054,89883,97808,107667,137848,142024,143716,146319,154125,159399,165313,176970,184460
4135,46288,49267,53549,55139,60201,73413,71867,83918,88361,97839,136666,114047,142106,143200,145022,153552,159176,166114,177433,185985
4136,46341,51143,53290,55066,60215,73380,71923,84197,87816,135632,108163,136147,142076,142106,144943,153122,158535,164597,175160,185740
4137,48042,52417,55349,57814,62865,70537,73397,85201,88675,100180,109974,117084,144079,141779,150358,147711,160407,165509,176729,184146
4138,47682,51916,55227,57716,62584,68510,71998,82020,88574,96805,107338,118162,140822,147710,147935,153209,160685,167101,177103,184989
4139,47141,50990,53967,57841,62736,67376,73546,83260,95533,96543,107865,141395,141386,147369,146735,151181,160060,166202,175450,184986
4140,46712,51185,54023,57960,62789,67657,71745,83688,92643,96731,141386,115872,141537,142897,146247,155286,160594,165156,176501,183609
4141,48218,52940,56219,57952,62313,67751,71833,86214,92118,96664,108130,111583,141400,143483,146528,154833,161683,164593,176121,183117
4142,47911,52392,56103,57507,62421,67558,71637,85772,107848,138114,107739,140264,140795,145143,145796,150721,160800,166101,176208,182523
4143,48513,51680,56003,57534,61817,68031,71503,86428,90501,96998,106532,114763,138615,145350,146714,151954,159721,165975,177855,183178
4144,48585,51578,55652,57407,62034,68202,72656,85704,90661,96184,106211,138175,141125,141642,146760,151071,159980,163786,176055,183288
4145,49275,52358,56789,58799,63244,68809,77374,85132,90508,96014,140303,118183,143968,141498,148212,154286,159414,165393,176067,183824
4146,50287,52298,56919,58973,59991,68675,72176,86364,89773,96080,110122,123275,141243,144401,149697,150022,160305,166600,175596,183712
4147,44549,49071,53462,55582,56994,65605,70036,84319,95901,131001,104750,133508,134184,144432,140504,153527,156506,165332,176378,183116
4148,46749,48262,53229,55198,59043,68093,78977,86062,90340,99144,105893,113358,135751,136948,139859,152906,157740,164013,175758,183003
4149,42102,45139,49116,51593,55634,65081,69405,82897,116691,95600,127084,127544,130939,136859,137131,149407,154882,163595,174254,183217
4150,42121,45135,49155,51793,55200,64900,70775,83703,88867,96405,108994,129546,130842,131798,140921,151699,154499,162169,175608,182428
4151,39861,42306,45544,48188,51144,62726,67126,79375,87176,94217,106533,114349,126535,131337,135913,145874,151362,162654,176345,181385
4152,40571,42241,45503,48065,53919,65840,66279,79313,89202,121787,122153,124549,127228,130585,136912,147697,152895,155948,175181,182380
4153,36905,41455,45172,44376,52228,57657,64821,73996,77778,95675,106909,121507,124872,130628,135633,145505,151110,160574,173722,179052
4154,36844,41856,45279,44131,52438,60336,62027,76056,115941,92637,118340,122221,124734,129143,134910,146559,149912,151814,173760,178310
4155,34235,38457,40649,44359,49002,55614,103061,70610,85965,114081,118002,118767,122001,126219,134375,142124,144271,151031,171146,174555
4156,34641,38519,42525,47041,51534,57804,62631,111659,81275,103224,107020,118540,124075,128382,134788,142165,142052,145287,170635,175115
4157,33308,38072,42032,44466,49021,54174,64062,78196,108907,109657,112625,114240,119307,128194,131496,138276,136687,146417,165083,164413
4158,33685,38424,40657,45646,48806,55831,58684,74482,83808,93639,113001,114774,118704,125949,130851,137041,138504,139227,164677,169153
4159,34630,37922,41022,44829,53168,59704,107141,77490,110386,110970,113149,115832,119786,124824,130324,132210,139536,144221,157064,159874
4160,34590,38330,40978,44698,53269,58803,67163,109286,80781,97212,115051,115825,119034,125279,129821,131957,139419,149403,163618,160814
4161,33861,38806,41329,45749,51133,61620,61503,79840,97246,111521,117452,117478,123529,119927,129677,134264,142938,146439,153909,152714
4162,34308,38159,41356,45382,51166,62187,65327,77747,84487,97805,117501,118503,122464,128134,132840,130216,138630,145834,155443,153758
4163,33404,40800,42555,45986,53286,59300,99020,77971,110608,112029,118488,121862,122123,123998,135680,133511,146019,145315,147066,156393
4164,33301,40592,42724,46056,53231,59490,69059,77652,88078,99464,118086,119407,126440,127471,134390,135027,143484,148436,149952,157815
4165,33939,41273,42637,47424,53108,59211,63037,81528,85685,114372,107245,120224,124321,128224,131868,137268,144991,147165,156987,160963
4166,33805,38537,43765,46885,52841,59795,63092,77715,112664,94480,115762,118718,124484,126607,134799,141191,146387,148198,157156,157615
4167,36539,41912,43890,47827,53177,59316,67638,114426,88552,115276,118217,119094,123575,127069,134549,135413,146229,149235,157277,164106
4168,35232,41731,43563,47887,51364,63006,101806,79628,81521,97940,117235,118837,120915,127356,134450,135519,145730,148399,155883,163061
4169,38878,42729,45456,48851,52634,67175,77459,82178,117225,95930,108510,119513,126455,128731,136460,140817,144978,147987,158316,162691
4170,38701,42525,45007,46496,52540,61361,70888,82610,89528,117158,119142,120394,127801,131038,133934,138694,146457,151671,156005,161845
4171,37311,42997,43970,45987,53179,64474,67368,75954,85980,95637,106661,117584,122336,129262,134093,140462,148691,151393,161883,162864
4172,37275,42425,44097,48145,54455,63621,64951,79855,87230,113734,116461,119757,121126,126990,135220,140207,148202,150537,161144,161217
4173,34128,38356,40584,44494,50654,57836,61228,72572,78653,94254,109689,113690,117823,124458,127058,142848,141808,153703,157892,170997
4174,34596,36479,40714,47536,53469,59589,62994,103709,104985,106632,112191,113573,115389,119085,129916,141098,140457,140106,156264,170661
4175,33894,39318,40755,46363,55171,58609,100076,73976,96976,95919,109961,111236,114032,124279,126745,133101,136848,145330,160383,166733
4176,33777,38868,40365,46198,53574,58452,63997,70760,86839,104956,109345,112866,115451,117922,127142,132824,138948,145089,161926,166246
4177,35032,39655,41190,47548,52754,58957,62747,103805,104379,109592,111481,114689,120044,117997,129759,132039,144254,138971,161394,156969
4178,34444,39575,41196,47677,52823,62183,72612,82886,88601,107379,110383,113929,119606,123270,133057,133251,145365,151394,165281,156571
4179,35456,38615,40524,47442,51816,61884,82506,76256,87101,97845,110065,112388,115953,121962,130608,135929,139368,151073,154629,152201
4180,34700,38025,40456,46584,57302,62202,68046,71955,102389,106174,111730,112932,118583,121380,129401,136889,137559,148078,154829,151416
4181,36901,38235,42121,48564,53501,60672,67980,104670,88960,108420,110654,114262,120089,121558,131153,133366,143631,147276,145927,160058
4182,36218,38927,42499,48398,53377,60052,78087,84298,104596,98345,109855,113033,117171,122976,131654,134952,141298,149269,146117,160612
4183,38175,41223,44040,49821,55496,63594,73430,80215,91456,110410,112213,114621,118922,122544,136874,138357,148160,149899,154638,157614
4184,38167,40647,43797,49846,53765,63480,68219,80134,92263,97565,111732,114685,118827,124306,134453,136257,148041,153230,154501,157356
4185,37210,40140,42419,48936,51934,60858,73876,80847,88516,104963,109499,110673,115427,125025,131105,140165,141992,155496,151571,162398
4186,37212,40032,42398,48757,53675,61124,64875,75652,91109,106450,108520,111613,117286,121628,134457,140718,144109,148194,151225,163061
4187,36375,38634,41911,47702,53246,61012,98507,79256,100178,106803,108914,113424,115410,124414,129795,137068,141430,149715,154258,168333
4188,36236,38559,41851,47606,52938,60795,71463,88507,83688,95747,108602,111009,115859,120983,130803,135335,142290,148191,157341,170956
4189,38291,40903,41573,48264,53451,60574,66771,78530,99997,106269,108382,112275,116511,121288,130102,135536,140649,146861,161323,163439
4190,38197,41103,41559,48401,53360,60572,64204,79462,85536,106063,108304,112034,116474,122117,129253,135001,144444,147634,158415,162247
4191,37785,40073,41491,47952,52536,59570,61842,99577,101211,104189,106675,109065,115793,123109,127775,135895,144853,148311,154029,158314
4192,37827,40449,41353,47807,53260,59356,95164,77645,100971,103772,106001,109246,115288,123535,133595,136592,141592,147980,154296,157317
4193,37076,38928,40852,48685,51830,58418,64409,80492,85319,98483,102639,107549,112672,121478,129946,132152,137603,147434,150442,160480
4194,37151,39124,41124,48694,53101,63890,63744,75889,92068,100683,103915,110472,113481,120056,130000,134561,139414,141674,152427,160160
4195,36974,40932,41426,49046,52706,60207,92820,92820,94014,101786,106406,110915,115901,119498,131539,132789,137134,145593,155756,158893
4196,36929,40499,41622,49084,52995,65365,68480,82252,97990,100404,107244,111804,113101,122774,131949,129812,141731,148731,157757,159726
4197,36732,40069,41378,48622,52202,60965,63841,81855,85935,97815,104354,108992,114506,124118,129255,133882,139312,144049,154608,157287
4198,37360,39940,41101,49085,53697,59308,63358,82034,92039,98542,104950,108550,114608,118498,125386,133121,138959,143367,155212,157516
4199,37256,40288,41349,48869,53973,66193,90412,81898,95700,99392,103615,109322,113060,120097,130069,133595,139298,146829,150558,160151
4200,116,117,117,117,117,117,118,118,118,118,118,118,118,119265,118,133252,118,145609,150532,160021
4201,36642,38620,39961,42332,43548,44777,53442,61779,69890,75203,88427,94719,102581,118,112214,135115,116135,118,151684,158961
4202,37502,40176,42222,57645,66643,86679,98020,98854,99609,105170,107340,109998,118158,103881,133028,118,146842,116932,152878,158171
4203,38155,40565,42457,57860,72210,94247,94247,95113,99110,103312,107392,113247,118816,124177,136012,114546,149872,154189,151532,159087
4204,38098,40685,42787,57971,72320,98731,98316,99826,99813,103599,107699,113268,118633,124711,137964,138547,147572,153283,149689,118
4205,37156,39771,43010,52522,57798,66046,96895,97465,101772,106553,109398,112911,119050,125772,133919,140437,150857,153727,152414,119497
4206,37208,39606,43136,52479,56185,63058,68774,97497,97809,106934,109632,113964,119554,126392,130988,140530,150776,155624,118,167474
4207,37740,39705,42221,50491,54544,61156,65415,98725,100611,103816,107538,111753,117775,126392,128430,139401,147677,154830,119497,168745
4208,37783,39991,42099,50426,54560,62363,66761,77500,93461,103176,107131,111173,116959,121105,133599,142283,145095,148452,160440,173743
4209,35749,39548,42010,49821,53758,63426,65619,97524,99225,101474,106854,112377,116776,122112,133245,139710,144671,149358,162251,173407
4210,35685,39575,41935,49710,55242,63252,91989,75670,100921,103514,107814,112229,116723,124606,132368,137086,145597,149496,158804,169110
4211,37023,39732,42501,50733,57085,65172,67603,75922,96042,103216,107056,112152,117542,122000,132960,139222,147526,147769,163851,166575
4212,36889,39515,42328,50683,56632,62254,67187,99391,100771,103525,107052,110954,116588,123886,132182,138154,146999,154164,163868,165027
4213,37075,39768,41734,50329,55933,62992,66554,78534,94850,104743,106621,112115,117951,123804,132747,142375,148508,152040,155879,167323
4214,37346,39840,41964,50406,56096,63959,91139,76379,99692,102555,107956,113167,117856,123817,132172,140312,148106,154364,160228,167359
4215,37464,40084,41623,51057,56787,62651,72164,98607,96511,103847,107238,112136,117252,123403,136850,139330,146453,156398,157251,169159
4216,37353,40044,41744,50966,56436,62177,72638,77906,101217,103543,105632,111626,118265,123933,135308,139983,146114,155448,158499,167794
4217,38404,40952,42084,51551,57204,62616,67883,78893,100141,103868,107562,113168,117736,123401,135915,141147,151158,154496,160935,170001
4218,38351,40709,41919,51800,57408,63753,66311,83263,100609,104875,109067,112951,117304,125679,136836,143420,151757,156353,158588,171547
4219,38371,40906,42474,51795,57365,63758,69157,80849,101754,104031,108074,113587,117372,125378,135050,141521,149180,156044,162901,170741
4220,38727,40776,41915,51471,57265,63818,83469,81131,100039,104121,107407,113574,118266,125275,137080,140112,149820,158137,159829,170410
4221,38169,40996,42020,51309,57342,65659,69364,94024,90509,101094,105323,112462,116763,125629,135400,143676,151709,156113,162691,173381
4222,38273,40826,41601,51302,57367,64320,69222,83791,91011,100941,106363,111964,118647,124644,135464,143715,151011,158808,164081,173266
4223,38918,41209,42118,51993,58441,66776,69673,83503,98559,102650,110570,115124,120732,125385,135847,143502,151903,159912,165641,170270
4224,38776,41327,42066,51856,58389,66832,88198,83680,90616,102737,110588,115144,120513,126591,135974,144043,152303,160393,166092,173227
4225,39819,42147,42811,53255,59069,66420,71047,83850,93036,105563,113110,115462,120275,125316,136446,145552,153918,160399,166853,176939
4226,39782,42080,42920,53028,59712,66575,72525,83639,94968,104968,110503,117184,122184,129910,139150,144387,153760,160779,163114,178884
4227,39539,41844,42819,52937,59095,66672,70925,83443,93042,104805,112770,116067,122318,128159,138283,145512,153699,161222,169278,179695
4228,39463,41730,42553,53296,59088,66626,70531,83288,87135,105701,112968,117403,122093,126896,140043,144775,153827,160954,171110,179471
4229,39860,42223,43081,53375,59252,66137,70927,81479,102981,107759,113919,118677,125046,130719,140155,146178,154635,160819,171667,179511
4230,39788,41994,42909,53305,59106,66020,70866,82645,91094,107051,113760,119365,123381,131442,139723,147560,154032,162447,172041,180706
4231,39527,41607,42444,52989,58941,65742,69856,79988,90259,106902,113646,119347,125378,131266,141689,147843,155144,162854,173134,180293
4232,39414,41578,42130,52859,58488,65707,71170,79815,101744,107905,114189,121133,127286,130756,141759,146771,153049,162905,172488,180154
4233,40698,42947,43693,53476,59269,67831,92530,78752,91666,109781,117618,122565,129807,133450,143514,148503,158538,162153,171946,181274
4234,40796,42959,43747,53234,59207,67874,72199,98290,89678,110141,117878,122516,126354,135104,143463,147968,157428,165228,172533,180853
4235,39268,41168,41972,51322,57968,66429,71024,83670,98641,108153,115075,121478,128364,133630,144044,149630,157922,165623,174117,182163
4236,39338,41303,42032,51708,57923,67131,70334,82281,94067,108944,115247,121391,128475,134703,144393,151634,158781,166483,173594,181160
4237,40585,42680,43398,52663,59863,67278,71822,82382,90912,109388,117370,122423,131166,135138,145228,152303,158623,166239,173879,187078
4238,40556,42544,43361,53607,59812,67223,70767,79914,89079,109901,116078,124479,127954,136249,143804,152430,158911,164616,174256,182469
4239,42713,45053,45901,53246,60469,68924,72612,86929,107005,116255,121849,127270,130282,135657,145863,151619,158851,164692,175796,185999
4240,42639,44722,45583,53482,57699,66716,70199,80519,94589,112757,119516,125029,130494,138767,145589,152194,159512,167785,175706,184562
4241,40010,42150,42877,51923,56241,65969,70235,83598,96400,113074,120592,126598,134309,137245,150828,155864,163935,165901,175173,185041
4242,40074,42934,42776,51559,56402,65864,69836,84153,95981,113619,120746,126419,133639,141924,151113,152584,160729,168578,177223,185759
4243,38334,40156,41086,50267,53754,62630,70259,86092,92771,110746,116726,125797,131291,141082,151754,156245,164514,167493,176269,185511
4244,37828,40557,41133,49917,56313,65252,94712,85797,92814,115473,122252,129941,132897,140835,151830,156913,164688,170676,177107,184529
4245,36595,38522,39198,48394,54818,63611,70264,87194,90990,113013,122341,126454,131912,140687,152080,156250,166304,171787,176440,188147
4246,36441,38484,39521,48443,54940,63533,70449,82403,95210,109797,122560,126324,133732,140386,152001,160756,166976,171983,177679,186726
4247,34354,36375,37917,46373,53378,62818,72333,85452,94987,106568,117810,126274,132220,144280,147188,158990,164176,174206,181887,186956
4248,34455,36201,37612,46206,53320,62551,72014,85511,101532,110265,123591,125698,132805,141136,153300,159831,167183,173349,179758,187914
4249,35197,36993,38051,48758,53591,63053,74040,87638,99335,111841,124035,126214,137024,140965,151642,158269,163609,171838,181976,189658
4250,34818,36507,38001,46443,53395,63148,69262,87433,95580,111679,124321,127893,134445,141344,149403,159567,166813,170088,181244,190237
4251,34920,36386,36881,45367,51447,62545,63716,82884,91409,104665,116973,119935,127783,144563,143527,155856,159528,170002,181092,188409
4252,34777,36069,38950,47678,52943,61593,71700,86809,95831,107652,116579,120553,130944,136706,149695,156263,160701,165865,180838,188738
4253,32977,34494,38471,45543,51770,60125,72326,82945,92507,102934,110697,119449,127221,135695,144418,149287,157560,167660,178560,187695
4254,32663,34420,38522,45384,51353,59868,77755,84415,92075,103131,112070,123574,126594,130556,144585,153084,157608,162152,184218,186996
4255,31566,33203,36715,45242,50254,61092,70965,83486,88315,99190,109216,118662,125257,132694,142609,148842,155202,163170,184495,182321
4256,31663,33208,36290,46266,50413,61299,71003,86217,94090,102222,108953,117419,125630,130620,140192,148394,155174,162712,184164,185876
4257,32349,33689,37355,45345,49765,61861,71646,86968,93548,103695,113472,117387,128445,130682,145116,147371,155669,162884,176149,180709
4258,32091,34104,36922,45661,49576,59371,82250,82140,87869,99623,112689,118530,125516,133498,142558,150791,154180,162959,178836,183394
4259,30769,34849,37281,44864,49556,62112,73274,81177,90691,105458,113128,120705,127552,131165,144519,150694,154544,161456,175798,183071
4260,30588,34895,37222,44040,49308,60646,68439,81139,90669,101977,109909,117170,127381,131397,144417,147496,154367,165944,176456,183812
4261,32446,34207,37319,43928,50477,61693,69470,82080,91306,102307,109940,116064,128089,131347,144558,151406,159224,166282,176543,182505
4262,32274,33994,37053,43928,50416,63222,70095,83508,90723,102196,113040,120599,128520,133746,146839,149856,159246,167105,175824,182918
4263,31634,33420,37116,44727,50420,62933,78374,79401,87312,95919,108310,114583,122405,133914,138925,150685,156007,166755,174558,184819
4264,31847,33845,39008,48675,52947,65278,71006,82520,96368,101780,110983,118057,125863,128964,142225,151426,158974,165067,174467,184655
4265,31351,33324,38419,49241,53324,64643,71749,84566,97096,103457,111409,118644,126107,133417,144372,148960,159517,167073,178388,184311
4266,31367,33464,38532,49064,53088,64424,76609,88406,97307,103222,114651,118686,126826,134931,143241,149289,160139,166923,178360,185488
4267,28563,30568,34350,45505,50799,61456,66408,84365,91982,97834,22,116079,123338,134979,144485,153126,156517,167289,180058,183963
4268,28743,30673,35891,46104,53764,63451,76306,87112,94382,101667,110980,117359,126374,132768,146040,154138,159743,166648,178192,185086
4269,27642,29918,34422,45587,56058,67148,73196,87012,93875,101804,113079,121468,130885,133835,145814,149973,164642,168231,176067,186107
4270,27700,29808,34392,45569,54195,67310,72054,87465,94889,101812,114172,121410,130462,138061,145495,152071,165461,173755,176471,186309
4271,26841,28751,35855,43617,50655,66295,73383,88841,97200,101862,112506,121281,127010,139153,146168,155159,158411,173247,176407,186943
4272,26984,28517,36361,46931,54829,66853,71088,85807,95849,102818,114382,117391,123639,137550,142237,154610,155536,165869,177806,186757
4273,25571,26978,36652,43207,48780,60111,67141,76556,83732,91028,109590,108084,116236,132867,135716,152145,152822,164686,177235,190764
4274,25834,29600,38827,45013,53770,62511,73316,79220,91057,98679,101798,112194,123644,124690,139637,149570,154177,160360,179733,190038
4275,25629,29318,38280,44982,52078,62442,71007,79711,85512,94724,108093,109980,117448,128285,139113,144556,154453,162591,186200,184562
4276,25626,29355,38631,47011,52293,66808,73225,81022,86110,94371,104951,113930,120002,125675,138399,148014,155049,161281,179976,181837
4277,25266,28920,39719,46303,52731,63573,67234,79319,85185,91494,104093,109412,116457,127355,137761,145364,153284,162528,176982,180971
4278,25054,28686,39595,46136,52816,60435,69412,77725,84979,92809,102269,110878,118252,124796,137287,146728,153310,161165,174774,181971
4279,28382,32300,42797,50510,56687,65018,73551,82313,88958,95292,102941,114418,119263,124662,139255,144666,156073,160592,172088,181290
4280,28011,29308,40930,48247,54181,60056,71748,80129,86323,92514,103691,110085,119848,128904,138815,144542,155847,163456,174287,182419
4281,27307,28696,40402,48876,55532,61072,70110,81516,86655,92230,105378,110399,120360,126518,138252,147635,153358,161438,174052,181737
4282,27177,28481,40519,48250,55660,61506,70750,81183,82505,94699,104798,111380,118513,125591,138516,146639,153979,161642,173718,181725
4283,27095,28784,40047,51623,56597,63070,70141,76536,84996,93019,104718,109557,121216,126831,138375,146144,153528,161315,173024,183474
4284,27141,28756,40132,51856,56404,63115,69962,76305,84235,90730,105015,110096,120350,127599,138967,144921,154921,162051,173308,181826
4285,30221,31895,43181,54049,58887,64634,73280,79906,87840,98672,103359,115567,124045,128172,140005,147486,156672,163078,175756,181957
4286,29892,31797,40549,52653,57395,65181,71401,86477,85841,98568,106395,112347,121017,129750,140175,147583,154454,165387,176008,181488
4287,41905,44276,51807,62229,65922,75077,91187,98804,102758,110048,109190,125616,132659,128021,148421,148230,163521,164051,174163,182749
4288,41067,43082,44108,52346,58757,67379,89962,81693,98911,106102,123251,124594,131384,137248,147863,146844,163520,171003,173789,182724
4289,42373,45848,46510,54687,61053,68353,72030,80740,98857,109971,119881,124748,130580,134804,144315,157870,157459,167956,174088,184693
4290,41898,45516,46553,51336,58567,67237,71214,81643,98007,104709,117145,123366,127182,137332,145710,155493,157899,165739,174581,184081
4291,38061,42202,43452,50910,55157,63450,66947,73695,89481,94119,115730,113242,118649,137277,136109,153521,152666,164795,175433,188527
4292,38653,42161,43741,52510,58826,63892,84001,74779,90686,95396,105535,114944,120414,125083,137995,153694,154465,160131,176376,186334
4293,39191,43512,43573,56859,61901,69157,73442,97271,100375,102620,107237,119437,124365,127265,141191,144229,156897,161986,180453,184941
4294,38714,43515,43538,52113,60202,66158,70636,78601,98770,101600,110021,118639,123015,130678,140641,145926,155164,163117,180787,183953
4295,39894,44630,45926,55436,61355,68394,71660,78253,105498,107434,107448,115618,125521,130106,139005,150458,154659,164035,175397,180169
4296,40000,45090,45274,50157,58250,66123,69139,77575,105628,106927,110829,115065,122071,129069,137077,148914,156396,163482,178149,181356
4297,43170,48142,48334,53183,60628,67015,69906,113862,113888,113888,110414,121983,125889,127980,139752,144677,154243,163029,171599,182591
4298,42801,47446,49543,50786,57299,64850,79713,77906,113548,113548,116787,119108,124520,131198,138496,145855,153779,162002,173715,182474
4299,44349,50859,51746,53779,59660,65862,72458,80433,126633,126633,115444,129012,131520,130710,143816,145023,160349,159354,176398,184495
4300,43742,50665,51633,53639,57332,65387,67542,76360,86201,126534,126846,127705,130501,139202,143824,144817,157836,165491,176203,182787
4301,41810,48281,50343,52212,56443,65935,76045,77492,82906,127292,126657,128208,130546,133926,143855,150442,155872,162125,176002,180873
4302,41882,47949,50013,52313,56900,66837,68384,75745,79439,126770,127535,127748,130277,133195,140914,149912,155450,161376,174831,182340
4303,42298,49134,51688,52424,57698,66788,91544,118043,130455,95855,127061,130988,132766,133410,142670,147443,156363,161480,175100,186788
4304,42134,48334,51637,52588,57243,66783,69486,78793,88576,103142,130455,131018,132939,135200,142406,147211,155953,162608,174082,182231
4305,43194,49079,51989,53772,59279,67123,71665,79644,82676,123385,130408,135911,136915,135291,144971,147300,155851,162465,178063,180584
4306,43312,49491,51998,53852,55144,65278,67779,77736,82705,95708,135911,136059,136453,139223,144724,147791,155152,161855,173002,180290
4307,45164,51467,52715,55035,55988,65120,68827,77615,86357,99473,136059,141127,141773,139192,150948,150035,159278,161791,172300,181760
4308,45003,51405,53067,54402,55810,65065,68953,77558,126705,99628,110644,140591,141289,143952,147482,148444,156383,162698,172493,179850
4309,44117,49406,54056,54728,56004,66828,82460,80525,85980,101489,107864,140226,139917,143455,146091,153163,157580,162934,172882,181008
4310,43910,49283,53820,55323,56365,65689,72123,80238,85992,139470,139555,140108,139843,142789,145867,151561,162120,164299,172923,181019
4311,43089,50928,54606,55324,56524,65014,77261,80917,87198,98458,109939,141993,142196,142768,149519,154414,161746,163624,172373,180129
4312,43169,50869,53977,55329,56342,64413,72238,105513,85831,95885,107461,141557,141751,144192,148843,154853,161984,166795,173354,178709
4313,42091,48942,52124,53442,54929,63269,66675,77543,88109,91428,107928,112379,137610,143764,141921,153717,154410,167050,171940,178674
4314,42006,49019,52507,54137,54924,63696,66825,75757,137438,91346,101396,112123,137782,140956,142002,154148,155891,160039,172143,181553
4315,40880,48541,50602,53494,54843,62379,81425,76220,86921,135355,137438,135355,135981,141061,144228,147372,153831,160537,174404,185876
4316,39751,48582,50208,52965,54947,62734,67942,84425,84666,99264,107862,135456,137737,139381,145543,147961,152913,159993,174830,185220
4317,38698,46967,49330,51772,52811,61512,65730,78276,85710,91721,104561,111593,139083,139756,144116,147594,152687,161275,176421,182017
4318,39166,46847,48887,50853,55925,60986,101863,121333,84474,91602,136038,135697,138662,140504,143538,147565,152849,160593,175707,177716
4319,38036,44238,47389,48717,52998,57235,70740,79448,83690,134648,106018,116335,138749,140380,145321,146486,154708,160382,169527,179793
4320,38011,44202,47380,48626,52898,61548,68993,78151,134271,97870,106486,135628,138672,140362,145395,146111,154814,165252,169731,176950
4321,37625,43733,46681,48095,51740,58118,66610,76044,87987,91916,106364,115809,135070,140203,141174,148745,152809,161608,169252,180537
4322,37698,44859,46579,48254,51916,63354,66741,83667,88777,95326,130584,130362,134390,136421,141760,148081,154265,161140,171212,180304
4323,36046,44054,44197,46101,50175,62974,68203,78141,85924,122741,110077,111467,128634,135939,138160,145789,152436,162184,172821,182527
4324,36796,44060,44678,46583,57396,62054,68580,80043,87153,99560,102574,126687,129075,131261,139045,147324,152371,158016,172924,182256
4325,37458,43149,45458,46647,52160,64408,101620,78067,88403,96786,124338,127734,130068,132668,140604,144494,154356,157740,172934,178374
4326,37414,42973,45436,46590,58167,64488,71234,77304,87006,96413,108256,127557,130212,134209,142142,144570,154356,160091,173249,180490
4327,36049,43352,45050,45063,52007,58038,65079,107703,108613,118766,125025,123941,124131,134778,137278,147025,152921,162392,170293,178005
4328,36003,43215,44806,46067,51405,64772,70027,85138,88433,99184,106551,122343,125035,128571,137033,147002,152819,156522,174063,178266
4329,37692,44507,46230,47092,55019,61307,66796,80452,87383,98755,113878,121613,126259,129266,138528,144778,153464,160200,170003,180588
4330,37690,44105,45171,47063,55229,61372,65711,81008,84552,98803,120343,121275,125839,129076,136290,145517,154450,159641,171123,178535
4331,37193,44784,46058,47887,56567,61347,73327,79512,114198,114884,106337,118159,120933,128973,137713,147002,153182,160545,171412,172544
4332,37137,44308,46156,47841,56166,62512,73007,80134,87000,95190,116319,118748,120828,126173,137565,148542,153490,159690,170145,177391
4333,39355,46248,47589,49465,58085,64125,72774,83230,88276,116152,116517,119549,122016,127294,138365,144987,151656,160859,165068,177736
4334,40574,46231,47720,49412,57309,64131,72698,83821,89456,94764,105599,119150,124188,127677,136694,145318,153374,158771,171261,179283
4335,38813,46012,47076,48788,56677,63604,71859,83165,111714,104654,117262,115751,118104,126720,135707,145360,152198,159735,172286,179174
4336,39086,45911,47151,51533,56853,67341,89403,77842,85376,104955,113677,115577,122012,125818,137317,145246,152010,159287,168545,179773
4337,40802,46503,48701,52989,57281,66531,71508,78811,87301,94915,114933,120441,125545,127643,138039,144572,152222,158119,163492,179167
4338,41077,46463,48256,49641,57589,64004,67323,83837,99379,114840,118693,122365,125200,131034,137963,144602,153214,160059,169278,178784
4339,40757,46007,47748,49590,56587,64243,67819,77607,87053,92820,117977,123255,126353,130297,140513,145535,153962,160715,171267,178319
4340,41198,45860,47741,50044,56605,64683,67058,114215,114996,115258,109022,123359,126368,131975,140064,146245,153937,160330,169198,178131
4341,41933,46867,49221,50388,58327,66214,104251,84638,86365,94535,117719,121047,126802,131919,141134,146011,155513,160106,168616,179808
4342,42521,46801,48773,50370,58503,66168,69974,83484,90974,116718,119111,120804,130099,133730,140722,146505,156891,163755,168813,178572
4343,39957,44359,47686,49186,55984,64897,68640,80780,85378,95441,107732,118798,125280,134207,139851,147703,156024,162053,171019,179885
4344,39838,44386,48043,52098,55727,67519,70231,83201,85655,112232,114429,119594,122079,133020,140819,148480,154297,161312,171545,180771
4345,39017,46652,47908,53275,57721,67714,74022,79177,112273,96695,115659,119808,124598,128868,144334,147264,156276,161400,172462,181345
4346,40505,46532,48441,53266,57799,66522,74520,81661,88946,114400,117967,120734,123620,133786,144333,148333,156062,163812,172171,181310
4347,38628,44711,46403,50991,55521,66187,70745,81377,85421,99261,106529,117970,123471,134937,140918,148142,153258,164066,174406,182856
4348,39222,44770,46278,51347,58498,66143,71004,82163,110281,98897,113899,117992,125983,130652,140684,147463,156502,157871,173298,183142
4349,38615,45407,47272,51828,60662,66521,72923,79495,88550,111948,114872,119135,125545,130581,142252,145812,156965,163920,173591,181947
4350,38513,45308,46897,51743,60638,67211,71048,81153,89529,94088,115129,119146,125942,128716,140947,145847,156008,163646,173878,181701
4351,39173,43667,45102,50232,57960,65022,68782,81838,87226,109830,114369,117968,124671,131644,140551,150005,156697,163688,173679,180846
4352,38577,43645,44919,54196,58086,65305,75225,83697,108203,109146,113242,117121,122637,128158,139193,149998,155750,164454,175353,184663
4353,36602,42341,44288,51984,56187,69170,71205,82163,86227,95098,112953,113107,119079,131370,138773,146977,152856,162803,174528,184657
4354,37288,42692,44586,51852,60044,69112,71624,82890,86309,106602,108781,113187,118946,128144,140280,147328,154206,161115,175331,182240
4355,37501,42588,45320,53083,58789,67056,74011,83657,104506,106896,110143,114219,124183,130464,139587,145894,153827,161149,176116,177208
4356,37463,42578,45325,53327,60121,66836,71148,79049,88776,97570,112711,114307,123525,131211,138959,145443,153956,161796,175658,182779
4357,37306,42535,44568,51814,59292,66627,71167,81194,87119,105269,112743,114932,119150,131318,140978,146981,153471,162801,174131,176986
4358,37366,42690,44486,51939,59068,67150,72571,77147,103656,105913,110111,115404,119193,128976,140466,147035,154101,161158,175400,177074
4359,35705,40119,42553,48355,55063,66048,68386,98793,90302,102493,109656,111356,116992,131897,135742,145914,147935,161521,166567,181413
4360,36209,40033,42123,48552,54985,63684,76389,83382,88387,101939,107322,111784,118633,125421,138516,146155,152531,154612,172992,181504
4361,35716,39803,41702,48353,54725,64661,70383,78775,100649,102279,107244,111648,118720,127429,138391,140516,149908,156981,174296,180595
4362,35714,39804,41741,51266,53974,67167,70222,80911,85785,102798,106782,110915,116867,127814,135506,143317,150134,154760,173187,181347
4363,36686,40603,42138,51210,55513,67434,76300,83501,100902,103648,106256,112201,118548,125842,136670,143336,152648,153158,170568,169595
4364,36732,40408,41943,51285,55581,67191,74153,81819,89474,104112,106829,111861,117984,124828,137854,141747,152548,160187,171222,176403
4365,36440,38906,41241,51239,54125,69056,74067,83408,88946,101126,107465,109895,116635,127865,136501,143809,152377,155380,166781,171934
4366,36319,38830,41745,50846,57246,69517,74261,84199,98572,100597,105790,110504,117104,126401,137352,143908,152689,155472,164676,172303
4367,35976,39634,41957,50681,57439,69357,74401,82943,89508,102373,105508,111931,121291,127281,139698,142229,153619,159976,161639,175076
4368,35882,39716,41730,50533,56000,69422,74674,82244,97935,102249,106634,112233,119449,129702,139688,143132,153711,161747,165098,176733
4369,36039,41465,43479,51437,57886,66954,74276,83290,91172,103780,105832,112006,121662,129022,138912,145294,154263,161530,169145,176812
4370,36923,40585,43213,52624,56771,69628,72277,84481,100584,103799,107736,111691,121823,127316,138155,145687,153177,157472,165697,172722
4371,36878,40215,42606,52737,56676,67855,70269,82325,89176,102416,107852,111068,118854,128114,136681,145048,152479,160041,165367,181657
4372,37525,40056,42507,53192,56816,66644,76680,77350,93589,101921,106982,111165,118385,131055,137726,146219,153098,160133,166008,181235
4373,38812,41978,44217,54237,57420,70941,71558,98649,92643,104922,106798,113471,118565,128198,138563,144613,153924,159499,172779,179393
4374,38646,41797,44198,52068,57556,66973,70835,81909,102385,105380,108505,112311,118258,128544,137748,144542,151750,162065,172668,174573
4375,38237,41753,43502,51241,58181,67268,70436,78140,88832,103811,107944,112843,119771,127018,138322,145393,154196,161242,171274,173701
4376,38164,41784,43568,50796,58317,66584,70730,77408,88812,103761,108589,112593,120556,128657,139102,145000,154179,160916,171294,179702
4377,38161,42333,44363,51474,59494,67793,73993,85103,102056,104892,108452,112733,123354,128926,139716,144858,154185,160760,170918,181721
4378,37682,42321,44085,51694,59689,69001,70217,80803,87968,104585,110560,113226,119713,130589,138296,145544,155588,161906,168516,176784
4379,38904,43844,46515,53889,62757,68530,74198,104242,97996,108453,109945,116620,122020,127671,140923,146003,155435,160684,172675,178389
4380,38950,43870,46399,54887,58838,68315,73891,81325,89739,106817,112545,116542,121643,127133,139389,146073,154666,162888,172205,177441
4381,38741,43739,45399,54317,57875,73042,72565,81875,90903,107140,112078,115773,126954,133080,139965,145419,155469,164305,172090,181072
4382,38781,43653,45441,53859,58103,67920,73141,82686,104067,106954,111893,115931,122648,131398,140738,147198,153779,163316,172383,179484
4383,38725,43619,45706,53596,58748,70061,72314,83258,91036,106147,111754,114564,120132,132271,138650,146137,153776,161919,172114,180308
4384,38790,43587,45833,54163,58846,69918,73513,84578,90645,108138,110264,114595,120114,127886,139931,146933,154538,162769,172396,180396
4385,40674,45276,46924,55440,60879,70101,74812,78459,88323,108856,110419,116727,121168,127964,139995,147172,155254,161909,173700,182484
4386,40557,45324,46709,51460,60907,68322,71936,79635,108579,109202,113458,116045,120575,130583,140487,145409,154170,161493,173219,182629
4387,39912,45042,46221,51242,58568,68012,72711,81166,88907,95146,113271,115191,123611,132854,139239,148267,154012,161419,173724,180600
4388,39984,44284,46009,54437,58660,70296,72809,78999,87761,106735,112094,115169,125575,130473,139538,147396,154449,162571,174011,181457
4389,37796,43770,46468,55225,57978,69946,73933,79230,89283,106941,111715,115359,122762,130512,140678,147046,154865,162671,172159,182530
4390,38463,43708,46399,55298,57605,70332,73818,104361,107128,98255,111828,115398,118780,129632,139307,146209,154829,163071,172366,181818
4391,36819,42355,44823,52500,57044,69298,71226,77748,86319,105481,111695,114702,123916,129406,138912,147212,154805,161706,174379,182523
4392,36880,42514,44744,52468,59914,68197,71109,78907,85587,105288,109533,114344,123726,129483,139563,148536,154526,162709,173621,181023
4393,36559,41641,44038,51737,58200,66535,70158,77962,101181,105774,109749,112800,118071,129249,137736,146385,152971,162409,173553,182803
4394,36497,41625,44280,51940,57736,66313,70468,78413,86471,105473,108892,112771,122142,128344,138404,145960,154371,157503,175135,182558
4395,37070,41564,44220,51276,58640,65585,76601,101923,102563,101121,108771,114013,120196,128161,139880,143991,152583,158166,173742,181392
4396,36963,41520,44254,51940,58173,65255,71215,80637,89632,105472,109451,113528,119944,129244,139917,142352,149805,161893,171685,181389
4397,36334,40923,43715,50980,57506,66564,72758,79515,101938,104713,109812,113793,119160,127641,137180,145181,151151,162030,172169,173524
4398,36341,40794,43883,50582,57537,67069,70317,79437,86905,103914,107976,113231,118102,127334,138220,143774,149740,160713,171919,172508
4399,36367,41493,44751,51998,58741,68137,84692,79061,99523,105774,107906,113749,119908,128281,138168,144905,150954,160566,168927,175013
4400,36320,41460,44503,52942,58828,67017,70560,80497,89339,100806,111514,112438,119653,127409,139961,145164,149854,158728,169871,174986
4401,38753,42886,45794,53764,59783,68397,74678,103040,88841,106187,108703,114937,120376,127819,140281,144420,154631,158645,170822,176321
4402,39072,42374,45694,53572,56497,66811,71932,81359,102865,105019,111689,114663,120091,129817,138501,144381,154521,162663,172193,173159
4403,36212,42428,45999,52387,56463,68451,71099,80074,84801,104708,110267,114139,119564,129490,136978,146634,154822,162390,171866,175680
4404,36227,42448,45624,52354,56647,67080,73008,81245,103099,102111,110410,114542,118656,129127,140905,146927,154027,162303,171222,170728
4405,37891,40804,46474,52540,56844,65112,74216,81870,84907,105127,111775,114418,118781,129001,138961,145603,154762,162645,168929,179774
4406,37835,40717,46416,52877,56691,64986,70383,79959,104819,105473,111235,114880,121301,130976,137203,145213,154676,161136,168678,179609
4407,37154,41397,45622,51122,55680,66054,68974,79266,85758,95508,110987,113632,123041,129399,135779,145948,153192,160648,173172,181675
4408,37249,41380,45461,51491,55300,70845,68691,79053,93350,105252,110181,114407,122639,126991,135860,144741,152328,159403,171837,181887
4409,37820,40958,45446,51019,54925,65960,86287,103161,94879,104094,110753,113954,121015,127080,138215,146293,154382,159788,171983,179519
4410,37328,40909,45498,50907,55065,69886,69344,79171,83034,103874,109850,113714,119556,128835,139029,145246,153861,159923,171965,178123
4411,38054,41246,46104,53603,56238,65846,73407,81106,103689,106320,109536,113368,118983,129051,141130,144435,153673,160029,171164,177913
4412,37390,40824,45503,54124,56541,66169,70199,78855,94772,104132,110284,112982,119492,131173,138048,144279,154716,163437,169371,175536
4413,38027,42408,45852,53714,56504,66601,70498,81589,86321,104637,109502,113753,119198,131641,137884,145753,154303,161830,169500,175719
4414,38050,42070,45520,53875,56427,66857,70582,81774,103030,106234,110201,114551,121267,131396,137825,145994,153296,162232,167615,176331
4415,37300,43165,46082,53763,57314,68288,77846,82031,84385,109976,110308,115147,119948,131294,140141,146105,155599,161073,168853,180759
4416,37318,42906,45964,51075,57332,71204,68757,81520,108153,97294,113330,116650,120510,131447,137919,145031,154432,162640,168524,181158
4417,38195,43816,45173,50269,56184,68309,68085,82793,85102,108157,112283,114370,122381,131237,139124,146919,152544,162730,168802,180397
4418,38143,43730,45303,51988,55814,68829,105002,90072,99495,107625,111501,114596,123299,128643,139639,147994,154053,160462,171544,180853
4419,37424,41435,44403,50934,54715,62335,68942,78523,84032,91580,111155,113561,117892,128535,136787,143310,153326,160557,171837,183725
4420,37529,43406,44194,51065,54442,62395,68333,84339,106461,107572,110351,113472,117787,126137,136706,146438,153391,159163,170418,180881
4421,37319,43291,45141,51676,55386,62572,68785,78729,87382,109223,110217,115399,123130,128805,137537,143847,154128,160906,173492,174202
4422,37428,43203,45102,49251,54843,62111,65774,107590,88864,108869,112316,114927,123681,129866,137072,145567,153575,160201,173125,176140
4423,35033,41848,43604,49747,53510,64764,65281,76861,105269,93262,111898,113356,118139,127946,136051,146622,152066,160061,171276,176823
4424,35071,41840,43831,49898,52467,63396,71870,76769,86088,106035,109301,113308,118261,126405,134991,146142,152691,154247,173041,175994
4425,34500,40893,43428,49223,51868,62073,71226,76453,87263,104370,109786,111864,116949,127840,134340,145340,145439,159909,171683,178587
4426,34553,40727,42991,49196,52055,62225,87467,76181,104598,106432,108286,111955,117455,126921,133284,145118,148055,155147,168911,174436
4427,36762,41900,43302,49695,55251,70010,75522,104859,81335,106938,108712,113274,120422,126437,137580,142646,152100,154978,171529,166347
4428,35224,41537,43173,50206,53168,66175,74091,75563,105125,105726,110446,112744,119499,128071,132955,142525,150045,160279,170802,172225
4429,35639,41903,43338,49821,52225,69697,73152,76147,81185,92444,109676,113180,118962,126690,135564,143216,151409,153521,165333,166925
4430,36371,41912,43249,49883,52165,70686,68929,76029,104316,105455,109268,112608,118886,126153,134660,143161,145772,154708,164740,167470
4431,34722,41879,43180,49127,51423,61648,72681,103170,83848,105845,109706,111780,118546,129180,133822,141648,144696,155162,157644,176956
4432,34979,41678,43061,49082,51853,63699,67237,78341,104204,105565,108721,111837,118485,127021,134261,141393,145119,147320,158410,170766
4433,35159,40119,43777,48375,53023,61813,75023,82388,86597,106813,107623,113301,119267,126153,135187,139380,148941,155575,166575,168163
4434,35324,40256,43422,48406,56348,62719,75145,82559,106729,107424,110577,114189,119854,128811,135944,139391,146186,159781,163624,167880
4435,34003,40890,42698,48068,54009,61404,67648,76709,85263,106636,110879,113476,117509,128306,131694,140624,144995,159448,161958,163657
4436,33919,41099,42407,48051,50696,67470,73225,78873,93158,99327,109567,113314,119806,126233,132992,140689,144970,153403,161050,166197
4437,35334,39896,41660,47689,53091,61272,65812,105483,96643,107469,111206,113532,118160,125642,132907,139979,144977,153950,158060,166890
4438,35383,39865,41522,47629,50334,61476,79514,78361,82292,97930,111419,113579,118385,125130,131766,140416,146853,151860,156707,167156
4439,33022,40397,41113,50279,49610,65307,73435,82252,106997,108875,110720,115110,120482,125622,135441,139758,151815,150095,161438,169975
4440,32930,39989,41244,47710,49850,66732,65283,77209,85464,107980,111651,115131,119896,124593,135315,138510,152035,153270,160821,169760
4441,32093,38885,39587,46086,48997,66046,81938,78713,107803,94617,110094,114509,119432,125446,132178,141175,145103,150632,157855,162330
4442,32120,39109,39661,46201,51320,65692,70182,75485,89170,107975,110772,113808,119413,123543,131781,145472,144156,143842,158712,163811
4443,30636,38453,39383,44852,51804,64930,60329,103342,80996,109535,112862,114849,118578,125172,124475,134896,141485,145326,156368,166292
4444,30652,38486,39340,44283,51609,57856,102917,81808,104918,95121,114035,114762,119296,125394,125543,134241,141839,142576,157244,164136
4445,30336,37370,38923,43942,52241,57602,66912,74393,88548,110847,113845,115943,118580,123404,131063,133639,143508,145527,163139,156401
4446,30325,37497,38910,44865,50035,56395,61839,72437,104550,104557,114661,116064,118822,123228,131174,131509,144112,146322,163207,160205
4447,30522,37714,39063,43869,50660,54658,59605,102409,85033,102352,114737,111623,116630,124455,128778,133804,139203,143612,153918,153639
4448,32403,37718,39067,43607,50708,55700,101080,77706,83750,108362,111136,111785,116612,124682,126765,135069,140380,140253,152454,156124
4449,31120,37640,38825,43124,51154,55316,62602,68661,101636,96941,110480,110730,115749,119370,129429,132202,139099,141951,151146,157969
4450,30692,37695,38758,43081,51085,54639,60380,100962,101553,106232,110208,111248,115499,121986,127886,133266,138704,141890,151341,158369
4451,33398,37721,38983,43476,51776,60683,93139,77880,85993,109092,109783,112767,115886,123347,127571,129806,139377,142771,151644,154095
4452,30878,37757,38403,43174,48557,60374,63067,75134,103828,98662,110947,112661,116288,124589,127806,130434,138227,145619,153451,152982
4453,31497,37161,38860,43107,47339,55128,59903,102443,80490,106989,111455,112113,114630,123659,125358,131260,139176,148180,149694,152765
4454,30981,37176,38537,42933,47432,61079,99837,74711,103572,107036,109576,111695,117472,124970,127601,132091,136858,142733,148631,151353
4455,31382,37263,39252,43655,49536,61160,63857,76874,86972,98057,110919,114354,117522,124010,127681,129676,140250,142602,146812,153483
4456,31470,37266,38552,43476,49264,56031,62774,102566,104524,107631,112156,113750,116978,124633,128775,129586,141072,145802,146537,156205
4457,30807,36946,38315,42911,48626,55241,62093,78939,86395,100809,111994,111717,114575,124435,125328,131922,138481,146751,147582,152538
4458,30780,36409,38297,42617,48530,62172,100528,73886,83754,106054,109572,111571,115068,123314,128149,131893,132987,140434,150002,154476
4459,31372,35801,37234,42400,47416,54204,61775,73757,101627,103869,111715,110413,118069,120433,121852,131600,136938,140280,152549,154294
4460,30904,36136,37381,41855,47262,53991,65571,100674,101347,104484,108240,110859,117754,120665,124308,129213,138908,141160,146225,157898
4461,31807,36045,37293,42080,48220,55785,62798,83503,87406,105940,108129,112544,117423,122350,129922,131362,135822,140941,148645,157680
4462,31783,35937,37309,42195,48350,55543,102869,78047,87442,100509,109455,111484,119051,122856,129207,129667,141254,143939,148852,154882
4463,31527,35672,36957,41637,47347,54701,61646,67676,102526,105685,109917,111507,117957,122748,127679,131579,136974,143306,149258,152133
4464,31713,35685,36880,42053,50042,54859,59435,102539,87239,105736,109229,111328,116580,122875,127648,132140,138070,144616,148615,151148
4465,33822,36217,37649,42868,50269,64507,105204,81412,106264,109288,108929,113697,117770,122938,133418,131422,143186,148010,146032,154171
4466,33615,36169,38438,43917,49803,60291,66977,77916,90315,99359,111258,114565,119707,124670,131302,129115,142494,149740,147626,155949
4467,33189,35758,37910,42410,47810,60850,67432,76810,79659,107139,111119,111275,116637,124075,128601,132824,141087,149603,150007,156104
4468,31443,35441,38136,42300,47885,61162,69022,102769,103348,98204,110686,112586,117275,122593,130750,136889,141342,146375,150267,154244
4469,34603,38371,39172,43957,50720,59564,66565,79538,91462,109767,110259,116904,120172,120719,134779,133399,146864,147172,149875,162304
4470,30961,38028,38873,43917,50172,59166,65755,79976,107214,100114,110749,114198,119455,124684,130740,135806,148532,154105,148634,161281
4471,35593,38278,39616,48010,54844,61428,77942,80771,90464,110710,111727,115095,120282,124863,136058,141599,151217,152268,152464,157390
4472,35932,38136,39719,47783,54732,61596,71909,77390,84662,95153,112334,114802,120312,124893,136141,140939,151526,160867,157208,158781
4473,34550,39086,40716,48592,53916,64000,71494,86733,94624,108491,110514,115215,121224,125470,136954,144411,153993,157033,151308,165958
4474,35029,39053,40679,48615,54047,63504,73728,81915,86293,102417,112265,114960,121237,127177,136695,143432,153154,158001,148314,165131
4475,33885,38033,39244,45055,51186,61415,71054,77199,104302,104705,112462,112952,118997,125751,135188,145279,149621,158607,161088,173532
4476,34409,37431,38842,46190,51195,68030,71649,103912,89863,106644,107964,112957,119183,123183,135240,145376,148521,152184,160227,172904
4477,35787,40332,41222,47092,54827,69502,79697,83650,93883,100399,110626,115918,119577,124920,137449,142624,152163,156012,165203,178655
4478,36379,38638,40989,46460,54767,68911,74895,82128,91270,108189,114561,114809,121538,130105,137431,139806,152954,159760,166555,171874
4479,34008,38459,40917,46283,54762,64167,69613,80537,106664,94936,110575,117264,120506,125076,135907,146013,152415,159529,170287,163429
4480,33921,39940,40899,46415,54058,64239,71051,80252,87885,106428,110583,116464,119828,126162,137126,146652,152886,157126,169915,169823
4481,34765,40083,41986,48850,59031,64656,70742,80374,88906,107329,110659,116153,122253,125222,138116,143545,152284,159844,162650,176051
4482,37273,40551,41788,49908,59068,65518,70657,82076,93655,106409,111998,115218,120143,126245,138242,145727,153232,161151,161963,173637
4483,38035,39389,42192,50254,60566,65677,84176,81676,94926,103334,110354,115700,122949,126368,140106,144580,154837,160551,170441,179080
4484,38012,40900,42216,49665,54735,63715,74316,80291,89768,109420,113043,115574,121441,132033,139862,144713,153991,160356,169570,177457
4485,37505,40798,41578,50973,55901,68199,71487,83352,107068,96954,112978,114412,118818,129349,138258,147194,154023,159306,166278,179641
4486,37349,40903,41711,51074,55877,65311,75289,83564,86466,107462,110904,113940,118761,125266,137473,145952,152897,159249,168155,177942
4487,35645,40227,42086,51596,57443,67651,74764,85243,86320,98886,110937,113590,123273,128714,136163,144869,154226,161359,171396,180103
4488,33580,41041,41917,51437,57175,67810,69394,81726,107079,107667,111928,114067,119572,127652,136030,144994,153045,160470,171406,180036
4489,35175,40389,43862,51631,55646,73390,74560,82477,91144,111303,111629,119074,124370,127404,140397,146250,154190,160474,173275,178864
4490,35133,41889,43524,47159,55812,71990,73229,86534,91060,98670,115130,117721,124895,131343,139746,145061,153628,161931,172239,177967
4491,32737,39579,40952,44648,54760,62551,70598,78858,88308,97126,115217,112987,116869,131700,136569,148354,150521,161887,172067,181159
4492,33591,39722,40998,48079,57197,64934,72662,96591,104507,104866,110269,113338,117032,127339,136774,147390,151226,154411,171417,179750
4493,33070,38157,40191,46218,56333,62766,66227,84227,92147,107829,111691,112228,118630,128728,134983,143871,149429,160049,172843,180157
4494,33365,37758,40133,46392,56383,62794,71302,77921,85870,107821,110774,112012,119203,126847,137357,143733,149536,160497,171816,175038
4495,34493,38287,40003,46170,55648,63182,68500,76757,93988,99520,110894,113296,119658,127237,138412,139920,153162,158503,173497,169149
4496,30941,38250,39937,45984,55708,63130,104426,80044,93664,105775,110988,114108,119011,128785,135217,141552,152727,159814,173745,177330
4497,30591,37280,38582,44748,54063,59775,68948,100281,91744,104878,110789,111635,117982,128789,128634,141714,145654,159334,168363,170338
4498,33457,37509,38469,45106,53597,66308,68443,79512,102052,104530,108739,114622,118330,124516,134600,144223,143825,151662,168122,170087
4499,32907,37630,38455,45222,53467,59935,64875,80606,88261,104833,108872,110793,117149,125181,132718,136988,142652,151746,164004,175116
4500,116,117,117,117,117,117,118,118,118,118,107883,118,118,123628,118,135770,118,152549,162588,173576
4501,32195,37061,38310,40906,42502,45027,53296,64084,72806,80531,118,96377,105411,118,117254,133677,119570,118,161920,164120
4502,33285,38433,40831,54665,72920,90331,104734,105200,105200,105849,89028,113484,117823,105550,136693,118,149838,120153,167878,163237
4503,33127,38176,40510,58561,69867,92900,102962,102548,104078,104745,109626,112205,116962,123907,130328,117395,141945,155067,158634,161611
4504,33587,34821,40676,58675,78578,101496,102632,103277,104566,107539,109489,112276,117449,125801,133883,141629,142287,149918,158247,118
4505,32117,35371,39875,45648,52581,59382,69812,104016,104690,107579,109651,111925,117390,125691,134961,134579,142575,151683,156179,121231
4506,33795,35623,39855,45664,54250,56411,64587,102713,104281,106573,110208,112260,117368,125092,134987,134913,142681,152769,118,167479
4507,34824,39104,41611,46960,53868,58557,65583,83895,106121,109874,110644,113569,118021,125721,137486,134961,147481,148657,120527,166241
4508,34441,39263,41162,46648,49955,60181,105037,78873,106328,106553,111869,113448,118155,125308,135145,135737,147242,155945,166598,166139
4509,33712,36639,40469,47929,52104,61641,61812,75409,104318,105731,109825,112079,117469,125324,129577,138853,143894,151814,158134,163366
4510,33429,38572,40227,47968,52332,61599,60433,75728,105605,109040,110739,112150,117131,125487,128993,138434,143793,148036,158942,160983
4511,34840,37931,40283,47633,54644,59789,65130,105141,88924,108348,110539,112701,117955,125049,132324,135025,144413,150796,158432,170638
4512,33908,37787,40257,47321,52094,59563,93948,81449,94079,106973,111338,112516,119322,125899,131697,134847,145208,154490,153708,172283
4513,35559,38682,40911,46104,56556,64541,71915,80513,100569,111409,110944,115129,121868,125192,136128,137667,147494,146474,162547,164302
4514,35179,38705,40988,46293,56465,62948,68117,80905,83852,108589,113742,115234,122296,125560,137335,137406,147745,154333,164323,161274
4515,34751,38673,39732,46325,56028,63092,65960,76953,106624,106753,112952,113842,119634,126246,132779,141523,144533,149111,155218,167582
4516,34823,38300,39895,46519,51631,61487,61090,76469,87412,109609,111488,113480,120675,128525,131853,140770,143302,144476,154020,166288
4517,34350,38585,40078,47311,56116,61773,105295,106859,82004,110063,114090,113843,120751,127895,130814,138028,143510,148129,158371,167654
4518,35357,38221,39940,46951,55585,61693,66473,79411,106265,108805,112978,113551,120539,126189,131910,137330,144533,145577,159457,168448
4519,35642,39968,41903,48218,56978,64647,65758,81852,93946,113485,112550,120717,123472,125278,136546,137321,150188,146548,162710,161202
4520,35144,39547,42314,48333,55201,57569,68968,84091,86083,111423,116443,120739,123045,127178,137535,138066,145892,151550,162449,163491
4521,35880,39204,41376,48117,53136,64945,65738,82854,111232,110854,115097,115955,121559,126685,133970,142425,145555,153235,158998,164712
4522,35247,38852,41178,47092,52897,65643,65526,80901,85171,109667,113196,115716,121842,126068,134204,137972,146325,150551,159248,163457
4523,34795,37483,41227,48578,53162,64516,107147,80387,83995,110636,112732,116537,121832,125998,132525,136325,145340,148387,161285,168641
4524,35187,39441,42051,48072,52881,64585,67509,79507,110194,110194,113285,116318,123028,125133,132169,142453,148338,148807,157779,171369
4525,37630,38864,42196,49525,55155,64241,68579,85983,86932,112909,113651,120246,123536,124990,135546,139769,151593,149911,165299,165267
4526,36008,40242,42341,46297,52569,68555,67916,84216,89052,97930,115555,119999,123029,127401,135286,141555,149612,154243,163903,162200
4527,37339,39581,42034,46021,52140,62567,64876,81747,87920,111256,114494,118065,121575,126392,133362,145382,145472,151633,161399,162078
4528,36720,40136,41801,45859,51913,62173,66500,83457,109117,95902,113531,117639,121346,125784,133596,142387,146839,149712,162756,160821
4529,38338,41648,43088,50173,56118,65657,77681,79146,88750,114814,112809,122134,122873,125878,136016,136613,153400,153956,162877,170512
4530,37828,41145,43206,47693,54224,65689,67764,84727,87490,99451,117655,118618,122821,126973,135984,140194,149998,158786,160306,170445
4531,40192,42594,44452,49464,56625,67227,87896,78139,106125,100059,117460,120857,124460,126890,138028,145896,154390,155674,168504,166511
4532,38340,42377,44242,49238,57446,67182,70985,89610,88971,106085,120562,120219,124447,127918,138397,143076,154635,160528,167429,167057
4533,37400,41778,44322,48266,54780,65587,68347,77510,86027,94776,116025,116918,120796,128323,136607,145346,151642,160582,161262,172538
4534,37384,41858,44232,47988,55986,65558,68289,91216,102913,112999,116603,117202,120556,127376,136704,146410,153191,152643,161731,173328
4535,38975,43241,45760,49961,57810,67814,75652,85309,90892,101354,116042,121612,125225,127180,140139,143479,155688,152999,169337,176917
4536,38536,43275,45513,49498,57508,68252,74429,78123,89175,118083,121425,121285,123698,127081,137240,143520,155917,161374,167387,178469
4537,38346,42684,44437,49157,55364,67220,70522,76670,88869,97451,118667,119880,124638,128960,137539,148030,154278,162267,169341,174107
4538,38479,42656,44327,49032,55168,67283,69875,114499,115664,97465,117811,120136,124603,128280,139739,148029,153770,157831,169899,172320
4539,37323,42490,44480,48930,53967,62942,65785,85756,92039,116554,116819,119831,123360,129332,137366,145963,152426,155061,164092,182076
4540,37326,42621,44333,48832,54042,65219,103280,83898,88601,99944,119209,120858,123435,127967,137079,146877,151604,157021,163660,179513
4541,39064,43877,46706,51448,55844,64129,68708,84596,88232,97748,119328,123407,124739,127770,137426,144661,154406,159284,174068,172889
4542,39068,43759,46267,50907,54970,62164,68457,76790,89439,100453,123060,122259,124244,130874,138016,144678,155367,160924,170831,175462
4543,38428,43572,46148,50629,54097,63594,66597,75366,87679,117710,120245,120640,122983,127172,137084,146592,153131,160803,164141,174901
4544,38546,43244,46026,50597,53786,63535,66629,79484,117185,96481,119104,120509,123174,126588,137129,145618,152397,157707,168172,174514
4545,39686,44510,47343,52355,55925,65423,68426,81991,89359,99211,119270,124884,126118,128574,137786,146577,155304,154717,163931,178361
4546,39860,44360,47248,48944,55884,63747,79422,76808,89301,121574,122924,124603,126008,130992,137712,146386,155176,160797,165200,175453
4547,38791,44269,45764,47769,55234,62108,66676,82792,82373,98050,123001,122672,124303,129035,137824,145990,154011,160571,170812,172833
4548,38815,43411,45702,49932,54957,61699,78706,83551,117835,97572,120404,122259,124309,126984,137853,146410,153985,160567,164756,174595
4549,39589,44801,46444,51403,54934,65118,68755,83430,89394,98263,120254,122086,123744,127071,136909,147454,153582,158767,162094,177276
4550,39554,44279,46555,48322,54863,63818,69480,84089,89128,119080,119075,122359,124676,127163,137849,145993,153308,160295,168370,174231
4551,39953,45153,47069,52030,55829,64457,102137,83135,92178,99333,120127,124491,127502,128494,138038,145726,154440,159989,171997,171627
4552,40049,44870,46535,48920,55017,64099,70758,81146,91171,98923,122295,123835,127245,129330,137827,147202,154526,162681,168426,173774
4553,39582,44400,46192,48911,55288,63489,67082,77710,90444,98519,121244,123855,125209,129664,137467,148033,155832,162456,164221,180149
4554,39580,44587,46257,48944,56503,63503,67193,101665,83171,120061,108686,123504,126184,129743,137504,147562,155964,161819,164718,179957
4555,40101,43432,46771,48476,55904,62567,66910,80178,118822,99743,120757,122920,128075,129712,138654,146624,154992,161545,171648,179349
4556,40151,44015,46751,51531,56041,62546,72220,80240,88921,99463,108601,123300,127828,128508,139023,146637,155082,160503,171624,176950
4557,40821,44649,47833,49133,57753,64360,68366,82250,92185,100078,120318,125928,131922,128358,138874,145785,156468,160680,174066,176974
4558,40953,44168,47207,49304,57485,64204,69412,81155,86619,122429,111867,125906,127893,131708,138706,146197,154945,161841,166385,174142
4559,42039,44221,47760,49381,56810,63370,93550,82633,90089,98829,125176,124595,128171,131583,138436,148886,154486,158595,166036,174473
4560,40564,44114,47696,49830,56813,63964,71311,82856,86314,98310,108268,125119,127298,130413,138688,147785,154142,159871,166375,173991
4561,41414,45874,48798,50391,57169,64125,69350,77061,122782,99251,108195,127262,131177,130269,138576,146835,154266,159496,165389,177166
4562,42640,45563,48724,51127,57029,64444,68862,82903,92886,103936,125944,127530,129104,132234,139235,145020,154303,160652,166021,178464
4563,43279,47652,49378,50996,57823,65999,69887,86701,84567,111254,108964,129977,130607,132305,140230,146173,155209,159446,169104,180036
4564,43398,47343,49450,51966,58476,65208,69270,81374,86464,99168,110341,131105,130735,134283,141451,146380,153927,161514,168790,179390
4565,43394,47396,49338,51354,57522,65175,68925,75973,86874,97351,128267,128144,129915,133816,139304,146616,155397,163556,169937,179274
4566,42997,47435,48746,51272,57878,64950,80003,124525,90409,125508,110865,128289,129162,133099,139247,147119,156788,160371,169876,176281
4567,40418,47260,49116,51327,58247,64733,68525,83544,124748,100755,110567,128617,128969,132680,141263,148452,155399,162234,168801,179177
4568,40109,46981,48776,50926,58101,64971,68206,81307,90690,97798,111090,128818,128884,131763,138550,147263,155346,158929,169467,180086
4569,42383,46126,50837,52890,59417,68145,103256,83154,90077,99897,126626,130820,132105,131741,143856,146925,153711,157302,169288,177776
4570,40917,48196,50906,52823,59660,64542,70249,81163,88182,98511,109992,128807,131642,132983,143000,145479,154742,160889,168567,177983
4571,40249,46216,50289,51846,59168,65020,70022,81127,86869,124901,111308,128397,131235,133473,140043,147279,155395,161855,169965,178067
4572,40274,46559,50162,52130,58658,65566,70118,79796,84987,101393,109224,128930,129764,133543,139531,146193,154231,161986,168254,174568
4573,42588,47478,50199,52907,59583,66913,71081,80887,94543,98749,126727,130143,130384,133406,143500,147706,154887,160154,168302,179960
4574,40965,47739,50919,52399,59357,66943,69973,81872,86896,99482,110616,128648,129421,134054,143391,146382,154937,162273,168312,179563
4575,43983,48046,52549,54123,60987,68092,71459,78889,125056,96448,110514,131088,132283,132137,143218,147068,157579,159265,171908,177462
4576,43706,49113,52061,53785,60990,66536,71109,82664,93500,127528,111930,131225,131362,134408,140663,146558,158980,164835,172993,179531
4577,42912,47840,52198,53710,60516,66347,70647,81419,87033,98890,118620,130904,131771,133385,140581,147440,155270,164005,168639,177763
4578,42785,47505,52205,53083,60290,66261,71337,81205,87822,96660,111882,128977,130358,133867,142177,150542,156986,162843,170990,178979
4579,44666,49940,52964,54259,62824,69244,72432,78335,87760,100508,111467,131990,134246,133810,143862,148915,156647,163422,168965,182108
4580,44247,49859,53212,54087,59070,66938,71410,78266,87725,100521,128166,133425,134382,136267,142783,148681,156855,164689,171657,181770
4581,45787,49607,53988,55395,60740,67848,71006,84274,90927,105467,111358,134258,132623,135546,143398,151292,157295,163741,173703,181241
4582,45791,49528,53349,55490,60663,67702,71073,82854,126668,98880,110374,131399,134730,136574,142267,150322,157428,164499,175626,181780
4583,41847,46332,50865,53322,57137,64937,67430,79279,89389,125080,108250,128590,130024,135703,140036,149814,154853,164218,173645,182816
4584,42051,46681,51108,52777,61092,64411,102563,103043,86771,97203,127014,129607,130439,132611,139328,147566,155234,161692,172349,182982
4585,43064,46277,51631,53935,60809,65434,69720,79417,82339,97098,108809,129175,131208,132701,138786,147224,154158,160430,174282,182364
4586,43070,46546,51799,53622,60783,65158,68558,77039,81987,100086,109675,128423,131454,135361,140965,146143,155382,161036,175769,181447
4587,44663,48248,53147,54645,61533,66003,70618,78924,127850,128047,119642,133251,134468,135922,141967,146690,155818,160296,173442,178497
4588,44286,48243,52507,54627,60074,66330,70294,80574,90426,100343,109155,115203,133818,134176,141503,147151,155669,162131,175789,182189
4589,43134,50893,52891,55785,59837,69805,72648,80572,87391,102113,120127,131687,134609,133863,142659,146446,155181,160709,170905,176636
4590,44703,50842,52071,56150,59820,69650,72793,115838,93007,101977,110245,116108,134394,136762,141494,146470,154299,160942,170032,179321
4591,44176,50411,52906,55526,59790,68283,72100,84355,89491,97071,105342,129803,132801,134730,140510,147169,152623,161874,169562,180587
4592,45056,50238,53048,55630,59658,68487,71278,83376,90768,97294,128615,129446,132863,134009,141812,147033,152764,159397,170021,179604
4593,46214,51592,53457,56530,61065,68349,72529,80579,88494,97748,110249,115436,131648,133601,140460,145557,153023,159424,172143,180920
4594,45999,51815,54258,56205,60830,68411,72634,80600,88254,127010,110902,128695,131398,133197,140661,146160,153624,159617,172711,181203
4595,46757,52045,56318,57737,61791,69838,72429,81028,89236,96346,128518,131039,132262,133266,140459,146097,153214,159736,173338,179777
4596,48028,52227,56098,57617,62709,68575,72697,84676,129274,95059,112149,116216,133510,136268,140309,147792,154111,162133,173428,179755
4597,46548,52115,55478,58182,62332,68050,71743,84855,85756,105616,106729,130890,133218,134736,142432,145663,152678,160445,171534,179123
4598,46540,52402,55529,57950,62794,67999,71618,78570,89155,97825,107174,130322,132769,133293,140175,148043,152685,161282,172325,179111
4599,46742,52954,55510,57583,62416,66330,73976,84036,92172,128301,129924,114288,131209,133358,138137,146561,152705,160125,171515,180243
4600,46978,52418,55450,57713,62575,67342,74004,84825,92437,97335,108640,129252,130206,132536,140474,144573,153481,159554,171424,179244
4601,50288,53945,58268,60278,64143,69242,73166,81125,92313,96819,104492,133094,135135,132717,143707,147152,155332,159585,172017,180030
4602,50093,53862,58048,60066,64082,68527,72197,81269,89937,94771,132540,112306,134457,137375,143450,147086,153210,160000,172851,180122
4603,52208,58532,60162,61689,64581,70652,74710,87305,90539,137195,104678,138491,139927,136533,150225,147959,158264,159542,172184,179437
4604,50385,58191,60737,62152,63145,70412,73772,83535,90016,95059,108421,122923,139944,142429,149072,148790,158142,162053,172072,179755
4605,52079,55381,60216,61913,62630,72167,73346,84752,91896,98858,136120,119383,139662,142640,149363,153921,161443,161716,172998,180155
4606,50961,55462,60427,61966,63316,71992,73355,83774,88946,98045,109920,128015,139844,143769,149549,149914,160610,166117,172079,179367
4607,51868,56501,60688,62872,64057,70872,73208,84857,116557,97848,109309,121135,143017,143052,152475,153863,161817,164823,172789,179798
4608,52520,56557,60290,62977,64703,70547,73314,83054,91462,98007,110215,141564,142995,146097,151099,154377,161691,164704,172544,179310
4609,51819,56053,60183,62239,63416,70342,73885,84035,90893,137612,107230,120217,141042,146418,149015,155732,160884,165881,172839,183354
4610,51888,56306,60409,62732,63774,70634,74453,82949,90851,97897,139371,118466,140747,144307,149056,154884,161423,165408,172458,183545
4611,52696,56682,61489,63313,64549,71079,74663,83533,91571,96460,110595,114121,139049,143734,148549,153435,159055,166834,173975,184080
4612,52949,56628,61376,63230,64408,71298,74661,84055,90531,96902,108520,138109,138793,142505,149198,153561,159765,165451,173225,182397
4613,51815,55695,60520,61964,67484,71562,74218,83831,91477,98828,110826,116848,139046,143679,148408,153025,158761,167493,176307,182023
4614,52019,55892,60443,62166,66736,71568,74728,82515,91114,99101,111887,137498,138089,140762,148317,153194,158726,165228,177405,183322
4615,50789,54865,59351,60838,66278,70789,73223,83278,90737,133186,110747,117622,135638,140816,146697,152867,158561,163908,175321,183562
4616,50616,55634,59422,60880,66256,71147,74723,83215,94996,99127,123558,118100,138117,139288,149135,152332,158168,163772,173864,182501
4617,50202,54537,58131,60556,65119,70801,73771,87047,89483,95466,106815,134364,137836,137933,145159,150322,156156,163731,174933,182765
4618,50127,54460,57986,60217,65198,70207,73875,85804,132831,96638,107951,118586,135418,138425,145700,152252,156552,163251,175703,180633
4619,49782,54072,57613,60033,64210,68896,72894,85622,90393,96264,133349,134144,136425,137801,144237,152619,156115,163208,174651,181375
4620,49668,54269,57352,59838,64477,68686,73171,80952,89646,133160,107889,116201,135569,137979,144764,152957,157545,163502,174659,182670
4621,49696,53916,57621,59251,64207,70129,73253,85739,88865,96104,109099,132800,135882,138181,144112,147601,154415,161893,173206,182226
4622,49820,54186,57520,59276,64989,69936,72718,85372,88898,94229,106552,118627,135369,138267,143768,150346,153832,161588,173136,180838
4623,49165,53399,56654,58684,63927,68212,72119,79896,88836,96102,132223,113507,133540,137961,141137,149801,155921,162687,172373,181217
4624,49095,53461,56537,58789,63523,68349,71454,80822,88924,105671,106504,131307,133499,134551,139888,153933,157170,161668,174187,180792
4625,48145,53927,55372,58508,63305,69137,72450,85102,90638,97307,107997,128506,134194,134566,141509,149397,156049,162071,173755,179952
4626,48545,52582,55383,58622,63120,69363,71711,84908,91013,127836,127910,128302,132425,136392,143571,150873,157028,162644,173803,180914
4627,47433,52636,55272,57322,62098,67816,71472,80249,86553,97205,109295,113052,131600,134950,138785,149554,155241,163077,172782,180425
4628,47792,52497,55113,57489,62213,67672,71638,79957,127438,97355,106381,129912,131632,135459,144751,149672,156433,162115,173483,179790
4629,46642,52966,53681,57088,61981,69454,72072,85462,91360,95715,129106,132261,134174,133951,144139,147465,155530,160798,172140,181710
4630,46627,52531,54910,56977,61915,69193,71838,85675,88174,130805,109260,115690,134097,135105,142552,148109,154841,162358,171455,180371
4631,46772,51074,53853,56057,61088,66537,72206,83719,86577,95918,105518,129229,131149,135376,142119,149929,154466,162129,173194,180808
4632,46757,51101,53794,56206,61081,66741,71603,82863,86834,93352,128898,128842,132139,133790,142676,152058,154848,160773,173761,181831
4633,45231,47685,52233,55120,60223,66851,70961,81722,86689,93998,112166,116379,129018,135292,140162,147351,156256,159549,172911,181572
4634,46035,47578,52358,55272,61683,66666,71106,81879,87674,123338,109603,127279,129777,132467,140118,147082,153894,158863,172491,181499
4635,44384,49113,51591,53644,60436,66778,69378,80786,118957,97946,109377,124834,127142,131032,139851,146499,152667,160979,174241,177938
4636,44580,49122,51828,53721,60914,69377,70503,83771,89111,97705,122592,125375,124798,130811,140741,146417,154484,157173,174579,179326
4637,44425,46505,51644,53944,61431,67761,69751,80048,84566,112891,110544,124251,128969,130307,139320,146758,153791,160713,173450,179630
4638,44354,46387,51520,53578,61093,67654,69164,84790,84588,96939,108564,124463,125583,130145,138197,148339,154396,161776,172892,177476
4639,44070,47395,50920,53512,60992,67974,90217,83671,120273,96081,123667,125073,127914,130495,140372,146966,153031,160533,169477,179276
4640,42832,47377,51044,53512,60679,67881,76670,84234,90799,119746,110187,123915,127856,129708,139103,146671,153916,161151,169865,180252
4641,44131,46247,51597,53585,61166,67521,71274,80590,88450,100309,121499,123408,126564,130288,138850,146518,155188,160872,169416,180953
4642,44758,46378,51500,53474,60708,67271,72526,79947,83425,100205,110823,124531,125391,130350,138550,146286,154939,161732,168685,177889
4643,45533,48098,52460,54389,62509,68319,72896,81138,85051,103340,111530,126068,127908,130087,141650,147936,155359,162708,170863,177700
4644,45813,47394,51970,54552,62336,68207,73577,79392,121414,113847,124347,126335,128633,130447,142510,146320,155430,162297,167139,179959
4645,44110,47402,52132,54152,61722,69632,73985,85308,92868,100981,112831,126895,128918,131204,139218,150262,155936,161938,167561,180642
4646,44767,47529,52138,54362,61391,69959,73930,84774,88212,101108,109200,127197,128166,130152,138989,145423,155995,162122,170969,182546
4647,47355,50509,53273,56832,64677,73884,79328,81831,91490,106581,111174,139130,143078,131550,149762,150015,159468,163052,172993,183478
4648,47272,49979,53320,56553,61327,70556,73559,81056,89601,97044,139051,117355,141858,146760,151149,150226,160680,167764,171865,182562
4649,44902,48947,52527,55374,59929,67878,72236,82586,86224,129523,111272,115845,132366,142849,143915,153046,154882,164645,174765,182717
4650,44700,48865,52564,55966,59958,67923,72403,82441,88662,100249,105671,131474,132544,135542,142443,153128,154521,161934,173445,181693
4651,46513,50083,53062,55802,64519,69003,72079,79584,117227,99054,110910,115633,134430,135539,144585,148388,157482,161966,172395,181777
4652,46497,48914,52624,55478,64185,68464,72320,79411,84788,98860,111318,131195,134149,133665,144404,149059,154486,163190,172155,182475
4653,46804,49304,54171,55259,63885,69248,71270,83811,88464,99169,110050,131156,132827,134015,143714,148610,157367,163098,175101,181120
4654,45619,50260,53837,55139,63652,68849,71606,83983,86558,99118,121245,117361,133093,134583,144721,148987,156434,162633,174177,181924
4655,46052,49563,52774,55270,62931,67114,71250,77743,90808,116766,108962,129330,132480,135330,141436,150269,154821,162102,172311,181305
4656,44843,49413,52845,55187,62901,68008,71177,83736,124044,102654,108816,118704,131844,134976,141481,148305,156874,160543,173818,183048
4657,46689,49724,54086,55539,64248,68084,73293,83012,92434,101582,128343,130692,132665,136288,142625,150431,156047,161189,174011,180757
4658,46487,49539,53780,55353,63290,68017,71248,81912,86802,96234,110886,131727,133532,134805,141351,148026,157158,161181,175030,180265
4659,47672,50502,55066,56764,64193,69082,73173,99469,86714,110771,110316,120006,135560,138529,143518,151376,155917,162149,173778,180898
4660,47038,51577,54869,56648,61061,69202,73433,80357,87711,97079,111931,115714,135105,137851,144463,150756,156089,161641,172476,181557
4661,46252,50417,54078,55719,60825,67840,72041,82184,88453,118080,131140,130819,134427,136045,145052,149490,157800,163045,171797,180499
4662,46359,49925,54292,55453,60630,68261,71585,80749,86338,99596,109081,129630,133267,134128,144396,149402,156841,161757,171998,180082
4663,46766,50267,54886,56896,61520,68478,71959,82597,129957,98573,109545,115505,135187,134519,145323,153053,158108,162026,171869,181009
4664,46388,50329,54387,56867,61496,69437,71947,82087,92102,99109,113681,133170,136354,139029,143944,150084,157204,161767,174583,179423
4665,47074,51603,54683,57076,61934,68815,76491,82928,89970,133726,107099,117695,138725,136111,148121,149954,156702,161443,172962,179512
4666,47114,51579,54650,56955,61921,68718,73507,82996,89321,98639,136613,136840,138481,141239,146851,150126,155508,162404,174723,179386
4667,47489,52357,55668,57994,62922,69781,73562,80422,91543,94798,112247,117526,139043,138741,146398,151745,155026,164635,173211,180272
4668,47265,52228,55388,57742,62750,69776,72139,79088,87350,94941,107646,138755,141883,142574,149228,151682,155167,162376,171259,178540
4669,48237,54762,55986,58031,62446,69705,73764,110734,88580,95433,108434,117735,141588,142311,145529,153721,156416,163058,171064,179336
4670,48151,54181,55934,57832,62511,69803,73400,82047,85836,138096,111546,116541,141720,143262,148856,150000,157747,164626,172191,180972
4671,47419,54294,56705,58182,64249,71023,73991,81166,119574,104757,127202,143203,145980,143277,149482,151781,155922,163199,173098,177969
4672,47163,54269,55996,58235,64203,69791,72525,82359,90824,97425,112790,119926,145330,148543,149604,146632,155793,161808,170983,179324
4673,44717,50755,54665,57526,62343,67838,70934,84954,88235,96804,109758,114788,142586,146703,147854,151138,157330,163149,171564,179263
4674,44856,50860,55042,57617,62412,67893,70867,83957,88382,96125,108980,142665,142501,145134,149216,155089,157587,162512,173271,180253
4675,45342,52007,54209,56831,61216,67234,70886,79603,86998,95113,118593,117122,140361,145018,146753,151868,157253,162317,172689,180323
4676,45021,51107,54310,56829,61102,68858,72907,83380,87705,138479,108441,116641,141348,142143,146693,152467,156778,161959,174610,180852
4677,46338,51921,53330,56840,61426,69573,77594,83058,137079,102842,139312,116064,141738,142323,145349,148713,156123,161549,175202,180388
4678,47862,49822,53676,56998,61266,67339,77920,83851,91091,96082,109300,141193,141184,143544,147781,149653,156637,159945,173265,180293
4679,48297,49737,54273,57399,61859,67102,73451,78515,89660,95086,106806,116369,140956,143654,145255,152214,157313,160380,172117,180946
4680,48425,49848,54686,57244,61821,67145,76383,78803,89645,95492,108315,140514,140998,142391,143538,148658,157047,161911,172323,181098
4681,44751,50754,54464,56916,61156,66999,73782,78962,89960,95861,108239,117203,139335,142432,142171,152785,157377,161254,173111,182137
4682,49723,50663,54513,56757,61141,66727,72008,79160,90001,138296,138471,116758,139395,141613,142933,151954,156263,160808,171314,182328
4683,46863,50194,54661,56933,61273,67724,72246,82902,89609,98334,110017,138953,138866,142089,143592,148694,157129,162554,172599,182017
4684,46762,49904,54629,56934,61142,67757,69517,83177,89622,95273,110792,115504,138757,141240,143594,152704,157023,161639,173015,181432
4685,46038,48581,52779,55168,58800,65308,67415,81743,88251,93690,109397,111521,135445,141098,143910,151862,153370,164425,173793,180088
4686,46073,48288,52860,55227,59310,66947,69520,92992,88362,92919,105669,134955,137928,139822,142898,151984,152795,159533,172040,181443
4687,45978,50333,52253,55082,59016,72583,74665,85979,88659,133021,134576,134646,137264,138714,141507,151049,156537,161391,172385,180221
4688,45437,49928,52212,55144,58658,66542,72429,85911,120327,98528,110375,116130,137482,136450,139823,147079,155625,163112,172777,180232
4689,46033,50711,52362,55716,59872,69012,73320,86219,88787,94858,109997,118414,138910,138165,141231,149189,155498,163046,173713,178391
4690,45969,49987,52378,55462,59697,67103,73668,82201,86732,94897,110180,136295,138925,138844,142676,149786,155891,161877,173735,179038
4691,45019,49685,51509,54985,59714,65734,74472,81539,88356,122930,111932,116016,137421,138619,143821,150091,154437,161999,171369,174450
4692,44144,49883,51490,55107,59538,65615,72698,84941,88768,97073,109108,134522,137797,137887,143770,146179,155056,162339,171226,176548
4693,43938,49135,51533,53919,58527,64546,69495,80887,85686,93196,134673,116894,137927,138203,143028,147678,154471,162035,168700,178131
4694,43215,46839,51507,54428,58482,64657,73288,80959,131782,114784,108633,135396,136972,138485,143129,147813,154911,164934,172065,178437
4695,43362,47598,51338,54163,58730,64136,72165,83224,87818,95626,108533,117000,138857,138271,144821,148467,154265,164251,172280,177928
4696,43260,47194,51620,54359,58703,64247,72470,75710,86827,92998,109454,125639,139638,139947,145009,145648,154173,161597,170051,178782
4697,40093,46288,51295,53389,57477,63520,67706,83479,85479,132159,118684,115454,121393,139947,142383,147027,155394,161260,170935,178067
4698,40099,46069,50832,53302,57364,63401,68051,80073,86597,98899,109908,135674,137097,138067,142956,147329,152671,160171,169799,177533
4699,41512,46561,50226,54486,58765,64688,67863,88794,86925,94781,124245,115773,137857,138459,142736,145317,154272,159755,172173,178670
4700,42858,47444,50605,54522,58358,64505,88653,82120,132526,92858,109098,136114,137713,138454,142402,145815,155188,160615,170183,178030
4701,43484,48328,51325,55148,57527,64641,69183,84545,89805,136344,108807,117248,138941,138247,143451,146722,154817,161555,172109,169224
4702,43478,47232,51422,55000,57535,64440,68301,84734,88845,98415,137073,137009,128967,139898,143082,146364,155616,163263,171895,174419
4703,46299,48936,52341,55227,58616,66314,70232,83124,88441,94056,109065,117354,139534,139336,144056,146708,156032,163348,167554,172939
4704,46135,48885,51408,55294,58044,64816,69920,85129,86349,93375,108827,120163,138891,139953,144040,146634,155533,163862,167421,171340
4705,46336,48147,51528,54875,59110,66077,72978,84978,88187,135133,110063,136981,123214,140449,143112,148335,154468,163428,169247,178378
4706,46910,48573,51571,55475,57530,66293,72886,85127,88169,96596,109904,115808,138677,139159,142593,149026,156378,162411,168808,174651
4707,43724,48580,51832,55084,58221,65857,75583,85207,86639,92596,117979,135990,136925,138432,141735,146626,154456,162925,170395,177370
4708,43594,48352,51876,54901,58019,65625,73897,83842,133370,93743,109719,116602,137990,137917,142689,148986,152626,161505,169504,177649
4709,45030,47927,50571,54534,57817,64730,69976,84171,88473,120762,135498,116037,134354,137890,140496,147590,152710,162687,171905,176496
4710,42455,48143,51502,54346,57720,64611,70340,83234,89346,96609,109953,133782,135139,135801,140604,147824,152348,159728,172743,176936
4711,45340,48449,52522,54689,57967,65607,93888,83330,88465,93736,107901,124943,136021,135951,140869,145991,155868,160510,170682,175034
4712,45265,47911,51668,54381,57514,64213,74763,83429,89628,129806,108515,125556,133959,135873,139983,148367,154446,160747,170737,174485
4713,43725,49983,52478,54864,57948,63936,69300,83140,88319,99165,108458,113961,134376,135567,139568,146695,153337,160805,170116,169560
4714,43590,48407,52020,55030,57945,64867,69410,83114,89842,95803,131967,132532,133753,134141,139936,145733,152388,160437,169900,172176
4715,41942,48160,52062,54862,57715,64847,70329,83972,88932,94104,111720,133793,135119,134588,140555,146412,152543,160577,165386,172920
4716,42084,48478,52595,55174,57620,64839,70301,84242,88836,104983,109248,115247,134423,136253,140431,148353,153295,159883,167594,172851
4717,42826,48795,53079,54972,58866,65984,71528,83798,132149,103881,107555,135859,137475,136402,142315,148395,156504,160414,170086,173248
4718,42538,48705,52836,54960,58707,65563,70918,83380,90331,104133,134493,116937,135409,138320,141784,145855,153312,163465,170807,173416
4719,43446,52339,53778,56271,60140,66766,71185,84113,91143,105127,111321,137301,139133,136415,143383,147712,155550,163409,169306,174209
4720,44080,49560,53677,56176,59800,66776,70292,82871,88925,98023,109778,118152,138160,140338,143026,146935,156994,165523,169303,172722
4721,44222,49946,53885,55803,60249,67698,70129,79327,83177,134953,108678,115897,137702,140676,142809,147718,155782,164358,169807,178218
4722,43547,49846,53680,56632,60609,67411,93066,83603,83326,101309,109076,136666,124660,138669,143384,148782,155218,162442,169682,177836
4723,43850,50458,54012,56969,60630,68277,70747,83726,88221,99070,136006,117374,138110,139179,143186,148199,158146,164809,174270,180701
4724,43941,50444,54078,57107,60572,68190,70343,85056,116847,96572,108946,136915,139134,139125,143134,147178,157289,165893,171812,180750
4725,44263,50149,54829,56310,60784,68006,71584,84398,90281,95098,112306,117719,137241,140139,142978,149190,156811,163046,175342,180399
4726,44497,50243,55008,56275,60945,67862,74481,83674,87158,94573,108257,116194,137233,138019,142064,149545,155602,164431,174433,179334
4727,44625,48575,54987,56129,61395,69491,74447,83205,89373,133629,107780,134734,127206,138264,141316,149416,154218,164922,173034,179156
4728,45063,51910,54569,55885,61471,68737,75869,79943,88820,99995,134092,116811,136480,137272,142626,147059,154336,164148,171436,179446
4729,43647,52294,54812,56175,62063,69113,70368,80464,84352,98475,108685,134680,136053,137049,141629,147536,156123,164554,172713,177208
4730,43938,52382,54525,56142,61923,69542,70349,79997,132956,98386,107400,116225,135482,136229,141840,147439,154564,163456,176039,179417
4731,43406,52121,54337,55694,61225,67721,76467,84540,92297,97663,107235,132780,136114,136504,143441,148590,154939,163544,172122,178217
4732,43343,52070,54207,55400,61315,68891,76592,84841,90863,131112,132536,117912,135230,136424,143220,146899,155381,165607,171929,179586
4733,43057,51312,53504,55406,60704,68311,70968,83525,89055,101337,113728,131041,131905,136179,140905,148818,155446,163685,171478,178442
4734,43428,50903,53566,55479,60956,68157,71168,84219,88562,98461,105709,116643,133805,133453,141456,150677,156127,164038,172339,179537
4735,43395,49643,53699,55515,60594,68962,71735,83673,88622,97473,106092,131441,132044,134919,140938,148585,157074,161218,171036,181259
4736,43411,51092,53766,55196,60641,69039,71963,84298,87275,95946,131214,115150,132360,133800,140682,148373,154711,164574,173931,181275
4737,43675,51383,52426,54470,60230,67107,75313,79127,91176,96389,114215,130226,130219,133809,138375,145536,154348,163027,175150,177237
4738,43608,50607,52849,54349,59555,67286,75300,81942,89192,127186,106787,130067,130231,132302,142791,148686,154443,162627,174777,177480
4739,43093,50168,52621,54311,59619,66474,73672,82230,99535,95473,108216,113502,129471,132394,137111,147205,152943,161568,173687,177511
4740,42764,50876,52950,54457,59408,66898,71088,78277,88423,98321,117878,127568,129588,132362,136497,145060,152950,160005,173395,181333
4741,44433,51111,53008,55131,59336,67630,69827,87054,93611,98499,105877,129220,130393,131310,143946,145330,154056,161354,174525,175494
4742,44270,50960,53003,54837,58977,67636,72094,82438,99055,127376,128560,129221,130350,134871,139664,145047,154558,160752,174266,181620
4743,43975,51214,53555,55579,59397,67926,70935,82988,88447,98660,112334,114115,133947,132013,140324,150343,154607,160629,172473,180087
4744,44445,51222,53260,55678,59418,67413,70838,83980,102619,99439,111607,131835,134129,134825,140383,146150,154467,163702,173056,179893
4745,43134,50763,52231,55225,59393,66147,69972,82978,87251,97793,106649,130895,131252,134695,140165,147916,155437,162889,171397,182158
4746,43904,50430,52881,55058,59508,66536,71239,83653,87968,97533,129550,113969,132684,132351,137318,148160,151864,162122,171358,181494
4747,44152,51449,52916,55524,59712,66756,70357,82864,127309,128314,110603,131595,133085,133164,140978,148731,156218,162880,173128,181566
4748,43999,51234,52839,55497,59650,67184,70440,83843,88994,100826,105752,131942,132371,134542,139877,146536,154671,163132,172562,180586
4749,43641,49581,53379,55174,59140,67149,71166,79143,90582,97465,130745,114234,132806,134589,140169,145409,155653,162900,174324,177185
4750,43421,51250,52995,54965,59198,66660,84149,100198,88014,98383,109434,130029,133014,133846,139098,145394,155188,161414,172963,176739
4751,43014,48984,52458,54816,58425,66765,70142,82096,90688,97129,103889,116162,131831,133139,141562,147698,156654,161653,172573,179271
4752,43109,48820,52269,54710,58473,67090,70141,81986,89021,125439,127693,128748,130317,133203,142399,147063,153928,160819,172844,181119
4753,43159,50505,52996,54250,58552,66117,69909,82625,84512,97489,109884,128750,130864,132388,140135,148647,154844,160025,173807,181165
4754,44314,50359,53150,54235,58332,66089,70112,82654,104639,97297,110961,128699,131041,136035,141187,147608,157325,160690,173561,179027
4755,44187,50016,52244,53826,58297,65867,82059,78156,83450,94287,110663,113184,129734,136206,141278,145855,156569,160598,172407,177432
4756,44761,50032,52146,53801,58187,66338,70931,82401,94134,124740,127775,128860,130658,134195,142818,145946,156907,162586,172389,180906
4757,44446,49821,52127,53678,57393,66014,69022,81796,93538,97175,110631,127155,128572,134219,140383,146981,154821,162235,173403,179287
4758,45024,49578,51877,53374,60120,66248,68597,82095,92195,96715,108679,126470,128211,130952,139730,149437,154251,157933,169566,179908
4759,42735,49744,53138,54497,60627,66061,95890,77098,125453,93645,108876,128480,129976,130523,138121,147084,152781,160758,171314,179431
4760,42588,50139,52874,54088,60342,65979,69806,124736,89905,125039,127647,116729,129611,132324,138121,146744,155830,159536,170859,180856
4761,44521,50509,52750,54588,60725,66899,68897,86697,87327,101121,109280,128676,129928,131644,140215,146969,155873,159586,170482,176362
4762,43416,50141,52288,54581,58590,66301,68970,82750,83672,97683,110029,128692,129335,133894,140155,146289,154803,160188,171414,177151
4763,44832,50452,54006,55415,59309,66692,70821,84642,84804,94877,127127,112844,132274,131248,140846,149157,152970,160137,168155,179018
4764,44797,49285,53428,55487,59144,67132,70547,82782,86602,128951,110083,130585,131870,133448,140432,149377,154396,160577,167902,179174
4765,42286,50066,52644,54939,59262,66685,70834,83378,127412,95004,103637,130081,131778,133728,139576,147781,154311,160823,170254,180935
4766,43185,49862,53198,55158,59372,65876,69857,83499,90449,96587,128675,130076,131964,133040,141092,149097,153822,161307,170295,180333
4767,42560,49582,54292,56636,60103,66980,75924,80500,92622,98200,108285,115883,135980,135085,142393,147312,155463,161334,170306,180001
4768,44387,50534,53744,55751,60184,67197,71475,80493,88738,134117,106129,134584,136148,137823,141224,144721,155838,162718,172041,179636
4769,45687,50585,53685,56506,60316,67227,71855,80434,91195,96644,134278,114699,136382,137577,141798,148826,155414,162472,171817,181267
4770,45560,50359,54061,56368,60527,67316,72350,80118,87253,95306,106299,133237,136046,139609,142760,148401,156881,163389,172420,179351
4771,45605,51051,53386,55733,59993,67449,73950,83277,84312,95586,105584,115676,135491,138340,144222,149295,156320,163521,174440,181534
4772,45301,50962,53287,56059,59941,68077,72162,79031,102454,99908,133026,134009,135671,136526,142140,149761,153508,163655,172944,180431
4773,43312,50669,54686,57204,60866,69762,74787,84300,90301,131506,107871,114872,137129,136347,146217,148980,158927,161620,173844,180548
4774,43418,50779,54581,57191,61098,69297,73565,83946,90808,93931,106367,135366,137244,139002,145448,150932,158667,163988,172661,181803
4775,45362,53275,54414,57633,61602,69882,72495,79757,88581,95453,106260,115474,137199,137915,148506,152723,155631,163527,172138,181163
4776,44315,52524,54504,56653,61659,70011,72428,79735,131754,96297,133834,135665,137335,138813,147336,152482,157350,162625,171413,181311
4777,49540,53907,54158,58412,62511,70744,79313,81502,90891,135347,107705,119185,139628,138687,147857,152672,157149,163677,172996,182575
4778,49619,53689,54009,57793,62448,71569,78018,81085,87967,99291,107105,137486,138730,140994,147983,154381,159241,163993,173574,182268
4779,48620,55575,57072,60067,64377,72057,73801,87210,90450,97812,135962,119071,143597,140849,152811,153878,160489,163355,174724,182187
4780,48372,55332,56709,59954,64622,70522,73247,80892,90416,95474,111332,113773,141246,143522,151154,152150,160962,165430,174286,181888
4781,46975,54393,58254,60439,65039,72486,72640,80883,89841,95971,109247,142352,143163,143663,150571,157037,161365,165965,174497,182062
4782,46498,54329,57845,60597,61788,73239,73236,82144,90455,108572,108331,118202,142922,146910,146939,156064,163638,168146,175265,184131
4783,51387,52875,58857,61874,65648,71167,77021,84923,91874,97153,106082,115825,143809,144967,148390,157150,162341,165131,174863,184103
4784,49356,54100,58376,61875,62862,70598,76838,84037,91293,141010,140833,143170,143824,147558,151016,157393,161787,166396,175000,182716
4785,51930,56155,58349,61154,63351,70450,73129,82296,89032,98325,112184,120617,146309,149074,150628,157804,162451,166709,175219,185216
4786,47585,56226,58153,60762,63356,70488,73345,79166,89188,96443,108783,116396,146245,148651,150752,157286,162285,167807,175934,183501
4787,47126,55986,57715,60964,62775,69573,72724,80399,121872,93795,108655,126517,147425,146529,151458,159453,163757,169989,178895,183319
4788,47200,55788,57582,60718,62922,69549,73851,80251,89387,96959,107729,118731,146866,147080,150384,159758,163719,168810,178591,182553
4789,49958,55455,57906,61126,63308,69709,73475,79525,86866,101521,107317,150938,151144,146876,154308,159443,165285,169224,175665,184093
4790,49926,55731,55661,61080,63035,70970,73349,84157,87817,106427,148770,120027,150903,151489,154217,156792,165527,170251,176015,185131
4791,49483,54483,56284,61087,62706,70022,72550,81785,87497,92953,108427,118269,127219,151318,157383,160205,162488,169281,177466,185410
4792,49474,54292,58326,60944,63045,70378,73427,90856,87566,151533,105258,118743,153840,154170,157262,154721,162006,170690,179306,185252
4793,49347,55269,58021,61158,62639,70020,72660,79421,136657,101018,104665,118767,126583,155022,157109,158660,163055,169215,178502,184748
4794,49365,53625,57835,61142,62531,70141,72467,78874,90770,95198,104577,153012,126996,153516,157217,159225,163599,170690,179253,184673
4795,49114,55588,58546,61113,62921,71236,74469,105403,84245,98456,151825,119541,155624,155030,155315,157649,165830,170266,178096,186188
4796,48467,54920,55918,61096,62930,68656,74649,82790,90297,94420,111029,112815,126713,153128,157648,157778,166686,168528,178479,186179
4797,50088,55760,58427,61601,63343,69839,73758,82594,90106,94876,104065,115454,127620,153205,160969,158296,165709,169350,179794,187090
4798,51201,56092,56502,61635,63232,69607,74105,79542,89927,94119,107146,154803,154478,155757,158917,158373,167540,172482,178872,186499
4799,51697,55155,58868,61345,63491,69531,73750,79469,87972,151698,105171,118056,126630,155785,159174,160969,161699,170583,180424,184730
4800,116,117,117,117,117,117,118,118,118,118,129500,118,118,153981,118,160636,118,167815,178310,185158
4801,52372,53126,57445,61375,64187,68189,76449,91328,98892,112316,118,131201,141426,118,156062,159174,160920,118,178675,184909
4802,52279,56710,58555,64230,75184,97717,108328,127648,138483,153745,119622,153745,154691,141966,155491,118,162381,166625,178227,186171
4803,52680,57864,59737,64946,77003,98787,106813,140264,155163,155020,153745,156532,156532,155487,160544,156713,166418,170180,179483,184050
4804,51561,57349,60527,63398,64958,70376,106966,83642,95394,99150,156023,156711,156711,156647,157147,160256,166330,171245,180306,118
4805,50613,54676,59940,61935,63744,69617,73727,79786,91464,151974,156460,152310,152564,156798,155406,162030,163094,171965,177082,174482
4806,50553,57299,60082,62989,63902,70157,72966,80986,91497,102316,110453,152078,152455,153170,154195,161350,161784,168490,118,184016
4807,51109,52881,58308,63555,65034,70603,74404,81494,86743,97210,107680,120813,155399,153846,158307,155569,167748,167645,170854,187152
4808,51128,52414,57659,63481,64342,70459,73830,83521,86652,96965,142148,116992,156018,156618,156961,157454,166079,171983,177675,186513
4809,50466,52587,59066,62795,64010,69142,73868,81898,127897,100619,112560,116396,127805,156620,159019,163305,168494,170723,179170,185549
4810,51275,54794,58319,62868,63641,69502,73956,83585,88029,97604,107735,115633,157254,157454,157509,162647,169334,172890,179736,183244
4811,51359,52787,59442,61862,63384,70510,73398,80692,88960,98071,106996,156734,128360,157254,158706,164311,165153,173303,178491,186994
4812,50375,52711,59988,62135,64510,70771,73340,80972,88520,97936,107729,120800,126206,157673,159082,163279,165198,168992,179102,188057
4813,49876,57708,59462,62524,64159,70731,73640,81090,89077,97267,106035,116898,126738,158021,159954,163854,168898,172559,179457,185600
4814,52008,57721,58496,61754,64707,70895,73928,85173,91016,131024,157030,117044,159202,159533,160135,164233,166337,173283,178807,188440
4815,50059,57494,58322,61619,62975,70283,77964,84914,90640,97467,115869,118495,130852,159576,162644,165715,168487,170279,183793,186499
4816,49795,58664,57945,61731,64538,69455,78011,84800,91653,98475,108865,148157,126077,162477,163121,165860,170389,176724,182227,186334
4817,49970,56352,56937,61492,63855,70320,78154,81307,90991,95317,108728,118105,124042,134161,161242,165717,168450,176457,180905,188373
4818,49151,56285,57388,60867,63736,70148,77776,81021,90854,97223,107307,117768,160291,160161,164394,166270,167978,170127,180223,188631
4819,49323,56059,55914,59573,64271,69857,76487,80744,131327,159008,106133,119810,131388,133874,163975,166469,169653,172258,183106,187570
4820,49000,55851,56184,59585,64277,69555,76579,81300,90853,98505,107949,118781,125967,132567,164070,167183,167322,172126,184775,187748
4821,49645,55490,57312,60087,63541,68397,76256,83917,86598,98734,107845,160030,126647,162284,165583,163351,167938,172418,179367,187482
4822,49550,55864,57282,59258,63546,68193,73275,83863,88388,98275,160307,123728,160670,134374,162813,163239,168364,171732,180708,188286
4823,48493,52364,56483,59747,62831,68359,72980,83997,86718,97701,118457,118411,130442,161395,159126,163992,166855,170920,181318,188086
4824,47120,51854,56762,59694,61670,68802,78178,84519,86449,95818,107330,118732,124414,132483,159348,167194,171007,170059,182244,188062
4825,49608,52438,57467,58835,61433,67953,76815,83675,87382,96986,107599,117898,125159,158304,156997,163776,163490,169141,182203,187443
4826,49319,52335,57441,58377,61563,67492,74132,83521,106802,97003,110300,118433,154870,131213,161288,163638,164915,166944,178497,187208
4827,49545,53373,57890,58110,61884,67608,77067,84233,87504,97573,110329,119216,131301,155935,163880,161521,169589,168472,180944,185863
4828,49667,54406,57846,57964,61770,67306,77573,84335,88746,122235,108492,156596,126433,139639,162424,161459,169358,170483,179002,184895
4829,51394,52918,57372,61692,63850,69735,78246,83607,90325,96665,107563,120453,147227,159461,162676,164309,168387,170136,179501,185728
4830,49866,53558,58575,61379,63405,69472,79538,85369,129487,98559,107904,118662,131013,140742,161276,165339,167034,170540,180486,185989
4831,50217,54064,59080,62758,63947,70354,76938,84978,90911,99879,110698,120766,127344,132128,163115,163720,168453,173373,178025,186228
4832,50127,56172,59464,62731,63557,70294,75979,87116,91556,104991,114699,120258,161449,162723,163541,162397,168774,172941,179901,184267
4833,52734,57123,60343,63614,65327,71647,78165,84105,95480,104620,110418,118891,135255,137730,167047,168273,173510,172551,177665,184826
4834,52479,57110,60198,63477,64986,71769,75151,91756,87383,97092,162827,117700,127113,152924,166913,169460,173116,175220,178918,182945
4835,54242,56623,58702,64461,64938,71753,78362,84055,89186,161737,111413,163488,126482,136073,166396,168924,173987,178010,176479,188423
4836,52361,57140,59785,64180,65221,71996,78506,83373,89145,101914,112321,119171,125598,165595,147535,167459,174256,177359,179633,184925
4837,53191,56752,59779,64057,65584,72034,76816,84062,89248,98270,112090,119264,168925,135931,172335,167639,175256,176329,178067,188143
4838,53194,58043,60847,63866,65753,72632,76713,82475,88069,94359,113479,115959,126724,139067,150076,167554,176057,180183,178138,186674
4839,53743,57168,61508,63032,68182,74325,77721,85742,89509,101675,110499,120250,129783,149665,155492,173000,181057,178206,180882,188039
4840,56313,58559,59389,66174,68463,70194,75435,84099,95771,94797,113602,120413,126006,143082,148503,172604,180909,184534,182047,189449
4841,56402,58753,63680,65410,68327,70606,76108,84263,89650,105051,112928,119679,128608,134160,179880,177685,181969,181655,184044,191633
4842,53875,58956,61857,65500,67824,70287,75589,84125,133753,105033,112222,150458,126368,178226,148365,177829,181717,185243,183542,190626
4843,56828,61875,63632,66254,68218,71584,76212,84010,88699,104828,110075,120246,178082,135266,149313,181530,184445,184948,186292,193483
4844,56849,60401,62499,66278,68424,71799,76344,83850,88487,102123,108591,119142,134105,136230,149142,181511,184741,187617,187135,192917
4845,57127,59298,65052,69294,69591,72918,77017,83131,88995,97997,108079,121449,129395,134380,186902,184179,187556,188290,190170,195295
4846,56099,58932,62426,69233,69862,72786,76267,84541,94997,103828,109370,119630,128044,183820,151025,184741,187656,189370,190027,195315
4847,53745,61644,63164,68276,68295,72818,76099,85093,90968,105208,109608,120451,128420,136927,150394,187200,188302,189940,191909,195823
4848,53898,59301,61352,68047,69285,72339,77254,84804,88050,97212,128850,124422,128361,138144,150187,187656,188524,192570,190764,194604
4849,53646,58288,61398,66807,68411,73315,77907,85390,91460,95550,114088,134953,132743,138187,152879,187760,187749,191567,190990,198863
4850,52323,59782,61549,65092,69046,72410,76964,85447,97605,103251,111548,122875,132606,141362,152942,165527,186949,192174,190746,197982
4851,54227,59825,61966,66747,68713,72693,76155,85029,88642,108625,111537,123498,143244,157383,153141,171509,188424,191539,193735,199194
4852,54805,59759,61880,67066,68607,72919,75800,84887,88445,95494,111337,122435,132761,142735,152558,154961,188243,189842,194127,199996
4853,54788,60438,63200,67087,68875,72311,77408,84389,89624,164770,111091,124981,133628,142204,186219,188241,188257,190541,194601,201542
4854,54669,60494,63707,65531,68420,72321,76950,83598,89553,105746,117544,120221,133565,142956,154644,167325,188506,192717,194680,202527
4855,56576,61006,63905,66778,69434,72022,78839,85163,115566,100196,109974,153448,133080,142639,153628,159469,181747,192612,197255,201835
4856,56233,60924,63550,66454,69608,72465,78812,85572,94237,98562,139923,122987,153468,180046,153268,159568,181791,190947,197623,201400
4857,59801,63451,63568,67903,70677,73038,77820,86372,92205,98185,112800,124991,134692,142870,153226,159112,187768,190669,196349,198455
4858,57309,60695,63877,68005,69948,73636,77631,86443,91001,97925,114570,123830,134216,141354,153473,185751,187899,188828,196586,198494
4859,58668,63982,62487,68259,70388,76202,78543,88984,90864,97248,118226,122776,130362,141001,154907,166949,184095,188936,196047,199975
4860,58209,60548,62969,68178,70198,74943,80347,86266,90651,96974,116096,124511,129827,140147,155187,157211,184335,185480,197192,199347
4861,54873,59663,63918,67683,70031,73000,79312,87815,91023,96820,115821,122265,129561,139933,151808,158055,174349,186081,192335,200143
4862,54398,59964,63723,67228,70007,72338,78266,86193,89764,96888,109196,121611,162912,136925,151178,181003,174166,185709,193980,200103
4863,53984,62638,65633,68133,70456,73019,77261,86925,91601,98682,109789,121345,132973,166967,152469,161097,171646,185231,196488,197800
4864,54072,61863,63853,67011,70004,73127,79097,86778,91057,98235,107978,120980,129549,137796,182101,162101,182509,185422,196109,198590
4865,55739,63031,64844,67148,69315,72847,75263,85799,114969,158840,109986,118814,125807,134366,150590,181544,170392,185162,191401,195145
4866,55598,63168,64864,65886,68113,72951,75055,84946,90152,100879,110158,121379,126397,135318,151494,161846,180382,183048,191684,194859
4867,55915,61828,62030,66516,69013,72985,79395,84108,92083,99686,107626,177864,151715,176238,151043,163745,179285,183926,190442,194900
4868,56742,59905,62089,65899,68688,72591,79099,85631,90272,98616,177700,122467,130590,139094,148061,160249,179612,185467,190674,195108
4869,52133,58834,62261,65071,66604,71507,77927,84556,89414,98323,116639,115764,127056,135322,151283,178469,170693,185573,189942,192234
4870,51789,57387,61209,64748,66860,71823,77859,84605,88861,98180,108981,116412,127125,134190,178005,160972,179825,183943,189744,193184
4871,51128,59467,60520,63434,66750,69922,75565,84275,91410,96423,109191,120507,171606,177183,146373,160551,175355,182665,188272,194966
4872,51061,59184,62102,63944,66804,69522,75728,84460,97450,98327,107415,118917,131115,135902,144523,178159,176817,179489,189629,193490
4873,51830,58591,62785,61757,67081,69587,75836,82849,88928,98156,112850,116686,130215,133444,174643,153872,178984,179507,191529,192334
4874,52622,58856,61954,65198,68150,69565,75694,83770,112816,98445,111781,116743,129849,132538,154165,174545,178325,178240,189717,193092
4875,51845,60017,63057,63614,67075,70336,74617,85750,89684,113333,106625,121044,129079,173562,144458,159661,175512,178427,187928,190952
4876,50937,60274,62409,63442,66688,70243,75003,82835,89630,99524,106742,154176,127691,137529,149560,175239,175483,176822,186874,191319
4877,52342,60017,63521,64453,67336,73286,75014,84309,89357,99570,106908,122614,131041,132495,175696,154635,178899,176898,184588,191435
4878,51328,61035,62720,65233,66201,73530,75595,84430,88748,114948,107526,119457,172830,175024,144781,173901,177780,180356,184336,191478
4879,53870,59753,64047,67812,67885,72994,75671,85715,91706,99407,107662,120904,133629,134598,146412,156056,180678,179102,185160,190880
4880,55243,60890,64124,67317,68548,72726,75760,84978,124551,95609,111072,114776,126812,136019,179090,176073,168332,182942,185090,190500
4881,55329,58769,61697,67602,69280,72783,79288,84325,88320,159101,176124,115289,127074,136595,141884,159039,179713,182830,185877,191365
4882,52733,59091,61989,67615,69334,72557,76421,83840,87363,99447,114674,176576,126899,176065,145222,180548,179835,182029,187623,189938
4883,52278,61584,62538,66545,71419,73606,79299,84117,88694,96826,111784,121538,127597,134803,177816,157614,178989,180622,187073,190838
4884,52305,59211,61920,65991,71897,74212,75583,84084,93338,93632,108868,116547,148079,133194,144306,178149,168382,182315,187195,192143
4885,56512,59917,63337,67355,70753,74931,77328,85713,88084,96754,109651,117724,127084,160421,178312,159121,180740,181436,186580,191809
4886,55889,58580,63073,65595,70724,74969,78798,84214,88344,94664,109975,116430,125737,133590,147617,154581,181072,183931,185151,192062
4887,55426,58690,62675,65067,69901,73271,78697,84339,89455,95356,109768,119140,178513,133931,147010,180770,182549,183775,186112,191658
4888,55504,58537,61879,64595,71803,72812,77031,83963,148228,95476,109927,118424,132149,178815,149840,157415,160575,185674,185439,192000
4889,59845,60357,61419,69005,71181,75728,79999,85752,93923,168413,107199,120673,128714,133878,185861,182098,188390,185257,186001,193091
4890,60026,59873,62949,68599,70901,75397,79582,84059,89493,97705,108628,112539,129376,137507,153447,160196,174903,191345,186040,190637
4891,54312,59812,62141,69737,70831,76010,81360,83047,87693,97080,105610,187417,126453,130748,145209,156626,191144,189724,186131,191756
4892,54310,61395,62606,69542,70671,75835,77583,83536,87272,97529,105468,123089,125832,187907,144807,186438,168396,192870,187389,190488
4893,56218,61442,63129,70240,73650,77288,79017,86159,90025,98259,119236,117839,129022,137435,146148,159327,171701,192402,187181,197559
4894,56018,63447,65434,70272,73791,77024,79059,86958,90597,98263,109260,118357,187285,134954,188621,160688,191868,193054,186226,194884
4895,58946,59974,65197,70256,72418,77785,77529,86403,91501,97261,133938,123179,134896,136727,155674,157587,173524,193379,193203,196139
4896,58948,62112,64817,70193,71667,77557,79207,87206,90786,95230,118208,123108,130084,135560,148032,191846,171511,196320,191902,195879
4897,55643,64927,65261,70106,75373,75703,78585,88135,91592,97992,111896,120435,126416,191964,149263,161768,166838,196530,193767,198390
4898,55822,64870,66404,69974,75199,78167,78509,87925,91636,96027,110142,119920,132632,142369,149593,161784,193379,194492,194414,198394
4899,54923,65590,68063,72621,72936,77550,79788,86261,91037,159429,110662,120026,128104,136882,152438,158576,172576,194246,194781,202755
4900,55291,65114,66830,73349,72858,77920,79496,86157,91403,95832,108840,120415,128040,138110,190988,192150,172904,194493,194366,202647
4901,54932,65167,68433,71719,72912,78413,79753,86565,90683,100316,108553,118276,127941,134820,157875,163556,172578,194641,200567,201544
4902,57185,66947,69175,74074,75367,78395,79512,86633,90145,95086,125210,116187,130549,137910,147748,163356,192962,194845,200336,201698
4903,56018,64612,66405,70583,75004,78374,79174,87432,91913,95816,106173,154419,126120,188809,147598,163606,167675,192962,199201,200603
4904,55345,63663,67940,71114,74747,77228,78956,87968,90157,97208,111846,120561,181844,141838,147561,160814,167049,186758,197519,200338
4905,57841,64012,67455,71562,73695,79263,81010,86026,91502,102206,131121,119105,138923,132384,150025,157338,190236,187602,197615,200185
4906,55630,64103,67441,71055,73723,78912,78840,86677,120676,102678,113941,120521,126568,133675,148408,170169,168424,192894,197384,198269
4907,56015,63843,67420,71269,74435,79497,80774,85363,91043,102148,105966,119558,132912,138694,187150,160248,190074,191094,197746,193289
4908,56930,66230,66845,71094,74825,78543,79116,87133,92109,98303,109721,116303,126652,133029,154045,188039,168833,191514,196095,193553
4909,58031,65282,67786,71952,75629,79240,79876,87755,91776,98754,105728,159549,129989,186525,147035,160726,170981,189605,190143,195709
4910,58499,66162,68876,72291,75589,79412,80023,88147,91977,132479,188936,123491,128019,142955,146972,158918,191813,192325,190011,195943
4911,56894,67457,69057,73716,75692,79029,80492,87599,92353,99119,113713,120383,129369,138213,150025,161682,177766,192754,192309,195577
4912,57983,64889,67713,71745,75300,78215,80212,87051,92293,98040,115196,121452,133828,142847,199549,190539,166158,200544,194064,195562
4913,56960,66414,67764,71898,75556,78714,80345,86662,91655,97711,115314,121656,129070,142583,150289,22,167973,200104,191982,203237
4914,58055,64968,70170,72742,74687,78743,80909,87018,91632,99313,113480,117920,197985,142777,151458,165238,200714,200104,193605,200013
4915,58522,66619,70276,73791,76138,78051,80695,84958,88883,95310,113669,114491,134971,138524,152816,157078,171148,200468,197065,205744
4916,58677,66923,71615,74902,76438,78198,80024,84660,92596,160771,108891,117432,128549,137397,152824,157002,171185,196524,197027,205870
4917,58329,66191,70529,74312,76513,78547,79663,84590,92710,99843,111106,191172,128707,192541,152856,156850,171490,196885,202950,205475
4918,59311,65362,66973,72106,74500,77150,79016,85596,89860,96028,111218,124888,126158,144673,149985,194210,191856,197105,203520,204376
4919,58792,64969,68962,71924,75188,78551,79165,87136,111098,96124,105197,119443,126507,140019,148610,161390,171936,193547,203228,201483
4920,56430,65210,67391,72602,74477,79518,79112,86366,90927,95346,105788,118665,123545,136622,151517,161903,168438,181005,203003,201185
4921,54647,66567,68009,71049,73950,76781,79127,85038,89308,96906,109634,117522,124619,136223,149037,158412,186694,188811,197544,201202
4922,54183,65090,68427,72737,73551,76267,78700,85286,89428,96483,105818,117278,126384,131345,185286,161801,169086,187078,199974,198103
4923,54281,66419,69607,72342,73753,75870,78302,85177,90104,96729,110143,117236,183399,131163,155371,186893,175813,190161,199041,197899
4924,53476,63409,66034,68813,70773,76159,76383,84296,89242,104456,105450,116876,135884,183399,153571,158570,186122,179829,196530,196287
4925,53126,62516,65900,68748,71801,73566,74941,84610,138836,97872,105070,116750,123606,142983,153719,159744,168395,187025,197101,195104
4926,57737,60706,64188,71013,71763,73932,76722,85255,91751,156131,154123,118066,125325,139465,150618,159133,186834,186902,192697,195310
4927,56263,62426,66396,70411,72276,77135,77822,84235,88248,98317,114031,117464,124443,133878,144173,185274,169060,188570,192813,195285
4928,56323,61410,65240,70330,72044,74124,77709,85046,93615,99434,112315,184032,124412,132479,168972,155638,166193,188822,193422,196454
4929,56495,62398,66505,70516,72098,76979,76114,84058,88309,99611,110177,122655,129802,184703,152473,156916,187224,187831,193095,198313
4930,52949,59950,63998,68770,69691,74216,75581,83717,86166,97122,110412,116497,183926,136267,145676,186291,166536,188796,194590,198913
4931,52920,59666,64123,68619,70209,74958,75605,83735,87121,98177,106784,116436,131747,133189,185020,152468,184661,187351,193979,197645
4932,52314,56908,58116,65096,67352,69914,71631,81182,85218,91978,106916,114380,120915,133231,144035,186444,178773,187169,193419,197512
4933,49201,55331,59902,63540,65640,69598,73576,78441,84796,93034,107166,113506,122088,178336,147089,155628,181325,180168,193451,197885
4934,49327,55549,60177,63517,64693,67582,69997,78509,137398,150634,104807,113565,122129,135847,147272,150396,162328,183784,194037,196449
4935,50760,55291,59660,63333,64574,67490,70024,80614,86754,99063,178203,113242,166140,130812,179715,179970,181308,183897,193852,196204
4936,48347,55741,58200,63359,65697,68479,70299,81581,83195,96028,116247,183876,137369,130693,149934,157516,186727,185074,193001,192280
4937,48292,55981,59687,62899,65973,68390,71020,78517,85269,90492,108354,122581,124650,184985,142606,180005,163556,189393,191899,193440
4938,47891,53726,57313,62367,64643,67339,69310,77743,87001,92795,109198,116910,125437,138087,158597,159169,188853,187517,187973,193447
4939,47654,53952,58365,63159,64841,67619,69388,78093,94459,92076,108090,116965,125894,132016,142689,161059,165937,188915,187581,192716
4940,49324,56218,57433,63274,64596,68165,69449,80058,86828,159279,109715,118248,125380,130895,189269,185912,190275,189258,187601,195415
4941,47871,54002,57611,62050,65313,69183,69455,79402,83632,102486,110935,118365,188187,188908,151768,152684,164016,190150,187625,193764
4942,52555,59121,61275,68040,70598,72068,73033,82764,150719,93333,110763,122339,135051,142017,147895,160779,198469,191686,189890,192123
4943,52531,59213,61675,68406,69708,73869,73105,79524,88072,91827,108739,117484,127659,136188,148114,190834,169627,198469,192414,193673
4944,54137,58660,62753,68457,70635,73774,75344,82780,86410,98059,102569,117893,128547,131032,148692,155038,162185,173059,190802,196106
4945,55228,58870,61161,66141,69420,73464,75068,81754,89556,94422,105409,143678,125026,134151,201662,157794,203947,204259,191365,196377
4946,54453,59547,64594,67153,69949,74962,75933,82475,89062,93263,105301,118201,124278,201662,145644,198347,158752,173973,194451,201074
4947,57221,58698,64189,67241,70404,74754,76524,82727,88929,153551,180985,115846,124428,136740,140396,158526,199197,201639,194420,203130
4948,54317,57130,63578,64409,67310,73643,75661,82258,95601,96777,115020,113786,193607,132877,142572,151832,157235,169913,201301,208654
4949,54120,57209,63982,64574,68035,75005,75814,82556,96200,96080,102904,194046,134043,130302,194046,148370,176988,194030,198592,206062
4950,55377,58980,61700,67762,72065,76382,75727,83781,97257,104765,105600,130707,132324,130104,151765,199197,191384,194669,204791,204544
4951,56280,58909,60852,66107,68644,76215,76988,80743,86347,93263,110846,117109,125612,210139,143360,153992,165350,180378,204757,200728
4952,56604,61053,62656,68143,72836,76424,78858,82646,90948,104501,109253,117101,127555,141483,141024,150419,163281,210858,200664,197162
4953,56689,61133,62620,68082,71661,76584,78246,82738,92449,100523,108940,117015,124041,137907,141544,210986,220053,173857,199825,196207
4954,55401,59267,63294,68337,71136,75300,79381,85775,98857,94969,112507,119549,126708,131485,223174,154155,163369,166092,194030,212462
4955,57883,60442,65236,68219,70330,75355,79282,85464,89191,97767,105288,114851,127484,136971,152518,153976,162634,223613,197279,211892
4956,59676,60732,68258,69755,73130,79064,80693,86279,89858,130514,112724,115432,127310,137947,144752,153966,166420,179000,211009,220810
4957,59880,62294,69104,71761,73229,79055,80024,86603,89418,96488,110495,116280,201648,134632,143220,223174,221540,168279,211531,220053
4958,58659,62528,65493,69238,71874,78353,78471,86185,86938,104120,110633,115543,126579,133480,143565,161979,158843,221540,220396,223613
4959,58577,63908,66115,68576,72476,77603,79308,83874,93760,94318,110422,158552,127958,205987,145117,156225,158689,171125,220053,222293
4960,55596,60637,63064,66148,68511,70807,71427,76495,84378,89350,145347,107960,116629,139805,137828,154383,154545,171052,223613,221711
4961,56612,61335,64012,66238,67591,70637,73823,82423,138675,150671,102572,115148,125384,128105,181530,150936,181674,182997,222293,22
4962,53464,58238,62239,63348,65225,68751,71229,78931,87536,95058,104031,109451,117192,129935,142832,149029,164526,183370,221733,221540
4963,53848,58701,62316,64109,66801,69573,74525,80952,87857,97726,101643,158753,144660,125947,158753,181392,165912,166436,221540,207227
4964,56558,61910,64243,66997,70899,73452,77334,84670,89300,97286,158753,123587,131383,158753,181105,149229,182139,168574,205987,207718
4965,56535,61739,63975,66559,69493,72701,75409,83584,87697,93033,114264,116306,120359,140496,142541,161890,180612,183277,206452,188316
4966,57723,62493,65752,67479,69411,73089,76586,83479,88552,93453,101626,115585,183326,139758,138837,162018,183326,182300,172568,192427
4967,57636,62156,66053,67454,69466,75197,76415,83673,88091,153603,106325,115335,125522,183326,183235,181105,183235,184099,187536,179845
4968,56746,61354,66565,66415,69669,72697,76175,83487,91314,95172,105181,178739,123374,132521,143125,180612,179590,184436,172559,180771
4969,56850,61780,66138,67578,68480,72821,75988,83361,87655,94089,106987,118505,123159,130106,147017,146316,180134,180552,174470,189773
4970,55524,61273,65443,66514,67403,72253,74971,82509,122013,93153,137020,110010,121406,129473,174657,183235,175260,182769,184609,189147
4971,56478,61101,65254,66437,69056,71940,75848,81378,90099,94133,106563,109253,174132,174657,146827,151087,175095,178029,185343,189905
4972,54639,59123,62892,65839,68441,73171,77109,81329,86243,92606,105125,111936,126634,131889,145499,179299,170396,177932,187377,188856
4973,54666,59071,63776,65696,68253,73002,76651,86856,86981,153819,105537,169091,122162,132468,169091,153184,171544,175235,187306,186870
4974,53560,56897,63868,63766,66838,72116,74879,83692,87153,100289,169091,116433,120166,169091,143003,174132,171908,175585,184675,189286
4975,54203,58172,63513,63764,66784,72193,74712,82856,86774,92724,112019,114142,167057,130692,167057,168413,169302,174339,185342,187424
4976,49444,57590,60425,62690,65933,70528,73394,81659,139418,96778,104399,115048,126306,167057,144271,169091,168888,172478,182966,187914
4977,54078,57613,60473,62572,66109,69804,73482,81994,87955,96505,104169,114813,121271,135743,166931,152653,169158,173537,182453,184539
4978,52307,55542,59520,63963,66399,71039,73788,83718,86549,96930,104694,113997,152994,129483,145080,168167,171004,174089,179296,185648
4979,52522,58449,61817,63980,66630,70518,75249,83806,86709,93103,104628,168643,126000,167945,168643,166545,172154,173157,181397,182179
4980,52428,57462,62616,63364,66149,70169,73824,81193,85489,151012,105583,115936,121430,127547,139631,166931,168835,174295,178731,182905
4981,53928,57516,61703,63056,65753,70148,73892,82089,87098,104412,165934,114204,166462,165934,166462,167945,169446,172324,179297,182148
4982,53246,58669,62084,63706,66088,70140,73468,82048,85500,92808,111215,114995,125412,136301,147522,168643,172127,173581,178318,181034
4983,53800,58884,62171,63824,66118,70647,74309,81413,140221,92371,109562,114515,122313,132483,169119,166080,172123,175309,178535,181899
4984,53008,57901,60965,62810,66252,69861,73877,82624,89089,93621,109562,163407,119796,169119,141195,166724,168572,174469,179489,182606
4985,53614,58141,61896,63268,66120,70621,73936,83051,88692,98711,107018,116341,163007,134139,163145,168696,166504,171872,179616,181733
4986,54067,59132,62067,64735,66370,72877,75073,83214,87421,98813,108188,114742,128082,133410,165813,169119,169230,171754,177594,181756
4987,55130,58531,62069,63958,66476,73180,74634,83226,88044,151281,108539,114462,123982,165813,142629,163809,169539,172479,178028,183882
4988,54494,59288,61741,63473,64538,69987,73615,82429,86572,99581,109086,112111,160851,132089,161167,163516,167935,172901,179042,183774
4989,52310,57664,60553,64100,64751,70834,74137,87782,88212,94138,106775,161508,123255,160851,161745,167387,168712,170508,179505,180313
4990,52634,59621,63038,64231,65608,68618,74863,83430,87550,94220,107688,119053,125162,134836,144684,167310,170954,170718,175028,181783
4991,52025,59462,63238,62661,65370,69838,74455,85113,87458,94116,162676,116554,162328,131515,162328,161380,170654,172687,176381,182824
4992,52289,56155,60336,62350,63058,67329,73988,80605,132235,92019,111800,113310,122092,162328,157367,161745,166997,172416,177738,181279
4993,52636,56243,60782,62385,63461,68443,73693,79623,87755,157613,106066,124048,122638,128951,157674,167474,167582,169175,177994,179501
4994,50454,56373,57799,60973,61461,66743,71353,78576,82810,95257,106224,141035,155242,157613,156220,167346,163984,171523,175345,180541
4995,50033,56695,58423,61110,62182,66888,72423,77702,83065,91946,105786,113723,126877,155253,156143,159281,164038,168959,175809,185255
4996,53289,57824,61057,63538,64791,70836,74476,81663,88540,98590,107240,121199,129004,130508,180878,159455,186262,168452,178139,184895
4997,52984,60266,59762,63020,64574,70837,72272,78644,83248,91916,113521,126277,124752,180878,148791,157653,181245,187726,178103,182934
4998,48521,55082,57764,59461,62194,68513,71008,77376,126706,87862,106234,112239,169340,132464,142133,158493,170400,188647,174103,183360
4999,49481,55987,57231,60336,62039,67485,68655,78671,85167,152493,138959,169618,125489,127968,142491,181862,170818,173536,174104,181442
5000,49072,54217,58083,59559,62026,67340,69753,77133,84802,102076,108447,117619,121659,169618,169683,181245,170262,174103,173838,181449
5001,49190,54334,56029,59636,61855,67223,69413,77530,84838,91634,104241,114976,121399,129148,140916,169340,169956,172867,175582,197084
5002,49799,55243,57537,61079,63928,66467,73221,77143,129164,91251,104289,115186,171698,127573,171698,169618,172543,172543,194387,196643
5003,49122,57069,57942,61366,62488,65833,73439,77669,83777,90933,171698,115186,126242,171698,143212,169683,173169,180180,191861,186477
5004,47869,53866,56039,59391,61348,64031,67903,76576,79860,90116,111305,169292,122031,130370,169292,169280,170284,180385,181840,186874
5005,48961,53833,55981,58932,61124,64411,70903,75984,81320,152339,104722,116384,121911,169292,138688,171698,169988,178155,184298,186048
5006,48828,53513,55622,58120,60000,64639,67933,79420,139319,102832,104574,112507,168380,128867,168380,172191,169156,177881,180844,185964
5007,49054,53512,55415,58214,60377,64742,70473,78007,85047,95439,107237,112790,124206,127262,168840,148826,169564,170932,182735,188263
5008,52489,56813,58336,61667,64839,66346,70756,80949,85419,91496,107406,115645,124376,168840,141521,169461,176221,171366,185902,188594
5009,51846,56562,59004,61701,63902,66822,73961,81355,84486,90488,105388,176580,145537,132883,176580,168533,176775,180904,185213,186699
5010,49793,55485,57179,60556,63301,65825,69199,80202,83012,119678,106373,114468,124075,176580,139672,168840,172802,181053,181045,186648
5011,49664,53832,57366,60575,62948,66093,70317,78893,83886,99313,155080,114863,171708,128597,171708,175708,172466,174875,182951,185115
5012,50153,56519,58489,60552,64115,66168,69927,79243,142440,91196,109181,114320,125435,128585,139354,161417,171889,174345,181436,186041
5013,50691,56223,57008,60622,63253,66376,70104,80829,85994,156043,104074,114243,121474,171220,171616,172131,171767,173233,181742,190028
5014,51406,54910,59188,61478,64278,67924,70702,81352,84445,94453,104530,114688,121802,129571,140732,157956,174596,173505,185961,190315
5015,51149,56861,59958,61877,65237,68653,71062,77225,82732,91142,111224,174373,174373,174540,174373,171220,174391,176385,184558,186845
5016,53551,55968,60218,61487,63680,68204,70525,76814,83315,89808,107732,116361,127460,129566,144279,171616,173434,176164,182140,186531
5017,52763,56815,60026,61666,64280,68697,70678,80908,83321,89749,106961,116135,126290,132630,145826,154775,173798,176244,181651,185731
5018,50743,56428,57949,60643,62945,67014,70216,80054,145569,158878,172929,117441,123770,172929,175072,174373,176381,176594,180716,185850
5019,50628,55961,57754,61162,63817,67535,70555,76758,86098,95634,112991,116267,123132,131970,145259,172531,176187,178616,182525,187495
5020,50019,55375,57857,59586,62994,66585,69187,75470,81735,89320,106989,113302,174197,130983,143944,154637,175522,178529,185074,187386
5021,47318,54655,57411,60009,62844,66373,69020,77736,81722,88320,108144,118275,127533,174197,174467,175113,175786,178993,182502,185910
5022,46747,52865,56942,58541,62060,64207,66997,75928,82729,86182,107560,165661,117539,129501,138445,175809,168250,179585,181225,185788
5023,46887,54696,57048,58911,60745,64304,66815,76699,81842,150905,103780,115432,123150,124428,166211,155061,168895,172916,181818,188450
5024,49514,54499,57168,60023,61573,68011,67947,75721,139543,97122,99854,112487,166939,166043,166939,174648,171747,170903,183627,189367
5025,49607,54050,57135,59825,61623,66736,68682,126868,84598,90053,100551,112212,124226,131356,146006,146806,172076,174603,184262,187849
5026,47556,53270,56029,59343,61444,65880,69258,79832,82830,89766,166491,137072,122669,166491,164038,167139,168593,174194,184520,188533
5027,47507,53314,56121,59183,60270,64977,67765,75330,83312,91086,108878,113206,121620,129633,142869,167879,169480,171446,184718,180566
5028,46965,53472,57559,60286,62945,68016,66898,76453,84333,153280,107182,129423,168531,163966,168531,167485,171090,170362,175291,180714
5029,48485,53467,57756,59531,62680,66339,67595,75308,119253,96290,99894,112690,124576,133797,146034,164795,171715,172206,177435,180810
5030,49495,51691,56308,58178,61392,63762,66685,76920,83237,90120,100290,168202,117361,127580,168337,165720,170184,175042,177105,181398
5031,49393,51645,56631,58335,61688,63720,66001,78686,83407,88386,105597,115590,168167,168337,146073,169005,170363,171015,177257,180387
5032,47643,52763,56069,59020,60437,66369,70050,79428,81093,91178,168167,114562,125303,133995,168707,169606,171562,171338,174543,180020
5033,47698,52738,56802,59094,61150,67261,67208,130799,142580,154365,111279,112306,118029,168606,146553,168419,171115,173201,174492,181444
5034,47335,53436,55148,61000,60303,64056,67271,73949,92043,99102,107283,111611,152346,135010,143039,168480,170178,172498,178592,181903
5035,47474,53140,54980,61342,60290,63331,70611,84907,79314,92920,105896,166496,123134,126239,166496,168708,169542,173056,179293,181936
5036,49122,51658,56661,59100,61544,65110,67373,75205,81076,95780,105591,119439,121621,166496,171311,169610,172152,172858,177621,181875
5037,49143,52014,55846,59968,60376,65540,66946,74307,80451,89431,106325,113264,171782,135780,138648,167007,172718,173971,177706,182139
5038,46783,50771,56460,61064,60924,65339,68052,77385,135713,90475,105968,115810,129149,171782,175954,166828,175954,175251,179077,180642
5039,46843,51032,56190,61297,60644,64793,66928,77226,82644,160448,118955,114696,122748,131801,141519,171311,176315,177407,178961,180284
5040,48155,53666,55993,62195,61437,62844,67460,75926,80477,99200,107521,176308,122714,131210,150678,151073,176308,178797,176749,180509
5041,47921,53657,53763,59666,59835,63969,71243,98255,81175,90785,176308,115960,176192,176308,176192,175954,176192,177770,176817,184284
5042,48607,54376,55113,59019,61909,64723,71565,80276,82414,93139,112463,112377,135136,130824,146728,176315,185410,177440,181562,183252
5043,48712,53492,57663,59491,61641,64569,64975,77892,142543,92945,110941,111975,10,136454,140068,154095,185313,186009,180687,188257
5044,50793,51867,55799,59992,62616,65906,66781,78956,87091,96820,103382,113234,121092,127462,191206,176192,191206,186126,182463,187722
5045,50686,55370,58271,60148,62218,66034,65913,78851,83838,158595,105522,158595,121219,191206,142039,159062,191793,191497,181944,188011
5046,46936,50696,57760,59670,61753,64585,66220,132334,80386,94532,105499,111777,118871,131340,141546,185075,187915,191793,180965,188001
5047,47424,53391,57687,59516,61460,64648,66013,78896,80604,91277,105021,113851,187915,129177,188231,152324,188231,188255,180556,191331
5048,48279,51803,55389,58939,60479,65035,65950,77044,143688,91627,106365,110699,126802,188231,147907,159913,185842,188231,187721,190045
5049,48800,51752,55432,59870,61277,63714,66022,75227,88875,92281,104543,186578,120333,136334,141060,187915,186578,185842,187675,193799
5050,45796,51820,56270,59044,59791,63310,65675,74601,79649,93573,186578,118822,120560,127739,139141,150726,186152,186578,192343,194470
5051,45779,50392,56046,59051,60777,64094,68195,78991,81779,156001,109914,111859,120720,128106,186241,185842,186241,186152,193203,191859
5052,45773,51397,55512,59206,61001,64064,67207,79224,85356,95722,105583,113081,186241,186241,146391,149402,185682,186241,189297,193115
5053,43967,53206,55623,59456,61524,63159,67201,76463,80398,93859,104596,111543,126749,136500,140401,158375,186317,185682,10,190543
5054,44735,51459,54537,59514,60612,64764,65330,76205,142956,91182,106813,112636,121927,129634,185924,186241,185924,186317,190904,191894
5055,43898,53212,54849,59205,60769,64543,64951,131734,84779,94337,105046,168824,121988,128908,146426,151087,185593,185924,188260,192242
5056,43388,49818,55660,58345,60677,63789,65687,77472,81975,89983,104840,119279,121672,185593,139097,186317,184363,185593,189576,192205
5057,45912,51361,55621,59032,61038,63769,65353,76037,83328,155234,103854,112535,184363,134645,184713,151112,185143,184599,189257,191218
5058,45147,48113,55912,58026,60704,61721,63700,72378,90293,94721,104659,109916,125330,126939,146479,157993,181362,185703,189214,191522
5059,44679,49025,54949,58541,60238,61974,64698,76175,82940,93510,181006,110898,117666,125252,143745,184363,181626,182157,188621,191476
5060,45854,52953,56931,58453,60725,64680,64718,73848,129767,94661,107174,182501,118246,181626,182501,150736,182501,182551,188953,192646
5061,45408,52978,56440,58841,60582,62453,64794,82531,89042,95308,105299,117317,182501,133498,147083,181006,182617,182728,188337,190362
5062,45340,49871,55950,58214,58889,63847,64719,74929,82757,93217,105348,110299,125307,126618,136910,148244,181136,182732,188743,189917
5063,45168,49841,56130,58514,59680,62637,64265,129001,84463,152927,104234,110791,117748,181136,181505,182501,181505,181344,188122,188684
5064,44960,50362,53038,57714,59767,62700,64505,81184,90577,101603,101747,109641,118318,133091,144749,150072,159161,181726,187545,189496
5065,45037,50257,52966,57154,59160,63066,63526,78733,83522,99237,102222,140585,181807,127369,136639,181136,181609,181807,184757,189004
5066,46392,51604,56674,58879,60655,61845,62979,72932,143698,98972,101950,116959,125294,181609,186066,147513,186066,181609,185294,189128
5067,46424,52424,56585,58934,60773,61614,64815,84419,94036,96850,186066,112197,120038,136484,147648,181807,186373,186066,185606,189091
5068,45930,50678,55299,58357,59223,62742,63954,75309,81837,91603,110652,195421,118915,128137,142706,181609,165665,186373,185884,190523
5069,44731,50618,55429,58449,60045,62830,64913,70219,89702,98713,108424,120839,121588,195421,177413,150014,196084,195421,184774,187519
5070,47507,54078,55802,58761,61564,64914,64858,72823,81982,98681,106593,116559,196084,133636,144232,186373,166395,196084,184743,186660
5071,49147,54605,55754,59228,61505,64345,64094,127913,82524,163552,108948,111395,131449,128225,143757,153135,157421,195959,184632,190894
5072,47739,54948,56059,60122,61416,64574,65097,75830,80133,101189,100680,111038,123976,128330,193422,147250,193422,195407,184444,190014
5073,47695,54737,55764,59243,62330,63749,64837,72162,137470,93755,102383,111052,123496,139103,143768,195959,165382,193422,187173,196913
5074,50306,56781,58864,61310,64317,65588,65856,73960,95603,98879,104497,111860,123687,193961,145006,154679,195643,193961,187593,197442
5075,50215,56260,59657,60664,64228,65167,65568,74452,89576,93153,113474,177734,124648,134927,145449,146800,166448,195643,196400,197006
5076,49058,54015,58915,60581,62446,64766,65231,98680,86425,96700,127985,115897,177734,129468,191743,193961,191743,195306,196084,196418
5077,49740,56261,57172,60671,62038,63034,64472,73403,86598,96915,106195,114124,124335,128177,143624,155712,165482,192240,195959,196185
5078,49274,54396,57005,60224,62299,63749,64734,73139,80151,92368,105462,110139,123579,192232,144336,195306,175767,192873,195407,196662
5079,50119,55858,57441,60312,63089,63368,64783,126487,85781,136600,174743,109610,123220,134446,144589,153531,192088,192353,194067,199566
5080,46002,55334,55749,59872,62729,62287,65767,76603,124643,97337,114819,125988,124481,127329,188883,147920,164139,192702,194466,199242
5081,47461,55215,57214,58419,62755,63059,66520,80296,92945,94302,103715,113005,188883,126634,150923,191702,164139,189410,196415,196484
5082,51131,55258,57988,60863,62437,63666,65644,82162,80358,92446,103560,189084,129206,189347,143072,154640,189428,189883,196046,196715
5083,50928,56289,58216,60628,62249,63278,65604,79558,81671,92938,104246,121515,121929,138526,142943,147344,175621,190167,192560,200125
5084,49476,54977,57348,60728,60973,62426,65220,77613,80433,157003,104165,110949,121882,132370,186383,189347,186262,190202,193091,200554
5085,48752,55256,57276,60092,62334,62972,64279,77321,132689,99342,103169,110793,121385,130323,148421,153024,162450,187156,193013,197330
5086,49743,55934,57762,60137,61813,63674,69867,74644,92021,93200,106024,110535,121119,130302,141113,189478,185889,187038,194777,197985
5087,49746,55007,57663,60637,61885,62878,71691,73618,83517,94670,169278,110680,185889,185889,140644,151236,162116,186485,191870,197253
5088,46721,52833,58333,60978,64938,65282,67320,124181,79996,95056,112037,186970,127629,137544,186970,149647,186970,186522,194035,197517
5089,46748,52944,58414,60507,62460,62369,66387,78697,80296,93710,104888,121403,121796,130721,149955,185889,187699,187266,194470,190922
5090,48550,54329,61781,60983,63693,65107,70528,74679,139923,129747,105041,117248,121822,131289,147583,150672,169638,187926,192215,190708
5091,47815,53096,59599,61975,63172,65300,67201,75166,92068,96564,107803,111812,126431,196692,138876,186970,168659,196692,189804,190683
5092,46245,54170,59479,60562,62167,64371,66472,82793,89766,100208,102308,113012,196604,136302,202029,151960,202029,196604,189390,190768
5093,46170,52865,59441,59814,63016,64792,64647,82312,89896,96803,103240,112413,128538,129657,147687,196692,161546,202029,188909,191958
5094,47915,53769,60703,62017,65007,66213,67679,86392,86444,99533,184138,115006,122369,129795,141879,157003,161413,202362,189105,192208
5095,48886,53823,61308,62042,64046,65687,66820,85687,86294,99676,112938,186278,123425,204978,141733,150141,204660,204978,189803,199079
5096,48580,53769,61030,61718,62997,65675,65875,84663,84998,155680,107584,120850,121797,137583,202927,169036,160991,204660,190317,198741
5097,48617,53681,60954,61817,62689,66926,67968,80879,85026,99592,105648,114681,121016,131016,148529,150951,203397,202927,197959,202882
5098,50530,56391,62803,63771,66997,69551,68425,77392,144871,99328,107526,113900,203397,132175,142137,204660,163021,203397,196604,203167
5099,50664,55966,62776,64019,66939,67540,68598,78733,88346,94151,107495,114256,130416,132681,142852,151073,156061,175710,202029,206231
5100,116,117,117,117,117,117,118,118,118,118,106928,118,123771,132778,118,151045,118,206717,202362,204660
5101,49968,58804,61829,65736,75652,85358,104166,121801,132511,143910,118,170745,118,118,204109,205964,204109,118,204978,202927
5102,50658,59174,62523,68699,79719,95166,112158,132506,143487,169577,156925,202213,185558,185558,202213,152497,202213,204109,204660,203397
5103,50672,58268,62943,63951,79825,103297,112601,79939,143706,156394,183860,202684,202213,202213,202684,118,202684,202213,202927,206159
5104,51077,56755,60541,62141,63980,65713,67524,109519,82827,95909,202684,117157,202684,202684,194919,204109,194919,202684,203397,206840
5105,51062,56837,60597,62060,63992,65600,66282,77591,84014,94355,109972,111874,127068,134906,144716,202213,194811,194919,206159,118
5106,47189,55908,58226,60249,62553,64630,64988,75517,83214,92189,101849,110729,118789,194811,138808,202684,192415,194811,206840,204653
5107,47322,55817,58211,60147,61637,63354,65511,76778,87810,93085,100798,111472,119572,134063,192488,194919,192488,192554,118,203135
5108,46238,51669,56325,58453,59729,62951,63644,75103,78882,89808,100715,107999,123768,128162,141304,194811,186961,192572,204356,204703
5109,46283,51517,56410,58703,59125,63179,97551,124477,133996,157901,98602,111773,186961,124977,141500,192415,187544,187570,202756,197701
5110,45003,52753,55762,57563,58833,61746,64541,79387,82631,95272,104002,185855,128593,187544,185855,154885,185900,187936,203082,197365
5111,44918,52614,55490,57765,59659,61509,63606,79689,77920,91344,102992,119449,119683,137133,147871,144523,185035,186059,195551,194829
5112,43725,50001,54421,57748,58321,60905,62553,71950,78060,89922,132337,110645,119148,128969,138537,187544,159682,185344,195529,195229
5113,43810,49986,54472,57252,58453,60711,111584,72700,131117,90031,103607,111733,117505,127360,145348,150813,182360,182414,193483,191309
5114,42535,49759,53611,55363,57346,59274,69141,76687,84976,142889,103972,109948,182360,182360,184294,185035,184263,182750,193523,191923
5115,42448,47983,53568,55405,56890,59478,61439,75660,84801,92496,184294,109858,127479,135862,147668,147787,184215,184434,188691,191927
5116,44197,49802,52530,55260,56933,59215,60868,124231,80526,89821,108727,188834,118760,126713,140078,182360,164327,184311,190352,191145
5117,42180,49839,52528,55493,55538,59347,61772,74965,134903,90033,102777,120646,119311,188834,189364,149598,189364,188834,188525,187262
5118,43551,47010,50936,54311,56020,58032,100968,76012,81020,156670,102942,108743,189364,138867,147856,184215,161817,189364,187800,188597
5119,43894,47677,51808,54746,56334,57745,60891,79070,78834,94987,102340,110418,126522,127220,138622,152375,186670,186181,185639,189297
5120,42418,47879,49805,54000,55432,57221,59372,65627,74488,85322,103624,108767,119493,127712,155306,189364,183852,186670,186073,189131
5121,42630,47994,51377,53541,55336,57288,110640,131709,143032,86152,101414,109182,116117,183852,184084,150445,160151,183852,187300,193193
5122,42503,47014,50094,52924,56131,56975,60862,74287,84120,88668,143032,179951,118351,135415,144399,170364,179979,184126,187067,192996
5123,41979,47409,49760,53099,55215,81230,59057,72993,78236,152566,103165,114719,179951,123729,144437,148471,180511,180269,190884,190388
5124,40619,46569,49221,52658,53397,56260,58162,72717,74750,94180,99914,103906,132285,124627,141754,184084,176316,181772,191176,190810
5125,40589,46323,49206,52594,53500,56516,105208,71689,136915,90276,97416,103722,119928,176232,176011,146412,176030,178046,188301,188323
5126,42614,46278,49090,51983,54642,56304,60403,69413,78274,89181,176011,172714,119760,129958,139070,180449,172815,177459,188717,188025
5127,41615,46355,49527,51643,53431,77620,59660,122940,83794,158346,106718,117222,172714,172714,172994,176232,173202,174379,186468,185025
5128,41745,46062,49779,51213,54119,56957,62031,72468,74534,98578,100851,106710,127051,129999,137665,152646,169471,174636,186717,186377
5129,40381,46197,49923,52039,54104,56961,102218,69003,132784,90001,97886,107077,116882,126046,170310,172870,170941,171775,183400,183389
5130,40511,46827,50210,52489,54202,58346,65037,70588,83766,85551,100771,169143,117244,170310,137554,173083,170468,172043,183713,184244
5131,39780,46969,50257,52965,53805,84230,65070,120910,77209,85367,169143,117683,169143,128393,169366,149080,170358,172362,180547,181584
5132,41000,48340,50707,53973,55510,58277,61723,75070,82535,154794,108179,108971,125046,169366,168470,170310,170010,172192,180112,183616
5133,40992,48118,50704,53687,56644,59579,102131,71959,131960,100113,100545,107464,118824,135577,147069,169293,170405,171136,177682,181493
5134,41000,47000,50055,53959,54320,59300,62755,78184,78023,88424,100883,168096,169025,126226,136491,169366,169641,171624,177981,181436
5135,41149,47254,49764,53944,56431,59692,61481,77518,80612,88066,101196,116599,124291,168096,167739,168470,169272,170888,175303,182260
5136,39455,44994,48529,51891,54668,57722,69262,117234,73958,80328,105204,107212,117669,134737,165071,169025,166519,170677,176986,182315
5137,39484,45471,49119,52423,54407,57914,108159,71235,139750,151467,165071,107303,113251,165071,144163,168206,166857,168334,177334,181505
5138,40554,47758,48142,52536,54130,86645,68195,68210,79971,94321,104853,161713,165516,132644,161806,148308,163869,168696,177444,181806
5139,38757,45819,48422,51915,54441,60239,60721,68390,74731,88641,96686,112971,120895,119894,162334,165345,164427,164869,176311,181393
5140,38849,45647,48574,53340,53902,57457,60901,128240,139796,89043,96467,104656,162366,162366,143693,165459,166239,165477,176917,181191
5141,38805,45628,48166,52689,52899,57223,60750,70727,81101,150708,164641,128035,122450,164641,164363,161862,165948,167024,176349,175185
5142,39881,45583,48902,52747,54060,56782,105936,79248,74439,94857,103776,104201,120313,131722,164220,162516,166468,166763,176468,175796
5143,39642,45565,48885,52635,54670,57555,64949,70732,74762,88158,96916,164873,164220,164220,142114,164641,166876,167158,174456,170622
5144,39027,46744,48530,52948,54709,85876,62742,68656,136184,86907,96705,110575,121906,131025,162603,164363,164197,167615,173454,175478
5145,40213,46667,48384,52685,54194,59858,61364,124436,79436,147797,113869,102698,118579,122085,162398,164310,163985,164984,169821,177577
5146,40263,46060,49396,52649,54615,58663,103121,75590,75604,92919,136174,159673,162398,162398,138399,164915,161489,164853,170435,173160
5147,40812,45395,49392,53635,55544,58651,66761,69959,77085,89497,102385,117272,118604,159673,159895,162688,161754,162970,172682,173082
5148,42692,47669,50268,54001,55295,57797,61298,74349,134160,89065,99904,109027,116992,130096,159296,162545,160950,164489,172355,173272
5149,42630,47767,49857,53372,55568,57831,62153,83491,78671,134730,159245,160018,159245,159245,160018,159555,161540,164021,172267,169400
5150,41526,47574,50185,55503,57349,60234,105956,81135,83901,96851,101745,113798,119991,127479,161502,161136,162659,164166,172571,173033
5151,41600,49146,50142,54983,56507,65108,65438,105790,96465,89172,99497,105770,161502,161502,140529,160268,162226,164991,169400,171211
5152,46031,50772,51748,57166,59335,62743,66150,73201,85522,92382,99613,114724,121876,129775,164036,160860,166382,164249,169166,172092
5153,46178,50758,52097,56932,59016,63813,64649,74267,138377,150143,164036,164366,122610,164036,164366,161569,165584,166536,167598,171522
5154,45477,51367,54491,57682,60730,62613,66045,79497,87129,99811,107209,115525,164366,131345,143113,160955,166069,166873,167536,172645
5155,46769,51597,53658,57531,58897,63285,82481,109429,85491,93622,101655,108847,122954,165367,165039,164036,165764,167076,167252,174793
5156,44134,49076,53370,55182,58496,61262,64358,72189,83722,86717,103420,106922,118975,132423,161049,164366,162222,166950,167955,175093
5157,44096,49159,53467,56120,57784,61071,68304,77079,81810,95757,100241,161361,160990,160990,140725,165489,162591,164177,169757,177272
5158,44804,48367,51221,54562,57205,59512,103571,68911,79398,112606,136171,109543,120362,129353,158205,165139,160777,164260,169574,174631
5159,42935,47926,50782,54448,56523,72391,63881,122614,134020,96820,103524,104509,117089,158153,158657,161049,161133,163447,171790,176093
5160,42709,45885,49988,53247,55370,60073,60617,76169,83916,92005,102431,153999,158607,128124,154036,161333,156711,163944,171672,176989
5161,42689,45990,50256,53572,54987,59970,63643,74291,79352,154217,153999,113251,122498,153999,154306,158205,157986,161191,173351,171717
5162,41587,49266,51262,53813,56343,60205,100860,70720,79566,95017,106572,108781,154217,154217,153945,160330,158020,161636,173768,174589
5163,41624,49142,51042,53735,55979,60874,71919,74878,140583,87178,100996,154363,122482,126562,154509,155801,158493,162582,170091,171146
5164,43847,50034,52056,54608,57854,66171,65275,121430,86170,87973,101155,114565,131379,154363,158039,155883,161758,162563,170383,171595
5165,43320,49705,50806,54446,57893,61723,64475,78967,82335,157818,102796,109071,157884,157884,157967,155960,159994,165625,168563,168507
5166,43403,50543,53452,55538,56916,62050,68744,76264,79959,91560,157818,156546,124495,127245,156613,156257,159760,165430,168505,168898
5167,43376,50688,53600,55487,57428,62036,65357,76551,76394,86876,107008,114810,116502,156613,157030,159281,160178,164708,162479,169718
5168,46173,50349,52787,56015,57824,62447,99760,77178,129367,91332,102752,108029,156962,135339,154865,159165,158434,164644,166367,170046
5169,46196,50148,52356,55323,58499,62095,66914,72616,80548,87651,102320,155109,121962,154796,155225,158225,159480,162857,168453,174994
5170,46505,48608,52902,56141,58083,62803,69082,116629,81188,152484,103388,111957,155109,155134,152532,158629,157540,162961,168592,174551
5171,46488,48694,53680,55842,59062,62635,68727,78217,138230,96258,152484,108551,120466,126165,152865,156504,155830,161477,172130,173056
5172,44763,48704,54206,55783,58953,63939,64299,76660,81354,89254,105301,144111,117680,151876,146206,156855,154208,160956,169513,173403
5173,44740,49274,54663,56850,58448,64016,86167,76941,78387,87104,99200,111372,144178,144178,146459,154022,154661,156403,167822,172861
5174,44669,49387,55364,58188,59728,64145,70936,80764,83316,121822,99498,116925,144339,144339,146529,153696,154543,160500,172184,173701
5175,44556,49576,55451,58256,58338,65252,68439,80242,83423,93589,144389,144175,120396,144389,146328,149523,154467,159868,169947,169916
5176,47538,52503,55706,59178,60118,64451,70058,77181,133766,93942,108099,112517,144175,144175,148412,148820,157443,161343,170759,169287
5177,45684,52552,55651,58648,60359,64275,71396,83898,88233,146860,105166,133842,146563,146563,148701,149529,157906,163164,168872,165369
5178,47340,52577,55958,59352,59955,65796,70716,76338,86966,100806,105557,112822,123313,146860,149124,149534,157407,159902,168302,171739
5179,46771,52050,56164,57650,61687,67728,79472,124068,86753,92988,147103,147733,147213,147213,149466,151034,157804,160276,161637,171668
5180,47410,53388,55465,58399,60237,65307,70719,83916,85965,93673,106808,113824,120056,147846,150995,151273,155937,160382,162014,171859
5181,47605,54045,55572,57764,59626,65073,68535,77377,82515,89313,100309,108072,149383,149439,151588,151225,156386,160988,164683,178551
5182,44178,54093,58878,57935,58242,67899,82234,76949,136199,125488,104854,149729,120382,150068,150702,151182,155931,161355,167780,178103
5183,43958,54044,56080,58271,58748,68130,72527,76754,86330,95310,149729,115667,149729,130158,151260,152518,156497,161950,170178,177442
5184,45453,57547,55410,58299,63667,66618,70738,84110,88234,96034,110679,112422,121566,150058,153454,152853,157813,161157,172555,177570
5185,45486,55224,55905,58283,63221,66910,70309,78285,82002,94274,109073,151993,152232,152321,153120,152681,157210,163031,170768,176776
5186,46928,53030,55933,59403,61282,65453,69704,78289,82468,152706,104964,118553,122982,152051,153835,152995,159570,161320,171637,176332
5187,46931,52732,55861,59469,60863,65266,73452,79339,94809,95325,106034,111948,152706,131756,153361,155082,159148,162924,169546,174771
5188,46899,52750,54833,58501,62116,64714,71546,79296,89611,98924,106723,118013,124133,152973,159089,155171,161752,163288,168665,174151
5189,46825,53151,54717,59235,61689,69583,86504,103955,133214,93449,158554,159118,133943,158554,159159,155144,161252,165680,170376,177773
5190,47292,51855,54811,59235,60519,66876,67772,81592,88062,94044,105348,114669,159118,129283,157866,155692,160431,165379,169728,178296
5191,47029,51517,55733,59136,60438,64222,67484,76005,85117,91741,102858,112447,122394,157987,157546,159666,160254,165538,172235,179173
5192,48089,55611,57892,61236,62663,67537,74266,79434,88575,160466,103528,114389,120402,129114,160466,159250,162793,165179,172241,179849
5193,48676,54293,57566,61003,63191,65761,75174,80277,88796,96418,104524,161177,160466,160466,161177,157963,162890,166345,172381,182747
5194,47798,52833,58585,60705,61082,67736,69809,84036,88662,94607,161177,115126,124475,132110,158204,157623,161820,166382,172858,180691
5195,47743,53089,58180,60396,60961,68453,72811,83673,87038,94163,105056,108407,121556,158204,157813,160852,162033,164609,176163,178394
5196,47446,53658,57495,60166,62515,69367,73648,79823,91255,92064,104618,110363,157813,136184,156272,161474,161536,166558,172895,178524
5197,48042,53634,57550,60292,61665,69461,73892,81086,130242,96442,104092,156525,120875,156272,156525,158875,161627,165444,171719,180657
5198,46361,53373,56574,59228,60058,69210,68713,108184,87755,92150,107700,113132,121339,128093,154353,158944,158133,165773,171604,181346
5199,46234,53410,56030,59527,59838,66311,74341,82513,87062,153808,107485,112966,153270,153270,154769,157357,158493,165510,174232,180174
5200,45398,53474,55831,58275,60108,67836,68678,83650,86600,95188,140021,150543,124358,153808,151444,158591,156015,165649,174163,180320
5201,45442,52800,54238,58475,60973,64839,106569,83276,87175,93323,107535,114776,150543,150543,152387,155862,160287,164342,173734,179559
5202,46208,51695,56284,57721,59704,67021,70109,80841,86229,93295,103343,111845,122633,127154,149063,156711,154598,164264,174080,179959
5203,46154,51857,56211,57571,59636,66968,70918,82255,92434,91577,101031,146352,145797,146247,149221,153787,154611,161762,173174,178815
5204,45768,52429,56055,58375,58664,64628,75936,81988,104059,146801,146352,115851,120895,146748,150280,154045,155874,161802,173506,178433
5205,47266,52443,56107,57872,59528,64436,70125,80618,83163,95155,107209,113247,146801,147351,149855,151239,155701,160144,171421,178126
5206,46080,50280,53160,55518,57291,62334,67114,78964,100821,89270,99525,130129,121686,147083,147119,153870,154823,159957,174320,180069
5207,46253,50281,53140,56009,57403,61913,73259,79633,87183,87957,98853,113811,142461,143372,147499,152152,155344,157691,173315,180006
5208,41500,47892,51374,53070,53865,59084,65371,77801,97618,106317,142781,138013,142781,143901,142088,151855,150771,159909,171526,180164
5209,42768,49051,51086,53428,55453,61412,69492,73322,81439,90575,105211,113028,116887,138835,142698,151049,153568,157003,171337,180102
5210,42503,49724,50937,52816,53669,60196,69226,126901,139315,139315,100652,139409,138484,140588,142509,150865,152951,157386,172402,179921
5211,40828,49396,50113,52601,53474,60530,65046,78007,83170,91115,139315,112665,139538,141073,141867,143928,152761,157403,172224,175064
5212,40083,48069,50442,51507,53656,60298,90482,76463,81164,86278,105228,139722,139071,140478,142494,145865,153842,156659,171522,175390
5213,42001,47905,49865,52081,52915,60309,67716,76376,80239,140101,100189,112834,139778,141276,142798,147843,152154,158558,167859,168069
5214,43022,48024,51238,52528,54789,59743,70297,74874,100217,94916,140101,142007,121410,141830,144730,147842,152734,157309,168270,168508
5215,43012,48193,51240,52698,54480,61697,64244,75524,81856,87852,108271,110783,142110,143445,144513,148247,152293,158883,159649,165398
5216,40775,47740,49085,52525,54477,61570,76947,98841,138573,85637,101612,109421,141597,141851,143065,148636,151388,159092,165084,164853
5217,40758,47809,49189,52761,54271,61600,69920,76727,85348,138963,138573,138975,117567,139214,143177,150033,151778,158190,164449,168859
5218,41629,47665,49914,52695,55453,60913,69384,77170,83069,96190,107224,129151,139172,140580,145073,147420,153848,158227,163709,168971
5219,41578,47559,50375,52920,55446,62417,100831,76852,83111,88700,103005,112724,142002,143335,145448,147811,154299,159244,164634,168306
5220,40930,48068,50344,52460,53430,60958,62744,125546,79865,137621,104240,137621,142267,142546,142847,148054,150601,159240,165075,169154
5221,40566,49391,50453,51461,53425,61054,67535,78636,138105,95238,137621,113310,122036,138144,142941,150667,152590,156250,167630,167813
5222,40571,47018,49431,52691,53520,60478,62644,74765,82631,89134,105429,138132,138165,139770,141667,150839,152518,157399,162620,168080
5223,40684,45976,49667,51809,53292,60258,82274,74878,79674,86140,103259,112158,138125,139924,142161,147489,153053,157115,160181,170163
5224,39864,46520,48763,51277,53128,58057,61803,73327,79261,139109,138540,139109,138631,140340,143829,147882,152234,157303,165914,170875
5225,40042,45990,49473,51211,54014,58126,106112,73120,87139,91765,105420,112441,139109,140621,143736,147590,152040,157762,168986,167003
5226,40745,46010,50218,51667,53534,59101,69865,130601,143319,87021,98465,143319,139042,140569,146352,148097,155607,156714,163931,167215
5227,40835,45234,50335,51787,53068,59247,61522,75292,80747,143806,143319,109638,123810,144913,146866,147734,152774,160443,159582,165865
5228,41425,45833,50986,51917,54407,61436,62436,72864,79415,93624,105259,144520,143864,143954,147416,147646,153879,160857,165763,166356
5229,42181,45910,51096,51311,54071,58489,62459,73619,78510,86937,103171,111350,133785,144864,148266,150968,154499,160431,164477,163648
5230,41496,45529,49807,50861,52253,59439,102120,72992,85034,90554,97933,107985,145155,145431,147564,151247,154415,160003,165200,164000
5231,41548,45498,49573,50334,53749,59552,62214,72626,132058,144701,144711,144632,119038,144965,147537,152453,154301,159508,163550,168044
5232,40042,45649,49715,51093,51957,59037,61392,123682,81652,94203,105725,111404,144659,144846,149243,149296,156343,159794,163255,168853
5233,39956,46053,49669,50516,52694,58589,60233,75472,77876,90151,103247,147364,120556,147070,149654,148598,154698,161664,168044,169498
5234,40029,45225,49489,49498,51105,56669,105418,71159,78201,90039,147364,112308,147410,147371,151904,148559,156796,159818,162819,170135
5235,39923,45265,49485,49914,51266,57298,61650,70989,136446,149599,109264,106616,149625,149625,151898,150617,156969,160862,163772,168165
5236,38140,45640,49426,50465,52519,57307,61612,75441,90228,102506,99440,160355,119774,149638,161257,151287,164757,161059,164149,168509
5237,38208,44957,47903,50482,52146,57439,86986,123390,80966,92193,102952,112527,160355,160355,160789,153491,164010,167742,163061,170684
5238,37264,43343,46896,51139,52785,63300,60292,70952,71492,92722,160789,106805,120091,160789,160007,153822,163325,166060,163270,171487
5239,37032,43432,46647,50647,52682,56303,63114,66145,134461,92860,102762,160298,119771,159979,160271,162020,163529,163977,165390,173734
5240,40048,45675,46792,51092,52812,57462,105317,66661,85521,90850,100521,112146,160298,160298,161919,161237,164728,169742,165473,173035
5241,40479,45192,46874,51565,53051,55759,61117,125090,71831,161567,102847,107456,120298,161919,161567,161093,164322,168612,167695,181971
5242,38402,43380,46603,50875,51690,54734,60330,72656,73275,94777,102671,158283,120744,161567,158449,162269,161858,166733,167211,179188
5243,38848,43493,44712,51678,52359,55508,86869,70893,133857,89626,158283,117469,158283,158283,158881,163346,162030,163981,177806,179969
5244,39273,43855,45132,50738,52734,55876,64719,67151,85400,90466,110404,110320,126818,146365,160683,162255,163500,167151,175611,179168
5245,38435,43810,47068,50674,52644,56553,62693,123737,72703,90733,104003,106592,135204,137150,160341,159363,163105,168440,173282,180282
5246,37778,43572,46302,50285,52122,57941,101590,74110,132026,156947,101188,156947,135055,160305,157109,160610,160170,168252,173649,180564
5247,39703,44250,46380,50104,52385,86182,61453,70532,83743,95107,99351,115922,144075,127175,157778,162349,160780,165254,174033,178632
5248,37835,43864,46766,51563,53442,57993,62877,70539,75184,89802,157536,109731,124521,157536,155798,162041,158518,164858,174616,177539
5249,39407,43966,47260,50085,56721,56847,62923,119945,82310,92498,108625,156440,155798,155798,156440,159043,159655,164486,174024,177452
5250,38640,42783,45036,51761,52883,59904,102188,71807,131764,92193,102051,116833,123602,127509,156694,159561,160872,164673,173168,179622
5251,39388,42565,45120,51831,53133,60260,64353,70673,82187,105379,101032,109653,117467,156694,156571,157691,159654,165235,173524,175359
5252,39083,44309,45198,51874,53170,58443,64989,68492,73402,92908,100203,107233,156571,128172,153778,158813,158302,165096,173608,173511
5253,39061,43816,45322,51737,53529,57835,67898,118171,140436,153902,153642,153902,123211,153642,155307,160059,160092,163153,170178,171841
5254,39174,45050,48506,52059,51986,91303,75348,72021,89078,99741,107560,115979,153902,153902,154839,158653,159929,163259,172576,172520
5255,39254,45781,45488,51816,51838,61260,60865,66878,77091,92516,99973,109548,123825,141708,154392,155843,158816,162674,170833,173216
5256,38670,45655,46700,51237,53479,58986,109819,83671,81963,94810,101607,155381,118594,153271,156967,155480,160073,161856,171316,173595
5257,38681,45987,46656,51294,53049,61773,66999,84943,79496,96274,155231,117747,155381,135689,155773,155200,160544,163555,171165,169864
5258,36838,44963,46546,50705,53592,61599,65394,73172,130344,97170,109641,110641,126465,155273,155718,155672,161228,164492,171973,168775
5259,36965,44940,46565,50941,53615,59413,63156,119999,86290,112108,104487,155565,155318,128843,155923,157676,161652,163827,170493,169908
5260,37951,46822,47038,52773,54310,60078,67964,78850,83480,97850,104075,123626,126539,155910,162406,157170,166491,163903,168634,171062
5261,38013,46032,47002,53183,55696,58679,96109,71919,80756,90993,108379,113077,125790,162444,162758,158709,165945,170038,169395,180408
5262,41696,47909,47156,52471,55576,60933,64837,78796,87711,148982,100972,109697,148690,133764,162875,159012,166955,168798,169993,174074
5263,40907,47928,48022,53066,55939,62405,63249,79447,137801,99291,162875,162213,125565,141219,162680,164397,165490,169166,171651,175409
5264,39408,46852,50098,53841,56372,58804,61851,78221,90502,96699,105542,113622,123624,162374,165897,163783,166969,168563,172367,175032
5265,39575,45753,50066,53555,56912,59087,106056,107471,85126,95263,103267,109932,164012,134500,164552,163106,168922,169631,171368,181520
5266,38186,45498,46371,51522,54326,56297,63853,77541,80286,92309,103934,107393,126522,127441,162201,163194,167240,171582,172064,182299
5267,38211,45409,47763,51555,54338,95127,62179,75333,80430,113796,99935,161646,122542,161607,163819,165586,166198,167032,177295,183111
5268,40805,45120,47124,50348,53139,57768,68484,76353,87210,96157,161646,119165,161646,162273,160725,165187,164770,170457,177227,182016
5269,41494,45248,46657,50590,53674,57425,62476,75643,145479,96047,111729,112275,129955,133251,161203,162201,165342,169778,177118,184469
5270,40584,43173,48776,50844,52602,58326,102990,123287,91271,159069,103807,111007,122802,130910,161399,164372,165882,168329,176476,185661
5271,40395,43050,48674,50751,52116,58280,68579,79819,84438,97723,103388,159479,122008,160041,160839,163826,165241,168510,174569,182098
5272,38912,42482,44532,49134,51104,55472,59728,72590,82310,92787,105109,115303,160228,132659,155094,164216,161187,168095,177210,182419
5273,38346,43868,44992,49211,51118,56021,59787,74439,84426,92707,101343,110685,124409,154333,156457,164272,161537,163124,175971,180194
5274,37384,47050,46157,49998,52666,93679,111587,77772,85544,96412,153415,113393,124287,154600,160546,163402,163534,163438,176194,181186
5275,38099,44138,46709,50101,52148,58385,64590,75414,85006,96243,114364,156143,156439,138358,160233,156405,162413,165854,175123,180317
5276,37557,45948,47351,49159,50749,55829,59020,129903,141598,93538,105599,118774,129694,157176,157301,156718,161622,165941,176793,179707
5277,39404,45710,46192,49037,51279,55644,58992,84344,89871,154985,103340,111422,119271,136867,157818,160432,162271,164517,175798,173174
5278,40228,43031,47407,48662,51025,54519,107551,74071,82741,99134,103733,110329,156763,145258,154760,160274,160058,164920,175771,179498
5279,40280,42840,44121,48470,50414,55452,66517,77335,82310,92178,140706,152660,124955,152879,155516,159168,160487,162708,171320,182171
5280,40460,43678,43907,49174,50992,90489,64304,74807,83767,91939,109459,117451,125382,136704,154630,157996,160167,162886,172084,182167
5281,39905,43395,46115,49468,51230,62293,63727,75185,82927,92416,100995,115449,153062,152908,155224,155208,160428,163285,174517,180252
5282,37021,42410,45829,49578,51293,54295,59302,72680,134406,89822,100834,106958,129232,136241,151450,155815,157918,164013,173572,180720
5283,36862,42427,46113,49616,51534,54287,103877,73107,85998,147527,147601,148023,122525,147640,151816,156812,158200,161301,175142,180550
5284,38132,43743,44685,48937,51128,54784,65384,124423,77725,97559,114994,123141,148023,151141,152771,157259,156807,162343,175340,181690
5285,38148,43881,45788,48883,51454,79125,60702,77721,77507,89903,106622,114774,132293,135408,152555,152221,156386,162740,171888,179579
5286,37792,43991,45344,50741,51652,59241,67071,77233,137205,92069,107166,150341,123269,148646,154110,155467,159102,162949,172054,180369
5287,40667,44010,46627,49589,51107,55846,106050,78121,88703,149620,109483,117002,150443,150531,154319,154393,158915,164790,174044,176814
5288,34869,43858,46030,48427,50665,59606,64463,72834,78874,97785,107627,112278,126427,150920,151096,153653,157557,162671,173912,177133
5289,35001,43974,46160,48692,50732,62025,64555,73221,78070,90270,147907,149584,149151,133759,151858,155078,156535,161578,168619,179376
5290,37456,42953,47347,50387,51728,55185,65725,124231,77289,88474,113637,115282,127046,149844,149978,155233,155983,163379,168524,179093
5291,37462,42869,47463,50340,51801,95474,65832,77659,145932,91870,105965,115176,121676,147576,150186,154247,156102,161554,170085,181547
5292,38766,42727,46388,51026,52299,63547,104823,74223,87223,146815,104722,113470,148233,147338,150219,153335,157006,162099,169329,182058
5293,38899,42931,47523,50019,51864,61176,64316,72985,80749,95209,105699,147356,123289,147433,150676,151709,156084,167129,173585,177976
5294,38081,43705,47956,50365,52041,56216,67259,73689,79103,89918,106641,116086,147356,131202,150962,153844,156525,167104,174377,178552
5295,37670,43682,46690,49965,52191,56059,67101,73821,79560,90441,147080,117595,124404,147537,150824,155041,156584,163063,172632,177500
5296,37963,42700,46446,49402,51681,60397,65307,119862,142281,93384,110046,143804,147368,147368,146357,153828,154090,163171,172733,177651
5297,37814,42569,46765,49724,51210,62662,65432,77003,86879,141614,102727,118744,122257,145908,147133,152024,151938,159572,170394,177644
5298,38296,42611,45408,49751,51351,58606,100565,72214,78774,92787,104366,112219,143925,144471,147801,154178,153975,161542,170345,179448
5299,37704,42844,45313,49687,51768,57306,60859,65865,76117,90538,101154,143217,143115,146475,145812,151831,153086,162142,170887,179660
5300,37419,43166,45905,47734,50402,55134,63405,118554,77686,83109,142086,109295,126916,144356,142797,148810,150840,159318,171794,179613
5301,37063,44172,45828,47621,50185,91216,72370,69811,138975,139106,107558,114323,139993,140630,142567,149776,152414,155758,171926,170832
5302,37583,42655,45281,48234,50810,56050,75723,68684,84745,92889,101755,136009,124061,140495,140777,148109,149146,156009,171686,169649
5303,37083,43389,45622,48087,49891,55686,65719,78407,80283,88891,136009,112879,135965,138114,140337,146486,152546,148821,166322,168191
5304,37191,43433,45648,49215,50684,55509,105718,124509,81528,135986,105307,136058,136593,137469,141498,146179,152299,155719,169649,168368
5305,37390,43737,45190,48648,50185,55614,66477,80460,135592,96131,104083,135689,137098,138490,141800,144901,151950,157937,168191,162641
5306,37308,42672,44756,47532,49497,88341,63217,71965,83240,87384,135592,111249,136694,137682,140023,144498,150069,157767,168263,162959
5307,36849,42873,45053,47661,49237,57144,63134,71360,80404,134293,102528,134293,135306,136119,140331,145842,150581,155137,161806,158593
5308,37991,42698,45600,47556,49702,55197,62641,70842,80005,96685,101176,114156,135719,136378,142907,145157,152573,156153,162959,161973
5309,38308,42693,46020,47832,49424,56620,107384,117335,86613,89199,136696,137360,138014,138728,143456,144999,153000,159586,157956,164272
5310,36422,41843,43511,47481,48705,55768,63697,72253,135925,85925,104779,111304,138525,139355,141414,148283,151240,155420,156878,163851
5311,36170,41892,43483,46275,47997,87967,64706,72797,82695,135639,97510,135639,120064,137708,141015,146141,150775,151240,157937,161336
5312,36108,41387,43469,47410,47810,55632,57872,73489,78897,92165,135639,109974,135780,137501,139145,147115,147502,151110,157767,161843
5313,36066,41870,43299,46669,49655,54100,102822,81525,78644,85725,101008,133120,133549,134476,139276,145617,147958,148162,155664,167528
5314,36202,42134,43525,47619,51122,54400,61367,103443,132986,132986,133120,132986,134019,135221,140312,145305,148836,153217,156298,167747
5315,37750,42354,43367,47026,51105,67143,59438,77400,84053,94631,101524,109587,133754,134891,139260,143151,150832,154480,160484,163343
5316,34934,41176,43000,45701,50595,53836,83720,74676,79020,86938,102571,130528,133740,134999,138344,145448,144476,154059,161252,162682
5317,34686,41210,42812,46184,49736,91405,61556,75293,79016,130204,130528,130273,131648,133617,137798,145661,148988,153679,156781,159836
5318,34185,40717,43075,46517,50419,58140,89292,126731,127050,94254,106637,120496,131305,132692,136283,145029,149256,150559,156560,160617
5319,33840,40819,43067,46828,50890,58406,58520,78155,82916,92404,127255,128170,129778,130992,137049,143912,148331,149885,153594,160979
5320,34889,42299,44187,46047,54228,60053,73287,75525,84774,126898,106168,127198,128984,131150,136532,146056,152036,150685,154286,160816
5321,34863,41819,44122,46190,54260,57448,68564,78977,84346,95755,102118,109224,130115,131729,136486,141529,152679,152927,155939,161027
5322,34793,42734,44472,46052,49508,58699,104646,78773,114800,90890,127402,124726,129551,131158,135301,141136,144986,153489,155919,157809
5323,34811,41668,44111,46311,49572,58874,63172,73913,86950,123934,107535,125474,126399,128788,135501,143499,148179,149003,153925,159708
5324,35928,43598,45442,47645,50583,58753,66940,75217,83398,97909,124155,125020,126084,128598,136562,143377,152307,151025,154904,160327
5325,35943,43789,45166,47164,50429,87947,67585,86470,83437,96558,106076,125210,125999,128172,136915,141774,147764,156284,156633,163021
5326,34787,43328,43931,45788,48793,57965,58950,73265,119288,102748,123651,121777,126644,129071,134690,141928,142476,155043,153582,161720
5327,37160,42511,44100,45393,50976,56497,102076,118951,87203,119333,105496,120867,122800,127215,133520,143141,146266,145432,160971,161977
5328,37428,42541,43768,45064,50132,57426,66036,77519,81260,94356,119950,117113,122394,126243,129513,143002,146721,147535,157513,160754
5329,37361,41873,44682,45172,49759,56766,62117,74502,112852,92082,104803,116618,119382,124616,135513,139338,143505,147528,160004,166912
5330,37963,44202,43831,45240,54304,61196,63883,76072,92526,114587,113993,118707,120635,124334,136526,143854,145571,144296,157509,169013
5331,37879,43017,43933,45293,54378,66037,104017,77048,86243,100152,115624,118732,119868,125234,136469,137907,147365,150949,161292,159506
5332,37552,43282,42778,44682,49980,59742,65249,81906,83668,112745,115000,118209,119907,125265,135670,137515,147924,150448,161657,157001
5333,37443,42551,43017,44502,50462,62832,63799,105259,105854,100379,116745,116889,122417,124640,135558,140011,145988,149776,156033,153679
5334,36676,41253,42638,43300,52547,58992,63793,79283,88687,92487,115531,114546,120212,124569,131002,138688,141659,149362,154019,164264
5335,36556,41306,42154,45897,51681,91798,70177,78197,87438,110921,113084,114716,118325,122582,130048,141370,143894,144777,151039,162842
5336,36519,40684,41531,46297,54815,62324,101485,76984,101844,109033,113278,117084,118522,123356,136105,139804,153756,149426,153481,165907
5337,36524,40671,42243,45621,54843,60683,67075,77321,86659,95315,112258,114891,121263,125912,132702,133329,148106,156501,155200,166867
5338,35512,39650,41208,45691,53839,60777,66508,101650,90049,109623,112413,115342,118856,123597,134204,132933,149732,154668,154230,165753
5339,35651,40589,41600,45664,52603,60811,63422,77259,108616,108936,112306,115019,118524,122918,132097,140357,149916,149318,156245,159040
5340,33090,39862,41672,45225,55456,61066,65031,78180,88315,95939,111590,114821,119018,125134,134956,141331,145780,151134,154132,160146
5341,34879,39915,41647,45154,54691,61365,106414,78404,86956,108434,110774,115725,118332,122859,134694,138112,145593,149296,152913,166033
5342,35419,40142,42394,46233,56838,63788,70992,79531,101682,109246,110868,115092,119507,124510,135586,138827,153908,148815,157085,164800
5343,33954,39443,42491,46466,56982,62065,68582,107092,86931,96746,112156,115517,119594,125470,135558,141174,154005,156672,163454,159517
5344,34227,40483,42585,45982,55079,62961,66327,80392,89149,108791,111758,115326,120227,127749,135414,142788,152990,159746,160434,165423
5345,34135,40381,42382,45776,54936,62978,66420,75656,109136,97723,112865,115216,119977,126581,136392,144206,153309,160982,156698,165701
5346,32612,38306,40715,46266,53020,60132,65469,76164,81864,106258,112194,115844,120438,127541,135128,142594,152163,160333,156715,165718
5347,33076,38338,40434,46377,55233,61768,68716,78686,99051,107725,110407,115763,118480,125507,135543,145253,150959,154373,159277,170056
5348,33270,41437,42774,43767,51168,63711,83745,105701,85244,99419,112729,113649,117779,124505,134974,145284,151280,159650,163021,174158
5349,33336,41562,42879,44080,55516,63605,68328,78060,106647,107661,111606,113398,118356,124708,134865,141367,150265,160185,162388,177340
5350,33178,39967,42155,45175,53968,63149,65489,78074,86140,107208,111506,115227,118922,126199,133469,143665,151292,160047,166791,179474
5351,33282,39895,41446,44780,53903,63238,98891,77938,86386,95074,112695,115506,119077,124473,134087,144239,153643,159768,168099,172827
5352,33502,39464,41789,43435,53184,62786,69893,77395,106543,106635,113181,114007,120037,125866,134935,141057,152509,159376,169212,168936
5353,33577,38605,40060,43779,53333,62623,69221,98442,86143,109438,113286,114300,120298,125052,135711,141852,153574,160843,165281,174650
5354,32665,38672,41847,44222,54407,61648,63710,77638,99050,100543,112597,113991,119297,124858,133822,143827,152405,159782,162863,174449
5355,32701,38989,41687,43850,54205,62972,64120,75916,82704,106591,111583,113736,118494,127031,135006,143924,151842,158757,162301,171592
5356,33195,38869,40755,44002,56166,61838,85450,80909,108609,100080,111655,115751,118413,124849,137739,145055,153965,160150,167718,174408
5357,33293,38998,40890,44337,54379,61783,69138,101722,84563,109634,113641,116905,120404,126198,136624,141321,153650,161395,160841,178092
5358,32665,38397,40249,44149,54122,62383,64841,75630,100483,94929,112602,114745,119583,129214,135595,141946,153198,160729,161631,173507
5359,32764,38569,40692,43812,54503,62479,77275,77645,85618,108551,112592,115182,119857,124484,135660,144493,151621,155751,165756,172385
5360,33654,39976,40924,45075,51712,62710,70247,78355,108832,109698,111733,115906,118304,129282,137333,145339,154326,159453,164180,174985
5361,33573,38260,41028,45341,51822,61547,66841,109267,86006,97266,112966,116154,119327,126157,136302,144879,153846,161332,167711,179724
5362,32551,39976,41093,48679,54638,61914,100476,78239,81659,109598,112818,116084,119607,124413,139359,145890,154019,159141,164482,179914
5363,33397,40375,41111,48689,54631,61817,71093,79276,109252,98614,113009,116178,122626,126674,138745,144910,152974,159820,170283,176472
5364,33000,41464,43129,46857,54340,65400,68201,79723,90430,110503,113029,116508,120620,124837,140547,145048,154062,156380,170091,177629
5365,35356,41394,42952,46745,54292,65622,68378,79183,83405,97330,112350,116543,120921,125678,139782,146322,154094,159458,167313,178718
5366,34495,40842,41984,45752,54989,62884,65093,77867,108657,108876,113683,115714,121731,125708,139134,146221,152197,160582,165754,178802
5367,30960,40860,42038,45809,51763,62034,66840,77921,88601,109812,112513,115588,119757,124760,138054,147624,152157,155294,170988,172208
5368,32563,40946,43178,44959,55753,66038,100036,107457,88832,97633,111891,116031,120169,124875,136811,146399,154123,156215,164863,179354
5369,32101,40506,42786,45440,55541,62966,71042,82037,97940,109234,112907,117708,122820,127680,136770,144175,154846,159521,166729,180395
5370,34745,40133,42356,45812,55599,63080,67989,80522,90152,97155,112642,117535,122068,125599,137892,144037,153696,161088,171259,177587
5371,34715,40102,42607,45506,56779,65136,67605,80301,91470,110544,112310,117019,123329,125517,137441,147994,155318,156539,173318,169820
5372,35407,40204,42544,45468,56838,67310,69214,79648,108994,97983,113215,117404,123278,127948,138321,146136,154846,161916,172910,170920
5373,35241,40511,42639,45664,57149,67688,68655,78530,88513,110404,113898,115947,123911,126038,137053,145815,155087,162501,171529,173537
5374,35765,40947,43124,46543,57891,65121,69157,79245,83091,96713,114102,116758,120797,129501,138511,147580,153795,161407,171435,173444
5375,35590,40347,42987,46354,54085,65118,69127,83550,109239,109628,114158,117202,122860,126606,137728,145377,154158,161870,168900,175897
5376,36836,42198,43495,51603,55487,65484,109295,81359,88528,96364,114897,118587,119594,127190,139477,147974,155429,163085,171936,173482
5377,36791,42296,43313,48660,55560,65519,74922,102510,83654,111795,116081,116810,121442,127465,140423,147058,155781,162667,169709,180844
5378,37133,43161,44825,45262,55655,66516,69333,83961,113589,100573,113786,118395,121559,128252,141115,147490,156962,161517,169660,181061
5379,37117,43415,44656,49755,56034,63340,68975,79065,89760,114003,117220,118352,122208,130582,141254,147269,155186,163175,173226,172086
5380,37739,43134,44651,45625,56416,64905,69330,79199,85947,101117,116972,119107,121267,128999,141374,146396,155445,163378,171710,181055
5381,37851,43380,44914,45941,56848,64812,67954,78116,86572,94666,117834,118432,121750,130748,138594,146964,154942,161746,171352,182994
5382,37519,42880,44836,46071,57425,63933,71117,77654,111912,113752,115655,118823,121853,132345,139397,149187,154642,161758,171928,180473
5383,37536,43106,44892,46146,57769,64228,70005,97368,91391,99597,115623,117065,120770,130953,140926,146481,154307,161646,174388,182327
5384,35163,43451,45847,46731,56983,64477,67311,83617,86545,112583,115800,117171,121617,130011,142270,148515,154312,160018,173870,181460
5385,35121,42832,45646,47258,58635,65308,67558,79008,86299,99024,114637,117330,121846,132546,143058,145791,154385,158453,175426,180765
5386,39188,42855,45228,46786,54731,67160,70360,78349,98849,93093,114624,118274,121379,125752,143015,146899,156126,158700,175137,182476
5387,39202,42967,45425,47407,54634,66184,67096,80503,88466,112783,115640,117874,123115,134525,142909,146766,154022,161111,172339,182414
5388,38177,42393,45756,47276,53428,64570,101105,77053,96411,101082,115405,118102,122718,134378,139869,146294,152648,157932,170435,180598
5389,38128,44076,46278,46777,53458,63149,72081,111893,87110,112733,114979,116246,122201,127882,139915,146448,153906,159347,169389,179333
5390,40092,45591,47681,49444,61770,69977,74742,90656,126976,102847,114902,129807,120885,131953,145129,146937,159546,159970,173331,181876
5391,41286,45747,47558,49563,55130,65439,70614,78419,86260,93578,128617,129576,131206,137769,147279,145236,159926,166940,173933,177159
5392,40859,45572,48128,48952,56867,64227,68879,78497,84044,124179,128937,126412,132827,138652,144783,144709,155962,165616,174294,178054
5393,40716,45901,48298,49563,59592,64521,69623,76417,82590,100440,126144,127042,127942,131063,145289,153810,158747,161537,174311,174018
5394,39784,44620,47561,48435,59618,64861,68109,76427,86910,97586,125754,125317,128341,130676,142690,152155,156023,163415,174864,178441
5395,39579,43734,47204,48389,59888,64736,70529,75595,121487,96790,124280,125157,127685,129559,144781,150486,154990,162125,173457,184144
5396,39429,43704,46687,48077,58030,66257,68458,85836,85025,118633,123977,122784,126873,129796,139686,148901,154810,160387,174160,182661
5397,38390,43910,46733,48111,58000,60026,68252,78663,83717,99383,120612,121766,125035,128458,142678,148733,154644,161308,176278,181891
5398,39025,44426,47308,48648,59152,64899,85565,118878,84049,97391,104708,124005,124341,128758,143600,149925,156357,160733,175704,181962
5399,39183,44583,47541,48911,59117,67042,68514,79176,119079,119552,121274,122816,128244,129291,142234,147482,155555,161618,172899,180561
5400,116,117,117,117,117,117,118,118,118,118,121153,118,124733,133862,118,151176,118,162904,173031,182027
5401,38041,40989,43684,46951,49812,52791,63973,74842,81942,89128,118,109118,118,118,133657,148901,135110,118,173311,177504
5402,39468,44485,46912,56036,72219,91040,99813,117322,117592,118217,99815,121145,117657,121981,141853,150065,154817,135110,173170,183012
5403,40389,44644,46989,60973,72634,91636,106562,117400,117679,118301,119518,121206,123710,133865,140244,118,154301,160686,172222,182058
5404,38244,43227,47303,58735,70570,92234,104125,114156,114086,114695,119830,118509,130228,133622,139651,133870,153230,160641,169308,181848
5405,38073,43043,47112,47464,52847,61567,70385,82293,114194,114845,116435,118273,123506,126671,139534,146243,153551,160852,167432,118
5406,37174,42306,45050,46215,50357,63773,63066,75228,112088,112681,116291,117691,123659,126640,138313,149726,152780,159466,171073,135558
5407,37048,42524,45250,44991,56587,62134,62653,77883,84852,112439,114587,117119,125641,130898,140098,146646,152567,155598,118,177852
5408,37529,42897,44720,45540,50874,64264,104281,113612,85341,114663,114537,119033,120833,132636,142960,147867,154299,154987,135558,181660
5409,37583,43077,44732,46422,52162,58475,69039,82160,114661,115019,116393,119494,123145,133992,140937,146577,154425,159981,170886,178441
5410,35769,41491,44579,44787,50053,57809,62066,77393,85898,113767,116754,118449,123945,134479,139488,145968,153032,158681,175390,180347
5411,37091,42588,44396,43916,50157,57282,62619,77737,86235,113215,115597,118102,124001,133541,140460,147705,152387,157472,169128,175533
5412,35520,42033,42945,44625,51556,61231,72596,76544,111978,112391,114757,116603,122712,134279,139250,147615,152309,157056,169043,171817
5413,35474,42300,43904,43950,49794,56849,76651,79843,85783,93026,113948,116998,120969,132979,139922,145808,153354,154228,166756,177706
5414,36730,42434,44554,45115,51293,59418,63724,80499,86127,117157,114182,120492,122227,132525,142131,145661,156707,155048,165599,178165
5415,36235,42222,44485,45174,54469,68232,98760,79389,85589,94791,118320,120101,124720,130324,137033,146393,154365,161630,168637,177539
5416,35812,41255,43419,43647,50310,56309,70981,103843,113214,113542,118300,117988,123352,132926,141249,146059,150712,159726,170433,176533
5417,35802,41386,43456,43854,52804,69759,62718,79749,84585,93541,115315,118192,122356,127941,141130,148045,154188,157734,166183,173912
5418,35794,42379,43047,45568,51409,57953,62532,80561,86012,115166,115709,118727,122498,129920,141371,147428,154470,157134,168702,174385
5419,35854,42547,43276,45036,51797,57183,104697,78516,115520,94159,116870,119556,123550,133153,140622,144427,154645,159571,166727,181157
5420,36020,41354,43387,44755,52486,89642,71040,77490,84390,113956,117374,117706,123288,126979,140285,147538,153626,159617,164890,179998
5421,36091,42161,43520,43673,50370,67625,68831,76907,83576,92823,115629,118357,121756,130181,140350,147593,153448,157784,174691,171436
5422,36136,42679,43156,44034,62906,56933,70918,112299,112386,112894,116019,117462,122027,132678,139261,148752,152943,158409,168320,176989
5423,36085,42836,43183,44119,49909,57951,67053,79183,83384,92782,114440,117348,121705,130303,139249,146832,152792,156210,158973,179818
5424,36948,42305,43266,44404,50733,62205,70833,77782,83924,114068,115224,118603,121854,130663,139759,147067,153393,156502,167022,179902
5425,36399,42330,43252,44649,50384,63452,67324,76419,113363,92855,115842,118429,123325,133021,139410,146162,153606,158542,170159,177586
5426,35932,41370,42370,43813,49784,60298,69056,75024,82309,110663,115693,115825,122919,131107,137340,146143,153089,158226,170949,178300
5427,35923,41367,42365,43221,49381,63268,65021,94232,82452,110878,112646,116021,121473,131884,140633,146940,153378,155246,167730,175932
5428,35854,40944,40933,42419,55007,63583,98116,77236,106798,93746,113798,113691,121390,131966,137965,146594,148284,155136,168289,176329
5429,35474,40711,41735,44995,52684,65718,71679,77721,85695,107891,110881,114647,118952,128949,138094,144525,153368,149783,165525,179068
5430,35402,40390,41589,44866,52666,60709,65843,106425,106662,107389,111283,113794,122426,129903,138627,144836,154345,159718,166231,178544
5431,35435,40570,41337,44897,52204,60649,65299,80047,85297,94175,110449,113723,120607,129395,139433,141903,154465,160353,169027,176681
5432,35706,39899,41284,44748,51128,60218,64279,79919,80080,104596,110373,114918,120398,129671,137547,145241,154604,160839,168546,177075
5433,35415,39988,40971,44992,51834,64118,103857,78567,104290,104936,108313,115685,121191,127905,137904,145983,153204,158508,165846,169066
5434,36617,40487,41272,44989,55550,65879,70999,79292,106104,106727,108686,113605,124223,130165,138375,146127,153467,162004,173442,169811
5435,36045,40115,41916,45607,53940,65761,66582,77064,84996,106520,109444,113410,122362,129262,138342,145092,153895,161178,168276,171326
5436,35509,40743,41291,44981,52309,64430,66161,90352,84800,105866,109384,112246,119639,126734,137965,144838,154036,161143,169091,171885
5437,35906,41041,41032,45037,55662,64670,66468,79037,105499,95806,108413,116102,120278,127005,138545,146029,154417,159280,170488,169038
5438,36850,41467,42644,46489,53238,63014,67802,77204,85151,107631,108496,115214,120437,130341,136680,145663,153679,159705,171535,179070
5439,35708,41477,42116,46333,53358,63236,70794,107359,107574,108315,109939,113139,123712,126429,140393,145815,154449,161402,167389,180780
5440,37332,43401,44075,47986,55297,64575,92069,80339,85848,102449,110423,114696,121463,128106,140589,145801,153735,161925,168161,180707
5441,37364,43123,44542,45439,52374,64927,68588,77603,85004,111099,112735,114264,119015,130947,140155,147713,153269,160444,172193,180358
5442,38414,42364,44480,48413,51231,67296,67724,75020,108392,93666,112592,112785,124601,131739,139280,145224,151889,158544,171800,179983
5443,37177,42373,44602,48571,52104,65170,67409,75530,85175,109589,111546,113089,123230,130626,139282,145677,153975,155548,169820,182055
5444,38893,44422,46519,50458,54084,70197,69476,112709,90701,104736,111597,116837,125798,130297,141430,145605,153754,160350,170342,180279
5445,38862,44920,45520,47887,53928,62106,77061,79632,112879,97609,115251,116672,127963,132120,139632,144236,153958,162043,174116,178497
5446,39085,43602,44003,46759,53416,61089,71933,78426,83292,111766,114416,115614,125629,132299,138895,144340,153166,159033,174201,177966
5447,39097,43645,45961,46611,53456,61863,72440,76898,83427,95056,112670,116076,124819,131586,139136,146002,153101,158525,174051,176827
5448,39342,43845,45916,46224,53583,62108,72299,79187,112191,112525,114138,115607,125620,131712,139490,146090,152002,158796,174099,177153
5449,39472,44028,44924,46341,54004,61922,72936,79367,88016,94596,113987,116326,126813,126365,140740,145180,152918,157735,172861,180506
5450,38603,43489,45541,47396,55069,63405,73413,79920,84632,114312,113982,116824,126214,126774,140193,146154,153558,158299,172336,180020
5451,38386,43285,45396,48189,54448,62587,66626,113501,103115,91930,114920,116663,124945,132836,140318,145431,154006,160379,173016,181056
5452,37922,43268,44889,47871,52674,61748,100830,80310,84572,111900,114653,118998,127673,132224,138652,145575,152779,160373,171471,179293
5453,37996,43075,44716,47062,52659,61961,72709,79540,94426,112287,113045,114964,123612,131255,140150,145276,152795,159125,169167,178036
5454,37523,42497,44167,45502,52414,60489,72900,79402,90437,91109,113861,113278,124075,128867,135692,145304,151883,158820,170074,179050
5455,37556,42273,43983,45453,53173,63236,67428,79161,109510,110149,111413,112831,121699,128961,139513,145791,153284,157081,169284,180143
5456,37905,44191,45690,46582,53780,62343,68687,78924,87298,113047,111870,115670,121360,127290,142419,145552,153272,156860,168600,179824
5457,38006,44165,45446,46787,52636,61369,66569,79390,84712,91711,114429,115655,124792,130324,139078,144579,151900,160197,171962,180553
5458,39035,44829,46312,48990,54403,62342,66409,80648,113811,114320,113771,116968,125081,131746,138932,145196,153433,159668,171899,180250
5459,38960,44214,46269,47417,54161,63163,68546,80634,85872,94283,115569,117637,126601,130928,140203,146385,153375,160107,169117,176319
5460,37980,44874,46897,48540,55831,65336,104829,96630,86043,116532,115753,119266,127154,129560,139831,145967,154013,159777,170299,175919
5461,37970,44824,46651,48495,54764,64212,69917,80479,85741,92813,117346,119520,127631,131614,140697,146709,154054,161534,166244,180527
5462,38098,43783,46244,48449,54152,62404,66111,75442,113898,114415,117407,118288,127879,131756,140220,145533,153408,161827,172796,178427
5463,38012,45293,46468,48400,53573,62558,66312,81021,86297,92907,115824,118648,127497,130504,141386,146913,154816,160908,172055,180059
5464,36885,45036,45920,48220,54866,62727,68595,88987,86594,115200,115856,117978,127277,132743,140525,146765,154354,162418,171260,180380
5465,36826,43913,46698,48284,54627,62116,65383,76616,104128,95310,115907,117706,120169,133634,139979,146803,153084,161183,172363,182938
5466,36561,42560,46585,47276,53996,61198,74369,101970,84695,113030,115992,116364,126823,132844,138889,146051,154007,161324,172870,182392
5467,36543,43428,46200,47760,53586,60604,68890,81029,88372,93253,113713,121209,125000,130331,140091,146714,152944,159906,174026,180454
5468,36352,43236,44747,47914,53328,60383,101679,79820,111787,112644,114388,117375,125305,132133,138430,147460,152156,158785,173668,180273
5469,36398,43351,45002,46819,53987,60420,69968,79942,85483,92913,114343,117379,125693,130578,136945,146446,152360,159350,173474,180461
5470,37232,43900,46007,49066,54866,61682,66910,80045,85471,115296,115427,119246,125959,132514,139074,146134,154531,158074,173303,181373
5471,37247,43877,46272,47773,54921,69565,73447,77929,114211,94607,117398,119192,126437,132380,139541,146037,153669,161328,172229,180179
5472,36520,43885,45470,48019,53717,67887,71094,95271,84156,113813,117272,117539,125918,128053,139145,146689,153904,160377,172387,178997
5473,36480,43948,45732,48229,54085,62327,68589,77697,84780,93314,115279,117963,127008,131167,139126,145283,154384,160822,172706,178508
5474,36499,43669,45749,47973,54131,67835,70834,78914,113404,113892,116132,118624,124849,132390,139692,146300,153585,160456,173119,176088
5475,36554,43642,45822,47963,53577,67869,72280,80258,84540,92996,115790,118154,125449,131838,140622,146816,153190,159772,170077,179651
5476,36951,43786,46164,47046,54506,68680,71457,115316,86972,116350,115380,119797,126487,132495,138263,146862,154746,160229,169637,180949
5477,37012,44876,46319,48349,54558,63900,73439,79037,84624,93402,117517,120519,127945,131775,140652,145787,155560,161022,172511,180433
5478,35872,43849,45088,48437,53556,66525,70634,78559,114365,115196,117725,120697,127521,132461,138618,146446,153957,161945,171851,179926
5479,35951,43334,45346,48527,53050,67318,72732,79039,83245,98424,116054,120193,127072,131288,138952,146920,154662,160023,172019,180301
5480,35171,43793,44278,46915,53215,67665,73019,78711,84405,112899,115987,119206,127869,131167,138418,147649,154486,159794,172136,179992
5481,35171,43034,45091,49102,53346,64060,73535,80492,112282,96287,114336,118490,127834,131569,141954,146407,154522,160791,170396,179645
5482,35807,43412,44568,47952,53534,68423,72638,80331,86721,114736,116810,118773,126020,131751,141128,146585,154443,161443,172799,180106
5483,35643,43564,44636,48100,53220,68657,70675,80870,85421,92956,116533,119828,127279,129814,139838,146044,154650,161164,172161,179982
5484,35046,42982,44507,46559,52473,68044,70972,78758,113159,113895,116658,118121,129124,128982,140729,145239,154538,160984,172200,179967
5485,34996,42881,45061,46520,52520,68000,72464,101666,84142,92064,114858,117477,127094,131301,137460,146843,154729,161514,172238,180422
5486,36574,43297,45554,46244,54937,71190,74838,82016,88005,118396,115126,125550,124374,129329,139568,146821,156355,161032,172406,180300
5487,36646,43962,45468,46331,55053,68998,74383,81645,85298,96283,119762,125005,127009,134854,139044,146214,155992,162563,171507,180896
5488,37329,43981,44954,46065,54079,68928,71298,80749,117083,94771,120167,122488,127183,133664,139403,148230,151848,163369,173665,180067
5489,37414,44843,45174,46150,53733,68066,71991,79643,85833,118840,118472,122937,127637,133781,140317,145267,152531,160701,173306,180959
5490,40339,45791,47218,48503,56452,71232,73592,79866,85836,96363,119343,130793,128166,128776,144118,147689,155821,161831,172644,180452
5491,40432,46048,47172,49246,56503,70986,73419,78951,89112,123562,124775,130009,132259,133310,143755,148558,155846,162335,173373,181505
5492,43020,46773,48046,50046,57943,71375,73653,87231,125978,93672,124585,130170,131338,134420,144423,147756,156811,160951,173161,181498
5493,42546,46893,48578,50161,58371,65649,73814,80464,87013,94302,127340,129298,134501,139395,145496,148629,157450,162361,174544,179329
5494,42510,46801,47674,49921,58949,68298,74036,80890,84946,124822,127462,128896,134825,138545,143289,148416,156646,162302,174185,180977
5495,42641,46777,47552,49935,58869,72071,73752,112270,86204,95873,125636,128400,129704,138508,143085,149311,154292,161815,171514,180054
5496,44250,48685,50252,51414,61255,65797,74601,83079,86488,96643,125057,133913,130061,138331,147903,149504,158718,161303,172017,179872
5497,44286,48466,49946,51528,56571,69910,73301,80668,128789,93098,106284,131804,134432,139316,147736,148717,158558,162068,172366,180244
5498,42880,47223,47937,49622,55862,68329,70922,80153,87217,124327,130624,126699,134905,138478,143666,148761,155660,163511,172507,181065
5499,42999,47436,48541,49950,55823,68506,71084,80278,85435,96732,104444,128976,132006,136202,143375,150376,156142,162177,172554,181193
5500,44105,48240,49737,51070,56065,69075,71423,81599,86645,94894,105746,133256,130476,137083,147453,150493,157861,162346,173234,180930
5501,43356,48267,49589,50796,55951,63797,67186,81984,87097,128746,130067,130365,137409,139436,147441,148324,158601,163011,173193,180895
5502,42346,47860,49526,50131,55077,63115,97279,81821,86951,94412,106441,129319,137438,137436,147094,148110,158189,162829,173282,180827
5503,43286,47980,48979,50567,55272,63129,74026,81374,128278,94121,107882,129897,134613,138700,148078,149935,158435,163331,173271,180706
5504,43208,47898,49397,51138,55084,62714,68553,81849,87680,107067,128618,127856,134913,140347,145941,151035,157338,162998,173561,180806
5505,43158,47751,49638,50856,55037,62479,67993,81390,86346,96618,107278,129160,131919,134828,145655,151291,157115,164215,173366,180524
5506,43128,47874,49127,50523,54683,62366,72291,81159,86297,126971,106386,131501,131686,135918,146235,151176,158368,163468,173520,181117
5507,42861,47677,49703,50495,55057,62595,66855,81393,86662,95765,128231,129389,132528,138618,148370,148639,158588,164239,173408,180570
5508,41536,46358,48231,48847,53527,66482,73344,80349,86232,93435,109044,126338,133149,136350,145606,150176,155360,164891,173463,181796
5509,41554,46782,48186,49112,56962,61628,67140,81604,123182,123585,105818,128545,129352,135743,146099,151239,155626,162212,173528,180968
5510,42171,47482,48975,50059,59701,63663,67321,96862,89773,97253,125421,132550,130870,135432,148406,151574,158135,164673,173553,180928
5511,41971,47308,48787,49822,54680,70417,104178,81958,87643,95846,106806,130056,137959,142357,148540,149249,157995,164382,172581,181950
5512,40673,45665,47024,48587,53263,61243,74824,81743,85977,93254,128860,126139,137767,141564,145425,149658,156991,164794,172958,182209
5513,40688,45744,47200,48920,55833,64379,74870,83264,87247,122982,106058,130846,132197,138508,146222,150465,157158,162814,173642,182205
5514,39936,45804,48108,48794,56825,64675,74910,81150,87769,96503,108810,128050,132851,138533,144247,150133,156518,163871,172831,180447
5515,40813,45734,47941,48565,56187,64206,74639,82606,121439,94036,124817,127790,132963,137516,144156,149806,156865,163705,172759,182107
5516,39926,44969,47362,49220,57418,65340,69260,83112,89840,125319,109769,129339,133159,137636,144665,149722,155891,163221,172802,182858
5517,39964,45020,47519,49254,57535,65587,68835,80888,88797,96024,106185,128957,129542,137751,144814,148897,157171,163076,175617,180419
5518,41941,47150,49330,50805,59064,67009,73017,79410,87024,95679,126670,130480,133357,138289,148030,147848,157970,161588,176096,182457
5519,41805,47366,49504,51289,59490,65487,71368,89197,86098,128920,105531,111346,132847,139570,148483,150068,158468,165206,172866,181348
5520,39867,45309,46850,48532,56293,63038,70960,82064,93158,95442,129496,122849,133732,140205,143585,150274,155828,165393,173440,181274
5521,39953,45784,46987,48528,56601,67922,69249,82964,111320,98783,110551,124620,129077,134609,142618,152045,157263,162322,173984,181215
5522,41194,46991,48048,51148,59086,69587,75897,82864,89077,99342,105466,128093,126957,129668,144771,152702,157469,162942,172461,180994
5523,39940,46647,48238,49901,59113,69313,72833,80123,88269,95037,125900,127623,129651,132483,144118,149418,155247,164658,172332,181988
5524,37913,43792,45558,47145,55466,64731,66448,82883,85487,114459,108209,118705,128144,134877,141739,149614,153934,164451,172296,182340
5525,37954,44302,46024,51478,56157,65297,69416,87816,114361,95642,104331,119140,120773,129529,141710,149334,154960,160193,174024,180462
5526,39046,43575,45745,47898,54955,65385,72212,82982,88102,114191,117017,119435,127233,133614,142123,149354,155305,162132,174403,181059
5527,39856,43612,45910,47901,54411,65536,72435,83377,88875,96685,117068,119366,122665,130767,141707,146615,154104,161568,173070,181497
5528,39032,44368,45121,45705,54921,66268,71723,81392,87157,109511,117277,116863,122529,127588,136269,147785,153224,161150,172814,180400
5529,39044,44147,44233,49406,54256,67354,73681,81814,85756,98284,105269,117111,121394,129339,138490,147759,154664,159502,175629,181633
5530,39310,44648,45944,47057,56033,68974,74380,85422,112763,112464,115515,118742,122993,129639,141995,147811,156106,161438,174012,181616
5531,38487,44473,45986,46940,55357,67541,73984,82526,90982,99347,114484,118418,125068,131993,141403,146697,156136,163165,171583,180068
5532,36821,42686,44643,45551,53211,65060,73643,80040,86791,95510,114285,114831,122574,132169,141892,147918,153634,161746,174596,181341
5533,37501,42712,44259,49250,53024,70073,73320,97639,86876,108751,113511,116502,123330,128857,141370,148285,155603,161611,172546,180487
5534,38675,44050,46253,50684,54955,73051,75761,84832,113617,114773,113898,119162,121652,130753,142958,147921,157765,162847,173037,181028
5535,38744,43935,46026,50721,55066,73011,74185,84845,88858,94586,118534,118723,124121,136608,144090,147352,157076,163142,173252,180504
5536,36253,42609,44071,48412,52549,71436,71945,80927,88359,109531,115616,113999,121436,135615,140798,146849,150572,162508,172423,180300
5537,36777,42655,44086,48393,59361,68429,72517,81430,88162,95834,110464,114560,124010,128183,140067,147206,153190,159735,173105,181204
5538,36673,42754,44392,49458,60464,68607,70503,83495,92686,108037,112484,116391,123372,127486,140175,150877,154276,161249,173785,181289
5539,36799,43045,44717,49441,60965,69168,69703,83848,107111,109496,112000,117081,124594,127673,139792,144521,154833,160982,173550,181916
5540,39635,44889,46269,50640,58978,70704,73284,79998,89213,94767,111884,118502,126582,125302,139106,144525,153964,161240,173450,182569
5541,39662,44845,46146,50802,59287,69092,72612,79840,84440,111816,113383,119281,125069,131581,138805,146584,153878,159865,175368,180217
5542,39610,44389,45888,51109,59856,68654,71344,80688,108685,100173,114533,115400,119631,128849,140419,146402,153537,161195,174901,180475
5543,39590,44448,45906,50128,59478,68810,72530,80301,89309,109411,110742,116812,120937,129729,138077,146586,152616,159215,171317,180382
5544,39762,44443,46083,51427,58614,69860,72734,89498,88591,98536,110879,115944,121381,131291,139724,145916,153859,159252,172502,180870
5545,39771,44483,46200,51090,58903,69627,71979,80531,87687,108841,112686,119514,123555,127537,138308,146568,154716,160177,172601,179364
5546,42653,46064,48468,53369,60660,70231,73346,79095,110557,95483,113317,118324,122606,126859,139723,146644,152410,159936,173551,179798
5547,42041,46145,48690,53251,60590,70324,71257,102470,88032,112439,115650,119359,127315,125399,139145,145992,152563,160829,172648,179790
5548,43002,46847,48226,53619,60550,68525,70780,83855,85448,94695,116439,118185,125110,131652,141092,146315,153662,161126,172290,179253
5549,42534,46893,48404,53437,60210,68627,71332,82720,88716,112781,115368,120668,122867,126071,140186,147492,153881,161712,172134,179903
5550,42951,46880,48921,53670,61099,68348,73014,82546,110866,93063,115907,118202,126311,128900,140217,145044,154294,161916,171888,180642
5551,42858,46779,48917,53898,60642,68378,71302,82272,86107,111433,115554,117903,121152,131164,140084,147724,154808,160361,170500,181343
5552,44226,48354,49536,55459,62548,69352,71738,81464,86386,116171,115082,123406,126097,130872,142518,147156,155716,161301,173133,179734
5553,44278,48334,49683,55450,62722,69537,73551,80072,115445,94459,120567,123194,127541,131529,141488,146330,155088,161034,171775,179332
5554,42563,46909,48549,53627,62168,68530,73944,81161,85323,112548,120773,121159,126932,132464,140074,145919,153549,161846,172244,178989
5555,42959,46833,48208,53772,62103,70703,74107,81316,84859,94083,117830,119262,123155,128888,139706,147001,153293,161044,173459,179816
5556,43710,47381,49220,53953,63592,69901,73495,81776,87506,113888,117026,120816,125028,126610,140321,147090,154091,160995,173406,180962
5557,43737,47332,49294,54116,63104,69896,74825,81862,112794,96502,118547,121840,126580,129498,141831,146806,154550,160794,172703,181437
5558,45691,49206,50913,56966,63694,69963,73383,87607,88559,119204,108203,125528,127068,132159,141474,145650,156860,160785,173178,179742
5559,45237,49381,50747,57017,63598,70407,72583,82462,91914,96392,122216,126522,131638,135099,143049,144267,156526,164434,173619,180046
5560,43623,48387,49910,54962,63091,69491,73380,82236,88213,92876,111343,126006,130166,136168,139804,147007,154558,163912,172184,179568
5561,43835,48516,49698,54997,62634,69629,76468,82564,88307,116749,119460,126748,129229,136672,141692,150967,154867,161181,173222,181959
5562,45530,49761,51387,56799,63833,70136,77533,84157,117680,94407,108102,127560,130244,135103,142229,149570,155175,162051,172809,180124
5563,45562,49821,51571,56643,63482,69798,76797,79800,88594,121688,123307,128665,129911,136195,141802,148082,154312,161611,172138,180782
5564,44733,48681,50561,55433,60285,69066,76790,80006,91303,100939,108917,126353,130103,135092,142436,147360,154734,162094,172891,180152
5565,44653,48672,50305,55124,63691,68278,76437,104760,90348,92608,115220,124773,128377,134293,143818,148469,154354,162042,173149,181443
5566,45493,49299,50953,56185,62818,69084,74546,84166,87016,92914,107020,126047,129022,134941,141322,148914,155252,161827,173184,180294
5567,45048,49285,51068,55785,62643,69881,74826,82039,87494,121382,121882,126520,130026,133103,138183,148848,156239,161845,173795,180717
5568,47289,52083,53723,59166,64422,70774,73082,86106,127176,98232,108567,132436,130505,132710,147414,149130,155623,161795,174390,181738
5569,47462,52020,53342,54837,62782,69737,74354,83576,89697,100704,128490,132888,133378,136707,144112,149685,156452,162505,172152,181233
5570,46466,50783,52170,53700,62716,69890,73188,83026,87828,123908,111193,127036,134090,136717,142575,149300,156257,163049,174137,180718
5571,46751,50695,52192,53422,62768,68964,72529,81876,85958,94335,107498,126714,129838,135021,142264,150990,156257,162529,173609,181089
5572,46795,50441,51953,58076,63675,68628,72089,81259,86765,96188,124280,124474,130142,134547,142827,150993,155820,163113,172284,181441
5573,46833,50734,52429,58011,63192,68770,72163,80213,86886,109611,112797,124933,128772,133486,141610,147614,156496,162413,174031,181482
5574,45546,51059,52174,58623,63082,69723,74991,83236,117905,96455,111237,124795,128873,135200,142065,148024,156697,162537,175334,180367
5575,45686,50794,52234,53571,63258,68758,71965,79748,89578,121751,109211,124601,128539,134131,142390,150157,156241,162534,173346,181465
5576,44411,48226,49385,50535,61259,68551,70704,78138,86268,99454,122617,124143,128510,133407,140524,150738,154611,161956,173024,181336
5577,44568,48454,49899,56094,63182,68426,73424,82036,87739,94789,112191,123520,126517,131623,140113,148507,155666,161384,174148,181169
5578,42381,46034,47435,53294,61916,67501,71424,82647,85817,95423,114205,115537,127275,132452,140374,149690,155006,162384,173982,182284
5579,42286,46505,47940,57365,61793,67573,72690,83316,105891,107723,107621,117170,124510,130846,140066,148500,155133,162510,173956,181018
5580,43011,46657,48331,57696,62186,68581,73408,79333,89077,109154,112758,119988,124709,126723,139762,148663,154032,160573,173336,182176
5581,43049,46842,48375,53842,62370,68704,72057,88098,88831,103194,114792,119862,124375,132889,140813,148396,154694,161652,174077,181104
5582,45520,49592,51127,57272,62899,69164,74100,83677,107409,116870,114592,127161,122059,130529,145603,146129,156376,161735,173427,181215
5583,45176,49591,51092,57146,61396,70071,74290,82612,89043,98799,124074,125160,130315,133769,142093,146940,155198,162628,173127,182432
5584,43397,48326,49592,54814,59517,68019,73364,83931,87403,96780,110616,123985,130062,133795,140486,148486,154452,162967,172839,181900
5585,44069,48438,49648,55042,61733,68178,72839,85182,88818,114472,117203,124033,129328,131620,144470,149038,154224,161712,173862,180667
5586,42572,46671,47750,52553,60595,67817,71481,82326,109172,97484,109188,119586,126726,134017,139544,150545,153354,161719,175086,180490
5587,43515,46519,47939,52925,60652,68347,72498,83376,87037,97755,113688,121135,124713,132164,140037,147235,155755,160935,173267,179581
5588,42992,45882,47384,52290,59257,66483,70106,79260,88184,108547,116401,118142,125484,132147,139632,148489,155590,162505,173685,180944
5589,43031,46045,47657,52283,59667,68250,72188,82468,94674,98528,112356,119254,125114,131069,140480,146340,155043,160131,174171,178426
5590,41581,45119,46156,50637,57396,65193,69766,81108,87240,106088,112835,113714,124545,130920,138943,148050,154663,160119,174270,182846
5591,41607,45270,46733,53496,57518,64368,71128,96322,103592,105742,110646,114448,123812,128350,137996,147590,153047,161037,172713,180884
5592,40181,43573,45411,52528,56628,63681,71500,82136,87908,104916,111757,113267,124160,131079,137362,147142,154860,161748,173082,181790
5593,40123,42575,45519,52795,59396,67010,75139,81011,101548,104864,109613,112657,121876,128956,136705,145230,152700,161247,173052,180661
5594,38115,41330,44267,50999,57953,66911,70126,76388,87968,105046,108603,113009,122087,129430,137013,145790,151490,160192,172918,179120
5595,37837,41964,44243,51732,58513,66816,69301,76275,88936,95383,107308,112424,120655,126995,136376,143150,154517,159714,170512,179692
5596,36270,38825,41874,50061,56440,64217,67496,97560,97887,99535,109331,110322,122455,125832,135299,142751,151419,159251,171439,179522
5597,36784,39781,42023,51745,55925,64059,68833,83614,94527,98603,105382,111771,121314,123766,135878,145032,151842,158768,170913,179508
5598,36455,39419,41814,51187,56266,64342,69858,75493,84480,99051,106345,111940,119160,126129,135202,142824,151283,160007,173164,179796
5599,36555,39972,41661,51441,56336,66218,68742,81265,95324,98845,105536,111487,117617,124536,136236,142952,150825,158196,171658,179611
5600,38157,42033,44124,55167,58535,68781,99994,101087,102043,104210,105180,115545,118185,125812,136735,144081,150658,158130,172397,179427
5601,38277,41285,44282,51177,58998,68015,70678,78121,86175,104321,110360,114353,119681,125216,135214,143390,150823,159689,171320,175589
5602,40165,43484,45244,53171,60729,68570,70611,80055,103231,105596,110631,116465,118393,125691,136657,142642,151324,158736,171170,178837
5603,39653,43639,45387,53142,60302,69972,70024,80597,88333,106053,108993,116211,121984,128786,137070,143899,151449,159246,171387,177947
5604,41684,45639,47519,55207,62532,68870,70486,77181,105549,108780,110033,114227,122976,129053,139236,143144,154601,159269,169852,178388
5605,41469,44924,47163,55666,59994,69031,70931,96274,87058,108896,112606,114231,125518,130625,138819,143955,152984,160440,168188,178859
5606,43084,46567,48428,57149,61071,69074,71806,78651,83645,111270,112079,121571,124830,130586,141547,145023,153686,160304,169461,178149
5607,43067,46732,48332,53501,61497,68686,71701,78912,108655,111724,116827,121937,126236,133347,140578,144697,153638,162116,170281,179223
5608,42733,46413,48094,53100,60277,67475,71695,78120,89828,109602,114742,122440,126476,131800,138991,146160,157153,160506,170131,179714
5609,42786,46700,48344,56658,60938,68773,72228,108834,89974,96377,114943,122794,126834,132028,139486,147614,154431,161969,170986,179559
5610,43539,48685,50109,58312,61376,68448,71754,79411,102331,116283,115255,126043,127085,131680,144294,147254,155014,159840,172678,180118
5611,43862,48506,49726,55201,60688,67690,71955,78185,85202,93808,121204,123197,131126,134698,142978,147272,155694,162795,171407,179586
5612,44038,48477,49672,54801,61794,68031,69672,81834,94456,115594,119672,123076,129070,135707,140665,149655,158055,160840,171138,179780
5613,44007,48537,49877,54629,61615,68950,73493,77263,88555,96715,119302,123183,127509,133108,141112,149549,156369,163860,172379,181316
5614,44890,49579,50848,55671,62154,68200,72798,79672,115310,99551,119246,123052,128667,133290,144743,149273,158540,164752,171562,182526
5615,44514,49398,50739,55569,62143,68007,70224,78820,85742,118052,123654,125184,131574,135340,142124,148247,158422,164222,171712,179229
5616,42431,47648,48906,54222,60884,66932,70273,111451,83667,92638,120642,121309,130564,135069,139741,148464,154686,163808,172458,181272
5617,43194,47617,48957,54178,60945,66862,82140,81258,100866,111393,114475,123548,125987,131258,142175,151196,154639,161162,173666,179889
5618,42580,46518,47811,52863,59147,66374,70120,81474,86206,94616,119734,118860,127755,132123,141105,152057,155422,162397,171011,181982
5619,42620,46827,47953,56239,59367,66357,71411,78099,109928,110373,115999,120395,125852,128040,141051,147378,157387,162509,173979,180540
5620,42613,46889,48059,56272,59719,67091,69775,79492,88101,99347,116853,120804,125550,130924,141705,148698,155456,163509,174014,181936
5621,42714,46710,48169,56393,59867,68724,69905,82299,84967,111699,116417,121132,124616,129914,139058,147395,155317,163921,175041,181110
5622,40498,44536,45740,54106,57752,65640,91463,79763,83537,93465,116840,115982,124903,129721,138436,147420,153672,162359,174962,179384
5623,40551,44779,46064,54304,59874,68625,68766,79918,103976,107367,111206,116878,121730,125996,139678,148115,154023,162127,172813,181946
5624,39479,43656,45284,52817,58449,64969,67754,74604,87413,105576,112263,113294,121386,128161,136715,147294,154255,162635,175317,182391
5625,39509,43681,45351,52315,58175,66074,68074,100244,101675,105173,109701,114370,119610,126657,137658,146451,154838,161730,173783,182558
5626,39077,42708,44782,52018,57647,64929,67667,79562,89038,99572,110455,114260,120392,124665,136408,146431,154258,163153,173190,183219
5627,39217,42882,44764,52012,57600,64292,99001,77735,100634,105514,110448,114180,119835,124997,137627,146532,153783,161478,171684,183038
5628,36544,40791,42815,49391,54625,62849,66268,76936,84721,101787,110966,110955,121760,126814,136862,145185,153148,161662,172745,182836
5629,37455,40755,42505,52088,54760,64105,66500,95479,96238,101221,105339,113344,117734,123812,135850,146531,152462,159765,173567,182203
5630,36141,39432,41738,50344,53916,61997,65112,75895,94573,99330,106630,112368,118520,125712,136949,146818,152218,160321,173805,182267
5631,36054,40782,41602,50055,53862,61935,65399,75788,94397,99193,105584,112793,117748,125385,136653,145150,152488,160019,173792,181908
5632,34575,38698,40022,47522,51311,59681,89046,90399,90677,95127,107057,109513,116452,123209,134725,143827,143366,159643,173700,182371
5633,34616,38802,40039,48131,53998,59631,64427,76699,94285,98012,104489,109433,115427,120844,134580,144432,149748,153446,174612,179382
5634,32577,36520,37355,44486,51719,56826,60381,85122,89895,92897,106117,106109,115784,122930,120119,144423,138439,151158,173136,180072
5635,32793,36532,37300,46876,51614,57387,84090,88515,90111,94884,102994,107602,110551,119124,127579,143355,136539,141957,172116,179883
5636,30153,33597,34554,43518,47629,52708,60940,66075,85640,90050,102041,100418,114888,119143,116824,141209,127017,139152,172532,179727
5637,30321,34175,37349,45292,48036,54243,80056,83171,86086,89284,96995,100788,105120,108217,119862,128593,127921,127636,172056,171153
5638,29559,33456,36818,44506,47819,53872,78994,81954,84452,87297,94884,98427,105100,107404,117890,131724,129395,134184,172166,170821
5639,29665,33245,36840,44333,48176,54298,60152,81845,84254,88921,95122,96858,106078,106057,118024,116260,127432,133693,161805,159376
5640,30155,33889,37449,44496,49022,55757,80113,84117,86867,89735,94081,101642,106171,109352,121798,122195,132697,130657,166653,163237
5641,30135,33949,37332,44859,49035,54887,79958,83927,86343,89047,97526,100955,109493,112522,121524,120004,131630,135579,152463,146450
5642,30963,34857,37615,43584,49465,55427,60487,85244,86769,90445,95300,102749,107115,111309,121896,122776,135913,138356,153446,146804
5643,31004,34120,38035,45133,50117,55641,81057,85808,87004,91047,98711,103325,108211,112306,120859,125109,135185,140077,141101,143002
5644,31733,34912,38102,45743,50276,56745,81641,85119,87880,91094,99012,104800,109086,112021,121937,122973,133819,138745,141578,146861
5645,31753,35152,38676,45700,49152,56387,59747,84681,87912,90716,99557,104248,111003,112034,119614,126891,135460,135712,138815,151425
5646,31090,34832,37540,44692,49141,54921,80798,83011,85596,91518,99405,101199,110722,114749,116543,122326,129606,136697,141064,147693
5647,31213,34783,37611,46165,49068,55082,58854,84320,85836,90765,97149,101882,106155,109814,120619,122187,132178,132620,146847,152351
5648,29182,32732,35554,40970,45133,49980,75893,78610,81476,84984,97606,92301,106424,108775,108133,118818,117559,130677,146682,148403
5649,29202,32194,35777,42186,45249,50676,76636,80257,82177,85410,87832,96652,96544,99695,105303,115793,118696,120354,150648,153752
5650,29097,31837,35584,41877,44094,50183,75680,78582,80575,83356,89782,92373,98512,102454,103512,122580,112776,123354,150890,153658
5651,29207,32075,34861,42386,44673,49794,75476,78794,80461,84852,88802,92421,95136,97145,105251,111391,110860,116382,147434,148260
5652,29025,32899,34620,40219,44977,49697,64040,77881,79713,84806,88497,92379,95292,99068,104144,112069,111269,118645,150311,148115
5653,29034,32542,34784,41812,44662,50265,75635,78591,80024,85500,88187,93410,97104,98044,105254,109325,113435,118184,145024,131000
5654,28785,32206,34799,42289,44198,49997,76655,79516,81342,86235,88749,93492,98277,98267,104609,106655,114663,119135,145647,135649
5655,28808,32529,34769,41402,44179,50531,76581,78328,81059,83439,90330,94744,98648,99228,104358,110728,115720,117752,127762,130066
5656,28928,32641,34993,41149,45148,49796,56133,78759,80269,83984,89928,93757,97769,98695,104432,111748,114012,116554,133751,129272
5657,29232,32123,35019,41911,45379,49862,76091,78724,81321,84331,89001,93931,97560,100374,105948,108792,117501,117915,127894,131111
5658,29252,33209,35815,40910,44803,49963,76965,79675,81383,83959,90089,93485,97120,99852,105241,108112,116591,118592,126023,131430
5659,29276,32601,35189,42110,45182,50136,77509,80354,81968,84434,88043,91110,98686,100395,106409,108136,116690,117721,124501,129883
5660,29339,32521,36141,41837,45345,50741,77193,79570,81675,84015,88773,90934,98994,101198,106142,111548,117641,118439,124779,129403
5661,29762,32396,36022,42003,45547,50956,57043,80014,81675,84355,87746,91585,97817,100958,106559,107219,118226,121434,128383,129521
5662,28943,33024,35826,42698,45766,51558,77831,80292,82832,84949,88592,92422,97844,101516,108682,107148,120459,121533,126063,131833
5663,29063,32214,35929,42823,45691,51360,78269,81008,82992,85490,89418,93181,98617,100859,108157,110140,117842,120184,125935,131765
5664,29643,32474,36577,43612,47128,52747,79539,82192,84908,87683,88833,96003,97362,100292,110959,109684,122156,124491,126939,132663
5665,29642,33255,36450,44045,46784,52137,56433,82107,84255,87539,92783,95703,100641,102620,108246,112646,119926,123710,125047,127738
5666,30197,33617,36894,44548,47534,53192,80718,83061,85377,88689,92137,97791,100682,102774,110921,113556,123499,124524,124897,131656
5667,30309,33515,37146,43185,47698,53546,81271,83481,86142,89115,93519,98346,102674,104962,111571,115947,123927,125973,128800,131809
5668,31171,34733,37532,43998,46862,53900,58558,83916,86444,89492,94002,99678,102991,105371,113728,111106,121021,126526,127281,130875
5669,31025,34261,35953,44649,47168,54500,82184,84360,87070,90218,94906,100702,104450,105897,114529,111721,122335,128786,129179,136966
5670,31979,35149,36972,44987,48049,54178,84034,86470,88342,92073,95502,102353,105759,106698,117311,112073,125481,125939,130555,137279
5671,31037,35643,36638,45095,47346,54295,59817,85972,87912,91368,97595,97955,108084,109106,116103,117525,126524,130369,133220,140484
5672,32279,35879,37149,45261,48133,55490,84727,86560,88823,92591,97085,100646,103682,108839,118256,117647,130779,128892,132978,140431
5673,31588,35918,37351,45907,48523,55973,61059,87398,89073,92953,99114,101590,105891,111356,120222,120732,130664,133155,136400,141988
5674,32482,35889,38063,44097,49015,54962,86005,88161,89550,92818,99732,101817,106676,112438,117193,118532,131659,133456,135915,145920
5675,31915,36385,37936,45425,48742,55345,61486,85970,88187,92665,99556,101469,107096,113699,116252,123376,129672,130483,138236,147209
5676,32578,36169,38645,45683,49874,56642,88178,88178,90242,93795,99436,104638,106588,113736,120685,124677,134688,129953,137658,141182
5677,32621,36730,38904,45123,50095,56474,62657,88613,90464,93008,99402,105073,110493,116797,121118,123512,132317,137822,142869,148598
5678,33462,37382,39090,45196,50311,57281,62057,90156,91842,93673,98892,106892,109855,118215,123587,123937,134624,139233,139979,147813
5679,33456,37282,39000,45975,49087,57768,90849,90849,92470,94368,99373,107176,112863,120935,124453,128145,134202,141809,143415,149856
5680,32306,36359,37760,44913,47644,55772,59864,91072,91072,93717,99819,104166,109848,115739,118595,130520,129559,142608,143818,145879
5681,32629,35807,37787,44913,47803,56343,91517,91517,91517,94343,99393,104643,105645,112628,119324,131752,128639,135221,140843,151798
5682,32278,35569,37130,44659,47254,54720,59887,91747,91782,93967,99154,104278,106506,113108,117692,126603,127134,135874,140109,153923
5683,32432,35478,37572,43482,47536,53546,58140,92120,92239,94434,99178,104332,106118,109669,118084,122771,128139,131545,148958,154921
5684,32239,35494,37899,43647,48658,54119,95207,75822,95207,97195,97479,106122,106198,109933,123135,122577,131184,130400,144741,156223
5685,31786,35318,37490,43962,48432,53808,61217,94716,94716,96918,100143,103728,111236,115373,118525,120077,131049,136592,145263,146230
5686,32723,36251,38392,44167,49367,55459,97205,76902,97282,98916,100004,105892,110565,111651,121583,120821,134572,136462,144527,148083
5687,32440,36292,38461,43929,49019,54619,62838,70156,97858,99404,101740,105282,111279,115463,122167,125063,130501,136763,137009,143707
5688,32492,36867,38733,44429,50754,55420,61421,99764,99764,101343,102204,108288,111763,114861,125228,120244,134489,137324,139921,146210
5689,32174,36900,39221,45114,47638,54945,77202,74852,100302,101849,104035,106718,114611,118402,121581,122685,135120,141746,138696,152202
5690,32313,38295,39743,46061,49330,56422,63726,103927,104120,105534,104550,109926,111903,119777,126053,123124,142093,142153,138299,148714
5691,33279,38193,40003,44500,49298,56230,103997,72766,103971,104115,107533,109733,115411,123472,125726,127715,141192,150432,146004,150074
5692,33057,39116,40809,46065,49896,56353,65235,72651,104632,104629,106709,111038,115588,123233,129406,128355,145170,143188,145506,152251
5693,33002,38959,40735,45851,50392,56621,61815,105045,105045,105166,107689,111135,116288,124346,129746,133789,144639,147664,144211,156955
5694,32591,38745,40277,44838,49972,56149,61430,72722,104697,104826,108417,110956,115885,123078,127503,132824,142432,148096,143161,155512
5695,32652,38426,40172,45308,49907,56492,104359,72326,104359,104426,107930,110560,115901,123992,127416,136275,142680,145913,150802,160123
5696,33032,37795,38934,45195,48820,55270,63240,103968,104088,104272,107713,110203,115792,123343,125597,136996,140704,145592,145090,159317
5697,32743,38554,39132,44933,48133,55516,60077,71454,90875,104596,107419,110682,115362,122579,126480,134649,141657,144282,152824,171453
5698,31117,38061,39098,43847,48232,55219,59033,71611,103025,103028,107585,110486,115594,122751,124116,134332,139622,144195,152551,162840
5699,33035,37099,38592,43405,48450,56536,103762,103762,84366,105947,106453,110746,115852,120692,124593,131777,140254,144562,157276,160416
5700,116,117,117,117,117,117,118,118,118,118,108564,118,116062,122106,118,133462,118,145338,158028,158166
5701,29898,34395,37625,40229,42084,44970,53135,62485,67170,73696,118,91161,118,118,109044,132028,110468,118,154486,160399
5702,33868,38648,40612,51773,68702,90958,99035,108091,108078,108089,83239,111944,99574,100535,131033,132552,140290,111240,154442,161898
5703,32180,38736,40860,56652,75477,99490,108389,108389,108281,108415,110559,113909,118661,123249,131406,118,140924,141025,154438,161522
5704,32201,38583,40313,57002,76150,64341,109511,109511,109571,109571,110933,114198,118813,123357,132696,110171,140777,141834,155111,160405
5705,32501,38817,40179,57021,49763,56962,64934,109110,109241,109263,111350,113823,119037,123917,131987,132353,140077,142055,152466,118
5706,32809,40209,40097,44046,48233,92854,61178,75117,109911,110045,110951,114351,119394,123784,131615,132773,139146,140916,153234,115947
5707,33527,40023,40567,44976,50637,60598,61435,71959,110486,110614,112093,113550,120122,123852,131991,133080,139751,140744,118,163991
5708,33603,39657,41237,42286,49336,57495,101835,111070,111070,111070,112473,114335,119879,124261,133335,132743,141414,141510,115772,164667
5709,35386,39311,41123,42992,54814,55416,65998,76044,83155,111922,113486,114740,117924,125924,134291,132632,141920,142712,159982,160750
5710,34914,39037,40865,42372,50423,54954,57976,70342,76506,111064,114139,113976,117897,126677,126190,133077,139985,142938,158259,160776
5711,34884,39280,40925,42132,49345,56909,85221,70296,110456,110533,113300,113137,117289,123827,125679,133526,139061,141292,159700,158846
5712,33496,38191,40050,41161,70324,59438,60135,109753,80624,109752,112521,112726,117491,123453,128465,134456,136449,140653,150692,159647
5713,33264,38437,40745,41243,49602,92459,92459,73955,110033,110129,111882,113091,115873,121410,129358,132848,137177,137199,149312,163497
5714,33497,37903,39979,40718,46323,54845,60147,70316,81786,110680,112220,113983,118290,123249,130995,132013,136940,138124,150043,164522
5715,33234,37884,39992,40557,45511,56385,58621,110403,110403,110403,112749,113632,118235,121712,130441,130341,136756,138088,152365,159659
5716,33679,36715,39267,40684,46028,55064,100633,73881,81071,110463,112328,112979,116739,122025,127568,131228,133448,137822,153309,159182
5717,33697,37119,39419,40855,64822,54905,64368,68122,110926,110926,112048,113015,115629,122017,128014,131516,133831,137066,150355,157571
5718,31643,36868,39428,40561,45519,84784,58992,110128,80578,110128,112312,112872,116029,120363,127521,131239,135768,138099,149873,155374
5719,31728,36926,39273,40643,45423,57928,101378,74633,75562,110767,111884,113136,115442,122614,128102,127568,136434,137698,146609,153373
5720,33171,37506,39494,40445,65462,56026,65438,70591,108408,90007,112411,110977,115965,119577,125539,128014,138334,138290,147407,153181
5721,33260,37703,39562,39586,48209,56069,62042,70594,108805,108805,110408,111296,113973,121130,128343,131312,139611,142839,146842,153437
5722,32657,36162,37435,37939,44494,56638,62959,107042,83265,107239,110893,110844,116152,121485,131503,131859,142687,143247,146477,154120
5723,32689,35704,37795,38042,67108,84453,98415,77508,79829,107668,109649,112316,120645,124001,131153,132016,147939,144570,145771,153576
5724,29202,36559,37404,42251,45600,61261,72817,78080,115590,115590,110051,119878,120454,125158,137369,132834,150890,152055,146444,153531
5725,29098,36457,35690,39573,46008,54552,63410,73026,84233,93799,117744,118930,124367,127405,135722,135379,150743,157388,146037,156908
5726,30172,38405,36773,40898,61316,51861,65203,118404,80610,118404,116094,120381,121201,125469,133875,136507,146024,153646,145848,158572
5727,32350,36670,38311,39970,43617,73542,55851,77902,118703,91326,118488,120828,122960,124109,134259,142780,145802,146499,151750,162614
5728,32282,37482,37088,46976,48623,48753,86745,69200,78170,90950,118703,114553,124423,128350,126422,144265,138261,146296,151117,162595
5729,30841,37934,37352,40104,64383,80801,70375,69238,112370,112370,111867,115177,117464,120756,131492,140537,139039,139355,154957,172925
5730,32701,37525,39864,41865,45174,55878,89654,113449,82967,113449,114459,115469,118136,125451,129497,139875,138207,139541,160330,163392
5731,32737,38174,39933,41967,43516,50900,64327,77943,78026,94204,115469,115568,118452,125149,127022,131706,138444,138207,168802,154235
5732,31106,40094,42147,42980,67405,88084,56980,74410,125342,125342,115568,127165,118777,125366,137456,132204,146866,138444,157840,155426
5733,32255,40246,42241,42462,44853,54975,96720,71809,84308,94705,126989,127526,129356,133561,137693,131889,142999,147369,148843,147510
5734,31279,39425,41522,42907,43930,47841,57533,124797,78569,88930,125882,126871,128096,130361,136142,132220,140113,143609,147037,156581
5735,31263,39473,40506,42731,67732,62440,74526,76937,124595,124595,124797,126427,127262,129097,135993,142283,140648,141176,139964,153197
5736,30361,37237,41839,45289,45552,68136,67000,68079,84474,98718,124866,128536,127104,128687,135118,139827,138905,141436,148071,152982
5737,30428,37273,41335,43561,44427,55198,97443,63603,75356,93056,125535,128350,128686,131270,136489,137805,143035,140489,147798,162065
5738,29674,37381,41128,41862,69019,88680,60620,115239,90208,126621,125958,130163,129149,131535,135697,137814,143630,144380,147413,149048
5739,29738,37574,42716,42430,48332,54637,57312,74956,127913,98327,127068,130008,131821,131723,136924,137645,144579,143232,156990,147528
5740,27182,36070,41518,44214,47966,51085,94691,68866,83940,88338,128257,128018,130179,131690,136672,135638,146500,144207,149048,150407
5741,27943,35345,39951,44169,46297,52189,61591,68337,79420,124160,125856,127439,130553,133192,137780,137186,146283,146663,145587,148908
5742,26545,32918,40054,40783,66119,85554,60425,120297,82371,97663,125353,126585,128336,133145,138071,138153,147541,146457,145127,149195
5743,26523,39236,40149,40951,45407,58709,101156,79943,120547,95182,104633,126549,127090,131107,138409,139736,149357,144766,148447,157527
5744,25108,32748,40668,40822,42893,52834,64889,73212,85879,99157,122228,124188,129124,131669,135609,140247,150942,151188,147690,158252
5745,25087,37007,40506,40767,64573,52589,60796,72798,79755,119898,108160,123858,129136,131352,135343,139914,150031,150942,157270,159574
5746,27069,37275,41010,41771,48948,79665,94630,68756,87272,90623,120127,116839,130545,132420,130172,145176,143636,150031,157295,161110
5747,27128,36134,38674,42032,49173,60949,67559,110978,111219,113041,106742,120506,121582,126991,135516,142982,151338,145803,157669,166929
5748,30475,43370,45327,45917,51452,59779,63685,81426,86195,93752,116990,116504,126337,127490,131156,142497,143577,154619,152157,167652
5749,30551,43606,45536,46273,50491,57495,63720,75087,82305,111785,113348,114151,122813,124926,133551,136873,141751,149872,152541,159916
5750,39418,43052,48533,50225,57138,60797,95610,74799,113954,97134,113303,117698,121132,125225,131414,142737,144744,146647,151509,164604
5751,39384,42937,48598,48453,55243,67722,70910,113941,84628,114135,116869,119184,123324,125023,135560,135703,142980,152068,152916,165310
5752,39007,44968,46508,48111,52563,64988,67512,78936,81333,92223,115016,118738,119981,125030,137140,134312,146448,151588,159276,174025
5753,39058,44974,45551,48069,50166,64530,66363,74571,115913,115913,109438,120472,122149,125586,131634,138841,146731,153928,155562,163266
5754,41194,45257,47178,49655,52420,59526,63392,74668,86718,95615,116942,124050,122925,125820,136306,138290,150261,150367,165023,161894
5755,41098,46032,47056,49490,52685,59023,95475,77226,80870,122246,122664,123961,126498,128371,139822,139079,148233,157051,156301,161986
5756,42816,48286,49886,51327,54920,61890,72941,82118,133702,103678,106100,135130,126980,129229,142479,140373,152854,152288,157007,164025
5757,42954,48484,49693,51536,52450,59464,62983,95673,88131,92610,134337,134623,135833,138247,141202,141777,153783,159348,159318,165850
5758,39522,48102,50115,52114,52995,69253,64374,78204,81771,91674,107059,134253,135443,137663,142052,142491,153296,159006,158510,166637
5759,39575,48137,50187,52223,54018,60567,88765,76339,80948,133088,103925,133891,135887,137532,140924,145251,152280,160131,162476,172271
5760,40813,49621,50852,52899,53965,61709,67701,92256,83000,100032,133504,137224,135704,136808,146433,149266,155618,158452,161353,168875
5761,40722,49232,50802,53159,53929,62078,65669,77224,137046,94463,108841,137381,138481,141038,145373,145122,156136,161930,163792,177775
5762,41033,48604,51490,53511,54826,62376,68467,72213,91643,95319,107732,136181,138235,140259,141554,145922,152519,159470,162554,176343
5763,40894,48665,51464,53527,54448,63352,105755,123335,83945,135637,106541,136040,136624,138823,140808,148459,152648,161101,170093,173730
5764,42005,50366,53023,54655,56107,63587,69264,83143,85048,98585,135637,138995,136414,139199,145004,147125,153265,160905,169426,173305
5765,42850,50474,52747,54803,56181,64197,67498,73992,82194,94144,107283,138698,140012,141340,145193,145687,156900,163099,165233,177082
5766,42521,51164,52850,55189,56489,64394,67299,75270,82692,93238,104336,139729,140008,141045,146020,145494,152982,163870,165675,176835
5767,42490,50994,52759,55256,56523,64454,67064,78006,139364,95047,107964,139738,140604,142229,144929,149072,152485,163529,170577,176039
5768,43810,52212,54942,55776,57161,65255,68434,76275,86534,142792,139364,115240,140333,143546,150412,147713,156571,163958,168550,176015
5769,43889,52436,55084,55649,58057,63809,68539,79571,84136,96982,108537,115468,144448,146456,147669,149651,158365,161732,170520,179063
5770,44441,51359,54037,55513,56996,62151,71581,118879,86948,91559,105479,142851,144539,145416,150471,148666,155432,162102,171329,178630
5771,44341,51690,54521,55351,57183,62633,80458,80495,87329,92011,105567,116263,143956,144803,150007,154940,159085,164454,173299,179596
5772,45904,53554,55789,56680,58647,63920,68698,76840,86628,112761,142346,115500,144355,145237,155390,154187,159982,164719,173336,178394
5773,45897,53772,55899,56709,57999,63869,69157,77069,91975,92840,108241,145790,146328,147496,155207,152796,161571,166697,173653,180755
5774,45847,53196,55870,57545,58199,64253,81596,80605,121272,143621,103711,116533,146705,147565,152349,153097,161377,164489,173646,180137
5775,45158,53207,56270,56953,58440,64020,69246,76387,89490,98587,103035,117044,145301,146660,152056,157505,161957,165027,174583,180043
5776,49448,53998,56690,58079,60251,64976,75513,81544,87262,92977,144132,147786,145451,146432,155471,157343,164414,166393,174095,180019
5777,49736,54207,56861,59043,60443,65264,71796,81162,86196,92933,110033,119570,148506,149138,155969,155058,163943,168863,172977,181034
5778,48476,53684,56120,57346,59292,64547,77383,81800,86307,93105,106906,113373,148946,149661,157690,154700,162553,166682,173144,182246
5779,48628,54166,56346,57379,59126,64740,70356,82263,91782,144919,101852,113781,147356,150107,157431,156770,161883,168312,175030,182350
5780,48706,54096,56221,58305,59267,64734,76998,82084,123592,97488,146121,148898,125567,150997,160627,156910,164210,167621,174422,182763
5781,48664,54261,56463,58490,59403,65022,71853,90071,89073,93671,113238,115207,149461,153882,159220,159588,165000,170193,172661,183265
5782,47931,53415,55557,57432,58672,63645,76685,80722,85704,92768,108333,115752,128462,153936,159524,159933,164534,168587,174105,182090
5783,48053,53584,55529,57576,58859,63912,74189,80312,86347,93542,102214,148601,123852,153281,159010,162604,165826,169401,176555,183683
5784,48156,53806,56060,57383,59132,63932,69155,81142,86145,124295,102254,117207,148719,153726,159351,161720,166613,167589,176143,185398
5785,48342,53667,55834,57666,58908,63655,69274,102270,92794,95082,147821,115345,125785,150748,158366,162323,168450,170701,175776,187191
5786,46997,52372,54858,56089,57905,62379,68001,79314,102542,92638,109295,117378,148939,150608,158549,161658,164254,170402,176580,187658
5787,46956,52320,54718,56134,57551,62116,74855,79366,88962,131771,107354,145115,128095,147005,155790,162520,164365,168340,177530,185404
5788,43929,50518,53232,54185,55772,61591,68130,80133,86772,95920,109202,115970,127387,147261,154520,163480,162695,170554,178418,187225
5789,45504,51081,53411,54445,56054,69916,73434,79839,140443,94656,105801,113534,142646,143040,154621,161148,163763,167790,178145,187920
5790,45956,50629,52723,54155,56438,64549,70131,78688,87489,94083,106091,141591,127663,145918,148093,159619,160476,167077,178775,187142
5791,45930,50691,52827,53897,56298,64283,92553,107320,86979,139648,140082,118184,142791,147855,147845,157300,160452,167510,180990,187400
5792,45314,49503,51736,53990,55191,63686,74087,81774,87685,98164,111068,113616,125884,147608,151513,155493,160649,167087,180154,186926
5793,45281,50100,51856,53857,55668,63790,72787,81503,87208,94756,105333,141144,141458,146397,151928,157847,161099,167174,178375,184736
5794,44682,49362,51294,53219,55365,71292,72557,81496,85749,92498,105275,116635,141622,146201,150297,158124,159623,166030,177855,183716
5795,43062,49360,51417,52682,55310,63187,67300,82465,86758,92760,138617,112855,125551,142871,151777,157480,161523,164982,174461,183879
5796,45086,49304,51683,53450,55822,63940,73187,82944,87709,139711,109560,141520,140390,143159,153230,156861,160535,165734,179987,183444
5797,45131,49319,51707,53754,55836,69810,69114,81458,139378,97191,103255,116703,142119,143735,152474,155168,159672,165621,178125,184793
5798,44810,49479,50864,52871,54977,63433,72969,81425,88618,92662,105008,140870,126729,144835,149709,155120,159562,164966,177909,185058
5799,44968,48562,51017,53048,55583,63613,72783,81713,85889,93486,140059,115645,141419,143468,152378,155829,160285,166098,177290,184181
5800,45009,48674,50829,53324,54937,63238,74435,79823,86759,93984,109091,114978,124862,144415,148359,155628,162158,164982,176155,184287
5801,44929,49317,51723,53588,55546,62480,66573,78023,86496,141381,105755,142831,143645,146646,152185,156974,160819,167586,176377,183298
5802,44557,47874,50304,52288,54149,61796,73522,80105,84174,94296,105718,113287,144032,145787,147510,155736,161210,166215,176813,181923
5803,43957,47925,50332,52608,54258,63045,65974,118535,86274,92822,129116,123628,122313,144809,146338,158548,162471,166828,175458,181341
5804,43409,47986,50840,52257,54145,68803,94522,82455,129456,95119,108704,143110,142335,143766,149462,157816,163142,165857,176158,184045
5805,43343,47637,50641,52624,54016,61590,71033,78151,86648,141366,106331,114057,128231,145689,149650,157191,162773,166278,175944,185935
5806,42309,48214,50772,52176,54091,62156,74256,78903,85350,96300,121114,114265,145782,146520,149548,156373,162212,167777,176468,182087
5807,42332,48474,50533,52379,54566,62301,72603,77711,84017,95351,106095,144183,129377,146003,147796,150527,159706,167519,176100,183144
5808,42902,47301,50342,51996,54240,69095,72560,77770,82308,93282,143334,114277,144609,145751,149169,153058,162345,167800,176456,183046
5809,42871,48624,50363,52296,53953,70303,71421,78540,141601,94784,110026,114399,122273,145260,148415,152561,161814,167628,176207,184099
5810,41122,48192,49668,51516,53843,60657,72235,76807,85290,141300,107456,141918,143984,146462,148493,150522,160806,169186,176009,183686
5811,41559,48131,49483,51380,53690,60841,71844,87512,85531,97959,106629,118202,120753,146452,147907,153417,160269,167780,175711,183108
5812,41595,47949,48784,51170,53445,61014,71002,81907,86727,91647,105183,112667,144194,146535,147946,156747,159195,166772,174654,183269
5813,41778,48072,48763,51258,53774,60877,70819,81310,85125,91319,140446,141071,140709,144212,147598,152698,160806,166260,175636,183013
5814,41092,47754,49533,51854,53092,60679,64590,82881,85720,92119,110657,118239,127007,143908,148942,151839,162488,164627,174737,182931
5815,41135,47960,49564,51564,53063,60517,64166,89928,85937,140329,109335,130868,141988,145230,149004,151180,163161,168065,174839,182829
5816,39728,47373,49160,51403,52117,59350,106517,80157,138619,98613,105434,118588,127390,144865,148931,154495,163245,167582,177604,184565
5817,40140,47571,48904,50982,52056,59469,73409,81330,89239,95760,103797,140403,141304,145315,148647,153001,162668,168095,177925,182978
5818,39572,48094,49335,50831,52441,59385,63956,81322,85144,94328,139752,117886,141471,144751,148266,154083,162681,166118,178154,184534
5819,39669,47507,49175,51993,52763,59348,63797,93707,85391,95165,111877,114060,127114,144819,147202,153209,161738,165861,176735,182009
5820,41951,47753,49505,51471,52695,60225,63981,80464,86443,140095,108782,140882,141127,145191,147789,154657,163426,165388,176512,182261
5821,41967,47145,49631,51548,52632,60874,65395,80463,86623,99405,109776,119054,128158,144351,148400,152946,163542,165674,176193,182487
5822,42679,45545,49639,51142,52751,60062,108167,81564,85697,95238,105566,115359,142159,144791,149127,155346,164309,168205,176011,182386
5823,42623,45640,49733,51293,53363,60177,74234,79753,139781,97003,140468,140986,129805,144463,148899,152259,166744,166706,175193,179903
5824,42859,45401,49924,51613,53860,59774,63376,112206,94223,98188,111951,119634,142911,144947,149442,156364,166840,168100,177841,183462
5825,42879,46457,49920,51582,54070,59708,62343,82283,87573,94329,112418,116929,129973,145472,149385,155409,166362,170318,175279,183496
5826,43373,48528,50515,52344,53345,60463,72564,77610,86545,142008,108023,133410,143731,145472,150436,154669,164380,169486,175021,182351
5827,42358,48303,50085,52247,53864,60475,63603,76981,86833,98562,107477,116581,129762,146670,151251,154758,161038,168948,176659,181073
5828,43442,49129,49476,52420,53422,60040,71171,75708,84206,94112,107510,133989,125568,146979,151995,154912,160160,170583,174672,181296
5829,43582,48070,49966,52718,53838,59891,95178,77824,83401,95870,144202,118130,145238,148680,152038,154406,161701,170165,177498,181565
5830,42546,46875,50385,52726,53909,60218,71153,81052,84159,95829,112745,118455,125595,147756,152631,155118,162013,170404,178972,182212
5831,43143,49346,50715,52815,53966,60623,63118,105638,144823,115122,108622,145867,146759,147140,152590,155256,161594,168877,177767,181818
5832,43998,46398,49295,51585,53494,57245,63651,80519,87090,97830,108608,115477,124627,147577,152138,156941,162374,171229,179243,180405
5833,43362,47755,49665,51637,54346,59773,75790,71373,88423,95330,107138,116433,144911,146121,152329,156764,162248,167838,177341,181476
5834,41777,46797,49150,51946,52963,60185,63031,77656,86998,143226,107684,143486,124224,149060,149259,155173,161772,168759,177055,182775
5835,41728,47193,49329,51865,53056,60076,111657,80196,86865,100108,142867,119796,143948,149098,150614,156002,160384,168530,177576,183401
5836,41760,44744,48714,50621,51793,58714,64574,118939,82887,93457,113437,114798,144772,148403,146531,155923,159392,167583,175417,183260
5837,41243,44568,48649,50360,51989,58837,68568,84626,82992,97481,105446,119725,127154,143660,146965,157821,161397,165808,177875,184794
5838,40172,45250,47991,49254,51285,58435,63335,75077,127093,97024,106005,139257,127421,142784,145876,158097,158785,168386,177965,183002
5839,40247,45001,48299,49875,51593,58124,62183,75152,92782,97217,105215,117293,139942,142374,146808,156651,158797,164538,174409,181114
5840,39947,45642,48192,49869,51560,58208,84149,75433,87269,126594,139376,112108,141852,142434,148422,155823,158611,162684,178564,181566
5841,40038,46086,47745,49898,51285,58788,61754,75336,86890,99151,109877,138759,125541,143171,150120,153767,158653,164639,177027,183666
5842,41037,45585,47366,49692,51292,58457,85397,75625,86199,95450,108985,116715,139929,143043,148880,154645,156827,164845,176718,182622
5843,41028,45732,47318,49744,51116,71444,62176,126305,86548,95695,108154,139446,140579,143776,148603,152339,157820,164774,178216,180337
5844,40661,45036,47377,49401,50093,58455,69599,85006,86366,126521,108189,115336,127379,143399,148243,152292,156161,164116,178185,182225
5845,40632,45500,47343,49093,50251,57345,107439,75948,137327,97708,111592,138030,139959,142888,147684,152457,158153,163627,176420,181739
5846,40620,45767,47675,50275,51271,78631,66536,81797,91740,96430,137687,117941,140376,142985,149378,151857,158577,164462,176458,182134
5847,40521,45884,47965,50117,51457,58484,62447,81907,88696,96352,110526,111798,127282,143415,149150,152233,157650,167206,175528,182179
5848,41807,45912,48389,50743,52676,59548,63108,78136,87735,117845,108643,140532,141397,143231,149630,152148,159033,164648,175167,183355
5849,41836,46084,48673,50190,53012,58768,63499,78110,87810,96561,108274,116143,124614,144824,150041,153807,160255,166022,174590,181156
5850,41877,46574,48714,50259,51853,58762,108565,81781,87914,95720,108059,140907,141452,144007,146686,153917,161089,164882,174229,182031
5851,41783,46259,49177,50223,51784,62255,72897,81746,87947,140572,140730,115966,141788,144915,146875,153493,161350,166155,173784,183492
5852,41097,47822,48880,51098,51812,62415,70419,82609,89470,97715,109988,113602,126144,144927,147911,153742,162105,166292,174059,183871
5853,41121,47840,48836,50597,51938,62495,70376,82792,87674,97497,108109,143262,144660,146439,150508,154321,161883,165127,175990,180962
5854,40575,45702,49248,51423,52889,63041,70799,81000,140342,96726,105005,117400,127714,146533,147580,154225,161990,165082,173719,181645
5855,40313,45633,49135,51312,52678,61304,69266,80554,92272,96748,104932,113093,144726,146834,150872,153196,159786,165570,175000,180508
5856,40971,46557,50056,52064,53597,72057,66455,80884,88978,96175,143613,143936,127545,146947,148178,154905,156916,165802,175495,181103
5857,40669,46941,50174,52541,53482,63189,66530,80844,88604,141591,110730,116860,144021,145998,148186,154358,160313,165825,176172,183634
5858,42652,47544,50659,52295,54305,63083,71734,81163,86607,98814,108114,113683,127170,146409,148795,155891,161836,166985,175176,182132
5859,41355,47696,50804,52378,54695,63003,72927,81714,87032,95220,105297,144724,144944,148228,149193,156335,161303,168182,176591,182884
5860,42216,48652,51772,53870,55420,63286,70244,88191,86770,93624,104972,112301,127455,147769,150102,155686,158122,168280,173914,182165
5861,42222,48798,51752,53881,55328,62355,71707,77755,87000,93225,143108,143405,143882,144481,148916,157935,158318,165349,175254,181426
5862,43912,48304,51772,53520,55542,63572,65963,98433,83915,127436,108492,111061,121243,145850,146210,158739,158280,166360,174944,181995
5863,45213,49369,51932,53699,56168,62833,107282,81250,139316,96651,103352,112180,140695,142891,146497,155065,158726,165198,176616,181725
5864,43243,46152,51732,53343,56546,62062,67020,74739,90690,92797,103242,137995,140691,142349,146091,155689,155879,165132,175317,182999
5865,44421,49306,51886,54071,56432,62306,66424,74803,80549,95100,138051,112279,124564,140040,147016,152862,157231,162650,177649,184181
5866,41276,48025,51523,54776,56070,63062,65427,123088,86869,135834,105820,135936,138108,139942,143738,153255,155284,163477,177102,183987
5867,42694,47961,51511,54386,55952,62945,65519,84579,86849,94893,104383,111154,136205,138202,145641,150414,155199,161379,177020,182593
5868,43620,47469,50666,52772,54837,62212,64690,73175,88613,92380,136290,132489,136641,138847,142937,150128,154092,162648,178144,182204
5869,41424,47837,51651,53384,54844,62528,101640,74648,88100,90567,103004,133247,132946,135100,142785,150312,154203,160258,175407,178215
5870,42064,47193,51847,54071,55172,62406,67745,84071,96381,134167,104137,114676,134874,135975,144082,148815,156159,161629,175902,179298
5871,41971,47181,51645,54306,55260,62199,64826,83061,85553,95290,134167,133979,136015,136798,144023,147707,155662,162743,175609,177057
5872,43945,47822,50923,53246,55561,61927,66081,81928,132873,94405,103893,110874,135198,136164,144133,147583,155460,161067,174861,180896
5873,44030,47855,50872,53423,54826,61441,65492,84293,83683,90249,102150,133677,134964,136167,144327,148390,155311,161480,173912,178367
5874,40997,47072,52038,54089,55143,62566,101552,77390,80905,133579,133677,133682,135366,136333,143834,147492,154202,161513,173681,179149
5875,42118,47848,51885,54120,54400,62453,66451,77267,81607,96467,104456,111110,135704,136338,143369,147763,154389,162502,170571,179947
5876,41297,47155,52010,52529,54388,61254,64901,79709,121691,93508,103158,133550,135293,135841,143625,148137,155136,162179,170507,180185
5877,41559,47070,51981,54008,55240,61426,64264,77246,82867,122053,133400,123903,135295,136077,144094,147555,154832,163005,171218,179790
5878,41150,45753,51003,53483,54287,60132,65899,119163,78720,93412,104308,131664,135577,136437,142290,147375,153005,162772,171576,180065
5879,41655,45876,50550,52441,55815,61748,100395,78325,91551,93793,105850,110351,133432,134616,142508,147449,154009,160728,172477,179684
5880,43292,46348,50319,52311,56250,64058,66794,76182,118966,131542,132292,131651,134070,134970,142186,147930,154142,160716,172776,179874
5881,41005,45740,49988,52419,56516,62238,68283,75478,82615,96415,103963,131970,133367,134878,143016,146899,154102,161106,171510,175767
5882,41893,46382,51022,52277,56610,60720,67140,73568,80719,92875,131864,113569,133746,135460,142377,148065,154229,160913,171755,177565
5883,39879,47128,50078,51358,54683,63449,64732,72354,107614,91945,103878,129278,133914,134900,140861,147630,152898,160311,171164,175832
5884,39008,44245,48806,50472,54181,62321,96272,126259,79711,126259,103808,126363,131074,133127,138790,148021,151818,160309,168355,176191
5885,40015,46297,49186,50414,54997,61791,66236,75365,104772,96784,126259,125966,128679,131699,140487,147677,154089,158605,166422,178583
5886,39011,44847,48529,50499,54477,60776,64536,73035,79782,95455,106067,124689,128552,130572,140131,147279,154011,158525,166804,179521
5887,38336,44767,49606,50843,54532,62650,63989,73010,124880,124880,124431,125108,127400,129696,140425,145040,154261,157137,165919,178674
5888,38985,44555,49279,50306,54396,62080,103839,73080,88797,91564,105434,124625,127740,131072,139909,145621,153628,157687,166573,177006
5889,39874,44487,48103,50482,54325,60864,65746,123149,78855,93928,124405,123375,127233,130489,140288,144555,151202,156898,165921,172872
5890,39208,45642,47590,48898,53789,61244,63430,76105,82405,119723,105224,121670,126191,129170,137463,144773,148031,155762,166674,179673
5891,40103,43733,47120,48799,52797,64917,62255,72327,119849,95826,119723,121419,123531,126873,136840,144228,147939,150234,169808,177629
5892,37428,43643,46630,48531,51821,61389,70681,75234,82244,88341,103562,120375,123281,129147,136529,145281,147071,152472,170045,176822
5893,37979,43377,46835,48347,56488,61934,98592,72075,80266,118628,118245,120585,123287,128200,136770,141930,147844,151278,164068,177326
5894,39034,43480,46436,48365,56522,63208,67905,118517,118517,94634,118753,120544,123922,128537,136587,140913,147891,158429,168299,174670
5895,38702,42739,45729,48093,54522,61499,63429,75655,80446,116524,110361,118480,123548,128414,135828,139370,145803,158284,167891,171023
5896,37897,42430,45427,47312,55275,62818,63620,76098,77436,92787,116524,116096,122105,126216,133419,141134,147718,154512,163660,170686
5897,38777,42543,45618,47217,55475,63022,73224,76493,113805,113805,113383,116460,119827,124248,133715,140393,148281,150022,160919,172318
5898,37677,42594,44314,46546,53772,60146,72304,72429,78549,94380,113983,115255,120226,127152,131469,137833,145514,150626,161987,172675
5899,38348,42847,44985,46613,53463,78955,78955,102568,112526,112526,112194,115996,119846,126911,131081,140054,146127,148407,160729,172957
5900,38284,42240,44847,46428,53385,62401,64796,79981,85752,97272,114411,115801,120165,127246,130935,139919,145697,148349,162115,168772
5901,37731,41169,44371,46355,52335,59841,102441,72192,82712,112555,114512,115831,120047,127043,130748,137900,144214,148906,161372,164168
5902,37196,40502,43960,45768,53720,59347,64478,77163,110744,96074,114345,115273,119092,125832,132147,139652,145373,147713,156894,171769
5903,36825,41029,44108,46061,53240,59963,64718,111402,83790,111402,113342,115798,118244,124571,134859,139098,145542,148845,154000,170515
5904,37296,40915,44144,46030,53015,59683,64803,80798,77948,96358,114079,115260,118633,123628,136159,136599,143872,146618,161615,168647
5905,37374,42760,44259,46025,54039,60019,65854,79177,112609,112609,114211,116773,118759,123486,136955,136903,146438,146366,158630,171405
5906,37977,41525,44263,46181,54006,60185,102747,79132,79833,91256,114826,116686,119955,124885,133573,137561,145875,150450,160190,167864
5907,36006,40653,43591,45782,52623,71421,65890,77555,111812,111812,114903,115429,119451,123960,132621,138798,146393,150067,159738,169669
5908,37179,42317,43057,44808,53548,61943,69289,77711,83039,110217,114571,114321,118945,125160,132718,140419,145235,148583,155668,169194
5909,37275,41847,43811,48990,52534,62388,66445,73426,88639,96441,113328,114561,117369,124086,134982,140564,145595,148486,159394,169163
5910,37348,41394,43067,48925,53627,62182,65099,109869,109869,110441,113845,114519,117813,123647,136935,140141,142848,149117,158072,171425
5911,37401,41780,43563,48666,54078,61687,76572,76925,85195,95977,113550,113978,117662,123503,136231,139097,148887,148504,159595,171286
5912,37394,42414,43854,47997,54043,62630,65681,75873,78249,109615,112836,113967,117921,122745,135792,139191,147214,152870,160883,171373
5913,38378,43537,43507,48225,53140,61936,98336,75941,108178,108616,112282,113613,117330,123083,135403,139258,146551,150388,161168,168562
5914,37673,43242,43220,48184,54728,62024,67243,106043,84775,94557,111192,112358,117575,124975,132599,140894,145069,149860,161210,169086
5915,38288,42868,43087,48077,54701,61268,64591,79422,106220,105901,110420,111929,119780,123105,132535,140112,147934,149749,160034,167316
5916,38658,43187,43056,48116,54674,61259,64307,75711,84435,106613,110187,112398,117646,122652,132624,137518,148010,155703,160565,171984
5917,38565,43156,42984,47296,54542,61761,88101,73943,105333,105738,110033,112392,118158,123023,134150,137997,148946,155754,161334,171769
5918,38473,42111,43249,47879,54020,61338,66584,88938,81087,105188,109132,111334,117363,123072,134193,142023,148500,155725,162167,170552
5919,38677,44076,45592,51818,57205,67236,68923,80727,124334,124334,109370,126895,117040,122674,138402,141594,151652,155339,161718,169846
5920,41664,46483,46549,47926,58130,62431,67353,75751,85618,94227,125825,116723,128552,130563,136168,141023,150304,157999,165012,169188
5921,41664,46646,46290,51380,57723,66324,89438,113635,88861,95705,115622,118639,121215,128836,136433,141237,151893,154046,165030,170769
5922,41677,46780,46453,47824,57811,66111,72535,78941,86847,95082,115863,118491,121739,130359,136324,145451,151168,158439,165411,167941
5923,36320,41694,42869,48750,55757,64857,69877,78253,86207,110678,115290,119906,121952,129674,139975,142954,154243,158826,164699,169192
5924,37742,42385,42002,54333,63309,70159,72966,79033,110039,110651,111077,117477,119903,132415,137520,143570,155107,160224,166345,179053
5925,57406,62744,64159,68930,71835,78829,84899,95050,101339,112632,114027,135808,125980,127415,149599,144085,159291,161285,165329,173041
5926,55588,61386,65424,65011,65897,73284,73896,84664,88923,99145,133472,135368,140141,143061,147939,144718,157642,164716,171958,178393
5927,51746,58950,62669,62996,66055,68868,78479,79259,86018,96483,133141,138032,138560,140400,147358,146621,157704,164742,166394,175589
5928,51676,58814,62381,64712,65655,70273,72830,84972,87927,96506,111899,138619,140526,143151,147435,152681,156571,163183,171439,180616
5929,58744,64431,69073,68398,70923,76874,84695,96010,102887,233191,112537,233191,139619,143050,234893,152752,236587,162021,171001,181394
5930,58313,63214,68234,68017,70650,76395,77964,84047,88984,101281,144313,115443,233191,233905,233303,153006,233303,237286,172665,183197
5931,56834,62847,67919,68421,71354,74984,74820,81622,88174,95218,109546,112410,233056,233056,210315,152913,210315,233303,172960,182091
5932,57163,63661,66625,69018,71361,72904,75077,84088,89151,95439,108308,115354,121349,138605,157596,235327,209724,210174,175986,181671
5933,56717,59774,67224,68504,70750,75034,76407,81148,125576,95443,109554,170496,121301,133427,145365,233303,160725,210312,175016,180453
5934,56655,60295,67325,67018,71154,73481,76905,81212,87163,95627,104378,121047,126643,133622,149115,210315,188332,188883,174695,243450
5935,55802,61827,64961,68639,70088,74848,78048,82064,87995,96654,106734,112491,128712,185576,148150,160417,188058,188676,172160,235416
5936,55004,59762,65117,68110,70597,74872,74505,81384,90873,96386,169093,120807,130195,141239,149092,150314,167776,188171,240563,212542
5937,56536,61643,65979,68206,73304,77236,81372,86865,92797,98671,117895,125349,126908,139793,152956,187595,199107,187989,235167,211401
5938,58829,63695,66897,69460,73901,77633,78642,83125,88931,96017,114112,113853,134398,143006,148680,157043,173861,199546,212052,190927
5939,60517,63639,67172,71696,73651,77409,80987,89359,97359,105526,104520,129331,131264,138745,174529,187527,202480,199699,211147,194785
5940,61407,63781,65846,69207,75388,79072,80886,86312,91047,104434,115878,115818,146527,159484,152338,163224,168252,268620,189485,192626
5941,59963,61836,66871,69762,75148,75440,79305,85362,89786,98731,108922,114242,128373,132974,145502,156906,163819,181079,191829,192591
5942,60313,61615,67466,72277,74880,76580,77734,91347,95220,101153,108931,188475,122034,130808,152718,185646,161049,170329,191909,202843
5943,59540,60245,67345,69651,73405,76717,78514,90502,99397,103821,110103,117199,121429,163676,145935,157040,164945,175173,191762,202961
5944,58621,61072,67344,70617,71507,76467,78792,85611,89305,102358,109636,115675,201777,128403,219399,156468,240656,171157,202490,270861
5945,56678,62010,63969,70066,70738,77492,78266,90378,98164,102249,110102,116357,130562,159596,157768,157246,177417,170456,201381,270586
5946,59647,64106,63893,68385,70168,77539,78047,90689,98776,99627,109536,115720,125162,135182,147268,240394,168526,241632,269902,244239
5947,59537,61500,67144,69552,71780,74875,77337,85576,90030,100940,110234,114941,122250,134970,143558,166397,168644,180192,270586,243580
5948,60033,60564,67463,68943,71991,76900,78551,85231,95914,103513,108667,114311,120876,220313,143003,160847,167078,171460,185533,240888
5949,58331,61228,69150,69208,71934,76438,80052,85168,90413,99335,110076,116038,121900,137065,146920,160810,169882,172365,184260,196052
5950,55990,60696,67355,68878,73135,75804,80570,84489,90137,98790,121671,186454,171375,134640,148915,155758,169985,172140,184039,195455
5951,59991,66178,66470,68791,72991,79286,78700,86673,92840,101736,109212,124615,126709,129712,143001,149835,164920,246370,240656,241833
5952,59483,66389,66322,70143,72437,78915,79404,84658,90227,104378,110328,116083,123003,127716,242280,156487,156985,179495,192969,195882
5953,60410,63660,67112,70838,74042,76314,77810,88710,93484,102326,168044,116161,127387,128423,144843,157578,239122,170151,184696,195383
5954,60311,66481,66610,70567,73384,77497,79845,88239,93456,101433,113301,116387,122221,215820,144600,147462,174341,170106,183691,222727
5955,60532,67317,66949,70892,75564,82492,82932,88589,95078,103270,109996,117819,215916,142242,149593,242280,167219,169418,184291,196558
5956,62247,67264,67391,70586,73932,82013,82533,88859,93761,102107,109049,116773,132292,130035,149500,163917,167185,237718,246279,193376
5957,59450,66732,67730,70138,73863,83281,84497,85642,93826,99310,109430,115229,123898,134950,148210,157125,167300,179226,193413,242280
5958,58448,66134,67780,68945,73637,83297,84283,88328,94701,100672,110285,115746,125920,129229,140369,156661,165641,175771,184467,193356
5959,59832,62551,69408,72933,76988,82602,80725,87255,91433,98191,112114,198237,125311,130865,147056,153414,174514,172765,185366,194005
5960,60455,62430,68807,70046,77259,84585,85793,86462,91171,102051,110489,119973,126556,139415,148206,157117,239122,180247,184820,237718
5961,61160,68080,69321,70522,74642,81980,84806,91872,93802,108507,108064,116743,127427,215831,148452,147356,176576,239147,239283,194885
5962,60608,68111,69639,74495,74109,82303,85709,90639,94093,97948,109221,116946,128726,148091,214942,158237,169544,185694,192312,192043
5963,60896,69631,70482,72450,77433,84646,85688,93270,95780,140912,109207,116698,126059,130942,155895,238527,168656,183849,185048,234128
5964,60948,69843,73888,74227,77214,83839,86408,92887,95992,102509,109389,117571,126987,137331,154997,163788,168552,182109,183919,208618
5965,61699,70354,73493,72393,76276,82084,84553,89600,92925,101919,107777,117014,214868,140226,157932,157107,170330,182228,181649,196140
5966,63080,69461,72813,73774,75862,81471,84513,90531,93237,102281,181860,116834,142699,146804,151479,157171,170089,177541,240106,196698
5967,64221,70922,76036,72668,74614,83627,87681,90157,93577,100211,113774,113311,131197,135658,141158,157542,170953,177981,192150,239768
5968,64056,69065,75143,72518,75035,84713,87906,90535,93625,101940,109305,115233,127721,140097,148832,159657,171509,179373,187066,208207
5969,61567,70261,72209,76692,78866,80392,81652,90675,92985,100499,109669,195500,129442,137592,154122,165024,168925,179292,187372,198065
5970,61895,71049,72056,75655,77102,80110,87786,90611,92263,100037,107204,124238,125622,137143,154096,160782,169837,238232,188665,200383
5971,63538,65640,69518,70724,76339,78422,80395,85291,90270,100258,109393,113867,126166,137078,151162,157403,229391,188781,239609,201340
5972,63393,65711,69567,70845,74984,79480,80093,85841,121525,101076,109287,115551,123880,174239,151647,153792,171186,174011,199641,221137
5973,59666,69140,70688,70711,74780,79293,80756,87335,92233,99987,109369,115490,130937,145736,148389,237167,170742,173602,198763,208293
5974,60772,68120,71116,73461,74848,79331,81445,86835,91980,99934,107447,115119,123848,138837,148602,165152,170288,173572,193531,194991
5975,58502,64671,67445,70786,74349,80848,80572,85954,93440,117853,107634,115543,122991,131789,159102,164141,168017,173727,193932,239576
5976,58982,65317,67175,70845,74546,80826,80511,85116,93875,98540,106575,115928,128672,136187,155898,163141,167313,222317,190045,199551
5977,57765,60618,66122,69111,70984,75583,78087,83295,89969,98945,106732,112970,142615,221154,146837,159927,169351,179801,190518,200025
5978,58441,60479,68098,69781,70776,75971,78381,83289,90027,99716,167112,182626,124884,143751,219085,158806,168467,177645,186937,197500
5979,56495,59661,64451,66956,71028,75718,77450,85408,90497,148503,110201,116718,218408,137552,151095,158903,212964,177237,186983,197919
5980,57113,62018,64626,67274,70709,75554,77601,87522,90213,102020,106769,115776,132048,133552,153483,160041,173199,195520,226587,226885
5981,56309,62810,66331,69986,72778,80139,81047,88282,92124,101631,108695,117946,129514,132673,153496,157860,170312,175447,195509,197027
5982,55647,64266,66304,67708,72838,78402,81867,87844,92609,97803,110515,115403,127494,135091,145077,158495,169980,219048,184495,221282
5983,59405,63727,64590,69044,76659,78751,82075,88732,92372,97264,110667,119639,127347,135338,150094,157836,169623,177611,184781,193890
5984,59382,63707,66554,70183,77023,80241,83339,86983,91659,98289,108444,121907,135079,137160,149864,155505,169492,178055,220589,215448
5985,57683,63139,65598,68658,72765,79053,81590,87614,92270,99447,108641,115707,124142,131658,148056,216874,216299,180537,193085,22
5986,58859,63008,65549,68268,75328,79165,81656,87211,92534,99493,107331,194087,120433,214966,154506,167059,172896,173703,187447,202604
5987,60001,64123,67948,70834,71556,79005,82851,86565,96309,96129,107916,121664,129658,149957,153211,158796,165251,217257,214548,219710
5988,56405,65479,67680,72430,72373,78593,82751,87484,92102,97892,167120,117812,126956,138581,153230,157677,164887,178512,193489,204202
5989,58102,64645,66345,72217,75419,79544,81278,87857,92204,162900,108695,117486,126760,135471,151522,158216,168093,177733,192411,197752
5990,59304,63976,67707,71519,76748,79420,80692,87780,111679,101640,109423,117682,132071,137258,152045,154539,213833,214253,191556,223014
5991,57711,63207,68490,70905,71615,78769,80801,86949,92963,99259,109728,116307,126358,137302,209455,154690,173244,175130,222114,194375
5992,57743,62689,68709,71530,71821,78362,81267,87686,92371,98155,109841,115390,209770,140677,157581,213352,165596,177155,186828,218280
5993,57753,63429,65867,71197,74698,77548,78924,88047,92164,98258,108650,114365,134841,133524,147522,161569,158438,174750,186676,205343
5994,58994,63496,65746,70316,74592,77496,79598,88762,91210,101199,110271,115828,123823,138481,147582,154642,178242,207350,201388,195779
5995,57463,60706,70909,72932,74116,79153,80672,89143,93553,99039,110213,115702,123894,138580,144154,154996,170562,178930,189936,216043
5996,57501,60567,66764,73062,75706,78053,81478,86802,93191,98805,107778,182633,125289,200092,143939,154378,202091,179126,215240,215502
5997,60489,63689,68830,74288,78995,82903,81418,88144,94046,100498,107906,123198,125133,141882,146241,154531,170646,203661,188961,200894
5998,61653,64760,69377,74427,78549,82557,83180,88791,93936,99850,109581,116736,125932,133248,184553,203346,170487,179532,187202,214321
5999,60163,63475,70377,73888,76965,81748,82095,86835,91134,98776,182851,115881,126135,133128,147764,166014,167966,188751,213204,199140
6000,116,117,117,117,117,117,118,118,118,118,112401,118,129265,130483,118,158455,118,177441,186990,212028
6001,57143,63096,65098,71355,77816,83383,95165,113247,124718,136514,118,163302,118,118,195548,158776,197633,118,210492,208184
6002,56522,62131,70317,73889,80215,94805,112200,135673,148951,162036,151181,193156,176043,177207,194247,149856,196244,197982,186675,208327
6003,59309,64850,66700,71249,77289,95201,113183,139523,150773,179191,192625,196043,193156,194390,197391,118,200230,197152,203661,212005
6004,59179,65050,66889,74055,76517,76161,81568,86871,96829,99511,195986,124073,196514,196661,197409,196052,200188,201430,185538,201217
6005,60025,61071,66872,71977,75849,77500,79052,87104,91314,101529,116713,116356,134320,197194,164977,195518,194261,201650,204865,203217
6006,60016,65370,67886,72732,76194,77478,78824,87182,90693,100159,110728,116774,127980,135901,153182,199467,194554,194946,199571,118
6007,59532,61760,66761,72820,76371,78089,79357,87559,93056,103129,110313,115850,128744,132613,146811,197409,199439,197267,118,201064
6008,59620,61729,67516,72844,76502,77703,78995,86515,92102,102303,109013,115117,126633,131591,194824,193969,198774,199439,199880,202411
6009,59261,65753,67549,71175,74460,81009,82726,87376,96674,102119,109629,116516,194059,194405,149024,194067,201664,199001,200337,205173
6010,56639,64565,67814,70185,74876,79704,82698,86021,96076,102143,109166,115270,136477,143544,151390,156190,162431,203472,205230,206929
6011,60842,64208,66634,70194,72333,77181,78554,85374,92833,101299,110025,197026,129743,141611,147527,198274,199452,203612,203552,201409
6012,60792,65273,66998,70238,72087,77722,78641,87146,93139,99497,109418,117604,128168,130542,146738,158884,177293,200892,198450,201587
6013,60077,63314,67111,70087,73640,76246,79017,85602,89806,100634,110132,113797,125917,136002,155896,154230,167954,200903,201454,203103
6014,60151,63457,67486,70459,73935,76108,79694,84352,88376,100184,109463,115158,124718,138335,154996,158784,168255,198418,202564,203369
6015,59886,63915,68045,70119,75238,74880,81103,86530,94480,99505,106868,119797,125105,140100,157333,182399,200257,198628,199856,208376
6016,58838,64189,67374,70243,75226,74883,81336,87263,94377,99141,111209,115999,127268,169309,156253,157227,176143,201950,204562,208203
6017,57265,60486,68697,73686,73810,77491,80512,88682,93863,101879,108086,115831,127274,146551,148988,156919,168970,201974,204496,205953
6018,57479,60764,68075,73300,74713,77717,78957,85971,93999,100843,111469,115739,198229,131177,198487,200394,168297,179210,202316,205733
6019,60595,62101,68135,70343,74356,76563,82194,87310,94032,100595,108865,121674,134968,137809,152391,163422,169343,200876,202140,203598
6020,60371,61613,67666,69875,74610,76205,80094,86952,93899,100408,109937,121482,129167,143915,150680,158518,201728,178952,200071,203586
6021,60065,62745,68041,71071,72216,80034,79901,87045,95344,98325,110179,167133,129238,183657,149127,158908,170204,178829,201390,205051
6022,60427,62708,68634,71386,73676,78962,79639,87833,95020,153633,112935,120956,129949,141950,149645,161729,168525,201967,203147,204820
6023,57490,62491,69234,71590,77101,81775,83407,89423,92712,106184,122256,119326,128589,138247,149694,161693,167128,178351,203289,206102
6024,57491,62823,68948,71748,77215,82065,83789,89804,92612,99361,109432,120141,128660,137148,149463,160024,200931,176743,202893,206313
6025,57582,61410,67400,71189,74724,82066,82458,88274,92092,101559,111195,116804,129535,138507,149024,200618,165197,201059,202567,207927
6026,57217,62066,69109,72524,76558,82339,80422,88930,92432,101277,137799,116093,125612,137303,193533,166631,164147,174167,206959,208154
6027,57431,63715,69380,71241,73151,79629,78703,87353,90610,96969,108610,117284,134162,143831,151322,160082,188380,195777,206131,206048
6028,58058,63621,69453,71650,73199,76399,79697,87079,90851,96704,107907,118502,130342,188008,149466,155704,166506,189555,202381,204758
6029,57977,64918,68006,70793,72655,75868,77201,85085,87285,101708,110495,184203,130592,140784,147331,157797,185117,175934,204843,205495
6030,57735,65185,67596,70000,72566,75582,77380,87219,87608,102192,110751,119944,126820,132701,147826,156186,164497,185785,201949,205967
6031,58732,60361,66380,69337,70847,73272,76141,86658,90232,103678,111316,116028,184021,131169,143837,187350,181940,186532,202113,201225
6032,59454,60344,67350,68693,71000,75253,75592,86407,89764,105090,137527,114993,127645,130839,180395,155177,181242,182440,197435,201405
6033,57725,64655,67808,69610,71915,75306,77932,88050,99911,102767,113113,118610,124631,180185,150053,160880,185979,182299,197761,194359
6034,57808,64456,67474,69804,71534,73900,77616,82985,100601,101800,111124,115587,122282,134335,146281,181509,164108,186964,191528,194685
6035,51912,59182,64258,68040,69761,71980,72814,85759,98899,103661,111085,115317,122879,128747,181773,153832,182154,186173,193629,191710
6036,51984,59108,64400,67386,69369,71034,72602,82953,88799,102990,109597,115698,181773,181773,145909,185352,161172,182448,189118,192242
6037,52029,62241,65109,67678,68433,71301,74802,82630,97544,104227,109364,180235,127158,131342,138457,152191,180539,182640,189271,189767
6038,51916,58380,65653,65759,68759,71798,77475,85476,88798,103127,110351,123065,121022,131902,179727,159654,180109,182343,186500,189621
6039,53650,56925,65330,69042,68954,75637,74477,84883,91245,103496,149580,115390,122327,131693,149590,181821,181147,181227,186177,192154
6040,53654,56992,65337,68803,68742,75291,75803,84754,92642,104161,111794,115502,123197,179374,150338,153485,180727,183479,189834,191877
6041,51778,60804,67273,69422,69599,76244,76955,83942,99437,104696,109811,116051,179373,132537,151390,179727,182745,183618,189907,191246
6042,51675,62231,67151,69265,71487,71463,76741,84113,89705,97775,107669,117908,126705,129550,142752,152564,163427,186117,188479,192521
6043,52511,58992,65128,69112,69732,73891,76051,83344,89849,100768,111534,113898,123086,181417,176649,179373,177383,183940,188310,190530
6044,51607,59046,63537,68095,69181,73778,76106,83295,95517,104306,109668,113478,120833,136808,141760,156550,177258,179544,186449,190209
6045,52156,59558,63058,68055,72110,73335,75254,84761,93614,104499,111288,176785,121493,134834,176785,181669,178628,183483,186053,189875
6046,52188,59457,66041,68106,70016,74235,75327,84753,95504,104494,109937,115711,176785,132147,146012,154000,178748,181137,186595,190897
6047,52606,59137,64973,70177,71228,75675,76359,84737,95680,102694,109621,114047,133296,176734,151942,176659,179647,180021,186461,192756
6048,52849,59038,66320,70077,71950,75887,75312,84494,95589,100235,149584,114887,127363,137097,151041,157890,180605,183759,189316,192275
6049,51791,57473,64779,69274,72316,74559,76013,82899,96199,148908,108100,115087,124283,135223,178490,162960,165038,183182,189188,191014
6050,51691,57407,65322,68701,72284,75051,76199,82788,94605,98615,109041,114847,121049,133258,146354,179239,179300,182203,185942,190704
6051,50459,56047,62923,66231,68523,73201,74459,82997,95112,100025,108858,173664,178315,178315,141813,149987,175587,182246,186366,191397
6052,50443,55938,62642,66510,68580,73447,75643,83138,90613,102517,106427,116112,130304,131886,173189,178490,175247,181377,186131,191778
6053,53055,57029,63184,67184,70973,74785,77736,86070,95726,101204,109512,118688,124548,131701,145683,156270,181049,179994,185961,192183
6054,52971,57012,64826,66293,70906,75554,74966,86409,95977,101013,111525,118540,125826,136394,152800,174499,181300,183711,189480,193969
6055,58088,57431,64839,66610,71259,74082,74915,85885,94624,97479,127084,117038,122774,177623,180971,153456,184803,183787,187535,195115
6056,58070,59887,66463,68687,70966,74440,74884,86255,94309,96539,114792,117258,140683,135492,147770,178261,166096,186717,190548,195037
6057,58684,60599,65987,68142,69835,73688,76277,85636,96044,103658,111968,116737,127630,129415,145557,166023,188457,188352,190635,191163
6058,58657,60307,66072,67977,70243,74192,76188,82966,95036,102071,108779,184731,185258,185895,145315,181943,168045,191410,184829,190500
6059,57051,59269,64849,67875,69103,72226,75185,86701,94737,96884,109682,120128,126628,139301,191343,152517,192032,189128,185003,192847
6060,56970,59340,65275,66613,68577,73438,74912,85908,92932,108581,145054,115762,122945,135458,156407,160243,170398,193268,187519,190130
6061,58689,61329,67474,68331,71337,74821,76319,88204,91784,102559,111492,116294,123526,134898,150881,187112,169459,193339,189141,193798
6062,59151,62181,66819,68648,70693,74051,76052,83181,94609,101399,109330,116400,123807,134905,151759,159972,191214,193573,188986,193620
6063,58734,59214,67251,67599,75402,77884,79597,90160,92718,108573,108461,119438,125284,188443,149107,158892,170908,192889,189285,198318
6064,58652,59228,64924,67629,75271,77562,78771,88776,92081,101191,110847,119120,187045,142537,148004,165672,167293,191836,192963,195551
6065,60173,63451,68928,74873,74656,77403,78523,87596,95082,102405,112060,118758,133244,137115,148769,190426,193686,192070,193127,198608
6066,59968,63288,69337,71671,73384,77640,77951,87685,96002,116184,111907,117664,129083,139359,191311,156949,171779,196648,198516,198552
6067,54890,62286,69605,71721,73319,77641,78617,86171,92402,98374,110008,172757,129722,139272,154522,156217,168820,196740,198616,199264
6068,54911,63509,69528,71731,72933,77565,78984,86863,92918,101185,107218,124833,128492,139216,150507,158752,191463,195156,198355,198712
6069,61348,61991,69912,74675,76942,82001,81923,86388,92640,102616,172114,123725,128670,137523,152065,192762,174626,191686,196620,200166
6070,61847,68048,69864,74393,77380,82269,82499,87292,92125,100279,119841,121359,131989,153895,152074,156107,166263,196447,198926,200149
6071,63863,65632,71903,76419,78622,82119,83486,87648,92788,150997,111481,118687,131928,143486,153503,156492,197317,196310,198281,202642
6072,64210,61767,71893,77006,78412,81212,83406,86840,92071,102568,110865,118346,134616,138477,153377,182880,177613,199620,202301,203976
6073,58222,63155,70778,73763,74898,79824,82604,87406,91260,100296,109779,116792,133073,176798,153909,163068,169125,199891,201783,202297
6074,56335,64980,70567,72542,76095,79779,81268,86387,91146,100536,108877,115744,134583,144180,153813,159110,169236,199470,197552,201764
6075,57212,65862,68686,74200,74279,78243,79511,84259,90695,98800,109724,118044,134911,139696,154043,158668,164835,199537,197553,205546
6076,56915,64916,68703,73964,75575,77686,79330,86123,90678,100320,111339,118076,129312,135039,154035,196899,193080,174106,200965,203320
6077,57126,62443,69853,72720,74823,79262,79953,86269,91363,100901,109011,187101,159504,141962,187937,166344,173619,193799,201054,205483
6078,56636,65046,69834,72360,74429,80298,80560,86007,91199,99482,108235,124976,133191,139585,158772,159538,173700,175500,205826,205040
6079,56435,64080,67253,72249,75192,77889,78293,85100,92515,100327,108195,114791,127129,145054,151242,160875,176077,191259,203731,204940
6080,56739,65048,65426,72802,73795,77900,78928,85670,92473,100810,108201,114805,120003,160527,151216,160303,187277,188991,200829,205256
6081,57003,65607,66626,71974,72663,76815,80261,85332,89624,97971,109172,117362,183752,136810,150388,159899,169452,188025,200415,200668
6082,57646,66275,65935,71907,71572,74369,80137,85616,90455,99390,110917,116359,131455,139673,150709,157154,168149,189693,197869,200804
6083,59926,62911,67553,67945,73303,76513,79114,82488,92120,114375,169588,116465,130951,171392,146558,185972,190741,189140,196775,199444
6084,60289,64020,66660,67086,72338,76524,79061,83460,113383,103358,113869,115322,124796,141458,151517,160703,168268,192115,198098,196119
6085,54282,60719,64315,66775,70861,74251,79245,82024,91138,96030,108840,114146,125109,138857,183129,159940,184652,170447,195796,197601
6086,53561,60761,63847,66300,69338,71163,79000,81990,90111,97993,110119,183200,126571,131160,146535,190425,165364,185986,193572,195855
6087,58933,61711,64369,69462,68196,74221,79787,84595,90496,151276,110167,125909,121778,167228,148300,158828,183089,185690,193119,194578
6088,59254,62177,65598,68955,69390,75054,76812,85388,90441,104333,109951,121997,180535,142898,148153,155026,182725,183946,193322,196071
6089,59800,62928,64177,68858,69372,74454,75594,83380,88868,99328,108494,115332,134102,137720,180631,155953,167092,185012,192894,197460
6090,59995,62738,64009,66617,69901,73871,75531,84823,94424,98098,108976,115399,122130,138469,153259,181797,182018,184718,196250,198179
6091,56790,63146,66089,65937,77068,79860,80686,81421,91508,98320,109313,114825,132244,136371,152003,156075,181519,184587,195090,190949
6092,56268,62974,66012,65710,70629,79569,80692,82677,107782,100434,106567,115600,118577,178128,151396,181336,166089,183812,188754,190822
6093,56248,62829,65987,66899,75460,72731,83133,83457,89092,100448,106380,121887,131207,133098,152891,163091,183048,183252,188569,190603
6094,56090,61693,65582,67049,75504,72757,82420,83417,91724,98135,126852,120758,151885,138327,152963,153590,183327,185355,188303,190580
6095,54596,60972,65275,66802,71241,71964,73460,86094,90822,96369,109368,112523,135366,137366,150693,178824,162889,185510,187558,190800
6096,55222,60701,64955,67038,69085,72740,73538,87288,93800,97315,106381,173410,128629,175054,176819,163351,178667,182016,186912,190632
6097,60139,62482,65465,68623,70238,74572,76939,88417,91399,160478,146188,123725,130630,134103,151492,157117,179690,181200,188904,188286
6098,59229,62359,65420,68877,72013,74852,76963,85322,91835,102055,107502,112805,132550,140909,151769,177025,179822,181860,186127,188330
6099,57867,60937,65140,67839,71057,75758,78538,86626,108315,97786,107347,111837,124137,143823,151481,160443,179710,185110,185100,190067
6100,55220,59936,62750,67936,70284,76252,78051,85038,92201,96592,106191,112511,175518,142797,151304,178834,164058,182264,189272,191216
6101,58873,62410,68915,71261,74599,75933,77367,86368,90841,97907,106542,151293,139928,142954,166614,161058,183569,182053,188576,190897
6102,59140,62464,69300,70209,74475,75138,77911,85637,91153,96008,139927,129668,131196,147263,152704,154761,182258,182671,184791,189973
6103,59391,62124,67393,70597,74197,75773,77753,86109,92388,97812,108415,113986,129926,143310,154769,177770,182831,185385,185139,192174
6104,58958,62459,66193,72206,73874,75528,77937,85479,91481,97276,106993,115589,130708,166286,154712,165298,165053,185085,188712,192895
6105,57944,62682,64452,70364,72268,74715,76220,83986,90721,96120,106948,114223,131236,141772,146832,157283,176386,185344,188108,191355
6106,57900,62687,66921,70266,72289,75283,76290,85268,96634,98356,105448,158586,127094,134423,173791,182911,175433,180300,187347,193529
6107,52790,58649,65510,69697,71642,74448,76801,88178,89673,151618,173391,121678,129906,134788,149184,163512,184976,179130,187892,193624
6108,53851,60117,65466,69449,71240,74205,76459,85907,109191,100926,118336,120818,129098,183433,144684,154419,185179,189995,190103,193853
6109,58342,62452,65412,70331,71280,74515,76312,83885,89395,95923,105731,121077,182949,138893,178588,175256,167269,186047,189916,193029
6110,55541,62459,65090,69857,71785,73593,76180,83730,91980,96271,110085,121321,130811,134527,148162,163655,180181,180480,190049,193113
6111,53236,60265,63523,67700,70065,75479,75094,85680,91116,96424,109955,122144,128848,135903,146748,183493,168921,184149,189867,190955
6112,53160,60082,64187,66772,69521,73551,76700,86108,90733,96063,107798,118869,130018,134650,178837,151785,181071,185303,184345,191456
6113,56981,61301,64385,67046,69386,74596,74744,86674,89228,96284,107476,123734,129314,178499,149650,160605,180540,184886,185594,197228
6114,57216,60939,63897,67784,68929,74738,75623,86697,119777,108848,109538,123193,129216,141143,149712,180859,180294,183217,192569,194121
6115,56101,62763,66023,69148,70756,79131,77162,85367,92423,98015,110362,126688,124825,137165,155156,159839,167922,183213,191836,190047
6116,56005,62308,65025,68972,71620,74053,80561,86502,90507,133109,112800,125574,132580,133385,149275,153147,187622,189192,185154,194089
6117,54904,63424,64975,69477,73172,78661,80833,85126,91283,101510,110516,126611,131612,184470,188908,179537,171332,187796,189080,192424
6118,55308,61750,66295,70677,71354,77400,80232,86904,90421,96738,112855,117860,188672,140762,158603,165258,192503,193397,186885,192179
6119,53064,60284,63912,67284,67292,75968,75038,85780,91402,98038,106706,122286,135205,143245,155263,184470,175963,193841,186683,188039
6120,57337,61824,63684,65152,68138,78737,78365,87469,90802,98063,123707,162975,128596,145702,149437,160664,168646,198639,188105,188415
6121,56568,59271,62084,64720,68342,76721,76013,84960,90730,98998,108709,123006,124751,131953,148757,158969,166943,198268,188871,194700
6122,56549,61860,62057,65163,69820,77675,81051,85034,90687,120801,111097,117780,130989,136682,153296,163811,194224,197309,194046,197107
6123,54160,61022,65083,67717,68531,80116,80780,81464,91866,99752,129450,116031,133051,139643,151532,158740,172713,196636,193660,199016
6124,54107,60802,64769,66542,68524,72434,75129,81097,93321,100677,113166,116205,132908,153298,150976,192028,167135,194973,198117,199675
6125,56636,60938,64962,66553,67793,77294,75106,79599,94785,100093,109237,115921,130445,142574,151476,163033,186550,194967,198095,205477
6126,56658,60709,65071,66757,69952,70835,79884,79514,92324,100087,109290,127518,126305,134178,151323,160581,172589,189138,203814,205507
6127,56253,61618,64742,68535,69592,74115,75585,80171,100871,108712,109187,117073,125787,184414,183220,161502,167042,190210,201302,204487
6128,57106,61714,64889,66132,68176,69721,78325,84700,87089,99824,166730,181960,130123,142098,154461,155212,185579,188189,199421,203934
6129,54613,60268,64096,66372,68022,70652,74071,83563,96167,105066,114933,122669,181960,136257,148738,185597,173864,187689,202143,202967
6130,54570,61705,64018,67782,68017,70833,73936,83438,91874,100742,108647,117087,130952,135596,148494,159019,183902,185393,200006,203512
6131,55828,59849,62402,65804,67773,71728,78147,80796,98694,144728,109981,114812,126588,135601,150000,158356,170571,184878,199995,197042
6132,55932,59635,62476,65917,68431,71679,79470,81353,92391,98394,109752,112481,123976,192771,159352,183222,193608,195368,194966,197106
6133,57162,61188,65328,66666,69041,73176,79608,81788,93049,97146,109092,113885,123281,137860,147403,156428,165893,194830,195431,194807
6134,57267,60797,65649,66979,68878,72949,80707,81440,93637,97581,109438,114085,127995,135584,186058,157496,168087,188406,191626,197179
6135,58104,60852,64015,66986,70014,72045,75083,81910,93064,96436,106312,186668,186058,134914,156569,192546,187968,189328,191091,195976
6136,57058,61206,63710,66894,68465,72232,77495,81702,93312,96616,104734,123363,131875,133122,148716,158428,168135,188108,192572,196378
6137,58453,61686,64452,68210,68028,75232,75875,88697,94428,96793,104703,116219,122719,133246,150768,155665,191446,188484,192332,203505
6138,57772,61201,64261,67556,70425,70399,78582,82098,94807,145682,172884,113508,125214,189907,148720,187622,168162,191861,199971,202684
6139,57032,60157,63399,67238,69725,71517,79038,88789,87789,99828,115177,112626,124701,144669,146155,158766,163220,192024,199056,195664
6140,57591,60398,63203,67356,67319,76055,74770,88763,122489,96020,105400,112922,125235,135858,186378,158683,186611,187269,194225,196212
6141,59443,62147,65330,68525,70135,73566,74477,87166,90850,96132,104946,110201,123246,132388,149320,154101,183898,188281,194220,195728
6142,59441,62299,65282,68759,68947,73505,74524,81224,91593,96529,104258,182030,182483,134014,143411,186488,165707,184084,194148,195856
6143,55656,63051,65578,67766,68436,74134,78258,86960,92298,96441,107064,120404,127967,182030,145572,157278,182984,184259,193235,198919
6144,55939,63052,65921,67625,68645,74468,73417,87580,91789,96612,106465,114233,121706,139220,182735,152903,183183,183713,195106,198317
6145,55617,62192,66537,68070,67863,72087,75220,87365,92590,149962,106115,111844,121665,135940,148713,182131,160852,183983,196570,196074
6146,55651,62750,66657,67041,68114,71622,75018,83390,91578,102903,106602,112721,124307,131829,140450,153645,179494,179833,192976,196730
6147,55251,62193,65733,66777,67369,71386,75473,86627,90774,97026,162540,114804,178863,132377,178686,182735,179477,183114,193215,192405
6148,55186,61774,66266,67299,68477,71223,74507,81956,92007,96690,109348,114573,133244,178686,150330,150967,179116,182162,190164,192013
6149,56655,64121,67360,68579,69502,72672,74923,84144,91272,97936,105925,184175,124425,135625,150920,179016,185290,181668,190815,192482
6150,56969,63568,67020,68416,70225,73027,74797,83763,88892,95599,107015,122917,126659,135689,147104,159391,163228,187542,188608,192473
6151,55646,63194,66739,68137,69180,73006,75072,87421,88353,95959,106240,112780,125143,133690,183287,178700,183786,185153,188317,189160
6152,55386,63798,66516,67837,69108,71711,73916,82832,128277,97957,105952,111916,122815,182575,147178,161953,183382,184662,185810,188391
6153,56748,65189,67094,68017,70280,74884,80065,84421,92220,157652,106613,115259,181918,137045,148405,153599,169220,184581,185647,190891
6154,56375,65234,67177,71397,68960,75557,74776,83713,91376,101101,171472,112375,129254,137473,148902,183287,190254,190178,185401,190141
6155,55594,64420,65755,67067,68822,74475,78070,84699,88024,96548,112734,113144,125993,136767,144423,155107,168548,190254,185068,194638
6156,55683,64169,65755,67261,70329,71880,78520,84199,90668,96462,107493,190914,125876,144542,191303,190178,192196,192357,188753,191916
6157,56998,65226,67405,69003,72120,73385,77540,87406,91976,99698,107505,125744,125948,190914,160008,155155,170015,192250,189838,193521
6158,57306,64952,66833,70862,69151,74711,78268,87147,91828,98491,109475,114476,139052,142729,147768,154123,163106,195085,190265,193066
6159,57400,66222,67084,69188,73362,77816,75279,87629,88916,99024,107907,117139,128370,130191,142583,192196,194210,194808,188956,197394
6160,56845,65546,67616,70292,73498,77888,75243,88442,89359,97773,106811,114683,192938,133569,142337,158398,168703,194210,193970,197152
6161,56601,66311,65381,68814,70765,75771,77310,83615,89717,97482,106959,113467,135097,133592,193746,151571,164166,194087,193988,197137
6162,56729,65793,65870,68602,71617,75866,77399,83438,91641,96868,105569,113638,129870,143050,152103,194210,194028,195405,196104,196780
6163,57579,66482,65710,68120,69682,74627,78318,86364,93296,151998,128544,113628,121526,193330,151928,157928,172727,195253,194903,200691
6164,58129,66506,66259,67523,70329,74083,78736,86509,101769,100147,108011,179163,125547,139885,142877,154523,166126,197630,197999,199919
6165,58798,66214,66473,68188,69606,77436,77535,82917,92689,98163,107243,117843,121273,132995,146800,152393,194824,178692,196305,200111
6166,58768,66092,66347,68163,69479,75576,77958,87278,93148,98624,129187,113940,121190,131363,194504,197287,172188,194987,196495,200572
6167,57540,64711,64061,68159,70401,76809,76883,83050,92536,98085,106722,113034,194504,131919,149443,160930,163402,195707,196304,198592
6168,57450,64630,65339,68083,68942,75019,77407,85757,94171,98774,105188,113265,133089,191789,149542,154499,190947,174385,197131,198030
6169,58287,63628,65569,67551,71085,75046,76325,82625,91654,97974,174129,113824,128203,136774,150237,155495,171564,191285,196705,202446
6170,57346,64336,64631,67441,70538,75477,76373,81857,91444,98510,116630,177792,122177,133125,147425,192256,195953,195951,199654,202600
6171,58028,64116,64316,67382,69144,71720,74270,84958,90527,96146,106291,117514,122404,129350,141164,157921,164667,175708,199713,201313
6172,57322,64123,64305,67139,71408,76189,71750,87614,124365,146497,106410,113722,121895,129701,189590,154625,164915,191647,198464,201537
6173,56223,62219,63620,66103,70080,73444,71021,85354,91030,100042,105927,113284,126384,189590,149031,195676,187308,191106,199005,198605
6174,56284,62347,63519,66567,70038,73561,74831,82403,89902,97015,105078,114368,186163,136718,147395,155048,162512,172078,196163,198258
6175,57156,63085,63756,66145,68644,74940,78017,82849,90409,97802,104985,112923,129220,133293,143985,153478,187985,188575,197221,202860
6176,56800,61891,63833,66194,69315,75044,77770,82726,89829,96106,105399,188207,125932,136414,188207,186250,188207,189095,201058,202991
6177,55372,60040,60970,64847,68090,72951,72191,85376,90000,94977,105535,124099,125759,129607,150247,153555,167789,189000,198001,197788
6178,55513,61258,60929,68185,67033,72807,74696,81863,89919,94975,169918,115427,123612,186098,142830,152009,162539,186989,194641,198196
6179,53432,59165,61424,63858,67620,70850,76392,82206,91716,145811,114278,116199,123475,135446,143901,188207,191377,186778,195888,194773
6180,53370,58621,61231,63716,65581,69523,76285,80111,91645,101043,109311,116095,159052,133466,191355,153243,162712,191761,190816,195013
6181,55255,60874,62639,63849,66287,70812,70699,85470,94076,101190,104193,114942,127435,129858,143139,185764,192861,191705,191741,195222
6182,55382,60354,62381,64251,66133,68371,69325,88739,91420,101321,104694,115569,125415,192861,140243,152021,165836,193484,194779,195525
6183,55701,59549,62555,64197,66638,72173,72400,88925,94687,102710,106449,114391,125437,136008,140817,147871,192184,169347,191611,191484
6184,55695,59562,63365,64201,68156,72984,69741,88854,94042,101053,110025,148143,192184,127859,192163,192861,165720,192578,189178,192028
6185,53106,59076,63255,63552,67376,70813,69874,82499,93370,101790,108701,117786,130091,127741,143535,154391,190306,192662,188665,194632
6186,55478,59247,63211,63497,68142,69870,74123,78599,93386,101439,109165,115725,125282,190306,144728,192184,166107,190306,194295,195382
6187,54433,59764,62265,64688,66169,71322,69537,78520,92978,101877,109271,114533,125467,138727,146344,157812,194715,190890,195035,197679
6188,54481,59678,63638,63611,66300,69902,74839,78408,98153,101167,177222,176826,124977,138041,194042,150125,168390,172029,196886,197479
6189,53725,56827,61190,62974,65641,69771,68573,77290,91856,100892,116649,118802,120989,129365,146335,190405,160869,194916,193530,197193
6190,54081,56829,62964,64287,65878,69668,68424,77299,94330,99445,108180,114279,121996,128986,139171,157760,194548,194604,194135,197067
6191,55736,60480,63340,63302,65766,73775,76044,78092,88251,102719,108260,115672,193856,193856,139461,148496,170886,170330,194249,195075
6192,54965,57403,63047,63161,65297,72271,75681,80418,121314,101687,111548,116729,134318,136139,197177,194197,165418,197886,192538,195247
6193,55473,59118,64510,66283,66434,73851,77796,78280,98472,133758,110995,118916,127190,132755,151669,153589,205020,197177,193246,199239
6194,55270,58242,62913,66029,68499,73727,79015,81650,85439,104154,114037,118698,126780,132373,143364,151642,166922,176686,197259,199290
6195,56759,60047,64365,67334,68305,72308,74403,79110,90624,99716,112392,128529,125999,205124,145617,197177,162249,206020,195887,198239
6196,56825,60323,64183,67633,68396,72090,76018,78932,88969,99585,110212,118849,126031,140535,206703,163384,206703,179735,195450,198698
6197,56212,60157,64981,68976,70145,72894,75177,79612,89724,101457,109922,186763,126475,135452,155763,156370,163272,175864,195514,203389
6198,56360,60127,64017,68862,69438,73188,73984,85890,86325,101280,110805,123383,132492,135677,150716,155132,163208,206555,199789,202201
6199,56204,58652,63777,66281,68762,74330,74079,85807,90576,101714,111344,119924,186222,130731,150020,163198,208541,179511,199127,210932
6200,56137,59395,63223,67070,69808,72169,75057,80168,99001,101579,113117,116415,134250,137060,147120,204906,171488,172935,208030,209439
6201,54512,57920,64314,66454,70513,72006,74266,79601,86335,102338,110798,115092,122410,130324,142517,158749,160071,209896,208322,211213
6202,54626,57724,64206,67436,70633,72486,74252,78300,125636,102228,109610,116729,121235,206208,142403,151348,160354,181065,208864,211073
6203,54578,58362,64284,68187,71589,72160,74529,79964,97069,101635,111979,114575,120793,142268,178306,152584,215989,172923,209310,209449
6204,55133,59845,64335,67852,71483,71872,74613,80096,85959,101675,111555,114638,122786,135167,146697,206208,174619,215989,207587,209006
6205,54303,59612,63283,66827,71186,74873,75643,78938,86205,119877,108752,115479,214983,130899,140541,158983,165575,177208,207127,212895
6206,53636,59957,63354,65876,71240,74945,75738,78859,86137,97618,109406,180413,135737,129956,214548,148547,165244,175731,211111,213039
6207,54094,62186,64088,68732,68874,74792,73196,83351,91434,98367,180413,121005,123324,130117,149980,151206,184748,214548,210810,212411
6208,54089,61505,64681,68630,71754,74611,73262,83449,91135,96279,112428,115627,122406,216028,143854,214453,165585,177752,211043,212032
6209,54658,59893,64096,69364,72239,76953,78351,83032,90613,153497,109912,114991,122509,138380,145198,162752,214648,171928,211114,217117
6210,54423,59607,64381,69136,75664,75011,77531,81615,90866,104484,109064,115099,122850,130161,145317,155802,173929,214648,216690,217120
6211,57829,62170,63779,68334,70272,73744,77044,83259,123591,101583,108424,115649,123424,130167,151066,153892,176436,179453,216133,215007
6212,57416,62066,64152,69547,70480,75427,76974,81176,92724,99495,109635,115880,125078,136198,151257,155853,170565,184867,214453,214548
6213,54318,60896,67736,72132,73360,77466,80369,84776,91775,99261,110518,161168,149833,135809,153991,155763,171244,176934,214548,218733
6214,54102,61634,64818,72016,73332,76774,80260,84881,89855,98876,109831,124365,127171,135158,154188,220450,171259,179813,217016,217822
6215,53202,57442,62162,69743,68555,74679,78551,85877,90213,99057,109478,114701,126090,221259,173359,170480,172713,222578,195082,217712
6216,53280,57377,62121,69702,68571,74707,78564,85741,90123,98284,108123,115408,199653,151176,161664,164232,168588,186842,191931,218380
6217,54935,59338,62673,71441,68971,73046,75502,79262,89519,96746,107554,111669,143641,141162,149117,162900,209428,182952,215911,225188
6218,54521,58665,63091,71585,72958,72201,75239,79560,90518,97958,107751,118589,124979,135013,154990,162481,175517,177074,201642,224565
6219,53738,57501,63219,65876,64995,73427,77100,82876,88036,96946,109384,182130,122847,138884,145062,163422,167918,179705,190215,227873
6220,53368,59469,62693,65870,64992,74222,75599,82176,90008,154025,135645,123982,119603,129953,144840,151901,172443,175144,193898,227369
6221,54890,57678,62525,66251,67367,70393,73821,81922,130075,102187,109418,113958,123613,134485,194241,151373,167935,201110,194179,224665
6222,54433,58942,62306,65647,68161,70284,72008,83743,95869,98575,107622,113876,121362,133128,161020,155010,168115,180515,191062,224432
6223,54644,58253,61372,63802,66508,70569,71610,83131,92129,97846,107341,111952,122783,132726,144719,199110,186243,180348,221280,215167
6224,54670,58262,61536,64948,66975,70968,71784,84517,92942,98695,108154,115364,184615,184615,144604,161328,171287,186812,193895,218506
6225,53790,57113,62122,65078,67808,69498,70160,85718,90506,99153,168172,114928,139553,140643,149007,157294,168876,192117,193319,198967
6226,53710,57948,62298,65338,67848,69520,70134,85669,92324,98944,113119,182972,124554,130860,147797,152106,184909,187911,187093,209385
6227,56068,58179,60792,63780,66410,71425,75030,86137,93980,101851,108403,126180,124263,130974,190552,185846,180816,187929,204304,204707
6228,55780,58097,61005,63765,65816,71814,73215,86019,93647,102887,111540,118242,129323,158776,158129,164299,169480,185569,191695,204598
6229,54262,59734,61414,64298,68856,69513,72536,87351,93650,100794,111245,116605,123675,133459,142004,158666,181621,191880,203435,196158
6230,54814,59790,61801,67529,67329,69767,72631,89311,95056,102893,110828,117632,124178,142172,147882,156709,164711,174291,186215,198186
6231,52763,57273,62368,64015,69971,72092,72915,84747,93723,101450,111858,116966,182118,182118,147730,191359,178841,186594,194699,195735
6232,52758,59006,61648,63810,69774,72018,72981,84585,93639,101102,108246,116584,134179,136407,162355,150447,179021,182796,192928,195929
6233,52303,55237,60413,65423,69934,71139,73654,86119,93918,101644,109708,114772,127584,139402,148157,152595,178419,182396,192941,203134
6234,52221,57323,60625,65665,69899,71144,72434,86193,94374,136958,111329,115419,128164,136115,176820,179663,180404,182347,200021,199815
6235,47840,55477,58168,61977,62538,69628,70452,82301,90716,103102,111173,169450,128354,136674,142926,158256,174033,182525,198352,192326
6236,47810,54963,58455,62124,62488,69732,77742,84166,92042,100298,109844,122564,122586,169649,142908,177553,175114,177934,189753,195537
6237,50522,53581,58792,59616,61829,69084,73850,83632,89542,102062,111042,117488,123136,140190,169558,156240,176145,178085,190238,194131
6238,49299,53761,59857,58910,61732,68935,73557,87939,89125,103420,110654,116975,167986,131084,149852,170958,175811,177263,187468,193632
6239,53658,57724,60073,69441,70516,75021,77334,86887,96523,102770,167174,119118,130781,131004,175399,152309,182290,176859,188014,194189
6240,52840,57638,61475,66684,73838,74848,76708,87015,91798,99826,118322,119322,133054,172936,155870,171559,182282,184033,186289,194481
6241,51845,57273,62049,68159,70341,73938,76326,84082,89001,98559,111774,119617,128716,142399,146805,171153,176679,183728,189576,191027
6242,51617,57162,59873,68004,70128,71812,76039,85604,92241,97926,111403,119157,124776,132403,146587,175846,177838,181277,185576,191058
6243,55309,60778,69515,70329,71060,72952,78427,88023,96309,102400,111501,145633,137286,171647,171890,160713,167928,180618,185099,189322
6244,55041,60261,69429,70421,70854,73035,78508,87445,95925,102942,112475,123340,132581,145611,153549,172059,177611,180351,185218,189977
6245,52122,61962,66766,67410,68179,70888,76796,85402,93610,99629,111057,116690,158753,139215,141888,152966,174622,180515,183133,194237
6246,52084,62932,67327,67796,68128,70726,76720,86354,93659,139452,109309,116528,130134,129799,167480,173273,174862,176289,189680,192557
6247,53364,61239,62803,65824,67420,71804,76260,88517,93645,105908,109346,118731,130189,166907,150393,173609,175960,181318,188993,189144
6248,53076,61121,62826,66323,71431,71820,76013,88287,93438,99086,109465,165546,129614,143593,149984,160175,175538,182044,187950,188474
6249,51340,59469,62241,64870,65885,71150,74225,87090,91184,100603,108882,126126,129065,139122,164259,168156,173952,181589,186797,189076
6250,51457,59415,62267,65145,65800,69149,74223,86988,91479,100575,110076,119888,139437,138744,147174,174048,175859,179516,186209,195724
6251,52024,60161,63725,66286,67380,70794,77281,89352,94740,101392,111329,123395,129791,138592,175933,166729,186137,181728,187173,193647
6252,51956,59071,63590,65918,68929,70665,76927,88422,94894,101233,113012,119547,175087,174800,156882,161014,180703,186581,183711,193579
6253,50445,58220,62800,63924,68230,70837,74960,89845,93109,101664,110839,119469,131830,141850,153367,162681,177279,183882,183512,191060
6254,50628,58330,62933,64082,66222,69842,75027,90048,93832,101633,110275,119521,131401,136005,153557,181687,178026,181140,184837,189974
6255,51800,58541,64497,66833,67218,69710,78793,85771,91985,101740,121454,119868,131665,136440,154509,167103,177615,181618,187424,189892
6256,51916,58517,64390,66791,67201,69556,78520,85854,91998,101520,113019,119845,133526,139243,154801,162483,177722,182061,186559,189958
6257,51478,61217,60405,64932,66251,69736,77353,87373,92584,99819,111416,118942,133690,169226,151369,162585,175401,183187,187601,198279
6258,51341,61122,60159,64705,66347,69172,74130,87411,92754,100010,110602,165345,130728,143555,152496,163911,175323,179929,196632,197969
6259,52692,57990,65669,68115,70015,71111,76892,86022,91959,142167,163779,131894,130290,140052,170884,163979,176443,181186,192979,195210
6260,52538,57048,65759,68179,69546,70940,77117,87406,91622,108241,122238,122587,132337,142376,155369,170315,178189,184095,186919,195488
6261,51666,57283,61906,66801,70691,71434,75650,86474,92628,98638,114028,116602,132079,137598,154523,166333,176337,183007,186768,196257
6262,51814,59044,61597,66579,70988,71318,76704,86621,93123,99907,108605,116175,130804,156187,154547,165448,176205,182741,189462,195313
6263,52563,60992,62584,66740,68613,70741,76292,86036,92159,100028,108703,119368,130669,142991,156761,165154,179626,184009,188819,193678
6264,52443,60593,60060,66559,68150,70767,77250,86426,103734,99923,112980,120106,171937,147162,156855,170412,178923,184550,184295,192935
6265,53460,58444,63530,66209,68013,71573,75963,86325,91096,99471,109149,118250,139794,142186,156685,167353,177503,180420,184785,196324
6266,52683,59626,63660,66003,68077,71435,75920,86018,91002,100634,108836,118508,132476,137380,156840,169069,177322,179438,195521,197817
6267,54007,59251,63564,67878,69977,72588,77784,87605,94511,98656,109514,127558,132297,169697,158754,164854,182765,187555,188448,193403
6268,53821,59446,63509,66953,69363,72929,77489,87332,90630,97299,112904,120857,136954,147757,149523,164457,174281,189801,186244,194162
6269,54634,58231,65535,65586,69166,73690,78729,84912,88985,98248,111702,148563,132041,139183,150938,164603,182845,183488,186419,196215
6270,54027,58630,65559,65823,68733,73603,78994,85931,143417,157757,108910,125681,130555,136563,150614,166938,173813,183653,187639,196837
6271,53795,59244,63417,66263,68921,74020,77440,86647,95857,107708,108834,119670,130867,136622,176975,158990,173976,183925,188981,193668
6272,53762,59185,64345,66130,68809,74045,77029,86463,90055,97017,111851,119314,130999,173824,160087,176876,182607,183523,186126,192893
6273,56347,56750,61988,65677,68286,70817,79474,84145,89158,98449,110453,120379,130542,148153,160005,167956,174876,183625,186604,200314
6274,56113,56928,60753,64930,68055,75232,78418,83724,88665,95576,111887,116808,131065,142289,147671,161318,174743,184827,189477,199284
6275,53928,58085,63204,65675,67961,72560,76099,81500,90909,96797,136984,139197,129770,137989,152759,176703,191187,184810,191644,199185
6276,53783,58117,60873,66257,67877,72043,76099,80828,90945,96335,112442,122289,129424,140189,152956,169708,174513,193036,190553,199103
6277,53778,60135,60872,63427,67924,74457,75208,81657,85852,97294,112128,123496,182826,139777,152973,162654,177649,193169,190348,199151
6278,55141,59291,61008,63341,68176,73646,75294,82186,85480,97368,114174,119222,140848,142578,152913,166249,177764,194428,191163,198010
6279,53279,58300,63179,65875,68280,71607,76289,84687,87416,95689,105727,121853,133998,142173,158774,166376,181688,193301,192576,196533
6280,52788,60138,62927,65749,67975,72786,76004,84824,88971,156954,108966,127154,136107,186614,158583,169501,173675,195539,190062,191789
6281,54389,62363,63674,66599,69142,74041,76372,86884,91266,112605,108487,127610,132598,144818,165225,169885,177343,196796,190211,198337
6282,60668,61537,60100,66567,69564,73957,76095,84887,95244,97859,188064,121020,136027,146699,152049,173340,178411,202728,197407,198623
6283,56726,61368,61217,68307,69787,74284,76220,83574,91383,101488,123354,125186,133240,141783,158792,158820,182129,202641,197291,198382
6284,54637,60656,61175,68530,69324,74148,74512,83517,111900,96502,117504,119863,132727,144261,159093,162975,178070,207507,194746,198347
6285,57920,61610,61130,69885,70416,73862,74866,84289,91203,98936,106604,197854,133000,144464,158473,162493,179929,202624,196626,201883
6286,57959,59196,62037,69030,71198,73846,75118,84257,92272,99258,108971,139229,135395,146438,158735,169032,180143,205881,198154,201890
6287,57400,57823,61011,64676,68984,73210,74091,85291,90285,98092,111705,120504,135161,140804,157500,164221,178361,205661,198183,209791
6288,57125,59012,61091,64526,68567,73126,73573,84639,89883,97674,112693,122122,133665,135892,156800,164803,177858,204721,204349,209141
6289,56496,59940,61261,67274,67399,71299,72985,84577,89926,98850,111411,120271,133294,135752,156505,165414,176664,204402,204613,218335
6290,56412,59899,61189,67316,69014,70825,73993,84833,89838,102937,110607,120440,133288,134076,156923,159078,176694,201107,209471,218866
6291,57889,60252,59991,63467,68909,71559,73373,79810,122660,102914,111358,120386,133326,196676,153963,202612,177396,200550,209598,219452
6292,57771,60325,59900,65613,66878,71416,73092,80117,95939,102860,110814,120768,132897,153648,158205,168438,182338,189606,213388,213377
6293,57476,60437,63097,66444,67495,70033,72630,82400,90779,101612,110559,119804,132185,143755,154784,168332,178306,189328,213694,211429
6294,57155,59507,63475,66552,67316,70405,72756,82857,91159,104609,111630,122467,130831,141212,154806,168464,178104,185921,211033,210942
6295,55760,58073,60796,63829,66470,69783,72447,78302,89623,97755,114712,120735,130750,140369,147664,168886,174534,193754,210316,208377
6296,55437,58294,60659,63607,66354,70318,72233,78331,91069,144503,112954,122993,128341,140865,147662,165710,174454,188661,208685,214390
6297,58875,60950,61027,65187,66759,69989,72487,79187,89045,106498,115991,123739,132048,140824,148460,165958,175957,188422,208727,216184
6298,58981,60481,61256,64299,67112,70582,72712,78951,88454,102080,117592,124009,136550,142532,190568,161369,175229,189782,207284,214604
6299,57164,61066,60597,64984,66586,71076,73740,80041,91550,100304,117580,126885,132625,142428,169263,161331,184374,189304,206885,209962
6300,116,117,117,117,117,117,118,118,118,118,115492,118,137171,143253,118,162230,118,200421,202835,210170
6301,55971,57721,62369,66732,71503,79731,98752,119269,128814,139001,118,163862,118,118,195243,161975,196976,118,204094,206386
6302,56084,61365,61658,69078,74927,99517,118169,134597,145529,170565,150187,191442,179406,179380,193819,169593,195433,195995,198057,206348
6303,57519,60166,59958,66196,75608,101573,118362,89119,159105,187580,188558,192436,192492,193055,197004,118,197408,202782,197989,207589
6304,57637,60100,60016,66024,67480,70666,73263,81897,97723,113515,191208,136112,194527,195640,197390,195995,197619,205313,199043,206903
6305,56512,60145,60020,66291,67369,70495,73768,79863,88919,98162,129730,121773,152621,195975,193961,195433,194725,205265,198697,220840
6306,55239,57679,59964,64966,67348,70104,74053,83535,88712,96842,113058,124154,137887,152234,163561,197537,195002,202974,213406,118
6307,55860,59481,60401,68530,68090,72079,73686,83144,89590,100680,113081,125817,137548,142227,159386,197619,189858,202822,118,195995
6308,57794,60980,60466,66586,69498,73541,73710,81964,89831,100662,111938,125513,131415,141694,158990,194725,190298,198478,195995,211032
6309,55747,58459,60544,65383,69674,72781,74865,83028,86816,100147,111922,122155,134512,140734,154149,195002,182848,197843,204445,213232
6310,55714,58399,60368,65940,69057,72837,74657,86721,89804,99188,107096,125814,132470,138944,155038,173856,189637,190086,205155,213429
6311,57021,59817,61546,66496,67654,72005,77104,84453,88657,95469,114145,127167,135936,143838,156516,173322,187993,190246,205288,209746
6312,56667,59768,61502,66790,67403,72568,76794,83194,88532,95008,114218,126849,135164,143987,156325,168688,188352,188502,202759,210473
6313,54672,54318,62842,66058,68414,72503,74979,82523,87181,96463,113942,122575,134614,143713,152637,167934,174617,188352,202967,204873
6314,54592,55113,62875,66183,69419,72859,75136,84521,87764,97135,114939,125360,133226,141532,152599,166829,183237,183123,197768,204212
6315,53671,56649,58755,65656,67758,72115,77495,83881,87917,97236,118361,118754,133384,140866,148463,166552,174663,187846,197355,198481
6316,53580,56817,58867,65657,67515,72064,77679,84874,90105,98952,109667,118921,132837,136892,154082,162123,180141,182024,190807,198288
6317,52331,55834,62091,66604,68883,71793,74321,82711,121304,95799,108509,116134,132396,164795,153395,161391,173739,182124,200218,197177
6318,52428,56105,63020,66633,68193,72311,75406,85176,90962,101185,106774,118439,127477,138566,158008,158094,173329,175842,195982,196889
6319,50922,54977,60843,65063,65773,71048,76279,82308,88549,98112,113698,116962,130524,136927,148761,166948,165142,173890,195439,193294
6320,50978,58974,58901,65065,65940,71024,75770,83031,89091,144846,109054,119854,121972,150540,150435,161946,167853,169011,193176,200504
6321,51799,56726,57675,61435,64823,70828,75413,83378,94981,106467,113758,119666,148207,137954,152275,166435,170569,170217,191718,192814
6322,51698,56601,57576,61130,64566,70659,75249,83194,94919,100828,113138,120180,139179,155230,152799,161260,168860,174367,184520,195783
6323,54109,56914,57167,62090,62642,72043,77226,85447,91902,99365,109090,122585,130019,139052,154807,160363,167793,172949,191563,188659
6324,52917,57001,57268,61792,62774,72747,77700,85437,92302,100727,109676,151312,130393,153201,152366,166503,167763,175494,183187,194177
6325,49760,55979,56529,59806,61038,71086,78154,84176,90299,99751,108944,121453,130849,139847,149058,165268,164487,174839,183923,187358
6326,49491,55872,56968,59503,61226,71057,77947,83654,90458,99632,107641,121711,133019,148751,157245,163927,164056,171733,181573,188093
6327,49062,53333,57222,58950,59745,66115,77974,83994,91968,98113,107711,116875,148349,152232,154433,165473,163096,171235,179904,190121
6328,48940,53229,57214,59116,60109,65748,77892,83692,91680,99667,106468,117116,126244,135622,154427,160660,163010,168507,186129,188163
6329,49958,54210,55878,60024,61122,69452,77775,85102,91250,99463,110444,117083,124388,146458,153502,161281,163542,169445,180592,188318
6330,49921,53359,55874,60003,61032,68991,77807,84094,104195,99538,110890,143168,144106,148426,153116,155083,163594,167275,182554,186769
6331,51713,53733,58912,60096,60807,67252,75797,84571,92604,142292,141945,120795,145734,147175,154390,157142,163592,167253,182949,187524
6332,51701,53619,58905,60016,60611,67318,75852,83940,90679,102811,111119,116423,125513,134604,151675,157849,164033,169736,180196,187709
6333,44275,49878,54859,56153,57956,64478,78038,84162,89055,96784,108237,127562,143890,145935,146538,157908,160650,167715,183057,184054
6334,44275,49943,54603,56132,57933,68474,77993,88534,95305,99776,107205,116259,125698,143971,148249,157082,158728,166005,176842,185867
6335,48085,50885,55444,56392,58178,67323,73242,83614,93185,99467,106433,139680,140228,143738,147785,158744,158628,165423,176719,185225
6336,48150,50861,55556,56402,58267,67395,71813,80337,92987,98546,127480,115348,128035,143538,145983,152651,155297,165785,179035,186015
6337,48484,51477,55121,56837,58011,66426,73923,80888,87610,96912,110347,141362,141392,143433,144015,152329,157861,164800,179122,185913
6338,48289,50367,54542,56830,57772,66452,70903,80606,139485,97616,104949,117483,127316,143142,144418,150137,155709,165065,178368,186277
6339,47485,51955,55299,58910,61073,68840,74817,88491,95420,145698,139717,114433,141036,142411,148864,153512,160683,163937,179232,182719
6340,47348,51743,55393,58955,61405,66719,72927,86925,94285,98120,110679,146308,146330,150478,149198,147740,159660,166779,177114,182485
6341,50918,53289,56324,59820,61052,69354,81016,87690,87626,97176,106640,119575,123825,146422,161418,150399,164517,165460,176666,183283
6342,48538,50529,55680,61480,62423,70243,74152,87069,91851,97304,107057,112708,157555,157555,156007,156652,163915,171654,175567,183301
6343,47237,51854,57024,62679,64610,71633,78083,89644,94374,102886,105881,124345,125979,156007,173868,156701,179614,168336,174753,182959
6344,48268,52818,56779,60563,64868,69325,79258,87998,93533,98211,173397,129375,126949,136192,173830,161978,178342,179614,175690,182539
6345,50383,56444,56828,62491,67248,68603,75728,88686,91837,97281,108898,116104,126181,173123,173867,160774,177619,178749,174573,183829
6346,50332,56581,56869,62591,67165,69090,73677,88719,92007,99594,105711,173938,173867,130114,173938,177087,174344,178642,175725,181349
6347,52488,57709,59127,61298,64559,69703,73040,84744,93014,99657,111631,118188,127084,133192,177210,173830,179502,178676,174996,185138
6348,52431,57586,60394,62838,67268,66700,72898,84939,93241,158444,107978,114445,127993,177210,143531,173867,177996,182913,177509,183851
6349,51302,59103,62255,60808,68045,75757,78946,87314,92152,102878,107047,118198,123054,131800,174158,173938,175656,182601,177236,189907
6350,51730,54260,62507,63395,66895,77249,79287,87169,93791,98835,108178,114560,127398,136293,151548,178885,180906,180908,184391,186132
6351,52980,57439,60814,62768,67667,74273,77995,85676,89721,100838,109478,115801,172692,173671,146386,177996,183507,180906,183495,187541
6352,52058,56639,60646,62798,67314,77606,78666,84756,88374,100343,110374,126729,133587,143154,178041,175373,178959,183608,183534,186897
6353,50580,55893,59754,62793,63835,68069,72331,81530,87212,100302,109919,117759,125755,133462,146715,175625,177118,183026,183563,190908
6354,50621,55891,60058,61982,66826,68848,72542,81978,92487,100849,106857,172666,126719,130931,146939,178983,179283,180726,189044,190631
6355,51723,56747,60885,62496,66560,69176,74471,82056,87528,95330,172666,121275,124092,174394,173484,178633,178727,181187,185722,186145
6356,51709,56788,60782,62528,66960,69016,74254,81695,87104,95741,110791,116241,125806,135460,156135,177252,178436,181281,181357,186355
6357,52911,56979,62200,64039,66628,70270,76317,83164,113854,97562,106692,115291,173344,132655,147312,177280,182911,180750,184793,190739
6358,52388,59110,61285,63497,66480,69484,75172,80471,89597,93978,107622,118254,133479,135104,146771,173484,179879,183950,189547,191219
6359,53156,57917,63074,65735,67179,69290,73519,80631,87859,157281,107359,113129,126625,176837,174175,173563,177623,183706,185527,191859
6360,53102,58013,62905,65297,66670,69691,74437,79842,87520,101910,107201,115655,125468,139001,155710,178970,180197,180835,190895,192194
6361,54313,56638,62543,63286,65652,68873,74014,82103,90681,98639,107083,175714,125534,135904,147464,178578,181198,180817,187536,189836
6362,54308,56447,62168,64453,66174,68973,74122,82978,97718,95487,108169,122343,137556,135885,147394,176817,177265,182236,186716,189983
6363,54576,57868,64352,66128,66886,69294,79092,83832,90785,96531,108287,116504,128374,176092,177802,176402,178595,182195,186855,193784
6364,53692,58230,63892,65347,66981,69194,76617,84388,95629,96848,135477,119311,174793,138007,148809,160352,178845,183057,189616,193326
6365,53933,60313,66511,64346,66694,73530,77382,84601,91537,96436,108629,114731,132114,138165,146779,166404,177110,183353,189178,191554
6366,53979,60525,64116,64244,67856,73276,77351,87970,97916,98346,107391,115957,122173,135595,175641,178222,180183,181663,187319,191521
6367,54758,58483,64232,67068,66255,72472,78318,87277,93358,102157,107218,117010,122158,146889,163653,162668,190231,181915,187430,190036
6368,54668,58398,63642,67724,68184,72051,78537,85359,91418,97645,126987,164462,130780,138320,153332,159983,186373,190912,188140,189639
6369,55945,59498,65306,67151,69677,75882,77912,86063,91442,162880,109504,116096,139148,182259,155418,160600,183816,190372,187602,192344
6370,55867,57860,65488,67092,69202,77070,77236,85499,106499,100850,108870,112228,124432,136851,155265,184985,183866,188439,190130,194195
6371,55278,56414,63958,67345,68544,74570,75736,85162,91813,96376,107923,113298,178759,137039,153035,165062,179806,188521,189465,186791
6372,55230,63626,64352,65838,68996,73467,76240,85437,91248,95531,173463,114840,133984,137841,151868,157395,179260,184846,187087,188023
6373,54823,61727,63751,64816,67275,71457,75187,84971,90074,98208,111944,170343,124624,137352,148265,157299,180187,184553,186507,194895
6374,54465,59872,63325,65499,67048,71291,75277,85019,92785,97638,107341,121834,121523,170730,145892,178453,180466,180513,193181,194444
6375,55585,59000,64210,66088,70214,75085,75498,84702,92389,96269,107272,115293,124755,141270,177021,159566,182957,181794,191030,193883
6376,55521,59839,65027,66472,71369,75019,75336,86214,90983,97414,107299,114051,158698,137308,155956,174118,182672,182870,190987,193136
6377,54930,59080,64854,66171,68183,73514,76443,83243,109159,99290,107915,114161,130953,137359,140916,161155,179535,182633,191141,189209
6378,54996,59048,65241,66191,66963,71916,76475,83388,91620,96965,107079,114062,123782,170516,157081,178075,178613,179249,185475,189427
6379,53206,60255,65034,66310,66981,70212,75124,82722,93348,156010,106837,171896,123473,139226,157224,160286,182175,180342,186609,189272
6380,53189,60389,64976,66471,66771,70652,74816,83598,91736,103315,108381,121756,173029,131657,148929,160537,182058,180861,185249,188746
6381,52494,58503,63483,65614,66334,68878,75385,83268,88517,98284,111009,119819,134126,138178,170426,173367,177051,181652,184963,189110
6382,52540,58528,64436,65630,66650,69396,76654,84492,91992,98967,168203,119801,123533,168669,153875,157336,176558,179141,186367,188936
6383,52268,58255,63444,66879,67091,69213,73222,84207,93144,98937,111042,116525,123348,140332,146111,176471,177128,179052,186188,189731
6384,52261,58250,64193,66690,67084,69258,73415,83133,91945,99573,107726,116089,128032,139789,168490,158511,175741,178675,185111,188780
6385,52700,58379,63617,64656,68034,69277,73961,84166,94645,98814,107678,117219,153386,133241,148182,170777,177353,179059,185167,192278
6386,52452,58423,63789,67528,67080,69491,73821,84470,90902,97734,108510,117121,128692,168153,154805,161076,177500,179460,187438,190566
6387,52758,58808,63905,65809,67468,70225,74647,82626,120162,98510,107875,170171,128760,138976,170561,170872,178200,179801,187564,190032
6388,52755,58664,63826,65681,66229,70099,73738,82842,90858,98217,108624,123135,129915,136867,152361,171083,176180,180793,186338,190004
6389,51838,57926,63715,65174,65790,70171,73181,82983,92312,97222,108433,115016,168924,142618,144585,159290,174632,180488,186019,190552
6390,51824,58418,63536,65040,65754,70063,73197,83886,92276,151691,107622,115940,126552,166683,168003,170803,173858,178392,185508,191318
6391,49890,55823,60217,63931,64290,67352,70925,86887,90687,101643,108191,113777,126556,135663,154597,158274,177972,177104,185556,193238
6392,49845,55682,60197,63362,62946,67185,70733,86670,90546,99555,167953,113969,127036,130601,149496,169213,175570,179219,187361,190530
6393,49855,55356,60592,61280,65687,66525,70882,83825,90554,99295,110670,164996,126627,168222,146819,169239,171205,179599,187405,191402
6394,49595,55267,59920,61938,65634,65043,71016,84348,90582,99306,108688,120013,164996,134393,165242,170743,171246,175736,186417,190917
6395,48828,57575,60309,62863,63652,64711,75396,84064,87686,97156,105893,114446,128917,130089,155385,161844,171260,177458,188039,190514
6396,48860,57557,59796,62977,63681,64679,75348,83737,95786,97509,105271,116664,128261,165250,164634,166795,172387,177646,185763,192411
6397,47480,53674,57352,60219,60972,69444,68787,82612,87241,97126,105477,115629,125313,135327,145257,167021,167866,177292,185630,193003
6398,47474,53975,57385,60545,60855,68182,72916,81593,132419,96334,104539,115984,124086,160428,160952,167008,169089,173615,185380,189177
6399,49049,55076,59361,61350,62341,70153,73684,82898,90871,164142,106663,164142,160344,136962,148940,166438,173508,172937,184891,188807
6400,49041,55875,59316,62169,62530,64463,71110,82585,87525,101194,164142,118321,136318,137000,165502,162430,173102,178349,184355,192801
6401,50627,58558,61131,62869,63328,67156,72444,82576,88329,95526,110733,116740,127948,164021,147546,165284,170888,178289,184607,192374
6402,49650,58518,61030,63565,63318,66966,72389,82020,88360,96183,104682,116365,128159,137864,164333,173184,170396,177129,184117,192222
6403,51717,56616,59147,63597,62368,67884,77711,86356,87042,97132,104686,112567,128221,136124,149994,166352,171067,176352,184275,190606
6404,52383,55637,62017,63723,64090,67845,79883,87219,87739,97106,105456,161969,161799,162241,165377,166472,171630,177057,182427,189806
6405,52342,57287,62739,64489,73150,74282,81301,85321,90671,97947,105519,119017,130198,139623,152300,165999,173200,177093,179397,191481
6406,52680,57570,62804,65044,73632,75452,81418,86154,115977,97881,106225,112080,125170,141445,152195,166459,172979,177655,183876,190184
6407,51913,55796,60756,60344,62968,63762,82335,85972,89744,96054,163411,117033,125285,164916,163698,169994,170904,177580,184040,189994
6408,51875,58923,62042,60097,62757,68514,79645,85773,90441,96020,113808,116604,160367,138452,148323,171132,171030,174890,182823,189519
6409,52243,55497,60749,63141,63940,66477,73689,86538,88496,155708,105510,156137,136350,138447,160416,161166,167919,175124,184474,188474
6410,52543,56636,60539,65035,63673,70842,73704,84655,88293,100487,107289,118076,125931,132421,153984,165303,169828,172067,181360,188300
6411,52109,58641,60406,62124,63811,69304,72642,85460,93009,98506,107064,115057,125883,158924,158008,168946,169016,172662,182105,188432
6412,55150,58647,60695,62439,63805,68928,72481,86811,92967,99998,107621,117953,124287,141217,153258,164649,167786,171895,182797,188242
6413,49450,54753,59178,62636,63664,68615,72929,88494,93096,98915,107435,113727,154043,156184,157610,165150,166586,171711,182810,188658
6414,49536,57369,59468,59644,60972,68672,72558,90754,94187,98961,108123,149485,124322,141854,157704,163481,166654,169744,180075,188266
6415,49523,56654,60375,60544,66495,70715,72052,83030,89739,97536,149140,121822,150180,141513,156429,163313,171548,169612,179514,185096
6416,49512,54489,60040,60680,66532,69847,73077,82817,143285,100952,111573,114950,130869,146139,150690,158885,170167,175401,177740,186357
6417,52776,56460,60853,63476,63756,68997,75446,83398,95793,101827,108864,126981,130050,139870,164618,160856,172686,174971,181472,186208
6418,52714,56319,60847,63284,63660,68424,75384,86643,87940,99745,110900,121521,134758,161407,152301,165509,171772,176455,180968,186295
6419,52420,56814,60489,62380,66716,68971,73520,84758,94066,100426,108102,123326,131856,143955,164692,165195,170937,175865,180719,185580
6420,52016,56327,60638,64461,67061,68705,73944,84472,95359,106282,109951,118953,133739,140723,152923,168518,172284,175809,178212,186513
6421,54119,56996,61018,61859,64482,69154,73217,85204,94676,101599,109252,163046,160888,140645,157329,168603,175261,175932,179347,189491
6422,53816,57097,60506,61031,64073,68447,72052,84901,95081,112985,113189,123754,140685,166509,155128,169935,175091,180623,183730,187287
6423,52806,57291,61077,61818,62672,66820,70907,81640,87487,97919,108263,116661,136156,143795,153463,169732,171665,180434,184537,187751
6424,52634,56846,62070,62131,62988,68758,75835,81859,88005,96271,157812,119777,133908,144227,154674,172383,176584,177027,185523,187344
6425,52084,56529,60566,61707,65052,72765,74232,83757,88892,157130,117501,119225,130562,144635,155471,168942,173912,177308,180317,187664
6426,52150,56583,60474,61639,63046,72367,74731,83807,90901,100641,114762,119305,134110,144325,164279,167052,173999,178497,183264,188413
6427,53156,56062,61581,63301,63615,68902,72557,81567,88208,95878,111969,121421,134865,145875,152477,168459,171685,178712,182057,191303
6428,52639,55947,62195,63053,63629,68710,72293,87277,88336,98703,109599,124180,134423,142190,155332,168207,170693,175997,184978,191339
6429,56684,57152,62359,63239,64118,69437,73716,88702,94759,98188,115417,126639,135843,142816,156342,168578,169751,175322,183721,188520
6430,54803,57062,62303,63105,63960,69226,73594,88244,94145,100029,109210,119747,133747,144428,156615,165298,170054,173496,182003,191355
6431,52796,57228,60616,62949,63964,69571,73177,85363,88242,95208,110739,124077,133530,140737,151543,164966,163745,172986,186016,192097
6432,53026,56082,60644,61359,63979,69675,73538,84895,92203,98424,110364,149025,129511,154324,157073,166102,164910,169199,187901,194257
6433,54902,58365,62670,64850,65803,70963,76480,84235,89145,96848,104862,123103,131954,141156,160698,165882,168282,171041,189236,189061
6434,54154,58388,62594,65278,65945,70836,74383,83383,88717,138298,112345,120543,134175,141192,152710,160792,168761,168788,182189,189376
6435,58212,59284,61934,63837,66978,70296,74337,83274,90613,106615,113994,125140,133762,155190,151741,160103,167326,168947,183228,188058
6436,57823,58911,61952,64298,66544,70592,74436,82305,127606,105009,112205,124514,135028,144045,160890,163362,167440,170930,182530,188597
6437,55895,59252,61705,66229,67389,72568,75743,83587,96310,99803,112847,124541,135205,140579,155686,163146,169064,170804,182861,188507
6438,55321,59235,62528,66080,66456,72535,75167,84153,93741,100494,116205,125952,135516,140804,161346,165219,168741,174066,179745,186548
6439,51134,56297,61834,65238,66275,73322,75713,85748,91746,105044,115820,122549,131763,156523,157560,164428,172209,173914,180853,186557
6440,53597,56471,60956,65634,66117,73050,76120,85405,91900,105027,108246,122335,129572,147992,150475,162808,172811,176577,179865,186745
6441,53127,55459,59781,64464,66400,71355,75391,85107,94272,97735,114474,121308,161433,138849,149214,162602,169872,176294,179130,185012
6442,52665,55225,59746,64354,66192,71385,75752,85766,95364,97732,113501,121527,132771,136915,161366,169394,170998,173050,178949,186039
6443,51199,55933,58613,64287,65659,70927,76420,87622,91300,101819,123917,118230,130082,157500,158367,168290,163394,174383,181676,187390
6444,51610,55790,58609,65153,66064,70943,76300,88164,90792,97126,111311,152437,124101,140434,153869,165533,168400,168155,181841,188842
6445,52723,57541,61682,66400,68952,72425,79833,86153,94654,98060,108318,125314,126970,153383,164383,164600,169054,167869,181191,192803
6446,53497,57645,61626,65965,69178,73636,76535,87672,94318,98656,142738,121222,159976,145787,158461,162021,169561,173536,185181,188638
6447,59126,59129,62056,66776,68721,73465,77614,85000,94695,162640,116471,119011,133108,139192,156013,163242,173274,173885,188295,186587
6448,53652,58914,61404,66632,66859,72345,76965,86220,89803,101959,112262,116901,130048,165517,155221,167781,172974,177685,181790,189263
6449,49133,57060,62544,63159,67096,71336,75735,82293,91110,98855,109905,116249,129431,144304,149798,166849,166646,178282,180121,186485
6450,49225,57463,63177,63308,68123,71316,74442,85013,91728,100268,112281,145844,130658,140228,149638,170061,166813,174835,177345,184491
6451,49997,52950,59483,63093,69187,76081,76878,87766,93444,103345,112474,122567,137003,139816,165330,167918,171963,174049,176942,188872
6452,50118,53496,58732,62960,69136,75440,76323,84857,90046,104353,114921,115349,131591,144167,153786,163761,171450,177017,181503,186388
6453,55326,61504,61581,65579,70268,74493,79623,84555,91814,101528,111155,121123,162665,140556,155128,164619,175539,176358,179858,190622
6454,55528,61265,62197,65777,70348,73497,78442,86149,92421,101666,115883,121265,141182,167508,156940,170404,176348,180097,184763,188344
6455,52669,58501,58608,62363,69025,71699,78412,86241,92810,98350,111227,129959,135566,146027,150417,171341,171814,180612,184115,185363
6456,52683,58227,58713,64097,68990,75700,79640,85268,91976,101082,108054,122958,129416,137427,162429,173691,170268,174908,180968,187574
6457,50692,54373,58920,64122,66395,74842,80304,85984,94143,102719,109619,120750,129206,141250,149325,172813,171509,174646,181496,188532
6458,53022,54912,58903,63888,66387,74669,79930,88550,89910,102219,111059,158553,129518,140310,162086,164252,171154,172915,185105,187969
6459,53685,55603,58552,62496,63762,69936,77701,82301,92946,100225,157565,123529,128980,140106,147261,166632,163906,172668,182314,188933
6460,53694,56978,55271,62342,63599,69622,76947,85428,91289,102593,117610,119653,128279,156175,158385,168174,164173,167760,186946,196181
6461,54964,60196,61302,63978,67276,73424,77208,86007,91061,100555,110799,122859,154094,139532,163066,165856,167504,168159,184417,187320
6462,54505,57934,59053,63907,67184,72494,77894,82286,89898,98089,114055,119578,134370,137932,152199,163106,167800,171976,178650,190794
6463,54521,58040,61929,63914,66525,73401,76326,80824,133014,98019,112950,117941,129191,158011,165633,159370,169818,171146,182754,186400
6464,54248,57680,58249,64021,66494,73385,75343,81838,94338,99022,108153,118811,127667,138599,148768,166651,169207,170774,180759,184197
6465,53679,59322,58051,62880,67059,72420,77370,84369,92233,139661,111827,116920,127830,164555,154651,168066,161981,170974,181180,181267
6466,53629,57850,61126,63103,66557,72324,77348,85177,91509,97253,111078,153223,153494,136951,158512,168293,163400,165800,174220,182696
6467,51227,56062,56579,60730,63196,68422,75255,86295,91818,100068,110588,121032,134040,136458,154239,168754,161131,165719,176367,183189
6468,51316,56169,56984,61154,63039,68285,74962,84716,93506,96844,105459,117127,123458,149946,154125,159279,160571,165394,178101,182618
6469,48835,53527,55106,60695,61805,70016,76105,86948,93286,97614,108775,112280,132847,139444,149607,159447,158549,165004,176086,184015
6470,48800,53751,55094,60592,62018,72929,76363,87280,93758,97424,104716,130085,143004,143520,149477,155614,159747,164912,178961,183164
6471,49551,53318,56483,59153,60114,71719,78435,84786,90695,98290,141553,114991,132758,146151,145856,155253,159595,167722,177217,183852
6472,49972,53074,57297,59179,60263,72836,78278,87570,91886,136097,113826,140310,125813,142038,148901,150925,157510,164589,175117,184129
6473,43159,46259,50632,52329,53553,66143,69715,81345,90989,95673,105126,114895,139740,142265,137823,154825,154141,166126,176573,183601
6474,41154,45912,51060,52569,58635,67803,71580,86270,88951,95652,102135,128068,129349,130528,138776,153061,156364,161130,174984,183834
6475,40999,45518,50279,53637,56620,67542,76138,82283,88641,99881,109532,116882,129339,133727,137612,157284,155196,163133,175851,182014
6476,40136,45110,50537,52648,56691,67571,76723,81751,88831,97445,122869,124437,125194,129395,138321,146324,152869,158821,175069,183511
6477,43404,47088,48090,52860,56769,64789,77127,83562,87621,121488,112902,125048,127974,129673,142393,148316,156827,162307,175414,184405
6478,40219,46551,47745,52825,56579,66645,76950,83343,86736,97089,110835,123976,127908,130464,138393,147016,156452,164203,176351,182258
6479,41025,45253,46311,50605,58488,64513,73068,80086,115738,91546,121849,121058,127348,130028,140724,146534,155300,161957,176496,181122
6480,41557,46137,46413,50311,58785,68845,73328,80930,87326,116285,108689,121265,124750,127624,140417,146054,156183,162056,172937,183726
6481,40656,44634,47087,51054,61045,70121,74517,84201,87134,104198,118059,122315,124673,129726,137916,150128,153723,161888,172654,181101
6482,40965,44407,47113,51424,60427,69658,73913,84310,88349,102750,113702,121901,125929,130332,138684,147445,155444,161894,172913,182145
6483,44422,47038,50046,53481,66229,73838,76942,84458,113659,101737,113503,128910,125499,130458,142400,148403,156050,162058,174031,181642
6484,43799,47215,49901,53562,59886,72735,76231,85825,90409,97089,115812,128426,132788,136087,142793,145110,154010,162670,171274,181110
6485,42892,46349,49675,52582,57794,69017,76418,87798,92212,121494,111036,125176,130051,134570,139205,148141,156927,163787,174009,178252
6486,42848,46206,50042,52603,57839,68498,80703,89232,93389,95577,123260,125304,128548,133526,142287,150808,155119,163965,171410,180079
6487,39424,43170,49618,51275,56292,67004,78485,87460,91094,98330,116209,129688,129957,133507,143987,146954,157699,163064,172131,180499
6488,39960,43152,47387,51499,60545,66587,78261,88656,91617,101477,108325,127560,133275,135511,143717,149998,157345,163914,173471,181204
6489,40356,43276,48585,52603,61519,75823,82285,86888,92265,121160,107893,129299,129939,135348,142457,149166,159249,163394,171755,183079
6490,40243,43414,48568,52291,61484,75791,81963,86113,92111,98001,125553,126627,132924,135301,144742,150024,159287,164022,173874,183528
6491,41882,46204,48212,50937,59334,72765,75888,83149,87869,94535,117071,115614,132990,136446,137933,149711,153574,163934,175633,181495
6492,41856,46154,48432,50564,59072,72373,75768,84976,92430,117661,106303,121219,126981,129463,137917,152506,152670,162924,172449,181137
6493,40232,43399,47988,52349,61371,71544,75529,82356,119941,96248,109186,124921,126612,131377,137752,152250,155542,162447,175023,182921
6494,43699,43801,48397,52131,61358,72822,74958,80669,89698,94907,121918,125053,127966,131708,137897,147202,154382,163416,174757,182722
6495,41832,45731,49258,52454,60635,71571,74707,80682,88004,124503,109860,128286,127228,130609,138435,147096,154734,162563,171333,183759
6496,41665,44835,49256,52384,57553,70425,73679,80712,87757,97071,125453,128554,132446,134465,140050,147422,155395,161754,173812,182485
6497,42567,46418,46950,52187,57919,69504,74616,83159,85971,95506,105977,128067,130274,134728,140453,146374,154725,162980,174474,183173
6498,41759,46402,46771,51345,58006,69773,74360,81026,87619,104293,108079,128284,131160,134834,140873,147182,154967,163692,173062,182893
6499,43131,47616,48483,51748,56812,68066,70877,83981,121862,105606,124710,121785,129697,134115,138437,144610,153808,162629,175549,182235
6500,42768,46510,48011,51568,56730,67658,70444,83763,88984,96072,105673,126975,130129,132627,138347,147007,156778,163487,175512,181898
6501,43538,47301,49445,51381,57034,69079,72547,81969,85956,123996,123257,128559,129812,131653,143738,147480,155299,163500,175118,181682
6502,43557,47255,49313,51193,56479,68986,73756,81800,85912,97001,105885,114284,131390,132219,144004,147301,155719,160980,173993,181792
6503,41020,44830,47597,49793,55637,69866,74704,81537,87920,93152,123132,122299,128702,131575,142389,147807,157521,164406,173750,180219
6504,41114,45150,47582,49747,56424,69912,75682,81774,121137,121768,104801,125228,126430,131546,142786,148937,156603,164511,172763,180031
6505,37806,38600,43764,46258,50968,61855,70398,78848,86706,94557,122424,118593,128570,131049,135818,148352,154591,164242,171335,181533
6506,35991,38793,43895,46693,58385,69493,74440,82150,86749,94090,107663,119481,124396,127478,138235,147743,155149,160288,173008,181456
6507,32485,39742,41924,45164,54127,64898,71433,76833,84507,109461,115098,116125,123605,127989,136531,150166,148420,160529,173185,182897
6508,32348,39476,42025,48208,53029,69870,72350,79637,82259,108549,114189,118744,121262,125393,136992,148183,154382,150186,172421,181541
6509,34205,39797,41941,49017,52443,69529,70562,82084,110306,98020,113651,119941,122728,126872,137527,147331,154735,160129,174609,183012
6510,34078,39770,41857,48960,53171,69424,70987,79111,87739,110562,115159,119632,123056,126962,138316,140101,154577,158248,173809,183413
6511,34458,43164,44515,48505,53521,67266,72627,80234,100444,96022,115065,119966,124022,126762,140147,144873,156289,158270,176099,181717
6512,34429,43234,44272,48291,53287,67060,71470,78222,86307,112955,117713,119557,124545,127189,139994,146569,154570,160284,173896,182839
6513,39594,38113,43537,49602,54082,67913,72025,80050,102658,97220,117294,118813,124421,126904,137591,146513,155162,161470,173165,175290
6514,39445,38179,43803,49938,54252,68701,70571,80289,88098,113350,110499,118091,122202,129400,137735,147089,154430,161324,168780,179322
6515,36518,41008,46491,50754,58782,67396,70602,80043,81528,100327,118843,120592,125721,129379,137936,144995,153478,161399,170070,180356
6516,36898,41456,45924,50867,58404,66306,70721,79241,114018,91316,106676,120590,127609,127717,137831,143237,149266,155368,172214,180602
6517,38932,44258,46766,52801,58982,68088,71819,81794,88467,118794,119130,126684,127454,127664,137873,146158,154212,151466,169693,181086
6518,38858,44090,46283,50196,58883,68176,68773,78597,81441,93187,123711,124326,130383,130718,136369,142047,153420,162005,172528,175668
6519,40189,47256,46738,49466,57478,66403,68647,79189,118384,118384,109817,122332,126024,127832,136729,141875,153064,157355,171966,172562
6520,40114,44658,46768,49312,57403,65264,68522,79071,84049,93994,108301,122194,126052,128654,136426,144653,151474,158795,170765,175279
6521,42131,47702,49601,51787,60008,66300,70497,78984,85637,121606,119458,126199,125882,128606,137407,144659,152914,159002,170247,173933
6522,41965,46276,49555,52023,60027,65220,70161,79456,95224,95467,110607,125465,130063,130247,137297,144612,154302,160312,173784,175112
6523,44280,46338,51132,52592,59748,67373,70684,78415,87400,95250,121326,129508,129414,129715,139426,144527,152424,157215,173836,178186
6524,44218,43953,51147,52064,57855,66333,69060,77719,125486,125486,112690,129579,134011,134493,139468,144396,152731,162286,172682,178197
6525,41206,45591,50633,52288,58394,66348,69540,80654,89869,103956,110193,131148,130736,134549,139616,143961,152929,156418,167709,177911
6526,41339,45519,50877,52206,58346,66611,69305,80203,88205,96251,127160,130801,131756,134190,139867,144933,152993,159695,168106,177755
6527,45112,47093,51317,53128,59504,66885,71188,80550,87785,98630,110483,133259,131501,133625,142643,144321,152918,160343,168415,179082
6528,45126,46782,51178,52861,59305,67300,70916,79226,85486,94085,113877,130423,134054,137981,141586,143998,153362,160303,171618,175419
6529,46806,51172,55253,56192,64063,71461,75339,82239,89594,137346,105686,137816,133345,133622,153040,144602,159598,158383,168035,179141
6530,45735,49640,53875,57333,59067,70367,70861,79786,106414,99912,137346,137869,142122,142796,149371,147891,155365,160311,172974,178156
6531,46219,48735,55273,56185,58982,68339,70886,79276,86587,102937,111652,137762,142385,143629,148851,148454,154724,160154,169683,179047
6532,44563,48383,55142,56436,58867,68310,70805,83780,86134,96949,111360,137514,143059,143485,148255,152988,154759,161644,169979,178868
6533,45986,50588,56347,58055,60295,69111,71323,85213,138741,94987,109421,122853,142775,143836,150325,149694,158420,165186,168962,178408
6534,45997,54892,56199,58428,60052,67750,71325,85236,95221,97455,114896,128406,144876,144987,150318,151829,158496,163770,170947,178472
6535,47280,53834,57513,59279,61211,67884,73629,81713,86568,132825,114839,125342,145086,145104,157135,151295,162233,162668,169833,182043
6536,45911,53442,57493,59082,61151,66602,71729,80079,84141,102332,113567,120368,151306,152703,155791,153047,161300,162514,173551,181157
6537,47327,56299,59051,59859,63541,69453,75465,84025,87491,96063,111259,146711,147315,147760,155402,153043,160840,162639,172189,180284
6538,47327,56170,58641,59830,63568,69205,75728,83264,87940,91225,112673,119850,147406,149743,154849,159213,160271,168661,174607,180047
6539,52045,59128,61744,63300,63573,70489,74410,79912,86122,98439,109658,123404,147047,149108,159379,159287,167148,167856,173000,180523
6540,49704,59333,61189,63072,65235,69576,73061,81583,86525,129283,152128,119989,152927,155812,160380,159743,165007,174888,173264,180379
6541,49910,59089,61281,62774,64473,68974,72569,78954,100329,93446,112468,120565,152864,155062,159084,159473,164497,170931,172692,182903
6542,50094,58564,60614,61604,64116,68333,72643,78907,85033,94781,108934,120815,152199,153286,157624,165180,162728,169252,175111,180908
6543,50627,56551,60112,61659,63530,67252,71567,82085,126774,95137,104040,125432,132398,152696,159458,160910,169017,172880,172083,182393
6544,49774,54021,59096,62258,64151,67357,71829,79753,90704,151008,113915,123028,132471,155064,159170,158515,169321,173821,173481,182463
6545,51255,53291,57509,59979,61120,66362,70881,82028,86931,99372,114232,150692,132451,155346,157030,158775,167109,171117,174132,183405
6546,51207,53474,58107,59599,61154,66340,70948,78842,87036,100532,112535,123652,132047,153238,157272,160908,165992,170378,177959,185041
6547,53154,57250,57897,60821,62247,66477,71024,79957,85977,94664,113164,121600,139408,153398,158931,160995,165146,173085,178089,184550
6548,52940,57158,57999,60634,61941,66354,70070,79169,85725,95131,110781,121482,130021,153540,156635,158764,163497,171342,178037,184601
6549,52985,56822,57809,59667,61387,67110,70626,80887,122063,97137,110849,119682,152057,153348,156139,159018,164146,169757,177627,188539
6550,52967,56399,58638,59037,61294,65164,71831,81281,89575,92597,104797,119358,129884,150129,155964,160258,164946,171078,181011,189594
6551,53636,57389,57778,60207,67370,71621,74743,80277,86492,144375,145817,125063,129004,152123,155256,159592,161704,170887,178256,185202
6552,53195,57110,57832,60274,63026,71009,72736,80681,85862,98982,118221,121027,129842,151368,154869,157648,161557,168394,179031,184488
6553,52277,55797,56783,58096,64080,69098,72848,80486,86324,94537,114883,119293,147004,151023,153364,159625,161128,168329,178908,186334
6554,52382,55814,56487,57845,65103,69162,72924,80738,96567,94723,114887,142973,135250,150204,153459,159072,164365,167666,179485,186499
6555,55234,58296,58544,60368,61714,69841,74263,81495,87099,94405,115410,122650,132078,150279,153310,158807,164776,167693,178945,184729
6556,55151,58178,58525,60466,61581,69649,74149,81643,130768,94073,109478,118264,125832,149023,154280,157585,165153,170038,177446,183090
6557,53575,57421,58432,58957,59673,69550,74256,81442,90000,141695,109522,115252,144700,149808,149895,157731,162163,169809,180070,185598
6558,53576,57278,58303,58685,59391,69219,73968,81054,86518,99659,110077,141691,129752,146366,150116,157677,161971,169101,179880,184889
6559,54014,61089,64201,60606,65182,69422,74184,83804,88593,96535,109580,123378,142217,146085,158988,158144,167215,168437,176809,183122
6560,53863,61088,62891,63318,65381,69191,74577,83731,88501,95173,113010,121518,135687,152816,155817,156879,164546,171293,178186,184243
6561,55106,59528,60768,65310,66793,71387,79384,85391,91366,96904,107932,123069,127678,148656,169104,156681,174138,171288,178899,185177
6562,55132,59942,64259,64697,66272,71272,75247,84291,89351,99694,107313,117820,161211,161966,163303,160833,173755,180083,179744,186320
6563,56920,60850,64278,68050,69594,72662,75598,83867,90906,172606,159929,174666,132599,139180,176866,160030,186217,174164,179750,182921
6564,57402,60639,64294,67413,69835,71360,74563,84111,89394,100506,117597,121954,134327,142953,177107,171126,183343,188239,179047,184852
6565,56318,60502,61242,67605,64317,67155,72966,82613,125311,96489,105972,113036,135972,133871,169494,170178,176113,185122,177056,186723
6566,56082,60564,61050,63799,64221,66982,75116,82865,90783,96245,109192,118516,133025,167408,169551,181970,176181,178758,179888,184774
6567,56176,58833,61879,63482,64828,70609,75310,83275,90669,97860,107457,117488,132874,139109,171266,178200,176953,178356,177589,189269
6568,56089,58896,61739,63574,64394,70499,74272,83601,88966,97529,110220,117370,131835,139682,170899,171848,176704,180380,185385,188018
6569,56183,60660,62037,62517,68559,69569,73317,82304,88949,97997,111352,117784,131803,146472,167678,171496,175588,179711,184972,200097
6570,56074,60427,61930,66411,68673,69424,74950,81781,88693,99006,106997,117658,132802,136830,167673,173411,175568,177734,196325,190226
6571,55838,60249,61670,65957,67969,69965,76233,81949,89292,99666,110882,164541,132624,166144,168685,173486,175199,179934,189135,186832
6572,55930,60231,61665,66500,68787,70118,76063,81266,89272,99380,111992,118231,126294,136883,168189,171146,175164,180001,184258,192082
6573,54990,59273,64031,65774,67548,69127,74090,81035,103811,99418,111716,115701,166982,141847,151552,171212,173683,180545,184285,195115
6574,54730,59242,64110,65863,67300,71921,74988,80865,92243,99569,134134,115580,131978,164532,151789,170774,174342,177937,188369,194911
6575,53701,55301,63066,64544,65477,72547,73686,81023,87293,98445,109975,113679,128093,137142,160072,170432,168666,178121,189069,193056
6576,53620,55795,63104,64653,65581,72667,74116,84464,87651,155683,107616,156702,125726,134783,155070,167788,169616,172339,184221,192807
6577,51157,53127,61043,61945,63311,70077,71609,82949,136283,102737,107514,121086,126469,157131,150017,170048,163837,172806,184138,191222
6578,50922,52935,57034,61966,63081,70335,74298,83501,93788,96904,116915,120014,151740,133883,158031,164212,163415,166725,185112,191658
6579,51613,56103,62000,62846,65298,72139,75640,83322,88817,97325,108626,119041,127662,151145,157578,164326,164647,166869,183829,191857
6580,49642,53626,61590,62754,63900,71918,75497,83755,88765,97312,151117,119103,126567,133878,157820,159597,164650,168680,185054,191391
6581,50497,55630,57343,63060,63839,70036,75650,83322,88774,98350,109144,115575,151440,154519,158689,159816,163787,168582,184961,186062
6582,50468,54958,57116,62865,63801,69884,75430,83243,89032,97808,107115,137629,124259,152633,147450,161149,163582,166881,180933,187711
6583,47008,51578,53734,59556,60867,66860,72840,81382,87129,96369,106704,114493,122838,133839,149191,159440,159216,168544,179825,181006
6584,46885,51494,53762,59339,61151,70490,71978,81438,87320,98169,105272,113766,145239,145864,149318,160098,157924,162259,176418,182171
6585,46259,50907,51807,58290,60181,67523,71928,81826,89713,111679,107322,145314,145020,147313,149742,160800,159437,165641,175094,185389
6586,46176,50808,51780,54583,60210,67763,69044,81807,89652,100685,144662,117693,130599,149742,149780,151893,159838,165460,179300,185110
6587,45611,50168,51854,54508,59210,68638,69690,83517,145749,96514,110285,115170,125715,149780,152464,153316,162745,165631,178622,184551
6588,45610,50181,51766,54351,59723,67728,69256,83412,89767,145545,108244,146849,149102,134943,152048,153558,160718,169741,179480,185838
6589,42611,47302,48569,51907,56455,59716,65090,77899,83415,99569,108093,114801,126942,149727,147677,152464,157093,170027,178878,184084
6590,42671,47586,48426,51744,56295,64772,66313,82761,85923,99603,106675,114763,142019,143062,148057,156806,158149,164924,176822,181205
6591,41399,46348,46977,50083,54433,63248,64792,77814,86450,98436,109626,137071,127128,142245,145758,155609,157314,165512,174289,182950
6592,41435,46313,47078,50309,54094,59038,65108,77625,83339,98164,136278,117649,137071,139820,145466,149978,156581,163891,177210,182930
6593,40643,43432,47583,48667,55840,63598,65546,78704,86783,97483,110824,137870,137189,139209,146344,149829,156101,165527,176745,184764
6594,40883,43496,47653,48646,55506,63704,65525,79258,86823,99433,110938,117114,126879,140990,146732,148787,158265,164334,179508,184312
6595,39614,42312,46459,47368,54184,62898,64080,76147,133012,95446,108214,115296,137873,141048,143881,149675,157869,167584,177738,182309
6596,39585,42351,46150,47532,53849,63156,64607,76105,86915,132993,106031,133845,135727,138342,143749,150193,157819,165244,172859,183740
6597,39269,44303,46720,47976,54169,58140,65565,76018,82105,102095,133631,116128,135626,138207,145568,149904,156816,165585,178657,182405
6598,39641,44442,46583,47818,54352,57785,65219,75596,82864,96014,114662,135568,137744,141647,145251,148247,156454,163411,174364,182532
6599,37696,42339,44705,46216,53926,60562,62948,72866,86158,93449,108721,115592,137350,139165,142367,151195,154247,163150,174096,181549
6600,116,117,117,117,117,117,118,118,118,118,106448,118,133590,137900,118,150320,118,161014,175994,181801
6601,37273,41630,42810,46818,53715,58407,67273,80272,86993,96776,118,114949,118,118,138278,152161,141595,118,174591,180019
6602,37970,40293,45577,55481,71504,92869,103436,128621,129477,130176,106059,130596,124113,125639,141629,149434,156896,141768,172922,180374
6603,39945,42327,48356,63070,74110,104811,112769,133372,133771,133771,130324,134573,132458,136177,147935,118,157973,161509,174821,181028
6604,39397,44191,46647,63182,74187,60876,112682,81778,133792,133792,134573,134587,136494,139316,144193,140243,158339,165009,173913,180682
6605,40178,44766,47465,48228,51436,58556,68828,78040,92091,133832,134620,134975,136904,139318,144041,146605,157279,164549,173879,175943
6606,40091,44691,47317,47992,48638,61250,64257,75314,82408,101829,134604,134626,136925,137857,144140,151664,155991,164148,171808,118
6607,40170,44969,46148,48121,49666,64193,64919,125335,81946,96322,134203,137190,136554,138101,146055,147781,156890,163620,118,143438
6608,40145,44814,45765,47985,49379,58844,64617,81024,135614,136029,136541,136643,138921,138801,145870,147990,157994,163566,142944,174176
6609,40883,45649,47919,49026,51038,83967,66836,78862,92458,102651,136260,138976,138571,138590,147724,148437,155355,163699,171664,182100
6610,40685,45731,47989,49203,52872,59452,77113,77947,88901,97457,110208,139077,140345,140936,147738,150972,155502,166632,175116,180338
6611,39226,44110,44768,46868,49767,57614,63816,74447,87216,96304,107504,135390,140120,142777,144864,151031,156672,167087,174934,180958
6612,39240,44088,44711,47464,63210,57371,104008,75979,86899,95410,106590,135456,138029,141497,143951,151291,155978,162851,173341,180309
6613,39251,40388,44797,47903,51354,57469,68760,75341,81302,95455,107704,135918,137050,139381,144607,150475,155633,162911,175153,181877
6614,39210,40508,45102,47992,48788,57741,64327,89750,81401,135964,135267,136462,138377,141593,145076,147871,156062,163734,175727,181906
6615,37798,40412,44744,45819,52218,89296,63090,75239,135024,100690,107655,116073,139035,139429,144430,148970,155783,162529,173905,182205
6616,37714,40377,44740,45886,50293,61747,63012,114277,91665,95555,108450,114586,139840,141235,144259,150983,155782,164463,178190,181944
6617,37149,43565,44236,45443,50037,60083,104010,79400,80722,95388,108278,135580,137805,139664,143088,151019,154079,163219,173865,180337
6618,38335,39812,44422,45237,49669,59955,66993,74449,80492,95030,135440,114844,137480,140782,142659,148807,153888,161574,172044,179124
6619,37840,42825,45302,46503,56747,58880,63975,83285,81951,136611,107571,137491,136999,139475,144706,149252,155057,163993,171704,180834
6620,37702,42785,44952,46378,49686,57503,63776,83244,136237,101265,107808,117153,139239,142453,144720,148433,155559,164384,172723,180567
6621,38520,43934,45856,47668,50858,58930,70558,77499,93535,97838,107860,139518,139191,142433,147976,147863,156774,164232,173147,179237
6622,38789,44433,46030,47226,52214,60141,101454,71370,89354,98329,140211,117898,141476,144998,147544,150936,156960,163357,171063,176997
6623,38299,43802,45560,46975,51699,57952,68640,108816,83287,97896,111092,112720,139379,144215,145388,151338,156355,163901,169083,177116
6624,38419,44265,45447,47002,52155,76364,64932,78764,89207,97877,108521,137907,139220,142060,144516,152527,156187,162709,169737,175484
6625,38704,43439,45735,47219,52149,58348,65358,76828,89612,98424,108116,117948,139247,142697,145799,151814,156980,164067,172440,180151
6626,38820,43909,45759,47161,52133,57407,63965,77030,89723,136644,109101,137183,141346,140434,144965,150204,157119,166484,173900,179850
6627,40082,46464,47165,49882,53643,62505,100520,80488,92486,102623,108991,118669,141184,141978,147986,150755,161081,164082,170786,181794
6628,40030,45991,47120,49764,50931,62459,68651,74640,92513,99926,139454,114340,142563,144218,147663,150185,160927,168579,172798,181669
6629,40157,45338,45600,48319,51658,60802,64779,125643,83306,98940,110868,137069,139284,141350,146186,148763,157553,168074,175378,182129
6630,40114,44862,45741,48100,52381,60465,64540,82719,136098,98772,108585,117344,137145,142201,145987,150203,158419,164391,172602,181525
6631,38959,43589,45764,46512,53283,66806,63849,75518,93769,96707,108749,134373,139505,142210,143187,150278,157209,167085,174758,180500
6632,38775,43455,45726,46757,52385,59638,104995,75644,88957,96583,107517,115005,138826,138867,142750,149197,155415,163854,175085,180503
6633,41667,41379,46891,51180,53866,61368,73079,77770,90677,137220,133045,139066,138225,137962,145957,150040,157758,161860,174922,182552
6634,38155,41286,46931,51905,52202,66749,64696,78405,90649,102375,117320,121155,141450,142394,145924,147614,155432,165922,174822,182658
6635,35606,39706,44875,46156,50412,61620,64748,80408,88381,97415,109319,114667,141516,141949,144977,147367,155563,166210,174901,182248
6636,38905,43389,45038,47738,51548,61528,63573,79119,88648,97418,108356,136250,140636,140996,144646,150077,155912,162651,173723,181624
6637,41900,41183,44528,48807,50569,58570,63775,75531,87716,96495,109131,116388,140873,140942,145751,149107,156633,163116,173392,179519
6638,35979,41141,44335,50002,51768,80852,105968,122448,87566,96224,110277,134947,139492,140283,144809,148347,156236,163682,169869,176833
6639,36901,41309,46986,48824,56003,61512,70171,88133,89291,116677,134496,116699,138449,139879,145099,150470,155364,163117,172958,182495
6640,38046,41365,46922,52224,53539,59995,64002,76385,108035,100743,115165,120638,140132,140708,144494,149510,154840,161605,175312,183485
6641,36249,40393,45388,49386,50868,57226,63304,79279,91821,96508,109421,134536,140037,139273,144455,149290,154960,161837,172977,181457
6642,37168,40270,45302,49224,52311,57219,62969,78957,87268,102198,108398,116396,125280,140892,143911,149945,155161,161572,173323,181663
6643,36715,41748,46564,47240,50533,57445,104101,79245,87030,133576,108656,134182,136279,140144,144411,149706,154925,161790,173113,177336
6644,37529,41688,47389,49034,50586,97850,69963,79278,123072,103605,112638,116626,136478,137782,144404,148529,153648,162699,169356,175820
6645,41963,43347,45285,48460,50164,62329,66113,78219,93675,100454,133675,136126,136861,137841,144778,148161,154964,162934,172434,178533
6646,42081,43187,45163,50128,56155,58213,66086,81345,87399,97571,114623,117629,138276,139495,144785,147983,154809,163721,173329,177071
6647,38591,41515,45186,47075,48970,59358,65951,81023,86681,96308,109393,114408,138276,139333,145348,148185,153044,163656,172357,179512
6648,38608,43482,45304,47037,51631,58463,65612,80588,86219,95950,109515,136065,124691,140566,144731,149864,156402,162960,172387,177119
6649,40150,40440,45550,47576,52177,56989,102183,77480,84737,96419,109794,115331,137644,139878,143085,151345,156246,164420,173146,178306
6650,40176,40379,45388,46154,53015,56730,69142,122672,133518,133360,108704,133360,138098,138427,143052,148822,158263,163213,174796,178302
6651,41935,42105,43677,46059,49447,57909,63618,84469,92433,102884,134558,120772,138182,138491,141050,148982,155103,163263,174240,181331
6652,41919,42758,43615,45553,60953,57704,63206,78670,82038,96600,114112,133092,137067,137418,141729,149276,154303,160731,176153,180360
6653,40054,38844,42006,44921,47731,62402,66209,74209,79695,93902,107770,113493,129357,136792,144251,149390,154335,160458,176147,181682
6654,37594,38890,43098,44906,50912,63634,99927,77967,79550,93935,105276,131126,134218,134412,143720,148652,154209,161304,174687,181490
6655,39915,39515,43213,43758,50778,57626,70043,77512,130743,130743,114108,134997,134296,137520,144913,148156,155680,159936,174802,181320
6656,40021,39511,43204,43839,53887,92733,65888,77643,90395,101055,131121,114320,135144,138870,144891,146717,156050,160764,174813,180816
6657,38115,41071,46094,47191,50573,62073,65278,78961,89989,97266,111841,134686,134915,138779,146515,146966,156675,160748,175208,182961
6658,37140,40659,44801,45660,48008,55815,62729,75664,82105,93255,109422,115115,139413,141643,144520,149751,153227,162211,171504,181845
6659,39897,41295,45501,47074,75164,57966,105086,124309,84325,136835,108663,136835,138850,139130,147205,149391,155788,161666,172319,178571
6660,35805,41285,45393,48235,49970,57804,67227,82820,84171,101943,109858,116840,141918,141908,147157,149341,154859,163594,169592,178725
6661,36278,44832,45910,47576,49333,57318,64061,78370,137340,93526,136658,116599,127808,141607,145696,148905,154552,160276,169658,180650
6662,36261,44641,45813,47512,49212,56934,63720,77970,88025,93395,108790,136908,139466,141336,144769,152847,154425,161618,169326,179976
6663,38823,43690,46249,49028,51256,69476,63602,79578,83653,94035,108123,121228,131347,141025,146277,151487,154879,161843,169415,181854
6664,38780,43638,46319,48980,49491,59481,105253,79012,83544,138517,111953,117425,140793,142802,146396,151496,155253,162460,172935,179473
6665,35952,41694,45007,44153,51697,66975,67462,78060,82869,96372,111959,135525,128873,142754,142897,150957,152768,160735,172461,182000
6666,36355,40991,45021,48840,51669,59947,70024,77074,82735,90412,106186,118811,135525,138777,142978,149944,153466,160206,175191,181778
6667,36234,40653,46916,47771,52115,58496,65972,76556,134201,90403,134593,135498,137969,138484,143701,152017,153205,160311,173065,176317
6668,36187,46059,46877,47690,52001,58288,68230,102105,89942,134403,116671,118001,138188,140048,143071,148720,152958,160125,167743,175230
6669,40234,41765,45948,48663,48223,94494,64212,81180,86170,102070,105894,118815,129958,139270,143735,148663,154309,160098,166975,177278
6670,38542,41641,47668,48489,48120,61742,102805,76437,86090,92675,111136,136638,138709,138709,144907,149732,154245,160928,172238,176343
6671,38393,40575,44910,46509,53999,57716,68092,79543,83682,94215,112184,116689,129971,138370,143280,149385,153617,160826,168148,172982
6672,38539,40524,44763,45387,48120,57436,73400,78992,83123,93738,109411,134061,137267,137892,143150,149470,153904,160287,164980,174425
6673,39736,42325,45670,47866,67779,57000,71847,84603,133588,133588,133220,117755,137687,138342,145032,149495,152770,161359,171996,175608
6674,38460,42227,45865,47801,50811,56938,71002,83440,88372,99454,109390,117823,137734,139303,144287,147152,153017,161241,172943,174921
6675,41998,44031,48883,49478,53687,63483,74572,82176,87642,98717,109564,137466,130666,139378,144041,146842,153262,160610,172403,173197
6676,42841,43992,48805,49331,53357,67595,69749,87409,87136,98937,109593,117613,140247,142031,144067,148069,153269,160336,171814,174688
6677,43105,45847,50816,51870,53789,68732,66293,81168,90115,101270,117116,139098,129756,141778,146160,147890,154291,159773,166589,171319
6678,43688,45821,50825,51672,53581,68195,65933,80971,89639,100917,110478,119091,140306,142368,145484,148417,153940,161199,169369,170510
6679,44925,48191,52403,54764,56248,70814,74374,92196,87134,107923,137684,120698,131988,141690,148732,146484,158239,162120,170852,173552
6680,44994,48145,52193,53475,56042,65968,74240,82665,111901,103068,113861,116179,140697,143079,147658,148924,159152,164092,170294,173269
6681,46300,49700,52802,55542,58584,72193,74506,86499,89956,101419,114138,140772,129577,144250,149989,148096,159267,163087,170239,174979
6682,46357,50233,53079,55463,58121,71822,73998,86188,90060,106101,111649,120053,142615,146167,149551,150344,158009,164479,171923,174758
6683,49354,52300,56711,57528,58318,75416,74892,85286,92580,104041,110106,119290,130087,144806,159600,151459,167455,163849,168032,180929
6684,49297,52262,55086,57503,58504,73908,74877,81701,89672,95859,110206,148949,149071,153587,157793,152113,163602,169462,171884,180477
6685,49844,53393,56715,58347,59524,69976,77378,82464,89935,148889,110756,120671,129857,149831,160268,152259,165324,169600,172257,180771
6686,49842,53388,56860,57215,59217,67329,77001,83745,92530,101235,110170,118193,129612,153605,160452,162492,165467,170150,173427,181106
6687,50484,52351,55771,59184,62634,67645,76659,85032,109043,100408,120252,117238,128814,153678,161434,161377,167666,168028,173540,183303
6688,50444,52465,55326,58880,62374,67049,76477,84504,90744,99898,111619,118794,153598,154656,161110,160633,170870,172943,174436,182454
6689,53179,56053,60021,60881,69848,68704,78858,82288,88863,101927,110251,152006,129158,153905,161632,161016,169738,171997,174729,183920
6690,53268,54775,58961,61416,69569,68401,78854,82202,88769,101672,151114,124522,132427,154524,161555,161970,170386,171394,178290,182310
6691,53338,54180,59573,61427,63012,70087,79083,85430,87876,99262,114729,121960,131595,154956,163728,161456,173806,173467,175587,186015
6692,53164,54049,58379,61263,62555,70342,75405,83043,139799,98874,109065,118190,157610,157814,163597,162837,173520,177665,177411,184544
6693,53428,55400,59562,60294,61985,70024,78122,84851,93540,99274,106817,120991,134124,156636,163800,163611,169294,177016,178327,185378
6694,53325,57618,59742,60277,62356,70222,78389,86389,89920,99411,108140,115591,130312,158453,163990,167961,169941,175387,178662,185040
6695,52721,54804,58234,59727,61196,65953,71201,84727,90667,96886,108413,119907,129667,158228,158063,167840,164967,175800,178085,184648
6696,53263,54909,58105,59620,61616,65791,72349,83984,89631,145283,106043,146856,126114,149468,158528,166975,165188,171016,180224,184775
6697,50684,52426,58792,60696,61489,66608,72041,80202,90322,101928,111444,117564,139520,149722,153722,167324,161991,174176,178859,187951
6698,53257,54761,58841,60757,62707,69104,70866,80109,91391,101119,140822,117406,129533,147128,155278,160477,165617,170995,183891,186256
6699,50653,51582,57249,59651,61058,69559,72269,78291,92821,101238,113626,115571,143449,148615,151375,161706,162634,169299,181324,190044
6700,50765,51718,57302,60262,61114,69762,74442,80700,93564,101394,111262,135006,130529,141210,151721,158705,163941,166380,184513,190065
6701,48594,52698,55125,58464,62455,66938,71704,81477,93749,99642,111940,117960,131411,141568,146035,158259,159167,167366,183892,188423
6702,48714,52762,54860,57347,62111,70394,73862,90672,94719,103238,110493,128602,132918,136556,147562,155812,161357,165550,179720,185538
6703,46145,48985,55966,57169,62283,70089,74895,91931,90688,98849,110475,129597,132348,136173,147704,158427,161536,166722,183213,186448
6704,46307,49995,56078,60166,62418,70228,75174,92038,90655,98515,108398,120048,133004,136586,147737,153827,162020,168246,180508,186075
6705,44175,47372,52819,54843,63363,69905,74828,86420,89432,101513,108338,125793,132852,136073,146471,152162,157111,165845,177376,182982
6706,44570,47595,52973,55042,63504,69915,73631,86672,90703,101937,125260,127780,129877,134183,145536,152794,158279,163402,176296,183073
6707,46520,48226,54484,57040,62241,73378,75068,87875,96050,99411,110143,123854,129111,133842,151098,152087,164354,165774,178351,183402
6708,45572,48276,54338,56902,61818,73118,74968,88704,95920,118177,110728,117243,135808,138882,150890,150266,160628,167194,176025,184443
6709,46707,51489,55502,58050,61892,71549,74887,89840,93231,103697,130961,130963,134999,138379,151538,150114,162010,166386,176932,184324
6710,46478,51053,55412,57891,61806,71507,74344,90390,93467,98230,112211,130633,135482,140664,151179,155138,161484,167349,175283,183616
6711,44175,47926,53609,55633,60653,69532,73326,86391,91442,99093,104969,116728,135381,136842,146723,154668,159626,167756,178174,180938
6712,45214,47925,54354,55925,60536,69557,73204,86236,91689,102635,110164,130745,134481,135084,146293,155643,159341,164670,176288,182711
6713,39078,42636,47816,51588,55988,68257,70300,85718,92672,103262,128742,114013,133878,139933,136847,154620,152715,164242,175783,184853
6714,39396,43060,48064,51599,60276,69580,72974,86877,93046,117960,106839,121645,125781,129912,137024,152272,152876,159980,176739,183705
6715,40303,45243,48817,51376,59237,72362,75415,85395,91128,101037,104654,122784,128809,131940,137990,153184,153012,161968,176514,182346
6716,41318,45668,48777,51586,59318,70264,75400,85255,91088,100935,121742,123259,129418,131331,138337,144723,155662,161208,175471,184270
6717,38364,42169,47637,50277,57519,67230,73268,87694,90520,99544,108043,120673,128333,131267,137826,146385,154590,161876,178097,182836
6718,37243,42184,47517,50192,57866,67639,73706,84950,97209,97040,116321,122180,126007,127895,136230,145577,154637,161965,174108,183250
6719,36713,41479,46125,50041,57383,69133,72571,90927,91390,113219,116112,121721,125351,128504,137922,144430,155541,163243,175582,178641
6720,36557,41555,45973,49755,58877,66462,72400,86832,93452,103936,114901,121514,125518,129973,140610,146892,155664,162204,173598,180962
6721,34822,39786,46617,48146,56088,67928,73115,86112,93596,99783,117293,118774,124774,131518,138758,147999,156097,162267,172538,181142
6722,34696,39655,45208,47915,55855,67874,78845,88816,94640,112542,112112,118299,123923,129426,138129,148286,156567,162822,173485,181984
6723,33983,40805,43903,45867,57112,65880,75558,84910,87284,101557,115279,118126,124103,128665,141412,148146,156348,162955,172668,181347
6724,34109,38709,43179,50845,57640,66533,76238,87548,110672,101535,115353,118414,121675,129688,138754,148192,156798,162619,172166,182476
6725,33791,38910,41897,49363,58505,65226,71511,89292,96498,100591,106647,119712,122973,129341,141632,146697,153018,163094,174179,181875
6726,33640,38844,41902,49296,58312,65771,70912,89363,95934,110168,113163,118104,123259,128902,141666,148076,155110,161465,173270,181656
6727,33789,38663,41235,49245,58103,65610,69792,86018,94831,103683,113381,120518,123419,127584,136365,147441,154835,162140,172935,181777
6728,33616,38553,41116,49166,57708,65080,69658,84288,94462,103934,113778,120231,122664,128316,137238,146365,153672,160237,173941,181913
6729,37317,43025,42433,50243,57858,68802,77767,87612,97798,103881,113835,122346,124088,127398,137930,146176,156780,160063,174680,179723
6730,37411,42890,42392,46319,56313,65639,77167,86614,94093,103446,116647,120134,126485,128565,140979,145981,154286,162773,171694,182364
6731,36797,42406,41409,45538,55089,64904,69845,88435,88297,104264,118122,119712,126519,129411,139355,146715,155593,162142,173224,182204
6732,37191,42208,41122,48906,54864,64550,69717,85894,88493,102953,118146,121956,125466,129114,140482,148425,152534,161106,173611,181169
6733,35301,41100,40428,48422,51671,66693,69270,84309,91226,102500,115310,117259,122875,128738,137841,148632,154748,160940,172166,181313
6734,35596,41133,40481,48395,51694,66003,69634,89950,90628,105377,116478,119025,121530,127460,138562,146807,154002,160679,172189,180837
6735,36023,41553,40841,47977,53290,66797,70556,87936,91838,99987,111626,119208,124555,128118,136977,146880,154033,160314,169991,180899
6736,35640,41414,40866,48101,55550,66133,70303,86577,91747,110992,115227,120366,124401,131316,137610,144697,154986,162815,173216,178313
6737,36134,40886,41534,48557,56624,65071,73490,84987,91485,101541,114892,121002,126986,131210,140483,146444,157868,163000,173687,179020
6738,36046,40830,41456,48345,52043,65846,69664,85077,94686,101591,119138,120588,125175,128454,141461,144123,157759,162418,172617,178282
6739,36429,41052,41555,48293,56053,64539,68614,81581,89287,110304,106790,118319,124900,128542,139066,146503,154394,161396,171938,176120
6740,36329,41001,41410,48288,55954,64429,68922,83805,108971,100069,115292,117496,122670,127318,139309,148042,154401,160852,171430,173167
6741,35700,40268,44543,47420,54306,64984,68058,84324,88958,99174,114665,117269,123228,127262,136749,147873,152458,161526,172125,177131
6742,35767,40032,44163,47145,53930,64141,68741,83798,90860,106875,114287,117098,123876,127750,138873,146827,152448,159505,172322,177254
6743,34921,39692,42414,47782,54417,67184,68940,84130,92345,108181,114462,115585,122603,128066,135736,145936,154115,160706,174606,179160
6744,34701,39616,42373,47860,54609,67142,69554,84862,92516,99493,112304,118175,123466,128135,137557,143425,153881,161310,172605,178474
6745,36066,40369,42145,47250,53169,61126,69462,83856,88635,104885,115765,116002,122856,128368,136077,145144,151865,160009,172362,171135
6746,34714,40325,41559,47169,53142,61087,69574,83529,104505,105306,108712,115807,119678,125226,136976,147031,151849,154660,171681,175262
6747,36862,41468,41810,48115,54218,63417,72926,82026,89149,106880,109521,113054,119123,125774,136709,146458,152979,159481,168173,175598
6748,36787,41405,41998,47423,53669,66418,72209,82492,89650,94792,111697,114163,120627,127600,136159,145343,152422,159875,168158,175516
6749,36866,40518,43276,49463,55233,63169,76160,86505,108000,108928,110550,115198,121709,124823,140007,145394,155708,160253,167591,180041
6750,36855,40997,43371,49378,54561,64036,71179,86456,89703,108618,116513,115412,119947,127935,139319,145957,154164,162446,171106,178374
6751,35717,39978,42452,48396,53442,66046,68808,84817,88885,95487,111752,112524,119866,127386,138148,144835,152537,161169,170423,174479
6752,35796,40076,42819,48062,53352,61294,77801,83572,89071,105410,109089,112551,119180,124813,138802,146023,152321,157611,166340,174635
6753,35844,39532,41241,47930,52444,61116,71005,83599,97444,106293,110337,112662,118297,127328,137938,146093,150765,159527,164573,177718
6754,35837,39579,41031,49165,53245,64159,71018,83080,90611,106139,110078,114315,119471,126104,137573,144481,151889,156820,171074,177651
6755,37651,41258,42935,50239,54417,69060,72759,83491,96520,107545,109676,117376,119072,124522,136087,144396,152253,161256,171017,180103
6756,37465,40846,42782,48364,54806,69681,72651,83538,86714,98368,113008,115417,119965,126019,139580,144017,152102,161168,171700,180122
6757,36492,41316,42263,49355,54901,63711,76258,82684,105369,105369,112836,116368,121134,128040,136374,144015,151999,160687,171128,178296
6758,36618,40962,42108,48585,54816,63316,72265,82863,87700,105498,108595,115868,122994,129661,137150,146283,151319,159692,165720,177864
6759,38142,41471,42596,48940,55305,64973,77218,83935,87092,107352,108454,116209,122862,128315,138233,144373,152506,160983,169003,172412
6760,37940,41173,42509,48698,55337,64303,71077,84614,105700,98156,114017,116231,124117,130483,137896,144562,153344,162601,166561,172657
6761,36512,39438,41463,47193,53276,62370,70215,83676,90906,108980,112594,117366,122599,128854,136461,144104,153274,162537,164740,179747
6762,36704,39315,41446,47286,53169,61816,68755,83286,88444,101705,113566,115049,122829,128191,136391,145708,149651,162250,172585,179424
6763,37039,39978,41057,49593,53076,62925,67059,79790,105960,106290,116475,114951,123001,127023,135243,143857,153558,162589,171544,179480
6764,37047,39658,40968,49908,53387,64835,67475,80368,92831,104653,114242,115437,122298,127226,137311,144797,153635,159913,168736,178939
6765,37107,40756,41612,50037,54164,64920,68279,83150,88245,100025,114649,117007,120696,126398,135765,146167,149862,159967,170853,179817
6766,37264,40857,41688,49793,54126,65592,67233,82609,88598,110597,114471,115716,121036,125103,136460,144722,152093,158700,173006,179855
6767,37811,41270,43214,53323,57231,68321,71941,87432,111517,103141,115055,121464,120655,126379,139568,144707,154088,160541,172076,175896
6768,37144,41370,43133,50151,55937,65272,70799,86889,90072,95841,115434,119529,122988,129053,138845,143552,154385,161427,167651,178306
6769,38043,42395,43438,49698,55825,64857,70132,84008,90820,112010,114728,118799,122928,131967,138720,141052,156516,161599,166504,173667
6770,38056,41533,43451,49528,56243,64567,70913,82499,92153,102463,115416,118834,123331,127225,138999,147015,154786,161421,170245,173404
6771,37070,39276,42659,48266,56181,65055,82794,82245,92774,106387,116148,121491,123426,127324,135776,146316,153331,162293,169151,177881
6772,36871,39947,42453,48156,56209,66631,71243,82264,93023,101541,117065,118001,126775,129298,139362,146961,153637,160944,165117,176960
6773,37778,40965,44058,49399,57936,67960,71847,86350,94142,111727,114652,117883,126174,127503,135837,146058,151908,161345,166417,178882
6774,40314,42798,44119,48946,57587,66688,72519,81926,89724,99436,117932,120212,124303,127790,135446,144304,151909,162180,172314,179891
6775,39917,40766,43674,48571,56644,65854,72071,82069,89506,95792,118994,119854,124521,127821,136151,146980,153561,162243,171834,180741
6776,39903,40246,43633,49919,56963,68612,75045,81530,107262,108412,116297,120111,125420,128093,136613,144369,153680,161227,171825,180996
6777,38094,41915,45137,52202,56983,68837,73505,85319,90754,110835,116949,116662,125277,127384,137615,145521,153351,162272,172001,180252
6778,38687,41091,45045,49416,56771,68441,73417,85401,89843,100378,117453,113418,123838,129106,137583,144486,155371,162137,172420,179289
6779,35802,38661,45948,50751,57913,67775,73672,89054,89734,103623,116463,118822,123050,127413,139917,146824,154468,161364,171667,180335
6780,35754,38678,45243,50632,57954,68545,70410,88672,97216,101961,117527,117733,123843,132767,137062,145320,154486,163317,172298,181385
6781,35945,38837,41440,49797,59332,65108,70373,82810,91422,110915,117380,116487,126133,132452,137794,145314,152487,161540,171525,179823
6782,38743,42511,42980,49372,57513,64937,69555,88250,88008,103316,116166,117781,122715,127479,138232,146022,151849,160415,171832,179310
6783,38936,42751,45159,52419,58944,69071,76986,86829,113925,107184,116954,124709,127601,127490,138858,146585,154356,161642,172310,179960
6784,38650,42806,45143,51714,55415,68256,72404,85817,97503,101128,120264,123200,131967,137180,138881,144476,153142,162745,173545,180533
6785,37917,41707,45343,53541,59218,75463,75286,88231,91641,106310,120357,127921,129707,130857,143959,144281,155041,161352,173450,180550
6786,37737,41755,45619,49912,59507,70178,73736,85174,93715,100796,125086,128105,129160,136499,141660,149528,153897,160621,173689,181586
6787,38286,42641,46780,50030,58331,68575,75552,90998,94381,106070,121487,128981,131197,133661,142851,145933,155320,160195,173549,180010
6788,38536,42273,48549,49875,58956,68238,73895,92016,90487,104793,116300,127714,131496,135168,144181,147722,156090,164168,169342,180748
6789,38309,42343,44918,50106,60505,67078,73974,84775,90037,105721,113069,126781,131767,133283,143550,147567,154274,164391,171982,180220
6790,38233,42067,44726,49948,60007,67126,73857,84978,89283,105727,112310,127281,131805,134208,143371,148914,155598,161745,173250,181318
6791,39678,43684,46677,51355,58593,69631,75626,84963,90172,107055,123370,133582,131260,132671,145204,148812,156720,162294,174386,182470
6792,41985,45971,45554,50021,62459,66926,75184,85120,87451,105137,118199,133368,135234,138774,144333,148349,157779,165992,174331,181355
6793,42070,46236,46437,50580,63007,67978,75346,84225,115642,104023,114719,134430,133356,138355,147865,148508,154986,162610,174280,182964
6794,42321,46177,46447,50794,62560,67637,71849,83954,94322,103756,113233,134854,137126,140280,149850,152037,154160,160966,174889,182846
6795,40675,45353,46786,51015,63255,68888,72379,86027,92351,106419,115456,135780,133487,139646,147416,150044,156255,160803,173822,180236
6796,40341,45401,45911,51055,54817,67330,72970,85993,90372,103839,113750,137480,136662,138961,147454,150308,158178,165782,174955,180273
6797,38869,43559,44553,49042,53125,66201,71679,85301,89277,107178,114350,134522,135549,140928,144646,150311,157417,161204,174977,183335
6798,38775,43411,44449,48875,52802,65953,70829,83880,88425,105293,115549,133462,133786,140574,145478,152650,157534,161960,174202,182268
6799,38876,43648,44515,49403,56961,65979,73709,84062,90111,106460,113809,136441,132576,139687,147429,152684,158306,162804,174112,183828
6800,38916,43507,45699,49266,53638,66801,71183,84654,92885,106804,116622,136378,138731,140425,150449,149714,158429,163922,176967,184902
6801,42186,45630,47807,51676,55643,69697,72817,88274,95577,109902,115730,140185,136342,140266,155109,148653,160003,163337,172308,184212
6802,42178,45604,45575,52824,55493,68478,72643,86202,96039,104768,118343,120403,141348,144443,150631,152612,159508,162986,176509,183570
6803,43479,47312,49262,53317,57027,68526,73328,87575,93454,100972,113430,142806,140957,141524,155797,152368,166608,164341,176733,183981
6804,43075,47092,49349,53681,57166,67444,72239,81486,94775,101975,117995,125599,147959,148642,157562,158034,165044,169240,175138,182727
6805,43945,47122,48847,54471,55905,64719,74108,85653,92558,104081,117988,125552,147646,148494,159406,157610,167634,169541,172681,184989
6806,42345,48467,48846,54380,55826,67320,73386,85640,92957,104855,117500,122332,150702,150943,159467,162603,167773,172821,176293,183392
6807,45304,49990,49470,56077,57013,66714,73996,85113,95851,106072,115028,125171,146115,151313,165950,162788,173460,167860,175639,184154
6808,45278,49603,53153,55785,57308,66474,73497,80483,93265,104412,118054,123559,150708,157716,159695,161760,167628,175906,174066,184402
6809,45324,49246,50263,55140,57273,68576,72841,78371,95026,105513,115303,123901,149959,157328,158393,161789,168332,173750,176903,181513
6810,44918,48970,50311,55098,57561,64091,72721,78517,85795,103688,113309,124042,152829,157837,157885,166568,168433,174994,175448,181458
6811,48212,52388,55966,59126,60072,67715,74281,82454,111928,105915,115905,125629,151854,153773,166356,165990,174321,174552,174840,184385
6812,47961,51382,55685,58665,60166,67455,72297,82326,93134,102012,117998,122825,158777,160397,165865,169162,173734,181823,176049,183204
6813,50863,54257,56702,63294,64586,69566,77022,83663,90924,104516,110327,128519,134603,160173,175576,167852,182915,176380,176221,185785
6814,52454,55667,58232,63771,64443,70008,77289,81952,89484,98172,116719,124777,140506,169568,171812,172141,180924,183945,183996,187796
6815,53006,56120,57673,63708,67529,70807,77555,82382,87529,98443,116040,115147,132366,170592,164555,170992,171500,183851,177207,188087
6816,53021,56433,57704,63645,68445,73239,77353,83310,90132,101148,108804,120942,127402,163406,169787,178783,175541,177467,177381,187265
6817,52963,52243,56942,63112,63963,68553,75050,82301,96426,101086,108787,133939,127557,145834,165785,178839,173199,177201,175580,189854
6818,49417,55427,57580,61838,62814,68076,76098,82142,93092,100734,108305,120408,144395,138035,165465,169467,172335,176123,186041,188764
6819,52815,56500,57419,62042,63305,72123,78376,85957,95501,104396,108246,126507,131008,158913,172155,170639,181954,175183,183817,200821
6820,53094,56433,57358,61620,64952,73494,75928,82310,93712,104331,112637,119943,137616,151731,167725,166254,180582,184641,192696,194010
6821,54413,57614,58595,61466,63670,70042,75170,85530,90554,100484,111899,126714,131567,140529,168186,166140,183089,183365,186969,189804
6822,54552,57618,58192,61521,63401,71337,75046,81383,91277,98594,112697,121843,133603,140702,166908,175389,183550,185737,182099,194056
6823,57092,60486,59515,62851,65859,72028,76342,83282,133143,165875,113165,156246,128432,141735,158178,175231,187443,185258,186742,188376
6824,56858,60655,59697,62946,65663,68793,74444,82765,91881,106801,118598,126948,169438,147765,158788,174802,178713,189880,183681,187827
6825,55694,59365,59334,64415,65351,68194,73101,83192,91630,97886,114198,118365,140940,142220,156229,173381,176961,189814,183325,194762
6826,55733,59252,59236,64096,65297,68532,72990,83784,90793,99746,113391,119385,133874,158872,156450,178704,177782,188075,190237,190933
6827,55847,60255,59873,64699,65701,69219,73794,85341,92199,102960,113422,122627,133728,147047,162347,179538,189920,188244,190274,193823
6828,56208,59527,59708,64471,65441,68309,71892,85132,90939,99144,115724,122306,137770,149896,152044,176517,188704,198760,190406,193273
6829,56910,59991,59547,64028,65169,67787,75531,85550,92949,98294,112469,121498,138090,138947,150361,177536,186333,191393,190274,195439
6830,54536,60294,59537,63904,65203,67992,75151,85706,92819,98191,111701,121330,138703,138728,149757,186284,185902,187142,193362,195552
6831,54683,57946,60876,63590,65599,69580,75888,85182,92781,99286,149617,125117,138899,138580,156158,182147,193186,187003,189985,193825
6832,54494,56992,59347,61991,65201,69354,74578,82399,93446,96710,119371,123852,141974,182289,155035,178172,191740,194406,190066,193776
6833,55267,58190,59704,61722,65315,69411,73052,82282,89153,97685,113637,126471,135112,147477,157589,177888,194304,193796,189256,203910
6834,55471,58387,59930,61830,65971,68591,73206,81936,87690,97832,116233,125338,133319,146032,156981,167556,188361,196160,200606,200944
6835,55994,58052,58462,65090,67598,70242,73364,82152,89248,100522,116703,124789,133704,145513,160530,167705,190853,196005,199480,196779
6836,56742,58369,59189,65271,67456,70288,71732,82217,89110,100577,116731,124579,136051,148309,160478,169941,190947,198254,195931,195914
6837,53967,58208,57399,63287,64989,69414,70812,81614,88327,120116,117441,123612,135666,148168,161498,170573,186073,198351,195481,202534
6838,55635,56335,60866,64519,66908,70033,70791,81297,129070,105063,116135,126047,134076,147793,160140,174136,185405,193677,200843,201923
6839,53778,56486,59761,63276,65874,68181,71291,82097,93441,97612,113806,124380,133334,147166,157699,160022,183530,193072,200363,203088
6840,53717,56481,58049,63032,65731,68387,72602,83002,92834,105280,115726,124909,130454,143908,155657,161434,177829,187264,203858,205004
6841,54940,57671,58345,61818,62934,67065,71229,80630,87449,99318,115655,121001,135086,143090,148914,163341,172072,186653,201395,206143
6842,54983,58014,58487,61530,63434,68858,70071,80023,89809,101042,112721,121993,131784,137744,156133,167416,174275,176067,199650,206249
6843,52862,56203,59684,62067,63375,68060,70164,80791,89015,99138,117035,138957,133825,144600,152937,167219,174629,182132,199120,203196
6844,54482,56326,60107,61524,62999,68377,71828,82929,90049,143173,111646,124740,135119,141655,152940,158587,174760,177747,196510,202668
6845,53973,55646,58375,59444,61386,66554,70863,80328,86441,98828,111765,120312,136793,143529,144347,162851,163361,178311,200569,198747
6846,54290,56210,58607,60304,61467,68923,74432,87207,92409,98853,107679,120453,125126,132711,153436,169099,163964,169466,195067,197511
6847,51220,53230,56921,58082,59029,66895,70599,83536,87682,95452,115314,112347,131085,139574,148148,164207,158510,170890,194750,192242
6848,50439,53153,55122,57926,62089,68925,72419,84006,111262,94459,108571,133865,127158,134167,152581,156518,160602,166256,187448,198634
6849,49844,52720,55017,56939,61229,68625,74494,83429,91203,96196,108999,124249,135087,141860,148560,160325,160160,166787,192230,197408
6850,49850,52890,54980,57474,61383,67057,73599,83789,90424,109485,106049,130545,131034,143174,148793,152490,159198,166906,188471,194653
6851,48629,51487,54265,57419,60941,67016,76940,82946,88478,96577,108416,122953,128730,143035,151165,154846,161695,166508,188919,187376
6852,48701,51346,54397,57150,61111,66939,75570,84482,88947,126938,104212,117668,139174,144548,151065,153887,162643,165808,176592,187215
6853,47663,49155,50578,53432,58191,67205,73887,82123,89783,95207,106758,124543,130483,143927,143349,153725,159143,166884,180142,184255
6854,47112,49363,50701,53613,60055,72376,77474,83022,120388,95231,124517,130115,129872,136662,143482,155192,158597,163579,174797,184691
6855,44004,46250,49747,50641,59345,71892,76306,81674,88535,94018,113320,124215,132957,136823,141441,154742,153803,166716,174997,184895
6856,44063,46497,49854,51028,59057,71660,75723,81488,85988,114158,106172,124151,127925,131084,145166,150261,154727,162401,176270,185321
6857,41474,43842,47610,49189,56569,69408,75678,80580,87391,95275,117782,120811,127712,134770,139593,152178,154293,162201,174699,183150
6858,41384,43985,47463,51698,58050,70445,76685,81438,87265,109873,115125,123307,125220,131249,140928,147238,156177,163512,175960,185178
6859,40293,42211,45698,51221,63170,71643,76525,83730,110022,110312,114521,122752,128080,131433,138939,148555,155071,163695,175651,184449
6860,39474,42212,45656,51311,63118,71396,76561,82934,91085,95527,113973,123174,127973,129215,141205,148960,158626,164625,175165,185462
6861,39520,40735,43479,49725,58286,69043,73740,83421,91755,108811,115072,118725,128161,129159,139790,147680,155571,165210,176271,182756
6862,39454,40689,43211,48753,57629,69591,73890,84832,89741,99308,111543,118810,124476,129999,138172,149244,155991,164553,174671,184248
6863,37984,39853,45480,50303,58860,72233,78611,84399,91110,109878,111449,120216,124067,131268,139945,146661,156619,163289,175700,183636
6864,37450,39934,45475,50367,59229,72085,75280,84471,90902,98782,112593,120460,125853,133264,141055,147653,156601,166665,176014,184745
6865,39828,40075,45893,51543,61520,73988,75707,85119,110228,111290,112756,122878,125611,133511,138956,147957,156759,166695,177513,185037
6866,37575,42414,47137,51527,61903,74045,76079,83932,92355,100564,119454,122771,128968,134616,139223,148220,157452,166174,178451,185104
6867,37372,41788,46273,51038,60037,70997,73843,83286,91931,110009,115023,120746,130724,130620,140814,146755,156670,166615,178341,184539
6868,37410,41689,46245,50794,59746,70949,73565,83063,89655,97876,117372,120523,127187,129250,140348,147062,157120,163886,176611,183864
6869,40033,42772,47271,51650,61242,71399,72918,85052,92886,110649,116915,121773,127676,129301,139886,147039,155002,164278,174779,183730
6870,39263,42723,47226,51468,61008,71311,72692,84689,91286,101433,117167,121470,127275,134357,139418,149178,156072,163571,174457,184093
6871,41698,46249,49388,53424,62892,71678,74309,84458,89949,98324,117105,121785,127187,134121,140808,147832,156280,164134,175264,185753
6872,41661,46171,48180,53112,58701,71093,74384,84602,87882,111507,108892,125056,128658,134269,140830,148006,155532,162447,175878,184408
6873,37005,44029,48466,53460,59317,70442,76409,83539,111848,96765,115793,122069,128385,131157,141535,147441,154128,162981,176016,185609
6874,37159,44102,48518,53558,59458,70478,76236,83535,88795,112498,117271,118621,125684,129621,139752,147274,154908,161906,176568,184808
6875,41993,48160,49798,52212,60755,71880,76622,82567,87222,99227,110053,121989,126069,130700,141140,146497,153617,161264,176748,183738
6876,42099,46386,49767,52107,60303,69972,73698,82877,87363,97936,123360,124198,129498,135297,139978,147609,155861,161923,175628,183577
6877,42697,45821,53623,54058,61481,70479,74624,84064,126127,126127,107098,130052,128592,135414,142188,146672,153650,161948,175586,182179
6878,42355,45552,53648,53709,61648,67979,74939,82070,88136,95418,126551,129289,133285,138293,141778,148876,155415,163036,175127,182850
6879,45637,50850,56263,56576,63885,69665,75241,81482,86397,93096,112183,132966,131054,135106,145859,147560,153349,161856,174194,182599
6880,45624,50503,56388,56328,61209,68899,71883,81089,85939,126633,110388,133049,133973,137802,145943,149951,153166,162441,175264,182253
6881,49375,50859,56672,57359,63348,71940,74756,82150,87530,96727,110790,136786,133971,137843,149179,145732,157627,159829,174182,183267
6882,46301,50691,56727,57515,63289,71649,74562,82142,87207,92946,131137,132725,137986,141442,149101,147599,157176,163683,174804,182075
6883,49274,54203,58419,60121,64663,72036,75027,81762,134975,110700,110119,138382,137507,139635,149665,147366,158740,162455,172683,182735
6884,49329,54163,58443,60118,64654,72710,74914,80430,87475,93589,103602,138273,140728,144835,147198,149201,155639,162658,174663,182216
6885,48474,54713,56002,57622,62643,73110,74669,83123,87235,134594,123197,119145,140848,142105,147598,148521,156352,162924,173429,183458
6886,46373,54730,56063,57416,62383,71501,74550,84177,85712,95029,108084,137634,140730,143418,151028,151116,157322,165495,174347,182836
6887,47687,52914,58631,59991,67252,72999,76951,87267,93392,101014,108303,126567,140801,143188,152382,150711,163787,165541,171935,182653
6888,50362,52839,58516,59732,62194,71534,74325,87213,92453,99832,142791,117962,148955,149458,152221,154012,163478,170970,173395,181731
6889,52110,56594,58509,60064,61696,72177,74097,81442,92172,100126,113989,117138,144974,148988,155562,153575,165700,165664,172962,183186
6890,52411,57183,58713,60063,61960,72426,74589,80717,91901,97447,107201,143781,145116,149250,151871,158062,164036,167387,174573,181553
6891,52604,57081,59150,62827,63732,73989,76057,83049,90706,136325,109741,129636,144266,148447,159056,155844,172916,167518,174491,180725
6892,50130,56947,60155,62317,63502,69885,75949,83005,87182,100285,111580,122598,153062,158096,158496,157510,168293,178040,174795,181476
6893,50216,56837,59083,62411,63610,70045,76203,83218,93666,97476,115294,123089,152509,152214,158812,159134,170059,177546,176385,182383
6894,49376,58672,59205,61060,62426,69368,76486,83333,94206,99743,114926,122666,152952,152739,161791,166075,167435,177949,175362,182936
6895,51217,58358,60835,61413,64429,70214,78103,82870,93500,97500,114360,128695,150663,153547,166504,165566,170656,174671,175502,183269
6896,51611,59165,62307,61112,64205,70973,74261,83683,93391,105066,117694,123575,156369,158648,166081,167478,170779,179654,179559,183218
6897,48858,59581,61678,61585,62335,69899,76103,84455,97505,100137,113084,122313,136609,158676,162750,166309,172530,172244,177770,186803
6898,50256,59590,62023,61490,62227,69332,75107,84124,90422,99635,115236,123502,133931,158060,162406,170002,171977,171509,182177,184892
6899,49064,59673,61964,61475,62439,70898,75468,85062,94307,96219,115045,122706,137220,157903,162813,165790,171576,170103,179571,185667
6900,116,117,117,117,117,117,118,118,118,118,115392,118,133937,158030,118,168528,118,171068,179654,185645
6901,52947,58128,61238,62387,65270,68696,77451,88368,96359,108069,118,129077,118,118,155723,167730,160071,118,180279,186993
6902,52803,58632,60506,64883,73526,95065,103096,124204,136254,148662,120858,151763,140619,143131,158019,168140,170264,166548,181582,188238
6903,52061,56896,58553,61638,71940,91426,108678,130743,143183,143890,150801,146819,152744,153105,153255,118,163389,173058,182882,187417
6904,52060,58368,57358,61576,63563,70004,108540,90149,131882,144559,146069,147187,147752,148450,153054,158712,163541,167944,185336,187031
6905,52053,57912,58964,61557,63610,70474,74756,83053,92863,100334,146315,147013,147642,151737,152864,161048,163146,169318,184700,190296
6906,48426,55176,56081,60646,61312,69930,71470,80415,92897,94865,145192,145443,147405,151380,149743,156102,161740,167095,185194,118
6907,47808,53713,57273,58499,61510,69600,72617,80965,89055,101016,112479,145269,146303,149104,150003,160136,156496,166748,118,176340
6908,48618,54118,56930,58225,61067,68872,72522,80430,88728,100745,112321,120259,144675,148593,149397,160101,159557,165998,171599,189537
6909,51682,54229,58429,61873,64309,69252,77819,81531,91243,103167,107785,120670,144068,148221,159758,156937,167914,165687,181213,184341
6910,51509,56226,58595,61900,64549,69165,76724,80525,85731,102845,111844,123474,151936,155541,157559,154914,163360,169438,177771,184598
6911,51636,56116,57915,59924,64580,68859,77323,80836,86039,123361,111709,151152,151870,152021,157736,154477,162835,169457,177292,182711
6912,50759,56673,56803,61147,62548,69346,74864,113069,87921,100049,111312,118502,151014,151075,157509,162685,164488,169773,178442,183825
6913,51758,55569,57592,59905,60629,68304,75754,83993,87548,99285,150829,120336,152779,152907,154868,158532,162259,170365,177262,182606
6914,49979,56027,57633,59875,63976,68646,75660,81496,145123,95913,115306,119291,128406,149548,154884,158836,162250,165140,173981,182084
6915,51534,55484,57609,59938,60461,68246,75648,80745,88423,96003,112868,119004,122808,149393,154735,160755,162391,167852,173767,186797
6916,50485,56326,57374,61228,63533,68437,75823,81253,85417,146442,113715,118670,148242,149266,155337,156968,165041,167755,177579,182514
6917,50762,56878,57936,62099,63292,67134,75728,81959,85684,96316,111102,149222,134585,154083,155547,160160,165053,169310,175340,182441
6918,50656,55945,57916,57522,59312,66411,72969,80728,85243,94113,111232,118690,126794,151285,153191,159845,161002,169775,175707,183572
6919,51801,55493,57195,57632,59463,65794,70510,79858,85838,92873,109524,119814,146048,147133,151970,161315,160244,167837,178515,182879
6920,51860,55521,56235,59394,59349,66398,74099,81247,86827,92963,107102,120694,132781,149996,152032,160976,165070,168147,175386,182858
6921,52041,55906,56120,59424,59604,66418,74284,80812,90417,142428,109755,122043,124655,149950,152151,157611,165141,168377,176639,182387
6922,47598,52801,53610,54618,56393,64349,73252,79861,137261,97907,110569,117992,145095,150168,151634,157155,162516,169538,176128,182386
6923,48980,53513,53593,54691,56671,65026,73567,82351,88920,94961,110072,141329,132274,147018,152869,156898,162716,166416,176884,183761
6924,49559,51472,52832,53175,54376,64148,68122,81055,86300,94403,111154,119668,132738,147230,150880,158752,160836,170020,175615,186450
6925,43458,45947,46509,48305,48587,59468,64150,78396,82682,89959,135821,109678,140183,144066,138408,156023,153620,168733,176641,184454
6926,43895,45821,46815,47915,52631,62300,72759,110822,85402,122316,103663,125573,121125,131798,144314,158957,158468,162528,179770,185380
6927,44006,45787,46684,48377,52852,62603,72922,80915,85469,96320,104957,125853,129762,132350,141367,155778,158965,165279,177941,184616
6928,41414,43756,45542,46124,51799,60114,72100,78175,84870,92236,123427,123119,130552,133407,138534,149186,156444,164439,177865,184253
6929,41494,43565,45645,46402,53679,60483,72626,78270,120556,120437,105575,123944,124984,131532,138714,148681,156564,162571,177712,184400
6930,37250,40355,41354,43602,50589,56704,70127,75373,85326,92657,121757,120887,126401,131780,138530,149405,156266,162754,177197,188236
6931,34580,38701,39677,41104,47925,63863,70257,76995,82166,110111,105724,115966,123444,128193,137800,146800,150825,160593,178484,179930
6932,35752,38387,39507,40864,47616,68227,69920,100034,108951,96125,111311,116991,120289,127043,138006,147519,153824,152232,173513,182152
6933,35791,38871,39669,41137,47842,68464,69716,80766,86027,110113,113261,117249,122608,126544,137954,146451,154369,160958,174214,182859
6934,35791,38420,40906,41983,48403,67900,68243,77974,83147,106447,113661,119661,122675,126717,140251,142900,155168,160344,174133,181971
6935,35794,38801,40887,41861,48085,64502,69995,76428,112632,97622,116147,118179,124245,128754,140485,145617,151984,161757,172933,181988
6936,33388,36020,38213,39330,45256,60291,64946,81495,83384,107630,115945,113738,124578,128687,135328,146103,152940,162785,173910,181615
6937,33290,35876,38490,41650,45451,64558,64584,108500,84500,108706,112499,116007,119941,124902,134810,146982,153561,155185,171701,177592
6938,31736,35218,38070,40219,52354,60879,64848,76864,107844,92969,112788,115878,120251,127818,133658,144010,148516,155382,172954,181119
6939,31792,35677,38152,40556,55727,61193,63946,75553,83889,108670,111796,115425,119192,124962,133154,136116,147920,151968,173537,181219
6940,31305,34682,38210,42269,56152,61564,100648,76329,109999,110764,112453,117471,119268,128164,133711,143138,152231,150805,173578,182322
6941,31702,35157,38225,42059,54074,62067,71981,76076,85053,94827,113473,117239,121629,125414,135506,138305,152095,156256,172139,175963
6942,30891,33305,36478,38744,49853,59358,63969,106968,77089,106968,113226,114822,122204,124964,133292,142648,148956,156386,172622,164738
6943,30873,33725,36746,38918,49956,60309,64131,75287,107934,107934,111089,115030,120650,123763,132938,143792,150225,149375,164735,164896
6944,31599,33605,37024,39172,50995,60632,64818,74381,83314,98806,113789,116585,120709,125712,133581,141202,151570,156428,164880,166559
6945,31532,33823,37056,40370,50870,60485,107552,74562,107552,107552,114705,116264,121262,126031,133492,140178,151368,160397,162859,176874
6946,30740,34995,37202,41686,53838,61922,71280,110701,86683,110922,114374,118142,120918,126184,138707,141477,154012,160433,165181,174198
6947,32636,35063,37739,40108,55239,59803,65171,80476,90954,97130,117001,118862,123241,129949,138671,141902,154327,162291,163875,172346
6948,31852,35076,37237,39677,51242,60257,63784,76661,109803,109859,115878,117013,123574,126814,135532,141883,152644,158582,164209,161890
6949,31812,35184,37471,39862,53992,60608,63882,76290,86138,96442,114046,117653,122151,124952,134938,145997,153796,155494,160970,168315
6950,31350,36024,39081,42094,53873,62274,67819,77643,80438,111602,114095,118876,122029,124956,135798,146538,153997,156242,161603,173650
6951,31303,35987,37650,42117,44546,61783,102372,111162,111162,97637,114564,118998,122412,125327,135636,143913,154137,157289,163311,173536
6952,32547,36632,39908,43934,52788,64395,71442,81659,88764,112470,114640,119065,122455,125245,140069,144111,155607,157409,163092,179051
6953,32607,36681,40020,41139,53287,63501,72340,77011,83512,98570,116367,117332,125673,127263,140825,145871,153407,160615,168905,171521
6954,32541,36684,39203,40492,54837,62146,70683,77143,111647,103188,116343,117475,124331,127637,138968,146185,151864,160585,169230,166961
6955,32465,36535,38326,40281,54709,62021,70815,77030,86782,111563,115471,119985,120779,127450,137109,145328,154942,154782,165583,167595
6956,33534,37198,39141,40645,53824,62540,69336,78096,84133,97272,115373,120887,123108,125759,139384,145167,154840,162263,165478,168717
6957,33456,37283,39922,40878,54051,62608,67201,89412,113367,113687,116528,118399,124107,131100,139265,143139,153185,160850,167010,168916
6958,33782,37833,39862,41532,55077,63924,68993,80666,90077,99325,117343,119901,124368,128110,140545,142968,154095,161192,167342,176058
6959,33879,38007,40239,41908,56349,64440,68984,79883,85711,94034,117787,120715,127809,130008,140771,144353,154562,161667,172104,176681
6960,33407,35647,38930,40471,52321,61721,66331,85206,83216,113687,119879,118245,123341,129607,136283,144970,152176,159841,171663,171313
6961,33414,35701,39126,40725,52402,61899,104099,77837,114445,98587,117464,118565,122617,128013,139383,145938,152606,156361,171313,171505
6962,32420,35301,37691,39501,53159,58522,71315,110932,86544,110933,107322,115675,123001,127993,136019,145912,150301,155712,171257,180722
6963,33639,35396,37782,39700,53299,61473,67362,80939,82020,97386,116379,118882,120502,126743,138027,143935,155388,152547,173109,180308
6964,34196,38202,38743,40751,53517,60822,68121,80321,113035,113035,116805,121894,123523,126672,140404,143852,156499,159684,173203,181479
6965,32946,38217,38091,39981,53255,60804,68058,77545,88290,98486,116409,117756,124173,128153,139592,142026,153438,162336,173203,181138
6966,33018,37349,37783,40008,45929,58184,65914,75448,82933,91743,116325,116654,122782,128183,137552,146617,150553,161208,171351,179240
6967,32916,37387,37765,39797,46219,58476,66220,75564,112430,113580,106739,119914,122285,126981,137254,148262,155431,160643,168493,179458
6968,35966,40220,40503,41886,56039,62582,108394,120081,91223,121167,115936,123914,124170,127036,142556,144789,157250,160433,173484,175660
6969,36118,40372,40715,42265,56094,62564,73125,82415,83652,96923,123310,124451,132067,135720,139645,143144,155662,161668,173015,175355
6970,38024,42864,43650,44906,59909,66233,71054,81962,86959,97182,110698,136497,128550,130640,151066,142566,163407,165229,171863,177582
6971,38017,42461,43665,44685,55624,63430,67275,79592,131856,94899,132365,132305,138682,141368,144504,147492,158706,167820,173320,177827
6972,37614,39812,41216,42506,53962,59708,64358,75083,83412,122339,111354,123432,136893,138692,138906,147493,151643,166103,172823,176005
6973,37711,39974,41303,43092,55733,62884,66926,79098,84119,95522,101990,126253,128343,130623,142680,150789,157708,158729,173704,176583
6974,38099,39308,41079,44988,55837,62501,68957,76638,83554,92433,107385,123292,129752,132105,140154,154722,157662,163808,173891,183224
6975,38016,39280,40920,44940,55795,62879,68709,76714,82089,120608,121435,123357,128604,130164,139668,148139,157098,162495,176973,184314
6976,39455,41730,41869,43975,58599,61025,69793,78525,122980,96960,108167,126493,128241,129735,142866,148213,157776,162276,172055,184854
6977,39486,41747,41946,44285,57005,61936,93636,123743,85933,123743,123597,127425,133027,135016,143118,147817,157170,162223,175615,181897
6978,36824,38513,40136,41397,50070,61329,67624,77881,79603,94759,105078,123218,133299,134320,137696,149081,151953,160431,174358,169737
6979,36992,38538,40352,41736,50185,61746,68574,76464,81375,94084,118652,123778,125693,128518,137542,151165,155431,159935,159243,179739
6980,34167,38167,39515,41257,48406,62156,63344,75072,118093,118093,119533,124344,126467,132424,138308,147199,156009,160144,169387,177490
6981,34292,38191,39674,41393,48624,62584,75110,75197,91781,101374,108145,122924,126289,131826,140042,143535,155877,159482,167900,177802
6982,34873,38165,42700,43019,49315,64814,64436,81095,89357,98353,119375,123046,126692,131799,137187,147397,155341,160695,170463,180539
6983,33650,38282,42828,43689,48975,64932,100752,80882,85542,99079,109560,123379,127398,130973,137455,146189,156431,160242,170966,181338
6984,33955,36220,42000,44426,50862,59856,67115,78355,108131,119313,120741,123692,127818,130031,138060,146510,154402,159956,171029,174490
6985,33985,42229,41890,44236,50665,58453,64182,107499,87375,96681,108291,123494,126087,129662,138624,147107,155710,160581,164595,182239
6986,36324,43369,46217,47686,54327,61632,67075,81354,87915,97046,118665,125748,125892,131414,139193,147283,154528,160129,165144,178352
6987,36351,43636,47092,48363,54505,61897,69088,80063,89538,122736,110729,126214,128393,133798,139158,145220,155663,162844,161833,178704
6988,36366,42553,47849,50609,57432,63722,101179,79645,121430,100704,123892,125130,128640,129934,141003,145278,154982,162727,168054,182300
6989,33699,42619,48199,51001,57744,64291,72775,80022,88462,100358,110586,125827,129512,132285,140932,146937,155069,163571,171896,176700
6990,36809,47245,50465,52234,62440,73948,77724,82668,89158,101616,108237,129303,130566,134671,141562,144837,156208,162716,164048,172872
6991,36794,47207,50471,52168,62648,72251,77308,82399,89582,101151,125644,128876,134532,134006,141360,145160,156107,162697,167001,172848
6992,43064,48220,51057,53134,62397,70482,73884,82847,92268,105539,108862,131743,129879,133955,147445,145512,156370,162599,166141,177982
6993,43215,46572,51494,54078,59395,68863,74650,82956,91316,106483,114149,131021,133858,140296,145566,148234,156344,162702,169111,179718
6994,43140,45903,50545,53397,57042,66427,72094,84383,90120,99740,114678,131682,133725,141114,146038,148211,156034,162655,170012,180884
6995,43015,46596,50514,53202,57188,66220,71946,84320,88012,98004,114477,131771,135760,139746,142980,149868,156825,164968,169691,179884
6996,43569,48070,48768,53874,58009,66808,71005,84458,130855,130855,109998,133342,135442,138495,143883,150183,156057,161721,169880,185199
6997,43653,47626,48599,54006,57371,67139,72684,84060,90360,103495,131519,133753,137040,138551,144312,149222,155836,163151,174027,184488
6998,42440,49573,51021,54662,62169,67929,73874,84836,93725,100805,113392,136538,136737,138987,146455,149062,158637,161094,174150,183165
6999,41975,45650,50514,54864,62353,67903,73850,83914,90476,100237,112509,137048,139666,141201,149530,151449,157049,165877,173895,183790
7000,44729,49154,52280,55648,59536,68590,71383,86303,95718,95423,111855,136837,140369,141864,148610,150395,156668,166405,174257,183797
7001,44579,48989,52231,56370,59475,65035,70851,86439,95431,100551,110239,136389,140906,140735,148296,152302,155161,165033,176829,181902
7002,49919,54264,56218,58686,62827,71192,76813,84336,91800,104501,109320,141097,139949,141273,154684,152515,162106,165929,175130,181749
7003,50442,54511,56208,58941,60143,68286,72177,81602,91291,102004,140539,141580,147982,150988,156005,153555,161907,168571,173092,182044
7004,51940,54874,60162,62047,63457,72162,74780,86964,89871,98838,113621,128136,142933,151475,159728,152974,172152,164892,174499,182594
7005,52496,56129,60199,61855,63439,71904,74581,83022,90114,144625,117391,124200,149993,155143,157538,161089,165394,171540,175358,182758
7006,55182,57620,60640,63962,65026,73278,76689,84073,92393,105451,115481,125445,149797,154539,162144,157631,167566,169092,176284,181402
7007,55049,56357,61772,61483,64711,71039,76978,83573,89571,98141,119222,126414,154206,157216,162480,161811,168193,177702,172693,182164
7008,55991,57571,60364,62144,63888,70053,75073,82365,89104,96044,115959,128069,152502,155562,160040,160486,168912,177868,174382,183034
7009,57156,57709,61046,62528,63873,70486,75296,83249,89702,96230,117610,128378,153608,154882,161381,166573,169687,179520,174785,182869
7010,53635,55185,57976,61900,62352,68795,76027,82879,88954,96477,117603,127042,153873,157965,156578,161960,166700,177157,175618,185893
7011,54956,54253,58704,63085,63096,70025,75712,82075,97781,103492,114786,126035,135613,152865,158286,162462,168442,172137,178038,183442
7012,55773,57132,60802,62587,63186,70387,72776,81303,90006,103385,117385,123747,136951,152260,156433,166632,170513,171184,177832,192898
7013,55899,56879,60771,62779,63328,70560,72832,86074,94762,103632,115644,125260,136442,152416,159553,161367,170240,176217,185348,193303
7014,51636,53072,59553,60164,61349,69249,73110,85421,89956,95223,117524,118493,138320,151160,151394,160722,162264,176790,183984,192264
7015,51294,53145,59160,60161,63544,68689,76010,84949,133004,133137,110546,119206,128890,145552,150985,160609,167328,168363,181606,190529
7016,50682,52629,58364,59816,63462,71263,78047,82920,94823,105576,111801,125211,132499,145526,153806,161863,164090,172874,182957,188671
7017,49770,52675,58393,60554,63384,72020,79402,83121,89280,99461,114842,126845,134568,143929,154250,158649,165612,171660,180498,189621
7018,48790,50790,53912,57506,62710,70842,76520,83215,88945,95995,115357,121485,134400,144506,154496,158364,164132,171793,183138,190418
7019,48087,50669,53900,57816,62599,69748,76090,82904,91850,100807,111815,119685,138508,143384,158698,158895,165973,171718,182670,191373
7020,47893,50577,53226,55665,59642,68578,74025,83380,89610,98707,112439,118280,137144,143821,149954,159049,160172,171662,183488,188396
7021,47812,50642,53249,55778,59516,68384,74191,84797,90052,98089,110940,131335,133825,140730,148181,159738,160504,165102,176830,187224
7022,43742,47454,49733,56045,57947,69689,74975,82140,89127,104054,110042,116823,133891,143184,148666,161905,162632,166028,179222,186108
7023,43619,50047,49902,54334,58085,69643,74853,82941,88561,110922,108101,130001,127228,140206,148986,156380,162768,167280,178645,187507
7024,42389,45797,48646,53414,55567,69027,74273,82410,92616,99789,113486,116938,132785,140526,142976,156111,158098,168508,179036,185844
7025,42886,45748,48584,53340,64447,72925,76175,82484,90373,99665,111239,127937,129341,133509,144285,155156,159512,164580,180998,189506
7026,43026,46710,47377,49942,59990,70981,75390,83838,90346,120447,110449,126904,129456,133393,144258,154704,156817,165329,180406,185051
7027,43424,46735,47447,50061,60704,70518,75219,83942,90082,100476,108200,127434,130330,135231,145275,150706,156447,163200,179277,183027
7028,41633,44938,46077,48300,58124,69814,74306,83012,118940,98623,108666,115461,131070,136077,142003,149985,158680,163772,180928,185706
7029,42026,45253,46341,48268,57019,70330,74705,82605,90790,97812,121351,128569,130609,132343,142775,148053,158216,163720,178375,186748
7030,38545,42108,45264,45812,54122,67396,73229,83370,86651,114179,112041,122449,131371,133266,137147,151526,155080,163714,177002,183255
7031,39352,42392,45310,45923,54282,67392,74073,82860,87655,101413,105708,123699,125193,128958,138482,151257,155660,162297,174357,184140
7032,38041,42197,44763,45626,52574,66697,75256,82817,87345,95831,116340,119530,125335,132652,138237,151730,153098,162297,174339,181105
7033,38193,42290,44735,45902,52820,69105,70882,85866,95838,111880,117697,122196,122645,127947,138276,144984,153498,160318,172560,183193
7034,39314,43097,45243,46918,54787,69795,73414,85341,90312,101363,118430,124967,126706,130291,137954,145256,153614,159011,175538,181986
7035,39497,43002,45262,46836,54618,68465,70938,81687,113175,97573,109739,122172,124894,133389,135992,144768,154891,162143,172568,180775
7036,39761,41403,44099,47427,53464,65711,72987,81350,92418,110391,114283,117204,125548,132212,139059,144830,154919,160881,172479,181421
7037,40580,41357,44788,49092,53713,71545,75181,85986,90690,101190,115487,118905,121658,130840,140866,145638,153632,160366,167226,181746
7038,38037,43795,46133,50775,55119,69755,76796,84519,89244,108392,117344,115740,127195,130795,139203,145595,153016,161694,173452,179063
7039,38043,44148,46478,50918,58674,70166,77835,85905,89395,99100,105381,115822,124339,127830,140304,147458,152889,162477,172303,179991
7040,39301,43544,46790,51477,60559,69416,76176,85074,90279,111932,115369,119172,125873,126546,135663,146804,153570,161366,174036,181494
7041,39252,43605,47483,51344,56858,69774,75066,87262,87300,96128,119151,119654,125879,127123,139533,145412,152695,161710,174108,181228
7042,39932,44692,46008,51808,55556,70634,75637,81429,110216,110342,115581,118476,126363,127130,139535,146456,154332,161191,174818,179632
7043,40072,44657,46274,51953,55747,70509,73908,82026,91364,97547,115668,118417,122861,126845,138765,146004,153378,161040,173876,180999
7044,39525,43128,47046,51704,57053,67932,73226,82197,87841,109756,116294,117410,123579,127550,139707,146376,151619,160301,173453,180229
7045,39493,43043,47142,51546,58673,66261,71391,83636,87794,97772,107966,118328,124322,127920,140182,147542,151087,160032,172027,180651
7046,40917,45007,47973,53145,62009,73373,75710,86110,112144,112221,115778,123279,124844,127327,142127,147761,156366,160954,172093,179661
7047,41014,45339,48181,53656,62226,73172,76239,85688,89953,97928,119356,121211,127101,135073,141953,143265,155324,161974,171810,179295
7048,41385,45664,47012,52091,59993,69439,74129,85316,90814,109108,109181,116366,126531,134846,139393,145930,155007,162363,172871,179797
7049,41430,45707,47497,52593,60441,71110,74956,86148,86904,98529,112412,117730,123097,131765,140221,148814,153483,161157,173890,180625
7050,42888,45823,47495,52630,60133,68124,73373,82279,84830,109774,113899,119945,127536,131959,141586,146170,154374,161240,174252,175998
7051,43413,45675,47374,52691,59861,68353,73449,82803,108087,95864,116914,119965,125255,132353,141452,145887,154934,161757,169948,178897
7052,43715,47530,48248,53491,60678,66989,71765,83635,86182,109832,117088,121572,126767,134066,138905,146188,155037,162483,169551,181718
7053,43663,47534,48543,53674,60596,67522,71978,84419,95758,99725,118264,121799,128306,131484,138781,148923,155195,161770,172639,180005
7054,41032,45581,47600,53439,61153,67506,72668,80906,86900,109434,106836,121931,127396,130633,138153,147651,154957,161734,172575,180574
7055,41461,45606,47587,53484,61303,67154,71359,81087,107563,95869,116787,122279,126623,131761,138104,146514,154407,161832,172779,180649
7056,41894,45519,46616,52568,59835,67087,72875,80390,88045,110497,114825,117491,126512,132429,139659,146790,153685,161363,172582,180892
7057,41775,45496,46579,52751,59822,67387,74301,80845,87812,110669,113289,117115,123759,128045,138317,146114,153331,161515,173145,180311
7058,40198,45159,45706,52889,59784,70118,73864,82893,107451,96851,113600,118597,124672,129731,140153,146805,156185,162008,173176,180052
7059,40636,45355,46024,53260,60124,69358,74309,82434,89576,108903,111816,117771,123386,132085,140001,145876,156228,161113,172239,180103
7060,38609,45446,45495,52055,59950,69294,71915,83304,88563,92498,113096,117395,124748,131913,139539,146912,153847,162844,172006,180739
7061,39828,44815,46364,52116,60020,70734,75112,81769,88774,106756,112334,117597,124144,128167,141057,147960,155573,161205,172308,181281
7062,39280,44517,45709,52319,59767,68596,74019,82590,105586,107058,112184,119841,123649,128659,139871,146597,155253,161448,171926,180808
7063,39521,44982,45580,52442,60206,69017,74676,83672,89214,107471,112303,118858,123875,130079,139694,149026,155596,162088,172166,180519
7064,40630,46134,46745,52698,60562,70127,75057,82397,86992,102944,112754,119412,124077,129706,139129,148421,154524,161898,172599,181538
7065,41051,45960,46854,52574,60613,69211,75004,82262,106027,107941,115309,119178,125926,128629,139244,147246,154541,162799,174391,182229
7066,40963,45986,47440,52292,58915,70236,72471,81131,88569,96105,115568,119514,125626,128490,139848,146385,154970,163087,173733,182801
7067,40969,46051,47685,52778,60461,70207,72560,83241,89205,110172,116474,121928,122965,130598,141212,145268,153785,162160,173877,181424
7068,41362,45961,46797,52493,59675,70490,72782,84860,100651,97115,115941,121227,123103,131077,136236,147560,154303,162875,172989,181499
7069,41491,46190,47350,52830,60350,70731,75705,83997,87960,111489,119102,122182,125479,131343,136119,147161,155155,160760,172581,181925
7070,40411,45630,46600,52357,59665,68262,75114,82865,88068,95416,117371,119710,124997,130121,138009,147838,154320,161678,174690,180770
7071,40506,45818,46495,52124,58398,68011,70263,83242,107716,108907,115738,119196,123878,126665,135665,143271,153380,161090,173501,180503
7072,40006,44974,46624,52098,60553,69993,74426,85042,93320,107257,115299,117043,123693,127053,136332,146985,152601,160717,173346,182083
7073,40252,45034,46693,52725,60854,68845,74513,82639,87199,108439,113798,117152,124902,126955,135924,146233,153487,160558,173456,182134
7074,42698,46668,48475,54655,62750,71707,73419,82100,90498,98704,114681,123862,123962,127248,136130,145469,155783,161758,174600,180869
7075,42248,46912,48482,54621,62776,71253,74237,83343,112172,115228,117155,124040,125717,128894,135750,146239,153694,161514,173339,180847
7076,42443,46726,48883,54955,63490,72065,73591,83062,90212,96251,117694,123406,125407,129300,137905,145725,155813,160878,172841,180628
7077,42085,46583,49083,55106,59302,70488,73940,83788,89140,97972,118698,124086,125916,127875,135809,146290,155742,163234,172957,180521
7078,40188,44365,46099,52230,56360,67110,71143,80454,87141,112514,112424,120431,125750,127667,136119,146062,153075,159568,173332,180792
7079,40753,44627,46185,52468,59860,67433,74108,83317,88365,106037,110634,119282,123441,126410,138514,147395,152794,159307,173236,181212
7080,39856,44102,45336,49517,56149,63698,66700,77228,107056,97475,115631,114875,123123,127225,133773,148775,148875,160628,173627,180198
7081,40031,44218,45583,49596,56412,63821,68993,79501,90774,108313,112348,115418,119600,125261,135735,146552,146963,155001,172603,180583
7082,39086,44705,45777,51662,58011,65083,69628,81470,86648,95815,112720,114850,120050,126556,137566,145590,151784,156061,172331,180858
7083,39108,44760,45756,54160,58005,67549,70902,82889,93371,108089,112008,115610,120527,124303,136440,141886,149839,160378,174196,180998
7084,39616,45278,47475,55976,58923,68047,74247,83736,98325,109445,112043,116799,120788,129104,137768,142782,151908,158441,172698,175396
7085,39038,45831,46504,53208,59055,68022,70967,84379,85358,100337,114923,116769,122080,126318,136807,144345,153130,161356,170639,179485
7086,41574,47851,48434,53586,60701,69097,73568,80781,109579,106919,113957,117236,122118,126158,137809,141717,154301,161020,167022,170974
7087,41946,47747,48717,53582,61163,69084,73454,81361,87353,98412,114452,118298,122895,127792,137727,144417,153006,162808,163721,170696
7088,41205,46637,47693,52086,59157,66214,70308,81363,85528,106894,114770,115646,122750,126697,137837,144921,152363,163113,162910,177068
7089,41507,46822,47719,55640,59509,65934,72833,81988,106296,107520,111447,115162,119679,125183,138998,146727,152399,159390,166806,178021
7090,41144,46469,48023,54953,58999,64946,72126,81844,84864,94752,114099,114871,121250,127244,138550,146073,152238,161980,172976,180321
7091,41275,46307,47934,51968,58139,65739,67875,97965,86366,108388,112651,114757,120227,126267,135221,144906,153488,159401,172696,179799
7092,42625,47251,48687,52298,59225,66425,74429,83880,109303,110845,113121,117849,119968,128036,136626,145576,153540,161210,166904,181496
7093,42306,47170,48386,52325,59166,66214,69807,83836,85176,95674,115881,117206,121878,128227,136509,145265,152095,160583,173234,182234
7094,41718,46097,47738,52089,58784,64995,73132,78839,91484,109423,114185,117931,121449,128387,135269,145166,151569,159955,172115,179876
7095,41579,46111,47040,52217,58550,65726,70589,78524,108512,97583,112965,116308,121329,126901,135513,144013,152130,158601,168019,180273
7096,43123,46042,48099,52281,58120,64832,71322,77431,87122,110932,112104,116311,121276,125494,135094,143897,152553,160237,173146,180643
7097,42715,46434,47671,52385,58006,69120,67665,92656,88322,98607,113538,116180,121374,128096,135711,144873,154212,161807,173382,177887
7098,40740,44679,48571,53593,58359,65730,72094,77839,91499,115970,115022,122139,120988,128983,137711,144854,152608,160379,167036,180387
7099,40726,45306,48433,54224,57438,63593,67741,78470,116557,95591,119631,121816,125177,129496,136981,145242,149478,157627,170789,180294
7100,39373,44379,48877,51268,56083,64421,72560,107234,85249,119974,118289,123476,125088,130133,136523,144663,151277,153393,168486,179616
7101,39133,44345,48934,51106,56135,67665,69023,79624,84682,94766,120909,123332,124959,127990,137932,144586,151762,153267,170529,178602
7102,40303,45019,48083,51019,57156,64488,69939,78252,84644,94280,120217,122652,126194,126883,136910,141705,149598,153347,168353,175129
7103,40040,45115,47332,51181,57095,64541,70906,80193,117673,118629,119833,123082,125409,126870,137001,143374,150040,154138,168816,179455
7104,41621,46537,47440,53299,59989,68125,75024,83447,88251,97844,110762,126370,125741,128723,137214,143624,156712,154781,167982,178966
7105,41495,46128,47355,53194,59739,68877,75565,78221,87927,94989,113811,127236,130055,134588,142493,143415,155307,162588,170605,172112
7106,41400,44832,46819,52269,59124,68136,72827,79007,90621,120489,118438,127370,131454,132043,144137,143426,155079,161744,162092,172987
7107,41898,44847,46745,52959,59528,67803,73198,83876,89789,102824,108544,128677,133020,133118,144310,146788,155441,162945,162454,169219
7108,43481,47188,48615,52140,60801,68618,72886,88280,101350,108090,123265,135322,131640,137582,145775,146286,160396,162988,165609,170275
7109,43518,47247,48844,52453,56926,66605,71056,85449,93513,105669,120722,136178,138193,143384,146546,147978,156878,162510,168849,174516
7110,44116,47407,50158,52742,56952,65458,71129,87686,93942,103773,116445,135844,136069,141794,149992,146662,156506,163239,163648,178620
7111,44317,47436,49701,52345,56430,65349,71131,85256,91582,104315,117914,135139,136128,144580,146770,153000,156120,163673,170680,174490
7112,43319,48564,51126,53386,57793,67541,72400,89501,95558,109695,119506,138383,136089,143395,149997,148712,159262,163445,166198,178950
7113,43692,48074,51027,53436,57918,67296,71264,87646,95847,101099,118962,138046,141549,144925,150274,151684,159668,168381,172565,181808
7114,45040,49679,51905,55187,59376,67890,75330,85387,101658,106654,117356,143145,141059,144259,158756,152156,169506,166293,173822,183925
7115,46655,49712,52095,55137,55519,64507,68888,86472,90961,104389,119930,143130,148819,152122,158887,155600,169732,171786,176271,182407
7116,42173,48210,49754,55061,56255,64655,69443,84738,91815,102227,114517,141167,148178,151974,153999,155972,161158,171505,174454,185371
7117,42483,48312,51185,55271,56472,64208,69344,84792,92000,104476,115601,127197,145574,146494,154186,165218,162434,164306,175655,184744
7118,45166,48653,51112,56444,60688,67506,72879,86278,90786,107924,116422,129925,146563,147632,156360,159896,166609,169957,175856,186117
7119,45556,48816,52419,56618,60969,67500,73414,80158,91309,108291,118054,124016,150886,154034,155643,155431,167153,170930,177149,184860
7120,47914,51452,50030,57104,59450,69076,72649,85665,93177,103078,114053,123924,147227,154768,156931,159779,168949,167648,178501,186911
7121,47960,51199,50296,57193,59690,69100,71565,85474,92142,100370,112652,124011,147250,153297,156389,165273,162520,172089,183699,188631
7122,49031,53464,54107,59382,59586,74224,77383,83643,95095,105426,113198,124433,148943,154239,160738,160342,168503,172095,178417,181637
7123,49314,53674,54190,58388,59511,67617,77543,83829,95107,102697,115869,119637,153871,161082,161662,161954,168989,175209,176469,182869
7124,48711,51840,53412,56732,60336,67698,75932,85676,94824,103880,111827,125401,154478,155942,166053,162349,170908,171303,176053,185205
7125,48449,51768,53732,57373,60278,67807,73422,84801,93099,102702,112507,121527,140483,159422,166382,166243,170742,176458,176634,185766
7126,50778,54013,58740,62456,65908,71438,77066,92376,101945,110173,112295,170560,134329,159304,178790,162433,184965,176260,177198,183066
7127,49973,53846,58867,62374,64598,71437,72321,85974,95486,103313,118184,127281,142386,171396,172937,166911,181111,187017,180173,184544
7128,54158,57646,62220,67143,68635,71610,74139,86019,93756,103829,111273,122570,135538,171598,180185,166748,186811,182954,180119,188226
7129,53874,57719,62244,65427,68836,71534,74121,84712,90129,102340,114241,124291,139924,149363,180819,181660,187538,188142,185537,188745
7130,56139,56979,59447,65955,68510,73286,75043,81696,91042,100931,113464,124230,134141,140911,180827,173800,189485,188085,179683,186974
7131,56294,56616,60033,66023,66959,73337,75118,81476,89532,98854,113937,120218,129612,142730,181028,179627,189546,190724,180335,187504
7132,56320,58506,58229,64193,65232,72408,74671,81683,87154,96003,113414,121068,129627,179628,164055,180021,185621,190955,182174,200628
7133,56543,58651,61078,65159,65765,72605,74728,81825,100164,96338,113691,121054,129785,146385,158001,182240,187159,188360,196425,200550
7134,56631,59273,60969,65762,66962,72410,74549,81977,92073,152846,114026,123608,130145,140679,155668,182466,188383,188800,191069,200719
7135,56319,59107,60721,64441,66108,71601,73745,82078,91147,102316,117299,117264,132398,142902,155409,179984,186876,188838,194285,197761
7136,56368,57924,58127,65660,66517,72276,73163,81265,86624,100677,112861,121121,132149,142772,153207,179977,185169,188866,193800,196978
7137,56810,58962,58088,65965,66588,71048,73647,80892,136445,102673,112928,124730,131505,139525,150624,182225,185607,184324,196509,198241
7138,56419,59495,57786,64277,65917,69395,75872,80977,92034,96596,112781,122726,176970,139674,156179,181592,193346,185029,200110,193702
7139,54281,57095,57967,64373,66126,71309,71997,82259,91096,96949,113069,123041,140646,143394,156586,177765,189541,194490,192899,194285
7140,53932,55841,59803,63114,66183,69493,70885,82441,88060,94973,112978,117468,132085,142374,150542,178176,177376,194538,193268,196394
7141,53846,56478,61550,62898,66205,70170,74448,82011,87985,94806,110016,119798,129769,139472,150371,188614,183049,185017,195335,196568
7142,54943,57923,59665,63149,64265,68667,73521,81705,92995,97596,111945,158019,131592,176615,174071,168511,180159,184563,194905,192901
7143,54870,57422,59722,63055,64407,68933,73530,83293,89567,124016,111159,128670,131138,147607,161320,154044,180216,182030,190367,192782
7144,52112,52511,60723,64958,65212,70072,74693,82989,89212,99826,110735,125405,131097,136262,153921,160811,184205,182956,190884,201357
7145,52206,55219,60901,63719,65706,69207,74700,81394,87754,94908,116566,125208,135775,142243,153426,174795,183698,187591,202799,202884
7146,50240,55081,61664,62838,65966,69858,73900,78912,87114,96335,113293,121585,135609,141916,148210,168948,177782,187295,196980,191918
7147,50190,54727,60422,63133,65697,69154,73848,81041,112102,152080,113680,122123,129967,138912,157840,165637,180656,182324,185930,191124
7148,52802,58333,59983,63135,65346,69437,72214,81949,89272,101843,118516,123522,136002,140194,156726,165332,175605,184753,189500,190530
7149,52843,58282,60646,63579,66419,69903,72441,81820,89783,104631,115786,126764,136737,164535,157092,159505,178377,183364,189108,190679
7150,51555,57146,59417,64121,64245,69088,72134,81603,86925,101452,121065,121484,137117,148118,150668,172694,175528,182660,190774,198749
7151,51832,56627,60138,63657,64183,70369,74661,83263,89638,103589,115869,125992,132892,142469,158679,167909,176091,177882,194696,198582
7152,49994,52839,57523,61469,64170,68372,74409,82325,115499,96123,116089,120394,136031,142929,154888,167377,169414,177577,194543,191219
7153,50257,53450,57664,61820,64235,69236,77599,82909,90999,95298,114126,124561,133857,139427,154978,162415,168462,173758,188086,197920
7154,51065,55141,58855,60373,62018,68580,74430,80604,85162,91350,113943,115886,133629,145458,144870,167545,160645,178498,188441,197316
7155,51720,55190,58534,60474,61005,71548,74976,82832,87047,101204,106562,124816,127506,135571,153496,162995,163186,168391,188823,198264
7156,48420,55337,56733,59123,59979,71488,74000,81605,87694,97477,113734,120612,131209,145573,149615,166402,160910,168674,195667,191904
7157,48356,55358,56595,59989,63411,72749,74017,81548,131906,102680,112633,120845,130331,143341,149657,156744,162372,167462,188667,190933
7158,44411,50472,51894,53639,61392,69109,71567,80529,85130,111511,111007,113924,140937,143593,139509,158371,154746,168376,188695,190674
7159,44595,50864,52437,53957,65473,66936,72180,80045,85199,99384,103402,130569,124968,133177,143528,155466,159107,162501,182567,190944
7160,41371,44319,47300,49436,57869,68726,72878,79068,86068,93773,123160,122977,134279,136247,143345,155129,157475,164218,189848,182040
7161,41489,44263,49065,49492,58177,68004,71924,79150,86573,120390,107522,123347,126900,135715,144117,146645,156940,163553,176353,183713
7162,40325,45033,49145,50296,61995,70625,74331,87557,87448,99506,120465,125129,127127,131916,142287,146376,157910,162853,179809,182814
7163,40837,45065,48981,50440,62193,70542,74511,83732,120490,99712,110150,126233,130610,135120,146240,148993,159243,164263,177089,185415
7164,36593,46363,47587,49495,57030,65383,70916,80414,85763,113233,121769,118118,131129,135718,142023,149881,156198,164787,175531,180789
7165,36486,42366,46722,49178,56771,69299,70251,81032,85768,101005,104968,117732,122555,128889,138943,149497,156329,163239,174694,183075
7166,35955,45051,46873,48863,57652,69487,72759,104905,87289,93491,114103,120113,124412,130514,140245,150089,154876,162814,175451,182529
7167,38815,45079,47129,48980,57850,66637,71878,84903,96626,114236,118173,120709,123226,129574,138436,145535,155325,163051,173020,181236
7168,38707,45963,46811,47504,59879,67267,72620,79912,88046,97835,118945,123548,123672,129415,141455,148943,155847,159608,175395,184107
7169,38778,46242,47000,49097,60094,67106,73004,82456,115079,116431,106086,123650,128374,132960,141774,147763,153554,163011,176474,184575
7170,39361,42872,47761,49066,59616,67014,69030,85956,91763,96604,116496,122821,129700,133334,139087,147567,154445,163133,175284,180629
7171,39484,42715,47633,48270,59295,67136,68676,80857,88716,94551,120139,121990,128344,131056,139683,147258,154364,161340,169116,182359
7172,40557,44440,47837,48993,59511,69783,70048,79293,85998,113859,108918,119118,128644,131812,140249,146108,153095,160057,176327,181164
7173,40645,44532,47970,52999,58537,69393,74513,79618,86211,96295,115407,120023,123603,129746,140531,146413,154348,159013,175512,182391
7174,39117,45522,50734,55291,58417,69373,75971,81633,119227,120026,118332,123539,124018,130285,141130,145048,156464,163333,176892,182094
7175,37786,45443,50811,51659,58403,69180,73713,81702,86470,100394,111646,123120,126846,133173,140131,145146,155616,163530,175068,181132
7176,36089,45650,47354,48896,55059,65846,70135,78800,85890,99833,121609,122394,128289,130832,137986,146146,152287,163007,175016,180894
7177,36097,45763,47585,49021,55059,64939,70653,81284,89014,102208,107864,121367,125643,126543,138195,145299,149499,158756,172539,182024
7178,38007,46515,48364,48779,57662,65315,67855,84868,86942,107532,119823,121492,126097,129238,136369,148171,151920,158407,172671,180079
7179,38563,46912,48117,49474,57562,66189,68447,78179,116634,103071,111094,122086,124053,130455,136597,141949,152318,158976,173590,180882
7180,38775,48498,49635,50608,58969,65850,69553,118169,93791,97887,112887,124479,124616,129638,138971,143273,155890,158314,174079,182844
7181,38887,48368,49847,51041,59333,65426,70400,84140,84261,119418,120128,125172,127513,132515,139423,142804,155746,162102,173937,182508
7182,40312,48356,49636,50400,59223,65792,68911,78941,84562,97649,111108,123505,128206,129382,139649,142191,154166,159128,174136,181234
7183,40268,48268,49767,51607,59367,65981,68719,79065,106869,98318,106054,123548,126421,130509,138255,145516,154707,160925,172335,181792
7184,41620,50011,51106,50660,60921,68954,73849,82303,88858,119493,118335,126576,126892,131030,139357,145439,155631,158791,168402,177645
7185,41636,50280,50996,50602,59879,69190,72972,81056,86886,99742,119869,126200,129234,132421,138992,143834,154755,163708,166854,180415
7186,42446,45883,51264,52940,59591,65681,72327,80043,92751,102325,105093,126303,128841,131995,143582,143921,157052,163819,165225,179335
7187,40978,45537,51388,53029,59382,66990,70475,80241,103818,96584,123532,126821,130638,133043,143594,147280,157310,164638,171692,181740
7188,37434,42950,47724,48038,55794,59540,64612,79088,85248,104948,110669,120356,127779,133417,137985,149133,152862,164199,172184,181512
7189,37809,43444,47981,48458,56733,64112,69888,79865,86636,102201,117080,121246,122630,127451,138159,149056,155237,162520,170675,181791
7190,36604,40617,47264,48242,54820,63480,71052,78987,114438,114438,116823,118070,124474,131535,137886,149741,153847,161606,171056,181053
7191,36643,40524,47197,45932,54737,61846,69151,79415,91670,98850,105636,121044,126074,130950,137626,144190,155497,159639,173284,182855
7192,37428,40736,46695,47719,54737,61970,68631,114978,86100,95435,114751,118210,125151,130666,139623,148084,154520,160616,171660,183552
7193,36686,40730,46718,47611,55245,62223,69349,80658,86386,116299,117819,118629,123011,130118,138589,147924,154528,161868,175086,182411
7194,37470,42944,44262,46156,56400,60892,70077,75557,113429,92248,116467,118500,123259,130514,137476,146456,152794,160464,174930,179482
7195,37061,42804,46381,47658,56293,60677,72070,78100,86125,113496,114030,118174,121082,130749,138444,146336,152823,158898,169646,181372
7196,39798,43340,43701,46832,53883,58042,69517,77656,83901,95994,116334,117271,123523,130483,137897,147981,149351,159044,172870,180495
7197,37056,43458,43744,45564,52767,63294,70144,76944,94560,112628,117032,117559,120025,125738,138020,143649,149862,150516,170890,180656
7198,37472,42702,44983,48311,52985,63116,72522,80122,89541,98329,105675,118491,120635,126185,139201,143591,152175,152426,170720,181626
7199,41061,43232,45985,48008,53436,62077,72028,114810,114810,115222,117854,119332,124787,129357,138905,142430,152611,157596,172623,181419
7200,116,117,117,117,117,117,118,118,118,118,118862,118,125545,130810,118,142507,118,158502,173252,179268
7201,36323,42768,43458,44496,47123,50443,60033,74586,81097,87794,118,105087,118,118,127777,144656,129521,118,168177,175704
7202,40179,42778,45752,59183,70348,88603,105071,115398,115596,115849,96214,119380,112938,115642,138237,145230,155542,129724,168093,175401
